{"type":"FeatureCollection","crs":{"type":"name","properties":{"name":"urn:ogc:def:crs:OGC:1.3:CRS84"}},"features":[{"type":"Feature","properties":{"height":9.6,"gml_id":"bldg_2df4fc0e-128e-4188-9b2d-27c5f6b92083"},"geometry":{"type":"Polygon","coordinates":[[[139.91266986272493,35.698227437286405],[139.9127088582938,35.698327553673906],[139.9126117524814,35.698352495451026],[139.9125839457126,35.69828076478992],[139.91258844619605,35.69825038569171],[139.91266986272493,35.698227437286405]]]}},{"type":"Feature","properties":{"height":8.9,"gml_id":"bldg_f8ca355e-a55e-48e9-a4a5-a20c2ec9d3b7"},"geometry":{"type":"Polygon","coordinates":[[[139.91312392780748,35.697023809430874],[139.91314938233847,35.6970636330733],[139.91307272820353,35.69709622330203],[139.91304727378989,35.697056489780444],[139.91312392780748,35.697023809430874]]]}},{"type":"Feature","properties":{"height":2.0,"gml_id":"bldg_8475bd84-2248-480b-bba1-bf14589e89f1"},"geometry":{"type":"Polygon","coordinates":[[[139.91529534426385,35.69766583794287],[139.91528284400636,35.69765241605441],[139.91537825554795,35.69759322125066],[139.91539075581215,35.697606643129326],[139.91529534426385,35.69766583794287]]]}},{"type":"Feature","properties":{"height":2.7,"gml_id":"bldg_bddc3ba9-e765-4f9e-a7ca-0b544018bfd2"},"geometry":{"type":"Polygon","coordinates":[[[139.91655303599993,35.69860203822246],[139.91653699465843,35.69858411207003],[139.91657984269224,35.698558573704865],[139.9165958841319,35.698576589988484],[139.91655303599993,35.69860203822246]]]}},{"type":"Feature","properties":{"height":7.5,"gml_id":"bldg_a8149140-0977-480d-8be5-2667267dd1c3"},"geometry":{"type":"Polygon","coordinates":[[[139.91446440622622,35.69605276972188],[139.91452576783976,35.696087521205534],[139.9145139585337,35.69610132012056],[139.91454900659363,35.69612121674117],[139.91451313749025,35.69616342501917],[139.9144167276936,35.696108686743784],[139.91446440622622,35.69605276972188]]]}},{"type":"Feature","properties":{"height":10.5,"gml_id":"bldg_0332e1c8-e9b6-42ab-844b-edbdcc3956cf"},"geometry":{"type":"Polygon","coordinates":[[[139.91359764767557,35.69846649623452],[139.91362656422524,35.698542011667946],[139.91354591881486,35.69856261664608],[139.91351700233366,35.69848710119344],[139.91359764767557,35.69846649623452]]]}},{"type":"Feature","properties":{"height":10.1,"gml_id":"bldg_5e5df84a-234f-4343-bc2d-d73a689f9ad3"},"geometry":{"type":"Polygon","coordinates":[[[139.91255423340345,35.6976230553572],[139.91258535001674,35.697689826324144],[139.9125262505086,35.69770816301173],[139.91249513402647,35.6976414821665],[139.91255423340345,35.6976230553572]]]}},{"type":"Feature","properties":{"height":9.1,"gml_id":"bldg_8c9c0b9e-10f6-4a0c-ab26-a0919569132f"},"geometry":{"type":"Polygon","coordinates":[[[139.91436163670937,35.698777227079496],[139.91431115311573,35.6987927645967],[139.91427748717615,35.698720136905656],[139.91432797073062,35.69870459940244],[139.91436163670937,35.698777227079496]]]}},{"type":"Feature","properties":{"height":6.3,"gml_id":"bldg_ce7ac527-d4c8-4961-9a24-614c257b4ab1"},"geometry":{"type":"Polygon","coordinates":[[[139.9145052973978,35.69911261978704],[139.91457558105824,35.6991168088052],[139.91457230475888,35.699155029055696],[139.9145019106542,35.699150930247015],[139.9145052973978,35.69911261978704]]]}},{"type":"Feature","properties":{"height":9.6,"gml_id":"bldg_4ae209d3-2104-4141-b0d2-4d1fe3cace95"},"geometry":{"type":"Polygon","coordinates":[[[139.9143482956947,35.69618462811381],[139.9144714583304,35.69625142676235],[139.91443272155772,35.69629895502717],[139.9143095588811,35.69623215633957],[139.9143482956947,35.69618462811381]]]}},{"type":"Feature","properties":{"height":9.9,"gml_id":"bldg_b23d7b16-ddc2-47ec-a5b5-252ab06e96d2"},"geometry":{"type":"Polygon","coordinates":[[[139.91376573018127,35.698256365070314],[139.9137829089835,35.69830728093809],[139.9137971473807,35.69840110393148],[139.91374102762964,35.69841592388263],[139.91368596964483,35.69827751037316],[139.91376573018127,35.698256365070314]]]}},{"type":"Feature","properties":{"height":10.2,"gml_id":"bldg_45593a07-b148-4657-b610-504a30750092"},"geometry":{"type":"Polygon","coordinates":[[[139.9130659357979,35.69682203129416],[139.91310720703942,35.69687734801973],[139.91304436401876,35.69690848688709],[139.9130030928045,35.69685317014024],[139.9130659357979,35.69682203129416]]]}},{"type":"Feature","properties":{"height":2.4,"gml_id":"bldg_bf9905e6-08d3-4689-b8a3-278cbda3010f"},"geometry":{"type":"Polygon","coordinates":[[[139.9158286833823,35.698694566587015],[139.9158138597432,35.69867862251547],[139.9158438970339,35.698660033730434],[139.91585872067554,35.69867597779834],[139.9158286833823,35.698694566587015]]]}},{"type":"Feature","properties":{"height":3.0,"gml_id":"bldg_358f4ae8-2520-4aaf-aea8-60fb6138df2e"},"geometry":{"type":"Polygon","coordinates":[[[139.91327513393287,35.698757523118424],[139.91330312928815,35.69872406283474],[139.91335655563148,35.698753808558315],[139.9133285613932,35.69878726885351],[139.91327513393287,35.698757523118424]]]}},{"type":"Feature","properties":{"height":7.6,"gml_id":"bldg_68bfc771-f94a-47ad-b9ab-9fb9c7b78ac9"},"geometry":{"type":"Polygon","coordinates":[[[139.91269980515565,35.69833558182724],[139.91271885779693,35.69838244045071],[139.9127074792165,35.698385512608766],[139.91271567631233,35.6984056978684],[139.91263679953684,35.698427022166776],[139.91260954995354,35.698360068401044],[139.91269980515565,35.69833558182724]]]}},{"type":"Feature","properties":{"height":9.5,"gml_id":"bldg_84975d12-fd83-475f-a220-0131a51eeae2"},"geometry":{"type":"Polygon","coordinates":[[[139.91621340714266,35.696730850102405],[139.91633790880638,35.696807921520495],[139.9162876876032,35.69686185801693],[139.91616329630943,35.69678469633476],[139.91621340714266,35.696730850102405]]]}},{"type":"Feature","properties":{"height":9.1,"gml_id":"bldg_c8da33b1-8021-4af3-9110-968d0f7e0ef4"},"geometry":{"type":"Polygon","coordinates":[[[139.91320971523365,35.696731438505005],[139.9132813377489,35.69675068025944],[139.91327527533332,35.69676573715158],[139.91328168588947,35.69676735535873],[139.91326801766633,35.696801075644345],[139.9132376223603,35.69679298350133],[139.9132397168048,35.69678793444347],[139.9131920789108,35.69677507647658],[139.91320971523365,35.696731438505005]]]}},{"type":"Feature","properties":{"height":15.2,"gml_id":"bldg_6f89575a-3340-48e6-aa8f-0c03b3f86abb"},"geometry":{"type":"Polygon","coordinates":[[[139.9163402841931,35.696327760497134],[139.91623970243694,35.69640724044352],[139.91605100971458,35.696230701877404],[139.916202630534,35.69614055080354],[139.91622442392546,35.69616496290636],[139.91627179847958,35.696136807553366],[139.91629093695025,35.69615833709161],[139.91625847058236,35.696177738900985],[139.91631267758154,35.69623845383606],[139.91627855455357,35.696258668024925],[139.9163402841931,35.696327760497134]]]}},{"type":"Feature","properties":{"height":2.1,"gml_id":"bldg_78014888-16bf-4de5-89fa-ec259742ec3e"},"geometry":{"type":"Polygon","coordinates":[[[139.91530895155665,35.697681242088066],[139.91529645138672,35.6976679103379],[139.91539186284436,35.69760862538664],[139.91540436311323,35.69762204726387],[139.91530895155665,35.697681242088066]]]}},{"type":"Feature","properties":{"height":6.5,"gml_id":"bldg_19aa8e1b-e09a-4507-a716-e1c245a01b40"},"geometry":{"type":"Polygon","coordinates":[[[139.91483509494662,35.69471804190218],[139.9148572243428,35.69474768197448],[139.91481702392602,35.694767539321695],[139.91479500503533,35.69473789916734],[139.91483509494662,35.69471804190218]]]}},{"type":"Feature","properties":{"height":5.1,"gml_id":"bldg_63429f93-d888-47ef-8927-d2509dc1f337"},"geometry":{"type":"Polygon","coordinates":[[[139.91603575196083,35.69493769799477],[139.91606517862843,35.694971208718705],[139.91596910457432,35.69502733988904],[139.91593967792616,35.69499382914192],[139.91603575196083,35.69493769799477]]]}},{"type":"Feature","properties":{"height":7.3,"gml_id":"bldg_8ff11917-dd9d-40b5-aa0d-564b9d46a3ee"},"geometry":{"type":"Polygon","coordinates":[[[139.91302354339803,35.697305734064074],[139.91306349478512,35.69736700071002],[139.91301368092283,35.69738866655277],[139.91297372956296,35.69732739989048],[139.91302354339803,35.697305734064074]]]}},{"type":"Feature","properties":{"height":8.2,"gml_id":"bldg_f7f47f39-bd8a-44a7-a1e9-cc1bc5ac18ad"},"geometry":{"type":"Polygon","coordinates":[[[139.9149963826961,35.69977605561363],[139.9150577092257,35.69977340002333],[139.91506074183297,35.699821440918655],[139.91507311772247,35.699820981830925],[139.91507547711018,35.69985901798965],[139.91500177461955,35.69986213267072],[139.9149963826961,35.69977605561363]]]}},{"type":"Feature","properties":{"height":8.9,"gml_id":"bldg_d3d22fd9-6c4e-4fd5-9db9-4df4afff717e"},"geometry":{"type":"Polygon","coordinates":[[[139.91290082093326,35.6969038045967],[139.91294566081243,35.6968808801719],[139.91298261545384,35.69692907897781],[139.91293777555833,35.696952003416214],[139.91290082093326,35.6969038045967]]]}},{"type":"Feature","properties":{"height":4.3,"gml_id":"bldg_e245b6ac-4859-4a22-9a54-345a03ba9ffe"},"geometry":{"type":"Polygon","coordinates":[[[139.91544398653807,35.6945588068072],[139.91545527199293,35.6945733111583],[139.91543152803484,35.69458567611649],[139.91542013208667,35.69457117183851],[139.91544398653807,35.6945588068072]]]}},{"type":"Feature","properties":{"height":9.2,"gml_id":"bldg_1b2a8446-07fa-4041-9c46-7549e06eb564"},"geometry":{"type":"Polygon","coordinates":[[[139.91272361156862,35.69704687875341],[139.91272909087778,35.69700081517442],[139.9127446640315,35.6969935038115],[139.91273857790654,35.69698476454522],[139.91278872121237,35.69696120572222],[139.9128282247937,35.69701697439356],[139.91273379188874,35.69706138318122],[139.91272361156862,35.69704687875341]]]}},{"type":"Feature","properties":{"height":2.3,"gml_id":"bldg_98cca8d3-2b4d-4cf0-b332-37792c6436ed"},"geometry":{"type":"Polygon","coordinates":[[[139.91500841234412,35.69867754925341],[139.91499723808658,35.69866421657479],[139.91516908055758,35.6985682843539],[139.91518025483023,35.69858161701674],[139.91500841234412,35.69867754925341]]]}},{"type":"Feature","properties":{"height":8.6,"gml_id":"bldg_a2c4cbeb-7fba-4495-a3ab-0075d832adda"},"geometry":{"type":"Polygon","coordinates":[[[139.91281940879367,35.69715245600169],[139.91284618849255,35.697191557737085],[139.9127500971845,35.697235247437845],[139.91272331751782,35.69719614568133],[139.91281940879367,35.69715245600169]]]}},{"type":"Feature","properties":{"height":5.7,"gml_id":"bldg_32ed3774-bd9a-4300-b9d8-caa64ee16127"},"geometry":{"type":"Polygon","coordinates":[[[139.9161128018675,35.694863552464504],[139.91614167363576,35.6948947199911],[139.91607508671686,35.69493577808874],[139.91604621495966,35.69490461054638],[139.9161128018675,35.694863552464504]]]}},{"type":"Feature","properties":{"height":9.5,"gml_id":"bldg_890eadf8-14bd-453c-bb30-e79bfbffb9de"},"geometry":{"type":"Polygon","coordinates":[[[139.91442586172016,35.69989181651562],[139.91443068098994,35.69995860469202],[139.9143844928864,35.69996088922304],[139.9143797841582,35.699894100970354],[139.91442586172016,35.69989181651562]]]}},{"type":"Feature","properties":{"height":7.4,"gml_id":"bldg_34eb2654-4de1-4a13-9e92-cd93adf5f5fe"},"geometry":{"type":"Polygon","coordinates":[[[139.91565572875035,35.6953425832208],[139.91568382564606,35.69537240023186],[139.91566019439142,35.69538710781562],[139.91564050453084,35.695366299646636],[139.91560075117064,35.69539120461662],[139.91559234423445,35.69538228680458],[139.91565572875035,35.6953425832208]]]}},{"type":"Feature","properties":{"height":10.0,"gml_id":"bldg_8591031b-73cf-49ef-8b44-c26a204b563d"},"geometry":{"type":"Polygon","coordinates":[[[139.91462063969536,35.6993086798116],[139.91467578397,35.699312157898596],[139.914671738038,35.69935416441964],[139.91461659364316,35.699350596194044],[139.91462063969536,35.6993086798116]]]}},{"type":"Feature","properties":{"height":9.5,"gml_id":"bldg_66a17c3d-62bb-4a02-b04f-5a4a64f540bf"},"geometry":{"type":"Polygon","coordinates":[[[139.913329429174,35.69400895293431],[139.9132246409953,35.69385930502617],[139.91333497418051,35.6938079438187],[139.91342570962178,35.69393759057657],[139.91344349102516,35.69392928614408],[139.9134652895558,35.69396027875124],[139.91345082146682,35.69396704865342],[139.91347405870115,35.69400029372537],[139.91336041210653,35.69405327972684],[139.9133448100508,35.69403102626815],[139.913329429174,35.69400895293431]]]}},{"type":"Feature","properties":{"height":8.4,"gml_id":"bldg_9b415950-f7f8-49db-9978-301054f52933"},"geometry":{"type":"Polygon","coordinates":[[[139.9140942457606,35.696389319514076],[139.91414974869045,35.69642173155778],[139.91408639519648,35.696493793477885],[139.91403089215143,35.69646129126852],[139.9140942457606,35.696389319514076]]]}},{"type":"Feature","properties":{"height":10.5,"gml_id":"bldg_3629c356-b6a0-4304-a601-3597946caf60"},"geometry":{"type":"Polygon","coordinates":[[[139.91348608379556,35.69884018799479],[139.91352064842485,35.698928138578616],[139.91341470468836,35.69895579099507],[139.91338025057507,35.69886775017078],[139.91348608379556,35.69884018799479]]]}},{"type":"Feature","properties":{"height":20.9,"gml_id":"bldg_f2450887-eb81-4251-975c-f2aeb133aae6"},"geometry":{"type":"Polygon","coordinates":[[[139.9151155342189,35.69828952732807],[139.91519961909094,35.69839132486455],[139.91513445986914,35.69842706337236],[139.91516101303134,35.69845922419653],[139.91513759993313,35.69847212968595],[139.91511082558952,35.69843978873316],[139.9148068958728,35.69860674808217],[139.9148379851196,35.69864440425684],[139.91481103770056,35.69865911481329],[139.91477972718278,35.6986211883708],[139.91466232947562,35.69868562548752],[139.91457868743885,35.69858427796607],[139.9151155342189,35.69828952732807]]]}},{"type":"Feature","properties":{"height":3.8,"gml_id":"bldg_bffde7de-fd30-46ad-bd8a-14dc9e1fc92a"},"geometry":{"type":"Polygon","coordinates":[[[139.9131549349862,35.69520635792519],[139.9131741883744,35.69523338624039],[139.9131638066162,35.69523835065759],[139.91318128946003,35.69526276617426],[139.9130875219793,35.69530735598484],[139.91306660890663,35.69527807533181],[139.91307864741086,35.69527238872996],[139.9130628242016,35.69525013538585],[139.9131549349862,35.69520635792519]]]}},{"type":"Feature","properties":{"height":6.4,"gml_id":"bldg_fcf7025e-c44b-4e8e-b627-5d7f9ee5f82c"},"geometry":{"type":"Polygon","coordinates":[[[139.9161196322295,35.696340621754146],[139.91617537297415,35.69638853625123],[139.91613750194003,35.69641749626065],[139.91608176129094,35.69636967188312],[139.9161196322295,35.696340621754146]]]}},{"type":"Feature","properties":{"height":9.0,"gml_id":"bldg_6d52ee7b-e499-4746-a70a-bcc8ac065d0f"},"geometry":{"type":"Polygon","coordinates":[[[139.91340513604143,35.69833763854633],[139.91344978248048,35.698452082698815],[139.91340515160584,35.69846374005485],[139.91336360718026,35.69835722587066],[139.91336845914105,35.69834712731219],[139.91340513604143,35.69833763854633]]]}},{"type":"Feature","properties":{"height":7.3,"gml_id":"bldg_ca9078e4-9832-45a2-8959-33138fb103be"},"geometry":{"type":"Polygon","coordinates":[[[139.91484524285303,35.69567790334782],[139.91494848258768,35.6958207905763],[139.91485626213284,35.695865110300566],[139.91475302241363,35.695722132857064],[139.91484524285303,35.69567790334782]]]}},{"type":"Feature","properties":{"height":10.4,"gml_id":"bldg_99107b25-b053-42b4-9218-ec37a113b59f"},"geometry":{"type":"Polygon","coordinates":[[[139.91416919822237,35.69992714253283],[139.91422237105058,35.69994765801988],[139.91418916734256,35.7000049172422],[139.91413599448475,35.699984401740714],[139.91416919822237,35.69992714253283]]]}},{"type":"Feature","properties":{"height":2.2,"gml_id":"bldg_3e62d428-930b-4659-b640-8d424cb47fb7"},"geometry":{"type":"Polygon","coordinates":[[[139.91489447594014,35.6982344233938],[139.9149057610804,35.6982482066923],[139.91473170776675,35.69834296825753],[139.91472042264303,35.6983291849429],[139.91489447594014,35.6982344233938]]]}},{"type":"Feature","properties":{"height":9.3,"gml_id":"bldg_13756658-131f-4800-ac68-cb3ab2cf4a76"},"geometry":{"type":"Polygon","coordinates":[[[139.91265216629438,35.69754150709953],[139.9126121911353,35.697455993505145],[139.91265217985702,35.69744361840511],[139.91269215505258,35.69752913198634],[139.91265216629438,35.69754150709953]]]}},{"type":"Feature","properties":{"height":5.3,"gml_id":"bldg_c81acdcc-1120-457b-afc2-0486279c7593"},"geometry":{"type":"Polygon","coordinates":[[[139.91538977363027,35.69470630782721],[139.91543667246282,35.69475359774852],[139.9153842223477,35.69478833623595],[139.91533721293732,35.69474095623284],[139.91538977363027,35.69470630782721]]]}},{"type":"Feature","properties":{"height":1.7,"gml_id":"bldg_d6a9fd61-102b-4100-9c99-453633d4f1b6"},"geometry":{"type":"Polygon","coordinates":[[[139.91571851375687,35.6984802063717],[139.91570813359044,35.69848697374261],[139.91569696128244,35.69847562413892],[139.9157074518569,35.698468766556516],[139.91571851375687,35.6984802063717]]]}},{"type":"Feature","properties":{"height":9.1,"gml_id":"bldg_1b52c74a-8697-496c-ba3c-a18b19d4ac3f"},"geometry":{"type":"Polygon","coordinates":[[[139.91530267331964,35.695433501907736],[139.91534096224098,35.69548909032125],[139.91527370101502,35.69551996295742],[139.91523530162843,35.69546437459793],[139.91530267331964,35.695433501907736]]]}},{"type":"Feature","properties":{"height":7.4,"gml_id":"bldg_f6555d7e-3071-4877-9eb5-a26fd63284de"},"geometry":{"type":"Polygon","coordinates":[[[139.91252483094493,35.69783705972268],[139.91254908018445,35.69788725002372],[139.91254101614686,35.69788977916354],[139.91255862191795,35.697926363160896],[139.9124671564363,35.69795571781872],[139.9124402495181,35.697899760486386],[139.91250918007427,35.69787772176247],[139.9124942320473,35.697846904771794],[139.91252483094493,35.69783705972268]]]}},{"type":"Feature","properties":{"height":7.7,"gml_id":"bldg_ff721390-c178-488b-a8be-626fd1b6a568"},"geometry":{"type":"Polygon","coordinates":[[[139.91279279631817,35.69672495416297],[139.91281979354903,35.696760720697405],[139.91277870842973,35.69678138917471],[139.9127517112102,35.696745622631184],[139.91279279631817,35.69672495416297]]]}},{"type":"Feature","properties":{"height":2.0,"gml_id":"bldg_6fc446ae-5cdd-405e-88b7-da023e49ee20"},"geometry":{"type":"Polygon","coordinates":[[[139.91481415336327,35.69759414522986],[139.9148285094736,35.69758539223139],[139.91490063572257,35.69766412303674],[139.9148861691059,35.69767287611855],[139.91481415336327,35.69759414522986]]]}},{"type":"Feature","properties":{"height":7.6,"gml_id":"bldg_2b581b11-08de-4f82-aeb8-9b6c0493a050"},"geometry":{"type":"Polygon","coordinates":[[[139.915881093937,35.69583142177595],[139.9159100881706,35.69587394652248],[139.91581289560452,35.69591809011577],[139.91578390140646,35.69587556534607],[139.915881093937,35.69583142177595]]]}},{"type":"Feature","properties":{"height":5.1,"gml_id":"bldg_177f69d8-5ada-456b-a102-2904ab8d5089"},"geometry":{"type":"Polygon","coordinates":[[[139.91486806969093,35.69650101833911],[139.91495399612572,35.69656874307457],[139.91491093865415,35.6966050974418],[139.91482501221665,35.69653737267602],[139.91486806969093,35.69650101833911]]]}},{"type":"Feature","properties":{"height":8.6,"gml_id":"bldg_d2c56d40-2ff8-4d28-a72b-6b89101e0208"},"geometry":{"type":"Polygon","coordinates":[[[139.9137375960859,35.69984090020277],[139.91382394787288,35.69988942626725],[139.91379370585054,35.69992514068794],[139.91370735413375,35.6998767047389],[139.9137375960859,35.69984090020277]]]}},{"type":"Feature","properties":{"height":5.7,"gml_id":"bldg_40edc798-bd2e-4006-a518-02a47f0b638c"},"geometry":{"type":"Polygon","coordinates":[[[139.9134065566819,35.699655846323104],[139.913588905508,35.69973869407687],[139.91340696416833,35.70001036610111],[139.9132243164162,35.69992738216744],[139.9132869116553,35.69983391463714],[139.91327388636947,35.69982810675553],[139.91338692250338,35.6996613631402],[139.91339884183074,35.69966736644106],[139.9134065566819,35.699655846323104]]]}},{"type":"Feature","properties":{"height":9.6,"gml_id":"bldg_5321b95a-e57c-4ed9-8706-827c101495d2"},"geometry":{"type":"Polygon","coordinates":[[[139.91283807195035,35.696695810042314],[139.91287059771489,35.69673517839086],[139.91283183372485,35.69675647631113],[139.9127993079707,35.69671710795224],[139.91283807195035,35.696695810042314]]]}},{"type":"Feature","properties":{"height":9.8,"gml_id":"bldg_7386cf71-c9e5-45c7-9f2b-1b211275d939"},"geometry":{"type":"Polygon","coordinates":[[[139.91349960430009,35.69788580952067],[139.91351596107424,35.69788850273353],[139.913569075967,35.697963010561075],[139.9135412454413,35.69797862279261],[139.91347398253453,35.6979001583492],[139.91349960430009,35.69788580952067]]]}},{"type":"Feature","properties":{"height":5.3,"gml_id":"bldg_4eff0cbe-2ee2-499f-93b1-2ebce758b9c7"},"geometry":{"type":"Polygon","coordinates":[[[139.91613606205794,35.69587974033389],[139.9161816456484,35.69593631496368],[139.91613194905017,35.69596284941449],[139.91608647607046,35.69590636482702],[139.91613606205794,35.69587974033389]]]}},{"type":"Feature","properties":{"height":7.2,"gml_id":"bldg_99f02b42-8c8d-42b2-96c1-dcc5e434549a"},"geometry":{"type":"Polygon","coordinates":[[[139.9138062139125,35.699946224354925],[139.91383838695202,35.6999626978896],[139.91383286894333,35.69996982239291],[139.91386658986045,35.69998710611666],[139.91383811732442,35.70002426155403],[139.91377222343795,35.69999059441561],[139.9138062139125,35.699946224354925]]]}},{"type":"Feature","properties":{"height":9.2,"gml_id":"bldg_1dc35de4-deda-47dd-a95d-6f21f734baf1"},"geometry":{"type":"Polygon","coordinates":[[[139.91244526539253,35.69900309229829],[139.91245197659777,35.69902364721023],[139.91239541275897,35.69903593578102],[139.91234453857376,35.69888011709499],[139.9126428593655,35.69881530898584],[139.91268702282568,35.69895057174685],[139.91244526539253,35.69900309229829]]]}},{"type":"Feature","properties":{"height":6.9,"gml_id":"bldg_0f9c1a5b-fa95-4786-a5bc-3a6518449ca5"},"geometry":{"type":"Polygon","coordinates":[[[139.91306507059846,35.69695191916885],[139.9130828667079,35.696957676142965],[139.91312259598,35.697017951414004],[139.9130715676661,35.69704042931906],[139.91302475597962,35.69696961270082],[139.91306507059846,35.69695191916885]]]}},{"type":"Feature","properties":{"height":7.4,"gml_id":"bldg_cbde5f47-ddc8-45d1-98a7-ec9e6d917dfe"},"geometry":{"type":"Polygon","coordinates":[[[139.91445892892978,35.69599066906722],[139.91445650089852,35.695993555085344],[139.9144661195972,35.69599886668186],[139.91444139792432,35.6960283581182],[139.914332164395,35.695967499102025],[139.91435931412258,35.69593512167163],[139.91445892892978,35.69599066906722]]]}},{"type":"Feature","properties":{"height":8.7,"gml_id":"bldg_332d113f-ccf8-4dc8-b067-5717efee953f"},"geometry":{"type":"Polygon","coordinates":[[[139.9152216019443,35.69600673785993],[139.91519702766328,35.695963939531744],[139.91529743105477,35.69592565315024],[139.91532200528536,35.69596836132128],[139.9152216019443,35.69600673785993]]]}},{"type":"Feature","properties":{"height":2.2,"gml_id":"bldg_e2dd1ba9-bfe7-4f29-9a75-c2fc6353869e"},"geometry":{"type":"Polygon","coordinates":[[[139.91486432933428,35.69684300035409],[139.9148446475769,35.69683030437735],[139.91492070123226,35.69675156332325],[139.9149403828905,35.69676416915086],[139.91486432933428,35.69684300035409]]]}},{"type":"Feature","properties":{"height":6.7,"gml_id":"bldg_043d8b86-0044-449b-a72f-799cfb7bdce8"},"geometry":{"type":"Polygon","coordinates":[[[139.9128179007756,35.69707926582112],[139.91285397498504,35.69713215236594],[139.91280924284482,35.69715246271401],[139.9127732779607,35.69709948594689],[139.9128179007756,35.69707926582112]]]}},{"type":"Feature","properties":{"height":2.4,"gml_id":"bldg_d7fba74c-0bd3-4bcf-9ce2-34b7d09e45ab"},"geometry":{"type":"Polygon","coordinates":[[[139.91639675170447,35.69643705763632],[139.91641839668472,35.69642478407699],[139.91644008093667,35.69645036799485],[139.91641843585936,35.69646255142116],[139.91639675170447,35.69643705763632]]]}},{"type":"Feature","properties":{"height":8.0,"gml_id":"bldg_1212c855-09cb-4970-95cc-96737377933f"},"geometry":{"type":"Polygon","coordinates":[[[139.91506151533358,35.695706239979856],[139.91505011754538,35.6956900230691],[139.9150574068806,35.69568659291701],[139.91503483295438,35.695654789901596],[139.91510065782848,35.69562382823816],[139.91513462957016,35.6956718481453],[139.91506151533358,35.695706239979856]]]}},{"type":"Feature","properties":{"height":3.7,"gml_id":"bldg_bcf965d9-5aef-4faa-9eef-2f4e241543b0"},"geometry":{"type":"Polygon","coordinates":[[[139.91500859565147,35.699290750371816],[139.9149469691272,35.699215527873505],[139.91504835394258,35.69916029531814],[139.91510998061145,35.69923560790197],[139.91500859565147,35.699290750371816]]]}},{"type":"Feature","properties":{"height":2.1,"gml_id":"bldg_43f92d69-4afb-47dc-9eeb-7ed994a55b56"},"geometry":{"type":"Polygon","coordinates":[[[139.91582465938959,35.69789893095667],[139.91580787399238,35.69790930820216],[139.9157526731298,35.697849945791184],[139.91576934802134,35.69783956862898],[139.91582465938959,35.69789893095667]]]}},{"type":"Feature","properties":{"height":6.8,"gml_id":"bldg_455676c5-ff52-4bc3-a107-586edd5def28"},"geometry":{"type":"Polygon","coordinates":[[[139.91374946513562,35.69405256977579],[139.91378797267495,35.694107527592394],[139.91352345982625,35.69423083117407],[139.9134849524088,35.694175873273814],[139.91374946513562,35.69405256977579]]]}},{"type":"Feature","properties":{"height":14.0,"gml_id":"bldg_10987a6b-7db3-4c57-a386-06b07325884e"},"geometry":{"type":"Polygon","coordinates":[[[139.9169795801605,35.69607051786069],[139.91706622837955,35.69619322411682],[139.91701321970223,35.69622237520492],[139.91668067212353,35.696378632934795],[139.91659170055215,35.69625277321916],[139.9169795801605,35.69607051786069]]]}},{"type":"Feature","properties":{"height":7.3,"gml_id":"bldg_acb0e58b-c0fa-4b7a-b2e2-98fe3846b905"},"geometry":{"type":"Polygon","coordinates":[[[139.91376813182643,35.69998762263298],[139.91373237398247,35.70003271495809],[139.91360036289393,35.69996294698256],[139.9136360103683,35.69991794490662],[139.91376813182643,35.69998762263298]]]}},{"type":"Feature","properties":{"height":11.7,"gml_id":"bldg_2d835804-3443-4091-9e53-e63d98dc230a"},"geometry":{"type":"Polygon","coordinates":[[[139.91415429251492,35.69851569907327],[139.91417777138207,35.698567782431766],[139.9141113801353,35.698587747256184],[139.9140932173671,35.69854755838842],[139.91410492696676,35.69854403519289],[139.91409950040222,35.69853214076396],[139.91415429251492,35.69851569907327]]]}},{"type":"Feature","properties":{"height":9.1,"gml_id":"bldg_d49364cb-351c-4e18-bc8c-869f6fc95ea2"},"geometry":{"type":"Polygon","coordinates":[[[139.9138186207617,35.698986889238654],[139.91383975907397,35.69901914410881],[139.91377492281651,35.69904749043693],[139.91375378452284,35.699015235555514],[139.9138186207617,35.698986889238654]]]}},{"type":"Feature","properties":{"height":3.2,"gml_id":"bldg_1785cc45-5091-448c-9adf-6b49b02c0923"},"geometry":{"type":"Polygon","coordinates":[[[139.91578644930257,35.69845807631756],[139.91574978403887,35.69847865263869],[139.91574049061833,35.698467662300175],[139.9157220475722,35.6984780406676],[139.91569073734325,35.69844074541922],[139.91574584572967,35.69840988088446],[139.91578644930257,35.69845807631756]]]}},{"type":"Feature","properties":{"height":10.2,"gml_id":"bldg_46aff28f-6ef6-434d-9f85-06eb1d24e0c6"},"geometry":{"type":"Polygon","coordinates":[[[139.91443447817295,35.69967079509175],[139.91443470520286,35.699676743972674],[139.91444420808904,35.69967637702216],[139.91444915137478,35.69975650537431],[139.91435489611803,35.69976035460258],[139.9143499529263,35.69968022624649],[139.91435746685175,35.699679950778375],[139.91435701936888,35.69967454286695],[139.91438298627787,35.69967326346927],[139.91438343394495,35.69967885165422],[139.9144087381111,35.699677843107864],[139.91440851053565,35.69967135340599],[139.91443447817295,35.69967079509175]]]}},{"type":"Feature","properties":{"height":7.1,"gml_id":"bldg_1e1f0e58-052f-47d6-b2df-5af8ad565a2e"},"geometry":{"type":"Polygon","coordinates":[[[139.9130058892426,35.698442552397935],[139.91305120086994,35.69855970036315],[139.91301109917913,35.698570092656865],[139.91296567701366,35.69845285461294],[139.9130058892426,35.698442552397935]]]}},{"type":"Feature","properties":{"height":3.0,"gml_id":"bldg_e2786bca-da74-47f4-8624-1b8c5f1cd327"},"geometry":{"type":"Polygon","coordinates":[[[139.9157876412312,35.69897185577725],[139.91581684762684,35.69900473573118],[139.9157706858127,35.69903198869347],[139.91574147951877,35.698999198865316],[139.9157876412312,35.69897185577725]]]}},{"type":"Feature","properties":{"height":10.7,"gml_id":"bldg_78f678c7-d339-4858-9c0d-d0b9880fc3b0"},"geometry":{"type":"Polygon","coordinates":[[[139.9132261147131,35.697220330267754],[139.9132562180752,35.697267902575334],[139.91321965807958,35.69728334025595],[139.91318944423384,35.697235768012646],[139.9132261147131,35.697220330267754]]]}},{"type":"Feature","properties":{"height":6.3,"gml_id":"bldg_c6c86af1-96a2-4faa-9d1b-ba90027d04a7"},"geometry":{"type":"Polygon","coordinates":[[[139.9137521095286,35.69910789739422],[139.91378047738576,35.699186838350556],[139.91374114799663,35.69919623886465],[139.91371278017485,35.69911729789911],[139.9137521095286,35.69910789739422]]]}},{"type":"Feature","properties":{"height":2.3,"gml_id":"bldg_dc5b5fd4-7fe9-4686-871b-cee8afb6f523"},"geometry":{"type":"Polygon","coordinates":[[[139.91498475173213,35.69779737849328],[139.9149982466493,35.69781098001138],[139.9149492172848,35.69784319213894],[139.91493583287087,35.69782959054048],[139.91498475173213,35.69779737849328]]]}},{"type":"Feature","properties":{"height":7.5,"gml_id":"bldg_14522d58-c5cf-4044-91cf-2f7c9062f92a"},"geometry":{"type":"Polygon","coordinates":[[[139.9153502974371,35.6955412732489],[139.91538316598223,35.69559091630299],[139.91534506158467,35.695607707739406],[139.9153121930562,35.69555806467502],[139.9153502974371,35.6955412732489]]]}},{"type":"Feature","properties":{"height":9.8,"gml_id":"bldg_d964ba52-5979-4e00-8a1b-ee1563fc3c40"},"geometry":{"type":"Polygon","coordinates":[[[139.91314632120717,35.698427316368814],[139.91319183592913,35.69841547824851],[139.91322108304234,35.69849045273956],[139.91317567878343,35.698502290797535],[139.91314632120717,35.698427316368814]]]}},{"type":"Feature","properties":{"height":11.4,"gml_id":"bldg_e95a8826-0621-45a7-9155-c31befe9e785"},"geometry":{"type":"Polygon","coordinates":[[[139.91408515467518,35.698551439683946],[139.9141058624272,35.69859505204715],[139.91402179753533,35.69862160867329],[139.91400618369067,35.6985887191724],[139.914007386405,35.698576009064325],[139.91408515467518,35.698551439683946]]]}},{"type":"Feature","properties":{"height":8.9,"gml_id":"bldg_bcf12ecc-d16c-453a-8b09-17d5ae256324"},"geometry":{"type":"Polygon","coordinates":[[[139.91333588654427,35.69737673504451],[139.91337218621672,35.69743250566243],[139.91332833677922,35.69745155369872],[139.91329203712866,35.69739578306774],[139.91333588654427,35.69737673504451]]]}},{"type":"Feature","properties":{"height":2.1,"gml_id":"bldg_4efe9a83-e476-48e2-b3fc-5660ea7555ed"},"geometry":{"type":"Polygon","coordinates":[[[139.91492414997293,35.69926935506222],[139.91494535439378,35.69925753275593],[139.91496360951228,35.69927933350333],[139.9149424050884,35.69929115581279],[139.91492414997293,35.69926935506222]]]}},{"type":"Feature","properties":{"height":9.6,"gml_id":"bldg_561b095a-c262-435e-8981-a533981f3011"},"geometry":{"type":"Polygon","coordinates":[[[139.91304178477066,35.697869888902765],[139.91306171378838,35.69790899512144],[139.91299366834824,35.69793202508178],[139.91297384994806,35.69789300891569],[139.91304178477066,35.697869888902765]]]}},{"type":"Feature","properties":{"height":3.8,"gml_id":"bldg_95d3b41f-72cf-4948-b8cc-1757ce826bd6"},"geometry":{"type":"Polygon","coordinates":[[[139.91416621274414,35.69269843334213],[139.91414409080838,35.69267537312689],[139.91422580339915,35.69262339934456],[139.91424781485077,35.69264645961925],[139.91416621274414,35.69269843334213]]]}},{"type":"Feature","properties":{"height":7.0,"gml_id":"bldg_e663f52d-b160-4578-9559-81824b9d2cf9"},"geometry":{"type":"Polygon","coordinates":[[[139.91469532377883,35.69940210130081],[139.9147900316997,35.69940915806231],[139.91478576133426,35.69944773953689],[139.9146910533681,35.699440682772156],[139.91469532377883,35.69940210130081]]]}},{"type":"Feature","properties":{"height":10.1,"gml_id":"bldg_584c38d5-a0d0-4f3c-af1a-4342f4026ec2"},"geometry":{"type":"Polygon","coordinates":[[[139.9135875157878,35.6978389698882],[139.91367973153146,35.697786989514725],[139.9136989306579,35.697869271692966],[139.91368744322492,35.697873876343905],[139.91370603841244,35.69790487102467],[139.9136425261229,35.697930332021286],[139.9135875157878,35.6978389698882]]]}},{"type":"Feature","properties":{"height":10.2,"gml_id":"bldg_e97f462c-ba55-4bc5-995e-e9ce4f3f5e01"},"geometry":{"type":"Polygon","coordinates":[[[139.91373964536157,35.6988001783835],[139.91375470762497,35.69883405979217],[139.91365163994297,35.69886450473953],[139.913636577627,35.69883053318124],[139.91373964536157,35.6988001783835]]]}},{"type":"Feature","properties":{"height":8.5,"gml_id":"bldg_a33b836d-cabc-4f28-a1a0-f01da8bd1c23"},"geometry":{"type":"Polygon","coordinates":[[[139.91557849610587,35.69523960948792],[139.9156146668897,35.69527690146401],[139.9155456520587,35.6953214762668],[139.915499968479,35.69527436583708],[139.91554866548597,35.695243055069014],[139.9155580677067,35.69525278343698],[139.91557849610587,35.69523960948792]]]}},{"type":"Feature","properties":{"height":2.2,"gml_id":"bldg_06b2c30f-f066-46c9-b939-1940dc013be5"},"geometry":{"type":"Polygon","coordinates":[[[139.91575691288784,35.69853381153651],[139.91574419104376,35.69852002930218],[139.9158659975613,35.69844576318501],[139.91587860882038,35.69845945534556],[139.91575691288784,35.69853381153651]]]}},{"type":"Feature","properties":{"height":6.9,"gml_id":"bldg_15569300-e3a7-4dc8-90a3-9443c4ef2660"},"geometry":{"type":"Polygon","coordinates":[[[139.91280759142094,35.6984949628831],[139.91284991101605,35.69860382030436],[139.9128079312887,35.69861475459228],[139.91276561165543,35.69850580701955],[139.91280759142094,35.6984949628831]]]}},{"type":"Feature","properties":{"height":9.7,"gml_id":"bldg_a4f03b7d-2023-404a-a54e-bf325ee26510"},"geometry":{"type":"Polygon","coordinates":[[[139.91292151772083,35.69671504420153],[139.91295227358074,35.69675243068576],[139.91286955493084,35.69679782424055],[139.91283890959093,35.69676043766248],[139.91292151772083,35.69671504420153]]]}},{"type":"Feature","properties":{"height":6.4,"gml_id":"bldg_b34ca776-0a5f-40d6-9920-ea200d724775"},"geometry":{"type":"Polygon","coordinates":[[[139.91285126308478,35.69740571969243],[139.91288215948762,35.6974731216888],[139.91280892015405,35.69749543388312],[139.91277791330432,35.697428031941044],[139.91285126308478,35.69740571969243]]]}},{"type":"Feature","properties":{"height":6.7,"gml_id":"bldg_adb117d8-14ee-4868-9afe-c62a9d22864e"},"geometry":{"type":"Polygon","coordinates":[[[139.91308173402356,35.69715183181345],[139.9131211344967,35.697214721271315],[139.91309550928727,35.69722546454647],[139.91307484730837,35.697226920426196],[139.9130389884093,35.6971696170971],[139.91308173402356,35.69715183181345]]]}},{"type":"Feature","properties":{"height":10.5,"gml_id":"bldg_0fdc43a1-1ae1-4a69-bdf3-bdc0c3a18eb2"},"geometry":{"type":"Polygon","coordinates":[[[139.9126152784444,35.69722596206874],[139.91268170224396,35.697239619113326],[139.9127097977173,35.69726844440295],[139.91265257936294,35.69728912347293],[139.91266133293698,35.69731345467139],[139.9126527210146,35.697320581162565],[139.9125696825247,35.69726682411302],[139.9126152784444,35.69722596206874]]]}},{"type":"Feature","properties":{"height":13.8,"gml_id":"bldg_21544d34-74fb-45ba-b84f-617b413eadd2"},"geometry":{"type":"Polygon","coordinates":[[[139.9145019096244,35.69467914758478],[139.91455048500734,35.694745816165934],[139.91450288456147,35.694768923330955],[139.914454198708,35.694702254805286],[139.9145019096244,35.69467914758478]]]}},{"type":"Feature","properties":{"height":6.6,"gml_id":"bldg_abf0c9f9-4fe2-4a2a-9fea-88bf1d70cf88"},"geometry":{"type":"Polygon","coordinates":[[[139.9132659810289,35.69719623724573],[139.91330084236628,35.69725029624064],[139.91326185265544,35.697266997464986],[139.91322699133704,35.69721293845891],[139.9132659810289,35.69719623724573]]]}},{"type":"Feature","properties":{"height":7.2,"gml_id":"bldg_acfa2d48-3fa1-4174-a185-0ada5a545f2d"},"geometry":{"type":"Polygon","coordinates":[[[139.9142553982711,35.69982513980939],[139.91424017724896,35.69985327274595],[139.91415351120406,35.69982205347098],[139.91417865896716,35.699775525955886],[139.91425648144465,35.699803506231156],[139.91424644423958,35.699821900901064],[139.9142553982711,35.69982513980939]]]}},{"type":"Feature","properties":{"height":8.0,"gml_id":"bldg_6d235df8-8d39-494b-8297-1a654f760373"},"geometry":{"type":"Polygon","coordinates":[[[139.91552119606723,35.69571701385352],[139.91556679227097,35.695786388154126],[139.9155191890968,35.6958071521588],[139.91547359292238,35.69573777784036],[139.91552119606723,35.69571701385352]]]}},{"type":"Feature","properties":{"height":5.0,"gml_id":"bldg_63357670-bbb2-49e3-a7e7-199ae39f690c"},"geometry":{"type":"Polygon","coordinates":[[[139.91387738857674,35.69929737150086],[139.91386242580083,35.69925267361762],[139.91388816713425,35.699246977770294],[139.91390312983276,35.699291585513514],[139.91387738857674,35.69929737150086]]]}},{"type":"Feature","properties":{"height":9.2,"gml_id":"bldg_f060a842-615d-48a3-baa2-b5e0bcc1bf33"},"geometry":{"type":"Polygon","coordinates":[[[139.91271983847963,35.69658465910968],[139.91275181504335,35.696627453056415],[139.91270653289803,35.69665001715384],[139.9126991196575,35.6966401069801],[139.91269951672888,35.69659476784542],[139.91271983847963,35.69658465910968]]]}},{"type":"Feature","properties":{"height":9.4,"gml_id":"bldg_df86e0d8-78cb-41fd-b72e-5d8421c0f6e2"},"geometry":{"type":"Polygon","coordinates":[[[139.91249996701706,35.69750032458693],[139.9125455895799,35.69748623321575],[139.9125806929614,35.697561925116005],[139.91253507036166,35.69757601650039],[139.91249996701706,35.69750032458693]]]}},{"type":"Feature","properties":{"height":9.3,"gml_id":"bldg_a199ff79-43a6-4444-9387-4e9057eccf9b"},"geometry":{"type":"Polygon","coordinates":[[[139.91376674828948,35.69905010986918],[139.91372963461694,35.6990650973861],[139.91367916175705,35.69898148405446],[139.9137162754908,35.69896658668975],[139.91376674828948,35.69905010986918]]]}},{"type":"Feature","properties":{"height":7.9,"gml_id":"bldg_1e384588-97a2-4f99-81f8-03a89e4e5c18"},"geometry":{"type":"Polygon","coordinates":[[[139.91448894334022,35.69605924304108],[139.91451962549615,35.696023437990085],[139.91461769373572,35.69607916657024],[139.9145871221004,35.69611497157128],[139.91448894334022,35.69605924304108]]]}},{"type":"Feature","properties":{"height":2.8,"gml_id":"bldg_aeacb89e-f7fa-490b-ac22-4956ef114538"},"geometry":{"type":"Polygon","coordinates":[[[139.9154594609559,35.69693471572921],[139.91549687929566,35.69689484967719],[139.91557328330268,35.69694266020608],[139.91553597538535,35.69698243606922],[139.9154594609559,35.69693471572921]]]}},{"type":"Feature","properties":{"height":6.8,"gml_id":"bldg_573fa799-7c07-457f-97fa-186824231afb"},"geometry":{"type":"Polygon","coordinates":[[[139.9138558280828,35.69906510317304],[139.91387064125294,35.69907095216062],[139.91388746866537,35.69910185785283],[139.91382141230497,35.69912569817782],[139.91379949239746,35.69908542164463],[139.9138558280828,35.69906510317304]]]}},{"type":"Feature","properties":{"height":8.0,"gml_id":"bldg_b0a5224c-3f7c-403d-9f8f-27ddf419630f"},"geometry":{"type":"Polygon","coordinates":[[[139.91559988319113,35.69594473613624],[139.91553052055966,35.69597398788508],[139.9155224410865,35.69596119395737],[139.9154868760506,35.69597609082838],[139.91543961689078,35.69590139955492],[139.91551174082483,35.69587106432989],[139.91552557560073,35.695893048296185],[139.91555848966604,35.695879144730654],[139.91559988319113,35.69594473613624]]]}},{"type":"Feature","properties":{"height":14.8,"gml_id":"bldg_603c8075-952b-4b24-aad1-aecc1c9386b4"},"geometry":{"type":"Polygon","coordinates":[[[139.914793993437,35.696133580238104],[139.915062061208,35.69634954688859],[139.91505455366683,35.69635577143345],[139.91508054211806,35.69637666555454],[139.9149870286539,35.69645388623107],[139.91497542622224,35.69645380396373],[139.9146731863898,35.696210278319214],[139.9146721844011,35.69620288776808],[139.91473368028866,35.696152099108275],[139.9147528122115,35.69616758972143],[139.914793993437,35.696133580238104]]]}},{"type":"Feature","properties":{"height":10.2,"gml_id":"bldg_b6d5de3f-ced5-4adc-8582-cfa3af9ef4b2"},"geometry":{"type":"Polygon","coordinates":[[[139.91463833902876,35.69965389210794],[139.91464372241458,35.69973194700685],[139.9146226172569,35.69973286263014],[139.91462385117882,35.69975097930893],[139.91458340899226,35.699752899488246],[139.9145821742565,35.69973397157772],[139.91454659393548,35.69973561805228],[139.91454132196947,35.699658374305734],[139.91463833902876,35.69965389210794]]]}},{"type":"Feature","properties":{"height":9.4,"gml_id":"bldg_3bd68fc6-b728-4f79-a1ee-ad1bdda47650"},"geometry":{"type":"Polygon","coordinates":[[[139.91255707366076,35.698035700244276],[139.91257866076194,35.69807669832566],[139.91248962800347,35.69810794427331],[139.9124680397453,35.69806685604002],[139.91255707366076,35.698035700244276]]]}},{"type":"Feature","properties":{"height":9.6,"gml_id":"bldg_e24eecb3-6199-478a-9cf1-de00d59f4db1"},"geometry":{"type":"Polygon","coordinates":[[[139.91342191823074,35.69865517966473],[139.91344174551278,35.69870266861382],[139.91337656768607,35.698720829487314],[139.9133566299366,35.69867334060105],[139.91342191823074,35.69865517966473]]]}},{"type":"Feature","properties":{"height":7.9,"gml_id":"bldg_9766eaf5-80cc-43e5-8ecd-294bb94c45de"},"geometry":{"type":"Polygon","coordinates":[[[139.9159556343179,35.6961086318391],[139.91598197143716,35.69614602058503],[139.9159194596529,35.696175267853164],[139.91589312255314,35.69613787909372],[139.9159556343179,35.6961086318391]]]}},{"type":"Feature","properties":{"height":2.7,"gml_id":"bldg_28104a2a-26be-4564-aa0c-77a667280dd9"},"geometry":{"type":"Polygon","coordinates":[[[139.91552684526033,35.69896094730019],[139.91553923600148,35.69897509033011],[139.9154845699868,35.69900676569777],[139.91547228984481,35.698992712723694],[139.91552684526033,35.69896094730019]]]}},{"type":"Feature","properties":{"height":7.3,"gml_id":"bldg_cf091142-f0f3-4224-aba3-944577602aeb"},"geometry":{"type":"Polygon","coordinates":[[[139.91592988882957,35.69600201751849],[139.91596010225408,35.69604805675545],[139.91588433449965,35.69608091858113],[139.9158541211991,35.69603496946223],[139.91592988882957,35.69600201751849]]]}},{"type":"Feature","properties":{"height":6.6,"gml_id":"bldg_5a342843-f7da-402c-b8d2-71ede52d4321"},"geometry":{"type":"Polygon","coordinates":[[[139.9129591587848,35.6984542109783],[139.91300303445985,35.698571990869596],[139.9129606124061,35.69858256495597],[139.91291673669798,35.698464694912516],[139.9129591587848,35.6984542109783]]]}},{"type":"Feature","properties":{"height":11.2,"gml_id":"bldg_eb92f5ba-03dd-4bdc-a16b-13e22a1d0fd2"},"geometry":{"type":"Polygon","coordinates":[[[139.9135469302272,35.69835881645029],[139.91356886154665,35.69841081082353],[139.91346115301624,35.69844098829224],[139.91343922184853,35.698389084036364],[139.9135469302272,35.69835881645029]]]}},{"type":"Feature","properties":{"height":4.4,"gml_id":"bldg_96771f86-21bf-4d78-97ab-c83a87f01aa4"},"geometry":{"type":"Polygon","coordinates":[[[139.91628401249716,35.694913550751245],[139.91625198815046,35.69493250157324],[139.9162578513631,35.6949391676685],[139.91623455080574,35.69495288453306],[139.91612547474952,35.6948304634892],[139.91618079952175,35.694797705713746],[139.91628401249716,35.694913550751245]]]}},{"type":"Feature","properties":{"height":2.1,"gml_id":"bldg_dcf888e3-d24c-4673-b57e-711dd406b70e"},"geometry":{"type":"Polygon","coordinates":[[[139.91492171366903,35.69687766418769],[139.91490258475642,35.696865328393464],[139.9149785279809,35.696786677515036],[139.91499765688638,35.696799013297365],[139.91492171366903,35.69687766418769]]]}},{"type":"Feature","properties":{"height":3.4,"gml_id":"bldg_e5374e30-f488-4fcf-96c1-ca8d1fe4f910"},"geometry":{"type":"Polygon","coordinates":[[[139.91476753432013,35.69967093078066],[139.9147181407086,35.69967213596573],[139.91471643379728,35.699623553342896],[139.91476582737886,35.699622348158556],[139.91476753432013,35.69967093078066]]]}},{"type":"Feature","properties":{"height":8.1,"gml_id":"bldg_d61a7548-817c-44df-989b-8c2f36038544"},"geometry":{"type":"Polygon","coordinates":[[[139.9158724366998,35.69590137397245],[139.91597028224874,35.69584758523086],[139.9159821249332,35.69586641571954],[139.91597085919327,35.695871290848245],[139.91600638522775,35.69592579929909],[139.9160348808959,35.69591343096567],[139.91608457324583,35.69598974279705],[139.9159637425483,35.696042105219284],[139.9158724366998,35.69590137397245]]]}},{"type":"Feature","properties":{"height":9.4,"gml_id":"bldg_25751166-4ff2-4339-a76e-a03f7ad88d50"},"geometry":{"type":"Polygon","coordinates":[[[139.91438288185543,35.69880569603401],[139.91447313363605,35.69877787306977],[139.91449572557667,35.69882680217051],[139.9144055842506,35.6988546250771],[139.91438288185543,35.69880569603401]]]}},{"type":"Feature","properties":{"height":3.7,"gml_id":"bldg_26028728-60c4-47ca-b29f-ece8327a1096"},"geometry":{"type":"Polygon","coordinates":[[[139.91606563421158,35.69509136095408],[139.91609683187457,35.69512775483444],[139.91607286825482,35.695141472123204],[139.91604167050426,35.69510498809985],[139.91606563421158,35.69509136095408]]]}},{"type":"Feature","properties":{"height":9.5,"gml_id":"bldg_b9589bce-aa8d-4304-b8dc-bc8a30d30387"},"geometry":{"type":"Polygon","coordinates":[[[139.91429096442064,35.694780423294475],[139.91431574927802,35.69481375729517],[139.91427168332876,35.69483560007346],[139.91424678789565,35.69480217600119],[139.91429096442064,35.694780423294475]]]}},{"type":"Feature","properties":{"height":7.5,"gml_id":"bldg_635eb8ad-c252-4875-b4ec-80d9fbb50cd2"},"geometry":{"type":"Polygon","coordinates":[[[139.9131279713368,35.69786604605174],[139.91315675992723,35.69792470608973],[139.9130903707527,35.69794647308968],[139.91306147161282,35.697887722972325],[139.9131279713368,35.69786604605174]]]}},{"type":"Feature","properties":{"height":10.1,"gml_id":"bldg_f33dd6fa-b3d5-4115-bcad-13633448887b"},"geometry":{"type":"Polygon","coordinates":[[[139.91596237671973,35.696766145429535],[139.91589940001086,35.69669965858097],[139.91589190200696,35.69670438419414],[139.9158021312628,35.696609611772445],[139.91578016730705,35.69662345472296],[139.91577142951482,35.69661423068642],[139.9157494814268,35.696591953051666],[139.91574124586086,35.69658326858918],[139.9157390997949,35.69657664859999],[139.91573941822014,35.696571461903496],[139.91574305251868,35.69656286576127],[139.91575046692432,35.69655529278909],[139.91576164870193,35.696551401132815],[139.9157763102323,35.69655087641055],[139.91598200235845,35.69642122933308],[139.91598651118895,35.696425989072424],[139.91599143401123,35.696422886784724],[139.91610131204163,35.69653888691189],[139.9161605924051,35.696501523141734],[139.91616570080717,35.69650691522293],[139.9161797680571,35.696498049589565],[139.91622274260908,35.69654341656561],[139.9162086742528,35.696552284007446],[139.91622670523859,35.69657132022817],[139.91622221308117,35.69657415181809],[139.91623895093048,35.69659182155022],[139.91596237671973,35.696766145429535]]]}},{"type":"Feature","properties":{"height":7.3,"gml_id":"bldg_1c95b3de-1481-4bd5-b20f-ab101441b8c8"},"geometry":{"type":"Polygon","coordinates":[[[139.91461573340595,35.699265147010316],[139.9146913219601,35.69926996333661],[139.91468782369793,35.699307192233555],[139.91461223510882,35.69930237590512],[139.91461573340595,35.699265147010316]]]}},{"type":"Feature","properties":{"height":7.4,"gml_id":"bldg_9f5102ac-2b28-4bfa-8119-3c4e0652476b"},"geometry":{"type":"Polygon","coordinates":[[[139.91584992952176,35.69604200301621],[139.915878702262,35.69608398709904],[139.91578305602516,35.696127769058776],[139.9157541728213,35.69608578502901],[139.91584992952176,35.69604200301621]]]}},{"type":"Feature","properties":{"height":2.2,"gml_id":"bldg_a4584a97-ee99-4c10-9a25-23eeba951882"},"geometry":{"type":"Polygon","coordinates":[[[139.91583227517407,35.6985341204576],[139.9158197749694,35.698520969037624],[139.91591452330283,35.69846096303936],[139.91592702351363,35.69847411444963],[139.91583227517407,35.6985341204576]]]}},{"type":"Feature","properties":{"height":10.0,"gml_id":"bldg_15c25631-8e76-41d1-81ff-1931e06ce05e"},"geometry":{"type":"Polygon","coordinates":[[[139.91466979790243,35.694505520629946],[139.9146319528155,35.69445083306306],[139.91461118922444,35.69446031146434],[139.91450927313704,35.69431282603535],[139.91464191641217,35.694251803932985],[139.9147816778961,35.694454066919974],[139.91466979790243,35.694505520629946]]]}},{"type":"Feature","properties":{"height":10.3,"gml_id":"bldg_9672f435-287a-4412-8399-602a22554f37"},"geometry":{"type":"Polygon","coordinates":[[[139.91355459706728,35.699173288291696],[139.91357477105427,35.69923573970642],[139.9135293643498,35.69924550474984],[139.9135091904859,35.699183143464396],[139.91355459706728,35.699173288291696]]]}},{"type":"Feature","properties":{"height":11.7,"gml_id":"bldg_22d5785d-a8b6-4005-b6c4-23adb04d0d02"},"geometry":{"type":"Polygon","coordinates":[[[139.91440223165404,35.699800073094174],[139.91440971821308,35.69988191233402],[139.91431502270788,35.69988765470195],[139.91430764674814,35.69980581538183],[139.91440223165404,35.699800073094174]]]}},{"type":"Feature","properties":{"height":10.3,"gml_id":"bldg_fec79203-9634-4608-9801-a2019df62b73"},"geometry":{"type":"Polygon","coordinates":[[[139.91393595698955,35.6964444992682],[139.9140011883921,35.69648150184885],[139.91396984383584,35.69651829871511],[139.91391845320643,35.69650958984743],[139.91389280294663,35.69649509497112],[139.91393595698955,35.6964444992682]]]}},{"type":"Feature","properties":{"height":7.2,"gml_id":"bldg_acbbd11c-4a6e-41c9-b22e-bdb471b9ee4c"},"geometry":{"type":"Polygon","coordinates":[[[139.91461878612296,35.699224403077594],[139.91469393153085,35.699228138058956],[139.9146910969267,35.69926599746585],[139.91461595139194,35.69926217234597],[139.91461878612296,35.699224403077594]]]}},{"type":"Feature","properties":{"height":2.1,"gml_id":"bldg_fab31b6d-49e8-4563-8205-44aca5f741d2"},"geometry":{"type":"Polygon","coordinates":[[[139.91517884057046,35.69773829714833],[139.91516645082137,35.697724875172796],[139.91526175203524,35.69766568053698],[139.91527425229125,35.6976791024276],[139.91517884057046,35.69773829714833]]]}},{"type":"Feature","properties":{"height":7.3,"gml_id":"bldg_366e9f7a-6b24-4249-b508-3b68ee65c117"},"geometry":{"type":"Polygon","coordinates":[[[139.9136141451353,35.697617215340365],[139.9136347354723,35.69765442814957],[139.91354879805272,35.697686123501896],[139.91352544028086,35.69764395499187],[139.91358762899893,35.69762110890873],[139.91359028587814,35.697625974530425],[139.9136141451353,35.697617215340365]]]}},{"type":"Feature","properties":{"height":8.6,"gml_id":"bldg_7d0dc162-5c05-4814-ab45-99a10b7c7fad"},"geometry":{"type":"Polygon","coordinates":[[[139.91384934225746,35.69865904082322],[139.91386319038278,35.698694275084605],[139.91377061432883,35.69871849366948],[139.91375676624003,35.698683259397555],[139.91384934225746,35.69865904082322]]]}},{"type":"Feature","properties":{"height":8.3,"gml_id":"bldg_bdbfa94b-ec8c-4fc8-bd98-b294cbd3e550"},"geometry":{"type":"Polygon","coordinates":[[[139.91466689244575,35.695670542617194],[139.9147729859122,35.69579485985979],[139.9146378146577,35.695871567626455],[139.91453172129897,35.69574725026617],[139.91466689244575,35.695670542617194]]]}},{"type":"Feature","properties":{"height":8.6,"gml_id":"bldg_2c132039-8bbe-44ed-b2e1-840fab27a420"},"geometry":{"type":"Polygon","coordinates":[[[139.9143302646728,35.69540008836137],[139.91438337812045,35.69547405504037],[139.91432561601238,35.69550167582118],[139.91437507791554,35.695570507153825],[139.9140909052358,35.69570635422302],[139.9139883301609,35.69556346580996],[139.9143302646728,35.69540008836137]]]}},{"type":"Feature","properties":{"height":9.4,"gml_id":"bldg_de5d9370-1e0e-45cb-9e5f-562c70890541"},"geometry":{"type":"Polygon","coordinates":[[[139.91447501553478,35.6988902725027],[139.9145242844603,35.69887554696831],[139.91456005753855,35.69895538411742],[139.91451078857057,35.69897010966632],[139.91447501553478,35.6988902725027]]]}},{"type":"Feature","properties":{"height":2.1,"gml_id":"bldg_0dc5a566-f387-4e49-8ad4-0eba5fcef0c3"},"geometry":{"type":"Polygon","coordinates":[[[139.9149700266169,35.697769355903084],[139.91495467672127,35.697778830687255],[139.91488365733665,35.697702082177976],[139.914899007226,35.69769260740273],[139.9149700266169,35.697769355903084]]]}},{"type":"Feature","properties":{"height":7.1,"gml_id":"bldg_2c923176-4703-4110-80e0-7bdefbf0db20"},"geometry":{"type":"Polygon","coordinates":[[[139.9149252056519,35.6998717391046],[139.91492361379667,35.699827753389],[139.91499024562114,35.699826175879416],[139.91499172700975,35.69987016166906],[139.9149252056519,35.6998717391046]]]}},{"type":"Feature","properties":{"height":3.5,"gml_id":"bldg_5cbd1122-2210-469c-b211-c99b25ad469e"},"geometry":{"type":"Polygon","coordinates":[[[139.916008181572,35.69466856800304],[139.91597637592503,35.694685265178485],[139.91594772017584,35.6946491399305],[139.91597952572153,35.69463235262564],[139.916008181572,35.69466856800304]]]}},{"type":"Feature","properties":{"height":6.3,"gml_id":"bldg_2d59277a-fafc-4bb2-988f-129942897eb8"},"geometry":{"type":"Polygon","coordinates":[[[139.9142955260695,35.698637649517856],[139.91432276913557,35.69869667085581],[139.91427040769562,35.69871284057777],[139.91424305407006,35.69865372916553],[139.9142955260695,35.698637649517856]]]}},{"type":"Feature","properties":{"height":7.0,"gml_id":"bldg_82465c61-fc49-469e-969d-222702f86737"},"geometry":{"type":"Polygon","coordinates":[[[139.91532239019972,35.69569668833965],[139.9153633464315,35.695767147521096],[139.91530823002785,35.69578854752055],[139.91526716333604,35.69571808839576],[139.91532239019972,35.69569668833965]]]}},{"type":"Feature","properties":{"height":10.2,"gml_id":"bldg_696e28d6-c8dc-47b5-8dd0-02ce6387ffed"},"geometry":{"type":"Polygon","coordinates":[[[139.91494183533197,35.695586799596164],[139.91499273474216,35.6956560803838],[139.9148927841779,35.69570482209058],[139.9148419954121,35.695635631323235],[139.91494183533197,35.695586799596164]]]}},{"type":"Feature","properties":{"height":2.1,"gml_id":"bldg_2be085f5-7f18-4dbe-b63a-b387e1b258d5"},"geometry":{"type":"Polygon","coordinates":[[[139.91580478155674,35.69791084264825],[139.91578810665496,35.69792121981526],[139.91573279529834,35.69786185747097],[139.91574958069535,35.69785148023586],[139.91580478155674,35.69791084264825]]]}},{"type":"Feature","properties":{"height":9.7,"gml_id":"bldg_30fb3d79-e592-4b54-821e-47cce80ba5e7"},"geometry":{"type":"Polygon","coordinates":[[[139.91286502442185,35.69724292333533],[139.91290641403236,35.697306081959105],[139.91286433201086,35.697324587837],[139.9128447730304,35.69732405993638],[139.912795220886,35.69727541872328],[139.91286502442185,35.69724292333533]]]}},{"type":"Feature","properties":{"height":4.9,"gml_id":"bldg_bafc11f9-db85-4f36-9bb3-41ecc7344311"},"geometry":{"type":"Polygon","coordinates":[[[139.913666052818,35.69615759357336],[139.91362287029872,35.696179796068],[139.91363161103385,35.696191147490936],[139.91360874966722,35.69620288053949],[139.91360155789485,35.696193511094535],[139.91358112630817,35.69620407073752],[139.91354948295134,35.69616325979865],[139.91363419124153,35.69611957704696],[139.91364932946985,35.69611956694763],[139.91365794677853,35.69611802886999],[139.91367777260973,35.69614362985072],[139.91367245257516,35.696148485472385],[139.913666052818,35.69615759357336]]]}},{"type":"Feature","properties":{"height":9.1,"gml_id":"bldg_fa01f306-2ead-49d6-8983-52a082c5b104"},"geometry":{"type":"Polygon","coordinates":[[[139.91274784410678,35.696745985730125],[139.91277230449774,35.696786441068596],[139.91272823293244,35.696804136980994],[139.91271616889267,35.696784314814565],[139.91271603311324,35.6967588061552],[139.91274784410678,35.696745985730125]]]}},{"type":"Feature","properties":{"height":9.9,"gml_id":"bldg_ca6777fa-a092-4da7-abb2-30657f31c522"},"geometry":{"type":"Polygon","coordinates":[[[139.91344142221195,35.69871087128619],[139.9134618072579,35.69876358780004],[139.91342347300468,35.69877343823291],[139.91337437197632,35.698735162713184],[139.91337193445514,35.69872867447774],[139.91344142221195,35.69871087128619]]]}},{"type":"Feature","properties":{"height":6.6,"gml_id":"bldg_c99026b7-547d-4f43-a142-84fac38579be"},"geometry":{"type":"Polygon","coordinates":[[[139.91560751864705,35.69595554734975],[139.91565465693714,35.696019963029],[139.91559247773586,35.6960502915437],[139.91554533947783,35.695985875840364],[139.91560751864705,35.69595554734975]]]}},{"type":"Feature","properties":{"height":2.1,"gml_id":"bldg_64f84f4e-79ad-4cec-afe2-fc18b6d0ca51"},"geometry":{"type":"Polygon","coordinates":[[[139.91573232149088,35.697830940837335],[139.91571708217418,35.69784041564291],[139.9156249347818,35.697742589994505],[139.91564017399816,35.69773302506362],[139.91573232149088,35.697830940837335]]]}},{"type":"Feature","properties":{"height":2.9,"gml_id":"bldg_6a4e2387-3406-4a7a-9c2c-15e755ed79a6"},"geometry":{"type":"Polygon","coordinates":[[[139.91585707604878,35.69461287691251],[139.91587555320362,35.694636480125816],[139.9158436371385,35.69465326747894],[139.91582504958603,35.69462975447343],[139.91585707604878,35.69461287691251]]]}},{"type":"Feature","properties":{"height":7.7,"gml_id":"bldg_c5073f0b-5ff1-4305-97da-dadc9b868eeb"},"geometry":{"type":"Polygon","coordinates":[[[139.91306172713294,35.69758936964038],[139.91308486768332,35.69763559454575],[139.912983903927,35.69766919232449],[139.9129607635147,35.697623057536774],[139.91306172713294,35.69758936964038]]]}},{"type":"Feature","properties":{"height":10.9,"gml_id":"bldg_7e1ee8d0-c5c4-4f20-b9e2-43f99bd535d4"},"geometry":{"type":"Polygon","coordinates":[[[139.91366389467092,35.69863320529825],[139.91367929488564,35.69867357634806],[139.91358406676198,35.69869779655975],[139.91356855608902,35.69865742557149],[139.91366389467092,35.69863320529825]]]}},{"type":"Feature","properties":{"height":9.2,"gml_id":"bldg_603f96d0-ce93-49a5-9e6e-aabc8b005178"},"geometry":{"type":"Polygon","coordinates":[[[139.91329772076494,35.69755469066625],[139.91332528009355,35.69759956053649],[139.91324409564314,35.6976327848405],[139.91319477664732,35.69759676280719],[139.91329772076494,35.69755469066625]]]}},{"type":"Feature","properties":{"height":8.3,"gml_id":"bldg_f9a0a80c-140a-4346-8bed-b3445d5954e4"},"geometry":{"type":"Polygon","coordinates":[[[139.91386666775333,35.69984477994064],[139.91394406332745,35.69988781356124],[139.91391183511186,35.69992632358476],[139.91383443951776,35.69988328994375],[139.91386666775333,35.69984477994064]]]}},{"type":"Feature","properties":{"height":7.5,"gml_id":"bldg_709f5372-20f5-428d-9674-3a76098b66d8"},"geometry":{"type":"Polygon","coordinates":[[[139.91314875622018,35.696435289005656],[139.91313709699656,35.6964891084807],[139.9131135684411,35.69649678571537],[139.91307082923765,35.69640965162556],[139.9131271651135,35.69639122636235],[139.91314875622018,35.696435289005656]]]}},{"type":"Feature","properties":{"height":2.6,"gml_id":"bldg_60480d18-6d18-463a-874b-1cde4560ca0f"},"geometry":{"type":"Polygon","coordinates":[[[139.9161607812187,35.69873363821699],[139.91617837139378,35.698753366091005],[139.9160860480838,35.698807692003],[139.9160685683281,35.69878787390291],[139.9161607812187,35.69873363821699]]]}},{"type":"Feature","properties":{"height":2.8,"gml_id":"bldg_8bcfce7a-86f3-4f1b-a23b-50f2aab5cae9"},"geometry":{"type":"Polygon","coordinates":[[[139.91490326866403,35.697319888395064],[139.91494617109845,35.69734789189505],[139.91493093802447,35.697363495907595],[139.91493923092239,35.69736880836365],[139.91492631585885,35.69738197710751],[139.91491758059422,35.697376304402724],[139.91490278904936,35.69739145742786],[139.91486032888088,35.69736372402382],[139.91490326866403,35.697319888395064]]]}},{"type":"Feature","properties":{"height":8.9,"gml_id":"bldg_44f2ddab-a1ef-4e3d-a3bc-16dece6dffde"},"geometry":{"type":"Polygon","coordinates":[[[139.91368116236666,35.69899302024076],[139.91370742785972,35.69906925851258],[139.9136414732077,35.699084355393104],[139.91361520777244,35.699008117107],[139.91368116236666,35.69899302024076]]]}},{"type":"Feature","properties":{"height":9.7,"gml_id":"bldg_8b0648ac-c50c-4359-921b-f066e43ed26b"},"geometry":{"type":"Polygon","coordinates":[[[139.9142188048052,35.69849537493998],[139.9142722009766,35.69851913518865],[139.91428393834985,35.69854310370981],[139.91419379890698,35.69857254892178],[139.9141646769101,35.6985129879937],[139.9142188048052,35.69849537493998]]]}},{"type":"Feature","properties":{"height":10.1,"gml_id":"bldg_ced3d0d9-4dca-42c2-b277-f4a0017eac52"},"geometry":{"type":"Polygon","coordinates":[[[139.9129300101821,35.69758855543977],[139.91294518434546,35.69762441989494],[139.9128516169845,35.69765089185508],[139.91283633235787,35.69761502746122],[139.9129300101821,35.69758855543977]]]}},{"type":"Feature","properties":{"height":20.3,"gml_id":"bldg_cde302d0-fd04-432b-9406-ddec4ef7aae6"},"geometry":{"type":"Polygon","coordinates":[[[139.9133349468759,35.69919396495337],[139.91333223187527,35.699184049897646],[139.91345527033923,35.69916161501808],[139.9135383152862,35.699436645763825],[139.9134862343089,35.699446618045634],[139.9135103115133,35.69953028599213],[139.9135052868095,35.69953124839526],[139.91352320511345,35.69959663977947],[139.9134695392303,35.69960642382223],[139.9134675950172,35.699599330442815],[139.91319085579028,35.69965232104615],[139.91324094905323,35.69983512775352],[139.91311794484747,35.69985755427719],[139.91311968702755,35.69986375183534],[139.9131243768211,35.69988042494996],[139.91312712815107,35.69989020477982],[139.91313420886956,35.69991537892041],[139.9131369613151,35.69992516686155],[139.91312910926945,35.69992659893372],[139.91313746164886,35.69995708039146],[139.91276714004977,35.70002459719082],[139.91275167215133,35.699968145659604],[139.91271052811933,35.69997564694798],[139.91269222223147,35.69990884235591],[139.9127333662309,35.699901341073726],[139.91271702778027,35.69984171188488],[139.91272564437014,35.699840141425874],[139.91272178156527,35.699826040256575],[139.912754096805,35.69982014832473],[139.91275007430045,35.69980547128702],[139.91283425585644,35.69979012399675],[139.91283002816013,35.699774693552904],[139.9128843858593,35.699764784047936],[139.91288805238133,35.69977816244411],[139.91300563844035,35.699756724036114],[139.91304937258442,35.69969377142853],[139.91304918958977,35.69969310363543],[139.9130309654229,35.69969642643046],[139.91301312069825,35.69963130443439],[139.91310422818856,35.69961469225667],[139.9131017498749,35.69960608402434],[139.9128130197721,35.69966137028001],[139.91271435270738,35.699680262277575],[139.91268607994758,35.69957708230491],[139.91270758212886,35.69957316159578],[139.91270489492942,35.69956335827791],[139.91269946487918,35.69954334606265],[139.91269543020053,35.69952862576476],[139.91270914995857,35.699526124433724],[139.91271908321434,35.69951402241511],[139.91271774483494,35.699509370431976],[139.91272386442043,35.699508197320675],[139.912737245612,35.699491893549144],[139.91313284251672,35.69941576643367],[139.913143561741,35.6994528308237],[139.9131306109691,35.69945519288369],[139.91313630167105,35.69947496784691],[139.91340848876618,35.699425341600396],[139.91334297947898,35.69920853384743],[139.91333913248747,35.69920923496526],[139.91333599383023,35.69919778155462],[139.9133349468759,35.69919396495337]]]}},{"type":"Feature","properties":{"height":12.2,"gml_id":"bldg_4f689a50-7f35-4289-b7ac-212a761be0d8"},"geometry":{"type":"Polygon","coordinates":[[[139.91490415634107,35.69981902329922],[139.91490830169354,35.699874725078296],[139.91483272126942,35.6998784718866],[139.9148285759693,35.699822770104916],[139.91490415634107,35.69981902329922]]]}},{"type":"Feature","properties":{"height":6.6,"gml_id":"bldg_0e319fa3-3d3d-462a-b2d4-0af98a34622d"},"geometry":{"type":"Polygon","coordinates":[[[139.91397045570366,35.69888222883043],[139.9140106286991,35.69894259362768],[139.91396401767278,35.69896326620602],[139.91392373429093,35.69890299160422],[139.91397045570366,35.69888222883043]]]}},{"type":"Feature","properties":{"height":9.5,"gml_id":"bldg_8d348ff7-4fa2-4b88-bfb7-896f9638a45e"},"geometry":{"type":"Polygon","coordinates":[[[139.912821789238,35.696767479648756],[139.91284878891213,35.69680567987167],[139.9128039471692,35.69682671138656],[139.91277694759873,35.696788601290535],[139.912821789238,35.696767479648756]]]}},{"type":"Feature","properties":{"height":8.2,"gml_id":"bldg_8cbd9141-f760-4784-8ea8-270cbb01070e"},"geometry":{"type":"Polygon","coordinates":[[[139.9155765312309,35.695693540457384],[139.91561892507815,35.69576489993891],[139.91557043628418,35.69578404210444],[139.91552815296737,35.69571268253057],[139.9155765312309,35.695693540457384]]]}},{"type":"Feature","properties":{"height":8.3,"gml_id":"bldg_1580ebc7-53dc-496e-ae8a-108a948a4262"},"geometry":{"type":"Polygon","coordinates":[[[139.91390471727203,35.698892368181774],[139.91395938366884,35.69897029998726],[139.91391111689717,35.698992776391826],[139.91385656103378,35.69891484449075],[139.91390471727203,35.698892368181774]]]}},{"type":"Feature","properties":{"height":9.0,"gml_id":"bldg_a7d1457c-14f3-421d-886b-b67835798c99"},"geometry":{"type":"Polygon","coordinates":[[[139.91535794599002,35.695780761878225],[139.91540243692782,35.69584995671969],[139.915364663258,35.69586611697765],[139.91532028284135,35.69579692204712],[139.91535794599002,35.695780761878225]]]}},{"type":"Feature","properties":{"height":9.1,"gml_id":"bldg_df4d559c-efd2-48be-af7b-697f02cb1a07"},"geometry":{"type":"Polygon","coordinates":[[[139.91271764863853,35.697273937577506],[139.91275514447233,35.69731068870514],[139.91268290117762,35.69733444235676],[139.91266230645513,35.697292271855055],[139.91271764863853,35.697273937577506]]]}},{"type":"Feature","properties":{"height":10.1,"gml_id":"bldg_22ef3141-d8d5-4e23-9ba2-e09a8207b24e"},"geometry":{"type":"Polygon","coordinates":[[[139.91393050894158,35.698827000769036],[139.91395507907362,35.69886547366869],[139.9138640643762,35.698904113181385],[139.9138394942769,35.698865641164716],[139.91393050894158,35.698827000769036]]]}},{"type":"Feature","properties":{"height":11.1,"gml_id":"bldg_055a3672-b819-42c6-8288-1908500eafc5"},"geometry":{"type":"Polygon","coordinates":[[[139.91396407999932,35.69463435041492],[139.9139945063255,35.69467399029055],[139.9139365255719,35.69470350391055],[139.9139060993538,35.69466395415735],[139.91396407999932,35.69463435041492]]]}},{"type":"Feature","properties":{"height":7.3,"gml_id":"bldg_0aa5b88c-cb9f-4733-8f2c-9a0e2fbd372b"},"geometry":{"type":"Polygon","coordinates":[[[139.91284788611858,35.69778853337748],[139.91286914344252,35.69783007244767],[139.91279988241985,35.69785301296503],[139.91277873562603,35.6978114738098],[139.91284788611858,35.69778853337748]]]}},{"type":"Feature","properties":{"height":4.5,"gml_id":"bldg_81d90e00-5f87-46d7-b428-1c33b16c7a05"},"geometry":{"type":"Polygon","coordinates":[[[139.91586144017904,35.69466605472215],[139.91598134330292,35.694787567206525],[139.91592812020755,35.694822576872156],[139.9158082171118,35.69470106433544],[139.91586144017904,35.69466605472215]]]}},{"type":"Feature","properties":{"height":17.1,"gml_id":"bldg_f27d5f87-5df8-456d-9e66-127456eaca81"},"geometry":{"type":"Polygon","coordinates":[[[139.91652823370177,35.698246493261],[139.91658803149218,35.69831362283435],[139.91659419926992,35.698300487425335],[139.91659935702467,35.69829475295383],[139.91656812724005,35.698259695074874],[139.91684549575618,35.698095287056574],[139.9168506312164,35.69810105315654],[139.91711710336997,35.69794310316636],[139.91714063559363,35.69796951943121],[139.9171577309998,35.697965154816885],[139.91717666351153,35.69796557338722],[139.91719330841585,35.69796786929722],[139.9172076797059,35.69797485210521],[139.91722119328412,35.69798478118314],[139.91745388821982,35.69824822866117],[139.91746011735913,35.69825788427909],[139.91746155997748,35.69827526887537],[139.9174563707492,35.69829411291593],[139.91744599148174,35.698307886777044],[139.91728687613107,35.69840345102439],[139.91739018103135,35.698523010418434],[139.9173778417067,35.698580226215476],[139.9173963612646,35.698581864591596],[139.91743902211746,35.698585640371334],[139.91743620270748,35.69860514255627],[139.9173943406678,35.69859705767432],[139.91728332608275,35.698587232709535],[139.9172780917913,35.69858317208745],[139.9172553681273,35.69859674992875],[139.91720893606748,35.69859317140743],[139.9173176461213,35.698715208562],[139.91742488976584,35.69865164577219],[139.91754648004587,35.69878814339465],[139.91738439741454,35.69888421100077],[139.917449254513,35.698957017933495],[139.91739344372846,35.69899009659614],[139.91732858776075,35.69891729143568],[139.9172166016701,35.6989836643047],[139.91690302738985,35.69863164277756],[139.91688304600862,35.698635409948174],[139.91686422133722,35.69863470912848],[139.91683869698224,35.69862661361635],[139.91682052165135,35.69861491744138],[139.916587343955,35.698351681811346],[139.9165854102761,35.69833901260532],[139.91658543168757,35.698336223754964],[139.91651677538715,35.69837691664917],[139.91645258670275,35.69830485597944],[139.91647686543155,35.69829046508148],[139.91646897972598,35.698281612775126],[139.91652823370177,35.698246493261]]]}},{"type":"Feature","properties":{"height":9.3,"gml_id":"bldg_f88590a1-2502-4039-9946-c37de6e00f2c"},"geometry":{"type":"Polygon","coordinates":[[[139.91330118784916,35.69859243451529],[139.91331603140537,35.698628839958474],[139.91323836990753,35.69864998356902],[139.91322341588125,35.69861357818967],[139.91330118784916,35.69859243451529]]]}},{"type":"Feature","properties":{"height":7.7,"gml_id":"bldg_4d97b1ba-ff57-4e46-8f65-2571f8ea2822"},"geometry":{"type":"Polygon","coordinates":[[[139.91328893347801,35.69782889297647],[139.91333020008204,35.69787889154159],[139.91329452805513,35.69789856508795],[139.9132531507829,35.697848386310426],[139.91328893347801,35.69782889297647]]]}},{"type":"Feature","properties":{"height":8.7,"gml_id":"bldg_55a3789a-f27c-4122-be1d-5bc8305474ed"},"geometry":{"type":"Polygon","coordinates":[[[139.9126059807961,35.69854989905609],[139.91263777742301,35.698633435013406],[139.91250090029195,35.69866813768015],[139.9124748648306,35.698599740897755],[139.9124823606686,35.698581257905836],[139.9126059807961,35.69854989905609]]]}},{"type":"Feature","properties":{"height":4.6,"gml_id":"bldg_0dae3a1c-1ae1-480a-a0b0-106f9aac9d6b"},"geometry":{"type":"Polygon","coordinates":[[[139.9125289148375,35.697944139679336],[139.91259220659327,35.69803044917622],[139.91257464546067,35.698039023743625],[139.91251135371704,35.697952714237616],[139.9125289148375,35.697944139679336]]]}},{"type":"Feature","properties":{"height":7.7,"gml_id":"bldg_c853eea6-6dcd-4d6d-a605-a6a4393b9545"},"geometry":{"type":"Polygon","coordinates":[[[139.91316445705547,35.6982192683813],[139.9132147216487,35.69831667302368],[139.9131641294175,35.69833401287104],[139.9131385542736,35.698284454535305],[139.9131287230068,35.69828779611805],[139.9131040336128,35.69823994978852],[139.91316445705547,35.6982192683813]]]}},{"type":"Feature","properties":{"height":10.4,"gml_id":"bldg_0cc77171-5681-4329-939c-95a5651eb617"},"geometry":{"type":"Polygon","coordinates":[[[139.9133048328158,35.69825883543919],[139.91326318888238,35.698273825823726],[139.9132242204285,35.698201561899516],[139.91326597483257,35.69818657145495],[139.9133048328158,35.69825883543919]]]}},{"type":"Feature","properties":{"height":7.9,"gml_id":"bldg_e8a498b0-8cf3-45d5-a328-6b142e916647"},"geometry":{"type":"Polygon","coordinates":[[[139.91280748931644,35.69661020015985],[139.91283691829267,35.696646776317955],[139.91278556355573,35.69667421184944],[139.91275613450344,35.69663754554205],[139.91280748931644,35.69661020015985]]]}},{"type":"Feature","properties":{"height":7.5,"gml_id":"bldg_6d32591f-e4bc-4fc8-93ea-5a874b3a8c4d"},"geometry":{"type":"Polygon","coordinates":[[[139.91413539967073,35.69621830214456],[139.91425557754482,35.6962839312371],[139.91421617818446,35.69633200069901],[139.91409600026947,35.696266370666365],[139.91413539967073,35.69621830214456]]]}},{"type":"Feature","properties":{"height":3.0,"gml_id":"bldg_a6ad134f-1e99-448a-9e0b-39e550073318"},"geometry":{"type":"Polygon","coordinates":[[[139.91555573140388,35.699112537814656],[139.91557586426657,35.69913343581817],[139.9155516802065,35.69914895588316],[139.91553154734623,35.69912805787566],[139.91555573140388,35.699112537814656]]]}},{"type":"Feature","properties":{"height":10.5,"gml_id":"bldg_235a263f-9c5e-41ba-af89-5fa55645245c"},"geometry":{"type":"Polygon","coordinates":[[[139.91402725413244,35.69910203463717],[139.91395744155673,35.699126688786784],[139.91391680745573,35.69904739553613],[139.91392651540124,35.69903125453399],[139.9139689296693,35.69901283820395],[139.91402725413244,35.69910203463717]]]}},{"type":"Feature","properties":{"height":3.8,"gml_id":"bldg_e6b93444-af99-47a2-bdc2-4920ce276a99"},"geometry":{"type":"Polygon","coordinates":[[[139.91436380059577,35.69600091861265],[139.91444428912396,35.696046383556464],[139.91439230672356,35.69610780182144],[139.91431170766506,35.69606233691771],[139.91436380059577,35.69600091861265]]]}},{"type":"Feature","properties":{"height":6.8,"gml_id":"bldg_40367bb4-bf29-4f95-ae67-5dafbe615ef3"},"geometry":{"type":"Polygon","coordinates":[[[139.91293235500876,35.69828017435601],[139.9129726815159,35.69838488675861],[139.91292020681783,35.69839835186215],[139.91287988028296,35.69829354930529],[139.91293235500876,35.69828017435601]]]}},{"type":"Feature","properties":{"height":8.1,"gml_id":"bldg_ddcd8f7c-97d1-4a58-aedf-8cdb7a56ec01"},"geometry":{"type":"Polygon","coordinates":[[[139.91548172269233,35.69536866153073],[139.91551358447538,35.69540631702459],[139.91545958257197,35.69543673002761],[139.91545670604418,35.695433216649384],[139.91542699951572,35.6954500023827],[139.91539049115556,35.69540676154335],[139.91544902085434,35.6953738216483],[139.91545654389012,35.69538283021033],[139.91548172269233,35.69536866153073]]]}},{"type":"Feature","properties":{"height":7.7,"gml_id":"bldg_6e59b938-00b9-448e-9870-d10761db3862"},"geometry":{"type":"Polygon","coordinates":[[[139.91316175121608,35.69860875170749],[139.9131906649801,35.698681833549806],[139.91310781063132,35.69870379175289],[139.9130788969349,35.69863070989085],[139.91316175121608,35.69860875170749]]]}},{"type":"Feature","properties":{"height":2.0,"gml_id":"bldg_1386d88b-ee7d-4f26-acae-43d9fb5db0ad"},"geometry":{"type":"Polygon","coordinates":[[[139.91541129561557,35.69759373954818],[139.91539912703473,35.697580497719315],[139.91547344678045,35.69753483775328],[139.91548572586655,35.697548079499335],[139.91541129561557,35.69759373954818]]]}},{"type":"Feature","properties":{"height":6.8,"gml_id":"bldg_a3b46489-9372-4094-b624-bee34ccbbac1"},"geometry":{"type":"Polygon","coordinates":[[[139.91375979894258,35.69884225884757],[139.91377795871367,35.69887956338527],[139.91368406245604,35.69890982195683],[139.91366590272182,35.69887251740511],[139.91375979894258,35.69884225884757]]]}},{"type":"Feature","properties":{"height":4.8,"gml_id":"bldg_07cbb7b7-40fd-416d-90aa-db16b0795d2f"},"geometry":{"type":"Polygon","coordinates":[[[139.91291464811567,35.69858692192355],[139.91285819629758,35.698601471271715],[139.9128153226654,35.69849108189194],[139.91287166382278,35.698476442499874],[139.91291464811567,35.69858692192355]]]}},{"type":"Feature","properties":{"height":6.6,"gml_id":"bldg_0d3b94cd-9925-4b27-be45-5247cdd5e280"},"geometry":{"type":"Polygon","coordinates":[[[139.91379994898568,35.699099933378115],[139.91382853200327,35.69917301528184],[139.91378588927964,35.699184130627025],[139.91375730620646,35.699110958576426],[139.91379994898568,35.699099933378115]]]}},{"type":"Feature","properties":{"height":10.7,"gml_id":"bldg_35a58d1d-d083-4088-a9ab-ff24e1be3d73"},"geometry":{"type":"Polygon","coordinates":[[[139.913534291334,35.69897923710536],[139.9135461466391,35.699010777116726],[139.913467046953,35.69903056977867],[139.91345530217808,35.69899902968604],[139.913534291334,35.69897923710536]]]}},{"type":"Feature","properties":{"height":9.7,"gml_id":"bldg_d4877afa-5d08-4d6e-b61f-28074a18803d"},"geometry":{"type":"Polygon","coordinates":[[[139.91355339426963,35.69863436063201],[139.91357488384347,35.69868653556991],[139.91350097851017,35.698706775476786],[139.91347948897902,35.69865460052582],[139.91355339426963,35.69863436063201]]]}},{"type":"Feature","properties":{"height":8.3,"gml_id":"bldg_27186fd4-5d34-48d8-a966-25c583bd9c7c"},"geometry":{"type":"Polygon","coordinates":[[[139.91353479925587,35.69893470914401],[139.91354831605577,35.69897021407146],[139.91344270287766,35.698996964923246],[139.91342918612094,35.69896146088538],[139.91353479925587,35.69893470914401]]]}},{"type":"Feature","properties":{"height":9.4,"gml_id":"bldg_89427360-eb93-4767-b421-914df691648d"},"geometry":{"type":"Polygon","coordinates":[[[139.91460720568938,35.699355289650875],[139.91468489360065,35.69935983415296],[139.91468150693277,35.69939814461632],[139.91460381889306,35.69939350997531],[139.91460720568938,35.699355289650875]]]}},{"type":"Feature","properties":{"height":6.6,"gml_id":"bldg_6c4609aa-3a79-4c98-a5db-a499574e0c4e"},"geometry":{"type":"Polygon","coordinates":[[[139.91302232894313,35.696973580331985],[139.913067701178,35.69704142338628],[139.9129809975966,35.69708005938631],[139.91293927744255,35.69701780237353],[139.91294136877625,35.69700959853095],[139.91302232894313,35.696973580331985]]]}},{"type":"Feature","properties":{"height":12.8,"gml_id":"bldg_e90d6532-62bd-4034-aa3a-c4aa37cbef52"},"geometry":{"type":"Polygon","coordinates":[[[139.91350871861724,35.69849098259763],[139.91353697172264,35.698566137946635],[139.91345323258568,35.698587105471454],[139.9134249795514,35.698511950102976],[139.91350871861724,35.69849098259763]]]}},{"type":"Feature","properties":{"height":11.0,"gml_id":"bldg_e95c6c76-1c61-4093-b712-26d26de7bacc"},"geometry":{"type":"Polygon","coordinates":[[[139.9125165713408,35.695965101599526],[139.9129320568051,35.696312215312425],[139.91282970567477,35.696393676594305],[139.91261682014476,35.696215886697175],[139.9125853528746,35.69624087534792],[139.912382753052,35.69607164126815],[139.9125165713408,35.695965101599526]]]}},{"type":"Feature","properties":{"height":2.7,"gml_id":"bldg_880bf0a4-3260-4513-8497-0e648fd30775"},"geometry":{"type":"Polygon","coordinates":[[[139.9149811037595,35.69692873155234],[139.9149597641084,35.69691567617144],[139.9149880205473,35.696884920318396],[139.91500936028666,35.696898065831206],[139.9149811037595,35.69692873155234]]]}},{"type":"Feature","properties":{"height":8.7,"gml_id":"bldg_44c81204-3dd8-4839-8a88-c44464593fde"},"geometry":{"type":"Polygon","coordinates":[[[139.91309459330864,35.69763721056622],[139.91311308579185,35.69767631772978],[139.9130331085159,35.697701338632505],[139.91301472656605,35.69766223138364],[139.91309459330864,35.69763721056622]]]}},{"type":"Feature","properties":{"height":2.3,"gml_id":"bldg_6ce60818-5a0a-494a-8b20-03e436f1922c"},"geometry":{"type":"Polygon","coordinates":[[[139.91540174196606,35.698838446490825],[139.9153905671589,35.69882466316506],[139.91551635918606,35.698756884544096],[139.9155276445995,35.69877075791969],[139.91540174196606,35.698838446490825]]]}},{"type":"Feature","properties":{"height":9.2,"gml_id":"bldg_f3a6ec2c-b7b9-4372-bf4c-bef3a75041d9"},"geometry":{"type":"Polygon","coordinates":[[[139.91646310853244,35.69627972289502],[139.91650206315128,35.6963367526617],[139.9163983539387,35.696383785608226],[139.91635950986898,35.69632675573215],[139.91646310853244,35.69627972289502]]]}},{"type":"Feature","properties":{"height":8.8,"gml_id":"bldg_d275d9ab-14c2-45ff-b81b-6c3fa2b7f208"},"geometry":{"type":"Polygon","coordinates":[[[139.91411818375343,35.69985533769221],[139.91416173910406,35.69987225418555],[139.91416559998387,35.699865581464245],[139.91419699526492,35.69987781899245],[139.9141695271848,35.69992461847944],[139.91409468702537,35.6998954643683],[139.91411818375343,35.69985533769221]]]}},{"type":"Feature","properties":{"height":9.2,"gml_id":"bldg_b468a588-c443-43ef-80ee-f96e66bb3151"},"geometry":{"type":"Polygon","coordinates":[[[139.91441058338316,35.698880851544814],[139.91445808474242,35.69886657791246],[139.91449418925646,35.69894641485795],[139.91444668785633,35.698960688504414],[139.91441058338316,35.698880851544814]]]}},{"type":"Feature","properties":{"height":9.2,"gml_id":"bldg_6051f4f8-af04-4aac-a84f-749969825166"},"geometry":{"type":"Polygon","coordinates":[[[139.91565231547904,35.69621457026126],[139.91571716222836,35.69630673597553],[139.91567210061578,35.696327858847326],[139.9156072539937,35.69623578324594],[139.91565231547904,35.69621457026126]]]}},{"type":"Feature","properties":{"height":9.6,"gml_id":"bldg_0f2028ff-876a-4be6-986a-ed4542507c36"},"geometry":{"type":"Polygon","coordinates":[[[139.91368544490143,35.69808488816799],[139.91373803600908,35.698077642098816],[139.91375569325072,35.69816380118057],[139.9137310538068,35.69816715270503],[139.91373527301624,35.69818725041568],[139.91370732018575,35.69819114496976],[139.91368544490143,35.69808488816799]]]}},{"type":"Feature","properties":{"height":7.0,"gml_id":"bldg_173a0bdb-d4f2-4253-a6d1-b8d39a8a57b3"},"geometry":{"type":"Polygon","coordinates":[[[139.91414964192066,35.69642542724343],[139.91419762545036,35.696452345960374],[139.9141245627381,35.69653892646692],[139.91409084158286,35.696520020340145],[139.914111149231,35.696496120429465],[139.91409677624196,35.69648801775023],[139.91414964192066,35.69642542724343]]]}},{"type":"Feature","properties":{"height":6.7,"gml_id":"bldg_4970d450-40ee-4bc8-8a6f-0ab9144c879b"},"geometry":{"type":"Polygon","coordinates":[[[139.91513474108604,35.69491541884929],[139.91528666624333,35.695124162819866],[139.91522371430455,35.6951546719482],[139.91519417033163,35.695114220554416],[139.91514248341005,35.69513922362564],[139.91501999190533,35.69497093099336],[139.91513474108604,35.69491541884929]]]}},{"type":"Feature","properties":{"height":3.5,"gml_id":"bldg_2e197835-4472-4bc3-b280-be8bcc225b5f"},"geometry":{"type":"Polygon","coordinates":[[[139.91475057669558,35.69907757116132],[139.91478558743447,35.699059429961764],[139.91479919697537,35.699076907307756],[139.9148107935516,35.69907086028753],[139.91484907736222,35.69912004910757],[139.9148024700256,35.699144237345934],[139.91475057669558,35.69907757116132]]]}},{"type":"Feature","properties":{"height":8.7,"gml_id":"bldg_04e6a2a5-9dac-4da5-abcb-69a705d3b8b3"},"geometry":{"type":"Polygon","coordinates":[[[139.91454278592863,35.69587091067712],[139.91459708061203,35.695910624424194],[139.91456837780413,35.69593687364492],[139.9145139726194,35.695897159959586],[139.91454278592863,35.69587091067712]]]}},{"type":"Feature","properties":{"height":20.7,"gml_id":"bldg_5c9e9971-91b5-41a8-a1c6-47a12f37b69e"},"geometry":{"type":"Polygon","coordinates":[[[139.91537080579022,35.698626916296405],[139.9154550019354,35.69872880370936],[139.915354833373,35.69878394564506],[139.915382603831,35.698817637915965],[139.91535930107335,35.69883045323569],[139.91533241574172,35.698797841999195],[139.9150040779893,35.69897833899425],[139.9150359418149,35.69901680582176],[139.91500667523513,35.69903296018542],[139.91497348364774,35.69899278164995],[139.9148542082103,35.699058392003124],[139.91477045513048,35.69895713483372],[139.91537080579022,35.698626916296405]]]}},{"type":"Feature","properties":{"height":8.5,"gml_id":"bldg_ba541ebb-7519-41e4-8858-6c3d86edd3b4"},"geometry":{"type":"Polygon","coordinates":[[[139.91466979790243,35.694505520629946],[139.9147816778961,35.694454066919974],[139.9148141008164,35.69450091619486],[139.9147022208698,35.694552460071534],[139.91466979790243,35.694505520629946]]]}},{"type":"Feature","properties":{"height":3.7,"gml_id":"bldg_25628f78-57d3-462a-9393-f3f59a4a2b64"},"geometry":{"type":"Polygon","coordinates":[[[139.91436123542263,35.692918777285726],[139.91433330059215,35.69293862622045],[139.91426450844807,35.69287422454846],[139.91429255376676,35.69285437555519],[139.91436123542263,35.692918777285726]]]}},{"type":"Feature","properties":{"height":8.3,"gml_id":"bldg_07006f4a-eb0a-43eb-83a3-8fbe381c5f1e"},"geometry":{"type":"Polygon","coordinates":[[[139.91320891945804,35.69770635990403],[139.9132433146083,35.69773599211846],[139.91310954683837,35.697784304090085],[139.91309050577973,35.69774916331409],[139.91320891945804,35.69770635990403]]]}},{"type":"Feature","properties":{"height":7.8,"gml_id":"bldg_6dd3a77c-d306-488c-adf6-ab55eda85718"},"geometry":{"type":"Polygon","coordinates":[[[139.91462777995224,35.69589185521374],[139.91467101832652,35.695925086534245],[139.91461703240006,35.69597190406803],[139.91457379393142,35.695938582591516],[139.91462777995224,35.69589185521374]]]}},{"type":"Feature","properties":{"height":12.6,"gml_id":"bldg_85c3680a-d2e6-4c3e-b557-c38d5a180710"},"geometry":{"type":"Polygon","coordinates":[[[139.91320985442687,35.69775746690998],[139.91323420504034,35.69779810249409],[139.91320218142516,35.69781966646661],[139.91316462621484,35.697834654105066],[139.91313606942848,35.69778681034316],[139.91320985442687,35.69775746690998]]]}},{"type":"Feature","properties":{"height":9.5,"gml_id":"bldg_bc97a31f-f11d-4601-b8fb-694b51f1aee2"},"geometry":{"type":"Polygon","coordinates":[[[139.9130299616982,35.69742615273035],[139.91306593039832,35.69748264475469],[139.9130336779711,35.697496276786886],[139.913028586993,35.697488257972445],[139.9130242792902,35.697490063562526],[139.9130163110119,35.697477720080634],[139.91301012561817,35.69748033814535],[139.9129871057848,35.697444298615515],[139.9130299616982,35.69742615273035]]]}},{"type":"Feature","properties":{"height":12.1,"gml_id":"bldg_00203574-11eb-4d0b-a05a-76c83a75a605"},"geometry":{"type":"Polygon","coordinates":[[[139.91460408837395,35.69944128234022],[139.91465061298717,35.69944422543668],[139.9146443809578,35.699509849295154],[139.91459709156766,35.69951555985307],[139.91460408837395,35.69944128234022]]]}},{"type":"Feature","properties":{"height":7.5,"gml_id":"bldg_a26de39d-1597-4be7-8fb6-e78b51ba7761"},"geometry":{"type":"Polygon","coordinates":[[[139.91287362965448,35.69667271149999],[139.91288933802844,35.69669036795637],[139.91289364497504,35.69668784127601],[139.9129153268305,35.69671207377611],[139.91287612283733,35.6967353550139],[139.91283873261705,35.69669346604594],[139.91287362965448,35.69667271149999]]]}},{"type":"Feature","properties":{"height":7.3,"gml_id":"bldg_cd8e5cdc-115b-4c5f-a39a-a086b0527e6d"},"geometry":{"type":"Polygon","coordinates":[[[139.91414535481547,35.6987475371626],[139.91412231837737,35.69869590418688],[139.91422527497923,35.69866527863678],[139.91424831147484,35.698716911593],[139.91414535481547,35.6987475371626]]]}},{"type":"Feature","properties":{"height":10.2,"gml_id":"bldg_096f7b67-0105-43b5-b8cc-cb2bd3b42b77"},"geometry":{"type":"Polygon","coordinates":[[[139.91411599987444,35.69845704565873],[139.91413637711514,35.69850164974504],[139.9140178455387,35.69853778401104],[139.91399735794423,35.698493270115755],[139.91411599987444,35.69845704565873]]]}},{"type":"Feature","properties":{"height":7.0,"gml_id":"bldg_14e6269f-ae2e-4b2f-802b-84357c9a6ac6"},"geometry":{"type":"Polygon","coordinates":[[[139.91363882759853,35.69346972787114],[139.91360158133483,35.69346010805633],[139.9135662813678,35.69340794228225],[139.9135120531262,35.693432405532064],[139.91348903621812,35.69339834908479],[139.91361185046844,35.69334301328217],[139.9136838878512,35.693449416984755],[139.91363882759853,35.69346972787114]]]}},{"type":"Feature","properties":{"height":13.7,"gml_id":"bldg_97612153-ac64-4315-a9e7-687fe2cd64d5"},"geometry":{"type":"Polygon","coordinates":[[[139.91325036405073,35.698045607706305],[139.913313461494,35.69815778624152],[139.91325966764813,35.69817792250052],[139.9131965701743,35.69806565380057],[139.91325036405073,35.698045607706305]]]}},{"type":"Feature","properties":{"height":7.0,"gml_id":"bldg_28d64bf6-0aad-435b-9a57-fbdff9b3ec79"},"geometry":{"type":"Polygon","coordinates":[[[139.91352381748897,35.69823047690627],[139.9134745534849,35.698139471445586],[139.91351431942712,35.6981251131969],[139.91351664409444,35.69812925794588],[139.91354823594514,35.698117878746956],[139.9135668343871,35.69815211927561],[139.9135551255432,35.69815636351372],[139.91355988583635,35.69816510362052],[139.91355358963577,35.69816745137603],[139.9135772807038,35.69821124211883],[139.91352381748897,35.69823047690627]]]}},{"type":"Feature","properties":{"height":11.1,"gml_id":"bldg_64c95735-a94e-4880-90a1-01d41c15d24f"},"geometry":{"type":"Polygon","coordinates":[[[139.91408551934737,35.699899526678195],[139.91416046800936,35.69992669771093],[139.91412969461186,35.69998323419016],[139.91406779011345,35.69996083164467],[139.91406224614053,35.69994217703019],[139.91408551934737,35.699899526678195]]]}},{"type":"Feature","properties":{"height":9.2,"gml_id":"bldg_86536465-28fc-40d9-b3fa-cc1f4d940a5a"},"geometry":{"type":"Polygon","coordinates":[[[139.9125738887325,35.6972741224343],[139.91266212455673,35.69733175194318],[139.9126283457383,35.69736620649996],[139.91253999940065,35.697308577039394],[139.9125738887325,35.6972741224343]]]}},{"type":"Feature","properties":{"height":10.3,"gml_id":"bldg_8bc3c4ae-4c71-4813-abb7-3464d424d400"},"geometry":{"type":"Polygon","coordinates":[[[139.913150713989,35.6970693108161],[139.9131738430294,35.69710408832764],[139.91310492167077,35.697134510161604],[139.9130819032406,35.69709982270062],[139.913150713989,35.6970693108161]]]}},{"type":"Feature","properties":{"height":7.2,"gml_id":"bldg_7ed576a4-132c-47c2-a64c-f4cf2a02ed56"},"geometry":{"type":"Polygon","coordinates":[[[139.91526718260536,35.69573692700221],[139.91530492570882,35.69579891551818],[139.91525478055345,35.695819230464565],[139.91521703747915,35.695757241933045],[139.91526718260536,35.69573692700221]]]}},{"type":"Feature","properties":{"height":7.0,"gml_id":"bldg_fc6f1e45-4749-4225-8d39-ebf54d391f79"},"geometry":{"type":"Polygon","coordinates":[[[139.91577906326273,35.695791290626694],[139.91581946021626,35.695854719353804],[139.91576821166436,35.69587647746082],[139.91572770424276,35.69581304879235],[139.91577906326273,35.695791290626694]]]}},{"type":"Feature","properties":{"height":9.1,"gml_id":"bldg_3d5e037f-087e-41a4-b3e5-652d0e9fb1b7"},"geometry":{"type":"Polygon","coordinates":[[[139.91581323117373,35.69613667194316],[139.9158837138226,35.696229194254784],[139.91584141512382,35.696250675843146],[139.91577093250484,35.696158153507035],[139.91581323117373,35.69613667194316]]]}},{"type":"Feature","properties":{"height":7.0,"gml_id":"bldg_93b655ae-91ad-41a7-bc82-b5f416368085"},"geometry":{"type":"Polygon","coordinates":[[[139.91548243755759,35.696281207364024],[139.91556633152535,35.69641392177514],[139.91553540538118,35.69642701275191],[139.91552898611252,35.69641692179968],[139.91551142435392,35.69642423488086],[139.91550655437808,35.696416396292875],[139.91549771653848,35.69641838533793],[139.9154864273948,35.696400545931695],[139.91547902714495,35.69640361563737],[139.9154605440607,35.69637451402191],[139.91548130878627,35.69636575657153],[139.91543925131882,35.696299354350344],[139.91548243755759,35.696281207364024]]]}},{"type":"Feature","properties":{"height":9.0,"gml_id":"bldg_98f180e3-4a19-4520-b2c5-e3664048fa5c"},"geometry":{"type":"Polygon","coordinates":[[[139.91399588286157,35.696370186300285],[139.91406675328415,35.6964107905442],[139.9140393816447,35.6964425370965],[139.91396851120786,35.69640193283672],[139.91399588286157,35.696370186300285]]]}},{"type":"Feature","properties":{"height":6.3,"gml_id":"bldg_1615423d-47cd-4361-9c5d-ce347e76b87e"},"geometry":{"type":"Polygon","coordinates":[[[139.91465361792947,35.69587363010117],[139.91468265602435,35.695851166384536],[139.91470820341445,35.69587323266613],[139.9146790547295,35.69589560632664],[139.91465361792947,35.69587363010117]]]}},{"type":"Feature","properties":{"height":8.3,"gml_id":"bldg_a13d5ff5-5d7d-4815-9245-121afe49373a"},"geometry":{"type":"Polygon","coordinates":[[[139.91297141668727,35.69733506305828],[139.91302641745318,35.69741786248093],[139.9129725172061,35.69744169429766],[139.91292440463283,35.69739629711521],[139.9129035996026,35.697365033360846],[139.91297141668727,35.69733506305828]]]}},{"type":"Feature","properties":{"height":7.0,"gml_id":"bldg_552ed7a3-ca99-45a6-8b33-2e90b6286c9d"},"geometry":{"type":"Polygon","coordinates":[[[139.91356222570658,35.697522516063714],[139.91358458616253,35.697561890988155],[139.91350019591314,35.69759367541166],[139.91347794598977,35.69755430039813],[139.91356222570658,35.697522516063714]]]}},{"type":"Feature","properties":{"height":2.9,"gml_id":"bldg_e6161036-d660-4d48-8b70-727e79ed3b49"},"geometry":{"type":"Polygon","coordinates":[[[139.9156686822743,35.69472225190005],[139.91569002136293,35.694735217023776],[139.91566585032427,35.69476209436899],[139.91564440082888,35.694749219453485],[139.9156686822743,35.69472225190005]]]}},{"type":"Feature","properties":{"height":8.5,"gml_id":"bldg_71de0346-5fbb-45df-a020-2f317ee3cba5"},"geometry":{"type":"Polygon","coordinates":[[[139.9155545232351,35.69621328504223],[139.91551081534456,35.696153734378235],[139.91557564531382,35.69612214217819],[139.91556789953336,35.696111511312196],[139.9156079902171,35.69609192420413],[139.91565944394145,35.6961621056939],[139.9155545232351,35.69621328504223]]]}},{"type":"Feature","properties":{"height":7.9,"gml_id":"bldg_5a01635e-6333-40ba-b7fc-782184d05f84"},"geometry":{"type":"Polygon","coordinates":[[[139.9153428404874,35.695273030794375],[139.91535832887453,35.695291408177916],[139.9153753353298,35.69528157166191],[139.91540741876085,35.695319948128954],[139.91534988309542,35.6953524366421],[139.915302200892,35.69529577298332],[139.9153428404874,35.695273030794375]]]}},{"type":"Feature","properties":{"height":7.3,"gml_id":"bldg_6ea2954c-0a33-4813-9941-7f1deacccfdf"},"geometry":{"type":"Polygon","coordinates":[[[139.91268344587456,35.697661188300195],[139.9127154510789,35.69773246549263],[139.91267225834028,35.697745473683334],[139.9126402530799,35.697674106342674],[139.91268344587456,35.697661188300195]]]}},{"type":"Feature","properties":{"height":6.7,"gml_id":"bldg_1c4443de-fe68-420e-9d6f-c890c9917c6a"},"geometry":{"type":"Polygon","coordinates":[[[139.9127570610792,35.69211122745583],[139.91257749310424,35.6922051784016],[139.9123692847306,35.69194049279438],[139.91254874186552,35.6918465422282],[139.9127570610792,35.69211122745583]]]}},{"type":"Feature","properties":{"height":3.9,"gml_id":"bldg_3aee0e3c-c96f-483a-91af-0cc68f0cfb6b"},"geometry":{"type":"Polygon","coordinates":[[[139.9144485095022,35.694758143548775],[139.91446798475855,35.69478571233107],[139.91440436933937,35.69481577079509],[139.91438057863644,35.694782165732484],[139.91442729625143,35.694760140853994],[139.91443161171492,35.69476617712249],[139.9144485095022,35.694758143548775]]]}},{"type":"Feature","properties":{"height":7.8,"gml_id":"bldg_0be14675-2cf5-48d9-96f0-f90b54b9a1fb"},"geometry":{"type":"Polygon","coordinates":[[[139.91447599833066,35.69942406247237],[139.91454838126353,35.69942770926962],[139.9145451075893,35.69946854348515],[139.91447272452834,35.69946480654919],[139.91447599833066,35.69942406247237]]]}},{"type":"Feature","properties":{"height":5.4,"gml_id":"bldg_cb952896-262d-4048-9d64-0843c0b1746e"},"geometry":{"type":"Polygon","coordinates":[[[139.91606267436592,35.695542137831865],[139.91603363128002,35.695559283806325],[139.91600154987185,35.695523251066966],[139.91603059295156,35.69550610510016],[139.91606267436592,35.695542137831865]]]}},{"type":"Feature","properties":{"height":7.2,"gml_id":"bldg_0f57c7a5-0620-4f1a-9255-79eba9e8da06"},"geometry":{"type":"Polygon","coordinates":[[[139.9127123413611,35.69214127257003],[139.91275227956183,35.6921920834915],[139.9126398561815,35.69225083678773],[139.91259991811182,35.69220011596634],[139.9127123413611,35.69214127257003]]]}},{"type":"Feature","properties":{"height":9.5,"gml_id":"bldg_781b1c83-ddbe-40e3-add6-04fbf1940e0d"},"geometry":{"type":"Polygon","coordinates":[[[139.91555304805746,35.69628323230572],[139.9155643137883,35.69627826707948],[139.9156093556362,35.69634547844973],[139.91555092876126,35.69637156794123],[139.91550688291156,35.69630579806033],[139.91551825905424,35.696300742626114],[139.9155108443889,35.696289750983],[139.91554673985144,35.696273682099886],[139.91555304805746,35.69628323230572]]]}},{"type":"Feature","properties":{"height":7.9,"gml_id":"bldg_8836a5b0-6f9d-4557-8429-1908fbd6ef63"},"geometry":{"type":"Polygon","coordinates":[[[139.9135814121955,35.698695274496465],[139.91360035873058,35.69874591879744],[139.91352567821284,35.69876453677216],[139.91350673172056,35.698713892459565],[139.9135814121955,35.698695274496465]]]}},{"type":"Feature","properties":{"height":6.9,"gml_id":"bldg_d59b51e9-635a-43ea-90fd-9f3e22c56055"},"geometry":{"type":"Polygon","coordinates":[[[139.91421915253724,35.69643241123679],[139.91428217363506,35.69646896446572],[139.91421230817798,35.69654833192122],[139.91412721324969,35.6965374824972],[139.91421915253724,35.69643241123679]]]}},{"type":"Feature","properties":{"height":2.1,"gml_id":"bldg_d2b0112d-5d71-4e90-acde-0ee781ee1e95"},"geometry":{"type":"Polygon","coordinates":[[[139.91625766868563,35.69647050418929],[139.91627379110574,35.69646048788332],[139.91632865915162,35.696519129203516],[139.91631253681993,35.69652923565359],[139.91625766868563,35.69647050418929]]]}},{"type":"Feature","properties":{"height":8.8,"gml_id":"bldg_329e991c-ac12-4c2f-8f31-c47182baad88"},"geometry":{"type":"Polygon","coordinates":[[[139.91457943568287,35.69583591281621],[139.9146272068812,35.695871574790615],[139.9145950810457,35.69590016988975],[139.91454730984458,35.695864507902755],[139.91457943568287,35.69583591281621]]]}},{"type":"Feature","properties":{"height":9.6,"gml_id":"bldg_308d2210-b2e2-4118-93c2-6eb8cc620744"},"geometry":{"type":"Polygon","coordinates":[[[139.9155179935069,35.695180340700745],[139.9155594763153,35.69522565125502],[139.9154610849562,35.695285479215435],[139.91541960217234,35.695240168627684],[139.9155179935069,35.695180340700745]]]}},{"type":"Feature","properties":{"height":6.4,"gml_id":"bldg_9499684d-548c-418a-897c-f4e6a6076720"},"geometry":{"type":"Polygon","coordinates":[[[139.91263495960257,35.697684745985256],[139.9126622028164,35.6977454803105],[139.91261514353369,35.69775948253472],[139.91258790043995,35.69769883833579],[139.91263495960257,35.697684745985256]]]}},{"type":"Feature","properties":{"height":7.6,"gml_id":"bldg_b3c0bd54-824a-45c4-bca0-ec0398cf631e"},"geometry":{"type":"Polygon","coordinates":[[[139.91362147313248,35.69809196153166],[139.91367737762496,35.69808417245756],[139.91370058315968,35.698194664807],[139.91364456698653,35.69820245396628],[139.91362147313248,35.69809196153166]]]}},{"type":"Feature","properties":{"height":7.9,"gml_id":"bldg_9695186c-bcdc-430a-b769-24ef7ea45018"},"geometry":{"type":"Polygon","coordinates":[[[139.91353896733685,35.69857271661025],[139.9135599092527,35.69862975930852],[139.91347561709685,35.69865027653283],[139.91345467523556,35.69859323382002],[139.91353896733685,35.69857271661025]]]}},{"type":"Feature","properties":{"height":9.7,"gml_id":"bldg_50a7fcae-e894-4b99-a6d8-6914eb800ae0"},"geometry":{"type":"Polygon","coordinates":[[[139.91531398817006,35.695800531811535],[139.91534597309516,35.69585044588615],[139.9153184709913,35.69586200214762],[139.91531149829243,35.69585092005344],[139.91528024129175,35.69586446187575],[139.91525522908893,35.695825629881654],[139.91531398817006,35.695800531811535]]]}},{"type":"Feature","properties":{"height":4.7,"gml_id":"bldg_ad2c26fe-f077-47da-94a2-ae192597ba2a"},"geometry":{"type":"Polygon","coordinates":[[[139.9151977118826,35.69566035696957],[139.91515256045398,35.6955933266869],[139.91518381681797,35.69557924407597],[139.9151930019082,35.69559275837094],[139.91523287318097,35.695574884137244],[139.915268839557,35.69562840100296],[139.9151977118826,35.69566035696957]]]}},{"type":"Feature","properties":{"height":6.2,"gml_id":"bldg_1980bdb1-951d-4e7a-b623-a9114b1dce8d"},"geometry":{"type":"Polygon","coordinates":[[[139.91549345332535,35.69527842644635],[139.91550639615897,35.69529274938577],[139.91547006505508,35.69531458732072],[139.9154571222244,35.695300264377444],[139.91549345332535,35.69527842644635]]]}},{"type":"Feature","properties":{"height":7.2,"gml_id":"bldg_1d0f0c14-80a4-473e-b29e-543460eadfa3"},"geometry":{"type":"Polygon","coordinates":[[[139.91504322310237,35.69553895824165],[139.91509700341214,35.69561598880683],[139.9150101936029,35.69565633894997],[139.91495287220172,35.69557417294201],[139.91502167936326,35.69554212765602],[139.91502522051388,35.69554726305843],[139.91504322310237,35.69553895824165]]]}},{"type":"Feature","properties":{"height":8.7,"gml_id":"bldg_631e4181-3388-42c8-8a82-ab0fa8224192"},"geometry":{"type":"Polygon","coordinates":[[[139.91355886952326,35.69483355339838],[139.91358575641198,35.69486977053075],[139.91352225226353,35.69490100023462],[139.9134954757991,35.69486469287774],[139.91355886952326,35.69483355339838]]]}},{"type":"Feature","properties":{"height":9.5,"gml_id":"bldg_1f4e89e4-d7a5-403b-b2a9-e543b95a2b6f"},"geometry":{"type":"Polygon","coordinates":[[[139.91286911371145,35.69724373186571],[139.91292643826708,35.69721881618747],[139.91296550392653,35.6972784609881],[139.91293314151255,35.697292543751104],[139.91291598800774,35.697266325250844],[139.91289102593095,35.69727724831783],[139.91286911371145,35.69724373186571]]]}},{"type":"Feature","properties":{"height":7.4,"gml_id":"bldg_5eca3469-3c25-481c-92a0-05ef3437986c"},"geometry":{"type":"Polygon","coordinates":[[[139.91571031597502,35.69609636107011],[139.9157209401906,35.696112308035794],[139.9157526388341,35.696098405249494],[139.91577432992835,35.69613092982773],[139.91568188533554,35.69617209554318],[139.91564945965507,35.69612371418989],[139.91571031597502,35.69609636107011]]]}},{"type":"Feature","properties":{"height":6.5,"gml_id":"bldg_1942df96-f7f5-4ab7-ac5b-1f7e6bf53ae2"},"geometry":{"type":"Polygon","coordinates":[[[139.91606742721623,35.69629243439001],[139.91611697514637,35.69633566605053],[139.91607777916013,35.69636561845878],[139.91602823123256,35.69632238678233],[139.91606742721623,35.69629243439001]]]}},{"type":"Feature","properties":{"height":5.8,"gml_id":"bldg_b8eb5286-4395-4264-b8d3-86398b5b2acb"},"geometry":{"type":"Polygon","coordinates":[[[139.9139298133127,35.69945345349045],[139.9139154047141,35.6994104678447],[139.91394114600374,35.699404681849295],[139.9139556651177,35.69944766741798],[139.9139298133127,35.69945345349045]]]}},{"type":"Feature","properties":{"height":16.2,"gml_id":"bldg_52591c44-4373-4c01-9eae-72422ba5db6b"},"geometry":{"type":"Polygon","coordinates":[[[139.91429946550122,35.69389878799796],[139.91433675771583,35.6939535661837],[139.91441981192978,35.69391592315443],[139.91446994064972,35.69398944113973],[139.91444630547304,35.69400009322915],[139.91445360901093,35.694010814606244],[139.9144085476248,35.694031215916674],[139.91442813455402,35.69406013668806],[139.91435767090675,35.694092092620025],[139.91432270238298,35.694040647946345],[139.91426350402958,35.69406745843691],[139.91423550723775,35.69402637480106],[139.91422402102347,35.694031610463696],[139.914172675238,35.69395629045445],[139.91429946550122,35.69389878799796]]]}},{"type":"Feature","properties":{"height":5.9,"gml_id":"bldg_26663efc-2fda-4267-9b9f-4cdb74dae45e"},"geometry":{"type":"Polygon","coordinates":[[[139.91547351841623,35.69458754034787],[139.91551655551072,35.694640331228065],[139.9154983338454,35.694650258731365],[139.91548904044237,35.694638817681344],[139.91546496572147,35.69465190396734],[139.91543122195122,35.69461046398719],[139.91547351841623,35.69458754034787]]]}},{"type":"Feature","properties":{"height":7.6,"gml_id":"bldg_cbfd221b-ee19-4fca-84f9-abdf1b816bd9"},"geometry":{"type":"Polygon","coordinates":[[[139.91574860382275,35.695935530577685],[139.91578744893775,35.69599418311905],[139.91577629375854,35.69599914829067],[139.9157873603369,35.6960154554955],[139.91573854244177,35.69603703165059],[139.91572747596308,35.696020814578176],[139.91571919233076,35.696024425724985],[139.91568023656785,35.695965592963695],[139.91574860382275,35.695935530577685]]]}},{"type":"Feature","properties":{"height":6.8,"gml_id":"bldg_52bd8673-d3ff-4267-8806-a6e899b4b9f1"},"geometry":{"type":"Polygon","coordinates":[[[139.9147771075898,35.69582757677859],[139.91483594413646,35.695878464325],[139.91474595897577,35.69594784051838],[139.91468712243517,35.69589695292858],[139.9147771075898,35.69582757677859]]]}},{"type":"Feature","properties":{"height":9.4,"gml_id":"bldg_94bde421-9113-4b13-95cc-20ea18e68574"},"geometry":{"type":"Polygon","coordinates":[[[139.91335525799275,35.69851677372804],[139.91337563959945,35.69856615519545],[139.91330405431646,35.69858585261769],[139.9132836727488,35.698536471138276],[139.91335525799275,35.69851677372804]]]}},{"type":"Feature","properties":{"height":9.6,"gml_id":"bldg_49874d69-f7b5-496a-840c-9c04df53c427"},"geometry":{"type":"Polygon","coordinates":[[[139.91598518025182,35.69615025481754],[139.91600310549555,35.696174038657766],[139.91599948138432,35.69619567400941],[139.9159532065676,35.6962188709692],[139.915924327238,35.696180762866256],[139.91598518025182,35.69615025481754]]]}},{"type":"Feature","properties":{"height":6.9,"gml_id":"bldg_df878b2c-41c6-4327-be5e-aeb3b646603c"},"geometry":{"type":"Polygon","coordinates":[[[139.91346348284438,35.69811892760211],[139.91341078651857,35.6980209838568],[139.9134709878136,35.69799940107389],[139.9134827228864,35.698021386665125],[139.91367238458778,35.697953567418324],[139.91371888157127,35.69803997766663],[139.9135256849441,35.698109061257426],[139.91352014952847,35.69809869920129],[139.91346348284438,35.69811892760211]]]}},{"type":"Feature","properties":{"height":9.8,"gml_id":"bldg_e50dfb99-ca05-49b7-94ea-eb890eada90a"},"geometry":{"type":"Polygon","coordinates":[[[139.91272273694776,35.69772524973508],[139.91270568320041,35.69768821471199],[139.91278389372593,35.697664366972624],[139.91279773620215,35.69769455369968],[139.91279409854852,35.69770347965487],[139.91272273694776,35.69772524973508]]]}},{"type":"Feature","properties":{"height":8.2,"gml_id":"bldg_d83d2635-1d8e-4cd8-8b03-772044f3a9c3"},"geometry":{"type":"Polygon","coordinates":[[[139.91482355463978,35.699883525757585],[139.91482803392586,35.69994166100835],[139.91474449765582,35.69994586383168],[139.91474001852174,35.699887818714586],[139.91482355463978,35.699883525757585]]]}},{"type":"Feature","properties":{"height":9.8,"gml_id":"bldg_b6aa763b-97d9-4eba-8aaa-89073d2e192c"},"geometry":{"type":"Polygon","coordinates":[[[139.91304274475334,35.69705793497021],[139.91309741148027,35.69713830088876],[139.91303047905348,35.697168721362026],[139.91299329690895,35.6971141230023],[139.91300754487486,35.6971076237147],[139.9129899497466,35.69708176606415],[139.91304274475334,35.69705793497021]]]}},{"type":"Feature","properties":{"height":9.7,"gml_id":"bldg_412da962-2c0b-43d4-b1c2-a5bc100f8de7"},"geometry":{"type":"Polygon","coordinates":[[[139.91366924697869,35.69890162938854],[139.91369715955884,35.6989675008224],[139.91361309133947,35.69899126292049],[139.9135851789104,35.698925481604164],[139.91366924697869,35.69890162938854]]]}},{"type":"Feature","properties":{"height":6.8,"gml_id":"bldg_59f0341f-8f9b-4e6f-a4ee-614123cd5bdc"},"geometry":{"type":"Polygon","coordinates":[[[139.915572758312,35.69557032584219],[139.91560043918707,35.69562538059684],[139.91553990737128,35.6956456126234],[139.91551222662326,35.69559064799185],[139.915572758312,35.69557032584219]]]}},{"type":"Feature","properties":{"height":7.4,"gml_id":"bldg_f151871f-68b0-4a5b-837e-bfd8982b85cc"},"geometry":{"type":"Polygon","coordinates":[[[139.9156829809826,35.69584057116048],[139.91573466552762,35.69592039711497],[139.9156686169734,35.695948745305515],[139.91561704297342,35.69586891924744],[139.9156829809826,35.69584057116048]]]}},{"type":"Feature","properties":{"height":9.8,"gml_id":"bldg_228e64b9-70ca-4de2-8187-f6e6a8aa7d25"},"geometry":{"type":"Polygon","coordinates":[[[139.91431697479277,35.69853965628649],[139.91433525045173,35.69858209846683],[139.9141951752473,35.698622393699324],[139.91417678915187,35.69857995157211],[139.91431697479277,35.69853965628649]]]}},{"type":"Feature","properties":{"height":8.1,"gml_id":"bldg_1de0a8ba-7e26-436d-b3e4-36eed68caa09"},"geometry":{"type":"Polygon","coordinates":[[[139.91331723688458,35.69817617166069],[139.91336584105926,35.69827051268926],[139.91332430691205,35.69828478192673],[139.91327581318848,35.69819035067134],[139.91331723688458,35.69817617166069]]]}},{"type":"Feature","properties":{"height":7.3,"gml_id":"bldg_766346d2-fa9c-4b04-92bd-c1f2aba7d733"},"geometry":{"type":"Polygon","coordinates":[[[139.91567205194445,35.695420540510476],[139.91569328906365,35.695441618026315],[139.91570057686573,35.69543674564521],[139.91573221138677,35.6954681817874],[139.91570162463353,35.695488573668435],[139.91569587285073,35.69548280883984],[139.9156275219823,35.69552846487711],[139.91557387596478,35.69547505033452],[139.91563493901344,35.69543426670493],[139.9156415755985,35.695440842163954],[139.91567205194445,35.695420540510476]]]}},{"type":"Feature","properties":{"height":9.9,"gml_id":"bldg_9bcd6623-38d2-4c39-9815-6ced1f2fe220"},"geometry":{"type":"Polygon","coordinates":[[[139.91524106803138,35.69548447121202],[139.91527061465433,35.69552735628724],[139.91516160484153,35.69557727616425],[139.91513991515882,35.69554574297771],[139.91517801892542,35.695528320647874],[139.91517027251854,35.695516968660094],[139.91524106803138,35.69548447121202]]]}},{"type":"Feature","properties":{"height":6.7,"gml_id":"bldg_76266d27-2e21-4897-ac88-06f95bfa1a82"},"geometry":{"type":"Polygon","coordinates":[[[139.91449760435688,35.69915417807858],[139.9145738551726,35.69915836307406],[139.91457047138553,35.69919955791394],[139.91449422053077,35.699195372916414],[139.91449760435688,35.69915417807858]]]}},{"type":"Feature","properties":{"height":3.4,"gml_id":"bldg_ff179900-d1d6-4c50-9d20-b462b579f23e"},"geometry":{"type":"Polygon","coordinates":[[[139.9150463359097,35.6978321295495],[139.91500274867232,35.69778303451652],[139.91512223793677,35.69771237619151],[139.9151456909571,35.69773877036745],[139.9151283529119,35.697749057757186],[139.9151484882662,35.6977717585736],[139.9150463359097,35.6978321295495]]]}},{"type":"Feature","properties":{"height":8.3,"gml_id":"bldg_f32b0f66-593e-4b6d-92e4-db7ec2a81892"},"geometry":{"type":"Polygon","coordinates":[[[139.91514225794091,35.6956758089865],[139.9151709180236,35.695716170853096],[139.9150955950082,35.695751735989866],[139.9150669349507,35.69571137410554],[139.91514225794091,35.6956758089865]]]}},{"type":"Feature","properties":{"height":2.4,"gml_id":"bldg_aa99f161-5c71-474e-bbcb-825d6e5fd547"},"geometry":{"type":"Polygon","coordinates":[[[139.9158800155709,35.69789447630074],[139.91586356177612,35.6979049434635],[139.91578999990116,35.69782819723433],[139.9158064536898,35.6978177300815],[139.9158800155709,35.69789447630074]]]}},{"type":"Feature","properties":{"height":2.6,"gml_id":"bldg_a16884c6-1ff3-4ed7-bf22-41c33ed77e3e"},"geometry":{"type":"Polygon","coordinates":[[[139.91568870921736,35.69474864832706],[139.91571966741327,35.694767375629105],[139.91570487779876,35.69478379067493],[139.91567391969255,35.69476515350602],[139.91568870921736,35.69474864832706]]]}},{"type":"Feature","properties":{"height":8.3,"gml_id":"bldg_3b4d5fff-18d4-4e22-ad7d-da5c45c9708d"},"geometry":{"type":"Polygon","coordinates":[[[139.91287079525867,35.69448590107918],[139.91346210277518,35.694198783273336],[139.91354852656107,35.69432545828009],[139.91249565790812,35.69481731152517],[139.91241211571432,35.694698295520325],[139.91283368397833,35.694501339013215],[139.91282682348978,35.6944915186156],[139.9128629388733,35.6944746391503],[139.91287079525867,35.69448590107918]]]}},{"type":"Feature","properties":{"height":9.1,"gml_id":"bldg_3edb5e95-37e3-4d78-895c-2d5896393415"},"geometry":{"type":"Polygon","coordinates":[[[139.91431469582315,35.698799342206385],[139.91436694772088,35.698784073908],[139.91439884610477,35.69885706331111],[139.91434670457622,35.698872241412],[139.91431469582315,35.698799342206385]]]}},{"type":"Feature","properties":{"height":8.9,"gml_id":"bldg_dd06b007-81d7-4210-ac3c-0379e59f7180"},"geometry":{"type":"Polygon","coordinates":[[[139.91520523189809,35.69588263043867],[139.91515630472756,35.695797304028765],[139.91517154749818,35.69579152490317],[139.9151659019934,35.695781613678285],[139.91520787466166,35.69576554076352],[139.91526244738853,35.69586077837335],[139.91520523189809,35.69588263043867]]]}},{"type":"Feature","properties":{"height":9.4,"gml_id":"bldg_f2670672-08a2-4039-8300-c923e16da94f"},"geometry":{"type":"Polygon","coordinates":[[[139.91403241740863,35.69633005088088],[139.91409963855074,35.69636786330734],[139.91407072250522,35.69640213473715],[139.9140035012572,35.6963642321579],[139.91403241740863,35.69633005088088]]]}},{"type":"Feature","properties":{"height":7.6,"gml_id":"bldg_9ca31681-f24f-444c-830d-b56f201773d5"},"geometry":{"type":"Polygon","coordinates":[[[139.91508861599274,35.695842688897166],[139.91514680789825,35.695911333705],[139.91506122145503,35.69595970523868],[139.91500302958755,35.69589106038995],[139.91508861599274,35.695842688897166]]]}},{"type":"Feature","properties":{"height":7.0,"gml_id":"bldg_b09f30c0-00c1-4c0c-b9e8-f6098937852d"},"geometry":{"type":"Polygon","coordinates":[[[139.9158277736559,35.69577277918385],[139.91584559105615,35.69579926723105],[139.9158599491467,35.695792857666156],[139.91588219324683,35.69582592266913],[139.91582332494193,35.69585210273444],[139.9157833739664,35.69579254959133],[139.9158277736559,35.69577277918385]]]}},{"type":"Feature","properties":{"height":6.3,"gml_id":"bldg_f699c22b-35ad-43ce-8a24-45095eb9063c"},"geometry":{"type":"Polygon","coordinates":[[[139.9161814611064,35.69639889780765],[139.916217959527,35.696431682523034],[139.91616926681442,35.69646759053612],[139.9161328788958,35.69643480573017],[139.9161814611064,35.69639889780765]]]}},{"type":"Feature","properties":{"height":7.6,"gml_id":"bldg_cf303364-67be-4455-a978-4dcbbecd2d00"},"geometry":{"type":"Polygon","coordinates":[[[139.91328080394234,35.698540709477726],[139.91329919288393,35.698586486805574],[139.91322274621942,35.698606908503955],[139.9132043573168,35.69856113116454],[139.91328080394234,35.698540709477726]]]}},{"type":"Feature","properties":{"height":9.7,"gml_id":"bldg_aad4549f-5c68-4f1f-9957-a6f6d3562ec5"},"geometry":{"type":"Polygon","coordinates":[[[139.9126026975136,35.69746546413298],[139.91264101213295,35.69754791416948],[139.91258942433512,35.697563812242635],[139.91255122026112,35.69748136211716],[139.9126026975136,35.69746546413298]]]}},{"type":"Feature","properties":{"height":9.1,"gml_id":"bldg_4051fbf8-1528-4615-9a7f-a9a89f6a7c67"},"geometry":{"type":"Polygon","coordinates":[[[139.91338149663807,35.6973503847445],[139.91342122750177,35.697411831691554],[139.91338433651347,35.69742781046354],[139.9133444951704,35.69736636357789],[139.91338149663807,35.6973503847445]]]}},{"type":"Feature","properties":{"height":10.1,"gml_id":"bldg_e584f52a-1d02-46f1-89fb-5a7594b44690"},"geometry":{"type":"Polygon","coordinates":[[[139.91357152504284,35.698422256434036],[139.91358714499864,35.69846145557101],[139.91351069843697,35.6984817873156],[139.9134949680133,35.69844258824238],[139.91357152504284,35.698422256434036]]]}},{"type":"Feature","properties":{"height":18.0,"gml_id":"bldg_0839a6df-8ef8-4236-aa65-f27554dcdcb9"},"geometry":{"type":"Polygon","coordinates":[[[139.91395813879356,35.6934521180012],[139.9139713073084,35.69347166890353],[139.91400885850794,35.69345487826719],[139.91408377529552,35.693566057057744],[139.91406511017408,35.693574452314834],[139.914075622869,35.693590038959776],[139.91409373579305,35.69358191448243],[139.91412206484011,35.693623989438095],[139.9141033996183,35.69363229456415],[139.91411778545697,35.693653647372415],[139.91418962160347,35.69366811119526],[139.9142089871024,35.69369676174199],[139.9142024034643,35.69374237547004],[139.9141851741092,35.69375013882222],[139.9142455948273,35.69383978450698],[139.91422173867505,35.6938504367011],[139.91423623526146,35.693871969693866],[139.9140114793271,35.69397262324842],[139.9139129915748,35.69382639692134],[139.91390777583263,35.69380404644511],[139.91375019603782,35.69356988583683],[139.9137887413275,35.693552643920434],[139.91376738412725,35.69352102011609],[139.91382547811486,35.693495021838366],[139.91383543755606,35.693509887778696],[139.91385509668328,35.693501041207384],[139.91386815468664,35.69352059219476],[139.91391509369402,35.69349955886936],[139.91392837297266,35.693519380113],[139.9139511245749,35.69350917940102],[139.9139348575,35.69348494344886],[139.9138908603417,35.69346469208095],[139.91391369948883,35.69343168666372],[139.91395813879356,35.6934521180012]]]}},{"type":"Feature","properties":{"height":10.2,"gml_id":"bldg_2ff5eba6-f54f-4ed8-a1f8-eca46bbff0f8"},"geometry":{"type":"Polygon","coordinates":[[[139.91576391468968,35.69545905625141],[139.91581314269948,35.695514186338386],[139.91580475011102,35.69551923975703],[139.91583716329222,35.69555563286928],[139.9157759851186,35.695591909832615],[139.9156943438703,35.69550029645213],[139.91576391468968,35.69545905625141]]]}},{"type":"Feature","properties":{"height":8.8,"gml_id":"bldg_fbb9c447-ff5d-4c5e-9ebd-f8911a080224"},"geometry":{"type":"Polygon","coordinates":[[[139.91557370642377,35.6955251665884],[139.915537922909,35.695542317048144],[139.91546820984635,35.69544501673993],[139.91550399342512,35.69542795643754],[139.91557370642377,35.6955251665884]]]}},{"type":"Feature","properties":{"height":7.5,"gml_id":"bldg_2b304961-b7cd-4664-af35-08b073ee9493"},"geometry":{"type":"Polygon","coordinates":[[[139.9150218179966,35.695461364864315],[139.91505877617232,35.695512447423525],[139.91495175685094,35.69556398822422],[139.9149147986278,35.69551281549566],[139.9150218179966,35.695461364864315]]]}},{"type":"Feature","properties":{"height":8.8,"gml_id":"bldg_4d338ec0-8cb4-4bdb-a32e-10d1dd7977b4"},"geometry":{"type":"Polygon","coordinates":[[[139.915357881518,35.69539407445906],[139.91532618483723,35.69540968974346],[139.91526411035437,35.69532599478977],[139.9152956965173,35.69531037959676],[139.915357881518,35.69539407445906]]]}},{"type":"Feature","properties":{"height":8.5,"gml_id":"bldg_abe266b2-0859-4521-876d-8a1f90309243"},"geometry":{"type":"Polygon","coordinates":[[[139.9130944969819,35.69654177667936],[139.9130642060996,35.696527464975105],[139.91301548791154,35.69642816634096],[139.9130672949033,35.69641127643135],[139.9131261997543,35.696531389922605],[139.9130944969819,35.69654177667936]]]}},{"type":"Feature","properties":{"height":9.7,"gml_id":"bldg_c20aa38d-d39d-4590-8c86-7e58ba84b1ea"},"geometry":{"type":"Polygon","coordinates":[[[139.91276421915754,35.69710165521077],[139.91280051544555,35.69715454162487],[139.91271160358775,35.697195161900225],[139.91269312337897,35.69716813301033],[139.91270236746402,35.697129908863154],[139.91276421915754,35.69710165521077]]]}},{"type":"Feature","properties":{"height":7.1,"gml_id":"bldg_842f7135-a72c-4b6c-b398-1904c4e08c3e"},"geometry":{"type":"Polygon","coordinates":[[[139.9130965839345,35.69741691463843],[139.91312867817726,35.69746637853226],[139.91308394502295,35.69748578761293],[139.91305174030015,35.697436323780494],[139.9130965839345,35.69741691463843]]]}},{"type":"Feature","properties":{"height":6.8,"gml_id":"bldg_bbefed84-2e45-4de3-9987-ec024bf50112"},"geometry":{"type":"Polygon","coordinates":[[[139.91496073679747,35.69570153110177],[139.91502236348114,35.69567120328661],[139.91506297203324,35.695726069116795],[139.9150447490535,35.69573500504442],[139.9150676537631,35.69576608673747],[139.91502425002173,35.695787478653685],[139.91496073679747,35.69570153110177]]]}},{"type":"Feature","properties":{"height":12.1,"gml_id":"bldg_76a2540f-2b96-4b21-84f2-a9b34679f8fe"},"geometry":{"type":"Polygon","coordinates":[[[139.91363717207818,35.697660015012396],[139.91365687599477,35.697694794712355],[139.91359249430536,35.6977346781686],[139.91357602335748,35.697728289429],[139.91355675876005,35.697690805315965],[139.91363717207818,35.697660015012396]]]}},{"type":"Feature","properties":{"height":6.2,"gml_id":"bldg_cc16faf3-e80a-4ea3-bfd3-38ff4c0362bb"},"geometry":{"type":"Polygon","coordinates":[[[139.91470826593374,35.69462952308027],[139.91472364621066,35.69465051459231],[139.9146707447167,35.694676239379646],[139.91465547503617,35.69465533792316],[139.91470826593374,35.69462952308027]]]}},{"type":"Feature","properties":{"height":8.7,"gml_id":"bldg_ad5022b0-8184-4e38-b317-1219a44b4d3f"},"geometry":{"type":"Polygon","coordinates":[[[139.91341783862043,35.692916974883886],[139.91345025993968,35.6929636442661],[139.91338774934934,35.69299252968533],[139.91335532805473,35.69294586028646],[139.91341783862043,35.692916974883886]]]}},{"type":"Feature","properties":{"height":9.3,"gml_id":"bldg_5500634d-83e2-487d-9110-30574117713b"},"geometry":{"type":"Polygon","coordinates":[[[139.91622207343184,35.69613594043383],[139.91620182851298,35.69611296945537],[139.91617311646465,35.6961298448233],[139.91614933161839,35.69610300038402],[139.91625744326836,35.69603928928527],[139.91626739965147,35.69605045940556],[139.9162788843409,35.6960436010859],[139.91631317874956,35.69608224619351],[139.91622207343184,35.69613594043383]]]}},{"type":"Feature","properties":{"height":6.7,"gml_id":"bldg_9f062e66-e9ca-4ba8-927b-c2009679281a"},"geometry":{"type":"Polygon","coordinates":[[[139.91257574693412,35.697700378664464],[139.91260298966236,35.69776066231875],[139.91255836074293,35.697774031961934],[139.91253111804366,35.69771374829764],[139.91257574693412,35.697700378664464]]]}},{"type":"Feature","properties":{"height":7.1,"gml_id":"bldg_da3a7809-1ff9-4e02-8049-68dcf4c1de52"},"geometry":{"type":"Polygon","coordinates":[[[139.91292307007075,35.69794369944159],[139.91294200552915,35.69798379784249],[139.91287075484632,35.69800619889451],[139.91285181950775,35.697966190619375],[139.91292307007075,35.69794369944159]]]}},{"type":"Feature","properties":{"height":3.7,"gml_id":"bldg_380151c7-c8ce-4311-853c-25c6bf9d3edc"},"geometry":{"type":"Polygon","coordinates":[[[139.91439816156281,35.69839907821951],[139.9143540943038,35.69842155197532],[139.9143163637283,35.69837245275643],[139.91436043087975,35.69834988887743],[139.91439816156281,35.69839907821951]]]}},{"type":"Feature","properties":{"height":3.4,"gml_id":"bldg_db25099d-a730-4f25-8df6-129ec7e70698"},"geometry":{"type":"Polygon","coordinates":[[[139.9130702679945,35.6960678527601],[139.9130894112433,35.69609506143169],[139.9130663279312,35.69610589315518],[139.91305747562123,35.696093369984766],[139.91304709365474,35.696098244254465],[139.91303680272244,35.696083558748796],[139.9130702679945,35.6960678527601]]]}},{"type":"Feature","properties":{"height":3.4,"gml_id":"bldg_06528fa0-bdb4-4c6e-84de-bd9c22206141"},"geometry":{"type":"Polygon","coordinates":[[[139.91421125349424,35.69276771842888],[139.9141732695082,35.69279325270781],[139.9141448444198,35.69276523919172],[139.91415224238457,35.69276018655435],[139.9141136417481,35.692722084519765],[139.91414422766954,35.69270151275985],[139.91421125349424,35.69276771842888]]]}},{"type":"Feature","properties":{"height":9.5,"gml_id":"bldg_329f6fcc-08a2-4e92-85ea-0a9bf3ab602d"},"geometry":{"type":"Polygon","coordinates":[[[139.91466321055825,35.699444487336415],[139.91475670107343,35.699449652072104],[139.91475408117398,35.69948129188914],[139.91469620031017,35.69950350469865],[139.914658517065,35.69950172742628],[139.91466321055825,35.699444487336415]]]}},{"type":"Feature","properties":{"height":41.3,"gml_id":"bldg_1c7d6531-09fc-4bf4-90a3-d9cbaacf10d0"},"geometry":{"type":"Polygon","coordinates":[[[139.9156226923194,35.697495886812725],[139.91553076273888,35.69739445546097],[139.91566217602792,35.69731513530977],[139.91586207617343,35.69753556344362],[139.9157561734826,35.697599452934284],[139.91577752319563,35.697623054183545],[139.91588629824034,35.69755745010327],[139.91608465083442,35.697776166317965],[139.91595875869606,35.69785205793258],[139.91592291576447,35.69781251242919],[139.91586781036474,35.697845810742116],[139.91583727753198,35.69781212047096],[139.9158881866041,35.69778143902004],[139.91564934549297,35.69751795213212],[139.91560682940286,35.697543670217264],[139.91558448304605,35.69751898797547],[139.9156226923194,35.697495886812725]]]}},{"type":"Feature","properties":{"height":2.6,"gml_id":"bldg_3142c9bd-0c34-45ec-a580-0425a8a88152"},"geometry":{"type":"Polygon","coordinates":[[[139.91412147586664,35.692711262824744],[139.91410259396008,35.69272362426141],[139.91402273588474,35.69264237425702],[139.91404150729133,35.692630012906825],[139.91412147586664,35.692711262824744]]]}},{"type":"Feature","properties":{"height":8.4,"gml_id":"bldg_0f2743e1-26bc-4630-8d93-a40abd01acbd"},"geometry":{"type":"Polygon","coordinates":[[[139.9134776277996,35.6984510726569],[139.91349125318925,35.698484774783495],[139.91341812089908,35.69850438316703],[139.9134046060381,35.69847068095874],[139.9134776277996,35.6984510726569]]]}},{"type":"Feature","properties":{"height":2.9,"gml_id":"bldg_f92a2535-fe77-41ab-931b-433aa9361f22"},"geometry":{"type":"Polygon","coordinates":[[[139.915785990247,35.69779746329658],[139.91577108216578,35.69780666747143],[139.91567992859953,35.69770821022563],[139.91569494717317,35.69769900598633],[139.915785990247,35.69779746329658]]]}},{"type":"Feature","properties":{"height":10.5,"gml_id":"bldg_b7e42d6c-fdfb-4827-8303-b6f58f438589"},"geometry":{"type":"Polygon","coordinates":[[[139.9128358356436,35.69700326855563],[139.91279910178613,35.6969547991487],[139.9128330080338,35.69693765074619],[139.91283201219957,35.69693629935007],[139.91289021615302,35.69690696639809],[139.91292794596922,35.696956877309724],[139.9128358356436,35.69700326855563]]]}},{"type":"Feature","properties":{"height":4.6,"gml_id":"bldg_48264910-17e5-42fa-a9a1-a1965d3116b2"},"geometry":{"type":"Polygon","coordinates":[[[139.91714677478726,35.696397959158205],[139.9171282866671,35.69636462136724],[139.91719522280695,35.69633987723654],[139.91721371094923,35.69637321501734],[139.91714677478726,35.696397959158205]]]}},{"type":"Feature","properties":{"height":8.3,"gml_id":"bldg_8a6c19a6-b07b-4e66-81fe-0723ff65d7ea"},"geometry":{"type":"Polygon","coordinates":[[[139.91563054085645,35.69567051862663],[139.91567425913428,35.69574034485556],[139.91562499827484,35.695760839625265],[139.91558128012122,35.6956911035155],[139.91563054085645,35.69567051862663]]]}},{"type":"Feature","properties":{"height":7.3,"gml_id":"bldg_0036e6b0-4efe-4c13-bc22-46e0f71037d9"},"geometry":{"type":"Polygon","coordinates":[[[139.91257319814852,35.6974696298532],[139.9125506604516,35.69747397125882],[139.91248586877006,35.6974348043233],[139.91250308794562,35.69741577411115],[139.9124878298864,35.697406590180215],[139.91250802934167,35.69738431307863],[139.9125218500998,35.69739268672036],[139.91253366065243,35.6973796090979],[139.9126119414082,35.69742696958399],[139.91257319814852,35.6974696298532]]]}},{"type":"Feature","properties":{"height":9.8,"gml_id":"bldg_2a462df3-e31e-46b3-a329-94b0c8c6a40b"},"geometry":{"type":"Polygon","coordinates":[[[139.91258342103305,35.69808552860818],[139.91261930000437,35.69816302271687],[139.9125505893435,35.69818415998922],[139.91251775766452,35.69817111174035],[139.912491401806,35.69811380200551],[139.91258342103305,35.69808552860818]]]}},{"type":"Feature","properties":{"height":8.3,"gml_id":"bldg_16477601-a026-4e5c-b5ce-f785db71618b"},"geometry":{"type":"Polygon","coordinates":[[[139.9145112843882,35.699023199958546],[139.91458554668353,35.69902801724601],[139.9145818280184,35.699065877248366],[139.9145075656882,35.69906105995869],[139.9145112843882,35.699023199958546]]]}},{"type":"Feature","properties":{"height":7.9,"gml_id":"bldg_eb9143b0-2b1b-4fa2-9e18-7a726ed19cd8"},"geometry":{"type":"Polygon","coordinates":[[[139.91257839906842,35.69848231454514],[139.91260188243245,35.69853998669652],[139.9124940618811,35.698569171867454],[139.9124706890874,35.69851149962259],[139.91257839906842,35.69848231454514]]]}},{"type":"Feature","properties":{"height":9.3,"gml_id":"bldg_50046fba-bf1e-4d91-b6df-cf05ef803228"},"geometry":{"type":"Polygon","coordinates":[[[139.91602726051116,35.696024304626604],[139.91605116333062,35.696058450100686],[139.91598257685595,35.69609022541009],[139.91595867405618,35.69605607992256],[139.91602726051116,35.696024304626604]]]}},{"type":"Feature","properties":{"height":9.3,"gml_id":"bldg_0690804f-b4ba-4843-9c7f-6ec7592bd24f"},"geometry":{"type":"Polygon","coordinates":[[[139.91327323033724,35.696931049621575],[139.9132753807384,35.696982065689525],[139.91318160536898,35.69702070653051],[139.91315581799063,35.69697953106157],[139.91327323033724,35.696931049621575]]]}},{"type":"Feature","properties":{"height":9.6,"gml_id":"bldg_1a85c27b-9b78-4e26-babf-c7edf592b4f0"},"geometry":{"type":"Polygon","coordinates":[[[139.91606884290564,35.69605834781384],[139.91609473816231,35.69609582697602],[139.91602913344457,35.696125977796996],[139.91600334879976,35.69608858868183],[139.91606884290564,35.69605834781384]]]}},{"type":"Feature","properties":{"height":17.1,"gml_id":"bldg_fb16decc-e737-4fc9-b577-1e3e16aa7d0f"},"geometry":{"type":"Polygon","coordinates":[[[139.91458743535694,35.69664164142122],[139.91465113991163,35.696698024116955],[139.91463203816343,35.696712368789775],[139.91456833361076,35.69665598608406],[139.91458743535694,35.69664164142122]]]}},{"type":"Feature","properties":{"height":2.2,"gml_id":"bldg_7aa39721-baae-4e23-8975-d07a8e5d0eba"},"geometry":{"type":"Polygon","coordinates":[[[139.9157469122648,35.69858726956131],[139.91573374822286,35.698573307354984],[139.91580762604244,35.698527016533966],[139.9158207900896,35.698540978732325],[139.9157469122648,35.69858726956131]]]}},{"type":"Feature","properties":{"height":10.4,"gml_id":"bldg_49f52da2-0f41-4d33-b8e9-909169cdd200"},"geometry":{"type":"Polygon","coordinates":[[[139.9154669631657,35.69573787250096],[139.91551156846268,35.69581076283881],[139.91546584159343,35.69582945239192],[139.91542123632757,35.695756562037296],[139.9154669631657,35.69573787250096]]]}},{"type":"Feature","properties":{"height":8.2,"gml_id":"bldg_e8b25098-48f3-4049-a361-4b380e978315"},"geometry":{"type":"Polygon","coordinates":[[[139.9142217149495,35.69995450886314],[139.91427157079636,35.69997313368296],[139.9142587754524,35.699995946914655],[139.91427690483627,35.7000026949904],[139.91426013847075,35.7000325415684],[139.91419215329975,35.70000725879512],[139.9142217149495,35.69995450886314]]]}},{"type":"Feature","properties":{"height":12.6,"gml_id":"bldg_04e00bd6-8da3-41b9-a85d-12b0974c1b35"},"geometry":{"type":"Polygon","coordinates":[[[139.9135251116032,35.69830898528306],[139.91354228394536,35.698353591606285],[139.91343656143735,35.69838070307534],[139.91341938914826,35.698336096737165],[139.9135251116032,35.69830898528306]]]}},{"type":"Feature","properties":{"height":7.5,"gml_id":"bldg_c894e502-4a07-434d-9ada-0e7db242fce6"},"geometry":{"type":"Polygon","coordinates":[[[139.91455613041776,35.699332519494206],[139.91448540583787,35.69932959267855],[139.91449073432779,35.69924459000553],[139.91456145883285,35.69924751681819],[139.91455613041776,35.699332519494206]]]}},{"type":"Feature","properties":{"height":7.4,"gml_id":"bldg_07e3b1bd-08a1-48c4-80fb-b3a46a4dfd54"},"geometry":{"type":"Polygon","coordinates":[[[139.9143892359472,35.69613069866955],[139.9144467261391,35.69616148677487],[139.9144394423931,35.696170505375626],[139.91447736396364,35.69619094090232],[139.91444778771046,35.6962277367026],[139.9143522654212,35.69617651311843],[139.9143892359472,35.69613069866955]]]}},{"type":"Feature","properties":{"height":2.7,"gml_id":"bldg_33339398-fa1e-41b5-88ee-b301a3252f0f"},"geometry":{"type":"Polygon","coordinates":[[[139.91324377007714,35.69597733036498],[139.91326446204212,35.696006250582755],[139.9132124421782,35.69603098263259],[139.9131917502256,35.69600206240598],[139.91324377007714,35.69597733036498]]]}},{"type":"Feature","properties":{"height":7.1,"gml_id":"bldg_7970d215-3663-4171-a515-6458e1bfae34"},"geometry":{"type":"Polygon","coordinates":[[[139.9134892904423,35.69486713069417],[139.91351252615,35.69489857301554],[139.91345785733256,35.69492547022657],[139.91343462154833,35.6948939377579],[139.9134892904423,35.69486713069417]]]}},{"type":"Feature","properties":{"height":7.5,"gml_id":"bldg_21f47a20-5c2d-4480-a06b-85043ad08160"},"geometry":{"type":"Polygon","coordinates":[[[139.91437296508641,35.69861533359559],[139.91438193549732,35.698634887261825],[139.91439309258956,35.69863136441033],[139.9144123609988,35.69867200317192],[139.9143492847713,35.69869196589429],[139.91433400319463,35.69865997758169],[139.91432516580747,35.69866268763491],[139.91431220860466,35.698634483504925],[139.91437296508641,35.69861533359559]]]}},{"type":"Feature","properties":{"height":24.6,"gml_id":"bldg_4c693f8a-c7f4-41ed-b295-dc4adfaa3485"},"geometry":{"type":"Polygon","coordinates":[[[139.9126105297178,35.698010246443886],[139.9125872862692,35.69797042123806],[139.9125736555164,35.69793194175358],[139.9125684032303,35.69787254499052],[139.91276613769188,35.69781058075453],[139.91284287603054,35.697973317342424],[139.91285532511986,35.698046860831965],[139.91279401629063,35.698066100478584],[139.91279113719182,35.698059973069725],[139.9127282817737,35.69807966438822],[139.91271523866837,35.6980756168297],[139.91270617350062,35.698071476509966],[139.91269157874385,35.69806274285307],[139.91268427846444,35.69805544657654],[139.91268029463546,35.69804959030394],[139.9126551581352,35.69799624582382],[139.9126105297178,35.698010246443886]]]}},{"type":"Feature","properties":{"height":7.4,"gml_id":"bldg_7aced2a9-fe12-45be-8211-8f4d6921272c"},"geometry":{"type":"Polygon","coordinates":[[[139.91453517782813,35.69599593573581],[139.91454455899586,35.695984932701535],[139.91449126826578,35.69595459249544],[139.91452283317489,35.69591761506776],[139.91459127068293,35.695956417908235],[139.9145866352617,35.695961829253136],[139.914610627094,35.69597542373336],[139.914574206056,35.696018083087836],[139.91453517782813,35.69599593573581]]]}},{"type":"Feature","properties":{"height":7.5,"gml_id":"bldg_584c8641-a4d8-4750-ac82-a32aceeae42c"},"geometry":{"type":"Polygon","coordinates":[[[139.91287203256243,35.69829139120545],[139.91291191949932,35.69839862775184],[139.91286320039015,35.69841064815729],[139.91282331351243,35.69830341159489],[139.91287203256243,35.69829139120545]]]}},{"type":"Feature","properties":{"height":9.9,"gml_id":"bldg_6626b1ea-4f8a-4bfd-9a4e-a2bd463d1645"},"geometry":{"type":"Polygon","coordinates":[[[139.91417291364283,35.696163383567644],[139.91429707103902,35.69623063241156],[139.91425789263513,35.696278611602],[139.91413373519734,35.69621136271827],[139.91417291364283,35.696163383567644]]]}},{"type":"Feature","properties":{"height":5.2,"gml_id":"bldg_0eee82b9-b74e-4893-bc08-bf4021f2bb3f"},"geometry":{"type":"Polygon","coordinates":[[[139.91536994489698,35.69454966331898],[139.91540693496256,35.694524219484244],[139.91544033777262,35.69455646573519],[139.91540345829102,35.694581999641606],[139.91538465552438,35.694563985068584],[139.91536994489698,35.69454966331898]]]}},{"type":"Feature","properties":{"height":7.0,"gml_id":"bldg_f31103cd-b639-4eb2-9402-d3fefe313cec"},"geometry":{"type":"Polygon","coordinates":[[[139.91358812740097,35.69756711656798],[139.91361137359917,35.69760820349787],[139.9135222336116,35.69764179384228],[139.91349898753953,35.697600797032194],[139.91358812740097,35.69756711656798]]]}},{"type":"Feature","properties":{"height":18.0,"gml_id":"bldg_ea3766ed-eb17-4ae7-bd52-afb19a7b8f85"},"geometry":{"type":"Polygon","coordinates":[[[139.91572936600446,35.698287846808675],[139.9157448262212,35.69827819157718],[139.91575588856392,35.69829008207349],[139.9158570425684,35.69822700707753],[139.91597452409525,35.69835248717676],[139.9159189776426,35.698387047729675],[139.91593291621675,35.69840200089056],[139.915887750229,35.69843015458585],[139.91588310397626,35.69842511010614],[139.91586720202176,35.69843503606873],[139.91572936600446,35.698287846808675]]]}},{"type":"Feature","properties":{"height":6.5,"gml_id":"bldg_e19de78d-b824-4b78-9b55-cbb0130f6d9f"},"geometry":{"type":"Polygon","coordinates":[[[139.91601300830058,35.696240371734184],[139.91606377332636,35.69628522594711],[139.91602181674884,35.69631698297313],[139.91597105163424,35.696272039507235],[139.91601300830058,35.696240371734184]]]}},{"type":"Feature","properties":{"height":7.3,"gml_id":"bldg_9ddb71a3-5c6c-4eb1-b26f-cd516b47b025"},"geometry":{"type":"Polygon","coordinates":[[[139.91273220529757,35.69233929043708],[139.91268422543973,35.69231309220922],[139.9127266034783,35.69226141577318],[139.91277458331894,35.692287613984405],[139.91273220529757,35.69233929043708]]]}},{"type":"Feature","properties":{"height":2.0,"gml_id":"bldg_57fdebb6-0230-4e02-b5bb-77013eeca8ff"},"geometry":{"type":"Polygon","coordinates":[[[139.9135753398808,35.69318529792011],[139.91364128970645,35.69328043858702],[139.9136266007668,35.69328720865835],[139.91356054045903,35.69319206805712],[139.9135753398808,35.69318529792011]]]}},{"type":"Feature","properties":{"height":9.5,"gml_id":"bldg_f708d289-8d85-435a-be7c-d46694c2def9"},"geometry":{"type":"Polygon","coordinates":[[[139.91315849453278,35.697669437221066],[139.91317588259167,35.69770908592857],[139.91308883373574,35.697734562242985],[139.9130713352142,35.69769491359622],[139.91315849453278,35.697669437221066]]]}},{"type":"Feature","properties":{"height":1.9,"gml_id":"bldg_760a5e79-3260-4958-a4a9-c78f7e6d98f6"},"geometry":{"type":"Polygon","coordinates":[[[139.91547140904032,35.696409750146685],[139.91548412782078,35.69642091844619],[139.9154669034677,35.69643400005382],[139.91545429518598,35.69642283167715],[139.91547140904032,35.696409750146685]]]}},{"type":"Feature","properties":{"height":2.3,"gml_id":"bldg_e13af679-5f5b-4385-ae43-2d9bca87582d"},"geometry":{"type":"Polygon","coordinates":[[[139.91495025843398,35.698105850366225],[139.91496032621995,35.69811783174731],[139.9149109606517,35.698145627377656],[139.9149007823688,35.698133646067376],[139.91495025843398,35.698105850366225]]]}},{"type":"Feature","properties":{"height":6.6,"gml_id":"bldg_10174c84-d889-4ea8-8742-8559cbb6c366"},"geometry":{"type":"Polygon","coordinates":[[[139.9130542650831,35.69730850796627],[139.9130860271288,35.697357341134044],[139.91307752223946,35.69736095224502],[139.91304576028722,35.69731220921191],[139.9130542650831,35.69730850796627]]]}},{"type":"Feature","properties":{"height":7.0,"gml_id":"bldg_b5f50617-d767-4321-8e98-ac97d45abc93"},"geometry":{"type":"Polygon","coordinates":[[[139.9135852423682,35.69821682529892],[139.9135619298259,35.69810966806424],[139.9136168408445,35.6981017895435],[139.91364015336754,35.69820885663077],[139.9135852423682,35.69821682529892]]]}},{"type":"Feature","properties":{"height":10.0,"gml_id":"bldg_909761be-fd0d-4369-a800-9d715e8b9cf7"},"geometry":{"type":"Polygon","coordinates":[[[139.91329524684014,35.69706894448338],[139.9133299957518,35.697121110670444],[139.91327178820606,35.697146838359764],[139.9132579727187,35.697143782878356],[139.91322798232923,35.69709864419198],[139.91329524684014,35.69706894448338]]]}},{"type":"Feature","properties":{"height":7.4,"gml_id":"bldg_b6263ee2-1f3c-483d-b4b8-7cc06cf9aaf2"},"geometry":{"type":"Polygon","coordinates":[[[139.91563357921763,35.69561643438735],[139.91565250899544,35.695650222795216],[139.91558336393072,35.69567586894952],[139.91556443417596,35.69564208053089],[139.91563357921763,35.69561643438735]]]}},{"type":"Feature","properties":{"height":11.3,"gml_id":"bldg_37a3bed6-69fa-499b-be04-03608a8e1a55"},"geometry":{"type":"Polygon","coordinates":[[[139.9156155116225,35.69470083566103],[139.91564924218824,35.694729295877],[139.9156342269437,35.69474120422104],[139.9156004964708,35.694712834137796],[139.9156155116225,35.69470083566103]]]}},{"type":"Feature","properties":{"height":7.7,"gml_id":"bldg_c07b8f7c-0586-4378-a6c4-401a4b012be2"},"geometry":{"type":"Polygon","coordinates":[[[139.91255989355273,35.69842995718934],[139.9125778431732,35.698478889709016],[139.91248007323787,35.698502930447674],[139.91246821771549,35.6984706692333],[139.9124711825469,35.698451738535844],[139.91255989355273,35.69842995718934]]]}},{"type":"Feature","properties":{"height":3.1,"gml_id":"bldg_7cb1b8d8-a60e-4976-a043-01b42907ac48"},"geometry":{"type":"Polygon","coordinates":[[[139.91606083380313,35.69579280991598],[139.91609955256035,35.69583595889223],[139.9160790125733,35.69584814149887],[139.9160405148164,35.69580499236429],[139.91606083380313,35.69579280991598]]]}},{"type":"Feature","properties":{"height":2.0,"gml_id":"bldg_8ee5473b-cce9-4e9d-abaf-1eafc796f683"},"geometry":{"type":"Polygon","coordinates":[[[139.91502590482858,35.69773506597007],[139.9150097817201,35.697744811696786],[139.91493842934318,35.69766662125484],[139.91495455235278,35.697656785400724],[139.91502590482858,35.69773506597007]]]}},{"type":"Feature","properties":{"height":8.7,"gml_id":"bldg_d0c5dac7-40c9-4ce2-9dd9-211eb56216bd"},"geometry":{"type":"Polygon","coordinates":[[[139.9151363124575,35.69537214167977],[139.91514815192957,35.69538808787225],[139.91516460760374,35.69537987422542],[139.91520798240123,35.695438523880355],[139.91515463910733,35.695464789999306],[139.91509942495912,35.695390284266196],[139.9151363124575,35.69537214167977]]]}},{"type":"Feature","properties":{"height":5.9,"gml_id":"bldg_5fb21514-5ea6-4d8d-8da7-a20c64b67c99"},"geometry":{"type":"Polygon","coordinates":[[[139.91536994489698,35.69454966331898],[139.91538465552438,35.694563985068584],[139.91536776174902,35.69457580452315],[139.91535294062663,35.694561482846794],[139.91536994489698,35.69454966331898]]]}},{"type":"Feature","properties":{"height":7.8,"gml_id":"bldg_b10f89f3-92ab-4306-96a3-f708d45825ea"},"geometry":{"type":"Polygon","coordinates":[[[139.91300278238347,35.69642997748913],[139.91302669318347,35.696473317523406],[139.912953459463,35.69650031692519],[139.91292954860495,35.69645688673968],[139.91300278238347,35.69642997748913]]]}},{"type":"Feature","properties":{"height":9.3,"gml_id":"bldg_420b953b-171a-4a8c-83f2-f0ae6abcdab4"},"geometry":{"type":"Polygon","coordinates":[[[139.9147826792236,35.699785484503366],[139.9147798610991,35.69973086346358],[139.91478737502783,35.69973058796862],[139.914780613586,35.69960151653592],[139.91483055911675,35.69959977013028],[139.91483100910762,35.699607611734],[139.9148846010506,35.69960568256334],[139.9148858414545,35.699630108816834],[139.9149366710235,35.69962836176824],[139.91493700886897,35.69963458098374],[139.91494794828498,35.69963421301958],[139.91495009064332,35.699676215351715],[139.91496688653592,35.69967566314105],[139.91496868958706,35.69971000406817],[139.9149799604302,35.69970954573947],[139.91498210069398,35.69974947492378],[139.9149710507594,35.69974984296597],[139.9149725169758,35.699778956182314],[139.9147826792236,35.699785484503366]]]}},{"type":"Feature","properties":{"height":9.9,"gml_id":"bldg_67647fe6-bfb9-4586-9cd1-828f5f9e1663"},"geometry":{"type":"Polygon","coordinates":[[[139.9131942738784,35.69820077053884],[139.9131510962523,35.69811823377574],[139.91320312405102,35.69810008174869],[139.91324630172085,35.698182618493334],[139.9131942738784,35.69820077053884]]]}},{"type":"Feature","properties":{"height":9.3,"gml_id":"bldg_54927d8a-ea24-48cc-9634-627af29be1fe"},"geometry":{"type":"Polygon","coordinates":[[[139.9143733703198,35.69988950830806],[139.91437652232784,35.699946743100625],[139.91436801384774,35.699947019239474],[139.91436925364357,35.69997099481302],[139.9143231754875,35.699972738425274],[139.91431878373632,35.699891528057194],[139.9143733703198,35.69988950830806]]]}},{"type":"Feature","properties":{"height":9.4,"gml_id":"bldg_d6b25ca3-2a55-4a98-bcbf-a6348d8262b5"},"geometry":{"type":"Polygon","coordinates":[[[139.9133816981646,35.69622520542326],[139.91341661801732,35.696227615894244],[139.91341191192234,35.696272957900376],[139.91337688146172,35.696270457364676],[139.9133816981646,35.69622520542326]]]}},{"type":"Feature","properties":{"height":9.0,"gml_id":"bldg_87fa2428-3248-4910-b5df-724d700928f9"},"geometry":{"type":"Polygon","coordinates":[[[139.9126050583617,35.69761788409383],[139.9126324084606,35.6976750128798],[139.912592088655,35.69768792901232],[139.91256462799112,35.69763071015316],[139.9126050583617,35.69761788409383]]]}},{"type":"Feature","properties":{"height":8.7,"gml_id":"bldg_32ebdf5f-6a3f-480b-b54e-7ccedd1b0665"},"geometry":{"type":"Polygon","coordinates":[[[139.91292483652333,35.69816453368479],[139.91296117587592,35.69826014490272],[139.91284959781387,35.69828834137284],[139.91281325849206,35.69819263998467],[139.91292483652333,35.69816453368479]]]}},{"type":"Feature","properties":{"height":7.3,"gml_id":"bldg_7a512dba-717e-4ce1-87f1-2549c651425c"},"geometry":{"type":"Polygon","coordinates":[[[139.91321669774726,35.697528154073616],[139.91324049525466,35.69756824920365],[139.91318239489019,35.69759100225891],[139.91317121551785,35.69757208092307],[139.91316138487875,35.697575963329896],[139.913148877268,35.69755478945002],[139.91321669774726,35.697528154073616]]]}},{"type":"Feature","properties":{"height":2.0,"gml_id":"bldg_c755c218-e903-4671-b4d8-fa87c892a45b"},"geometry":{"type":"Polygon","coordinates":[[[139.91484938012852,35.69757176742678],[139.91486561335478,35.697561661099044],[139.91493795951698,35.697639310090494],[139.91492183669246,35.6976493262161],[139.91484938012852,35.69757176742678]]]}},{"type":"Feature","properties":{"height":7.4,"gml_id":"bldg_be09fae7-e56d-4232-bd7a-d75f8ad42bb1"},"geometry":{"type":"Polygon","coordinates":[[[139.91314613554098,35.697464744494305],[139.9131692655025,35.69750033323595],[139.91309968053235,35.697530485094504],[139.91309359360974,35.697521024752255],[139.91306487609415,35.69753357280752],[139.91304783290468,35.69750726411718],[139.91314613554098,35.697464744494305]]]}},{"type":"Feature","properties":{"height":2.4,"gml_id":"bldg_a470db29-99a2-49d5-aa25-bd58a1b33f0f"},"geometry":{"type":"Polygon","coordinates":[[[139.9148203797005,35.69817489308575],[139.9148302262906,35.69818669435352],[139.9146539659295,35.69828434168223],[139.91464422994576,35.698272630462405],[139.9148203797005,35.69817489308575]]]}},{"type":"Feature","properties":{"height":11.3,"gml_id":"bldg_d45f620e-184f-438a-b145-8a067ab23043"},"geometry":{"type":"Polygon","coordinates":[[[139.9131752631973,35.69730941927819],[139.9132180956065,35.69737861601008],[139.91318032023523,35.69739423475889],[139.91316219387,35.69738983007235],[139.91312522732423,35.69733000367155],[139.9131752631973,35.69730941927819]]]}},{"type":"Feature","properties":{"height":13.2,"gml_id":"bldg_457216ba-b87d-4ab4-9e55-f91c5dc0f9e0"},"geometry":{"type":"Polygon","coordinates":[[[139.91384619874273,35.69860982818218],[139.91384966587873,35.69865119869709],[139.91375090296057,35.6986765931847],[139.9137360570263,35.698638024511716],[139.91384619874273,35.69860982818218]]]}},{"type":"Feature","properties":{"height":10.0,"gml_id":"bldg_30c3c2f1-39c8-47a8-8df1-b68f8d21afb5"},"geometry":{"type":"Polygon","coordinates":[[[139.9126580739438,35.69759315165609],[139.9126884136481,35.6976564077692],[139.9126406925816,35.69767158221968],[139.91261035290916,35.69760832609466],[139.9126580739438,35.69759315165609]]]}},{"type":"Feature","properties":{"height":24.7,"gml_id":"bldg_d924d9f6-15c2-47c1-b8fe-b192ce805fa2"},"geometry":{"type":"Polygon","coordinates":[[[139.91559949255623,35.69836166761838],[139.91550889061014,35.69826275919094],[139.9156907717045,35.69815176650423],[139.91578048872086,35.69824968389678],[139.91566674399505,35.69831907702345],[139.91570247597028,35.698358081854266],[139.91567365325284,35.69837567826825],[139.91563880640385,35.69833775446654],[139.91559949255623,35.69836166761838]]]}},{"type":"Feature","properties":{"height":8.0,"gml_id":"bldg_25c43165-088a-4b3b-af51-f77fe9d543cb"},"geometry":{"type":"Polygon","coordinates":[[[139.91340125043223,35.69754578843048],[139.9134213972999,35.697581649518014],[139.91334032070662,35.697612169707966],[139.91332006336748,35.697576308680425],[139.91340125043223,35.69754578843048]]]}},{"type":"Feature","properties":{"height":7.1,"gml_id":"bldg_1f3e841d-4fe3-46fe-970d-ffa118ea263d"},"geometry":{"type":"Polygon","coordinates":[[[139.9133581025832,35.697161112779206],[139.91339008971838,35.69721391174245],[139.91334844805468,35.6972306147586],[139.91331657143974,35.69717781571099],[139.9133581025832,35.697161112779206]]]}},{"type":"Feature","properties":{"height":7.4,"gml_id":"bldg_e699dc82-9078-49f6-9a69-0f93b1d9f197"},"geometry":{"type":"Polygon","coordinates":[[[139.91256742872832,35.69733424800826],[139.91263498768095,35.697378280470865],[139.9126596043098,35.69735320618942],[139.91268658472669,35.69737184674753],[139.9126947771583,35.69738743503259],[139.91270762291086,35.6974154591427],[139.91265161628954,35.69743244179938],[139.91265128416524,35.69743181105984],[139.91264289465695,35.697440379594234],[139.91253342913592,35.6973689730945],[139.91256742872832,35.69733424800826]]]}},{"type":"Feature","properties":{"height":10.2,"gml_id":"bldg_27a4af9a-c810-4e8d-ac34-6e32b8071e98"},"geometry":{"type":"Polygon","coordinates":[[[139.9137050478291,35.699120098207004],[139.91373573582896,35.69919867617568],[139.91369198823682,35.69920997249932],[139.91366141077677,35.69913139354448],[139.9137050478291,35.699120098207004]]]}},{"type":"Feature","properties":{"height":9.0,"gml_id":"bldg_ecd950e8-f5d6-4715-9351-a56b6bbb8d42"},"geometry":{"type":"Polygon","coordinates":[[[139.91571130331795,35.69619686307043],[139.91577437908737,35.69628605544745],[139.91572611472063,35.696308802997585],[139.91566292848879,35.69621961067114],[139.91571130331795,35.69619686307043]]]}},{"type":"Feature","properties":{"height":6.9,"gml_id":"bldg_fd9618ec-cf06-49b1-8eb2-534914170e91"},"geometry":{"type":"Polygon","coordinates":[[[139.91279335511123,35.69862485954721],[139.91284098975024,35.69874471016142],[139.91276796729636,35.69876404766615],[139.91272022225354,35.698644197096165],[139.91279335511123,35.69862485954721]]]}},{"type":"Feature","properties":{"height":6.5,"gml_id":"bldg_684da180-4686-428a-bfed-30d3e5df86f3"},"geometry":{"type":"Polygon","coordinates":[[[139.91271027655216,35.69652508490771],[139.91274445519588,35.696559945355375],[139.9127091184124,35.69658295357735],[139.9126899827663,35.696563406481104],[139.91269826480507,35.69655799280549],[139.91268322291745,35.69654267944447],[139.91271027655216,35.69652508490771]]]}},{"type":"Feature","properties":{"height":7.5,"gml_id":"bldg_0c7059b4-fff2-4acc-80ba-d6436fcd9555"},"geometry":{"type":"Polygon","coordinates":[[[139.91615292670988,35.697549515180654],[139.91625768488169,35.69766022131864],[139.91617629923527,35.69771147511884],[139.91607154120175,35.697600859047746],[139.91615292670988,35.697549515180654]]]}},{"type":"Feature","properties":{"height":8.5,"gml_id":"bldg_4ddcdd00-ef0b-4380-8d14-c1a346ad2668"},"geometry":{"type":"Polygon","coordinates":[[[139.91276778551267,35.69657516310265],[139.91279588766872,35.69661092891426],[139.91275822709733,35.69663060361823],[139.9127301250405,35.696594927934804],[139.91276778551267,35.69657516310265]]]}},{"type":"Feature","properties":{"height":6.8,"gml_id":"bldg_edfe25db-b39b-4199-988e-64b09f3c9b2c"},"geometry":{"type":"Polygon","coordinates":[[[139.91379890423087,35.69893994110136],[139.91382491031555,35.69897787134429],[139.91375400036804,35.69901009760872],[139.91372810480837,35.69897216727685],[139.91379890423087,35.69893994110136]]]}},{"type":"Feature","properties":{"height":20.8,"gml_id":"bldg_4069678b-25d2-44ff-b92f-7b48cb0e1565"},"geometry":{"type":"Polygon","coordinates":[[[139.91466685962214,35.697270563195644],[139.91451703463358,35.697173947425405],[139.91452840410926,35.697162131821244],[139.9145170152656,35.69715483841253],[139.9146493656467,35.69701837192647],[139.91474932257154,35.697082842394316],[139.91476036096017,35.697071477676594],[139.91466924974608,35.69701267986698],[139.9147692573165,35.69690958575519],[139.9151256308178,35.697139373546925],[139.91502860387467,35.69723949140979],[139.9149759713563,35.6972054553651],[139.91494109015323,35.69724144364612],[139.91491388945104,35.697223975522384],[139.91494380341663,35.69719312842095],[139.9147823681076,35.69708894934973],[139.91474649338124,35.69712592975339],[139.91479260188243,35.69715564374211],[139.91476533701936,35.6971836947698],[139.91475660178773,35.69717802205311],[139.91466685962214,35.697270563195644]]]}},{"type":"Feature","properties":{"height":1.9,"gml_id":"bldg_2e6f0b31-e2b2-4737-8545-31adca88068c"},"geometry":{"type":"Polygon","coordinates":[[[139.91528750360118,35.6990745026933],[139.91527027606418,35.69908506043678],[139.91525467793494,35.69906812531882],[139.9152717949683,35.69905756765276],[139.91528750360118,35.6990745026933]]]}},{"type":"Feature","properties":{"height":2.3,"gml_id":"bldg_fdee85ae-2703-4826-a40a-9cd41d9a2d0f"},"geometry":{"type":"Polygon","coordinates":[[[139.91439965307282,35.69681573228613],[139.91441801150572,35.6968311333347],[139.91436821612592,35.6968703764263],[139.91434985760242,35.69685488523339],[139.91439965307282,35.69681573228613]]]}},{"type":"Feature","properties":{"height":7.6,"gml_id":"bldg_b620d3b8-2950-40b0-852e-09198a5bfe44"},"geometry":{"type":"Polygon","coordinates":[[[139.9134471067831,35.69732366057044],[139.91348108195524,35.69737537654194],[139.9134741235373,35.69737844582978],[139.91347666881953,35.69738222988552],[139.91342365200808,35.69740534022081],[139.9133983089029,35.69736668834455],[139.91340979582932,35.69736163303664],[139.91339751161857,35.697342892729914],[139.9134377160232,35.69732537942127],[139.91343893341272,35.69732727148633],[139.9134471067831,35.69732366057044]]]}},{"type":"Feature","properties":{"height":20.5,"gml_id":"bldg_a826e8b2-bd23-4a67-9e92-ac93d9c474a0"},"geometry":{"type":"Polygon","coordinates":[[[139.91483695615645,35.6979590039854],[139.9149204869972,35.69805999086593],[139.9148745443121,35.698085170191455],[139.91490209286493,35.69811841204323],[139.9148783485056,35.69813149798121],[139.91485035749645,35.69809780573919],[139.91454885854782,35.69826377129369],[139.91458050059367,35.698301967985564],[139.91455112359034,35.69831803217794],[139.91451948164342,35.698279925615246],[139.91440186349763,35.698344633040804],[139.91431888615517,35.69824427639087],[139.91483695615645,35.6979590039854]]]}},{"type":"Feature","properties":{"height":8.0,"gml_id":"bldg_a00ecf41-cd1e-4fd1-a924-e4b8202b1ea6"},"geometry":{"type":"Polygon","coordinates":[[[139.91516014597963,35.69609619548603],[139.91522551534533,35.69615978770561],[139.9151436933542,35.69621572823704],[139.91510265778,35.69617582545909],[139.91512816507466,35.69615841170252],[139.91511444969439,35.69614508075562],[139.9151281418799,35.69613569721204],[139.915117412987,35.69612533875479],[139.91516014597963,35.69609619548603]]]}},{"type":"Feature","properties":{"height":5.4,"gml_id":"bldg_cecbefb5-aba3-4d8a-b4b2-5d2eb98bdad7"},"geometry":{"type":"Polygon","coordinates":[[[139.91256726752962,35.69795321826795],[139.91260554924986,35.69800222753946],[139.91258975577816,35.69801044039739],[139.91255147415276,35.69796152125775],[139.91256726752962,35.69795321826795]]]}},{"type":"Feature","properties":{"height":18.7,"gml_id":"bldg_7a0eb023-2bd5-493c-b906-afa4e1c6a453"},"geometry":{"type":"Polygon","coordinates":[[[139.9137933371948,35.69676747775969],[139.91375840423748,35.69672915054799],[139.91385361726205,35.69667140467518],[139.91389730035866,35.6967193318955],[139.91390882609943,35.69671234217516],[139.91430293987247,35.69714474665077],[139.91412726141488,35.69725129024746],[139.91411143692994,35.69723392787877],[139.91398797264551,35.69730881168532],[139.914004211949,35.697326627180715],[139.9138513756765,35.69741931994742],[139.9136223282404,35.697168017990116],[139.91367014766163,35.697139016081024],[139.91364597772804,35.69710888321357],[139.9136377505206,35.69711387237246],[139.91361805996343,35.69709226977282],[139.91362787629055,35.69708631689302],[139.91362273495722,35.697079907080735],[139.9136152719433,35.697084433325976],[139.91359372628472,35.69706079486514],[139.9136029275017,35.69705521466293],[139.91357534223886,35.697020824187526],[139.91360515893754,35.69700274177121],[139.91358776711786,35.6969836605656],[139.9136073942254,35.696971756616385],[139.91362730341072,35.6969590601723],[139.91364333262993,35.69694933902908],[139.91365019112757,35.69695686358996],[139.91378460672047,35.69687534323655],[139.91373315027462,35.696818886103706],[139.91373676581082,35.69681669155891],[139.91372801680714,35.69680709331347],[139.91373975902118,35.69679997186493],[139.91370408823457,35.69676083479957],[139.91370734044915,35.696758861333656],[139.91369122300867,35.69674117821635],[139.91373647571916,35.6967137337557],[139.91375805893753,35.6967374136303],[139.91374788044732,35.696743586697046],[139.91377808546918,35.69677672698747],[139.9137933371948,35.69676747775969]]]}},{"type":"Feature","properties":{"height":3.8,"gml_id":"bldg_3da6ba91-4b3f-45ee-b399-242d7c6d7e64"},"geometry":{"type":"Polygon","coordinates":[[[139.91590519377309,35.69573522913824],[139.91592809314687,35.69576081231798],[139.91588502559028,35.695786530886615],[139.91586212612998,35.695760857561915],[139.91590519377309,35.69573522913824]]]}},{"type":"Feature","properties":{"height":9.7,"gml_id":"bldg_1fd28585-dd9c-421d-86c0-ffe9e1be42bc"},"geometry":{"type":"Polygon","coordinates":[[[139.91275743795495,35.698509237614985],[139.91279588001188,35.69860809241814],[139.91272285722485,35.69862697921161],[139.91269050827293,35.69854371405155],[139.91270407948574,35.698523063754806],[139.91275743795495,35.698509237614985]]]}},{"type":"Feature","properties":{"height":11.3,"gml_id":"bldg_f70644d5-ec8e-4ab7-b880-e1d213ada332"},"geometry":{"type":"Polygon","coordinates":[[[139.91305516267974,35.697877271269796],[139.91303756046,35.69784447309259],[139.9130457346189,35.697841583298924],[139.91303245017593,35.69781707485681],[139.91312578966628,35.69778357222909],[139.91314903757677,35.69782655212077],[139.91313092207102,35.69783314412521],[139.9131345752292,35.69783981183446],[139.9131204362073,35.69784486887368],[139.91312442176428,35.69785243773195],[139.91305516267974,35.697877271269796]]]}},{"type":"Feature","properties":{"height":9.3,"gml_id":"bldg_cf8e1685-354f-4359-bb76-165bc003a869"},"geometry":{"type":"Polygon","coordinates":[[[139.91340662639783,35.698612555087315],[139.91342158005654,35.698648509759636],[139.9133406046921,35.69867082742041],[139.91332576156705,35.69863487266472],[139.91340662639783,35.698612555087315]]]}},{"type":"Feature","properties":{"height":7.9,"gml_id":"bldg_7dbb2408-93ca-4322-b94a-a423fdcb334e"},"geometry":{"type":"Polygon","coordinates":[[[139.91285160448916,35.69719308648704],[139.91287871759587,35.69723408086986],[139.9127927864072,35.697271904990664],[139.912752087964,35.697237048862725],[139.91285160448916,35.69719308648704]]]}},{"type":"Feature","properties":{"height":7.8,"gml_id":"bldg_a3b7eb0a-f919-49f0-a93b-344727d1b318"},"geometry":{"type":"Polygon","coordinates":[[[139.91468263411286,35.699311161763674],[139.91473899419333,35.699314909410695],[139.91473439917158,35.699360251369754],[139.9146780390594,35.69935650372065],[139.91468263411286,35.699311161763674]]]}},{"type":"Feature","properties":{"height":2.1,"gml_id":"bldg_b651bf81-ed4f-43c3-ba3c-0a297d940b4c"},"geometry":{"type":"Polygon","coordinates":[[[139.915045673705,35.69772459667118],[139.91503032373498,35.697733981328234],[139.9149578657034,35.6976551606897],[139.91497321566683,35.697645776041774],[139.915045673705,35.69772459667118]]]}},{"type":"Feature","properties":{"height":5.6,"gml_id":"bldg_2afe32d2-ff9a-46d0-bb3c-dd7e70a12975"},"geometry":{"type":"Polygon","coordinates":[[[139.9149734065765,35.695447967302485],[139.91499879140827,35.69541901612604],[139.91502612205204,35.695456134000985],[139.91499188504267,35.695472922701384],[139.9149734065765,35.695447967302485]]]}},{"type":"Feature","properties":{"height":9.1,"gml_id":"bldg_89e31d9f-3123-4d9e-9cb2-d22a789b84cd"},"geometry":{"type":"Polygon","coordinates":[[[139.91334082826248,35.6984521551655],[139.9133603226812,35.69849838243437],[139.91328233062737,35.698520337525466],[139.9132628363382,35.698474200380915],[139.91334082826248,35.6984521551655]]]}},{"type":"Feature","properties":{"height":10.5,"gml_id":"bldg_0f38d395-138f-4f72-bae2-4c170cf563b5"},"geometry":{"type":"Polygon","coordinates":[[[139.91381652982764,35.69855558561265],[139.91383602862294,35.69860586896079],[139.91373118998436,35.6986330702334],[139.91371169124824,35.69858278686845],[139.91381652982764,35.69855558561265]]]}},{"type":"Feature","properties":{"height":7.5,"gml_id":"bldg_1dfd1bf7-3669-4cd8-81ce-1ebdf5225b71"},"geometry":{"type":"Polygon","coordinates":[[[139.91569230206838,35.69555636302478],[139.91572161609798,35.69558771061977],[139.91566574014416,35.69562245156994],[139.91563642612365,35.695591103961526],[139.91569230206838,35.69555636302478]]]}},{"type":"Feature","properties":{"height":9.4,"gml_id":"bldg_17118c52-48c1-474a-a562-a8c00145b5fd"},"geometry":{"type":"Polygon","coordinates":[[[139.91575889637807,35.696166093798865],[139.91582196567845,35.69624897657087],[139.9157819862091,35.69626928476896],[139.9157188064359,35.696186402051865],[139.91575889637807,35.696166093798865]]]}},{"type":"Feature","properties":{"height":7.4,"gml_id":"bldg_6b4c58c9-0aee-44c4-9024-433e15c0d4c7"},"geometry":{"type":"Polygon","coordinates":[[[139.91299753556254,35.69648739818366],[139.9130497365266,35.6965332433213],[139.9129662622314,35.69659630428164],[139.91290864200639,35.69654559529687],[139.91295987491964,35.696506892677256],[139.91296529418767,35.696511756486395],[139.91299753556254,35.69648739818366]]]}},{"type":"Feature","properties":{"height":3.4,"gml_id":"bldg_977b9eb5-389b-4aec-8106-581ee015b588"},"geometry":{"type":"Polygon","coordinates":[[[139.9145693031659,35.69870146225982],[139.91460011545442,35.69868404504161],[139.91461305959467,35.69869926943674],[139.91462509731326,35.698692410904144],[139.91466404036032,35.698738174139265],[139.91462119033756,35.698762449907065],[139.9145693031659,35.69870146225982]]]}},{"type":"Feature","properties":{"height":2.1,"gml_id":"bldg_3d0a58b6-54df-43c1-8c66-8e072decaf04"},"geometry":{"type":"Polygon","coordinates":[[[139.91499056836778,35.69775825513079],[139.91497356207492,35.69776881268388],[139.91490077320952,35.697690623194156],[139.91491777949545,35.69768006565122],[139.91499056836778,35.69775825513079]]]}},{"type":"Feature","properties":{"height":2.1,"gml_id":"bldg_c66948ab-94a0-4cf7-8ebe-5024a5e77760"},"geometry":{"type":"Polygon","coordinates":[[[139.91489970994556,35.696863527603085],[139.91488257130686,35.696852452373896],[139.9149585146307,35.69677389164478],[139.91497565317118,35.69678487672645],[139.91489970994556,35.696863527603085]]]}},{"type":"Feature","properties":{"height":6.8,"gml_id":"bldg_9d42e94e-5cad-4fd0-9167-f86786173f2d"},"geometry":{"type":"Polygon","coordinates":[[[139.9152086644871,35.69534910757117],[139.9152748312862,35.69543667565597],[139.91523076562547,35.69545887933071],[139.91516459876397,35.695371221085075],[139.9152086644871,35.69534910757117]]]}},{"type":"Feature","properties":{"height":12.3,"gml_id":"bldg_b513a90d-8834-42c8-810f-d0a7defb9098"},"geometry":{"type":"Polygon","coordinates":[[[139.91408399713882,35.69860894779872],[139.9141051492746,35.698654903422714],[139.91403179879245,35.698677306568634],[139.9140106466928,35.69863135093184],[139.91408399713882,35.69860894779872]]]}},{"type":"Feature","properties":{"height":2.1,"gml_id":"bldg_a6f654ea-87b1-4068-8555-542a6c6b4196"},"geometry":{"type":"Polygon","coordinates":[[[139.91500701489852,35.69817404550358],[139.91501708362082,35.69818692824813],[139.91491580812843,35.69823981715189],[139.91490562900663,35.698227024610695],[139.91500701489852,35.69817404550358]]]}},{"type":"Feature","properties":{"height":7.0,"gml_id":"bldg_835e6d7a-658a-4cd7-9e83-ac0c07f6b9c1"},"geometry":{"type":"Polygon","coordinates":[[[139.91363040705969,35.6988480238543],[139.91364746627278,35.698889835990286],[139.9135785318192,35.69890854030037],[139.91356158313988,35.698866728081036],[139.91363040705969,35.6988480238543]]]}},{"type":"Feature","properties":{"height":8.9,"gml_id":"bldg_ec70fdbd-0268-45ce-9456-f7898786e4fb"},"geometry":{"type":"Polygon","coordinates":[[[139.91298332087868,35.69719399091119],[139.91301619464613,35.69724967376825],[139.91296394868766,35.697270169420825],[139.9129310750376,35.69721457668651],[139.91298332087868,35.69719399091119]]]}},{"type":"Feature","properties":{"height":8.8,"gml_id":"bldg_e30bffa2-269b-4478-bdbd-1fd48d3e8218"},"geometry":{"type":"Polygon","coordinates":[[[139.91323038238727,35.697289192037765],[139.91327033698266,35.69735352326806],[139.9132282538518,35.69737085749386],[139.91321829278317,35.69735472959738],[139.91321011912962,35.697358070087176],[139.9131802362211,35.69730995680109],[139.91323038238727,35.697289192037765]]]}},{"type":"Feature","properties":{"height":2.5,"gml_id":"bldg_e55aea76-8f4d-4838-82f4-6c65da895de3"},"geometry":{"type":"Polygon","coordinates":[[[139.91589365805945,35.69890868728916],[139.91592186744884,35.6989391342058],[139.91582645424435,35.69899787874467],[139.91579835546523,35.698967521867075],[139.91589365805945,35.69890868728916]]]}},{"type":"Feature","properties":{"height":2.2,"gml_id":"bldg_bd539d30-06d9-4347-905c-562f3d084375"},"geometry":{"type":"Polygon","coordinates":[[[139.91493325527355,35.697794168484265],[139.91491845750323,35.6978032823419],[139.91484644271216,35.69772563311654],[139.91486124047634,35.697716519267644],[139.91493325527355,35.697794168484265]]]}},{"type":"Feature","properties":{"height":19.5,"gml_id":"bldg_d7a2020e-aa9a-4d68-8660-e6b4bd9bacc2"},"geometry":{"type":"Polygon","coordinates":[[[139.91526869342403,35.69667380920952],[139.91519882029186,35.69674488464291],[139.91515890340287,35.696718681939046],[139.91522877663982,35.696647696665366],[139.91526869342403,35.69667380920952]]]}},{"type":"Feature","properties":{"height":11.7,"gml_id":"bldg_43124d4b-419a-4d8f-8f4c-319746a632c8"},"geometry":{"type":"Polygon","coordinates":[[[139.91385845114,35.698706536872386],[139.91389289609887,35.698785023057596],[139.91381634079744,35.69880733807973],[139.9137820064055,35.69872885179897],[139.91385845114,35.698706536872386]]]}},{"type":"Feature","properties":{"height":10.2,"gml_id":"bldg_e7adc30a-9101-4e0a-b15b-fd781f8f17d8"},"geometry":{"type":"Polygon","coordinates":[[[139.9131396590586,35.69395887260398],[139.9131204417201,35.69396771876508],[139.9131261957227,35.69397600755188],[139.91309759069514,35.69398927664272],[139.91309194745884,35.69398125819205],[139.91306742885786,35.69399263169191],[139.91301663907964,35.69391974451814],[139.9129956547133,35.693929493198674],[139.91298647054325,35.693916339279184],[139.91300745490724,35.693906590600236],[139.91299329129455,35.69388622901961],[139.91297429485758,35.69389498487435],[139.91293567694612,35.693839486046286],[139.91296958328084,35.693823779788644],[139.91295375976165,35.69380089546609],[139.9129994835519,35.69377968302823],[139.91301530681096,35.693802296934145],[139.91302690347675,35.69379697117654],[139.9131396590586,35.69395887260398]]]}},{"type":"Feature","properties":{"height":9.2,"gml_id":"bldg_02e9ab33-daf4-44a3-9c49-5dc9e4d99e25"},"geometry":{"type":"Polygon","coordinates":[[[139.9140433890384,35.698993949692515],[139.91408965539046,35.699069813920936],[139.91403133408355,35.69909346889788],[139.9139850676822,35.699017514510466],[139.9140433890384,35.698993949692515]]]}},{"type":"Feature","properties":{"height":7.4,"gml_id":"bldg_b69bb38c-c019-4f38-b4c3-f86196d3d74b"},"geometry":{"type":"Polygon","coordinates":[[[139.9144820964268,35.699335183396336],[139.91455912083984,35.6993392777425],[139.91455595584893,35.69937830914797],[139.91447893139852,35.699374214799846],[139.9144820964268,35.699335183396336]]]}},{"type":"Feature","properties":{"height":10.6,"gml_id":"bldg_f79dae52-9da9-433c-95af-121f2378fb95"},"geometry":{"type":"Polygon","coordinates":[[[139.91598394612944,35.69452580771292],[139.91602012375688,35.694569859838445],[139.915946795771,35.69460993099089],[139.9159106182586,35.694565968980505],[139.91598394612944,35.69452580771292]]]}},{"type":"Feature","properties":{"height":7.8,"gml_id":"bldg_38381790-83cc-4d74-bf90-f8c975982c2a"},"geometry":{"type":"Polygon","coordinates":[[[139.91327944081198,35.69772857690454],[139.9133030191198,35.69777038476763],[139.91327319555506,35.69778194210092],[139.91327529901938,35.69778590672787],[139.91324127760126,35.69779863862078],[139.91321548544624,35.69775295632795],[139.91327944081198,35.69772857690454]]]}},{"type":"Feature","properties":{"height":9.4,"gml_id":"bldg_e8a86cea-0845-49aa-a7a8-277643c26468"},"geometry":{"type":"Polygon","coordinates":[[[139.91309198506062,35.69823599174878],[139.913146120527,35.698336819056856],[139.913098732441,35.69835379620455],[139.913044596933,35.698252878738565],[139.91309198506062,35.69823599174878]]]}},{"type":"Feature","properties":{"height":8.3,"gml_id":"bldg_86d15ddd-3f44-4c99-967c-e0fad6d61317"},"geometry":{"type":"Polygon","coordinates":[[[139.91271249338857,35.69742401893771],[139.91275457242753,35.697513857682814],[139.9127008860681,35.69753065855747],[139.91265880690193,35.697440639520075],[139.91271249338857,35.69742401893771]]]}},{"type":"Feature","properties":{"height":3.5,"gml_id":"bldg_65d5d1f2-29bf-43f5-a6e4-0f5471653b75"},"geometry":{"type":"Polygon","coordinates":[[[139.91554161874257,35.69763610509983],[139.91560047937708,35.69760109176747],[139.9156712808594,35.697680273700264],[139.91561242019785,35.697715287066806],[139.91554161874257,35.69763610509983]]]}},{"type":"Feature","properties":{"height":6.5,"gml_id":"bldg_36d53f7f-bb11-42ca-87c8-928ee1ba8c6f"},"geometry":{"type":"Polygon","coordinates":[[[139.91365523187542,35.699140591630005],[139.91368359015397,35.69921006824234],[139.91364039551155,35.69922181486252],[139.91361203726632,35.69915233824012],[139.91365523187542,35.699140591630005]]]}},{"type":"Feature","properties":{"height":9.5,"gml_id":"bldg_fa40fcf3-38b5-4a55-a7c3-230fe4402fa3"},"geometry":{"type":"Polygon","coordinates":[[[139.91359705090764,35.69875313195441],[139.91361278279768,35.698793683064586],[139.91353710871564,35.69881329321471],[139.91352137686002,35.69877274209475],[139.91359705090764,35.69875313195441]]]}},{"type":"Feature","properties":{"height":8.2,"gml_id":"bldg_dcbcf24b-bafe-4e1a-a657-6d954bfecb75"},"geometry":{"type":"Polygon","coordinates":[[[139.91324620175325,35.697417897048375],[139.91328460663806,35.697479435057055],[139.91326560857203,35.69748737972193],[139.91330157845576,35.69754486318038],[139.9132456886655,35.697568155619145],[139.91322034370657,35.69752761083256],[139.91324707363552,35.69751650625031],[139.91319804378875,35.697437939403514],[139.91324620175325,35.697417897048375]]]}},{"type":"Feature","properties":{"height":12.9,"gml_id":"bldg_16f0678f-a8e8-409b-97aa-409ee2fb4b78"},"geometry":{"type":"Polygon","coordinates":[[[139.91316284194704,35.69792920890164],[139.9131720338851,35.69794966388264],[139.91315747413395,35.697976083651334],[139.9130545459089,35.698034740849366],[139.91302392780943,35.69802529674835],[139.91300676075798,35.6979856478747],[139.91310275839328,35.69795809254191],[139.9130983280482,35.697947729733784],[139.91316284194704,35.69792920890164]]]}},{"type":"Feature","properties":{"height":11.2,"gml_id":"bldg_64f504e9-5063-4e6c-b3c9-4706c3a91642"},"geometry":{"type":"Polygon","coordinates":[[[139.9129311478419,35.69751022571264],[139.9129614291259,35.69751453225712],[139.9130543221047,35.697587842217295],[139.91295092837927,35.6976224330839],[139.91293000238917,35.69758071353381],[139.91291089224146,35.697587125889235],[139.91288088702086,35.69752702440239],[139.9129311478419,35.69751022571264]]]}},{"type":"Feature","properties":{"height":9.0,"gml_id":"bldg_dfb3c8a7-fa91-4607-aeb2-6675882a95ae"},"geometry":{"type":"Polygon","coordinates":[[[139.9149436082405,35.699062117174236],[139.91493134912227,35.69906861534081],[139.91491408876274,35.699046994187334],[139.91492623737702,35.69904049609739],[139.9149436082405,35.699062117174236]]]}},{"type":"Feature","properties":{"height":10.5,"gml_id":"bldg_cd889713-7592-4224-8867-9e1662494cd4"},"geometry":{"type":"Polygon","coordinates":[[[139.91287657841755,35.69752792861867],[139.91290603068725,35.697587579787566],[139.91283345550875,35.697611153474135],[139.9128103145738,35.697564387698975],[139.91281935786384,35.69754653461965],[139.91287657841755,35.69752792861867]]]}},{"type":"Feature","properties":{"height":9.6,"gml_id":"bldg_543faa41-f6d4-4b7e-bbf3-b3e04be76cf4"},"geometry":{"type":"Polygon","coordinates":[[[139.91465801461248,35.699877508404896],[139.91466182837857,35.6999333005529],[139.9146413861877,35.69993421573157],[139.91464284313687,35.69995431527008],[139.9145849419657,35.699956878200084],[139.91457989241715,35.69988107649795],[139.91465801461248,35.699877508404896]]]}},{"type":"Feature","properties":{"height":14.7,"gml_id":"bldg_85fbad88-d381-4a5f-9a21-e455270a5460"},"geometry":{"type":"Polygon","coordinates":[[[139.91273340977406,35.69522673723483],[139.91276582957656,35.69527133363439],[139.91270563773145,35.6953005777073],[139.9126731073644,35.69525589122766],[139.91273340977406,35.69522673723483]]]}},{"type":"Feature","properties":{"height":8.5,"gml_id":"bldg_8f46dc12-e007-4766-90be-b39066d7bcb1"},"geometry":{"type":"Polygon","coordinates":[[[139.91460315981075,35.69939738630618],[139.91467985296512,35.699401661072436],[139.91467668619975,35.699438889744215],[139.91459999291843,35.6994345248392],[139.91460315981075,35.69939738630618]]]}},{"type":"Feature","properties":{"height":9.2,"gml_id":"bldg_75f6366a-242c-4e9a-b956-f024045427e1"},"geometry":{"type":"Polygon","coordinates":[[[139.91339089248558,35.698569840664774],[139.91340628939656,35.698607056960974],[139.91332487206384,35.6986293749053],[139.91330958568778,35.698592158525386],[139.91339089248558,35.698569840664774]]]}},{"type":"Feature","properties":{"height":7.4,"gml_id":"bldg_4e8f355c-7adf-4803-b4ce-58f7b9415620"},"geometry":{"type":"Polygon","coordinates":[[[139.9161210572391,35.69643643632561],[139.9161612057374,35.696472733887674],[139.91610754435885,35.69651234090814],[139.91606728536644,35.696476043404374],[139.9161210572391,35.69643643632561]]]}},{"type":"Feature","properties":{"height":10.9,"gml_id":"bldg_b1975507-feab-444b-b234-0b9c7bddcf1f"},"geometry":{"type":"Polygon","coordinates":[[[139.91335453711164,35.69779522831731],[139.91340449641623,35.69780835508387],[139.9134221981026,35.69782997616508],[139.91333461892947,35.69787771682514],[139.9132940158654,35.69782825864221],[139.91335453711164,35.69779522831731]]]}},{"type":"Feature","properties":{"height":7.7,"gml_id":"bldg_acb272e6-b0bb-437e-808a-eac26ba8fa67"},"geometry":{"type":"Polygon","coordinates":[[[139.91505366120222,35.69602253581289],[139.91511836393832,35.69608270334072],[139.91503985716787,35.69613891196066],[139.91502569990544,35.69612567144045],[139.91500957905063,35.69613731004353],[139.91495272923805,35.6960845283618],[139.91499744838282,35.69605258955902],[139.91500364214815,35.696058354120574],[139.91505366120222,35.69602253581289]]]}},{"type":"Feature","properties":{"height":7.7,"gml_id":"bldg_5b73ac88-7d1f-46ca-889f-4234ed854527"},"geometry":{"type":"Polygon","coordinates":[[[139.91300799116783,35.69766737364567],[139.91302781141198,35.69770828268149],[139.9130413986322,35.69770394711369],[139.9130572326391,35.6977365661884],[139.9129665408803,35.69776574044011],[139.912954803657,35.69774141123934],[139.91294375712536,35.6977449338849],[139.91293777774882,35.69773249894605],[139.91290165572008,35.69774415048933],[139.91288393915332,35.69770738634051],[139.91300799116783,35.69766737364567]]]}},{"type":"Feature","properties":{"height":3.8,"gml_id":"bldg_ab85fac8-f9ef-4126-ba89-08cfc543bdfa"},"geometry":{"type":"Polygon","coordinates":[[[139.9153566712385,35.698204724710784],[139.91528554786248,35.698243081335235],[139.91522148681318,35.698163894597876],[139.9152926101497,35.6981255380108],[139.9153566712385,35.698204724710784]]]}},{"type":"Feature","properties":{"height":7.2,"gml_id":"bldg_063ff6d4-4fe4-4c69-8e4a-523f4d957c63"},"geometry":{"type":"Polygon","coordinates":[[[139.91292494346513,35.697160138043856],[139.9129509505279,35.697200051498946],[139.91288368533134,35.697229300330555],[139.91285756779305,35.697189386934085],[139.91292494346513,35.697160138043856]]]}},{"type":"Feature","properties":{"height":8.9,"gml_id":"bldg_3ab53be2-038f-4f19-9f3d-7e881cfe07f7"},"geometry":{"type":"Polygon","coordinates":[[[139.9155984081228,35.696229930391176],[139.91566082497192,35.696323179439254],[139.91561598312816,35.69634313035966],[139.91555356640814,35.69624997142544],[139.9155984081228,35.696229930391176]]]}},{"type":"Feature","properties":{"height":9.8,"gml_id":"bldg_565e2e7d-c575-4564-8e68-b30db9e231cd"},"geometry":{"type":"Polygon","coordinates":[[[139.91336980497118,35.69283750601271],[139.9134179413648,35.69290922303531],[139.91334537948597,35.6929417205982],[139.91329713255413,35.69286991348339],[139.91336980497118,35.69283750601271]]]}},{"type":"Feature","properties":{"height":10.5,"gml_id":"bldg_95eb29af-7ceb-4be5-9d9a-fdb2aaff7a8b"},"geometry":{"type":"Polygon","coordinates":[[[139.91307425263875,35.69773952943283],[139.913097838742,35.69778926937871],[139.91294473322702,35.69783759397917],[139.91292114711501,35.69778776386675],[139.91307425263875,35.69773952943283]]]}},{"type":"Feature","properties":{"height":21.4,"gml_id":"bldg_c67a932f-4f42-4823-8539-a153ab914229"},"geometry":{"type":"Polygon","coordinates":[[[139.9139249642584,35.6994664364479],[139.9139524494804,35.69954645959233],[139.91366078886261,35.69961308545807],[139.9136333039993,35.69953315238442],[139.9139249642584,35.6994664364479]]]}},{"type":"Feature","properties":{"height":6.3,"gml_id":"bldg_791fa752-d32b-42c0-9550-1e724b9e3b18"},"geometry":{"type":"Polygon","coordinates":[[[139.91328407763572,35.69739227301495],[139.91332380943575,35.69745471149917],[139.91328537167982,35.6974709616793],[139.91324563999157,35.69740861331938],[139.91328407763572,35.69739227301495]]]}},{"type":"Feature","properties":{"height":6.8,"gml_id":"bldg_eb8e8d17-715a-4b98-b092-0258701b5fa6"},"geometry":{"type":"Polygon","coordinates":[[[139.91301477890596,35.69782591997229],[139.9130343794478,35.697868091068],[139.91296699479685,35.697888867153274],[139.91294750469618,35.697846605836766],[139.91301477890596,35.69782591997229]]]}},{"type":"Feature","properties":{"height":4.2,"gml_id":"bldg_fd05697c-24c5-4603-bdff-d2ebb03fbb58"},"geometry":{"type":"Polygon","coordinates":[[[139.91605590930865,35.69498320330268],[139.91607637517177,35.69500644456918],[139.9160572708241,35.695017634680454],[139.9160369154601,35.69499439333483],[139.91605590930865,35.69498320330268]]]}},{"type":"Feature","properties":{"height":7.9,"gml_id":"bldg_1b994d65-21c5-4988-938b-f00ed594cc48"},"geometry":{"type":"Polygon","coordinates":[[[139.91426141817513,35.69987732501265],[139.91426874754828,35.69991310442371],[139.91424315313716,35.699955035276254],[139.9141704121207,35.6999255192539],[139.91421200294664,35.699857257702256],[139.91426141817513,35.69987732501265]]]}},{"type":"Feature","properties":{"height":6.6,"gml_id":"bldg_9f75ecc7-5773-4e76-b3d2-5af48b1878b3"},"geometry":{"type":"Polygon","coordinates":[[[139.91432441502053,35.69890371418549],[139.91432556998862,35.69895310842323],[139.9142300977828,35.698954614813424],[139.91422894287356,35.698905220574694],[139.91432441502053,35.69890371418549]]]}},{"type":"Feature","properties":{"height":8.9,"gml_id":"bldg_6d9de01f-c769-4b19-bf05-cf8e801e9203"},"geometry":{"type":"Polygon","coordinates":[[[139.91550795060823,35.69551547670446],[139.91545261693338,35.69554030212277],[139.9154083506285,35.69547453234674],[139.91546379486124,35.695449797010035],[139.91550795060823,35.69551547670446]]]}},{"type":"Feature","properties":{"height":9.5,"gml_id":"bldg_3d25977f-5253-4eaf-86c6-65a64551cf06"},"geometry":{"type":"Polygon","coordinates":[[[139.9145576813646,35.69988118162443],[139.91455936478314,35.69990668922375],[139.9145730666362,35.6999061391558],[139.91457598662603,35.699952377401026],[139.91453344468243,35.699954208843856],[139.91452873080453,35.69988246307242],[139.9145576813646,35.69988118162443]]]}},{"type":"Feature","properties":{"height":8.2,"gml_id":"bldg_cd736a14-d9c9-4b34-a2df-740f127b6bb3"},"geometry":{"type":"Polygon","coordinates":[[[139.9130518885751,35.69791837586669],[139.91307104347786,35.69795685163784],[139.9130121659616,35.69797627005901],[139.91299301108245,35.69793779427861],[139.9130518885751,35.69791837586669]]]}},{"type":"Feature","properties":{"height":5.2,"gml_id":"bldg_1c769a90-e701-409e-a8ee-be052ade09c7"},"geometry":{"type":"Polygon","coordinates":[[[139.91413677783595,35.69846072732559],[139.91419824046224,35.698484392055285],[139.91415140065362,35.69849704267764],[139.91413677783595,35.69846072732559]]]}},{"type":"Feature","properties":{"height":8.2,"gml_id":"bldg_f6ff82f5-92df-43a7-a88e-44abc81e7962"},"geometry":{"type":"Polygon","coordinates":[[[139.91545743664975,35.69614583875654],[139.91547425629298,35.69616917274525],[139.915483975317,35.696164478992635],[139.91552657774946,35.696223579736426],[139.91546660673438,35.69625237434966],[139.91540718478944,35.696170029726105],[139.91545743664975,35.69614583875654]]]}},{"type":"Feature","properties":{"height":7.5,"gml_id":"bldg_d05a72b0-1726-4ebc-a68c-1f12f828d7a4"},"geometry":{"type":"Polygon","coordinates":[[[139.91498644423194,35.694904973507704],[139.91500956875467,35.694935153697685],[139.91496727050347,35.69495663498291],[139.91494425648682,35.69492645471],[139.91498644423194,35.694904973507704]]]}},{"type":"Feature","properties":{"height":6.8,"gml_id":"bldg_0e58824a-a2ed-4938-9833-a776b9b6066c"},"geometry":{"type":"Polygon","coordinates":[[[139.91348064969705,35.697385111616256],[139.91350930639862,35.69742231907746],[139.91346888411772,35.69744298734668],[139.91346556488415,35.69743875312146],[139.91340769261598,35.69746844667616],[139.9133822446738,35.6974354734921],[139.91348064969705,35.697385111616256]]]}},{"type":"Feature","properties":{"height":10.5,"gml_id":"bldg_497bdf10-f29b-4180-8a2c-e901a8e9207e"},"geometry":{"type":"Polygon","coordinates":[[[139.91442608320233,35.69541742028095],[139.91439222495296,35.69537183379248],[139.91465894165054,35.69524014409911],[139.91476538563342,35.69538375042635],[139.91453047583235,35.69549964493803],[139.91448311830618,35.69543576978164],[139.9144664415563,35.695443983484274],[139.91444121372245,35.6954099287212],[139.91442608320233,35.69541742028095]]]}},{"type":"Feature","properties":{"height":6.4,"gml_id":"bldg_0d2a10f7-1451-4cb5-9efe-66ffedaa1751"},"geometry":{"type":"Polygon","coordinates":[[[139.91331325906552,35.69718043188238],[139.91334447151146,35.69723205959243],[139.9133033821467,35.69724858195202],[139.91327216972073,35.69719695423144],[139.91331325906552,35.69718043188238]]]}},{"type":"Feature","properties":{"height":7.4,"gml_id":"bldg_d3c453f8-43be-4814-ac19-2dcd6036be7b"},"geometry":{"type":"Polygon","coordinates":[[[139.91379481079858,35.698495118275865],[139.91381309278248,35.69854414052506],[139.91370173508653,35.698571796815074],[139.91368345325486,35.69852286468595],[139.91379481079858,35.698495118275865]]]}},{"type":"Feature","properties":{"height":7.4,"gml_id":"bldg_1a04de13-71f6-4882-af7c-aa406aa74f33"},"geometry":{"type":"Polygon","coordinates":[[[139.91567800419,35.69551382817124],[139.9157051038049,35.695540850712185],[139.91563586956235,35.6955871383168],[139.9156087700476,35.69556020589734],[139.91567800419,35.69551382817124]]]}},{"type":"Feature","properties":{"height":2.6,"gml_id":"bldg_c0a4a070-1911-4a66-b9c8-3d62f3474294"},"geometry":{"type":"Polygon","coordinates":[[[139.91333412071873,35.698798313237624],[139.91339842693148,35.69878474634304],[139.91341078464308,35.6988237286377],[139.91334647840208,35.69883729644021],[139.91333412071873,35.698798313237624]]]}},{"type":"Feature","properties":{"height":9.2,"gml_id":"bldg_c958c71c-fbf9-4b01-9be2-899c36d11f51"},"geometry":{"type":"Polygon","coordinates":[[[139.91309372380198,35.698428523011316],[139.91313516009888,35.698537741466104],[139.9130574973853,35.698557623044515],[139.91301606118392,35.69844840456321],[139.91309372380198,35.698428523011316]]]}},{"type":"Feature","properties":{"height":5.8,"gml_id":"bldg_c4ec439c-58ae-42f4-be94-9459da4ac402"},"geometry":{"type":"Polygon","coordinates":[[[139.91338347305395,35.697448362253546],[139.91339941314413,35.6974764743685],[139.9133713566204,35.69748694890834],[139.91335552712786,35.6974589268531],[139.91338347305395,35.697448362253546]]]}},{"type":"Feature","properties":{"height":10.1,"gml_id":"bldg_d95d47a7-1ee9-4f7c-919a-134b45053abc"},"geometry":{"type":"Polygon","coordinates":[[[139.9148192972836,35.699826291724605],[139.91482399298405,35.699879919985875],[139.91473150711772,35.69988521050115],[139.91472681157043,35.69983167237305],[139.9148192972836,35.699826291724605]]]}},{"type":"Feature","properties":{"height":8.2,"gml_id":"bldg_183712e9-812c-4de5-bf6b-396affaf68ad"},"geometry":{"type":"Polygon","coordinates":[[[139.9160939694261,35.69610042448795],[139.9161090194138,35.69612195686609],[139.91610815424505,35.696140165120674],[139.91607447003375,35.69615731429471],[139.9160496027573,35.69615228371666],[139.9160331141651,35.696128679170144],[139.9160939694261,35.69610042448795]]]}},{"type":"Feature","properties":{"height":7.2,"gml_id":"bldg_a66b6b79-0642-4dd6-8a0a-b3ad4e210dfb"},"geometry":{"type":"Polygon","coordinates":[[[139.9144871263339,35.69579270935417],[139.9145236167505,35.695818554048614],[139.9144709596118,35.69586816486646],[139.91443446918953,35.69584232015629],[139.9144871263339,35.69579270935417]]]}},{"type":"Feature","properties":{"height":9.5,"gml_id":"bldg_2c270a14-178f-49ca-949a-dfaa1dc72ecb"},"geometry":{"type":"Polygon","coordinates":[[[139.9143439024684,35.69872387797634],[139.91442874123635,35.69869768115191],[139.91445310507893,35.698750484953905],[139.9143682661719,35.698776591658515],[139.9143439024684,35.69872387797634]]]}},{"type":"Feature","properties":{"height":2.3,"gml_id":"bldg_bb286a03-01d7-458d-8558-6a2e56b4512d"},"geometry":{"type":"Polygon","coordinates":[[[139.91510941046624,35.69900188334655],[139.91509757203053,35.69898746948657],[139.91532220791643,35.6988650910717],[139.91533393587255,35.69887950498513],[139.91510941046624,35.69900188334655]]]}},{"type":"Feature","properties":{"height":9.2,"gml_id":"bldg_79a47f54-4001-4ae8-8bd5-8b987e00e04e"},"geometry":{"type":"Polygon","coordinates":[[[139.9135208981723,35.69906721963034],[139.91353918508437,35.69912119944194],[139.9134952151491,35.69913114378906],[139.9134769283545,35.69907725410766],[139.9135208981723,35.69906721963034]]]}},{"type":"Feature","properties":{"height":7.3,"gml_id":"bldg_2f82f02a-eb2a-4a09-8185-d765348d54ea"},"geometry":{"type":"Polygon","coordinates":[[[139.91280934135926,35.697363112618255],[139.912845618558,35.69739661959284],[139.91272388603758,35.69743527853851],[139.91270517288993,35.69739626159585],[139.91280934135926,35.697363112618255]]]}},{"type":"Feature","properties":{"height":5.2,"gml_id":"bldg_907b7068-49e4-4115-a1ab-17faeae22bd2"},"geometry":{"type":"Polygon","coordinates":[[[139.91646012198825,35.69670264740211],[139.91652018032102,35.69675794998213],[139.91648462634637,35.69678366356869],[139.9164245680188,35.69672836097117],[139.91646012198825,35.69670264740211]]]}},{"type":"Feature","properties":{"height":6.7,"gml_id":"bldg_2be3e7a2-b6ea-48c2-8f9b-602af9ec371d"},"geometry":{"type":"Polygon","coordinates":[[[139.91377928989596,35.69888470029834],[139.9138001067116,35.69892696058556],[139.91370632136105,35.6989576697846],[139.91368550458685,35.698915409481295],[139.91377928989596,35.69888470029834]]]}},{"type":"Feature","properties":{"height":6.7,"gml_id":"bldg_cc5e67c3-7cbd-42fd-b216-e32d89ac114a"},"geometry":{"type":"Polygon","coordinates":[[[139.91636529255817,35.696255633708596],[139.91639361748338,35.69629166893836],[139.91633563728692,35.696321994938096],[139.91630731247037,35.696286049831706],[139.91636529255817,35.696255633708596]]]}},{"type":"Feature","properties":{"height":3.7,"gml_id":"bldg_01adf79f-1dc6-4dff-b087-9e4832f4b2de"},"geometry":{"type":"Polygon","coordinates":[[[139.91606695225755,35.69508369840792],[139.9160417761614,35.69510030090612],[139.91599034185313,35.695048597627654],[139.91601562834725,35.695031904927305],[139.91606695225755,35.69508369840792]]]}},{"type":"Feature","properties":{"height":3.4,"gml_id":"bldg_32dfa287-6459-483a-88b5-7a63184a89ff"},"geometry":{"type":"Polygon","coordinates":[[[139.9148364029527,35.69556920418655],[139.914862407605,35.69560632299552],[139.91481933410344,35.69562645269762],[139.91479332946452,35.69558933387942],[139.9148364029527,35.69556920418655]]]}},{"type":"Feature","properties":{"height":9.0,"gml_id":"bldg_916d1986-8fa6-4398-bea3-646bda507b19"},"geometry":{"type":"Polygon","coordinates":[[[139.91424550334665,35.69965622995488],[139.91425333981917,35.699756456894065],[139.91417135084484,35.69976074841637],[139.91421555860975,35.69965778240643],[139.91424550334665,35.69965622995488]]]}},{"type":"Feature","properties":{"height":9.2,"gml_id":"bldg_c67e22eb-a7e1-4403-9b76-9772d9b1ecb5"},"geometry":{"type":"Polygon","coordinates":[[[139.913329429174,35.69400895293431],[139.9133448100508,35.69403102626815],[139.91329091352523,35.69405621029134],[139.9132948969297,35.694061796137106],[139.91321880107682,35.69409727048525],[139.91322433374887,35.69410519886621],[139.91314956313823,35.694140041332126],[139.9131075150576,35.69407994785084],[139.9132579398294,35.694009991926464],[139.9132749803626,35.694034317591395],[139.913329429174,35.69400895293431]]]}},{"type":"Feature","properties":{"height":7.8,"gml_id":"bldg_abe4f2ed-6eed-4a18-9272-5ba0ea003a1b"},"geometry":{"type":"Polygon","coordinates":[[[139.9139154047141,35.6994104678447],[139.9139298133127,35.69945345349045],[139.913932694998,35.699462014564624],[139.91364600476268,35.69952611323447],[139.9135575599592,35.699262972517246],[139.9138443598265,35.69919887398246],[139.91386242580083,35.69925267361762],[139.91387738857674,35.69929737150086],[139.9139154047141,35.6994104678447]]]}},{"type":"Feature","properties":{"height":12.4,"gml_id":"bldg_2383099f-4872-43d4-b8aa-18473efe426f"},"geometry":{"type":"Polygon","coordinates":[[[139.91390350852305,35.69878925238867],[139.91392299146767,35.69882367163862],[139.91383418158372,35.69885708171323],[139.91381469866906,35.69882266244903],[139.91390350852305,35.69878925238867]]]}},{"type":"Feature","properties":{"height":18.0,"gml_id":"bldg_d75e6829-85a8-4d75-b03d-de9f4960c904"},"geometry":{"type":"Polygon","coordinates":[[[139.91578218792654,35.694318180386816],[139.91595412388102,35.69453709530389],[139.9156327532668,35.694704970174435],[139.91546092823174,35.6944859645915],[139.91578218792654,35.694318180386816]]]}},{"type":"Feature","properties":{"height":8.9,"gml_id":"bldg_b4d6106b-baa4-49b7-bd50-df29c3d9ac8e"},"geometry":{"type":"Polygon","coordinates":[[[139.91464798632072,35.699795761034494],[139.91465314917698,35.69987426676449],[139.9146086181277,35.69987600944078],[139.91460345531496,35.69979750370885],[139.91464798632072,35.699795761034494]]]}},{"type":"Feature","properties":{"height":6.8,"gml_id":"bldg_6fb631c6-5d82-471d-86ed-0aa6a0c08538"},"geometry":{"type":"Polygon","coordinates":[[[139.91320323737654,35.69688395447362],[139.91321607585454,35.696904587309184],[139.9132330857029,35.69689754534035],[139.91324801324222,35.69690772090315],[139.91326251192095,35.69693105673905],[139.9131526107292,35.69697673894382],[139.91312361360718,35.69693024751769],[139.91313077988752,35.69691401812188],[139.91320323737654,35.69688395447362]]]}},{"type":"Feature","properties":{"height":2.2,"gml_id":"bldg_a3620ae7-0f2a-4fe9-bdb2-bf6f1d488d66"},"geometry":{"type":"Polygon","coordinates":[[[139.91519255798505,35.69775334068399],[139.9151800578232,35.69774000892188],[139.9152754694529,35.697680724063375],[139.91528796971357,35.69769414595254],[139.91519255798505,35.69775334068399]]]}},{"type":"Feature","properties":{"height":6.8,"gml_id":"bldg_82de4181-dae9-4275-b26a-a76ddde63737"},"geometry":{"type":"Polygon","coordinates":[[[139.91324143827973,35.697848934907526],[139.91328779283504,35.697903887639136],[139.913234230045,35.69793393879351],[139.9132122345084,35.69792800435578],[139.91318809642,35.69787889575807],[139.91324143827973,35.697848934907526]]]}},{"type":"Feature","properties":{"height":7.3,"gml_id":"bldg_a1959f32-9523-4146-b21b-926f6d048f65"},"geometry":{"type":"Polygon","coordinates":[[[139.91422260956935,35.69635426019854],[139.9142646563417,35.696301682108405],[139.91433375503811,35.696338501635736],[139.914324264122,35.69635031595919],[139.91434504902162,35.69636138881508],[139.9143124931064,35.69640206247422],[139.91422260956935,35.69635426019854]]]}},{"type":"Feature","properties":{"height":7.2,"gml_id":"bldg_e2b53d13-dc30-4cd0-854c-df34cf12a8d0"},"geometry":{"type":"Polygon","coordinates":[[[139.9134235009465,35.69758579441623],[139.91344807550115,35.69762931419029],[139.9133689870618,35.697659021843926],[139.91334452304102,35.697615501980444],[139.9134235009465,35.69758579441623]]]}},{"type":"Feature","properties":{"height":7.0,"gml_id":"bldg_799efab1-a8af-4275-bd50-c9cf7dae84a5"},"geometry":{"type":"Polygon","coordinates":[[[139.91526719882975,35.69553673285385],[139.9153163317316,35.695607186487614],[139.91527480447678,35.695626504067086],[139.91522567150741,35.69555596027969],[139.91526719882975,35.69553673285385]]]}},{"type":"Feature","properties":{"height":2.1,"gml_id":"bldg_34d36d6c-a458-41ef-90ff-f04a01217d4e"},"geometry":{"type":"Polygon","coordinates":[[[139.91519825642564,35.69857168971714],[139.91518708187505,35.69855808664545],[139.9152860357713,35.6985039371802],[139.9152972103311,35.69851754024282],[139.91519825642564,35.69857168971714]]]}},{"type":"Feature","properties":{"height":9.8,"gml_id":"bldg_bc7bdd19-1414-4d63-93d2-5bac8de24e30"},"geometry":{"type":"Polygon","coordinates":[[[139.91505835868412,35.69986840384809],[139.91506328585575,35.699932127272156],[139.91500759505576,35.699934959315264],[139.91500266792826,35.699871235888885],[139.91505835868412,35.69986840384809]]]}},{"type":"Feature","properties":{"height":4.6,"gml_id":"bldg_bc61f792-2083-4f8b-90fc-6a43f5848708"},"geometry":{"type":"Polygon","coordinates":[[[139.91479408557538,35.69644148792074],[139.91485070692661,35.69648678846412],[139.91483039234842,35.69650365782407],[139.9147737710884,35.69645844740809],[139.91479408557538,35.69644148792074]]]}},{"type":"Feature","properties":{"height":7.8,"gml_id":"bldg_541703af-1db3-4d28-b6c2-945070a26f9c"},"geometry":{"type":"Polygon","coordinates":[[[139.91527588304015,35.69603275049539],[139.91532886744514,35.69608733739648],[139.9152437297372,35.696142378885654],[139.915232889501,35.696131209282115],[139.9152175404108,35.69614113478628],[139.91517539626653,35.696097717446435],[139.91527588304015,35.69603275049539]]]}},{"type":"Feature","properties":{"height":8.3,"gml_id":"bldg_d5d1409e-a2c8-45b3-a38c-5c88e85c6214"},"geometry":{"type":"Polygon","coordinates":[[[139.91456384055368,35.69603909198801],[139.91457598087854,35.69602484215991],[139.9145800716773,35.69602718295918],[139.9146195829052,35.69598082590212],[139.9146506507283,35.695998471757896],[139.91464546355144,35.69600460457321],[139.9146712244708,35.69601927948944],[139.91462476002502,35.69607366344575],[139.91456384055368,35.69603909198801]]]}},{"type":"Feature","properties":{"height":7.8,"gml_id":"bldg_6d504946-dff0-455d-a57c-0ab1be350d18"},"geometry":{"type":"Polygon","coordinates":[[[139.9156226962566,35.699113032876056],[139.91584106017746,35.699338766428355],[139.91569849578295,35.69943053327029],[139.9154801320127,35.699204799462606],[139.9156226962566,35.699113032876056]]]}},{"type":"Feature","properties":{"height":7.7,"gml_id":"bldg_4f96db95-7cab-4319-964f-50da5cbc463d"},"geometry":{"type":"Polygon","coordinates":[[[139.91380057507476,35.69994307333399],[139.9137690111459,35.699982934928],[139.9136818883002,35.69993693317206],[139.91369126923183,35.69992511897943],[139.9136498084512,35.69990315325345],[139.91367199157264,35.699875196018944],[139.91380057507476,35.69994307333399]]]}},{"type":"Feature","properties":{"height":6.5,"gml_id":"bldg_5745ab49-286c-4d55-9763-76c3f769254f"},"geometry":{"type":"Polygon","coordinates":[[[139.91738429462706,35.69782276801308],[139.91740622261193,35.69786935347853],[139.91726807282492,35.69795174487791],[139.91725900110862,35.697941565733274],[139.9172246568774,35.697962050749844],[139.91720485406032,35.69793989087155],[139.91723986091233,35.69791904485108],[139.91723399749387,35.69791246894419],[139.91738429462706,35.69782276801308]]]}},{"type":"Feature","properties":{"height":9.4,"gml_id":"bldg_740c8c35-ba94-47c2-a08b-f1d90ffd90b6"},"geometry":{"type":"Polygon","coordinates":[[[139.91447160466507,35.69988646761508],[139.9144771999615,35.69995568896214],[139.91443797338695,35.69995778854688],[139.91443226771236,35.699888657409254],[139.91447160466507,35.69988646761508]]]}},{"type":"Feature","properties":{"height":5.1,"gml_id":"bldg_87b479c9-ad06-46e3-8d2a-cb4837e5949c"},"geometry":{"type":"Polygon","coordinates":[[[139.91615229116073,35.694904267203285],[139.91621523436004,35.694972637825465],[139.91618729647763,35.6949897830775],[139.91617335817145,35.69497455952622],[139.9161617634092,35.6949816883235],[139.91611275843655,35.69492845109666],[139.91615229116073,35.694904267203285]]]}},{"type":"Feature","properties":{"height":2.1,"gml_id":"bldg_b248c9bd-3385-49e1-b64f-3f4bf789796d"},"geometry":{"type":"Polygon","coordinates":[[[139.9157214422118,35.69477404454872],[139.91576655256267,35.69480114488825],[139.9157517628588,35.694817469802864],[139.91570665250373,35.69479036945785],[139.9157214422118,35.69477404454872]]]}},{"type":"Feature","properties":{"height":8.7,"gml_id":"bldg_390673ba-3e00-464a-bd00-071a4f03ebf2"},"geometry":{"type":"Polygon","coordinates":[[[139.91300810663267,35.6967836712557],[139.9130360848983,35.696806908059834],[139.91304626581203,35.69682087254124],[139.9129621065353,35.696862120814764],[139.9129315675958,35.696820678028885],[139.91300810663267,35.6967836712557]]]}},{"type":"Feature","properties":{"height":17.0,"gml_id":"bldg_718239c0-4723-495a-a835-a472f2d707fd"},"geometry":{"type":"Polygon","coordinates":[[[139.9163145307423,35.69504071294899],[139.91648257200148,35.695230425398464],[139.91593009248726,35.6955565606485],[139.91576160911936,35.6953661266449],[139.9163145307423,35.69504071294899]]]}},{"type":"Feature","properties":{"height":20.6,"gml_id":"bldg_72284407-fc3f-49cf-ae89-e749972b3ccd"},"geometry":{"type":"Polygon","coordinates":[[[139.91526869342403,35.69667380920952],[139.91522877663982,35.696647696665366],[139.91515890340287,35.696718681939046],[139.91512589858164,35.69675232544094],[139.91518074277832,35.69678825279435],[139.91515877632588,35.696810621684115],[139.91510747048164,35.69677703547712],[139.91507523827966,35.696809867207676],[139.9149513967772,35.69672882801076],[139.91514721947456,35.69652958261745],[139.91524894509016,35.696596034486],[139.91526009383952,35.69658466964653],[139.91516688113077,35.69652371035276],[139.91526247341403,35.69642638758831],[139.91578658931894,35.69676927113072],[139.91569717863064,35.69686019035504],[139.91559710970543,35.696794729242626],[139.91556222831255,35.696830086747504],[139.91553956075546,35.69681522963791],[139.91557333827325,35.69678095453672],[139.91528264183574,35.69659078360927],[139.91526089618668,35.69661288195725],[139.91530202937236,35.69663989503185],[139.91526869342403,35.69667380920952]]]}},{"type":"Feature","properties":{"height":3.5,"gml_id":"bldg_faa84b1b-8af0-4e58-ab80-dd4978a361a3"},"geometry":{"type":"Polygon","coordinates":[[[139.91507570444406,35.69694182734004],[139.91516345807597,35.69685054915685],[139.91527933694286,35.69692465301184],[139.91519147286292,35.697015931353484],[139.91507570444406,35.69694182734004]]]}},{"type":"Feature","properties":{"height":8.7,"gml_id":"bldg_b9784901-4081-4655-a0cb-a16a68158fe8"},"geometry":{"type":"Polygon","coordinates":[[[139.91268552296333,35.69763856256689],[139.91276130298093,35.69761525726565],[139.9127796854221,35.697654995511655],[139.9127039053723,35.697678300824315],[139.91268552296333,35.69763856256689]]]}},{"type":"Feature","properties":{"height":8.8,"gml_id":"bldg_0435de5d-db0f-478c-9270-52ab703f4f7f"},"geometry":{"type":"Polygon","coordinates":[[[139.9133344599712,35.69760793716843],[139.913361693332,35.69765830559793],[139.9133114337688,35.69767636638292],[139.91325227732764,35.69763746652807],[139.9133344599712,35.69760793716843]]]}},{"type":"Feature","properties":{"height":9.3,"gml_id":"bldg_48a4676b-df5b-40aa-90c0-ad9a85dea114"},"geometry":{"type":"Polygon","coordinates":[[[139.914536027069,35.699666400059854],[139.9145404157292,35.69974544713996],[139.9144956636516,35.6997470997867],[139.91449116342758,35.699668052780176],[139.914536027069,35.699666400059854]]]}},{"type":"Feature","properties":{"height":6.6,"gml_id":"bldg_3969670b-6eeb-4676-b4f7-d582462aeda6"},"geometry":{"type":"Polygon","coordinates":[[[139.91303569315792,35.69730049807915],[139.91307553414168,35.69736185493119],[139.91306548288316,35.69736609802407],[139.91302564199464,35.697304831305615],[139.91303569315792,35.69730049807915]]]}},{"type":"Feature","properties":{"height":3.2,"gml_id":"bldg_b43790ab-d204-4a1a-8908-3b28dba6931f"},"geometry":{"type":"Polygon","coordinates":[[[139.91609838974043,35.69813264831875],[139.91611652919758,35.69814940130854],[139.91607611635004,35.69817890386013],[139.91605786648688,35.698162241077114],[139.91609838974043,35.69813264831875]]]}},{"type":"Feature","properties":{"height":9.0,"gml_id":"bldg_6d48bf9e-637b-464c-bc2a-eeebfad1b3b7"},"geometry":{"type":"Polygon","coordinates":[[[139.91540611390369,35.69544839415924],[139.91535464727352,35.69547285634845],[139.915320233312,35.695424656529156],[139.91537169992176,35.6954001943545],[139.91540611390369,35.69544839415924]]]}},{"type":"Feature","properties":{"height":7.1,"gml_id":"bldg_2b428ec2-2f92-4696-96ad-10dae0aadf9d"},"geometry":{"type":"Polygon","coordinates":[[[139.91416905814688,35.69858401292426],[139.91418921399165,35.698628166464836],[139.91411078185186,35.698651925125624],[139.91409073663667,35.69860786163471],[139.91416905814688,35.69858401292426]]]}},{"type":"Feature","properties":{"height":9.4,"gml_id":"bldg_128ce77f-1e84-489d-ad38-c50a9f6194bc"},"geometry":{"type":"Polygon","coordinates":[[[139.91452033356597,35.699883460241985],[139.914524936659,35.69995493567786],[139.914486262146,35.69995658422161],[139.9144817695906,35.699885108709736],[139.91452033356597,35.699883460241985]]]}},{"type":"Feature","properties":{"height":8.7,"gml_id":"bldg_9b99de7e-1331-4ccc-97b7-1bf253bc81da"},"geometry":{"type":"Polygon","coordinates":[[[139.9130866942556,35.697361486990026],[139.91311258952825,35.69739995829224],[139.9130394711409,35.69743263629172],[139.91301357580312,35.6973940748371],[139.9130866942556,35.697361486990026]]]}},{"type":"Feature","properties":{"height":7.2,"gml_id":"bldg_db177974-4e6f-454d-9fdc-41630abb7e98"},"geometry":{"type":"Polygon","coordinates":[[[139.91597293114626,35.695737526215694],[139.91599981254595,35.69576707267315],[139.9160139473904,35.69575849995675],[139.9160400543987,35.69578714556765],[139.91592487720033,35.69585681035925],[139.91587188882735,35.69579861824394],[139.91597293114626,35.695737526215694]]]}},{"type":"Feature","properties":{"height":7.1,"gml_id":"bldg_3b18e485-62ee-4cad-a064-e29867652d11"},"geometry":{"type":"Polygon","coordinates":[[[139.91499504660874,35.69987457612384],[139.91499728718605,35.6999045000458],[139.91498800537383,35.69990495702687],[139.91499035792307,35.69993632306282],[139.91494129694712,35.69993879003006],[139.9149365933582,35.699877500145014],[139.91499504660874,35.69987457612384]]]}},{"type":"Feature","properties":{"height":7.3,"gml_id":"bldg_197587aa-358f-4271-84db-cbee6a944bf5"},"geometry":{"type":"Polygon","coordinates":[[[139.91451431361304,35.69590653397073],[139.9144791039215,35.695945136318024],[139.91438943513555,35.695890754022074],[139.91442453434885,35.69585215177508],[139.91451431361304,35.69590653397073]]]}},{"type":"Feature","properties":{"height":2.4,"gml_id":"bldg_65b7255a-7879-479d-93d2-3e6981da9208"},"geometry":{"type":"Polygon","coordinates":[[[139.91587755029832,35.69636007729906],[139.91589620928136,35.69634528204701],[139.91593016154408,35.69637365188699],[139.91591150256076,35.69638844714423],[139.91587755029832,35.69636007729906]]]}},{"type":"Feature","properties":{"height":8.7,"gml_id":"bldg_32ae40ce-8e67-4fe1-90f3-37f8fdbde097"},"geometry":{"type":"Polygon","coordinates":[[[139.91379527791594,35.698410118870775],[139.91381366775528,35.69845652707852],[139.91379013705762,35.69846258198056],[139.9137932390608,35.69847051195398],[139.91367569691383,35.698501687692755],[139.9136540946536,35.69844734956093],[139.91379527791594,35.698410118870775]]]}},{"type":"Feature","properties":{"height":6.7,"gml_id":"bldg_20477b5c-5b4e-4391-8ae6-5d34fc47a5af"},"geometry":{"type":"Polygon","coordinates":[[[139.91252515263594,35.69771537468664],[139.91255450036448,35.69778124545513],[139.91250710962996,35.69779533799212],[139.9124777619352,35.69772946721216],[139.91252515263594,35.69771537468664]]]}},{"type":"Feature","properties":{"height":9.9,"gml_id":"bldg_f9abef87-ffb6-40b5-9cad-dde19ad651c7"},"geometry":{"type":"Polygon","coordinates":[[[139.91299989048423,35.69685533554571],[139.91303231001964,35.69689885021805],[139.9129866963925,35.69692150477627],[139.91295416637357,35.69687799016488],[139.91299989048423,35.69685533554571]]]}},{"type":"Feature","properties":{"height":7.2,"gml_id":"bldg_e0f6e0c1-266f-4d43-8c7a-785c386eb859"},"geometry":{"type":"Polygon","coordinates":[[[139.915154139418,35.695949186233754],[139.91521100364,35.696016029173066],[139.91512044775385,35.69606737864674],[139.91506347307296,35.6960005357402],[139.915154139418,35.695949186233754]]]}},{"type":"Feature","properties":{"height":7.2,"gml_id":"bldg_5dbfc0b7-7718-4e84-91ab-c26e26dff2ef"},"geometry":{"type":"Polygon","coordinates":[[[139.91335365097146,35.697461271659996],[139.9133726906356,35.697494970206385],[139.91329779967933,35.697523052558424],[139.9132788706298,35.6974894440638],[139.91335365097146,35.697461271659996]]]}},{"type":"Feature","properties":{"height":9.1,"gml_id":"bldg_810da4fb-e211-4315-b4db-0928604789fa"},"geometry":{"type":"Polygon","coordinates":[[[139.91541361412365,35.6957586403843],[139.91545998780762,35.695831980219914],[139.9154120525315,35.695852203587066],[139.9153655683821,35.69577886380849],[139.91541361412365,35.6957586403843]]]}},{"type":"Feature","properties":{"height":4.5,"gml_id":"bldg_22b0cee9-b944-4876-8954-069165580bc6"},"geometry":{"type":"Polygon","coordinates":[[[139.91449110758464,35.69666847706994],[139.91451234052286,35.696685408494155],[139.91440105133555,35.69677796397485],[139.91437981830504,35.69676094239442],[139.91449110758464,35.69666847706994]]]}},{"type":"Feature","properties":{"height":11.8,"gml_id":"bldg_a25c73bf-b77f-4601-a375-6a39f33cd096"},"geometry":{"type":"Polygon","coordinates":[[[139.91396962336034,35.69640905290893],[139.91403850419587,35.69644902754346],[139.91400958691474,35.696482127178946],[139.91394070606512,35.69644215252812],[139.91396962336034,35.69640905290893]]]}},{"type":"Feature","properties":{"height":9.3,"gml_id":"bldg_b9a2f1ef-df1e-4680-b76d-a8372155dcba"},"geometry":{"type":"Polygon","coordinates":[[[139.9127809346264,35.69690803007913],[139.91280925814027,35.69694514779325],[139.91275856449968,35.69697087027403],[139.91273035039433,35.69693375247597],[139.9127809346264,35.69690803007913]]]}},{"type":"Feature","properties":{"height":9.3,"gml_id":"bldg_e700f59a-a5a5-4e1c-96dd-214b76d9c484"},"geometry":{"type":"Polygon","coordinates":[[[139.91508903198476,35.69538416201311],[139.91514800743948,35.69546299176788],[139.91509985508307,35.69548691077392],[139.91504087974997,35.69540817113272],[139.91508903198476,35.69538416201311]]]}},{"type":"Feature","properties":{"height":9.2,"gml_id":"bldg_9a1eea54-127a-4a6d-a797-7c38423b491a"},"geometry":{"type":"Polygon","coordinates":[[[139.9127680842854,35.69732212755499],[139.9128007147786,35.69735545667591],[139.91270239994532,35.69738571740544],[139.9126849033881,35.69734778130008],[139.9127680842854,35.69732212755499]]]}},{"type":"Feature","properties":{"height":2.4,"gml_id":"bldg_fce8384e-0a0d-41e7-9dac-bcb9a171626f"},"geometry":{"type":"Polygon","coordinates":[[[139.91501302828138,35.69681081080478],[139.91503005633825,35.696821795953575],[139.9149521263519,35.696902611497194],[139.91493498778945,35.69689162641241],[139.91501302828138,35.69681081080478]]]}},{"type":"Feature","properties":{"height":13.4,"gml_id":"bldg_2d53e1e8-4c67-42ae-a066-5e1d6ced3c1e"},"geometry":{"type":"Polygon","coordinates":[[[139.91701012095112,35.69642933173993],[139.91700602657713,35.69642365595974],[139.91695478080786,35.69644811867567],[139.91695101840267,35.69644289334764],[139.91690728283362,35.696463835486185],[139.91690285649952,35.69645770924838],[139.91682908016216,35.69649291384394],[139.9168090509035,35.696465075425685],[139.9167983378102,35.69647013052198],[139.91672253636548,35.69636454258092],[139.91702614506613,35.696219571974424],[139.91708114293735,35.69629633038561],[139.91707208660384,35.696300663258306],[139.91712509249274,35.69637444851547],[139.91701012095112,35.69642933173993]]]}},{"type":"Feature","properties":{"height":7.8,"gml_id":"bldg_aa30c522-7479-4391-92a9-ca19beccf971"},"geometry":{"type":"Polygon","coordinates":[[[139.9146058504256,35.69987096364456],[139.91456054576335,35.699872616688516],[139.91455615432565,35.69979194714896],[139.9146014589424,35.69979029410669],[139.9146058504256,35.69987096364456]]]}},{"type":"Feature","properties":{"height":8.2,"gml_id":"bldg_7e7359c2-e8af-4be1-92bd-186e3a3cec60"},"geometry":{"type":"Polygon","coordinates":[[[139.91304677082562,35.696551092396405],[139.9130556119707,35.69655234845842],[139.9130558318914,35.696551266669665],[139.91311727773964,35.69655987910464],[139.91308945280184,35.69669167772605],[139.91304823091588,35.69668584613086],[139.91305339995841,35.696661325464646],[139.91302444515665,35.696657198338194],[139.91304677082562,35.696551092396405]]]}},{"type":"Feature","properties":{"height":7.8,"gml_id":"bldg_8091f94f-92b4-4c7e-af36-a8dcfcde7216"},"geometry":{"type":"Polygon","coordinates":[[[139.91511416288444,35.699868456084424],[139.91511606362064,35.69989017777957],[139.915127776317,35.69988953886307],[139.91513057139383,35.699921355279976],[139.91506814054873,35.69992482288912],[139.9150633341789,35.699871194713026],[139.91511416288444,35.699868456084424]]]}},{"type":"Feature","properties":{"height":6.8,"gml_id":"bldg_eb379ee6-b9aa-4e81-b749-c8f6d3973d67"},"geometry":{"type":"Polygon","coordinates":[[[139.9148931437539,35.69573240374943],[139.91495156771444,35.6957037006054],[139.9149942787198,35.69576153955182],[139.91497914818518,35.69576903118066],[139.915002827373,35.69580110386685],[139.91495964440685,35.69582231533603],[139.9148931437539,35.69573240374943]]]}},{"type":"Feature","properties":{"height":8.7,"gml_id":"bldg_776dda91-6fc6-4f71-b738-660b39ae76da"},"geometry":{"type":"Polygon","coordinates":[[[139.91282935422635,35.69693026193182],[139.91279793232042,35.6968898112017],[139.912870272164,35.69685244674078],[139.91290169409174,35.69689289745224],[139.91282935422635,35.69693026193182]]]}},{"type":"Feature","properties":{"height":9.7,"gml_id":"bldg_1a7cbdec-fa6c-4bd8-a029-0090b9eedb62"},"geometry":{"type":"Polygon","coordinates":[[[139.9152094212586,35.69544086646216],[139.915237637459,35.69547942587759],[139.91513337989872,35.69553015372837],[139.91511423701192,35.69550384674877],[139.91515278137177,35.69548507207342],[139.91514381858374,35.69547281954119],[139.9152094212586,35.69544086646216]]]}},{"type":"Feature","properties":{"height":2.2,"gml_id":"bldg_70837066-b588-4ceb-8284-2c791855db14"},"geometry":{"type":"Polygon","coordinates":[[[139.9154597151327,35.69890691098697],[139.915448429989,35.69889330801579],[139.91559763372433,35.69881118157221],[139.91560891888176,35.69882478452954],[139.9154597151327,35.69890691098697]]]}},{"type":"Feature","properties":{"height":9.4,"gml_id":"bldg_d830db5f-065b-4e18-9f8b-4347dc2354d8"},"geometry":{"type":"Polygon","coordinates":[[[139.91356327354706,35.6990098643338],[139.91357745374586,35.699045729362915],[139.91346963214974,35.69907419431105],[139.91345545190396,35.69903823913253],[139.91356327354706,35.6990098643338]]]}},{"type":"Feature","properties":{"height":10.1,"gml_id":"bldg_42308519-3144-453e-a6e6-dba060d6d88b"},"geometry":{"type":"Polygon","coordinates":[[[139.9129145251096,35.69646122324514],[139.91293722020808,35.696504383826834],[139.91287006053963,35.69652804409467],[139.91284428869096,35.69650219182257],[139.91284493530839,35.69648569633801],[139.9129145251096,35.69646122324514]]]}},{"type":"Feature","properties":{"height":2.2,"gml_id":"bldg_3e133dca-1f16-4850-ba7b-077d1ba1070d"},"geometry":{"type":"Polygon","coordinates":[[[139.9147871059243,35.69685819563537],[139.9148011242664,35.696843403694125],[139.91495647568033,35.696941727970554],[139.9149423468506,35.69695652000455],[139.9147871059243,35.69685819563537]]]}},{"type":"Feature","properties":{"height":9.9,"gml_id":"bldg_97b0ae2b-afa3-46e3-9531-6d4e8f3e28bb"},"geometry":{"type":"Polygon","coordinates":[[[139.91321338990292,35.698200126896715],[139.91327061898673,35.69830041127494],[139.91322643529938,35.69831720607121],[139.91316909575792,35.69821692174548],[139.91321338990292,35.698200126896715]]]}},{"type":"Feature","properties":{"height":7.3,"gml_id":"bldg_417804e4-886a-4cc2-93b2-a71d29d57a96"},"geometry":{"type":"Polygon","coordinates":[[[139.91273095749645,35.69821504824905],[139.91277083383625,35.698311828970425],[139.91271990670285,35.69832583378692],[139.91268003041753,35.69822905304881],[139.91273095749645,35.69821504824905]]]}},{"type":"Feature","properties":{"height":12.1,"gml_id":"bldg_0a067413-3430-4ff7-afc6-0ec483643b24"},"geometry":{"type":"Polygon","coordinates":[[[139.91371844049823,35.69691233456271],[139.9136795087972,35.69693594307646],[139.91363300487382,35.69688491334503],[139.91363070499156,35.69688562155266],[139.91360844134672,35.696888653284354],[139.91360774266522,35.69689494260315],[139.91348229254442,35.69688568440562],[139.91348423309557,35.69686820195931],[139.9134342970657,35.696864516148935],[139.9134358805052,35.69684903407924],[139.91338821996516,35.69684564779282],[139.91338875639428,35.69684062861234],[139.9133771078584,35.696839800789334],[139.91338645259867,35.696752288750865],[139.9133750206643,35.696751471599995],[139.91339385558874,35.696576068847044],[139.9134051836223,35.696576878854295],[139.9134103069921,35.696528894659856],[139.91340545354657,35.69652854995984],[139.9134104324077,35.69648191881638],[139.91341528585133,35.69648226441756],[139.9134160456017,35.696475153010056],[139.91343336969484,35.69647638357048],[139.91343678854813,35.696444367363455],[139.91349254786516,35.69644832872009],[139.91348999715476,35.69647221760535],[139.9136484501428,35.6964834755522],[139.91364758314387,35.69649160377724],[139.9136671814684,35.69649299683583],[139.91363801078344,35.69676617714716],[139.91364073811067,35.696766388952206],[139.91365402063616,35.69677354687681],[139.9136607208295,35.69677859187627],[139.91367169809993,35.69678880607744],[139.91367942815606,35.696799368570794],[139.91368406812313,35.69681159795524],[139.91368491743745,35.69682329265376],[139.91368426161537,35.69683595011787],[139.91368172798084,35.69684597323184],[139.91367465409581,35.69685725588472],[139.91367161355132,35.696860950823606],[139.91371844049823,35.69691233456271]]]}},{"type":"Feature","properties":{"height":4.1,"gml_id":"bldg_8909f25e-c64a-406b-9f86-39a739bdcb95"},"geometry":{"type":"Polygon","coordinates":[[[139.91580314134592,35.69470791822113],[139.91584130250195,35.69474674109705],[139.9157912815343,35.69477958522086],[139.91575312029406,35.69474067219238],[139.91580314134592,35.69470791822113]]]}},{"type":"Feature","properties":{"height":10.1,"gml_id":"bldg_517f6e2f-5e3b-4771-8d06-fde2e1bd2cc5"},"geometry":{"type":"Polygon","coordinates":[[[139.91332057249795,35.69863938295761],[139.91333442434882,35.698678583300875],[139.91335187954104,35.69867451553857],[139.91336418024792,35.698709570612266],[139.91333700324915,35.69871598839732],[139.91329509965593,35.698692490511405],[139.91327969648214,35.698648964623125],[139.91332057249795,35.69863938295761]]]}},{"type":"Feature","properties":{"height":7.2,"gml_id":"bldg_d5ee2743-81db-415c-8256-5e3fca6b2382"},"geometry":{"type":"Polygon","coordinates":[[[139.9133775552441,35.69749758094213],[139.9134010227646,35.69753911845058],[139.9133182891563,35.69757009041259],[139.91329493216955,35.69752855281479],[139.9133775552441,35.69749758094213]]]}},{"type":"Feature","properties":{"height":2.5,"gml_id":"bldg_6241286c-6274-463b-a776-d529cec05a9c"},"geometry":{"type":"Polygon","coordinates":[[[139.91468338471614,35.69624227003735],[139.91483898112926,35.696365472102286],[139.91482208936972,35.69637972517269],[139.9146664929548,35.696256523086205],[139.91468338471614,35.69624227003735]]]}},{"type":"Feature","properties":{"height":10.3,"gml_id":"bldg_fb926b9c-9a75-4c5a-b7e8-51d90f87e5d0"},"geometry":{"type":"Polygon","coordinates":[[[139.91433843938026,35.699659232102746],[139.91434384371732,35.69975828889322],[139.91430362207063,35.699759758145746],[139.914298328195,35.699660611142285],[139.91433843938026,35.699659232102746]]]}},{"type":"Feature","properties":{"height":2.1,"gml_id":"bldg_6b3ce83c-2867-482a-949d-6e454b62e173"},"geometry":{"type":"Polygon","coordinates":[[[139.91486958887745,35.69755922470976],[139.9148860432821,35.69754929850326],[139.9149570642785,35.69762775961332],[139.91494060986653,35.69763768582939],[139.91486958887745,35.69755922470976]]]}},{"type":"Feature","properties":{"height":9.2,"gml_id":"bldg_fb6da461-2b9a-4c45-934d-5a25040b8bf8"},"geometry":{"type":"Polygon","coordinates":[[[139.91288361616378,35.697048395585284],[139.91289468310492,35.697065514285526],[139.91290164160748,35.69706253516788],[139.91292676346745,35.69710127743407],[139.9128610445313,35.6971297139988],[139.9128247453521,35.697073943223295],[139.91288361616378,35.697048395585284]]]}},{"type":"Feature","properties":{"height":8.6,"gml_id":"bldg_19a92b5c-205c-4e33-9f21-0706d1c150f8"},"geometry":{"type":"Polygon","coordinates":[[[139.91299361681814,35.695658050863884],[139.9134847585818,35.6954177803136],[139.91352215738556,35.69546850250443],[139.91349774942944,35.69548041683731],[139.91359567297164,35.69561366412011],[139.91361577372706,35.695603915926796],[139.91365505377738,35.69565725079122],[139.91355466085707,35.69570644236729],[139.91356650015447,35.69572247885164],[139.91341110608676,35.695798477624],[139.91339627914095,35.69577820667566],[139.91332404893987,35.69581349823623],[139.91330523879142,35.69578791184424],[139.91326558950558,35.69580731761968],[139.91328451023352,35.69583299408128],[139.91316523092289,35.6958913918411],[139.91299361681814,35.695658050863884]]]}},{"type":"Feature","properties":{"height":6.5,"gml_id":"bldg_35139fe9-c452-41b6-9a6a-f9366fa183db"},"geometry":{"type":"Polygon","coordinates":[[[139.91450856568815,35.699066467497495],[139.91458039670326,35.699071016016966],[139.9145765699088,35.69911121965091],[139.91450484945136,35.69910676119153],[139.91450856568815,35.699066467497495]]]}},{"type":"Feature","properties":{"height":2.2,"gml_id":"bldg_e2c6b6ce-f5f8-4b9b-b387-fc458311a6fa"},"geometry":{"type":"Polygon","coordinates":[[[139.91579104178754,35.69637149384087],[139.91580852308076,35.69639338513789],[139.91577461862965,35.69641143574755],[139.91575713743447,35.69638963458255],[139.91579104178754,35.69637149384087]]]}},{"type":"Feature","properties":{"height":5.3,"gml_id":"bldg_ff7da572-9d7a-48bc-b25f-5224de0dc3d4"},"geometry":{"type":"Polygon","coordinates":[[[139.91591350185462,35.696291278166385],[139.91592897244576,35.69629207878469],[139.9159794047525,35.6963357605797],[139.91593667564905,35.696368509612384],[139.91587054060582,35.69631321090392],[139.91591350185462,35.696291278166385]]]}},{"type":"Feature","properties":{"height":3.3,"gml_id":"bldg_e870ec3c-e8d0-42cd-a826-41f4fdc361a0"},"geometry":{"type":"Polygon","coordinates":[[[139.91428856352147,35.69284202947243],[139.91425577053562,35.69286539699856],[139.9142209322199,35.69283288096273],[139.91420878676362,35.69284163241003],[139.91418069503624,35.69281551155527],[139.9141962634229,35.692804414250084],[139.9141888534482,35.692797568816786],[139.91421833399005,35.69277654709581],[139.91428856352147,35.69284202947243]]]}},{"type":"Feature","properties":{"height":3.1,"gml_id":"bldg_dffe1aa0-0960-400d-867c-383bd21759d9"},"geometry":{"type":"Polygon","coordinates":[[[139.91735472040023,35.697755456392734],[139.91736843822594,35.69777049967985],[139.91716248500416,35.6978946716604],[139.91714876729014,35.697879718486945],[139.91735472040023,35.697755456392734]]]}},{"type":"Feature","properties":{"height":9.2,"gml_id":"bldg_b79db2cb-e1e5-47ee-8552-3283eff8fd81"},"geometry":{"type":"Polygon","coordinates":[[[139.9137005587552,35.6987209741585],[139.91371418446568,35.69875485653183],[139.91362127724318,35.69877952590726],[139.91360765147746,35.69874555338671],[139.9137005587552,35.6987209741585]]]}},{"type":"Feature","properties":{"height":7.4,"gml_id":"bldg_fcf34acc-83c0-4912-9763-b7dc3d1ad7a4"},"geometry":{"type":"Polygon","coordinates":[[[139.91420703257978,35.69635751559413],[139.91432754130534,35.696422243021594],[139.91431098722563,35.69644271524087],[139.91429926773773,35.696436143128444],[139.9142800650547,35.6964599521911],[139.9141714967779,35.69640179669423],[139.91420703257978,35.69635751559413]]]}},{"type":"Feature","properties":{"height":7.3,"gml_id":"bldg_e53fd349-4d5b-4216-8aac-45fa5d4bff67"},"geometry":{"type":"Polygon","coordinates":[[[139.91449179852344,35.69920429810095],[139.91457147513998,35.69920866106184],[139.91456874686685,35.699242464234494],[139.91448907021683,35.69923810127188],[139.91449179852344,35.69920429810095]]]}},{"type":"Feature","properties":{"height":7.4,"gml_id":"bldg_f0d346ad-0f5e-4218-9e5b-d94c3bc965e7"},"geometry":{"type":"Polygon","coordinates":[[[139.91426927914463,35.696283741751664],[139.91429984925537,35.696246224231615],[139.91433191132174,35.696263599089335],[139.91434029870297,35.69625322769862],[139.91438109497426,35.69627537392243],[139.9143755769025,35.69628213790715],[139.91438209994672,35.696285738992536],[139.91437801661883,35.69629078940971],[139.91441328490347,35.69630987468856],[139.91438392884402,35.69634594922874],[139.91426927914463,35.696283741751664]]]}},{"type":"Feature","properties":{"height":7.3,"gml_id":"bldg_8ceecb4f-9e05-4220-a1fc-02f973b7b831"},"geometry":{"type":"Polygon","coordinates":[[[139.91452969558037,35.69581999213947],[139.91456397396803,35.69584376516408],[139.9145088891768,35.695896622566075],[139.91447461078275,35.69587284952599],[139.91452969558037,35.69581999213947]]]}},{"type":"Feature","properties":{"height":7.2,"gml_id":"bldg_271325b2-c61e-4938-abf9-c3dfa3290779"},"geometry":{"type":"Polygon","coordinates":[[[139.91319236488866,35.69839186203056],[139.9132509161995,35.698377491405246],[139.91328216218332,35.6984622894765],[139.91322361081617,35.69847666011689],[139.91319236488866,35.69839186203056]]]}},{"type":"Feature","properties":{"height":6.2,"gml_id":"bldg_dcf989cf-891d-4440-a80c-bb6c6e66e0d9"},"geometry":{"type":"Polygon","coordinates":[[[139.91598460096324,35.69633846111986],[139.91604233106187,35.69638682499732],[139.91599772627444,35.69642227944787],[139.91593999608412,35.696373825412444],[139.91598460096324,35.69633846111986]]]}},{"type":"Feature","properties":{"height":5.2,"gml_id":"bldg_a91e2186-a927-4fc9-b5ec-70c00abf581a"},"geometry":{"type":"Polygon","coordinates":[[[139.91383112976663,35.69988861023275],[139.9139105154206,35.69993263404934],[139.91387740432265,35.69997231643374],[139.91379801873805,35.69992838273244],[139.91383112976663,35.69988861023275]]]}},{"type":"Feature","properties":{"height":8.4,"gml_id":"bldg_13318764-d537-44cc-92be-1cd924b1518e"},"geometry":{"type":"Polygon","coordinates":[[[139.9131777131132,35.69710669973129],[139.9132167782755,35.69716571349333],[139.91321248012272,35.69717707359695],[139.91317216542328,35.697194767177734],[139.91312823103172,35.69712845553911],[139.9131777131132,35.69710669973129]]]}},{"type":"Feature","properties":{"height":6.9,"gml_id":"bldg_abb74824-229c-4423-9356-a9ff5b99c032"},"geometry":{"type":"Polygon","coordinates":[[[139.9128921940848,35.69711833616394],[139.91291432548738,35.69715004972934],[139.91284849815486,35.697180649644636],[139.9128263668593,35.697149026204144],[139.9128921940848,35.69711833616394]]]}},{"type":"Feature","properties":{"height":9.4,"gml_id":"bldg_93e582b0-c65a-4b69-bed4-153b724f19a1"},"geometry":{"type":"Polygon","coordinates":[[[139.91594276914128,35.69606267083434],[139.91596678364306,35.69609798802843],[139.91588925010535,35.69613301435537],[139.9158652356272,35.696097697146],[139.91594276914128,35.69606267083434]]]}},{"type":"Feature","properties":{"height":12.3,"gml_id":"bldg_c4b6362e-298e-42a9-aa59-7c2d2649c635"},"geometry":{"type":"Polygon","coordinates":[[[139.912540279217,35.698373724673246],[139.91255833904654,35.69842238671309],[139.91247459962418,35.6984431732841],[139.91245653975176,35.698394421094946],[139.912540279217,35.698373724673246]]]}},{"type":"Feature","properties":{"height":7.9,"gml_id":"bldg_21274029-f86e-4133-8833-0e0b743843b0"},"geometry":{"type":"Polygon","coordinates":[[[139.91357337302622,35.699053573992344],[139.91359043749225,35.69910061407091],[139.91354370628483,35.699111822193174],[139.91352664193408,35.69906487224487],[139.91357337302622,35.699053573992344]]]}},{"type":"Feature","properties":{"height":1.9,"gml_id":"bldg_7716f362-33a0-4f24-965e-092879b6aee4"},"geometry":{"type":"Polygon","coordinates":[[[139.91488440358128,35.69767531101115],[139.91486761810881,35.697685688126015],[139.91479372387172,35.69760695849761],[139.91481050924565,35.697596491256085],[139.91488440358128,35.69767531101115]]]}},{"type":"Feature","properties":{"height":2.4,"gml_id":"bldg_aa345740-810b-4e54-b3bc-15b2f274656b"},"geometry":{"type":"Polygon","coordinates":[[[139.91591079546959,35.694630687190624],[139.91592706002945,35.69465167794212],[139.91590199100528,35.6946648551346],[139.91588561604627,35.69464395459243],[139.91591079546959,35.694630687190624]]]}},{"type":"Feature","properties":{"height":3.4,"gml_id":"bldg_38c04950-d618-4624-9149-076ed235c570"},"geometry":{"type":"Polygon","coordinates":[[[139.9154556899547,35.6983221055759],[139.9154984935294,35.69836074509509],[139.9154279366318,35.69841280222417],[139.9153850225621,35.69837416275553],[139.9154556899547,35.6983221055759]]]}},{"type":"Feature","properties":{"height":9.6,"gml_id":"bldg_f7545c65-cc1f-4079-a887-19402a1d05c8"},"geometry":{"type":"Polygon","coordinates":[[[139.91289339414902,35.69788152459497],[139.91291122376683,35.69792081249991],[139.91283997214714,35.69794222202858],[139.91282214264896,35.69790302425006],[139.91289339414902,35.69788152459497]]]}},{"type":"Feature","properties":{"height":6.8,"gml_id":"bldg_6ea7fef9-8685-4b2d-9e11-332cbe4a1d99"},"geometry":{"type":"Polygon","coordinates":[[[139.91372258829082,35.69876052954391],[139.91373621365543,35.69879405136718],[139.91363734137894,35.69882079788756],[139.91362371596077,35.698787185916395],[139.91372258829082,35.69876052954391]]]}},{"type":"Feature","properties":{"height":8.9,"gml_id":"bldg_e09ee6e2-ec6a-42fa-b7ff-dbb13bd829db"},"geometry":{"type":"Polygon","coordinates":[[[139.91566206909576,35.69602852096834],[139.91570677466345,35.69609113555152],[139.91564536770872,35.69612029178466],[139.9156006621727,35.69605767717894],[139.91566206909576,35.69602852096834]]]}},{"type":"Feature","properties":{"height":8.5,"gml_id":"bldg_af5bcf51-032f-4e4a-9f5f-103f18b62d3d"},"geometry":{"type":"Polygon","coordinates":[[[139.9156272796431,35.69529257667017],[139.91566179135222,35.69532824730096],[139.9155915615919,35.695373363782245],[139.91554676276348,35.695327063998626],[139.91558761959666,35.695300716101144],[139.9155979068223,35.69531143536753],[139.9156272796431,35.69529257667017]]]}},{"type":"Feature","properties":{"height":7.5,"gml_id":"bldg_8ea078fb-f3ae-4b6a-8d70-fde0a4cfde73"},"geometry":{"type":"Polygon","coordinates":[[[139.91694512638912,35.69598536239771],[139.91699182905157,35.696054825522964],[139.9169121971081,35.6960903947886],[139.91686549458782,35.696021021769674],[139.91694512638912,35.69598536239771]]]}},{"type":"Feature","properties":{"height":9.3,"gml_id":"bldg_315902b0-8bd8-4a54-953f-98ffab1970be"},"geometry":{"type":"Polygon","coordinates":[[[139.913774347645,35.69979508611567],[139.91386003602332,35.69984325205047],[139.9138264828338,35.6998828445803],[139.91374090502683,35.69983476868496],[139.913774347645,35.69979508611567]]]}},{"type":"Feature","properties":{"height":21.5,"gml_id":"bldg_07c9d56c-dec6-4b2a-92c0-7e65f34f02aa"},"geometry":{"type":"Polygon","coordinates":[[[139.91444059619482,35.69949241008695],[139.91431174388677,35.69948636753124],[139.9143362545517,35.69913788185133],[139.9142815533312,35.69913530467952],[139.91428220723418,35.69912629055124],[139.91425104407605,35.6991247791769],[139.91425409305742,35.699080159368755],[139.91424271079484,35.699079626198625],[139.91424554250855,35.69903870214878],[139.91426134512028,35.699039502757536],[139.914264068507,35.69900074206509],[139.91448342545866,35.69901096012638],[139.91447187770714,35.69917429594794],[139.9144555225556,35.69917349573923],[139.91443809311838,35.69942129377487],[139.91446826178085,35.69942271563408],[139.9144645584732,35.69947580875279],[139.914441793833,35.6994747424515],[139.91444059619482,35.69949241008695]]]}},{"type":"Feature","properties":{"height":9.4,"gml_id":"bldg_0bd5d2fe-6a4e-4e0f-a05b-95f08968d3da"},"geometry":{"type":"Polygon","coordinates":[[[139.91360419450086,35.69915522785068],[139.91362923423742,35.69922128148697],[139.91358548634688,35.69923230736142],[139.91356044673324,35.69916634385292],[139.91360419450086,35.69915522785068]]]}},{"type":"Feature","properties":{"height":9.3,"gml_id":"bldg_ea03f83f-7fc8-4acc-b314-d96dffaaa6ba"},"geometry":{"type":"Polygon","coordinates":[[[139.9130860097698,35.69811674458836],[139.91313405682095,35.69820675950955],[139.91307849452315,35.69822653631224],[139.91303044752252,35.69813652136909],[139.9130860097698,35.69811674458836]]]}},{"type":"Feature","properties":{"height":8.0,"gml_id":"bldg_525d1a41-d206-47f5-ae20-3b4c3201181c"},"geometry":{"type":"Polygon","coordinates":[[[139.9148916254409,35.6998842908871],[139.91489610220617,35.69993990230455],[139.9148343342642,35.69994327920641],[139.91482974703843,35.69988766786145],[139.9148916254409,35.6998842908871]]]}},{"type":"Feature","properties":{"height":6.8,"gml_id":"bldg_2bceded0-9217-4c41-af00-94e9f08143f6"},"geometry":{"type":"Polygon","coordinates":[[[139.9130893701993,35.6968306689142],[139.91313868077242,35.69685875895223],[139.91311129164444,35.69687346942519],[139.91308064544486,35.69683536181442],[139.9130893701993,35.6968306689142]]]}},{"type":"Feature","properties":{"height":6.8,"gml_id":"bldg_67aa662c-0c38-4137-846f-0d44ec8f604b"},"geometry":{"type":"Polygon","coordinates":[[[139.91313045269365,35.697140171865485],[139.91316575815912,35.697196484028545],[139.91312698899628,35.69721273437854],[139.91309157296163,35.69715633214059],[139.91313045269365,35.697140171865485]]]}},{"type":"Feature","properties":{"height":7.8,"gml_id":"bldg_37181add-0005-4de9-8d25-1250ebeb0851"},"geometry":{"type":"Polygon","coordinates":[[[139.91657541804784,35.69951105323037],[139.9167328290349,35.69967003585909],[139.91641645410854,35.69987838068542],[139.91625904315168,35.69971921737456],[139.91657541804784,35.69951105323037]]]}},{"type":"Feature","properties":{"height":2.0,"gml_id":"bldg_fb07ee6b-4131-4afc-bbfe-f04409725945"},"geometry":{"type":"Polygon","coordinates":[[[139.9150432554617,35.69687055106814],[139.91501638773926,35.69685443479418],[139.9150396767375,35.696828639829896],[139.91506654445598,35.69684475609875],[139.9150432554617,35.69687055106814]]]}},{"type":"Feature","properties":{"height":40.7,"gml_id":"bldg_9c16b770-b7ee-47d5-90fb-33b07889d8a1"},"geometry":{"type":"Polygon","coordinates":[[[139.91504739150014,35.69767538075426],[139.91494816126533,35.6975659317311],[139.91526200885673,35.69737661129551],[139.9153428755369,35.697465791770846],[139.91535833591877,35.69745640699834],[139.9152742611424,35.69736371337758],[139.91551610600183,35.69721779712104],[139.91561124336937,35.697322651497245],[139.9154626026803,35.69741234909257],[139.91550585720282,35.697460182272415],[139.9154284446556,35.69750692601119],[139.91539603151492,35.69747116375942],[139.91533562536375,35.69750762023596],[139.9153273286421,35.697498612196696],[139.91527818651915,35.69752830070304],[139.91528537722422,35.69753631799266],[139.91524573216375,35.69756023125746],[139.91523798840754,35.69755167352036],[139.91519790150946,35.69757576734379],[139.91523407584629,35.69761567338707],[139.91520182972417,35.69763516489436],[139.91517085469886,35.69760093393205],[139.91504739150014,35.69767538075426]]]}},{"type":"Feature","properties":{"height":2.6,"gml_id":"bldg_89fc4477-5ed1-4f35-906c-a77e1e331add"},"geometry":{"type":"Polygon","coordinates":[[[139.91454868018639,35.69667114234835],[139.91461923786153,35.69672968372295],[139.9146013514963,35.6967439374332],[139.91453090432043,35.69668539597372],[139.91454868018639,35.69667114234835]]]}},{"type":"Feature","properties":{"height":10.7,"gml_id":"bldg_43a002b8-00e0-4f3b-87fd-9acea273e2af"},"geometry":{"type":"Polygon","coordinates":[[[139.91280353629284,35.69819453927851],[139.91284075791194,35.698288527485744],[139.91277392223324,35.69830614830766],[139.91273670077365,35.69821225021678],[139.91280353629284,35.69819453927851]]]}},{"type":"Feature","properties":{"height":2.1,"gml_id":"bldg_83e51d0d-ad37-4ab2-b4dd-58109df45c83"},"geometry":{"type":"Polygon","coordinates":[[[139.91574999106982,35.69782074327071],[139.91573475184993,35.69783030821537],[139.91564260435499,35.697732392443484],[139.91565784356732,35.69772282751034],[139.91574999106982,35.69782074327071]]]}},{"type":"Feature","properties":{"height":9.7,"gml_id":"bldg_80eb477f-94ef-4ba2-a00f-68a3acb264b1"},"geometry":{"type":"Polygon","coordinates":[[[139.9130174720277,35.69509035261041],[139.91304878553106,35.69513350747588],[139.91299212781536,35.6951607663394],[139.91296092491802,35.695117701523166],[139.9130174720277,35.69509035261041]]]}},{"type":"Feature","properties":{"height":9.6,"gml_id":"bldg_2e36faf3-a87e-4ce1-8bf2-0357d63e2e26"},"geometry":{"type":"Polygon","coordinates":[[[139.91348215959036,35.69767931748503],[139.9135216815158,35.697752572469305],[139.91351584710875,35.69777465989786],[139.91348005790908,35.6977875733096],[139.91339447245988,35.69772940182116],[139.91338528652625,35.69771498602521],[139.91348215959036,35.69767931748503]]]}},{"type":"Feature","properties":{"height":8.6,"gml_id":"bldg_a90e215f-fc9b-4365-9042-e8c38e5abbab"},"geometry":{"type":"Polygon","coordinates":[[[139.91521038610358,35.695952392919146],[139.91517562772785,35.69589166426296],[139.91519805010122,35.69588317614459],[139.91520236715738,35.6958906545741],[139.9152655472234,35.69586654502732],[139.91529598849687,35.695919705094916],[139.91521038610358,35.695952392919146]]]}},{"type":"Feature","properties":{"height":9.5,"gml_id":"bldg_65137918-465c-4b26-acd1-fa10b9912cbf"},"geometry":{"type":"Polygon","coordinates":[[[139.9140532932314,35.698733988261836],[139.9140625551985,35.698713971660645],[139.91411071980332,35.698699968130875],[139.91413630068294,35.69875448378133],[139.91407355546306,35.69877408558929],[139.9140532932314,35.698733988261836]]]}},{"type":"Feature","properties":{"height":7.9,"gml_id":"bldg_45e4cbe8-094a-441d-a853-aace8b3a1f87"},"geometry":{"type":"Polygon","coordinates":[[[139.91548543208143,35.695645559675604],[139.91552317318326,35.695705474975846],[139.91538500034568,35.69576361742284],[139.9153472593196,35.69570370207976],[139.91548543208143,35.695645559675604]]]}},{"type":"Feature","properties":{"height":8.6,"gml_id":"bldg_e832dd43-8835-48ef-9a30-03728a454c64"},"geometry":{"type":"Polygon","coordinates":[[[139.91285688899757,35.69784125752032],[139.91287327921825,35.697877662001076],[139.9128227955435,35.69789283834866],[139.91280640534265,35.69785643386109],[139.91285688899757,35.69784125752032]]]}},{"type":"Feature","properties":{"height":7.3,"gml_id":"bldg_1a204f4f-9036-43f2-b417-f28dcdc216ad"},"geometry":{"type":"Polygon","coordinates":[[[139.91469826595792,35.699361357441745],[139.91477131350868,35.69936662611963],[139.91476726240023,35.699403494844766],[139.91469432541018,35.69939831622662],[139.91469826595792,35.699361357441745]]]}},{"type":"Feature","properties":{"height":6.8,"gml_id":"bldg_81e224e4-9d22-4133-b3b5-3d7520d179e4"},"geometry":{"type":"Polygon","coordinates":[[[139.91385266113394,35.69415597802601],[139.91387512403486,35.69418814189375],[139.91369841403147,35.694270555038266],[139.91368878718256,35.69425686064699],[139.91366890731268,35.694266158022266],[139.91367654225738,35.694276879224915],[139.91364572838842,35.69429123156303],[139.91363953178532,35.69428240227505],[139.9135773519024,35.69431146784029],[139.91352822159632,35.69424128388923],[139.91382056623522,35.6941049819695],[139.9138348406826,35.69412543351476],[139.91384279262755,35.694121732581415],[139.9138632636998,35.694151013400926],[139.91385266113394,35.69415597802601]]]}},{"type":"Feature","properties":{"height":3.9,"gml_id":"bldg_78d9bef3-9cd4-47b0-b62e-be0738b81795"},"geometry":{"type":"Polygon","coordinates":[[[139.9138880224821,35.69833407143722],[139.91392383970305,35.69834882991405],[139.91391038033302,35.69837047177971],[139.91387467360593,35.698355713224984],[139.9138880224821,35.69833407143722]]]}},{"type":"Feature","properties":{"height":6.3,"gml_id":"bldg_a9df5859-3752-45bf-92c4-34f027bf0c03"},"geometry":{"type":"Polygon","coordinates":[[[139.9165802772484,35.69663766578511],[139.9166291669879,35.69668504398551],[139.9165282429015,35.69675424879645],[139.9164793531793,35.69670687055559],[139.9165802772484,35.69663766578511]]]}},{"type":"Feature","properties":{"height":6.6,"gml_id":"bldg_e3cdb057-7178-4ee5-9c37-4679ecd3a904"},"geometry":{"type":"Polygon","coordinates":[[[139.91532605915074,35.695502801287844],[139.91534995930056,35.69553478361969],[139.91529275089147,35.69556330585624],[139.91526885075595,35.695531323513144],[139.91532605915074,35.695502801287844]]]}},{"type":"Feature","properties":{"height":2.1,"gml_id":"bldg_ad8bcb0a-1998-4549-bea2-45e81ad88edb"},"geometry":{"type":"Polygon","coordinates":[[[139.91523016395072,35.698436823219325],[139.91524056424566,35.698449705718986],[139.91519042423266,35.69847669075738],[139.9151800239422,35.69846380825343],[139.91523016395072,35.698436823219325]]]}},{"type":"Feature","properties":{"height":9.5,"gml_id":"bldg_cc1e5c64-90cc-45dd-9496-42870a1b45c3"},"geometry":{"type":"Polygon","coordinates":[[[139.9158165374358,35.695591701779],[139.91583291219973,35.69561224177955],[139.9158473794552,35.69560457022405],[139.91587913332881,35.6956444791169],[139.9157377734917,35.695719209350706],[139.9156730486262,35.69563767971342],[139.91574659988927,35.69559878036121],[139.91576330659248,35.695619770828635],[139.9158165374358,35.695591701779]]]}},{"type":"Feature","properties":{"height":7.3,"gml_id":"bldg_5ab44b39-a689-41c2-b9ac-371ae03103ae"},"geometry":{"type":"Polygon","coordinates":[[[139.91451488353792,35.6989764164868],[139.91457334364378,35.698980883890535],[139.9145815634901,35.69902297226895],[139.91451017361254,35.69901752208375],[139.91451488353792,35.6989764164868]]]}},{"type":"Feature","properties":{"height":12.2,"gml_id":"bldg_efa1a621-54b2-4173-ac26-4e08abca6812"},"geometry":{"type":"Polygon","coordinates":[[[139.91370937119464,35.69836303466595],[139.9137311935671,35.6984164712726],[139.91364635170433,35.698439512817295],[139.91362463988327,35.69838607612168],[139.91370937119464,35.69836303466595]]]}},{"type":"Feature","properties":{"height":8.2,"gml_id":"bldg_40e3e111-a612-426a-85e7-7326d83f67cb"},"geometry":{"type":"Polygon","coordinates":[[[139.91320484418893,35.69705476286823],[139.91318558675704,35.69702412909237],[139.91326179949968,35.69699226017988],[139.91327131763532,35.69700748699869],[139.91327177897293,35.69702686612967],[139.91320484418893,35.69705476286823]]]}},{"type":"Feature","properties":{"height":6.9,"gml_id":"bldg_3b61099c-6a7a-4a97-a066-c94656719807"},"geometry":{"type":"Polygon","coordinates":[[[139.91317363181156,35.69600531935399],[139.91320461417402,35.69604838425477],[139.913278060206,35.696013182096564],[139.91334179539115,35.69610165421939],[139.91316729175009,35.69618523687462],[139.91307257445362,35.69605378987085],[139.91317363181156,35.69600531935399]]]}},{"type":"Feature","properties":{"height":7.4,"gml_id":"bldg_3b189ed2-ad56-4d0f-87d2-0ec25b7bd345"},"geometry":{"type":"Polygon","coordinates":[[[139.91304018272504,35.69825874056003],[139.9130894470276,35.69835046729193],[139.91304205883176,35.69836735428047],[139.91299279457303,35.69827562752937],[139.91304018272504,35.69825874056003]]]}},{"type":"Feature","properties":{"height":8.5,"gml_id":"bldg_95d4ee13-c677-48a8-b6c9-eef2b7d685e6"},"geometry":{"type":"Polygon","coordinates":[[[139.91405165127202,35.698420493246026],[139.91407232208175,35.69842751006106],[139.9140867204083,35.69846040036972],[139.91400431071932,35.69848452217756],[139.91398470724653,35.6984400978241],[139.91405165127202,35.698420493246026]]]}},{"type":"Feature","properties":{"height":8.5,"gml_id":"bldg_7895dd7d-061c-4b1a-b6de-75e184ce0e52"},"geometry":{"type":"Polygon","coordinates":[[[139.91604565224932,35.69639286188933],[139.9161038233933,35.69644023392759],[139.91606275250737,35.696473702959665],[139.9160045813633,35.696426330901815],[139.91604565224932,35.69639286188933]]]}},{"type":"Feature","properties":{"height":9.4,"gml_id":"bldg_5b9f304a-f790-4126-a849-0f14e1abf66d"},"geometry":{"type":"Polygon","coordinates":[[[139.91328671506557,35.69726698095394],[139.91332301888463,35.69732698801993],[139.91327132581287,35.697347843985895],[139.91323502202303,35.697287836904486],[139.91328671506557,35.69726698095394]]]}},{"type":"Feature","properties":{"height":6.1,"gml_id":"bldg_4bf0cc8e-3bea-4a2c-9666-b3812300f337"},"geometry":{"type":"Polygon","coordinates":[[[139.91312477548294,35.69743104744997],[139.91314358928378,35.69745996892623],[139.91313066636684,35.6974655659821],[139.91311185256936,35.69743664450382],[139.91312477548294,35.69743104744997]]]}},{"type":"Feature","properties":{"height":9.3,"gml_id":"bldg_e8e05d55-dee6-4901-a011-36413f9fb4e4"},"geometry":{"type":"Polygon","coordinates":[[[139.9143510214411,35.69887944945774],[139.9143964237321,35.69886562794693],[139.91443241667835,35.698944473480374],[139.91438701425773,35.69895820486779],[139.9143510214411,35.69887944945774]]]}},{"type":"Feature","properties":{"height":2.3,"gml_id":"bldg_d862f84f-d300-4d9c-9898-b7a8253549a1"},"geometry":{"type":"Polygon","coordinates":[[[139.915114423752,35.698500628692585],[139.9151248239446,35.69851342106528],[139.9149482300677,35.698609446582346],[139.9149377193893,35.69859665426949],[139.915114423752,35.698500628692585]]]}},{"type":"Feature","properties":{"height":7.4,"gml_id":"bldg_054033f8-d329-4921-ad12-8ddd69eee714"},"geometry":{"type":"Polygon","coordinates":[[[139.91443784053573,35.694151889575124],[139.9144732485159,35.6942007199463],[139.91455033663144,35.6941635315344],[139.91458253565662,35.69420776705334],[139.91451019653343,35.69424269885929],[139.91453885487005,35.69428215951814],[139.91444586312772,35.69432711041739],[139.91439684528365,35.69425963085448],[139.91440557013664,35.6942553885418],[139.9143583226665,35.694190251330994],[139.91443784053573,35.694151889575124]]]}},{"type":"Feature","properties":{"height":9.7,"gml_id":"bldg_431886be-0685-4361-b724-43f09b3e4a8e"},"geometry":{"type":"Polygon","coordinates":[[[139.91325953883998,35.698491779265126],[139.91327748260383,35.69853440210094],[139.9131982752466,35.698556628355256],[139.91318022101856,35.69851400558104],[139.91325953883998,35.698491779265126]]]}},{"type":"Feature","properties":{"height":9.4,"gml_id":"bldg_5e523ba0-355a-4962-9f07-faa623881b2d"},"geometry":{"type":"Polygon","coordinates":[[[139.91275017391698,35.6966439491962],[139.91277750179324,35.6966789042902],[139.9127063770142,35.696715727073666],[139.91270213125742,35.696668498125426],[139.91275017391698,35.6966439491962]]]}},{"type":"Feature","properties":{"height":25.7,"gml_id":"bldg_38e69e85-b14b-469a-83a0-bc7f7d7da05c"},"geometry":{"type":"Polygon","coordinates":[[[139.91454931851288,35.69642885386618],[139.9148048881558,35.69663293143641],[139.91466125058105,35.69675245998689],[139.91463061750548,35.69672796343663],[139.91466948024313,35.69669557802923],[139.91455413639358,35.69660335570123],[139.91433752037986,35.69678386564307],[139.91427835563016,35.6967365835585],[139.9142973453998,35.69672070668947],[139.91424713840587,35.69668062951755],[139.91454931851288,35.69642885386618]]]}},{"type":"Feature","properties":{"height":9.5,"gml_id":"bldg_fde9f2fd-acd6-4c65-a738-84aebbfd8921"},"geometry":{"type":"Polygon","coordinates":[[[139.9154872744481,35.69464071176258],[139.91553992399614,35.694692774977796],[139.91544540452114,35.69475638603805],[139.9153927549002,35.69470423264511],[139.9154872744481,35.69464071176258]]]}},{"type":"Feature","properties":{"height":9.1,"gml_id":"bldg_aa504e69-5935-4784-8eea-20e6a9defa75"},"geometry":{"type":"Polygon","coordinates":[[[139.91278215463853,35.69680229866605],[139.9128053913472,35.69683446220832],[139.91273757712565,35.69686695625149],[139.91272418842593,35.69684848701369],[139.91273070474122,35.69684532792362],[139.91272085683866,35.69683172374361],[139.91278215463853,35.69680229866605]]]}},{"type":"Feature","properties":{"height":7.5,"gml_id":"bldg_42446ee1-9fd1-4697-addf-bdd528a1b4a4"},"geometry":{"type":"Polygon","coordinates":[[[139.91339286887384,35.69723058522333],[139.91342994066483,35.69728500325799],[139.9133313091516,35.69732977675505],[139.9132942374068,35.69727535869038],[139.91339286887384,35.69723058522333]]]}},{"type":"Feature","properties":{"height":4.8,"gml_id":"bldg_5d235532-f791-4792-85c8-ba0f556e8674"},"geometry":{"type":"Polygon","coordinates":[[[139.91590203498168,35.69910247584851],[139.91586132385345,35.69905752546144],[139.91593178038738,35.69901502266253],[139.9159724916265,35.6990600631629],[139.91590203498168,35.69910247584851]]]}},{"type":"Feature","properties":{"height":5.6,"gml_id":"bldg_dfd36e77-767e-41b2-bbf9-3fd9ab52070b"},"geometry":{"type":"Polygon","coordinates":[[[139.91352547702965,35.69624584122092],[139.91359145998376,35.69626130079841],[139.913574932386,35.69630836329334],[139.91350894939632,35.696292903706976],[139.91352547702965,35.69624584122092]]]}},{"type":"Feature","properties":{"height":6.8,"gml_id":"bldg_7129a532-0d18-43af-bacb-02de1e7a0e5c"},"geometry":{"type":"Polygon","coordinates":[[[139.91467765771085,35.69593445628896],[139.91472100415388,35.69596525382105],[139.91471095828595,35.695974544716734],[139.9147206891455,35.69598147868186],[139.91468138908536,35.69601810084074],[139.91462853277147,35.69598036917362],[139.91467765771085,35.69593445628896]]]}},{"type":"Feature","properties":{"height":10.2,"gml_id":"bldg_7014dcd7-4db4-4f0d-b072-a643ad87efcb"},"geometry":{"type":"Polygon","coordinates":[[[139.91408815616913,35.69626763874721],[139.91421231547633,35.69633669041459],[139.9141640858352,35.696394320305885],[139.91403992648006,35.69632526858948],[139.91408815616913,35.69626763874721]]]}},{"type":"Feature","properties":{"height":6.6,"gml_id":"bldg_0aedd559-49b9-4c14-8196-c7500c9c3e5b"},"geometry":{"type":"Polygon","coordinates":[[[139.91298307254726,35.698277707111366],[139.91300987763046,35.69834186684367],[139.91301716863953,35.69833978886881],[139.91302902041718,35.69836808400868],[139.91298162843262,35.69838118432484],[139.91294297170543,35.69828882047741],[139.91298307254726,35.698277707111366]]]}},{"type":"Feature","properties":{"height":7.5,"gml_id":"bldg_cdd32bf9-8dbb-4efd-a982-8e6d3e9499b7"},"geometry":{"type":"Polygon","coordinates":[[[139.9144796000756,35.69937980283573],[139.91455187301455,35.69938399052637],[139.91454826774472,35.699424734829144],[139.91447610536306,35.69942063719875],[139.9144796000756,35.69937980283573]]]}},{"type":"Feature","properties":{"height":1.8,"gml_id":"bldg_c2f441dc-3fe2-47a6-b659-5df4444febc4"},"geometry":{"type":"Polygon","coordinates":[[[139.914786123353,35.69904311482272],[139.91477541070367,35.69904907110567],[139.91475969998464,35.6990299727143],[139.91477041272424,35.69902410656955],[139.914786123353,35.69904311482272]]]}},{"type":"Feature","properties":{"height":12.0,"gml_id":"bldg_bbf8babd-a19c-400b-bd3c-55a759f1f78d"},"geometry":{"type":"Polygon","coordinates":[[[139.91334128735056,35.692937847427885],[139.91361372652108,35.69334066846978],[139.91348826158583,35.693397177819946],[139.91321582285295,35.69299435649733],[139.91334128735056,35.692937847427885]]]}},{"type":"Feature","properties":{"height":9.3,"gml_id":"bldg_26d5797a-1d6b-44a7-be93-634a3aa54e8e"},"geometry":{"type":"Polygon","coordinates":[[[139.91337909437036,35.697710843845236],[139.91335629098236,35.69767047767204],[139.91345316328437,35.697634088060184],[139.91347596671073,35.69767445421524],[139.91337909437036,35.697710843845236]]]}},{"type":"Feature","properties":{"height":11.1,"gml_id":"bldg_655304dd-04a4-4424-b6ab-6ebd0c03c925"},"geometry":{"type":"Polygon","coordinates":[[[139.91317685015946,35.69723866074806],[139.91320894653742,35.69729028790648],[139.91312168774266,35.69732640054121],[139.91309523595226,35.69728387344811],[139.9131038400214,35.69726890501893],[139.91317685015946,35.69723866074806]]]}},{"type":"Feature","properties":{"height":2.3,"gml_id":"bldg_db557354-cb23-4771-872f-19d8d554937a"},"geometry":{"type":"Polygon","coordinates":[[[139.91546066067002,35.69756594371078],[139.9154719442418,35.69757819463138],[139.91542401743976,35.697607702093784],[139.91541273396354,35.697595541305596],[139.91546066067002,35.69756594371078]]]}},{"type":"Feature","properties":{"height":10.9,"gml_id":"bldg_29d38a35-da7b-49de-9af2-a8364de6690c"},"geometry":{"type":"Polygon","coordinates":[[[139.91662868930533,35.69601316367389],[139.91664738838193,35.696037127157005],[139.91661072266635,35.696055991146444],[139.91670333354318,35.69617517819916],[139.9166283455539,35.69621389885254],[139.91651714627852,35.696070838303086],[139.91662868930533,35.69601316367389]]]}},{"type":"Feature","properties":{"height":6.9,"gml_id":"bldg_ef820c59-c3c6-4c0e-9214-75e56613cfb7"},"geometry":{"type":"Polygon","coordinates":[[[139.91352759861073,35.69748197752771],[139.91355029126035,35.69752207333277],[139.91347031914526,35.697551961916126],[139.91344773702707,35.69751186602261],[139.91352759861073,35.69748197752771]]]}},{"type":"Feature","properties":{"height":7.0,"gml_id":"bldg_e589fabe-5561-4747-bf62-1970d26d8b5c"},"geometry":{"type":"Polygon","coordinates":[[[139.91292307171275,35.696833302815385],[139.91295150848273,35.69687204288614],[139.9129135151655,35.69689054607802],[139.91288507849688,35.69685189613524],[139.91292307171275,35.696833302815385]]]}},{"type":"Feature","properties":{"height":9.1,"gml_id":"bldg_212c85eb-68a7-4b52-9728-c991691ca78d"},"geometry":{"type":"Polygon","coordinates":[[[139.91311510253072,35.696705722088865],[139.91320253127967,35.69672991094408],[139.9131875395588,35.69676615593272],[139.9131454278881,35.69675455619815],[139.91314851458196,35.69674725306089],[139.91310308816816,35.696734754140046],[139.91311510253072,35.696705722088865]]]}},{"type":"Feature","properties":{"height":8.2,"gml_id":"bldg_af7d1af7-ab24-4d97-85b1-6c9a38563084"},"geometry":{"type":"Polygon","coordinates":[[[139.91567427604954,35.695649306538684],[139.91570084027626,35.695692914642414],[139.915707246346,35.69569020615086],[139.91572816568302,35.69572453400654],[139.91571513254414,35.69572995114274],[139.91571900644516,35.69573625807702],[139.9156856500131,35.69574971130467],[139.91563440307897,35.69566546831768],[139.91567427604954,35.695649306538684]]]}},{"type":"Feature","properties":{"height":10.8,"gml_id":"bldg_f4e56674-3f07-4ea7-9a0e-58a5f10be893"},"geometry":{"type":"Polygon","coordinates":[[[139.91455217913978,35.699794834211225],[139.91455657002516,35.69987496293003],[139.91446573968568,35.69987826911277],[139.91446134879968,35.69979805025377],[139.91455217913978,35.699794834211225]]]}},{"type":"Feature","properties":{"height":8.8,"gml_id":"bldg_b62b5093-2c1d-412f-8916-6d560a73afd9"},"geometry":{"type":"Polygon","coordinates":[[[139.91445505368418,35.69980156983451],[139.91446121489798,35.69988404092241],[139.91441336938138,35.69988641671843],[139.91440720821666,35.69980394562805],[139.91445505368418,35.69980156983451]]]}},{"type":"Feature","properties":{"height":3.3,"gml_id":"bldg_de8d1154-45c8-4e88-be52-353358d3806e"},"geometry":{"type":"Polygon","coordinates":[[[139.9140624887536,35.69790035279894],[139.91401326209865,35.69790387590363],[139.91399320664956,35.69771773590278],[139.91404243319099,35.69771421280632],[139.9140624887536,35.69790035279894]]]}},{"type":"Feature","properties":{"height":8.8,"gml_id":"bldg_cc7bd167-f61a-4df0-a595-3d084bee7307"},"geometry":{"type":"Polygon","coordinates":[[[139.9158650302337,35.69611284029099],[139.91594181977385,35.696213560705154],[139.91590526403044,35.69623215399307],[139.9158284744255,35.696131343419005],[139.9158650302337,35.69611284029099]]]}},{"type":"Feature","properties":{"height":11.2,"gml_id":"bldg_d27de4ab-4e7b-4933-a409-75bd2748bfb3"},"geometry":{"type":"Polygon","coordinates":[[[139.91545565132535,35.69451219804513],[139.91547180339762,35.69453138619629],[139.91545015869065,35.69454356945192],[139.91543389621768,35.694524471510135],[139.91545565132535,35.69451219804513]]]}},{"type":"Feature","properties":{"height":7.0,"gml_id":"bldg_86a25f2b-4031-4d6b-8378-18f956223d40"},"geometry":{"type":"Polygon","coordinates":[[[139.91351251883336,35.697430248986],[139.91353687121537,35.697472597111194],[139.91345325472085,35.6975045612605],[139.91342890237325,35.69746221311855],[139.91351251883336,35.697430248986]]]}},{"type":"Feature","properties":{"height":7.2,"gml_id":"bldg_35fff4a9-c85d-4bb0-935a-28cb5787765d"},"geometry":{"type":"Polygon","coordinates":[[[139.9127664205181,35.69742722829324],[139.91280118739556,35.69749769241106],[139.91276075747467,35.69751087908383],[139.9127259908057,35.69744059522814],[139.9127664205181,35.69742722829324]]]}},{"type":"Feature","properties":{"height":16.3,"gml_id":"bldg_60675fd4-2d60-487b-a3fe-b0732f4e5c80"},"geometry":{"type":"Polygon","coordinates":[[[139.9147173756308,35.694786535491275],[139.91474592285215,35.694825094802695],[139.91475597306146,35.69482022061],[139.9147911589808,35.694867518703994],[139.91480628936293,35.694860027097846],[139.9150172960247,35.69514453658065],[139.91486687497712,35.695218731124505],[139.91485713805153,35.69520575799914],[139.91470395560086,35.695281216126084],[139.9146616878725,35.69522418800476],[139.9139833532471,35.695558962297504],[139.91372576702412,35.69521174682355],[139.91408028545746,35.69503673400535],[139.91402374492128,35.69496051606039],[139.9143298895236,35.69480942120819],[139.91436894701366,35.6948622151747],[139.91448778165463,35.69480354610262],[139.91450791936492,35.69483057360991],[139.91456534870665,35.69480223186783],[139.91467079609802,35.694944486907936],[139.91472612713184,35.69491722815083],[139.91468286374072,35.69485884865234],[139.9147071607431,35.694846844016226],[139.9146770646636,35.694806392866425],[139.9147173756308,35.694786535491275]]]}},{"type":"Feature","properties":{"height":10.6,"gml_id":"bldg_5157bfad-8ff0-4f69-bbbc-ab12d3bd432f"},"geometry":{"type":"Polygon","coordinates":[[[139.9142575112486,35.698744757708006],[139.91429272602699,35.698819187100455],[139.91417121259585,35.69885739666976],[139.91413599791343,35.698782967242096],[139.9142575112486,35.698744757708006]]]}},{"type":"Feature","properties":{"height":9.3,"gml_id":"bldg_4f6d0a60-ab2e-4579-8417-0b5b65fa4619"},"geometry":{"type":"Polygon","coordinates":[[[139.9129490557014,35.69762829322158],[139.91296877015532,35.69767397959349],[139.91289541890873,35.697695029997114],[139.91287581499157,35.697649343540284],[139.9129490557014,35.69762829322158]]]}},{"type":"Feature","properties":{"height":9.0,"gml_id":"bldg_b94a2868-11ae-4021-8906-dfa7ccb3c91e"},"geometry":{"type":"Polygon","coordinates":[[[139.91389001656052,35.699108165729754],[139.91391149378555,35.69914772144754],[139.9138426759261,35.69917264527522],[139.91382119872836,35.69913308954528],[139.91389001656052,35.699108165729754]]]}},{"type":"Feature","properties":{"height":5.0,"gml_id":"bldg_3166e605-46d7-4bfb-a9f8-95ccb5a2939b"},"geometry":{"type":"Polygon","coordinates":[[[139.91286486594257,35.692520288073666],[139.91284074589453,35.69248749414352],[139.91290469036983,35.69245626449663],[139.9129286999416,35.69248905848714],[139.91286486594257,35.692520288073666]]]}},{"type":"Feature","properties":{"height":7.5,"gml_id":"bldg_cc401fea-33a6-4201-8b53-02605439d17f"},"geometry":{"type":"Polygon","coordinates":[[[139.91307535666962,35.69862647580216],[139.91310349478547,35.69869748503056],[139.9130068311031,35.6987228775165],[139.91297880356547,35.69865186819263],[139.91307535666962,35.69862647580216]]]}},{"type":"Feature","properties":{"height":6.7,"gml_id":"bldg_13ba480e-720c-4302-88a1-d484a9749f7d"},"geometry":{"type":"Polygon","coordinates":[[[139.91427059415687,35.69605308046402],[139.9143854619585,35.69611384560469],[139.91432498597183,35.696189961878076],[139.91430928676562,35.69618158970531],[139.914288760173,35.69620738267335],[139.91422883814033,35.696175694757756],[139.91428467939548,35.696105620823666],[139.91424543148355,35.69608473544277],[139.91427059415687,35.69605308046402]]]}},{"type":"Feature","properties":{"height":16.2,"gml_id":"bldg_6e37dae7-02bd-401d-bcac-5cff2439b8ac"},"geometry":{"type":"Polygon","coordinates":[[[139.91404337665725,35.69963960019217],[139.91406527194437,35.69965517918916],[139.91406894225494,35.6996787024525],[139.91406519587673,35.69968934111671],[139.9140499653659,35.699708099801065],[139.914055714609,35.69971116059953],[139.91402050629634,35.69975300771607],[139.9140282456859,35.69975714882428],[139.9139838760203,35.69980936781174],[139.91395037443513,35.69979037137276],[139.91390048598055,35.69984899374333],[139.91380904778802,35.699797226206584],[139.91390463047927,35.699684851717855],[139.91393182971228,35.69970024691491],[139.913973991835,35.69965055325722],[139.91398725971544,35.699658025728816],[139.91401033820526,35.69964151521449],[139.91404337665725,35.69963960019217]]]}},{"type":"Feature","properties":{"height":8.8,"gml_id":"bldg_c95758db-a2c6-4f74-8024-a41ccac149bf"},"geometry":{"type":"Polygon","coordinates":[[[139.91533721899495,35.69550243313829],[139.91540017494964,35.69547561956399],[139.91543514802652,35.6955302187013],[139.91543161359425,35.695531663302866],[139.91543659382125,35.695539321546],[139.9154234503802,35.69554491899989],[139.9154254424709,35.695547982297306],[139.91541583336888,35.6955520450121],[139.91542479823954,35.69556628053509],[139.9153880186294,35.695581899301544],[139.91533721899495,35.69550243313829]]]}},{"type":"Feature","properties":{"height":8.4,"gml_id":"bldg_04eb0a75-38ec-4ead-9348-89cac40c21c9"},"geometry":{"type":"Polygon","coordinates":[[[139.91385200179178,35.69470923910415],[139.9138761251899,35.69474428624039],[139.9138236637164,35.69476838879711],[139.91379942983696,35.69473334082295],[139.91385200179178,35.69470923910415]]]}},{"type":"Feature","properties":{"height":7.3,"gml_id":"bldg_4c49f35a-2ee2-4869-86c9-53a4c2f9a9dd"},"geometry":{"type":"Polygon","coordinates":[[[139.91587366982193,35.69591849914409],[139.9159165000041,35.69598399931819],[139.91585707854787,35.696009638957285],[139.91581424840055,35.69594413876229],[139.91587366982193,35.69591849914409]]]}}]}