{"type":"FeatureCollection","crs":{"type":"name","properties":{"name":"urn:ogc:def:crs:OGC:1.3:CRS84"}},"features":[{"type":"Feature","properties":{"height":7.1,"gml_id":"bldg_f2313aa3-485f-44ac-a5f1-5f82b027474d"},"geometry":{"type":"Polygon","coordinates":[[[139.83155064487596,35.66234795720902],[139.83147962464307,35.66234227747638],[139.83148691583702,35.66228188548566],[139.83155793601694,35.66228756521407],[139.83155064487596,35.66234795720902]]]}},{"type":"Feature","properties":{"height":1.9,"gml_id":"bldg_8794fc64-0fa5-4ac2-9710-cac299bfeadd"},"geometry":{"type":"Polygon","coordinates":[[[139.83210224480405,35.66203843204434],[139.83211925429632,35.66203744070486],[139.83212146293522,35.66206285949384],[139.8321045638874,35.662063940972224],[139.83210224480405,35.66203843204434]]]}},{"type":"Feature","properties":{"height":3.7,"gml_id":"bldg_38f538fd-d6d7-4d4a-bb24-527f7cb99ce2"},"geometry":{"type":"Polygon","coordinates":[[[139.83178712837756,35.66200174245993],[139.83185737519116,35.66200643048989],[139.8318509678708,35.662068985815964],[139.83178083145393,35.66206429778374],[139.83178712837756,35.66200174245993]]]}},{"type":"Feature","properties":{"height":6.6,"gml_id":"bldg_533db41d-1d9d-452b-be0c-d8fc2d5e6da2"},"geometry":{"type":"Polygon","coordinates":[[[139.8253098438729,35.665215606183764],[139.82531259731851,35.665295017436264],[139.82511223031597,35.66529969106982],[139.8251094770686,35.66522027981286],[139.8253098438729,35.665215606183764]]]}},{"type":"Feature","properties":{"height":5.5,"gml_id":"bldg_dcbc6ed9-6043-4ec9-9b6b-91bbce51d7ff"},"geometry":{"type":"Polygon","coordinates":[[[139.8251809184404,35.665450044956984],[139.82517473248186,35.665454280996755],[139.8251827949622,35.665462123498195],[139.82513949324212,35.66549168563299],[139.82508128881395,35.665434985221815],[139.82513066602647,35.66540118706292],[139.8251809184404,35.665450044956984]]]}},{"type":"Feature","properties":{"height":7.7,"gml_id":"bldg_64671f4c-6dda-4209-b556-20e6bf4648b8"},"geometry":{"type":"Polygon","coordinates":[[[139.82732065587336,35.66562720069553],[139.8273300446548,35.665627020889126],[139.8273296038494,35.66561341011719],[139.82736760079257,35.66561269090626],[139.82736793116172,35.66562612139775],[139.82737621538195,35.66562594153301],[139.82737577454867,35.66561260117349],[139.8274361941068,35.665611432361054],[139.82744181347965,35.66580045079681],[139.82742270450765,35.66580081041004],[139.82742314507078,35.66581793654035],[139.82734450002422,35.66581955512823],[139.82734394894078,35.66580351064112],[139.82732583407468,35.66580387028842],[139.82732065587336,35.66562720069553]]]}},{"type":"Feature","properties":{"height":3.8,"gml_id":"bldg_dc1a6911-f4fb-429e-8185-6f54183fd47d"},"geometry":{"type":"Polygon","coordinates":[[[139.83130759868317,35.664435266307954],[139.83131146551165,35.66439867057426],[139.8313779589493,35.664403268681525],[139.8313742026032,35.664439954556556],[139.83130759868317,35.664435266307954]]]}},{"type":"Feature","properties":{"height":3.0,"gml_id":"bldg_6b349358-ac51-4452-a60d-c0bdab5566d0"},"geometry":{"type":"Polygon","coordinates":[[[139.83248096366438,35.66374491767626],[139.8324131452788,35.66373932865554],[139.83236907450828,35.66372490631942],[139.83233439256665,35.66368885105839],[139.8323267716051,35.66366298154785],[139.8323258881456,35.663649641198376],[139.83233903350023,35.66353642867352],[139.8323402488896,35.66350379892716],[139.83233406389738,35.663472881730954],[139.83231749633373,35.66344088279773],[139.83229651058483,35.66341483289584],[139.8322726530403,35.663391126538606],[139.8323116433814,35.66335759574402],[139.83233782044942,35.66338058101324],[139.83234787155163,35.66339040607803],[139.83236929908836,35.66341934037304],[139.83237482161925,35.66342952594898],[139.83239017417472,35.66346531063773],[139.83239934131726,35.6635053317366],[139.83239746316946,35.663543369725325],[139.83238487020355,35.663653157037785],[139.8323881836136,35.663669381804205],[139.83239956015294,35.66368317292225],[139.83242054622713,35.663689753116714],[139.83248560323645,35.66369525197648],[139.83248096366438,35.66374491767626]]]}},{"type":"Feature","properties":{"height":8.3,"gml_id":"bldg_05d3d386-0c40-4f9d-96e3-3ab472a4cda1"},"geometry":{"type":"Polygon","coordinates":[[[139.83303058534315,35.66240538758907],[139.83299910668345,35.66239042468654],[139.83299281135695,35.66229226496809],[139.8330197616193,35.66226765751272],[139.8331249114278,35.6622629705923],[139.83315429147436,35.66228171923278],[139.83316334828035,35.66238357458299],[139.83314169971916,35.66240133163119],[139.83303058534315,35.66240538758907]]]}},{"type":"Feature","properties":{"height":5.7,"gml_id":"bldg_d75ecdb5-466b-4f7c-ba85-a0c275146a0d"},"geometry":{"type":"Polygon","coordinates":[[[139.83238179196178,35.6624350394363],[139.83236754547514,35.6622870336037],[139.8325105802543,35.66227775050676],[139.83252482700235,35.66242584646013],[139.83238179196178,35.6624350394363]]]}},{"type":"Feature","properties":{"height":10.5,"gml_id":"bldg_b5e860f4-4501-4939-ad80-6b2962bc898c"},"geometry":{"type":"Polygon","coordinates":[[[139.8318924894016,35.662520845441954],[139.83188586349814,35.66245405350159],[139.83181197120288,35.662458920013854],[139.83180214289362,35.662359678540014],[139.83195622303975,35.66234958500435],[139.83197256705645,35.66251561840055],[139.8318924894016,35.662520845441954]]]}},{"type":"Feature","properties":{"height":21.5,"gml_id":"bldg_d109e912-e860-4a9c-a7fd-a659f5e0dee4"},"geometry":{"type":"Polygon","coordinates":[[[139.83174002750988,35.66445302988051],[139.8316378572735,35.66444572735313],[139.8316441544217,35.66438668742159],[139.8312586693314,35.664359099341965],[139.83138141190955,35.66321696983362],[139.83156156010125,35.66322977213719],[139.8315635486513,35.66321165453837],[139.83171453736512,35.66322247315707],[139.83171254884343,35.663240861170735],[139.8320287748632,35.6632633993748],[139.83201916399665,35.66335308603483],[139.8320736172458,35.663356962527175],[139.83196005345212,35.664416526929536],[139.83174566171425,35.664401200929795],[139.83174002750988,35.66445302988051]]]}},{"type":"Feature","properties":{"height":5.9,"gml_id":"bldg_77d35ece-abe3-468b-8312-5c0812e52960"},"geometry":{"type":"Polygon","coordinates":[[[139.83245479076828,35.66332649945272],[139.8324516983539,35.66330216231817],[139.8324836192682,35.66329945842408],[139.83248671169116,35.66332388569528],[139.83245479076828,35.66332649945272]]]}},{"type":"Feature","properties":{"height":10.0,"gml_id":"bldg_6e810293-4cc9-472c-b555-e5c3b2caa843"},"geometry":{"type":"Polygon","coordinates":[[[139.8332229911632,35.66310701790838],[139.83322045079083,35.66308006680696],[139.8332628645861,35.6630773627156],[139.8332640795542,35.66308926086039],[139.83328429238048,35.663087908808485],[139.8332857282553,35.66310296176404],[139.8332229911632,35.66310701790838]]]}},{"type":"Feature","properties":{"height":6.6,"gml_id":"bldg_4c14ee01-1e2e-4b17-a9f0-a9d4a12d9dc5"},"geometry":{"type":"Polygon","coordinates":[[[139.8328255814513,35.663292700042554],[139.8328214949157,35.66325808724357],[139.83289649242016,35.663252138467115],[139.83290146279234,35.66325303985957],[139.83290543891601,35.663286390731145],[139.8328255814513,35.663292700042554]]]}},{"type":"Feature","properties":{"height":5.2,"gml_id":"bldg_7db82582-8861-4bb5-a070-303bd32c53f8"},"geometry":{"type":"Polygon","coordinates":[[[139.8322314499718,35.663689120572805],[139.83215976577193,35.663684162336004],[139.8321662834431,35.66362097604926],[139.8322179755516,35.66362458203701],[139.8322188593023,35.66361565843793],[139.83223134051545,35.663616559927256],[139.83223045677852,35.66362458215197],[139.83223807805126,35.66362512304621],[139.8322314499718,35.663689120572805]]]}},{"type":"Feature","properties":{"height":8.0,"gml_id":"bldg_154386bd-05af-492b-ac39-4c66696470cc"},"geometry":{"type":"Polygon","coordinates":[[[139.83270574431958,35.662750702954085],[139.83269735044502,35.66268922916193],[139.8327877002755,35.66268102709623],[139.83279642556093,35.66274457404525],[139.83270574431958,35.662750702954085]]]}},{"type":"Feature","properties":{"height":9.1,"gml_id":"bldg_1006cce4-fd29-4bb2-9fcd-c929d473d7f0"},"geometry":{"type":"Polygon","coordinates":[[[139.83271745133254,35.66286959432334],[139.83271369633894,35.662819838426834],[139.83272728196832,35.66281911739629],[139.83272551490757,35.662796042197805],[139.83279023991608,35.6627927074211],[139.83279211743906,35.66281704454358],[139.83280051181103,35.66281659389372],[139.8328042668661,35.66286517800057],[139.83271745133254,35.66286959432334]]]}},{"type":"Feature","properties":{"height":9.0,"gml_id":"bldg_31d44c3f-709e-42f2-9861-6932843b2f2f"},"geometry":{"type":"Polygon","coordinates":[[[139.8329759094329,35.66293052828936],[139.83296442302267,35.662791986980984],[139.83327876996378,35.66277468114143],[139.83329025691452,35.66291322242023],[139.8329759094329,35.66293052828936]]]}},{"type":"Feature","properties":{"height":1.7,"gml_id":"bldg_4179c112-2049-4583-883c-93a2ca83ef9b"},"geometry":{"type":"Polygon","coordinates":[[[139.83180677527744,35.662705536046005],[139.83178932416106,35.66268940121802],[139.83181008942844,35.66267452880136],[139.8318275405475,35.66269057348892],[139.83180677527744,35.662705536046005]]]}},{"type":"Feature","properties":{"height":2.8,"gml_id":"bldg_4960d288-7b48-4aa0-b6f3-ff0e65625c89"},"geometry":{"type":"Polygon","coordinates":[[[139.83285087325334,35.66360971355699],[139.83284590306016,35.6635758218567],[139.83289317708426,35.66357122502894],[139.8328981472971,35.6636051167273],[139.83285087325334,35.66360971355699]]]}},{"type":"Feature","properties":{"height":3.5,"gml_id":"bldg_b86efab4-a250-4e96-ba3d-be8a51d33f40"},"geometry":{"type":"Polygon","coordinates":[[[139.83295082605284,35.66517179567436],[139.83293138611936,35.665126186074396],[139.83296165093964,35.66511762311626],[139.83298109088827,35.66516323271141],[139.83295082605284,35.66517179567436]]]}},{"type":"Feature","properties":{"height":1.9,"gml_id":"bldg_4504e977-c6fa-4043-a9af-03f545a4a4ad"},"geometry":{"type":"Polygon","coordinates":[[[139.8330860245206,35.66485505311215],[139.83321923334594,35.664813680232164],[139.83323403427306,35.66484540862028],[139.83310082540268,35.66488678151641],[139.8330860245206,35.66485505311215]]]}},{"type":"Feature","properties":{"height":9.9,"gml_id":"bldg_5f1d758a-ccb1-4ebd-ba40-46cdf4d8bc4d"},"geometry":{"type":"Polygon","coordinates":[[[139.83097398573594,35.66581192911896],[139.83092582993433,35.66570646739025],[139.83122583138095,35.66561516381146],[139.8312740979762,35.66572071556109],[139.83097398573594,35.66581192911896]]]}},{"type":"Feature","properties":{"height":3.1,"gml_id":"bldg_261d9d41-46ee-4478-984a-511e14043735"},"geometry":{"type":"Polygon","coordinates":[[[139.83239566317684,35.666343579027],[139.8323831818386,35.66631725880648],[139.83246061249343,35.666292742017866],[139.83247309385328,35.66631906223047],[139.83239566317684,35.666343579027]]]}},{"type":"Feature","properties":{"height":9.0,"gml_id":"bldg_d1b6cfcc-19d3-4c3f-8bea-2dcb6f1ef8e1"},"geometry":{"type":"Polygon","coordinates":[[[139.82514062307519,35.666325456775525],[139.82513488697563,35.66625046206266],[139.8253594471046,35.66623893955378],[139.8253651834223,35.66631384411869],[139.82514062307519,35.666325456775525]]]}},{"type":"Feature","properties":{"height":2.0,"gml_id":"bldg_826c9974-7627-481e-bc30-8e0b3674a9cf"},"geometry":{"type":"Polygon","coordinates":[[[139.82508241567618,35.666291741411285],[139.82507888506947,35.66625271167207],[139.82510727268237,35.6662510010039],[139.82511080331207,35.666289940604884],[139.82508241567618,35.666291741411285]]]}},{"type":"Feature","properties":{"height":29.0,"gml_id":"bldg_79c89573-aeb4-4aa4-ad01-337b44c4ba7e"},"geometry":{"type":"Polygon","coordinates":[[[139.83247609664312,35.66440607576626],[139.83221056447562,35.664389037608],[139.83220923884232,35.6644019272489],[139.83207724596116,35.66439336288807],[139.83211226551998,35.66403110088399],[139.83212861268024,35.66403218269792],[139.832138113181,35.663933842843726],[139.83217169109312,35.66393600647092],[139.83217445284365,35.66390788361545],[139.83226093803728,35.66391338280068],[139.83225894959716,35.66393375384498],[139.832319588662,35.663937720418204],[139.8323179316318,35.66395538734291],[139.83251840513162,35.663968278520635],[139.83247609664312,35.66440607576626]]]}},{"type":"Feature","properties":{"height":29.5,"gml_id":"bldg_6710bd2f-84f4-4288-ae94-79cea0ae30ca"},"geometry":{"type":"Polygon","coordinates":[[[139.83216106078953,35.66576543562006],[139.8319859940095,35.66538271031252],[139.83216625860376,35.665327818505055],[139.8322115440474,35.66542687996086],[139.83247222063017,35.66534747103951],[139.83260200350065,35.665631134355515],[139.83216106078953,35.66576543562006]]]}},{"type":"Feature","properties":{"height":20.7,"gml_id":"bldg_1041de37-0ba1-4982-86cd-f423ea1a8973"},"geometry":{"type":"Polygon","coordinates":[[[139.83122837279822,35.66557982998827],[139.8310087842593,35.665647248737685],[139.83079639172675,35.665186101408935],[139.83101597917883,35.66511877317902],[139.83122837279822,35.66557982998827]]]}},{"type":"Feature","properties":{"height":32.8,"gml_id":"bldg_c43c5b89-fa51-49e0-b967-527244f77a8d"},"geometry":{"type":"Polygon","coordinates":[[[139.83272902087083,35.666579110199315],[139.83261679843403,35.666323209492006],[139.83293590932047,35.66623000888888],[139.83297567340867,35.6663206872453],[139.83277442025522,35.66637954620561],[139.83282986894108,35.666505919091726],[139.8328554950802,35.66649843779161],[139.83287239482337,35.66653719694105],[139.83272902087083,35.666579110199315]]]}},{"type":"Feature","properties":{"height":2.8,"gml_id":"bldg_f89fdf97-035d-44a3-a64b-8d06b67915b4"},"geometry":{"type":"Polygon","coordinates":[[[139.83109812781885,35.66223834250015],[139.83114893533747,35.66224339113067],[139.83114440600949,35.66227340682512],[139.83109371002814,35.66226835819479],[139.83109812781885,35.66223834250015]]]}},{"type":"Feature","properties":{"height":7.5,"gml_id":"bldg_61bf5de9-b5c9-4558-99fa-cc9bb3082bba"},"geometry":{"type":"Polygon","coordinates":[[[139.8319794074982,35.66296405234276],[139.83191600788228,35.66295972501534],[139.83192992728152,35.66282289651705],[139.83199332679004,35.662827223837226],[139.8319794074982,35.66296405234276]]]}},{"type":"Feature","properties":{"height":21.5,"gml_id":"bldg_0b32f5ca-6e8b-4c1b-870d-6d25b503bade"},"geometry":{"type":"Polygon","coordinates":[[[139.83137456285348,35.66325726116384],[139.83128421261168,35.66325049935139],[139.8312890736386,35.663207233456575],[139.8313789819529,35.66321678951931],[139.83137456285348,35.66325726116384]]]}},{"type":"Feature","properties":{"height":2.4,"gml_id":"bldg_8584e6c8-bf0b-4ae6-ab9b-f6b6393b39a3"},"geometry":{"type":"Polygon","coordinates":[[[139.83256046778712,35.66606902165173],[139.83255240462077,35.66605126452983],[139.83260619717166,35.666034858956536],[139.83261437080574,35.66605252683949],[139.83256046778712,35.66606902165173]]]}},{"type":"Feature","properties":{"height":2.3,"gml_id":"bldg_f8e65cbf-eff3-48ef-8973-b04c237c2e0f"},"geometry":{"type":"Polygon","coordinates":[[[139.83262398056237,35.666049642499345],[139.83261580692727,35.666031885381],[139.83266794259825,35.66601602149601],[139.83267611624404,35.66603368847347],[139.83262398056237,35.666049642499345]]]}},{"type":"Feature","properties":{"height":2.4,"gml_id":"bldg_bf7db9e2-7457-451a-83c9-745f7a7ad236"},"geometry":{"type":"Polygon","coordinates":[[[139.83268561553956,35.66603080412778],[139.83267755234934,35.66601304701416],[139.83272979845316,35.665997092965526],[139.83273786165333,35.66601485007571],[139.83268561553956,35.66603080412778]]]}},{"type":"Feature","properties":{"height":2.4,"gml_id":"bldg_50d35ca8-ccaa-4ec6-8184-bd1bd4c5d07f"},"geometry":{"type":"Polygon","coordinates":[[[139.83274824459934,35.666011695317216],[139.83274007094056,35.66599393820718],[139.8327943052415,35.665977443315825],[139.832802368454,35.66599520042175],[139.83274824459934,35.666011695317216]]]}},{"type":"Feature","properties":{"height":2.5,"gml_id":"bldg_8157c0e5-6443-4269-9047-3867abad46c7"},"geometry":{"type":"Polygon","coordinates":[[[139.8331807929876,35.665879645333064],[139.83317272970277,35.66586197838956],[139.83322641154336,35.665845573439924],[139.83323447483826,35.66586333051728],[139.8331807929876,35.665879645333064]]]}},{"type":"Feature","properties":{"height":2.4,"gml_id":"bldg_f19cf609-5c55-4a6a-984e-379500a81dbe"},"geometry":{"type":"Polygon","coordinates":[[[139.83311904778623,35.66589857409576],[139.8331108740569,35.665880817010574],[139.83316610231358,35.66586396140363],[139.833174165597,35.66588171848499],[139.83311904778623,35.66589857409576]]]}},{"type":"Feature","properties":{"height":2.4,"gml_id":"bldg_7b75c4d5-c25f-4183-ad83-7deef310c182"},"geometry":{"type":"Polygon","coordinates":[[[139.83305763392613,35.665917232415275],[139.83304946020817,35.66589956546337],[139.8331025898164,35.66588334084255],[139.83311076354417,35.66590109792831],[139.83305763392613,35.665917232415275]]]}},{"type":"Feature","properties":{"height":2.4,"gml_id":"bldg_c4124abf-e6d8-4bbd-9981-29ff71871b83"},"geometry":{"type":"Polygon","coordinates":[[[139.83311617465466,35.66636512532194],[139.83310789041929,35.66634808933698],[139.83314257397132,35.66633682222113],[139.8331508582129,35.666353858203735],[139.83311617465466,35.66636512532194]]]}},{"type":"Feature","properties":{"height":2.1,"gml_id":"bldg_bfd90996-9d0c-4f09-8d11-dbb3c540d7d5"},"geometry":{"type":"Polygon","coordinates":[[[139.83313870778457,35.66641479107094],[139.83312324386813,35.666380989517904],[139.83321238281474,35.66635376814384],[139.83322784676352,35.66638756968559],[139.83313870778457,35.66641479107094]]]}},{"type":"Feature","properties":{"height":1.9,"gml_id":"bldg_ae485720-65ee-4d4a-9ed6-f37f2b25bab9"},"geometry":{"type":"Polygon","coordinates":[[[139.83211384170892,35.66206907890235],[139.8321115219441,35.662088097885054],[139.83204922753575,35.662083139676064],[139.8320515473152,35.66206412069453],[139.83211384170892,35.66206907890235]]]}},{"type":"Feature","properties":{"height":41.1,"gml_id":"bldg_06c259de-c3dd-4cc2-9431-b2c1583f40ac"},"geometry":{"type":"Polygon","coordinates":[[[139.8271844115443,35.65910178211695],[139.82718352635723,35.659122784112654],[139.827549878758,35.659133168077645],[139.8275249858595,35.65971716780626],[139.82493465769826,35.659643552947365],[139.824944732991,35.65940892571569],[139.825166400539,35.65941525057789],[139.8251823429425,35.65904172180533],[139.82518688207287,35.65893535984322],[139.8254056767212,35.658941593933534],[139.82543047402453,35.658361019788124],[139.827213843123,35.65841169076364],[139.8271889480371,35.65899523980512],[139.8271844115443,35.65910178211695]]]}},{"type":"Feature","properties":{"height":7.8,"gml_id":"bldg_0c5b402c-4458-43a8-bae1-cd4b2ed27c30"},"geometry":{"type":"Polygon","coordinates":[[[139.83553323737686,35.659778671424604],[139.83553036476744,35.6597436079876],[139.83557310807188,35.6597411734876],[139.8355760911505,35.65977632705904],[139.83553323737686,35.659778671424604]]]}},{"type":"Feature","properties":{"height":29.9,"gml_id":"bldg_db0794f8-a278-42a4-98c3-2719a506b411"},"geometry":{"type":"Polygon","coordinates":[[[139.82452161634998,35.66134820371339],[139.82453920323272,35.6611174530435],[139.82454241083377,35.66107589989729],[139.82457703107775,35.66062296154058],[139.8245802387771,35.660580146465044],[139.82459804646535,35.660347142335716],[139.82761450308297,35.660503531637225],[139.82770639634643,35.660508313253146],[139.82762845856706,35.6615093765075],[139.82752971625516,35.66150432409054],[139.82452161634998,35.66134820371339]]]}},{"type":"Feature","properties":{"height":3.9,"gml_id":"bldg_c28abfff-1993-48aa-83b8-a76626dd9c3f"},"geometry":{"type":"Polygon","coordinates":[[[139.83679446586814,35.660296211310644],[139.83679181379995,35.66026610546278],[139.83682273936034,35.66026430182072],[139.83682528099135,35.66029440767111],[139.83679446586814,35.660296211310644]]]}},{"type":"Feature","properties":{"height":5.3,"gml_id":"bldg_08883a01-82dd-4331-9822-db5b5c3b081a"},"geometry":{"type":"Polygon","coordinates":[[[139.83376286752141,35.66010805318512],[139.83376021659834,35.66007812754453],[139.83379500784915,35.660076144391184],[139.83379765878516,35.66010607003101],[139.83376286752141,35.66010805318512]]]}},{"type":"Feature","properties":{"height":7.3,"gml_id":"bldg_5afb5512-334e-4a8a-9b30-56ddc2e1536c"},"geometry":{"type":"Polygon","coordinates":[[[139.83376010734602,35.66030293046636],[139.8337454168036,35.66013608600848],[139.83379556042019,35.660133201426476],[139.83381025106587,35.660299955740825],[139.83376010734602,35.66030293046636]]]}},{"type":"Feature","properties":{"height":6.7,"gml_id":"bldg_69d0e39c-8239-4de8-88b3-1554db916d41"},"geometry":{"type":"Polygon","coordinates":[[[139.8356016809319,35.658568303619525],[139.83559781383292,35.65851602392881],[139.83563172080068,35.65851440081106],[139.83563614015608,35.65856677062766],[139.8356016809319,35.658568303619525]]]}},{"type":"Feature","properties":{"height":16.5,"gml_id":"bldg_69f6c135-310c-42b3-b998-a6431870fcaf"},"geometry":{"type":"Polygon","coordinates":[[[139.8302676331443,35.65962082172375],[139.83026133308223,35.65973926224633],[139.83025470137684,35.65986500389557],[139.8299274439789,35.65985336734692],[139.82994048718473,35.659609275350455],[139.8302676331443,35.65962082172375]]]}},{"type":"Feature","properties":{"height":8.5,"gml_id":"bldg_e2161349-f6f2-4120-ba1a-c9a0d6d22e93"},"geometry":{"type":"Polygon","coordinates":[[[139.82781112689412,35.66014731742815],[139.82781101629044,35.66014957086055],[139.82745658764856,35.66013927841146],[139.82647746381284,35.6601108333386],[139.8264909650193,35.65980031041247],[139.8264911862153,35.65979679506236],[139.82782462303643,35.659835442291325],[139.8278245122788,35.65983994916144],[139.82781112689412,35.66014731742815]]]}},{"type":"Feature","properties":{"height":17.8,"gml_id":"bldg_b0adea98-7f0f-485a-a0e9-e3f631aa3627"},"geometry":{"type":"Polygon","coordinates":[[[139.829126211879,35.66064033251344],[139.8289862728863,35.66063708259367],[139.82878547647366,35.66063229789103],[139.8287951009934,35.66035945206008],[139.82934646095498,35.660372361237485],[139.8293368383048,35.66064529724954],[139.829126211879,35.66064033251344]]]}},{"type":"Feature","properties":{"height":7.5,"gml_id":"bldg_7018a306-e678-4b59-8a24-e4a734146afb"},"geometry":{"type":"Polygon","coordinates":[[[139.83026133308223,35.65973926224633],[139.8302676331443,35.65962082172375],[139.830307836097,35.65962226494059],[139.83030153609417,35.65974070546524],[139.83026133308223,35.65973926224633]]]}},{"type":"Feature","properties":{"height":5.3,"gml_id":"bldg_3ff98227-5fe8-412c-a5d9-e8427d89d933"},"geometry":{"type":"Polygon","coordinates":[[[139.83732900441348,35.66627636401868],[139.83729255416384,35.66628763239852],[139.83726902432707,35.66623679567208],[139.8373055850138,35.66622552729562],[139.83732900441348,35.66627636401868]]]}},{"type":"Feature","properties":{"height":3.6,"gml_id":"bldg_e60050ca-abc0-4612-966c-8ef3bdd0e1b0"},"geometry":{"type":"Polygon","coordinates":[[[139.8357462844828,35.659540614189666],[139.8357871500505,35.65953781910117],[139.83579079591843,35.659573513480034],[139.83574993033542,35.65957639870724],[139.8357462844828,35.659540614189666]]]}},{"type":"Feature","properties":{"height":59.8,"gml_id":"bldg_1360eafb-2ee6-45db-a8df-ab96ac568af8"},"geometry":{"type":"Polygon","coordinates":[[[139.83564708882278,35.666725652902144],[139.83563328075846,35.66669554727482],[139.83560875766736,35.666642276536486],[139.8355661214394,35.666655347257844],[139.83555330759222,35.66662731476279],[139.83550603218526,35.666641737609375],[139.835484933571,35.6665957679131],[139.8355242560853,35.66658368879214],[139.83550028541674,35.666531499669524],[139.83542506456826,35.66655448603747],[139.83544384340072,35.66659549822808],[139.8354090495841,35.66660604490894],[139.83539071262192,35.66656602511825],[139.83520967425986,35.666621371538994],[139.83522690651168,35.666658958565804],[139.8351988505021,35.66666752205686],[139.8351819496548,35.66663083639502],[139.83517233992052,35.66663372093903],[139.83519995568795,35.6666937520235],[139.83512981561617,35.666715205791704],[139.83510341497822,35.66665751824597],[139.83508474778452,35.66666328731261],[139.83508386429557,35.66667112927938],[139.83503437925063,35.66666779490472],[139.83503073398433,35.66665986286484],[139.83500709622638,35.66666707418782],[139.83499560812237,35.66664192601192],[139.83496302336573,35.6666519317089],[139.83495937810358,35.66664381939202],[139.83494236775257,35.66664895745241],[139.83492425194092,35.666609567648464],[139.83493827995184,35.6666053310044],[139.83493463469432,35.66659721868671],[139.8349495463547,35.666592621479964],[139.83493319794385,35.66655692728678],[139.83495639384836,35.66654980612151],[139.83494844056952,35.666532499847015],[139.83560786517396,35.66633085182217],[139.83590556775593,35.66697920416055],[139.8358979462319,35.66698154789542],[139.8358992718226,35.66698452240127],[139.83586613475248,35.66699461849122],[139.83586204753445,35.666985965387056],[139.8357783211773,35.66701156613674],[139.83564708882278,35.666725652902144]]]}},{"type":"Feature","properties":{"height":6.6,"gml_id":"bldg_bcebb273-cd83-4c05-89f2-5e95036cbbce"},"geometry":{"type":"Polygon","coordinates":[[[139.8312631908536,35.66463437914309],[139.83110800230597,35.6646220275471],[139.83112258569204,35.664499981731424],[139.83127777400344,35.66451242344631],[139.8312631908536,35.66463437914309]]]}},{"type":"Feature","properties":{"height":18.1,"gml_id":"bldg_49727a37-7cd8-4131-84e1-24ec8171944c"},"geometry":{"type":"Polygon","coordinates":[[[139.83732900441348,35.66627636401868],[139.83741184584304,35.666250581942876],[139.83756009581572,35.666568221046454],[139.83739684236537,35.666618974023656],[139.83724870339813,35.666301244580744],[139.83729255416384,35.66628763239852],[139.83732900441348,35.66627636401868]]]}},{"type":"Feature","properties":{"height":2.5,"gml_id":"bldg_05b1f029-5117-4511-ad75-d9a684fb2065"},"geometry":{"type":"Polygon","coordinates":[[[139.83031803292081,35.66161259115997],[139.8302761722634,35.661609795842786],[139.83028081297772,35.66156274419719],[139.83032278406122,35.66156553951558],[139.83031803292081,35.66161259115997]]]}},{"type":"Feature","properties":{"height":21.7,"gml_id":"bldg_846911e9-10d3-4299-946d-b6c31a6e10d9"},"geometry":{"type":"Polygon","coordinates":[[[139.83495244454053,35.66242403554042],[139.835671815181,35.66238409282266],[139.8356908195934,35.66261313174797],[139.83430486955095,35.66269003815945],[139.83428575862771,35.662461089156615],[139.83490119501647,35.662426920617435],[139.83495244454053,35.66242403554042]]]}},{"type":"Feature","properties":{"height":43.4,"gml_id":"bldg_4dbcc849-818c-400e-bb4f-b4b43b143663"},"geometry":{"type":"Polygon","coordinates":[[[139.8305197194527,35.65835565769461],[139.83052535070394,35.65839847315077],[139.8314511114221,35.65834801416339],[139.83157083510363,35.658341526073166],[139.83157458927954,35.65838668502856],[139.83154719860707,35.658388216963374],[139.8315736985486,35.658713163124446],[139.83117310824724,35.6587348797475],[139.83117410192452,35.65874758915569],[139.8311157860248,35.65875065277167],[139.83111468194753,35.65873659129819],[139.83045200102444,35.65877272241206],[139.8304335645764,35.65854746830335],[139.8304272719302,35.65847031043133],[139.8304247328009,35.65843903264899],[139.83040993294844,35.65844074490363],[139.83040397168804,35.65836313634942],[139.8305197194527,35.65835565769461]]]}},{"type":"Feature","properties":{"height":2.6,"gml_id":"bldg_7fb511b1-4a3d-4e11-8219-3f399f99ba69"},"geometry":{"type":"Polygon","coordinates":[[[139.8299856927353,35.65883301235307],[139.82992616320178,35.65882940518283],[139.82992980854908,35.6587891138148],[139.82998933915738,35.6587927209833],[139.8299856927353,35.65883301235307]]]}},{"type":"Feature","properties":{"height":11.9,"gml_id":"bldg_5d28f25f-af1a-4d87-9cf7-97b0d5cd810c"},"geometry":{"type":"Polygon","coordinates":[[[139.83249876597066,35.661890970541],[139.83249622604006,35.66184869604836],[139.83256061893482,35.66184599235454],[139.8325632693502,35.661888266846546],[139.83249876597066,35.661890970541]]]}},{"type":"Feature","properties":{"height":15.1,"gml_id":"bldg_652d3681-2936-42ef-a2c4-abc64a4fc806"},"geometry":{"type":"Polygon","coordinates":[[[139.83158117584017,35.66022729311571],[139.83152120315626,35.66018582897899],[139.83155632655988,35.66015202794031],[139.8316162992347,35.66019358219727],[139.83158117584017,35.66022729311571]]]}},{"type":"Feature","properties":{"height":9.2,"gml_id":"bldg_364296d6-0e1e-4315-9775-8c0dabd11491"},"geometry":{"type":"Polygon","coordinates":[[[139.8306211577062,35.66018022354731],[139.83062027503212,35.66015318227776],[139.830666663506,35.660150749601414],[139.83066754614774,35.66017923307062],[139.8306211577062,35.66018022354731]]]}},{"type":"Feature","properties":{"height":8.3,"gml_id":"bldg_b09ebed7-5427-455e-925b-ea4133346f44"},"geometry":{"type":"Polygon","coordinates":[[[139.83256437408951,35.661864290285706],[139.83255377165625,35.66177640618027],[139.832655276001,35.661768294421854],[139.83266587854442,35.66185617851847],[139.83256437408951,35.661864290285706]]]}},{"type":"Feature","properties":{"height":4.3,"gml_id":"bldg_4e7767c3-c1a1-43a1-96cd-84b7538c5041"},"geometry":{"type":"Polygon","coordinates":[[[139.83271006828986,35.66064842662535],[139.8327081908699,35.66062057413062],[139.83276032290834,35.66061823081515],[139.8327623107962,35.6606459931721],[139.83271006828986,35.66064842662535]]]}},{"type":"Feature","properties":{"height":4.8,"gml_id":"bldg_2cf1d696-64d8-4389-8fcc-8f93fc328f25"},"geometry":{"type":"Polygon","coordinates":[[[139.83565049816337,35.658566049252066],[139.83564618924495,35.65851367943387],[139.8356934601912,35.65851133494114],[139.8356973273576,35.658563794903856],[139.83565049816337,35.658566049252066]]]}},{"type":"Feature","properties":{"height":2.6,"gml_id":"bldg_37a0d8f8-518d-42b4-b093-6364460d29d3"},"geometry":{"type":"Polygon","coordinates":[[[139.83148905169935,35.660660492539925],[139.83149048718965,35.66067572579794],[139.83144818505613,35.66067833913041],[139.83144686002308,35.660663105873624],[139.83148905169935,35.660660492539925]]]}},{"type":"Feature","properties":{"height":8.6,"gml_id":"bldg_16f2e31f-531e-49a2-a344-93ce706746cc"},"geometry":{"type":"Polygon","coordinates":[[[139.83223791071978,35.659702610481304],[139.83253501583826,35.65968503600363],[139.83254970378027,35.659851880621666],[139.83230605500003,35.65986621065282],[139.83230329419422,35.659835203327994],[139.83224994771112,35.65983835767253],[139.83223791071978,35.659702610481304]]]}},{"type":"Feature","properties":{"height":5.4,"gml_id":"bldg_42eb215e-3e92-48da-b1ac-7d0258998092"},"geometry":{"type":"Polygon","coordinates":[[[139.83116068318546,35.660766939439945],[139.8310958492519,35.660771805677264],[139.83109496586795,35.6607642341117],[139.83107077739933,35.66076603640947],[139.83106691264334,35.66073160381555],[139.83107585906112,35.66073088288366],[139.83106647323808,35.660646964703176],[139.83114654909795,35.660640926971915],[139.83116068318546,35.660766939439945]]]}},{"type":"Feature","properties":{"height":5.5,"gml_id":"bldg_d9005c85-9255-4bde-9ed4-4fe7a200b11a"},"geometry":{"type":"Polygon","coordinates":[[[139.83125600101764,35.66076694112187],[139.8312457326722,35.66063443883269],[139.83132050688968,35.66063056419353],[139.8313307753582,35.66076306647643],[139.83125600101764,35.66076694112187]]]}},{"type":"Feature","properties":{"height":6.8,"gml_id":"bldg_840faa7c-586c-4f3f-bc7c-f472d1ea0b80"},"geometry":{"type":"Polygon","coordinates":[[[139.83230018533297,35.66110172523513],[139.83229267577278,35.66102231404574],[139.83237242055398,35.66101726700924],[139.83237993019264,35.6610966781937],[139.83230018533297,35.66110172523513]]]}},{"type":"Feature","properties":{"height":4.6,"gml_id":"bldg_68f6b4ed-80f9-4ff7-b38a-138a71e45912"},"geometry":{"type":"Polygon","coordinates":[[[139.83226715962152,35.66119222298144],[139.83225998117825,35.661132011078344],[139.83229046538304,35.661129577634114],[139.83229764385015,35.661189699397916],[139.83226715962152,35.66119222298144]]]}},{"type":"Feature","properties":{"height":2.7,"gml_id":"bldg_1ffca191-67e6-41e0-86f6-6e4f545b40da"},"geometry":{"type":"Polygon","coordinates":[[[139.83116300590098,35.66064579469417],[139.83121535892792,35.66064237040162],[139.83122032777777,35.660694199546455],[139.83116797471965,35.66069753370364],[139.83116300590098,35.66064579469417]]]}},{"type":"Feature","properties":{"height":6.3,"gml_id":"bldg_96383e84-8c80-4eed-94ac-b466775c3367"},"geometry":{"type":"Polygon","coordinates":[[[139.83233784315624,35.661551241172695],[139.83233221118425,35.66147092863243],[139.83241250864526,35.661467233636536],[139.83241814069845,35.66154745603562],[139.83233784315624,35.661551241172695]]]}},{"type":"Feature","properties":{"height":7.7,"gml_id":"bldg_91157816-5c5c-48b0-876a-e82fb5fe4384"},"geometry":{"type":"Polygon","coordinates":[[[139.8323800370224,35.66140125274856],[139.83243007102067,35.66139908983472],[139.83243426741254,35.66146317761436],[139.83241173552796,35.66146416895632],[139.83241140423593,35.66145903111745],[139.83238390208416,35.66146020269099],[139.8323800370224,35.66140125274856]]]}},{"type":"Feature","properties":{"height":6.2,"gml_id":"bldg_dd633b2e-1f97-400b-b6ba-874fea6b1dac"},"geometry":{"type":"Polygon","coordinates":[[[139.8313960630596,35.6602617228043],[139.8313946278169,35.660237295519316],[139.831450514895,35.66023513310609],[139.83145195015473,35.660259560390415],[139.8313960630596,35.6602617228043]]]}},{"type":"Feature","properties":{"height":53.4,"gml_id":"bldg_78e72c45-ec5f-438e-a35b-313bbfc52b8d"},"geometry":{"type":"Polygon","coordinates":[[[139.8359856367568,35.66324598070439],[139.83598895058597,35.66325337190248],[139.83586215197457,35.663292404148784],[139.83596499090075,35.66351477103531],[139.83449276696078,35.663968005284175],[139.8344765299451,35.66394655272819],[139.8344578629999,35.66392825500316],[139.83443665565596,35.663912030459656],[139.83441323927678,35.66389805936829],[139.83438772431998,35.66388670227657],[139.83436077350603,35.66387795917753],[139.83433260774237,35.6638720103433],[139.83430377929687,35.66386903604344],[139.8342747299811,35.663869036274036],[139.83424590160652,35.66387201103158],[139.8342191718796,35.6638776898901],[139.8342124340448,35.66386308767365],[139.83411523511228,35.66389301397515],[139.8339159734966,35.66346197783605],[139.83402830401187,35.66342745459691],[139.83401593304086,35.66340068384497],[139.83410838195013,35.6633722899885],[139.83412009021447,35.66339752839876],[139.83464761119077,35.66323518624642],[139.83465766275418,35.663256909262415],[139.83469355973713,35.663245912093075],[139.83472272037466,35.6633090981142],[139.83510090854077,35.663192635568166],[139.83511096021965,35.663214268409014],[139.8351417763271,35.663204713380125],[139.83517115821672,35.66326825983957],[139.83544894486454,35.66318271483686],[139.8354889310775,35.66326924608264],[139.8359043401309,35.663141332883974],[139.83592289747168,35.66318135351593],[139.8359516148888,35.663172429287044],[139.8359856367568,35.66324598070439]]]}},{"type":"Feature","properties":{"height":16.7,"gml_id":"bldg_7d913efd-59d7-42fe-894c-6b2ad467c778"},"geometry":{"type":"Polygon","coordinates":[[[139.83066709629327,35.660421702927295],[139.83065495167037,35.6602791952764],[139.8309094259789,35.66026468853014],[139.83092157105173,35.66040719615574],[139.83066709629327,35.660421702927295]]]}},{"type":"Feature","properties":{"height":9.4,"gml_id":"bldg_3a921192-d2f3-421c-bac8-49ffacdce9dd"},"geometry":{"type":"Polygon","coordinates":[[[139.83063706354577,35.660143267529904],[139.83063176428976,35.66007575442382],[139.83068908713238,35.6600727811586],[139.83068985996255,35.66008215547561],[139.83078871149166,35.660077109904876],[139.83078948431918,35.660086934908726],[139.83081113225205,35.66008585371405],[139.83081488598845,35.660133987217485],[139.83063706354577,35.660143267529904]]]}},{"type":"Feature","properties":{"height":25.7,"gml_id":"bldg_22c587a8-b647-4363-afbc-4f77f780714b"},"geometry":{"type":"Polygon","coordinates":[[[139.83088555858274,35.66060793162781],[139.83085397061575,35.660591796370454],[139.83085430243682,35.66057647300355],[139.8308103436602,35.66057710305308],[139.83080979063743,35.660601800714446],[139.83076207651692,35.66060423341744],[139.83074981728842,35.66058467331919],[139.8306446696594,35.66058584280496],[139.83063826672827,35.66049300104374],[139.8306937122741,35.66048885594708],[139.8306951473701,35.660511390352],[139.83075048242733,35.66050877756419],[139.8307466177108,35.66047777018329],[139.83133663716447,35.660442177100926],[139.83135187593786,35.660570983831285],[139.83088555858274,35.66060793162781]]]}},{"type":"Feature","properties":{"height":11.8,"gml_id":"bldg_9fe16892-d673-47ff-a5c2-71015f5929ac"},"geometry":{"type":"Polygon","coordinates":[[[139.83168499782028,35.660215486569264],[139.83168157473287,35.66017564574803],[139.8317742411997,35.66017032887095],[139.83177766433113,35.660210259827075],[139.83168499782028,35.660215486569264]]]}},{"type":"Feature","properties":{"height":19.2,"gml_id":"bldg_9954bb07-cc30-4845-a8e8-47dea1412cc2"},"geometry":{"type":"Polygon","coordinates":[[[139.83134937445573,35.65900042790951],[139.83132132088758,35.65900195978186],[139.83132496450912,35.6590470286007],[139.83129834673792,35.659048470354115],[139.8312747185842,35.65875579343198],[139.83147385410786,35.65874507030645],[139.83149582674227,35.6590175563612],[139.83146158813298,35.65901935858425],[139.83145960066824,35.65899448059885],[139.83145418876092,35.65899475092707],[139.83134937445573,35.65900042790951]]]}},{"type":"Feature","properties":{"height":6.7,"gml_id":"bldg_17c6473c-ce59-4dc3-b649-7416ca18cee1"},"geometry":{"type":"Polygon","coordinates":[[[139.83717799687537,35.659096469473326],[139.83718087050613,35.65913829318831],[139.83706788330363,35.6591434345834],[139.83706500973156,35.65910161086573],[139.83717799687537,35.659096469473326]]]}},{"type":"Feature","properties":{"height":8.4,"gml_id":"bldg_6b3aa246-fe99-4cca-bcea-0ec345329cfb"},"geometry":{"type":"Polygon","coordinates":[[[139.83007207861172,35.65842649449949],[139.8299723460424,35.658418649792736],[139.82998074295742,35.65834672028132],[139.83008003359168,35.65835609730721],[139.83008003346373,35.65835925212062],[139.83007207861172,35.65842649449949]]]}},{"type":"Feature","properties":{"height":30.7,"gml_id":"bldg_d5f4703c-2392-4369-9858-c3c9e22dd2c8"},"geometry":{"type":"Polygon","coordinates":[[[139.829317605733,35.66093301547631],[139.82895698902414,35.66090866578965],[139.82897080266093,35.66077192772043],[139.8293314187592,35.66079627736623],[139.829317605733,35.66093301547631]]]}},{"type":"Feature","properties":{"height":30.8,"gml_id":"bldg_2e6f5683-f76d-4287-a2bf-15b4a5fcc64d"},"geometry":{"type":"Polygon","coordinates":[[[139.82975010610983,35.661388944515615],[139.82962264683925,35.66138190993217],[139.8296375659752,35.661200643914654],[139.829765024959,35.661207678482484],[139.82975010610983,35.661388944515615]]]}},{"type":"Feature","properties":{"height":19.3,"gml_id":"bldg_6f1de019-bebc-4a3d-87f9-6fdfc6948067"},"geometry":{"type":"Polygon","coordinates":[[[139.8302281326524,35.66144493316551],[139.82988452252147,35.661425003432214],[139.82988805868138,35.66138426139232],[139.8299091546291,35.66138543378127],[139.82991169626925,35.66135532793492],[139.83021521276333,35.66137291298496],[139.83021233973838,35.66140680460322],[139.8302313371449,35.66140788674383],[139.8302281326524,35.66144493316551]]]}},{"type":"Feature","properties":{"height":6.4,"gml_id":"bldg_6465bfdf-33de-43b6-be4c-534a7a978d33"},"geometry":{"type":"Polygon","coordinates":[[[139.83078027206798,35.661501552473766],[139.83092076789538,35.66140501812971],[139.8310323195736,35.66151318528825],[139.83104424845388,35.661504983005024],[139.83107550506912,35.661535269787905],[139.83092308028947,35.66164000658264],[139.83078027206798,35.661501552473766]]]}},{"type":"Feature","properties":{"height":3.9,"gml_id":"bldg_572dc3cf-77e3-4f20-8fee-d785de986a60"},"geometry":{"type":"Polygon","coordinates":[[[139.82935040696356,35.65875529447632],[139.8292469186552,35.65875168550843],[139.82925111888397,35.65868768801127],[139.82935460707864,35.65869192793825],[139.82935040696356,35.65875529447632]]]}},{"type":"Feature","properties":{"height":8.1,"gml_id":"bldg_984ebea5-dd65-4f35-8f46-1835e1bf1b44"},"geometry":{"type":"Polygon","coordinates":[[[139.82907869265847,35.6590493137666],[139.82903617086404,35.65904345331833],[139.82904180514294,35.659015781301854],[139.82908443737008,35.65902164175207],[139.82907869265847,35.6590493137666]]]}},{"type":"Feature","properties":{"height":6.7,"gml_id":"bldg_97a81de4-e378-4e4e-b942-606825196252"},"geometry":{"type":"Polygon","coordinates":[[[139.8318589745303,35.65912194059737],[139.83185455756887,35.65907182408491],[139.83190547372075,35.659068760023835],[139.83190989071386,35.659118876534464],[139.8318589745303,35.65912194059737]]]}},{"type":"Feature","properties":{"height":9.2,"gml_id":"bldg_cec850f0-6ecf-4526-b366-2b47aae77601"},"geometry":{"type":"Polygon","coordinates":[[[139.82955879420655,35.6592981994466],[139.82953074060688,35.65929747746396],[139.82953184657586,35.659265929369624],[139.82956001061183,35.659266651355466],[139.82955879420655,35.6592981994466]]]}},{"type":"Feature","properties":{"height":7.5,"gml_id":"bldg_af8f709e-adc7-4291-8bba-9d14f7f245e8"},"geometry":{"type":"Polygon","coordinates":[[[139.83344389365118,35.661106777315275],[139.83343737696268,35.660994015326494],[139.8336554046536,35.66098355899232],[139.83366357839483,35.661096140689985],[139.83344389365118,35.661106777315275]]]}},{"type":"Feature","properties":{"height":5.7,"gml_id":"bldg_09e1f468-0475-4235-a5c5-a220d6c7d4d2"},"geometry":{"type":"Polygon","coordinates":[[[139.83701634849754,35.662507367259515],[139.83701314369566,35.66247032085977],[139.83705754518016,35.6624677956458],[139.83706075000248,35.66250484204438],[139.83701634849754,35.662507367259515]]]}},{"type":"Feature","properties":{"height":11.1,"gml_id":"bldg_db93f421-a9e7-4a32-a57c-8ced052ece32"},"geometry":{"type":"Polygon","coordinates":[[[139.83697634635476,35.662098054239415],[139.83697468855087,35.662075249509606],[139.8371158448548,35.66206821443598],[139.83711761315413,35.66209110929785],[139.83697634635476,35.662098054239415]]]}},{"type":"Feature","properties":{"height":2.7,"gml_id":"bldg_df9d985c-8a22-4138-ab8d-bc0442ad4d1d"},"geometry":{"type":"Polygon","coordinates":[[[139.83714889157542,35.66252674268759],[139.83714568702862,35.662496366463834],[139.83718180463572,35.66249375132855],[139.83718511964793,35.662524127547854],[139.83714889157542,35.66252674268759]]]}},{"type":"Feature","properties":{"height":4.8,"gml_id":"bldg_8294e879-5384-4c50-a5cb-82db0eb27469"},"geometry":{"type":"Polygon","coordinates":[[[139.83350022017945,35.65971090799824],[139.8334984529765,35.659693511462024],[139.83348243802965,35.659694502995485],[139.83347835138053,35.65965249892253],[139.83352716932944,35.65964934404113],[139.83353291276603,35.659708744648356],[139.83350022017945,35.65971090799824]]]}},{"type":"Feature","properties":{"height":3.0,"gml_id":"bldg_ba62eed3-78df-425b-8569-82c4fee7d409"},"geometry":{"type":"Polygon","coordinates":[[[139.83715259513,35.66375820046986],[139.8371488375404,35.66371259104164],[139.8372315669558,35.66370799138226],[139.83723543504576,35.66375360080437],[139.83715259513,35.66375820046986]]]}},{"type":"Feature","properties":{"height":8.2,"gml_id":"bldg_b19084a1-d331-4727-81f1-ebe69125fc31"},"geometry":{"type":"Polygon","coordinates":[[[139.83711332110082,35.662420922426314],[139.8371110003546,35.662394151671975],[139.83714181628105,35.66239243808951],[139.8371441370332,35.66241911870581],[139.83711332110082,35.662420922426314]]]}},{"type":"Feature","properties":{"height":3.7,"gml_id":"bldg_c2177924-2568-410c-b354-2fc015cdea70"},"geometry":{"type":"Polygon","coordinates":[[[139.83680307183414,35.66264041648848],[139.83677866151288,35.6626303217936],[139.83679544904828,35.66260337021096],[139.83678561865202,35.66259931430737],[139.83680549860898,35.662567224799126],[139.8368191948888,35.662572903063605],[139.83683410483908,35.66254874579102],[139.83685862559432,35.662558840471554],[139.83684702896963,35.66257758940275],[139.83686238206045,35.66258389857619],[139.8368337770321,35.66263004979176],[139.83681444758992,35.662622028117944],[139.83680307183414,35.66264041648848]]]}},{"type":"Feature","properties":{"height":5.6,"gml_id":"bldg_78d6942b-23f3-4898-93b0-b5160d07f1b3"},"geometry":{"type":"Polygon","coordinates":[[[139.83727137513216,35.662373685329605],[139.83723028720678,35.662375219003145],[139.83722851850126,35.662344752596866],[139.83726960640664,35.66234312878647],[139.83727137513216,35.662373685329605]]]}},{"type":"Feature","properties":{"height":6.0,"gml_id":"bldg_fd166514-55a7-47c7-8c4f-5d89f74a7c0e"},"geometry":{"type":"Polygon","coordinates":[[[139.8349042848476,35.662283151318746],[139.83489909268968,35.66223510811617],[139.83496050359062,35.66223069056612],[139.834965695785,35.66227873376609],[139.8349042848476,35.662283151318746]]]}},{"type":"Feature","properties":{"height":2.9,"gml_id":"bldg_fe2b4a72-426c-4f15-8d6e-e255c8e458c1"},"geometry":{"type":"Polygon","coordinates":[[[139.83635943487675,35.663929664431244],[139.83634938269344,35.66390595853599],[139.83639731908914,35.66389234657199],[139.83640748174213,35.66391614259789],[139.83635943487675,35.663929664431244]]]}},{"type":"Feature","properties":{"height":4.1,"gml_id":"bldg_c5ac8de6-498f-4902-a3ee-5e5e9a1b0a40"},"geometry":{"type":"Polygon","coordinates":[[[139.8343059946378,35.6643857939663],[139.83427583983675,35.66432161635157],[139.83438386369494,35.66428781391883],[139.83441401856973,35.66435199150687],[139.8343059946378,35.6643857939663]]]}},{"type":"Feature","properties":{"height":7.6,"gml_id":"bldg_952b688a-0774-438b-9ca3-9be5de3e1f84"},"geometry":{"type":"Polygon","coordinates":[[[139.83394523770204,35.66269274464765],[139.83393938299199,35.66259332305692],[139.83393971434637,35.662593142780324],[139.8339291095611,35.662404485121215],[139.8340719234997,35.66239889580713],[139.83409776917918,35.66239826468358],[139.83410274024953,35.66247605328412],[139.83406927338305,35.66247767596764],[139.83407932573706,35.66261143990126],[139.83403713311412,35.66261351331687],[139.8340427668202,35.66268778655224],[139.83394523770204,35.66269274464765]]]}},{"type":"Feature","properties":{"height":5.0,"gml_id":"bldg_dc38fa21-d306-4d76-9dd2-e8fe19fd2b8b"},"geometry":{"type":"Polygon","coordinates":[[[139.8288596080321,35.66027130000203],[139.82885949864422,35.66025228098599],[139.82888578543768,35.66025219182218],[139.82888589483676,35.66027112070068],[139.8288596080321,35.66027130000203]]]}},{"type":"Feature","properties":{"height":7.6,"gml_id":"bldg_b096ab07-4c37-472c-9f7c-c68f253abaf6"},"geometry":{"type":"Polygon","coordinates":[[[139.8334533921243,35.66096282774118],[139.8334508517171,35.660918570237406],[139.83349072402285,35.6609170378546],[139.8334931540024,35.66096129535769],[139.8334533921243,35.66096282774118]]]}},{"type":"Feature","properties":{"height":6.3,"gml_id":"bldg_7c3ef3b3-3e51-4307-bf3a-dab95e6e84db"},"geometry":{"type":"Polygon","coordinates":[[[139.8334330715498,35.66270356265629],[139.8334275488719,35.66264010588794],[139.83348387937355,35.66263586937],[139.83350365027363,35.662634337006786],[139.83352331072115,35.662632894778],[139.83352927528034,35.662695450166694],[139.8334330715498,35.66270356265629]]]}},{"type":"Feature","properties":{"height":6.0,"gml_id":"bldg_d33f6d43-f1aa-409d-990d-96d1e4302d98"},"geometry":{"type":"Polygon","coordinates":[[[139.82950942419882,35.65929882885168],[139.82940041278243,35.65929585080307],[139.8294046146523,35.65919642926376],[139.8295135154865,35.6591994073051],[139.82950942419882,35.65929882885168]]]}},{"type":"Feature","properties":{"height":17.0,"gml_id":"bldg_8fbef330-15d8-4717-b815-28df794830c3"},"geometry":{"type":"Polygon","coordinates":[[[139.82452161634998,35.66134820371339],[139.82752971625516,35.66150432409054],[139.82752805792006,35.66152613728042],[139.8274390351993,35.661521535944665],[139.8274363819035,35.661555337369094],[139.82716986594275,35.66154153298941],[139.8271724088515,35.661508362527485],[139.82451984667054,35.661370737954066],[139.82452161634998,35.66134820371339]]]}},{"type":"Feature","properties":{"height":5.3,"gml_id":"bldg_8c14bad6-89b6-41c2-87e3-39c6003c4b8e"},"geometry":{"type":"Polygon","coordinates":[[[139.8275471584586,35.658566473367955],[139.8275470450212,35.658607936622836],[139.8274466492261,35.658607841619755],[139.8274467627154,35.658566378364974],[139.8275471584586,35.658566473367955]]]}},{"type":"Feature","properties":{"height":5.0,"gml_id":"bldg_76c2d67c-7fa3-4e70-ae34-f8bb6ee25cb1"},"geometry":{"type":"Polygon","coordinates":[[[139.83523729552962,35.662259800910114],[139.83523121968852,35.662217075846264],[139.83527904503407,35.66221256820963],[139.83528512089813,35.66225520313363],[139.83523729552962,35.662259800910114]]]}},{"type":"Feature","properties":{"height":6.3,"gml_id":"bldg_93a255f8-3f79-4662-a1d6-149431b8198e"},"geometry":{"type":"Polygon","coordinates":[[[139.83544660108825,35.66226169030582],[139.83544185047884,35.66221617096786],[139.83548128155226,35.66221337600949],[139.83548603218392,35.662258895345936],[139.83544660108825,35.66226169030582]]]}},{"type":"Feature","properties":{"height":17.1,"gml_id":"bldg_55f9dec1-510c-4fb0-b3ba-12f6c42d9855"},"geometry":{"type":"Polygon","coordinates":[[[139.8352574007458,35.66238698455588],[139.83525629542766,35.6623535435737],[139.83529815655407,35.66235255138584],[139.83529937234124,35.662385992365856],[139.8352574007458,35.66238698455588]]]}},{"type":"Feature","properties":{"height":7.8,"gml_id":"bldg_dc6c2b6b-f517-46a8-b540-f2f39d3e44eb"},"geometry":{"type":"Polygon","coordinates":[[[139.8334474304934,35.66282651013891],[139.83344378550643,35.66278063017548],[139.83345306348832,35.662780179479334],[139.83345107531335,35.66275575222964],[139.83351889291808,35.662752056508374],[139.83352054974722,35.66277224729685],[139.8335280604933,35.662771886735115],[139.83353203689128,35.662820380681815],[139.83352563066663,35.66282227357887],[139.8334474304934,35.66282651013891]]]}},{"type":"Feature","properties":{"height":3.3,"gml_id":"bldg_8d17ca37-214d-4da7-9eb1-01dea1d86c85"},"geometry":{"type":"Polygon","coordinates":[[[139.83340115124648,35.66311044316311],[139.83340070941972,35.663091063610565],[139.83342534034912,35.66309061290698],[139.833425782182,35.6631100825969],[139.83340115124648,35.66311044316311]]]}},{"type":"Feature","properties":{"height":1.7,"gml_id":"bldg_69970ee9-3ab2-4c01-8174-75bb60f66283"},"geometry":{"type":"Polygon","coordinates":[[[139.83433105108435,35.66304355705731],[139.83432928353483,35.6630186791341],[139.83436275062297,35.663017146515905],[139.83436462863534,35.663042024437694],[139.83433105108435,35.66304355705731]]]}},{"type":"Feature","properties":{"height":5.3,"gml_id":"bldg_a14931e8-2ee2-41cc-84e8-fe05c11bc7d7"},"geometry":{"type":"Polygon","coordinates":[[[139.8277290603102,35.65861398444456],[139.82763175700748,35.65861388973966],[139.8276318704011,35.65857242648474],[139.8277322661521,35.6585725213334],[139.82773215281037,35.65861398458843],[139.8277290603102,35.65861398444456]]]}},{"type":"Feature","properties":{"height":3.4,"gml_id":"bldg_4041a9fe-763e-4ca8-b4c1-046667d4dcfc"},"geometry":{"type":"Polygon","coordinates":[[[139.82993795964612,35.66191688515895],[139.82994160579793,35.66188686948324],[139.83004355167736,35.661895164958864],[139.83003990556332,35.66192518063763],[139.82993795964612,35.66191688515895]]]}},{"type":"Feature","properties":{"height":12.7,"gml_id":"bldg_2cba8112-fa7b-4cd8-a0ec-d6bea1234ddd"},"geometry":{"type":"Polygon","coordinates":[[[139.8336199498495,35.66085736659925],[139.83361685716307,35.66082915357257],[139.83362359454713,35.6608195989827],[139.833673186345,35.66081599335339],[139.83367661043783,35.66085322012659],[139.8336199498495,35.66085736659925]]]}},{"type":"Feature","properties":{"height":2.6,"gml_id":"bldg_c9614983-7895-4656-b8e1-dbe6c99a5a90"},"geometry":{"type":"Polygon","coordinates":[[[139.83597331233278,35.664652215210374],[139.83594890208278,35.66465987742473],[139.83593166995723,35.66462337213792],[139.83595596974308,35.6646157099294],[139.83597331233278,35.664652215210374]]]}},{"type":"Feature","properties":{"height":5.9,"gml_id":"bldg_6307cc70-5982-4e3b-967f-b113654286dd"},"geometry":{"type":"Polygon","coordinates":[[[139.82988208063006,35.65913668272177],[139.8300318470278,35.65913533485792],[139.8300323977427,35.65917229125381],[139.82988263127595,35.65917363911831],[139.82988208063006,35.65913668272177]]]}},{"type":"Feature","properties":{"height":18.2,"gml_id":"bldg_bef72c60-6dea-4edd-bff6-c6df744a8457"},"geometry":{"type":"Polygon","coordinates":[[[139.82951540733805,35.65890006067573],[139.8291106203455,35.658887968735236],[139.8291119472205,35.65885921491344],[139.82901994520418,35.6588565075278],[139.82902193556671,35.65881333172758],[139.82901674457622,35.658813241404104],[139.82901906669633,35.65876231378878],[139.82966396374138,35.65878162459407],[139.82966363197252,35.65879099888601],[139.829711234426,35.65879244252744],[139.82970902317905,35.65884364057176],[139.82951817146272,35.65883795601318],[139.82951540733805,35.65890006067573]]]}},{"type":"Feature","properties":{"height":2.6,"gml_id":"bldg_99200741-a348-4ed8-8787-eb39858286d4"},"geometry":{"type":"Polygon","coordinates":[[[139.8328099182075,35.660064967088616],[139.83280870340383,35.6600452269707],[139.83287033363013,35.66004252309839],[139.8328716588968,35.66006235335361],[139.8328099182075,35.660064967088616]]]}},{"type":"Feature","properties":{"height":8.7,"gml_id":"bldg_18749479-92d4-44ba-af54-cc37a16c8746"},"geometry":{"type":"Polygon","coordinates":[[[139.83295625537983,35.66155430937117],[139.83292367258733,35.66153465929446],[139.8329151684703,35.661425683052855],[139.8329393572058,35.6614016164272],[139.83305444640635,35.66139729014967],[139.83307852450582,35.66141585852396],[139.83308724973745,35.66152717832912],[139.83306869399726,35.66154691839754],[139.83295625537983,35.66155430937117]]]}},{"type":"Feature","properties":{"height":8.3,"gml_id":"bldg_845cd64c-017e-4659-854e-c3249a86c0f8"},"geometry":{"type":"Polygon","coordinates":[[[139.8329818786227,35.66184401129634],[139.83295271968404,35.66182409082599],[139.8329420064788,35.661715925821795],[139.83296475943254,35.66169240001237],[139.83307631462935,35.661687532878425],[139.83310392724707,35.661704749192104],[139.83311375706444,35.66181219308069],[139.83308824285166,35.661834727399985],[139.8329818786227,35.66184401129634]]]}},{"type":"Feature","properties":{"height":4.4,"gml_id":"bldg_c6e01b60-3bda-4728-951c-390feb06ff5b"},"geometry":{"type":"Polygon","coordinates":[[[139.83283664960405,35.65960057878156],[139.83283245287777,35.659554157947674],[139.83290579019402,35.65954974239385],[139.8329099869625,35.65959616232383],[139.83283664960405,35.65960057878156]]]}},{"type":"Feature","properties":{"height":6.3,"gml_id":"bldg_c4d32951-8d75-41e6-a51c-5dea4ee77743"},"geometry":{"type":"Polygon","coordinates":[[[139.83315065240745,35.659721183650944],[139.833146676356,35.659688914417764],[139.83316920773464,35.65968702156295],[139.83316633613862,35.65966313511983],[139.83321150932707,35.65965952967374],[139.83321250334544,35.65966782232533],[139.83323912128864,35.65966565904895],[139.8332430973761,35.6596979282792],[139.83323039586313,35.6596989197816],[139.8332322734583,35.65971451357168],[139.83315065240745,35.659721183650944]]]}},{"type":"Feature","properties":{"height":7.4,"gml_id":"bldg_43d0585f-25a4-44be-bb0e-0e7e20744e70"},"geometry":{"type":"Polygon","coordinates":[[[139.83363099496688,35.660901804354154],[139.8336625835443,35.66090081275957],[139.83366512409992,35.66095282208289],[139.83363353550234,35.660953903815624],[139.83363099496688,35.660901804354154]]]}},{"type":"Feature","properties":{"height":4.8,"gml_id":"bldg_85c673ac-19d7-4a13-a36a-81a24204c56a"},"geometry":{"type":"Polygon","coordinates":[[[139.83285587269683,35.65873093302618],[139.832850461124,35.658679373441295],[139.83294478248817,35.65867288388103],[139.83295019412162,35.65872435242282],[139.83285587269683,35.65873093302618]]]}},{"type":"Feature","properties":{"height":6.0,"gml_id":"bldg_3564ec4d-f825-4ec0-86be-ab9034ca12a6"},"geometry":{"type":"Polygon","coordinates":[[[139.8331461207687,35.661123182242726],[139.83313496562334,35.661004471156495],[139.833227301603,35.66099861233658],[139.83323856733406,35.661117323414445],[139.8331461207687,35.661123182242726]]]}},{"type":"Feature","properties":{"height":6.1,"gml_id":"bldg_652768be-3835-4c30-b4aa-540067f5d454"},"geometry":{"type":"Polygon","coordinates":[[[139.8328845756905,35.66107621992245],[139.8328755194052,35.66097102944212],[139.833046385097,35.660961204984396],[139.83305544160527,35.66106639545205],[139.8328845756905,35.66107621992245]]]}},{"type":"Feature","properties":{"height":4.6,"gml_id":"bldg_2cd0098c-3443-437e-89ed-3b78bfddf4e2"},"geometry":{"type":"Polygon","coordinates":[[[139.83189349247658,35.66201905017309],[139.83188763760677,35.662072321348155],[139.83185626950814,35.66207006753075],[139.8318621244003,35.662016706219724],[139.83189349247658,35.66201905017309]]]}},{"type":"Feature","properties":{"height":9.4,"gml_id":"bldg_671786b1-92b4-4269-be9e-7982ea61c5d8"},"geometry":{"type":"Polygon","coordinates":[[[139.82539807346728,35.66657812916042],[139.82539344005758,35.66651953954311],[139.8254481167244,35.66651656860152],[139.82545286063126,35.666575158224006],[139.82539807346728,35.66657812916042]]]}},{"type":"Feature","properties":{"height":3.8,"gml_id":"bldg_b3035dfd-6e17-46b8-be21-a06d9587936f"},"geometry":{"type":"Polygon","coordinates":[[[139.83359058855018,35.66655441379247],[139.83355468969063,35.66647689569664],[139.83367486703622,35.666439848942495],[139.83371076599494,35.66651727686558],[139.83359058855018,35.66655441379247]]]}},{"type":"Feature","properties":{"height":5.7,"gml_id":"bldg_48841337-8d46-4f10-a5a8-e042d264fa6b"},"geometry":{"type":"Polygon","coordinates":[[[139.83541251292934,35.659595784569525],[139.835408646107,35.659551346844886],[139.83555388463466,35.65954296146618],[139.8356180548441,35.65954602494114],[139.83561595715827,35.659574868983476],[139.83552008890453,35.65958956317618],[139.83541251292934,35.659595784569525]]]}},{"type":"Feature","properties":{"height":3.4,"gml_id":"bldg_809e7380-71ea-43f3-9052-dd4d2568d906"},"geometry":{"type":"Polygon","coordinates":[[[139.83372048622036,35.666513400926355],[139.83368591273972,35.66643579272743],[139.83371993351096,35.66642569723366],[139.83375450702016,35.666503305422935],[139.83372048622036,35.666513400926355]]]}},{"type":"Feature","properties":{"height":3.4,"gml_id":"bldg_8c744e5f-6b0f-41b7-abc1-0be92759db44"},"geometry":{"type":"Polygon","coordinates":[[[139.833543202134,35.666476445030185],[139.83351150074733,35.666408030791025],[139.833687458778,35.66635367754648],[139.83371916029327,35.66642209173994],[139.833543202134,35.666476445030185]]]}},{"type":"Feature","properties":{"height":8.1,"gml_id":"bldg_db76c296-707a-43a2-b29c-b2ff7055ad55"},"geometry":{"type":"Polygon","coordinates":[[[139.82920370649654,35.6592863797797],[139.8291202083437,35.65928538537489],[139.82912198127994,35.65917532753367],[139.82920558977005,35.659176231803535],[139.82920370649654,35.6592863797797]]]}},{"type":"Feature","properties":{"height":3.4,"gml_id":"bldg_5c832f99-4b01-4d8e-9f63-c483d447aef1"},"geometry":{"type":"Polygon","coordinates":[[[139.83505598206904,35.659344216408584],[139.83505465583124,35.65930374468485],[139.83510016013207,35.65930275251323],[139.83510148639283,35.659343224236466],[139.83505598206904,35.659344216408584]]]}},{"type":"Feature","properties":{"height":9.4,"gml_id":"bldg_556bffff-9be7-431e-9dd2-9c5ffdf32987"},"geometry":{"type":"Polygon","coordinates":[[[139.8297809279184,35.658755488220315],[139.82946737035715,35.65874673522341],[139.82947024520337,35.658679582862774],[139.82978380250637,35.658688245714735],[139.8297809279184,35.658755488220315]]]}},{"type":"Feature","properties":{"height":2.5,"gml_id":"bldg_94568b5d-53bc-4c60-8aad-11a39caa944b"},"geometry":{"type":"Polygon","coordinates":[[[139.82985072957024,35.65876973198723],[139.82982201346894,35.658769100190746],[139.82982223469762,35.658761438508],[139.8297998140539,35.65876089702712],[139.82980235771115,35.65868400979671],[139.82985349440446,35.65868518307295],[139.82985072957024,35.65876973198723]]]}},{"type":"Feature","properties":{"height":5.2,"gml_id":"bldg_81cd49e9-9235-462b-b0ea-685fe7676966"},"geometry":{"type":"Polygon","coordinates":[[[139.8293399323133,35.658398169264494],[139.8292172272831,35.658385906429686],[139.8292281652087,35.658312444719236],[139.82935087012825,35.65832470754305],[139.8293399323133,35.658398169264494]]]}},{"type":"Feature","properties":{"height":7.2,"gml_id":"bldg_3bde523d-d693-4917-a3c9-7c2f39cc4975"},"geometry":{"type":"Polygon","coordinates":[[[139.8341422548349,35.659784908288856],[139.83413816785284,35.65974461685152],[139.834185881351,35.65974137157301],[139.83418985790016,35.65978085177199],[139.8341422548349,35.659784908288856]]]}},{"type":"Feature","properties":{"height":9.8,"gml_id":"bldg_816b40f2-e116-42ec-b247-5bbc542ea7e2"},"geometry":{"type":"Polygon","coordinates":[[[139.82991093787012,35.65842108177645],[139.8296625454371,35.65839917104283],[139.82967204709652,35.65832706131134],[139.82992043931267,35.658348881888095],[139.82991093787012,35.65842108177645]]]}},{"type":"Feature","properties":{"height":3.0,"gml_id":"bldg_e46c43d9-8c77-428e-9ba0-c8dd627d584b"},"geometry":{"type":"Polygon","coordinates":[[[139.82984322639487,35.65860432941884],[139.82978170780171,35.65860288541994],[139.82978425128388,35.658530234651494],[139.8298457698214,35.65853167864912],[139.82984322639487,35.65860432941884]]]}},{"type":"Feature","properties":{"height":8.4,"gml_id":"bldg_fcb2e150-215a-4e95-acca-f7120482b7aa"},"geometry":{"type":"Polygon","coordinates":[[[139.82999829309256,35.65860622670088],[139.82986542615686,35.65860360895997],[139.82986785954137,35.658521133196544],[139.83000403972986,35.65852375102643],[139.83000348684723,35.65853943494021],[139.83003794607336,35.65854015698825],[139.8300363977685,35.658590183271095],[139.82999873557898,35.65858937099643],[139.82999829309256,35.65860622670088]]]}},{"type":"Feature","properties":{"height":7.4,"gml_id":"bldg_85f7a548-9d7c-4045-83ee-56e7bcd48487"},"geometry":{"type":"Polygon","coordinates":[[[139.8300642226061,35.65877803062364],[139.8298741440734,35.65877405926299],[139.82987646659967,35.65870104793824],[139.83006643451296,35.65870501929224],[139.8300642226061,35.65877803062364]]]}},{"type":"Feature","properties":{"height":5.2,"gml_id":"bldg_7cda4635-3e4e-48ab-8d7c-5fc4a72dd339"},"geometry":{"type":"Polygon","coordinates":[[[139.83438722632252,35.65961121142025],[139.83438424378053,35.659576778918435],[139.8344597899871,35.65957236149761],[139.83446277256135,35.659606793997575],[139.83438722632252,35.65961121142025]]]}},{"type":"Feature","properties":{"height":2.3,"gml_id":"bldg_af1f19a1-859e-42b4-a7ba-1c467b313d73"},"geometry":{"type":"Polygon","coordinates":[[[139.8298362591296,35.65881398908997],[139.82978313439347,35.658811012997475],[139.82978512347884,35.658787397026],[139.82983824819547,35.65879046325516],[139.8298362591296,35.65881398908997]]]}},{"type":"Feature","properties":{"height":3.8,"gml_id":"bldg_d152b145-b3c1-458e-beb6-ba45c86386cf"},"geometry":{"type":"Polygon","coordinates":[[[139.82991975619072,35.65882931486387],[139.8298803267657,35.658827961677],[139.8298816531427,35.65880434568502],[139.82992097210942,35.65880569886831],[139.82991975619072,35.65882931486387]]]}},{"type":"Feature","properties":{"height":8.3,"gml_id":"bldg_8fc1667f-d506-4e7f-92fe-7cd9fced019a"},"geometry":{"type":"Polygon","coordinates":[[[139.8290044058187,35.66028022890626],[139.8289185872204,35.66027905400334],[139.82891936221668,35.660245342607716],[139.82897292978797,35.66024606565917],[139.82897326189843,35.66023200422154],[139.82900540243506,35.6602324560684],[139.8290044058187,35.66028022890626]]]}},{"type":"Feature","properties":{"height":9.7,"gml_id":"bldg_9046179f-f432-48dc-ab24-0d8f53f540a8"},"geometry":{"type":"Polygon","coordinates":[[[139.82989621801266,35.65913325790055],[139.82989412245797,35.659064663191884],[139.83006332749073,35.65906115254207],[139.83006542319006,35.65912974724784],[139.82989621801266,35.65913325790055]]]}},{"type":"Feature","properties":{"height":3.6,"gml_id":"bldg_29bb51db-a07a-4667-931b-ff538dc5e932"},"geometry":{"type":"Polygon","coordinates":[[[139.83449646055539,35.65970432245905],[139.83455477698226,35.65969882349382],[139.8345611836424,35.659743261218956],[139.83450275673698,35.6597488503258],[139.83449646055539,35.65970432245905]]]}},{"type":"Feature","properties":{"height":31.4,"gml_id":"bldg_5d5d6a36-c266-4092-9670-b7ebb7d7b036"},"geometry":{"type":"Polygon","coordinates":[[[139.8362192526888,35.66654401368434],[139.83619671949754,35.66654707889398],[139.83617738605153,35.66645099287958],[139.83619991921975,35.66644801781093],[139.8362192526888,35.66654401368434]]]}},{"type":"Feature","properties":{"height":6.2,"gml_id":"bldg_7497ad24-3b1a-4e04-bdbd-89ff5d423dab"},"geometry":{"type":"Polygon","coordinates":[[[139.829131814259,35.65911466533009],[139.82911491745125,35.65908419825938],[139.82915688814515,35.65906878620712],[139.82917367451853,35.659099253268195],[139.829131814259,35.65911466533009]]]}},{"type":"Feature","properties":{"height":2.8,"gml_id":"bldg_b239cbc2-0c85-4549-9e6e-d595e85cc199"},"geometry":{"type":"Polygon","coordinates":[[[139.82937754815256,35.66157632867309],[139.82932386933774,35.66157362277353],[139.82932806922548,35.661518188364234],[139.82938174800333,35.661520894261926],[139.82937754815256,35.66157632867309]]]}},{"type":"Feature","properties":{"height":7.2,"gml_id":"bldg_8ba4a737-8b54-4c3e-8bce-75cb5d565011"},"geometry":{"type":"Polygon","coordinates":[[[139.83568454425978,35.659542237886036],[139.83568089831127,35.65950212676585],[139.83578383533325,35.65949572495212],[139.8357874813357,35.65953592620676],[139.83568454425978,35.659542237886036]]]}},{"type":"Feature","properties":{"height":6.4,"gml_id":"bldg_e4e2f452-673b-4ff3-8afa-d7d2ced5168e"},"geometry":{"type":"Polygon","coordinates":[[[139.828864222198,35.6607142358186],[139.82876967785606,35.66070927471092],[139.82877420955222,35.66065167702573],[139.82886886427076,35.660656728271505],[139.828864222198,35.6607142358186]]]}},{"type":"Feature","properties":{"height":10.1,"gml_id":"bldg_c966c317-214d-44b0-919a-16133be5a6ce"},"geometry":{"type":"Polygon","coordinates":[[[139.83041089220896,35.659394670275915],[139.8302351703664,35.65939088010804],[139.83023594438305,35.659367985200234],[139.83014769692693,35.65936609001048],[139.83014924515234,35.65931669469525],[139.83038880538055,35.65932183862902],[139.83038847371733,35.65933058195951],[139.83041288257786,35.659331123378976],[139.83041089220896,35.659394670275915]]]}},{"type":"Feature","properties":{"height":8.6,"gml_id":"bldg_3a02962e-e644-4177-941b-70fc97cf1fcf"},"geometry":{"type":"Polygon","coordinates":[[[139.83027025430937,35.66039546347632],[139.830236677903,35.660394020417684],[139.8302405459045,35.66033461990728],[139.82997303938708,35.660322985003084],[139.829974476165,35.660300450668984],[139.83027555897965,35.66031352862719],[139.83027025430937,35.66039546347632]]]}},{"type":"Feature","properties":{"height":10.5,"gml_id":"bldg_f01ab1ad-b70d-4209-b3bf-4b25a0954262"},"geometry":{"type":"Polygon","coordinates":[[[139.83485917591614,35.6599322761576],[139.83485354172623,35.65986214925156],[139.83502451527485,35.659852952946565],[139.8350301496136,35.65992307984472],[139.83485917591614,35.6599322761576]]]}},{"type":"Feature","properties":{"height":2.8,"gml_id":"bldg_0c08266c-6f4e-409d-a502-755539215cd9"},"geometry":{"type":"Polygon","coordinates":[[[139.83032392346283,35.66063550097503],[139.83030580984192,35.660634148458655],[139.83031155510295,35.66058367160728],[139.8303296687125,35.66058502412282],[139.83032392346283,35.66063550097503]]]}},{"type":"Feature","properties":{"height":7.6,"gml_id":"bldg_401f57c1-ea1b-4863-93dd-1626819c4b05"},"geometry":{"type":"Polygon","coordinates":[[[139.83437066284193,35.65989658690526],[139.83436392484958,35.65984583954871],[139.8343904323703,35.65984349574385],[139.8343971703792,35.65989424309893],[139.83437066284193,35.65989658690526]]]}},{"type":"Feature","properties":{"height":6.2,"gml_id":"bldg_d9cd67ee-2208-4924-9b85-9607fcd45d5f"},"geometry":{"type":"Polygon","coordinates":[[[139.8321481475781,35.66507705601631],[139.8322243594838,35.66524164767858],[139.83218072934224,35.66525516788227],[139.83212914676713,35.66524308896287],[139.83208032712437,35.665133210945406],[139.83210882529266,35.66508922417528],[139.8321481475781,35.66507705601631]]]}},{"type":"Feature","properties":{"height":23.5,"gml_id":"bldg_168e568d-374a-4f19-a817-82bcf183bdde"},"geometry":{"type":"Polygon","coordinates":[[[139.82940723544004,35.65978566094964],[139.8293379857305,35.65978340253037],[139.8293374328616,35.65979602176266],[139.82932841258437,35.659795699672124],[139.8292838612241,35.65979421992723],[139.8292569163613,35.65979331493901],[139.82925746922908,35.6597809661196],[139.82921761412078,35.659779646052414],[139.82919791464127,35.65977900630267],[139.82912594571755,35.659776655727796],[139.82910181617717,35.65977585806683],[139.82902975337834,35.659773505628436],[139.82900132189562,35.659772586107884],[139.82893632003342,35.659770446591885],[139.82891530181064,35.659769777002346],[139.82891707089473,35.65973498399028],[139.82892568582193,35.659735260126666],[139.8290150369761,35.65973816759416],[139.82902420303884,35.65973845455975],[139.8291110161079,35.65974131499372],[139.82912029261914,35.659741605561365],[139.82920721724756,35.65974446502849],[139.82921848181948,35.65974483137217],[139.82926210980827,35.65974626333718],[139.82926266257434,35.659735897542774],[139.82929159989942,35.65973680439935],[139.82933732529204,35.65973824361848],[139.82933712073478,35.65974282980795],[139.82933699356636,35.65974590529541],[139.82939858258158,35.65974793631869],[139.8294218351619,35.65974868341473],[139.8294962361304,35.65975111321131],[139.82951892101042,35.65975184765124],[139.82958515547176,35.65975401032691],[139.82963288329674,35.659755559463896],[139.82963111440202,35.659792966473994],[139.82959378411843,35.65979177009729],[139.82950664073812,35.65978890369125],[139.82949868407283,35.659788642940775],[139.82941574544873,35.65978593704754],[139.82940723544004,35.65978566094964]]]}},{"type":"Feature","properties":{"height":8.4,"gml_id":"bldg_0a683f68-2f92-443f-a26a-20bf9602cb89"},"geometry":{"type":"Polygon","coordinates":[[[139.8370304408664,35.6615211727558],[139.8370291143771,35.661497646914555],[139.83706224944024,35.66149638396841],[139.8370636863897,35.66151990980585],[139.8370304408664,35.6615211727558]]]}},{"type":"Feature","properties":{"height":6.2,"gml_id":"bldg_3fabd862-6e65-4fc4-be98-10b0376cbc81"},"geometry":{"type":"Polygon","coordinates":[[[139.82761450308297,35.660503531637225],[139.82459804646535,35.660347142335716],[139.82460434402967,35.660328935018164],[139.827616161277,35.66048307050485],[139.82761450308297,35.660503531637225]]]}},{"type":"Feature","properties":{"height":2.6,"gml_id":"bldg_87b4e938-5978-40b1-b0ef-857b5f218357"},"geometry":{"type":"Polygon","coordinates":[[[139.83507460990535,35.66269138155133],[139.83507372579408,35.66266857678642],[139.83510376872528,35.66266776511134],[139.83510465284508,35.66269056987601],[139.83507460990535,35.66269138155133]]]}},{"type":"Feature","properties":{"height":15.0,"gml_id":"bldg_e7e19444-3a80-47de-9bb8-c0b0e828f356"},"geometry":{"type":"Polygon","coordinates":[[[139.83120665953234,35.663823682040864],[139.8311662248522,35.66414411992505],[139.83110348707908,35.664139521770274],[139.83109520096798,35.66421325404148],[139.83115793879588,35.66421794233794],[139.83115042608318,35.66428518473046],[139.83081475641325,35.66426030024519],[139.83080978454703,35.66430563927201],[139.83069336602776,35.66429698358214],[139.83069855891503,35.66425020236591],[139.8303253352213,35.664222521428165],[139.8303331801035,35.664152034146895],[139.8304067423113,35.664157444203475],[139.8304138137114,35.66409317638075],[139.83033715886094,35.6640874958392],[139.83037174302098,35.66376074846555],[139.83120665953234,35.663823682040864]]]}},{"type":"Feature","properties":{"height":20.8,"gml_id":"bldg_e12318ce-e274-41d2-a314-e6472d282de3"},"geometry":{"type":"Polygon","coordinates":[[[139.83604119100707,35.66314187070922],[139.8360618471499,35.663185767183045],[139.8359818802002,35.66321082718041],[139.83596122409466,35.66316693069306],[139.83604119100707,35.66314187070922]]]}},{"type":"Feature","properties":{"height":7.4,"gml_id":"bldg_dc6bd5a0-edce-42d3-9d0f-8d2c57bb025e"},"geometry":{"type":"Polygon","coordinates":[[[139.8264909650193,35.65980031041247],[139.82647746381284,35.6601108333386],[139.82745658764856,35.66013927841146],[139.82745503874648,35.66017506292293],[139.82642886351067,35.66014526308675],[139.8264439142584,35.65979895566742],[139.8264909650193,35.65980031041247]]]}},{"type":"Feature","properties":{"height":10.1,"gml_id":"bldg_402f41b0-6190-4020-9638-1c77aa1561d3"},"geometry":{"type":"Polygon","coordinates":[[[139.83429279724805,35.659929037051775],[139.83428771615144,35.65988892590342],[139.83435299096237,35.65988342698072],[139.83435807209128,35.659923538126385],[139.83429279724805,35.659929037051775]]]}},{"type":"Feature","properties":{"height":15.5,"gml_id":"bldg_1511acf8-36d8-4482-8141-ef92d4cd65af"},"geometry":{"type":"Polygon","coordinates":[[[139.83495244454053,35.66242403554042],[139.83490119501647,35.662426920617435],[139.83489887499442,35.662399428720725],[139.83495012450098,35.66239654364467],[139.83495244454053,35.66242403554042]]]}},{"type":"Feature","properties":{"height":1.8,"gml_id":"bldg_8cce2abf-17ad-4bdf-ad25-055a6a434e13"},"geometry":{"type":"Polygon","coordinates":[[[139.83560073890166,35.660407379235195],[139.8355988607509,35.66038899122145],[139.83569782275293,35.660382409281915],[139.83569970092623,35.66040079729411],[139.83560073890166,35.660407379235195]]]}},{"type":"Feature","properties":{"height":9.4,"gml_id":"bldg_4a443bbd-1002-4a22-a263-c2931fa550bf"},"geometry":{"type":"Polygon","coordinates":[[[139.82957940142376,35.660290523877215],[139.82917946719036,35.66027762108441],[139.8291803517649,35.66025860210298],[139.82910524677737,35.660256165777106],[139.82910767930804,35.66020568886366],[139.82896619486732,35.660201086803625],[139.8289691803004,35.66014006382518],[139.82968908280492,35.66016334323659],[139.82968377633972,35.66027177848611],[139.82958039649574,35.66026844022142],[139.82957940142376,35.660290523877215]]]}},{"type":"Feature","properties":{"height":14.1,"gml_id":"bldg_4a57ff28-7918-4734-abd1-37ff48a565dd"},"geometry":{"type":"Polygon","coordinates":[[[139.82888898264102,35.66035702184897],[139.82880426853202,35.66035440470542],[139.82880758605563,35.6602824751079],[139.82889230008877,35.66028509224912],[139.82888898264102,35.66035702184897]]]}},{"type":"Feature","properties":{"height":26.4,"gml_id":"bldg_f1ab5ea9-612d-48d1-95f2-28bd8de45f08"},"geometry":{"type":"Polygon","coordinates":[[[139.83623670141668,35.66644639445642],[139.83624808029617,35.666495519066885],[139.83622908174976,35.66649849405958],[139.83621770287823,35.66644927930992],[139.83623670141668,35.66644639445642]]]}},{"type":"Feature","properties":{"height":9.0,"gml_id":"bldg_3019ee0e-e237-4de3-a2aa-d29c0d01fb96"},"geometry":{"type":"Polygon","coordinates":[[[139.82909442123312,35.66028591077065],[139.82904571335925,35.66028554849636],[139.8290460463147,35.660255442584116],[139.82909475417028,35.660255804858274],[139.82909442123312,35.66028591077065]]]}},{"type":"Feature","properties":{"height":8.8,"gml_id":"bldg_c03605e8-7ac7-46c8-a9a4-9370a9e379f2"},"geometry":{"type":"Polygon","coordinates":[[[139.82878455203468,35.66135249637286],[139.82870778945858,35.661346995062544],[139.82871077320885,35.66131932297034],[139.82874479171383,35.66132184812082],[139.82874644939417,35.66130562343728],[139.82878930387542,35.6613086897363],[139.82878455203468,35.66135249637286]]]}},{"type":"Feature","properties":{"height":13.9,"gml_id":"bldg_d6d6d593-411f-4daf-be77-aacef736a39d"},"geometry":{"type":"Polygon","coordinates":[[[139.8290760291477,35.66137098521351],[139.8289989352855,35.661363591189975],[139.82900457038733,35.661323930900934],[139.8290817746621,35.66133132492481],[139.8290760291477,35.66137098521351]]]}},{"type":"Feature","properties":{"height":10.5,"gml_id":"bldg_bf8ab559-63ef-4cf8-b04d-366fe3d506c2"},"geometry":{"type":"Polygon","coordinates":[[[139.83664552122707,35.664198987574295],[139.83662309702422,35.66414986328485],[139.8368182667687,35.66409054735968],[139.83684069107844,35.66413976175071],[139.83664552122707,35.664198987574295]]]}},{"type":"Feature","properties":{"height":5.7,"gml_id":"bldg_1f50ae07-c91c-4039-989f-d3d03dadbbc9"},"geometry":{"type":"Polygon","coordinates":[[[139.83666560435242,35.66638725321373],[139.8366721219542,35.666402396117306],[139.8365727116596,35.66643088225259],[139.8365661940779,35.6664158294811],[139.83666560435242,35.66638725321373]]]}},{"type":"Feature","properties":{"height":19.0,"gml_id":"bldg_3b3cfccc-e429-4395-830b-1ec7a87f51e9"},"geometry":{"type":"Polygon","coordinates":[[[139.82937601103822,35.661390014453275],[139.82920370913268,35.66138036395756],[139.82920702465725,35.661341154267],[139.8292737363853,35.661344852171084],[139.82927859906928,35.661287975584],[139.82923497139734,35.661285540395156],[139.82924005517089,35.66122541886722],[139.82938916230069,35.66123380662896],[139.82937601103822,35.661390014453275]]]}},{"type":"Feature","properties":{"height":8.3,"gml_id":"bldg_734ce138-35b9-4f7e-a309-6dde95f8b81d"},"geometry":{"type":"Polygon","coordinates":[[[139.8298761280884,35.66142987061542],[139.82975595867077,35.66141814923322],[139.82976258773118,35.66137226945242],[139.82988286753127,35.66138399083126],[139.8298761280884,35.66142987061542]]]}},{"type":"Feature","properties":{"height":3.8,"gml_id":"bldg_e157292e-cbca-4d42-b4cf-96284627e5bf"},"geometry":{"type":"Polygon","coordinates":[[[139.83544252782534,35.6585727232507],[139.83543888196385,35.65852963757844],[139.83551011972966,35.65852558012333],[139.83551376562923,35.65856866579346],[139.83544252782534,35.6585727232507]]]}},{"type":"Feature","properties":{"height":2.6,"gml_id":"bldg_3d0ee654-64b4-49b5-aff4-3ea685c82c5f"},"geometry":{"type":"Polygon","coordinates":[[[139.83436855587894,35.659242098478636],[139.83436612568434,35.659214606558045],[139.83438622707072,35.659213434596296],[139.83438865727217,35.6592409265165],[139.83436855587894,35.659242098478636]]]}},{"type":"Feature","properties":{"height":4.0,"gml_id":"bldg_f578ecff-83f7-452e-b110-4d286fd97ae8"},"geometry":{"type":"Polygon","coordinates":[[[139.83525984942648,35.65856903067311],[139.83513427202735,35.658574711280444],[139.8351315099464,35.65853360861119],[139.8352570872835,35.65852801814423],[139.83525984942648,35.65856903067311]]]}},{"type":"Feature","properties":{"height":5.6,"gml_id":"bldg_0ef8d924-0fb2-47e7-b98a-5de4d775290e"},"geometry":{"type":"Polygon","coordinates":[[[139.828784568056,35.66107000550121],[139.8287155370553,35.661067659299356],[139.82871819077093,35.66101691199664],[139.82878722172293,35.661019348334484],[139.828784568056,35.66107000550121]]]}},{"type":"Feature","properties":{"height":9.6,"gml_id":"bldg_98466306-c810-485a-a8ae-b10777c18d07"},"geometry":{"type":"Polygon","coordinates":[[[139.82958245944855,35.66102911057761],[139.82943644531147,35.661019911917656],[139.82944163911316,35.66096501835635],[139.8295876531509,35.66097421701006],[139.82958245944855,35.66102911057761]]]}},{"type":"Feature","properties":{"height":11.8,"gml_id":"bldg_bad5235a-8de8-4fd9-916c-01a96d49fe1a"},"geometry":{"type":"Polygon","coordinates":[[[139.8289862728863,35.66063708259367],[139.829126211879,35.66064033251344],[139.8291255483419,35.660656376963765],[139.82898571977051,35.66065312704721],[139.8289862728863,35.66063708259367]]]}},{"type":"Feature","properties":{"height":13.4,"gml_id":"bldg_9e242e37-ae02-4ae4-a346-0808a0533c9a"},"geometry":{"type":"Polygon","coordinates":[[[139.82946184499434,35.66109779152435],[139.8294080560736,35.66109454483367],[139.82941358157046,35.661033071248596],[139.82946748089998,35.66103631794038],[139.82946184499434,35.66109779152435]]]}},{"type":"Feature","properties":{"height":5.0,"gml_id":"bldg_ed9ade27-236c-49a6-a12c-57178bc28e4a"},"geometry":{"type":"Polygon","coordinates":[[[139.82951864045478,35.6605882461131],[139.82940929699856,35.66058616943752],[139.82941327893593,35.66044555507716],[139.82952262330508,35.66044763174918],[139.82951864045478,35.6605882461131]]]}},{"type":"Feature","properties":{"height":2.7,"gml_id":"bldg_3480d516-cf95-4de2-82f5-fdc4633c4895"},"geometry":{"type":"Polygon","coordinates":[[[139.82538528813998,35.66629834181343],[139.82538032341176,35.66623948175879],[139.82540462407135,35.666238131300155],[139.82540947836034,35.66629699134653],[139.82538528813998,35.66629834181343]]]}},{"type":"Feature","properties":{"height":16.3,"gml_id":"bldg_116b2ff5-8ffa-407a-ba12-4dba65f118d6"},"geometry":{"type":"Polygon","coordinates":[[[139.8367223790407,35.66638058146123],[139.8367016133537,35.66638662125005],[139.83668040355877,35.66633812791704],[139.83670116923483,35.666332088131846],[139.8367223790407,35.66638058146123]]]}},{"type":"Feature","properties":{"height":8.6,"gml_id":"bldg_a56f79f7-576a-410c-8e9b-93970e26ec93"},"geometry":{"type":"Polygon","coordinates":[[[139.83689890422548,35.66671092994645],[139.83680036660397,35.66649225948571],[139.8368233414211,35.66648540837932],[139.83692187909688,35.66670407882152],[139.83689890422548,35.66671092994645]]]}},{"type":"Feature","properties":{"height":2.4,"gml_id":"bldg_a341203e-9f82-4c74-95ac-abc79dad62df"},"geometry":{"type":"Polygon","coordinates":[[[139.8334309767324,35.665801496252314],[139.83342412842313,35.66578689399651],[139.83347670559914,35.66577048893592],[139.83348355391655,35.66578509118876],[139.8334309767324,35.665801496252314]]]}},{"type":"Feature","properties":{"height":2.7,"gml_id":"bldg_7f9d3f29-9547-4257-b1d5-be5c37dd86b1"},"geometry":{"type":"Polygon","coordinates":[[[139.83724486647446,35.66010339341469],[139.8372030065939,35.660105377792036],[139.8372010171998,35.66007797605595],[139.83724298751451,35.66007599167571],[139.83724486647446,35.66010339341469]]]}},{"type":"Feature","properties":{"height":7.5,"gml_id":"bldg_4503630b-518f-4022-8ccb-c57b937689af"},"geometry":{"type":"Polygon","coordinates":[[[139.83007760938173,35.660939077632776],[139.82980137573298,35.66091878891333],[139.8298126460681,35.66081684374401],[139.82989846503492,35.66082315584658],[139.82989592371575,35.66084605069624],[139.83008313507793,35.660859756792675],[139.83008004132117,35.66088860070538],[139.83009782365062,35.66088986310928],[139.83009517188566,35.66091401988476],[139.83008048213244,35.66091293783902],[139.83007760938173,35.660939077632776]]]}},{"type":"Feature","properties":{"height":7.3,"gml_id":"bldg_a8a1e70a-5b25-4c2f-9f6d-e759b2a1aad9"},"geometry":{"type":"Polygon","coordinates":[[[139.83034005709519,35.66041989249274],[139.8302846118426,35.660417096839524],[139.8302925680774,35.66031388960785],[139.8303480132556,35.66031677539496],[139.83034005709519,35.66041989249274]]]}},{"type":"Feature","properties":{"height":2.5,"gml_id":"bldg_ee3ed08a-3234-4321-981b-770712a13f08"},"geometry":{"type":"Polygon","coordinates":[[[139.8333668016095,35.66581835198372],[139.83336227289487,35.66580735522035],[139.8334106527599,35.6657941951365],[139.83341507102406,35.665805191898144],[139.8333668016095,35.66581835198372]]]}},{"type":"Feature","properties":{"height":15.0,"gml_id":"bldg_59af3f9d-3abd-475c-bfa6-4558655c41a2"},"geometry":{"type":"Polygon","coordinates":[[[139.83021075322853,35.65960252234837],[139.82993960409047,35.65959773772463],[139.82994270157437,35.65948073932613],[139.83003569840733,35.65948245452118],[139.83003437094484,35.65953329203977],[139.830212522964,35.659536451601],[139.83021075322853,35.65960252234837]]]}},{"type":"Feature","properties":{"height":2.8,"gml_id":"bldg_12c8ecf2-3077-4dde-b8ee-7cfb6ab86d75"},"geometry":{"type":"Polygon","coordinates":[[[139.83386131705885,35.66617358236956],[139.83385214901347,35.66615393245425],[139.83407979985765,35.666082993116866],[139.83408896794984,35.66610255287766],[139.83386131705885,35.66617358236956]]]}},{"type":"Feature","properties":{"height":7.1,"gml_id":"bldg_71230450-6e8f-498c-8a43-945dd6ccbd47"},"geometry":{"type":"Polygon","coordinates":[[[139.83022732658657,35.65944270897433],[139.82999406137284,35.65944108025702],[139.82999428322108,35.65941818533566],[139.82996600865775,35.65941800427337],[139.8299664525932,35.65936689631733],[139.8302281025845,35.65936870609838],[139.83022732658657,35.65944270897433]]]}},{"type":"Feature","properties":{"height":6.8,"gml_id":"bldg_4af860fb-4832-43c2-8e57-b6b9f03f3596"},"geometry":{"type":"Polygon","coordinates":[[[139.8297190914242,35.66090436447387],[139.82960599133827,35.660898051402256],[139.82961295348753,35.660815575815555],[139.82972605345773,35.66082188888072],[139.8297190914242,35.66090436447387]]]}},{"type":"Feature","properties":{"height":6.4,"gml_id":"bldg_df1ed9bf-18ae-4ac4-bab6-df93b33109a5"},"geometry":{"type":"Polygon","coordinates":[[[139.82951594173326,35.661595532422304],[139.82938008803012,35.66158615374156],[139.82939710540512,35.66142327587481],[139.82953284838408,35.661432654533115],[139.82951594173326,35.661595532422304]]]}},{"type":"Feature","properties":{"height":6.9,"gml_id":"bldg_d2ad82c0-d2a2-4cc3-9110-b5e89ac3b9f7"},"geometry":{"type":"Polygon","coordinates":[[[139.8333333333333,35.65988316088492],[139.83329821081014,35.65988532417987],[139.8332876078492,35.65977139037124],[139.8333333333333,35.65976859611727],[139.83339231257608,35.65976490046513],[139.83338910955976,35.65973082848968],[139.83336878713325,35.659732090422466],[139.8333622706773,35.65966160289453],[139.83345869166544,35.659655653757326],[139.83346609180327,35.65973452406715],[139.83341705290408,35.659737588786406],[139.83341970368528,35.659765080723616],[139.83350828298566,35.65975958223969],[139.83350695757886,35.659745430653295],[139.8335235247753,35.65974434897822],[139.8335246292851,35.65975687808969],[139.83359277569303,35.65975264149942],[139.83359730421898,35.65980059464213],[139.83360337908434,35.65986639500653],[139.8333333333333,35.65988316088492]]]}},{"type":"Feature","properties":{"height":10.8,"gml_id":"bldg_a765ec7f-f5db-45a9-8edb-56486e9b3331"},"geometry":{"type":"Polygon","coordinates":[[[139.83503920555628,35.65988486141556],[139.83503754846964,35.6598677353134],[139.83505742910967,35.659866382967884],[139.83505919664873,35.65988350906817],[139.83503920555628,35.65988486141556]]]}},{"type":"Feature","properties":{"height":18.9,"gml_id":"bldg_07bafb26-2966-4386-ab69-d956b7689136"},"geometry":{"type":"Polygon","coordinates":[[[139.83096258689295,35.66281431829992],[139.83084738549627,35.66280566278081],[139.83087644257546,35.66253966772879],[139.83088826174964,35.662512536592835],[139.83090151658104,35.66249225593185],[139.83092128800467,35.66247377814935],[139.83094636107248,35.662456291980824],[139.83097673563623,35.662444754983596],[139.83101119683351,35.662435651769094],[139.83104598923404,35.66243159624905],[139.83108895484654,35.66243502228113],[139.83107978469374,35.66252975658472],[139.83102919787845,35.66252551916667],[139.83101892567436,35.662531918729584],[139.83100368298398,35.66254354616846],[139.83099219551568,35.66255986082649],[139.83096258689295,35.66281431829992]]]}},{"type":"Feature","properties":{"height":10.5,"gml_id":"bldg_fd9ac0fe-7e0f-4031-83f9-ec35e5b182bb"},"geometry":{"type":"Polygon","coordinates":[[[139.8333333333333,35.6600538813135],[139.83322531477612,35.660057036077575],[139.83322421032452,35.66003305950138],[139.83331963773378,35.6600284625375],[139.83331831235665,35.660009894212116],[139.83322343721122,35.66001449117547],[139.83322310587542,35.660007730862574],[139.8333333333333,35.66000448596296],[139.8333584051085,35.66000367472284],[139.83336061409224,35.66005297993541],[139.8333333333333,35.6600538813135]]]}},{"type":"Feature","properties":{"height":2.4,"gml_id":"bldg_dab690ff-85df-49bf-a8d1-b0660113d503"},"geometry":{"type":"Polygon","coordinates":[[[139.83387711260607,35.666205761354135],[139.8338687177602,35.66618746349784],[139.8340684232119,35.666126259143574],[139.83407681809695,35.666144556986154],[139.83387711260607,35.666205761354135]]]}},{"type":"Feature","properties":{"height":5.1,"gml_id":"bldg_93cee984-8acd-4548-8019-28a6ae2d4ae5"},"geometry":{"type":"Polygon","coordinates":[[[139.83383480932997,35.66647968911544],[139.8337715165643,35.66634222981936],[139.83435649496755,35.66616312324088],[139.83436488970068,35.66616420481817],[139.83440244618131,35.6662510068148],[139.83452715152032,35.66621332820653],[139.83454106872873,35.66618935151711],[139.83450318075668,35.66610254956607],[139.83457055905063,35.66608163701352],[139.83463506823165,35.666232977043265],[139.83383480932997,35.66647968911544]]]}},{"type":"Feature","properties":{"height":37.7,"gml_id":"bldg_3030e750-04bf-4614-9fb4-a0e4b1b90ff9"},"geometry":{"type":"Polygon","coordinates":[[[139.8271844115443,35.65910178211695],[139.8271889480371,35.65899523980512],[139.82721512391157,35.65899596223792],[139.8272319230119,35.65884921921185],[139.82736435620822,35.65874800141442],[139.8275481390123,35.658753148221855],[139.8276686287703,35.658859516222286],[139.8276634272207,35.65900878370612],[139.82753044161814,35.659111624276676],[139.8271844115443,35.65910178211695]]]}},{"type":"Feature","properties":{"height":10.2,"gml_id":"bldg_a2ea8854-ccc4-4995-93ab-2fcb9c7626e2"},"geometry":{"type":"Polygon","coordinates":[[[139.83642497996516,35.66512317252317],[139.83639615144676,35.66513209686487],[139.83635483762134,35.66503916622328],[139.83630513231282,35.665027539732264],[139.83629916722163,35.66501383899055],[139.8363644455139,35.66499373671906],[139.83642497996516,35.66512317252317]]]}},{"type":"Feature","properties":{"height":2.5,"gml_id":"bldg_aa38ceee-a367-454a-8b91-53e7951605c6"},"geometry":{"type":"Polygon","coordinates":[[[139.8344891561951,35.666341594107756],[139.8344955629068,35.66635547520664],[139.83441901646086,35.66637927219627],[139.8344126097605,35.666365391093365],[139.8344891561951,35.666341594107756]]]}},{"type":"Feature","properties":{"height":18.4,"gml_id":"bldg_9775c51f-21c5-4006-8f5a-85b3e539e6a9"},"geometry":{"type":"Polygon","coordinates":[[[139.8333333333333,35.66046977572698],[139.83214611607173,35.66054133904507],[139.83210978444438,35.66013995641034],[139.83307344811462,35.66008191379571],[139.83306925122312,35.660036394348815],[139.8331413740348,35.660032067885325],[139.83314612319282,35.660084618055635],[139.8333333333333,35.66007335101361],[139.83359874089336,35.660057306246074],[139.83362127236674,35.6600559541318],[139.83363927621542,35.660254166447935],[139.83365694879745,35.66045021545586],[139.8333333333333,35.66046977572698]]]}},{"type":"Feature","properties":{"height":7.1,"gml_id":"bldg_b6199a82-fa72-4f07-8def-885034f77029"},"geometry":{"type":"Polygon","coordinates":[[[139.8333333333333,35.660634366789466],[139.8332588905587,35.66063653006626],[139.83325601889737,35.66061742091614],[139.8333333333333,35.66061192255394],[139.83334625588796,35.660611021178326],[139.83334868577438,35.66063382596353],[139.8333333333333,35.660634366789466]]]}},{"type":"Feature","properties":{"height":15.4,"gml_id":"bldg_68168a01-262f-4ce0-b727-4a9a7a37676e"},"geometry":{"type":"Polygon","coordinates":[[[139.8371683036916,35.66657319171836],[139.83704137581384,35.66630656925043],[139.8371619930651,35.6662683472153],[139.83728892128337,35.66653496955776],[139.8371683036916,35.66657319171836]]]}},{"type":"Feature","properties":{"height":11.7,"gml_id":"bldg_6b0aefe8-fe1b-410b-ad88-fa845ed702ef"},"geometry":{"type":"Polygon","coordinates":[[[139.8370311025744,35.666290615245316],[139.8369630546768,35.666149642409444],[139.8371079718221,35.666103036913405],[139.83717601993487,35.66624400966846],[139.8370311025744,35.666290615245316]]]}},{"type":"Feature","properties":{"height":10.8,"gml_id":"bldg_fd926306-170a-4312-b45a-1e98e1e9d6fd"},"geometry":{"type":"Polygon","coordinates":[[[139.8288599920391,35.66130743045808],[139.82885734579813,35.661225675663275],[139.82894935077778,35.661223786160626],[139.82895199711245,35.66130554095345],[139.8288599920391,35.66130743045808]]]}},{"type":"Feature","properties":{"height":11.1,"gml_id":"bldg_bd7b58b3-e971-4648-932c-01e61a63f259"},"geometry":{"type":"Polygon","coordinates":[[[139.83455072881765,35.66222934334377],[139.83454774603166,35.66218986316278],[139.83458297998726,35.66218806005294],[139.83458596279192,35.662227630370545],[139.83455072881765,35.66222934334377]]]}},{"type":"Feature","properties":{"height":11.3,"gml_id":"bldg_5f69e1d3-a099-4a8d-a1e8-e187ef4f959c"},"geometry":{"type":"Polygon","coordinates":[[[139.83455746692897,35.662267020736955],[139.83455492602903,35.66223312907492],[139.8345902704549,35.66223132596184],[139.83459281136973,35.662265217623144],[139.83455746692897,35.662267020736955]]]}},{"type":"Feature","properties":{"height":2.5,"gml_id":"bldg_2ad829c9-06df-4fcb-b3d2-6bb145c227a9"},"geometry":{"type":"Polygon","coordinates":[[[139.83584524723366,35.66664470554543],[139.8358351948198,35.666619647556956],[139.8358611521014,35.66661261629749],[139.83587120452535,35.66663776442122],[139.83584524723366,35.66664470554543]]]}},{"type":"Feature","properties":{"height":48.6,"gml_id":"bldg_7bfd42cd-9199-4475-ad33-3cff51ed3264"},"geometry":{"type":"Polygon","coordinates":[[[139.83609411644235,35.66689077519854],[139.83599457896764,35.66643982002017],[139.836128452362,35.66641836428478],[139.83612105026737,35.66637627028803],[139.83587705166676,35.66641377285011],[139.83584512475127,35.66626081034174],[139.83689666755265,35.66609159590046],[139.83693025304638,35.666239780802144],[139.83684851539087,35.66625068984225],[139.83684685881698,35.66625708964654],[139.83681350101816,35.666261777760404],[139.83681990953667,35.666308108202266],[139.83693831803586,35.66627610593621],[139.83711120095032,35.6666524242999],[139.83694352885092,35.666705610510206],[139.83683339238797,35.666470625553316],[139.83679263419737,35.666483065692866],[139.8367824711707,35.666460802045535],[139.83681859022647,35.66645016479183],[139.83674380323126,35.666274939816006],[139.83662660910602,35.66629288042212],[139.83663467417477,35.66633434340835],[139.83660650781752,35.6663391214598],[139.83659789050347,35.66629828944852],[139.83630926799808,35.666343636042704],[139.8363204259092,35.666390507217486],[139.83628044065128,35.66639672768369],[139.83626983506792,35.66635039731622],[139.83621140355538,35.66635842095607],[139.8362172583328,35.666373744175004],[139.8362111832364,35.66637500624402],[139.83621670701626,35.66640069527248],[139.83618666282297,35.66640502258357],[139.83617837719564,35.66636725520668],[139.83615672769986,35.66637004997581],[139.8362300833252,35.666704998824315],[139.83627492886717,35.6666985979817],[139.83627990030902,35.66672176317215],[139.83623892081982,35.666729515984365],[139.83626333576927,35.666833984639],[139.8362568188044,35.666835156583566],[139.83626267408303,35.66686300889746],[139.83609411644235,35.66689077519854]]]}},{"type":"Feature","properties":{"height":35.8,"gml_id":"bldg_e4f9a4e8-b2dc-4ddc-b3a2-ab4c36b1849a"},"geometry":{"type":"Polygon","coordinates":[[[139.83652253592464,35.66572267395971],[139.83649977998115,35.665673008844074],[139.83637242550822,35.66571195148922],[139.83624737918296,35.66543964944111],[139.83721672524504,35.66514334037639],[139.8374121425532,35.66556914309277],[139.83698545691294,35.665699585631494],[139.83696281116178,35.66565028114949],[139.83676509728573,35.66571076915255],[139.8367401318658,35.66565623672469],[139.83652253592464,35.66572267395971]]]}},{"type":"Feature","properties":{"height":17.9,"gml_id":"bldg_af96e805-4601-4881-a7b3-09888103a89c"},"geometry":{"type":"Polygon","coordinates":[[[139.8291792995213,35.6613824362801],[139.82911004745827,35.661377836859856],[139.82911645698442,35.661312938098014],[139.8291857089918,35.66131753751463],[139.8291792995213,35.6613824362801]]]}},{"type":"Feature","properties":{"height":8.3,"gml_id":"bldg_cc736907-17f6-4904-a796-3c7cc547da08"},"geometry":{"type":"Polygon","coordinates":[[[139.82958265686116,35.66153135663435],[139.8295295303859,35.66152729878148],[139.82954024844017,35.661435088478385],[139.82963136964204,35.66144185162496],[139.82965434325678,35.661443024116224],[139.8296493709425,35.66148764201652],[139.8295882920986,35.66148286284617],[139.82958265686116,35.66153135663435]]]}},{"type":"Feature","properties":{"height":12.1,"gml_id":"bldg_0d300bbb-4208-4efc-b629-6532e342a271"},"geometry":{"type":"Polygon","coordinates":[[[139.83012209273537,35.66163466977636],[139.82979317177123,35.66161410921147],[139.82979471868364,35.6616004083604],[139.8297445742762,35.661597252064794],[139.82974833054553,35.66157597973198],[139.82979593474488,35.661575350177365],[139.82979726042524,35.66156913073032],[139.8297800302344,35.66156714719865],[139.82977980923354,35.661569400629084],[139.8297123242192,35.66156399037016],[139.82972027988723,35.66149224117625],[139.82979019483028,35.66149584875273],[139.82978986328393,35.66150026547945],[139.82980543678377,35.66150044621163],[139.8298058789105,35.66149305495131],[139.82979726381905,35.66149215332387],[139.82979892186597,35.6614628586918],[139.83011734941735,35.661483599236675],[139.8301268479308,35.66148909787618],[139.83013358501287,35.66149892304057],[139.8301322591583,35.66151019019019],[139.83012773042074,35.66151695038062],[139.83011370291183,35.66152452155461],[139.83013446759156,35.661524612245444],[139.83012209273537,35.66163466977636]]]}},{"type":"Feature","properties":{"height":3.5,"gml_id":"bldg_a105970a-d3ab-424e-90fe-db4dec1b1237"},"geometry":{"type":"Polygon","coordinates":[[[139.8296724540541,35.661509996815205],[139.82966913913305,35.66154082373203],[139.82960132276955,35.661536044363125],[139.82960452727022,35.66150512730725],[139.8296724540541,35.661509996815205]]]}},{"type":"Feature","properties":{"height":6.5,"gml_id":"bldg_1b6d11a5-9659-47c9-a835-1dc9675aa5dc"},"geometry":{"type":"Polygon","coordinates":[[[139.82929750307514,35.66094941982695],[139.8292935249037,35.66098880977531],[139.82899244008533,35.660968878914225],[139.82899630794915,35.660929579109215],[139.82929750307514,35.66094941982695]]]}},{"type":"Feature","properties":{"height":14.7,"gml_id":"bldg_493f05c9-1c9c-4d61-a7ab-0a51d123001a"},"geometry":{"type":"Polygon","coordinates":[[[139.82895655060494,35.66084674131934],[139.8289534551047,35.66090010259985],[139.82886122990388,35.660896493710815],[139.82886443591482,35.66084313243675],[139.82895655060494,35.66084674131934]]]}},{"type":"Feature","properties":{"height":4.4,"gml_id":"bldg_8be51356-38d5-4b56-8b54-39df1b107833"},"geometry":{"type":"Polygon","coordinates":[[[139.82896273942205,35.66077985952717],[139.82895798724513,35.66083213909836],[139.82885946663237,35.66082618640434],[139.8288641084237,35.66077390683289],[139.82896273942205,35.66077985952717]]]}},{"type":"Feature","properties":{"height":2.5,"gml_id":"bldg_71330675-ace3-41f7-86b5-05613ccabf17"},"geometry":{"type":"Polygon","coordinates":[[[139.83591688385607,35.66508370430388],[139.83589236300247,35.66509100595889],[139.83580984714024,35.66490604568513],[139.83583436794484,35.66489874404669],[139.83591688385607,35.66508370430388]]]}},{"type":"Feature","properties":{"height":4.6,"gml_id":"bldg_c6d55f4f-715f-41d7-aab1-f32cd2f4b6dc"},"geometry":{"type":"Polygon","coordinates":[[[139.83430747059086,35.65858905267258],[139.8343864397191,35.6585853563695],[139.83439019560916,35.65863943884993],[139.8343572825805,35.65864097147215],[139.83434402901176,35.65864160254676],[139.83427400598566,35.65864484806484],[139.83427256992815,35.65862321507079],[139.8342928920627,35.65862222339784],[139.8342905723001,35.65858977390827],[139.83429322301268,35.658589683749646],[139.83430747059086,35.65858905267258]]]}},{"type":"Feature","properties":{"height":2.4,"gml_id":"bldg_c2c97e3c-6424-4a9c-9ef0-df0c5c59242f"},"geometry":{"type":"Polygon","coordinates":[[[139.83349128585266,35.665782206781586],[139.83348454798886,35.66576679329231],[139.8335380087915,35.6657511994405],[139.83354474666427,35.665766612926824],[139.83349128585266,35.665782206781586]]]}},{"type":"Feature","properties":{"height":20.6,"gml_id":"bldg_d05e50f5-53ac-4ff7-8e5d-ea018fc2f2db"},"geometry":{"type":"Polygon","coordinates":[[[139.82959014679145,35.6596082734581],[139.82959047665852,35.65963991173331],[139.82960748563127,35.65963982212323],[139.82960803532097,35.659694715881606],[139.82948610077474,35.659695523285535],[139.8294852213428,35.659608991251126],[139.82959014679145,35.6596082734581]]]}},{"type":"Feature","properties":{"height":3.4,"gml_id":"bldg_e9e98918-68a2-40d9-a0f4-1627962e5202"},"geometry":{"type":"Polygon","coordinates":[[[139.82885004327017,35.65947917126811],[139.82884993164862,35.65950017330355],[139.82881701824732,35.65950017207373],[139.82881701942986,35.659479170034174],[139.82885004327017,35.65947917126811]]]}},{"type":"Feature","properties":{"height":3.7,"gml_id":"bldg_eb044d3c-b5a6-48d7-83fb-04aabd989fcc"},"geometry":{"type":"Polygon","coordinates":[[[139.82879712181557,35.65978049897186],[139.8287976754422,35.65975598159142],[139.82883246652918,35.65975661385924],[139.82883191291825,35.65978104110236],[139.82879712181557,35.65978049897186]]]}},{"type":"Feature","properties":{"height":3.8,"gml_id":"bldg_28915bb8-bba2-414a-ac3d-1a02e4f5bf09"},"geometry":{"type":"Polygon","coordinates":[[[139.8288395412163,35.659649260354065],[139.8288076218456,35.659648177508664],[139.82880939087715,35.65961509711011],[139.82884119978686,35.659616179950916],[139.8288395412163,35.659649260354065]]]}},{"type":"Feature","properties":{"height":3.8,"gml_id":"bldg_9eda1e6a-7390-412c-9968-f587067da7fe"},"geometry":{"type":"Polygon","coordinates":[[[139.82883832407228,35.65968883067389],[139.82880795094138,35.65968801829882],[139.82880916768858,35.65965574911729],[139.8288396512551,35.65965656149618],[139.82883832407228,35.65968883067389]]]}},{"type":"Feature","properties":{"height":6.8,"gml_id":"bldg_7c94c6e3-fe60-48f6-b8a3-a64a203c5083"},"geometry":{"type":"Polygon","coordinates":[[[139.82886053111005,35.65956317981603],[139.8288008895076,35.65956002277336],[139.82880475793164,35.6595112585269],[139.82886439949797,35.659514415567685],[139.82886053111005,35.65956317981603]]]}},{"type":"Feature","properties":{"height":8.0,"gml_id":"bldg_67fd800c-5f55-4ab8-a41d-1782e68bb66e"},"geometry":{"type":"Polygon","coordinates":[[[139.8289854498761,35.65951946769933],[139.82898843432184,35.65947593139026],[139.82904873857416,35.65947872781364],[139.82904586460873,35.659522264128114],[139.8289854498761,35.65951946769933]]]}},{"type":"Feature","properties":{"height":8.0,"gml_id":"bldg_87c6aefe-803c-4772-b802-a94101a1b68f"},"geometry":{"type":"Polygon","coordinates":[[[139.82986318334125,35.65938690391328],[139.8298761056909,35.65938708455997],[139.82987632705988,35.65937608779003],[139.8299285686933,35.659376720240914],[139.82992690797306,35.659471094166925],[139.82986174391505,35.659470281969874],[139.82986318334125,35.65938690391328]]]}},{"type":"Feature","properties":{"height":29.6,"gml_id":"bldg_ca445b81-d9f6-4ce3-94f6-b38b1c47b7b7"},"geometry":{"type":"Polygon","coordinates":[[[139.82969032275753,35.65961251299297],[139.82969651215072,35.659517327971706],[139.82988206390638,35.659525355670496],[139.82987598518446,35.659620450566834],[139.82969032275753,35.65961251299297]]]}},{"type":"Feature","properties":{"height":23.2,"gml_id":"bldg_c5a1b0d9-5625-4f45-b77b-188c4ccb48cf"},"geometry":{"type":"Polygon","coordinates":[[[139.8294406005782,35.659605925141825],[139.82944214310427,35.65968308289741],[139.8293319160209,35.659684521485474],[139.82933037360084,35.65960736372851],[139.8294406005782,35.659605925141825]]]}},{"type":"Feature","properties":{"height":8.5,"gml_id":"bldg_f09ea450-34d2-4656-bb69-7f1328d57fb6"},"geometry":{"type":"Polygon","coordinates":[[[139.82938284463123,35.659438357632716],[139.8293863832603,35.6593508342261],[139.82957546905783,35.659355887975416],[139.82957193063487,35.65944341138751],[139.82938284463123,35.659438357632716]]]}},{"type":"Feature","properties":{"height":2.7,"gml_id":"bldg_24537826-9eb0-4ec1-8255-2edf0e91b5c9"},"geometry":{"type":"Polygon","coordinates":[[[139.82901756581924,35.659971688717945],[139.82901834153714,35.65992373559461],[139.82909134777995,35.659924549425845],[139.8290905721057,35.65997250254966],[139.82901756581924,35.659971688717945]]]}},{"type":"Feature","properties":{"height":7.9,"gml_id":"bldg_28747cc0-878a-4312-8c43-d101a317e0db"},"geometry":{"type":"Polygon","coordinates":[[[139.82911034318295,35.65995672918175],[139.8291148761136,35.65987019733808],[139.82939265276565,35.659880031735774],[139.82938800968577,35.65996656358616],[139.82911034318295,35.65995672918175]]]}},{"type":"Feature","properties":{"height":7.3,"gml_id":"bldg_61a5f527-3bec-430e-91c9-1571539a49b7"},"geometry":{"type":"Polygon","coordinates":[[[139.82940899349518,35.659994506897284],[139.8294150737591,35.659879762054835],[139.82976177115685,35.65989185126138],[139.82975580072787,35.66000668626189],[139.82940899349518,35.659994506897284]]]}},{"type":"Feature","properties":{"height":2.6,"gml_id":"bldg_6a47b2ad-63ca-4e49-8d48-a6e37c1c6adc"},"geometry":{"type":"Polygon","coordinates":[[[139.82791441592434,35.659856628678575],[139.82787211437648,35.65985527470514],[139.8278732205085,35.65983102776682],[139.8279156324917,35.65983238174482],[139.82791441592434,35.659856628678575]]]}},{"type":"Feature","properties":{"height":4.4,"gml_id":"bldg_ed4fbe3a-edce-4067-8064-b192f65fb21f"},"geometry":{"type":"Polygon","coordinates":[[[139.82988572220927,35.65921059558738],[139.82988594452166,35.659177605263814],[139.82991642790975,35.659178597645216],[139.8299162062166,35.65919734624174],[139.82988572220927,35.65921059558738]]]}},{"type":"Feature","properties":{"height":6.1,"gml_id":"bldg_35382230-5720-4592-aa42-788a0df04c38"},"geometry":{"type":"Polygon","coordinates":[[[139.83188763760677,35.662072321348155],[139.83189349247658,35.66201905017309],[139.8320219469794,35.662028516074905],[139.83201609219418,35.66208178725612],[139.83188763760677,35.662072321348155]]]}},{"type":"Feature","properties":{"height":14.4,"gml_id":"bldg_8670f81d-ef48-4c8d-b3a0-78a46a6a779c"},"geometry":{"type":"Polygon","coordinates":[[[139.83134937445573,35.65900042790951],[139.83145418876092,35.65899475092707],[139.831458494924,35.65904901377886],[139.83135368055048,35.65905460062748],[139.83134937445573,35.65900042790951]]]}},{"type":"Feature","properties":{"height":6.9,"gml_id":"bldg_de26a469-f45d-445b-a07e-79008ef0e316"},"geometry":{"type":"Polygon","coordinates":[[[139.83727883174302,35.659028682800376],[139.8373376998398,35.6590255260443],[139.8373489724556,35.65916577964218],[139.8372902147035,35.65916893640007],[139.83727883174302,35.659028682800376]]]}},{"type":"Feature","properties":{"height":7.1,"gml_id":"bldg_389acc53-c79d-464b-a0c8-5337e2b58ded"},"geometry":{"type":"Polygon","coordinates":[[[139.8373520579907,35.65902633680367],[139.8374109260829,35.65902318001179],[139.83742219882635,35.659163433602856],[139.83736344107888,35.65916659039649],[139.8373520579907,35.65902633680367]]]}},{"type":"Feature","properties":{"height":39.3,"gml_id":"bldg_8a15ce55-4561-4395-bdd7-7f69ee918e50"},"geometry":{"type":"Polygon","coordinates":[[[139.83490004017125,35.665504573449816],[139.83482746772154,35.66534854649808],[139.83478096612802,35.66536296905345],[139.83464433418743,35.665405335206174],[139.8346086546463,35.665328808918964],[139.83452857464712,35.66535368766871],[139.83423486580028,35.66472254796992],[139.83546046271252,35.664342603275834],[139.83610258133808,35.66572214352503],[139.83521926935128,35.66599599806084],[139.83497912611023,35.66548005501693],[139.83490004017125,35.665504573449816]]]}},{"type":"Feature","properties":{"height":11.2,"gml_id":"bldg_d39449e6-470b-4e57-a5d1-fad28e7356d0"},"geometry":{"type":"Polygon","coordinates":[[[139.83151360782034,35.659056676313085],[139.83148865418244,35.65873515540683],[139.83160175162953,35.658729298147264],[139.831626705719,35.65905081903041],[139.83151360782034,35.659056676313085]]]}},{"type":"Feature","properties":{"height":7.8,"gml_id":"bldg_dbc4375c-6491-4d85-bdb8-caa876856398"},"geometry":{"type":"Polygon","coordinates":[[[139.83120952247293,35.659986980560404],[139.83119229767104,35.659794536686405],[139.83158648731091,35.65977110729816],[139.8315907937403,35.65981915065044],[139.83167164184655,35.659814284367904],[139.83168036523932,35.659911632991715],[139.8316018364522,35.65991631903838],[139.83160603246967,35.65996346101235],[139.83120952247293,35.659986980560404]]]}},{"type":"Feature","properties":{"height":13.5,"gml_id":"bldg_aa9ba764-8b8b-4a38-9fbe-b3c7974282b6"},"geometry":{"type":"Polygon","coordinates":[[[139.83690930832918,35.65975249854919],[139.8369082025194,35.659722663067754],[139.83694222045108,35.65972176067809],[139.83694332627348,35.65975159615921],[139.83690930832918,35.65975249854919]]]}},{"type":"Feature","properties":{"height":14.9,"gml_id":"bldg_180d1a86-43e7-4044-888c-0f26036715a2"},"geometry":{"type":"Polygon","coordinates":[[[139.8302938401865,35.65880516803117],[139.8307962630478,35.65877894964549],[139.83082706540964,35.65917122876344],[139.830324529654,35.65919744727305],[139.8302938401865,35.65880516803117]]]}},{"type":"Feature","properties":{"height":6.3,"gml_id":"bldg_3c3fd9f4-34e0-46d7-89b3-ce851b3259cc"},"geometry":{"type":"Polygon","coordinates":[[[139.8323735138039,35.661957130512704],[139.83236788175685,35.661877719354266],[139.83244652285964,35.66187402432264],[139.8324521549843,35.661953435477464],[139.8323735138039,35.661957130512704]]]}},{"type":"Feature","properties":{"height":2.5,"gml_id":"bldg_76373c0d-a2e8-4dd5-b04d-95c26d20d3ee"},"geometry":{"type":"Polygon","coordinates":[[[139.8302499828566,35.6619381659957],[139.83022667776274,35.66193636264728],[139.8302316498081,35.661891113764156],[139.8302549548924,35.66189282697414],[139.8302499828566,35.6619381659957]]]}},{"type":"Feature","properties":{"height":6.8,"gml_id":"bldg_35555561-5849-4a8b-be49-4e8f59611c23"},"geometry":{"type":"Polygon","coordinates":[[[139.82982773016747,35.66190309096727],[139.8298911288547,35.661906968707456],[139.8298872612466,35.66194942334638],[139.82982386252203,35.66194563574165],[139.82982773016747,35.66190309096727]]]}},{"type":"Feature","properties":{"height":11.9,"gml_id":"bldg_08c1f709-dfb2-4a8d-8d3c-383c78743064"},"geometry":{"type":"Polygon","coordinates":[[[139.83694866806928,35.66064548957052],[139.83694701018553,35.66062007084758],[139.83698666136536,35.66061826690139],[139.83698842970674,35.660643595482945],[139.83694866806928,35.66064548957052]]]}},{"type":"Feature","properties":{"height":8.2,"gml_id":"bldg_dac220e3-4c16-436e-b6ef-d8d75b42c163"},"geometry":{"type":"Polygon","coordinates":[[[139.8331180638171,35.662121454754654],[139.83300683935659,35.66213037811396],[139.83297569217987,35.662111629431806],[139.8329723791283,35.662003644732174],[139.8329803316502,35.6619940000463],[139.8329888364294,35.66198345398676],[139.83310834452246,35.66197290818514],[139.83312612708875,35.66199400038541],[139.83312855700513,35.66199697492613],[139.8331372823829,35.66210279633123],[139.8331180638171,35.662121454754654]]]}},{"type":"Feature","properties":{"height":5.3,"gml_id":"bldg_d22ba6c3-db8e-42da-acc6-b477e01b64c4"},"geometry":{"type":"Polygon","coordinates":[[[139.8320636423896,35.658533254792495],[139.83205790014964,35.658472321765686],[139.83211047261088,35.65846898722257],[139.83211621489056,35.65852992024691],[139.8320636423896,35.658533254792495]]]}},{"type":"Feature","properties":{"height":8.6,"gml_id":"bldg_b5e0d4d7-bec1-4a2b-b385-787a562e38c9"},"geometry":{"type":"Polygon","coordinates":[[[139.83769925225957,35.662145532647195],[139.83748685499194,35.66215671720637],[139.83748597081203,35.66214572046563],[139.83736679417828,35.66215203413909],[139.83736137862823,35.66208361998094],[139.83737032515378,35.662083168994016],[139.83736325179237,35.661993933134845],[139.83735054182648,35.6618324072085],[139.83730514664066,35.66183484242605],[139.83728503200487,35.661579573756455],[139.83732479408846,35.66157749928313],[139.83730025866177,35.66126589482539],[139.83740198291744,35.66126048318261],[139.83739756208692,35.66120468822998],[139.8375843325205,35.6611948567962],[139.83759870067817,35.66137648331451],[139.83759019603372,35.661376934302844],[139.83762854825653,35.6618622331175],[139.8376767047158,35.66185970754101],[139.83768731528875,35.661993921854325],[139.83769925225957,35.662145532647195]]]}},{"type":"Feature","properties":{"height":1.8,"gml_id":"bldg_18e99555-9930-4ffc-bdca-252c12d195d1"},"geometry":{"type":"Polygon","coordinates":[[[139.83727375946123,35.659197240118885],[139.8372727649447,35.65918723488741],[139.83730987509594,35.659184890092405],[139.83731086961706,35.65919489532357],[139.83727375946123,35.659197240118885]]]}},{"type":"Feature","properties":{"height":1.7,"gml_id":"bldg_322983b7-c6de-496f-944e-484a2e3df4aa"},"geometry":{"type":"Polygon","coordinates":[[[139.837318379935,35.65919300218749],[139.83731716440658,35.65918074352588],[139.83734135226572,35.65917912024806],[139.83734256780232,35.65919146904695],[139.837318379935,35.65919300218749]]]}},{"type":"Feature","properties":{"height":2.7,"gml_id":"bldg_d1589b47-ade9-4538-b3d1-c431e1ca2fa4"},"geometry":{"type":"Polygon","coordinates":[[[139.8338018884383,35.66568801237451],[139.83379437732754,35.66567223835567],[139.83384772754383,35.665655562717546],[139.83385512820735,35.66567133673359],[139.8338018884383,35.66568801237451]]]}},{"type":"Feature","properties":{"height":2.3,"gml_id":"bldg_8b773195-f393-4bad-88b7-b302f4e0f0e8"},"geometry":{"type":"Polygon","coordinates":[[[139.83373815530442,35.66570396692826],[139.83373263242487,35.66568999564722],[139.8337812330722,35.66567710582574],[139.83378675595984,35.665691167241995],[139.83373815530442,35.66570396692826]]]}},{"type":"Feature","properties":{"height":11.0,"gml_id":"bldg_64916c27-2e2c-4daa-960b-9e6c48ee5358"},"geometry":{"type":"Polygon","coordinates":[[[139.8357810375572,35.66191609691234],[139.83577915933802,35.661897979318475],[139.83578424007104,35.6618976186653],[139.83578236184053,35.66187914052152],[139.83579771448956,35.66187814869612],[139.8357997031967,35.66189734793717],[139.83580356897184,35.66189707744552],[139.8358053367261,35.66191456407897],[139.8357810375572,35.66191609691234]]]}},{"type":"Feature","properties":{"height":2.5,"gml_id":"bldg_3bf98e48-cd4c-473f-82a2-8ef2cc7396d8"},"geometry":{"type":"Polygon","coordinates":[[[139.83120762580492,35.66070564678425],[139.83124153379416,35.66070375449069],[139.8312439629441,35.660731967567436],[139.83121005494297,35.66073385986166],[139.83120762580492,35.66070564678425]]]}},{"type":"Feature","properties":{"height":2.1,"gml_id":"bldg_622b2db5-c232-4c00-b308-b492f95b0faa"},"geometry":{"type":"Polygon","coordinates":[[[139.83120055629132,35.66073413010629],[139.83116874678956,35.66073737448839],[139.831164550467,35.66070952192831],[139.83119635995791,35.66070627754731],[139.83120055629132,35.66073413010629]]]}},{"type":"Feature","properties":{"height":22.9,"gml_id":"bldg_6ec663e8-deb4-4dbf-9d69-53059aba2e7a"},"geometry":{"type":"Polygon","coordinates":[[[139.83576543238053,35.664516652889574],[139.83573527856262,35.664525937650474],[139.83561785811153,35.66427193264229],[139.83608176097465,35.664129235383065],[139.83609435367129,35.66415645660165],[139.836561458217,35.66401465879273],[139.83662309702422,35.66414986328485],[139.83664552122707,35.664198987574295],[139.83664905608333,35.66420682943414],[139.83646471031395,35.66426280971778],[139.83647741365823,35.66429111254206],[139.83619553741485,35.664375488212116],[139.83619907222848,35.66438314981008],[139.83576543238053,35.664516652889574]]]}},{"type":"Feature","properties":{"height":3.0,"gml_id":"bldg_b5dcb6a2-1a75-4a7c-a07f-910ccd4913c5"},"geometry":{"type":"Polygon","coordinates":[[[139.83366888841906,35.663111344089266],[139.8336385137901,35.663070331628006],[139.8336737480868,35.66305293500464],[139.83372046944504,35.66303851287059],[139.83376122639288,35.66303193269839],[139.83411622050906,35.66300317796663],[139.83412207495942,35.66305085974128],[139.83376984194743,35.663079344969105],[139.83373670619926,35.663084753331965],[139.83369948372805,35.66309620090769],[139.83366888841906,35.663111344089266]]]}},{"type":"Feature","properties":{"height":2.1,"gml_id":"bldg_ed1d545e-3559-41a9-99ff-6aa5db47c32c"},"geometry":{"type":"Polygon","coordinates":[[[139.83372114501134,35.66569603489165],[139.83372821428864,35.66571253001576],[139.83368149136996,35.66572605077226],[139.83367431164487,35.66570955564576],[139.83372114501134,35.66569603489165]]]}},{"type":"Feature","properties":{"height":7.4,"gml_id":"bldg_5c1c354a-49a1-43f7-b9ea-73a422f7789e"},"geometry":{"type":"Polygon","coordinates":[[[139.83110800230597,35.6646220275471],[139.8312631908536,35.66463437914309],[139.83127412584835,35.664635280704886],[139.83127092171313,35.66467214685958],[139.83123336557557,35.664729924303714],[139.83108524740783,35.664665833916274],[139.83109883392467,35.66464501242243],[139.83110071210444,35.66462887785698],[139.8311071184656,35.66462932866274],[139.83110800230597,35.6646220275471]]]}},{"type":"Feature","properties":{"height":17.7,"gml_id":"bldg_3861e844-3053-405f-961f-0232db34a08c"},"geometry":{"type":"Polygon","coordinates":[[[139.83108895484654,35.66243502228113],[139.83109525239175,35.6623705741106],[139.83117013845336,35.66237535276477],[139.83117610449892,35.66231369884487],[139.83140794190126,35.662328665594195],[139.8314017550753,35.66239257295851],[139.83155848572514,35.66240276090403],[139.83153627980684,35.66263198014477],[139.83134641317693,35.66261971846695],[139.83134111013536,35.66267398113128],[139.8311399773506,35.66266099784146],[139.83114550149273,35.662604481753334],[139.83107304515846,35.66259979326713],[139.83107978469374,35.66252975658472],[139.83108895484654,35.66243502228113]]]}},{"type":"Feature","properties":{"height":24.8,"gml_id":"bldg_80a1ccce-4f2d-44f9-8bc6-a2c6f8ef8113"},"geometry":{"type":"Polygon","coordinates":[[[139.83120665953234,35.663823682040864],[139.83037174302098,35.66376074846555],[139.8304828941886,35.66277816277973],[139.83084738549627,35.66280566278081],[139.83096258689295,35.66281431829992],[139.83098180553682,35.662815760876086],[139.83104233322288,35.66282035905322],[139.831317800558,35.66284109559434],[139.83120665953234,35.663823682040864]]]}},{"type":"Feature","properties":{"height":47.0,"gml_id":"bldg_c313e7ab-3200-408f-a8fd-dcd42dc64fee"},"geometry":{"type":"Polygon","coordinates":[[[139.82578891968015,35.666068787798686],[139.82574628330826,35.66606968649402],[139.825744631081,35.66602083191342],[139.82574165749853,35.66592844087915],[139.8266828591139,35.66590785507018],[139.82667911333203,35.66579049595088],[139.82694454033089,35.66578465139353],[139.8269483969072,35.665902641472464],[139.82770204257153,35.665886274065095],[139.82769972800764,35.66581479498791],[139.82786872647748,35.665811107141614],[139.8278710411919,35.66588258621561],[139.8297233976002,35.66584218429381],[139.82972913339606,35.66601876365654],[139.82985052534914,35.666016153243746],[139.82985162836172,35.666051937827746],[139.82987349880352,35.666051487771064],[139.82988850122956,35.66650965664181],[139.82999122662093,35.66650740610158],[139.82999365359586,35.66658149911434],[139.82988639935192,35.66658383966447],[139.82989246661933,35.66676772013651],[139.82584076077143,35.6668560511241],[139.8258149875123,35.66606824860458],[139.82578891968015,35.666068787798686]]]}},{"type":"Feature","properties":{"height":6.3,"gml_id":"bldg_883a3cbe-b844-4302-81f3-10452588e611"},"geometry":{"type":"Polygon","coordinates":[[[139.83478096612802,35.66536296905345],[139.83482746772154,35.66534854649808],[139.83490004017125,35.665504573449816],[139.83485530581936,35.665520257934375],[139.83478096612802,35.66536296905345]]]}},{"type":"Feature","properties":{"height":3.3,"gml_id":"bldg_14fce704-dcc8-42a2-8e6a-5413a4ef8fe0"},"geometry":{"type":"Polygon","coordinates":[[[139.83445876518806,35.66525066126816],[139.83451233783694,35.66536594651803],[139.8344951068195,35.66537126479333],[139.83444153419185,35.66525597953589],[139.83445876518806,35.66525066126816]]]}},{"type":"Feature","properties":{"height":40.1,"gml_id":"bldg_4c261e3c-0449-4420-82e4-a2b0af204e35"},"geometry":{"type":"Polygon","coordinates":[[[139.83629916722163,35.66501383899055],[139.83600016682206,35.66510596643227],[139.8358535836831,35.664789046395285],[139.83603417563563,35.66473342768603],[139.8359877812756,35.66463319589421],[139.83681739561314,35.664377725261936],[139.83701026807418,35.664794875565214],[139.8363644455139,35.66499373671906],[139.83629916722163,35.66501383899055]]]}},{"type":"Feature","properties":{"height":5.4,"gml_id":"bldg_7de6f9bf-f6ff-4468-aba5-8b6af1bbcaf3"},"geometry":{"type":"Polygon","coordinates":[[[139.83718352235852,35.659161638719716],[139.83718661695397,35.65920481448977],[139.83707274609685,35.65921031646768],[139.8370696515583,35.659167050557244],[139.83718352235852,35.659161638719716]]]}},{"type":"Feature","properties":{"height":5.0,"gml_id":"bldg_69cb0e27-469f-4a7c-a306-575223fa15a6"},"geometry":{"type":"Polygon","coordinates":[[[139.83656169896514,35.65901960027075],[139.83655860444867,35.65896984444457],[139.83662244266057,35.65896713859246],[139.83662553722024,35.65901698455454],[139.83656169896514,35.65901960027075]]]}},{"type":"Feature","properties":{"height":10.6,"gml_id":"bldg_885cf104-7973-434b-8d2f-7974f8c0cba8"},"geometry":{"type":"Polygon","coordinates":[[[139.83325833551964,35.66362332525463],[139.83318565721277,35.6636305361832],[139.8331822332019,35.663607821542264],[139.83314876584058,35.663611156581176],[139.8331146363907,35.66338193699127],[139.83313451793586,35.66337995400182],[139.83322078173975,35.66337139105551],[139.83325833551964,35.66362332525463]]]}},{"type":"Feature","properties":{"height":6.1,"gml_id":"bldg_66515fde-8373-47c3-b38d-aa4ff334fc25"},"geometry":{"type":"Polygon","coordinates":[[[139.83315605565133,35.663660101225794],[139.83286766169874,35.66368867402638],[139.83286567361333,35.663675604088986],[139.8331087816409,35.663646490392466],[139.83307829707323,35.66347000120848],[139.8328110003205,35.66350010625375],[139.83280315846346,35.66345206295901],[139.83303566233553,35.66342484224834],[139.83302439633414,35.66337012878752],[139.83313109395087,35.66335696894614],[139.83313451793586,35.66337995400182],[139.8331146363907,35.66338193699127],[139.83314876584058,35.663611156581176],[139.83315605565133,35.663660101225794]]]}},{"type":"Feature","properties":{"height":11.0,"gml_id":"bldg_9d396a56-3638-4e6e-90f8-799d5528d0d2"},"geometry":{"type":"Polygon","coordinates":[[[139.83358958544227,35.66374059382284],[139.8335466190439,35.66374483036653],[139.83351944705922,35.663562392219625],[139.8335624133613,35.66355815568549],[139.83358958544227,35.66374059382284]]]}},{"type":"Feature","properties":{"height":25.7,"gml_id":"bldg_0c935549-ce30-48b9-9b84-8423ae779a24"},"geometry":{"type":"Polygon","coordinates":[[[139.8322243594838,35.66524164767858],[139.8321481475781,35.66507705601631],[139.83219255081804,35.66506335555649],[139.8321596362747,35.66498538636663],[139.8321501370881,35.66498800025906],[139.83211600767365,35.66490588472269],[139.8321523475835,35.66489353625694],[139.83214295927206,35.66486856809688],[139.83220514573335,35.66484945956068],[139.8322171849645,35.66487577980201],[139.83224557203195,35.66486712686865],[139.83223275969803,35.66483422659076],[139.83232852453898,35.664805924275186],[139.83234222062123,35.66483287547998],[139.83235271393,35.664826025121286],[139.83236508500534,35.66481638051647],[139.8323785606123,35.664807997843155],[139.83239866352318,35.664798803983075],[139.8324208650497,35.66479168329643],[139.8324482579193,35.66478771745396],[139.8324735521155,35.66478627543834],[139.83249122489946,35.6647868163878],[139.83248062152174,35.66475896384737],[139.83257594436162,35.664731112018686],[139.83259041366432,35.6647617588351],[139.83261935293044,35.66475256499228],[139.83260985406693,35.66472408150761],[139.83266938937277,35.66470695573874],[139.83268231235988,35.66473498855021],[139.83271566980753,35.66472480319629],[139.8327968529476,35.664900481434906],[139.8327901150386,35.66492238479965],[139.8327937599964,35.664931488696226],[139.83281728698663,35.66492427780514],[139.83285638763897,35.665001976428414],[139.83284324343876,35.665006483246955],[139.8328540679121,35.66502991902132],[139.83290222649075,35.665014956390635],[139.83293757179766,35.66509058181207],[139.83289305820364,35.6651062655695],[139.83289813908246,35.665118884827436],[139.83267877411973,35.665186396765534],[139.83266673435554,35.66520036800015],[139.83265016592063,35.6652131674214],[139.83262630741868,35.665225516110645],[139.83260410577716,35.66523407903344],[139.83257638138932,35.66523876600834],[139.83255009295667,35.66523975735187],[139.83252137452837,35.66523804455063],[139.83230267168304,35.66530348264602],[139.83229438766594,35.66529140416029],[139.83225340847503,35.66530267097751],[139.8322275627088,35.665240656196374],[139.8322243594838,35.66524164767858]]]}},{"type":"Feature","properties":{"height":33.0,"gml_id":"bldg_7a060269-8c39-49dc-a676-2866b53d2a33"},"geometry":{"type":"Polygon","coordinates":[[[139.8304272719302,35.65847031043133],[139.8304335645764,35.65854746830335],[139.83038850237554,35.658549991060525],[139.83038220977247,35.65847283318619],[139.8304272719302,35.65847031043133]]]}},{"type":"Feature","properties":{"height":21.7,"gml_id":"bldg_466641f9-f4c2-4565-84b2-21f526a80646"},"geometry":{"type":"Polygon","coordinates":[[[139.83360129475423,35.66411214033548],[139.8334212547424,35.66412998781456],[139.833399605632,35.66398450599934],[139.8333390769329,35.66399045508858],[139.83333443787126,35.66395881684664],[139.8333333333333,35.663958906984085],[139.83331367255713,35.663960890006216],[139.8333058303554,35.663908339875746],[139.83292752615313,35.66394583637122],[139.83289439123882,35.663723106631096],[139.83319747561472,35.663693001447534],[139.83319206346098,35.66365649577554],[139.83315605565133,35.663660101225794],[139.83314876584058,35.663611156581176],[139.8331822332019,35.663607821542264],[139.83318565721277,35.6636305361832],[139.83325833551964,35.66362332525463],[139.83322078173975,35.66337139105551],[139.8333333333333,35.6633602140642],[139.83348708384023,35.66334498073681],[139.83351944705922,35.663562392219625],[139.8335466190439,35.66374483036653],[139.83355987371507,35.66383370586269],[139.83360129475423,35.66411214033548]]]}},{"type":"Feature","properties":{"height":11.8,"gml_id":"bldg_0a1f0300-5852-45fc-8fb4-c463ec4cc6c6"},"geometry":{"type":"Polygon","coordinates":[[[139.83292619945445,35.66419272281597],[139.83279818303606,35.66420705416782],[139.8327139103895,35.66370724164756],[139.8327870306288,35.663699039493885],[139.83278360672793,35.663676324841894],[139.83286456912194,35.66366830295153],[139.83286567361333,35.663675604088986],[139.83286766169874,35.66368867402638],[139.83315605565133,35.663660101225794],[139.83319206346098,35.66365649577554],[139.83319747561472,35.663693001447534],[139.83289439123882,35.663723106631096],[139.83292752615313,35.66394583637122],[139.8333058303554,35.663908339875746],[139.83331367255713,35.663960890006216],[139.8333333333333,35.663958906984085],[139.83333443787126,35.66395881684664],[139.8333390769329,35.66399045508858],[139.833399605632,35.66398450599934],[139.8334212547424,35.66412998781456],[139.83360129475423,35.66411214033548],[139.83355987371507,35.66383370586269],[139.83365784603973,35.663823970794574],[139.83369208768627,35.66405364090054],[139.83362382718457,35.66406049153004],[139.83363166960982,35.66411313177589],[139.83360913699957,35.66411529512817],[139.83361267161206,35.66413945195381],[139.83360505028574,35.664140263208196],[139.8336058234846,35.66414630241488],[139.83358715678256,35.66415675839861],[139.833560206023,35.66416847631948],[139.833526186194,35.66418055479557],[139.83349934585823,35.66418578280701],[139.83346897098315,35.66418857710565],[139.83343218976452,35.664189208103515],[139.83342699838468,35.66415793041641],[139.8334232429467,35.66415829096903],[139.83341992930005,35.66413557633677],[139.8333993848504,35.66413755937346],[139.8333841421276,35.664034982973966],[139.83334758188712,35.66403858848148],[139.8333432741812,35.664009654363326],[139.8333333333333,35.66401073601304],[139.83332029977672,35.66401199793652],[139.8333166548041,35.6639877509643],[139.83314997992838,35.66400424597767],[139.8331472186248,35.66398576779794],[139.8328954942032,35.66401073521708],[139.83292619945445,35.66419272281597]]]}},{"type":"Feature","properties":{"height":3.6,"gml_id":"bldg_60f56a8e-501b-4c50-b86e-856bbb19f372"},"geometry":{"type":"Polygon","coordinates":[[[139.83296750907004,35.66424193798979],[139.83294276732016,35.66424446176035],[139.8329085276139,35.664038227183276],[139.83316190893794,35.66400758108058],[139.83316478070276,35.664024526923576],[139.8332819722848,35.664011006414405],[139.8333333333333,35.66404255452972],[139.8333858000666,35.66407464344713],[139.83339905351036,35.664164510467955],[139.8333540987013,35.66416892721858],[139.83334316373777,35.66409474410732],[139.8333333333333,35.66408870489924],[139.83326971187472,35.66404976550818],[139.833152520234,35.66406328600533],[139.83314611399092,35.66402669019459],[139.83293382148727,35.66405246898548],[139.83296750907004,35.66424193798979]]]}},{"type":"Feature","properties":{"height":3.6,"gml_id":"bldg_75763196-75c9-4cc9-86ff-e009a3d1ae4d"},"geometry":{"type":"Polygon","coordinates":[[[139.8338313744868,35.664762030509145],[139.83380828945496,35.66476924159681],[139.83372854016187,35.664597439941105],[139.83375184606072,35.66459022886776],[139.8338313744868,35.664762030509145]]]}},{"type":"Feature","properties":{"height":21.6,"gml_id":"bldg_accefae5-2768-4d8b-9808-cf58a1f5f3a0"},"geometry":{"type":"Polygon","coordinates":[[[139.8340565989032,35.66552387087707],[139.83371816236894,35.665628251564],[139.83369507679174,35.66557209602452],[139.83403185629902,35.665469788571755],[139.8340565989032,35.66552387087707]]]}},{"type":"Feature","properties":{"height":7.3,"gml_id":"bldg_491b1705-33c3-4052-ac97-2fd500b60ed6"},"geometry":{"type":"Polygon","coordinates":[[[139.83318278136534,35.665793473967895],[139.83272670613056,35.66593597978471],[139.83270063885146,35.66587775088188],[139.8331563824293,35.665736777498],[139.83318278136534,35.665793473967895]]]}},{"type":"Feature","properties":{"height":40.5,"gml_id":"bldg_b2fae1e4-cd11-49ea-a480-6013ba9430ad"},"geometry":{"type":"Polygon","coordinates":[[[139.83270063885146,35.66587775088188],[139.83233613120214,35.66599042018057],[139.83226036015196,35.66582799191142],[139.83300428473072,35.66560265270286],[139.8329591086817,35.66549989591423],[139.8332048732193,35.66542553305612],[139.83317759076195,35.66535901160756],[139.8332069719991,35.665349817625035],[139.8330124611535,35.6649342837378],[139.83326087483144,35.66485730678],[139.83321426295672,35.664756713371816],[139.8333333333333,35.66471984722166],[139.83372854016187,35.664597439941105],[139.83380828945496,35.66476924159681],[139.8340447779485,35.665279508400786],[139.834069851306,35.66527220711883],[139.83414474185776,35.66543544550716],[139.83403185629902,35.665469788571755],[139.83369507679174,35.66557209602452],[139.8333333333333,35.665682064216625],[139.8331563824293,35.665736777498],[139.83270063885146,35.66587775088188]]]}},{"type":"Feature","properties":{"height":11.5,"gml_id":"bldg_e1f99199-282d-44e8-b5c7-f3643f70d67b"},"geometry":{"type":"Polygon","coordinates":[[[139.83642497996516,35.66512317252317],[139.83647667247024,35.665107306998195],[139.83656570728317,35.66530028886455],[139.8361270926182,35.66543505528344],[139.83601607645582,35.66519430075456],[139.836237758171,35.66512615171932],[139.83625974053962,35.66517392402191],[139.83639615144676,35.66513209686487],[139.83642497996516,35.66512317252317]]]}},{"type":"Feature","properties":{"height":24.9,"gml_id":"bldg_8572b797-f5c8-45d5-afff-4ec6896175c7"},"geometry":{"type":"Polygon","coordinates":[[[139.83359721483086,35.666201435697175],[139.83346477705697,35.66622027463289],[139.8334519639649,35.666159161483186],[139.83358296569855,35.66613906064062],[139.83359721483086,35.666201435697175]]]}},{"type":"Feature","properties":{"height":52.8,"gml_id":"bldg_c548001a-edce-428b-92bd-ba31e373d35a"},"geometry":{"type":"Polygon","coordinates":[[[139.83316842098864,35.66630635581586],[139.8331296505551,35.666312755512415],[139.83312136638352,35.666272554214565],[139.83306989340412,35.66628030592998],[139.83304327373432,35.666151589649914],[139.8333333333333,35.666107693080846],[139.83341739091085,35.666094893539295],[139.83342733206652,35.666136897564854],[139.83344820839577,35.66613329205038],[139.83342644828926,35.66603107624601],[139.83430380384073,35.66589721831468],[139.83432943132055,35.66602440199378],[139.83425774509368,35.66603594015403],[139.83426547753325,35.66607668220399],[139.83426304756182,35.666083262253736],[139.83425818751493,35.66608749874944],[139.83425144967003,35.66608885086214],[139.83424526408598,35.666088219947284],[139.83423918894758,35.66608659751974],[139.83423057324828,35.6660799274159],[139.83422438723844,35.66604089796308],[139.83358296569855,35.66613906064062],[139.8334519639649,35.666159161483186],[139.83346477705697,35.66622027463289],[139.8333333333333,35.66624037534662],[139.83315770674264,35.66626714602861],[139.83316842098864,35.66630635581586]]]}},{"type":"Feature","properties":{"height":2.8,"gml_id":"bldg_08daa08f-39bb-4a26-97fc-60c90e35919f"},"geometry":{"type":"Polygon","coordinates":[[[139.8333333333333,35.666299415348455],[139.83316930455598,35.66634980204701],[139.83316068894322,35.66633114359185],[139.8333333333333,35.66627814292037],[139.83341507148052,35.66625299455596],[139.8334236871441,35.66627165299316],[139.8333333333333,35.666299415348455]]]}},{"type":"Feature","properties":{"height":2.2,"gml_id":"bldg_d77eb990-91b7-4bf9-9357-527a6ffc5d27"},"geometry":{"type":"Polygon","coordinates":[[[139.8333333333333,35.66635773425045],[139.8332491649947,35.66638477544279],[139.8332317128127,35.66634872046696],[139.8333333333333,35.66631609076871],[139.83343119823468,35.66628463277392],[139.83344854003536,35.66632068772134],[139.8333333333333,35.66635773425045]]]}},{"type":"Feature","properties":{"height":2.1,"gml_id":"bldg_4ae5e4a9-82f3-4c6a-a84f-3d3fcd9c6fd1"},"geometry":{"type":"Polygon","coordinates":[[[139.8333333333333,35.666501232999195],[139.83330284711565,35.666510427010536],[139.83328760402603,35.666476715616604],[139.8333333333333,35.666462924602406],[139.83345980681855,35.666424796413786],[139.8334750499705,35.66645841764879],[139.8333333333333,35.666501232999195]]]}},{"type":"Feature","properties":{"height":2.1,"gml_id":"bldg_2da5b1ca-189c-434c-b38b-7b08e79d0ea2"},"geometry":{"type":"Polygon","coordinates":[[[139.8333333333333,35.66656297712056],[139.83332847320833,35.66656450945632],[139.83331179415268,35.66652926572983],[139.8333333333333,35.666522505426485],[139.83348211926574,35.6664756338845],[139.8334987983851,35.66651087758773],[139.8333333333333,35.66656297712056]]]}},{"type":"Feature","properties":{"height":8.1,"gml_id":"bldg_0df7388c-ad41-4b0c-b3d5-cbee1a009886"},"geometry":{"type":"Polygon","coordinates":[[[139.83670738012722,35.65905709348391],[139.83669942678242,35.659029511626656],[139.83673454864797,35.659022840463685],[139.8367425020003,35.65905033218112],[139.83670738012722,35.65905709348391]]]}},{"type":"Feature","properties":{"height":8.1,"gml_id":"bldg_8b7d92fd-6f7d-4730-b79d-052eb98f891a"},"geometry":{"type":"Polygon","coordinates":[[[139.8373713636229,35.658577541449176],[139.83736605985806,35.658531030665],[139.83746811185435,35.65852318523989],[139.83747341567783,35.658569696019626],[139.8373713636229,35.658577541449176]]]}},{"type":"Feature","properties":{"height":5.9,"gml_id":"bldg_3c693bed-0354-47ee-8efa-6c9c543dd35d"},"geometry":{"type":"Polygon","coordinates":[[[139.83736563384602,35.65884479939],[139.8373676228759,35.65886444930243],[139.83731803243288,35.658867695904114],[139.83731604341506,35.65884804599088],[139.83736563384602,35.65884479939]]]}},{"type":"Feature","properties":{"height":11.4,"gml_id":"bldg_b7e8a67c-0ed0-4d08-bdb0-bb0478f262f3"},"geometry":{"type":"Polygon","coordinates":[[[139.8374419465317,35.658727257485154],[139.8374448216868,35.65879639286481],[139.83738363430908,35.65879810755108],[139.83738308141574,35.65878503762935],[139.83735602201762,35.65878575963641],[139.83735425283302,35.65874510767403],[139.8373798764115,35.658744385715615],[139.83737921295437,35.65872897222194],[139.8374419465317,35.658727257485154]]]}},{"type":"Feature","properties":{"height":9.7,"gml_id":"bldg_6b37b355-ae45-4f42-b8cd-9d11cbf01903"},"geometry":{"type":"Polygon","coordinates":[[[139.83695928998588,35.65861793617111],[139.8369537647468,35.65855330773363],[139.8373118308218,35.658533195769266],[139.83731735634797,35.65859782419051],[139.83695928998588,35.65861793617111]]]}},{"type":"Feature","properties":{"height":2.6,"gml_id":"bldg_98938e96-d5d8-4112-a99e-53592d0aa022"},"geometry":{"type":"Polygon","coordinates":[[[139.83731384164255,35.66121794123636],[139.8373106371795,35.66118945789752],[139.8373783427591,35.66118431780581],[139.83738165769603,35.661212801139165],[139.83731384164255,35.66121794123636]]]}},{"type":"Feature","properties":{"height":50.4,"gml_id":"bldg_51f52563-9c90-40ac-a447-f1058deb7702"},"geometry":{"type":"Polygon","coordinates":[[[139.8342191718796,35.6638776898901],[139.83424590160652,35.66387201103158],[139.8342747299811,35.663869036274036],[139.83430377929687,35.66386903604344],[139.83433260774237,35.6638720103433],[139.83436077350603,35.66387795917753],[139.83438772431998,35.66388670227657],[139.83441323927678,35.66389805936829],[139.83443665565596,35.663912030459656],[139.8344578629999,35.66392825500316],[139.8344765299451,35.66394655272819],[139.83449276696078,35.663968005284175],[139.83596499090075,35.66351477103531],[139.83586215197457,35.663292404148784],[139.83598895058597,35.66325337190248],[139.8359856367568,35.66324598070439],[139.83599900120575,35.66323570473968],[139.83602219583133,35.663221913193716],[139.83604737868404,35.66321064544714],[139.83607410795753,35.66320199164624],[139.83610183139947,35.66319622221507],[139.83613032810402,35.6631932470206],[139.83615904581677,35.66319324635017],[139.8361875427299,35.66319622021409],[139.83621537702902,35.66320198834816],[139.8362421069092,35.663210640901],[139.83626729055183,35.66322190747172],[139.83629048614432,35.663235697934645],[139.83631136231924,35.663251741886775],[139.83632969816122,35.66326976892244],[139.8363450518516,35.663289598778924],[139.83635731291932,35.66331078077284],[139.8363661499935,35.66333304450116],[139.83637156306145,35.66335611955221],[139.8363733311938,35.663379465107376],[139.83637156483368,35.66340290088908],[139.83636615350446,35.66342588607528],[139.836357318099,35.66344815024758],[139.8363450586046,35.66346942299289],[139.8361793859179,35.663666557620836],[139.83616602185324,35.663689092297496],[139.83610174321888,35.66384142607427],[139.836093790641,35.663843859967805],[139.83613433021745,35.663932374000794],[139.83469777607823,35.66437055693789],[139.8346572378658,35.66428204242771],[139.83464818066236,35.66428474665006],[139.8343676262368,35.66423481324613],[139.83436077810677,35.6642370667407],[139.8343326123641,35.664242925911175],[139.83430378385728,35.6642459006824],[139.834274734405,35.664245900913],[139.83424590582723,35.664242926599464],[139.8342177399449,35.66423706787615],[139.83419078903174,35.664228324739604],[139.8341652740004,35.66421687746393],[139.83414174712536,35.66420290632125],[139.83412065022688,35.66418668172209],[139.8341020937619,35.664168474079354],[139.83408651954807,35.664148463666294],[139.8340741484955,35.66412701103248],[139.83406520151362,35.66410447672726],[139.83405978905634,35.664081131163066],[139.83405791112554,35.66405751516499],[139.83405978862766,35.66403380900677],[139.83406520065648,35.6640105535142],[139.83407414721157,35.66398801909913],[139.83408651783972,35.66396656631125],[139.8341020916346,35.66394655570069],[139.83412064768984,35.663928257680006],[139.83414174419326,35.66391203280055],[139.8341652706931,35.66389806133668],[139.83419078537915,35.663886703839886],[139.8342191718796,35.6638776898901]]]}},{"type":"Feature","properties":{"height":9.0,"gml_id":"bldg_090f580b-48b3-43eb-a915-eaacfac6dd82"},"geometry":{"type":"Polygon","coordinates":[[[139.83576543238053,35.664516652889574],[139.83619907222848,35.66438314981008],[139.83621718816005,35.6644224492994],[139.83578354812977,35.66455595244329],[139.83576543238053,35.664516652889574]]]}},{"type":"Feature","properties":{"height":12.2,"gml_id":"bldg_1e8979b3-6f94-4f54-aefe-cbaf016e7288"},"geometry":{"type":"Polygon","coordinates":[[[139.83637931780305,35.6668705775449],[139.83622819957523,35.66653959673684],[139.83673209975728,35.66639211877518],[139.8368754876074,35.66671976410279],[139.83637931780305,35.6668705775449]]]}},{"type":"Feature","properties":{"height":7.4,"gml_id":"bldg_536c8841-6ef2-42f3-8fa8-a7ee76c9b263"},"geometry":{"type":"Polygon","coordinates":[[[139.82781112689412,35.66014731742815],[139.8278245122788,35.65983994916144],[139.82787067950213,35.659841303327006],[139.82785729429418,35.66014867159877],[139.82781112689412,35.66014731742815]]]}}]}