{"type":"FeatureCollection","crs":{"type":"name","properties":{"name":"urn:ogc:def:crs:OGC:1.3:CRS84"}},"features":[{"type":"Feature","properties":{"height":6.0,"gml_id":"bldg_c2f1ac26-f6f6-446e-822b-f229dbddbb9d"},"geometry":{"type":"Polygon","coordinates":[[[139.7400012973448,35.77657883544956],[139.73995447319228,35.776609986059135],[139.73990984326096,35.776561909063055],[139.7399541219173,35.77653201839419],[139.7400012973448,35.77657883544956]]]}},{"type":"Feature","properties":{"height":7.4,"gml_id":"bldg_57b83582-c2c6-4885-ad4b-9c0e8aebff75"},"geometry":{"type":"Polygon","coordinates":[[[139.74901436988935,35.77933724512129],[139.74901164587,35.77929812432653],[139.74902204425192,35.77929741053151],[139.7490209632459,35.77927361395418],[139.7490701876259,35.779272116147645],[139.74907116621299,35.77928816098434],[139.74909992587072,35.77928791072459],[139.74910563020998,35.77933298255966],[139.74901436988935,35.77933724512129]]]}},{"type":"Feature","properties":{"height":7.3,"gml_id":"bldg_28d01e03-09d6-46f1-9f5f-2f6275e25aaa"},"geometry":{"type":"Polygon","coordinates":[[[139.74850053437484,35.78301676184585],[139.74847142238823,35.78293093219163],[139.74854123728855,35.78291692028064],[139.7485686886381,35.78300410078204],[139.74850053437484,35.78301676184585]]]}},{"type":"Feature","properties":{"height":6.7,"gml_id":"bldg_0d72b0a0-e224-4738-9956-a3b36bf1517e"},"geometry":{"type":"Polygon","coordinates":[[[139.738591225268,35.77585385294195],[139.73855291472054,35.775794423314025],[139.73861322692238,35.77576851174175],[139.73865164811056,35.77582794143786],[139.738591225268,35.77585385294195]]]}},{"type":"Feature","properties":{"height":7.0,"gml_id":"bldg_3c7c81cf-dd62-4995-b6ee-284a486a7f3b"},"geometry":{"type":"Polygon","coordinates":[[[139.74882922239877,35.78182801413553],[139.74890070790937,35.78180228555307],[139.74893625705045,35.78186792925378],[139.74886477149244,35.78189365785702],[139.74882922239877,35.78182801413553]]]}},{"type":"Feature","properties":{"height":7.1,"gml_id":"bldg_69a45396-ba65-4c22-9db3-42c04499459a"},"geometry":{"type":"Polygon","coordinates":[[[139.74706645515792,35.77935362032744],[139.7470663281863,35.77936876303012],[139.74711322657382,35.7793702388335],[139.74711320993217,35.779385652022334],[139.7471261515676,35.77938575143571],[139.74712502305616,35.7794064818324],[139.74698907874082,35.779407105390156],[139.74698931068764,35.77939719063228],[139.7469651974183,35.779396812774486],[139.74696734420272,35.77935508149782],[139.74706645515792,35.77935362032744]]]}},{"type":"Feature","properties":{"height":8.2,"gml_id":"bldg_14f05d9a-1148-43aa-8d58-dfab183da6ac"},"geometry":{"type":"Polygon","coordinates":[[[139.746873223535,35.781898822409914],[139.74690424913368,35.78195211487442],[139.74682955164388,35.78198090457025],[139.74679863670062,35.78192761216636],[139.746873223535,35.781898822409914]]]}},{"type":"Feature","properties":{"height":3.9,"gml_id":"bldg_41d8dc2f-f251-473a-bc30-fbb178efd974"},"geometry":{"type":"Polygon","coordinates":[[[139.74153411653666,35.77590904493442],[139.74151676274795,35.77589884635009],[139.74158122052432,35.775825975741],[139.74159868491364,35.77583617440051],[139.74153411653666,35.77590904493442]]]}},{"type":"Feature","properties":{"height":7.8,"gml_id":"bldg_c10d3836-9b28-4e8e-8356-7a21f04e2631"},"geometry":{"type":"Polygon","coordinates":[[[139.74632243468633,35.78182343230271],[139.74634760968127,35.781865273451814],[139.74628641210953,35.781889655928424],[139.74627791016079,35.78187540834317],[139.74622777893788,35.78189547228973],[139.74621121654582,35.781867878786585],[139.74632243468633,35.78182343230271]]]}},{"type":"Feature","properties":{"height":2.5,"gml_id":"bldg_d6a57254-8f42-4fa6-bf1c-fa2941750fff"},"geometry":{"type":"Polygon","coordinates":[[[139.73943501281047,35.776643112090525],[139.73944285356518,35.77665375422604],[139.73942835537505,35.776660863627676],[139.7394205147276,35.7766501313556],[139.73943501281047,35.776643112090525]]]}},{"type":"Feature","properties":{"height":6.7,"gml_id":"bldg_9fb5a22e-769e-4467-b9a3-00fba9f36ee5"},"geometry":{"type":"Polygon","coordinates":[[[139.7492345189683,35.778154368367396],[139.74923461315842,35.77816996190882],[139.7491764314551,35.77817001134445],[139.7491766063723,35.778108989599886],[139.74922052087734,35.778107307743824],[139.74922062227986,35.778116050977424],[139.74924528870537,35.77811597809108],[139.74924535888562,35.77815437594718],[139.7492345189683,35.778154368367396]]]}},{"type":"Feature","properties":{"height":4.0,"gml_id":"bldg_1f5d99fd-6730-4bee-a0da-c379b89929c3"},"geometry":{"type":"Polygon","coordinates":[[[139.74432740716256,35.778798912347135],[139.74437826220398,35.778822835930384],[139.74435078716306,35.77886157394819],[139.74434713886333,35.778859858670764],[139.74431645080978,35.77890328135848],[139.7442693545465,35.77888116324678],[139.74432740716256,35.778798912347135]]]}},{"type":"Feature","properties":{"height":2.3,"gml_id":"bldg_972ec70d-51e8-4132-bc76-d6a3b4ae5b0b"},"geometry":{"type":"Polygon","coordinates":[[[139.74798825820412,35.782812783001155],[139.74800806544556,35.782806577698395],[139.7480302496538,35.7828533738265],[139.74801044240246,35.78285957913285],[139.74798825820412,35.782812783001155]]]}},{"type":"Feature","properties":{"height":2.8,"gml_id":"bldg_c7087a6c-786f-48bf-b3c6-d97923d09f3f"},"geometry":{"type":"Polygon","coordinates":[[[139.747009284416,35.78046414088077],[139.7470111878596,35.780442870231134],[139.74707755221712,35.780446973953815],[139.74707553817646,35.780468244525174],[139.747009284416,35.78046414088077]]]}},{"type":"Feature","properties":{"height":6.9,"gml_id":"bldg_6c558889-d0b0-4c58-b661-d6ad0f2c6c0c"},"geometry":{"type":"Polygon","coordinates":[[[139.74628379287316,35.78155263687007],[139.746262375417,35.78151404330938],[139.74632058283424,35.78149263315607],[139.74636374907146,35.781570361306464],[139.74631760358292,35.781587363562174],[139.74629585484232,35.781548228954065],[139.74628379287316,35.78155263687007]]]}},{"type":"Feature","properties":{"height":4.2,"gml_id":"bldg_a6e853cc-0304-41c0-8c03-15e1c9e3d507"},"geometry":{"type":"Polygon","coordinates":[[[139.74864812209267,35.78195209365386],[139.7486878712802,35.78202080499558],[139.7486276711911,35.78204392746656],[139.74858792204398,35.78197521610525],[139.74864812209267,35.78195209365386]]]}},{"type":"Feature","properties":{"height":2.7,"gml_id":"bldg_3ffb0acb-860c-45ed-8f17-a77092992725"},"geometry":{"type":"Polygon","coordinates":[[[139.74964833224686,35.77761158943141],[139.74962587771796,35.77761211461862],[139.74962415934425,35.777563079598615],[139.7496466138594,35.777562554411716],[139.74964833224686,35.77761158943141]]]}},{"type":"Feature","properties":{"height":7.1,"gml_id":"bldg_b23bf5a3-9a81-41f8-86d6-24f799ef2855"},"geometry":{"type":"Polygon","coordinates":[[[139.74618873832839,35.78158492672262],[139.74621203496474,35.78162469342073],[139.74617209080836,35.78163539061784],[139.74613400371263,35.78156622896872],[139.74619508820416,35.781543919606094],[139.74621286228555,35.781576110908524],[139.74618873832839,35.78158492672262]]]}},{"type":"Feature","properties":{"height":8.0,"gml_id":"bldg_d7962964-1912-46c9-ade2-f794f472f69b"},"geometry":{"type":"Polygon","coordinates":[[[139.74583259503157,35.78043715113756],[139.74583967337537,35.780438057644155],[139.74584001993435,35.78042462768292],[139.74589344616305,35.78042520735459],[139.74589327672305,35.78047892808473],[139.7458882984733,35.78047946527893],[139.7458879554756,35.78048965035903],[139.7458668279833,35.7804897251302],[139.74586688696186,35.780536866122766],[139.74583403449728,35.78053675208853],[139.74583259503157,35.78043715113756]]]}},{"type":"Feature","properties":{"height":7.9,"gml_id":"bldg_dff24328-f247-4c85-9787-74899be4cd29"},"geometry":{"type":"Polygon","coordinates":[[[139.74849797065852,35.781993991031385],[139.7484830315589,35.78199947876566],[139.7484959489118,35.78202283300948],[139.7484201470058,35.78205045115086],[139.74841219994767,35.78203413098873],[139.74840246222018,35.782037368994885],[139.74836690759238,35.781977223408575],[139.74846838247447,35.781940249313884],[139.74849797065852,35.781993991031385]]]}},{"type":"Feature","properties":{"height":5.0,"gml_id":"bldg_dd6ec569-14fc-4197-9886-e0be6f9332e5"},"geometry":{"type":"Polygon","coordinates":[[[139.74795895004,35.77980727912981],[139.74795096718302,35.77972128403147],[139.74803824658338,35.7797163885043],[139.7480456748289,35.77980391551005],[139.74795895004,35.77980727912981]]]}},{"type":"Feature","properties":{"height":1.9,"gml_id":"bldg_46aeac99-002d-4343-9695-bc41fd73d2e0"},"geometry":{"type":"Polygon","coordinates":[[[139.74570484022658,35.7813396765471],[139.7457244273331,35.781332299695016],[139.74573900014093,35.78135826937668],[139.74571952374413,35.78136555617612],[139.74570484022658,35.7813396765471]]]}},{"type":"Feature","properties":{"height":9.1,"gml_id":"bldg_21dd45b0-cae2-4ef4-bdb5-085c7d80aa6a"},"geometry":{"type":"Polygon","coordinates":[[[139.74673018710675,35.779969365827675],[139.74674677550138,35.7798707693509],[139.74684543107557,35.779881836893395],[139.74682884289803,35.77998034324814],[139.74673018710675,35.779969365827675]]]}},{"type":"Feature","properties":{"height":3.8,"gml_id":"bldg_205eb48a-b7fc-4d3f-894b-347792e27b50"},"geometry":{"type":"Polygon","coordinates":[[[139.73981616908807,35.77740190105061],[139.73978134362238,35.77738754238881],[139.7398039508784,35.77735105501358],[139.73983877633228,35.77736541366891],[139.73981616908807,35.77740190105061]]]}},{"type":"Feature","properties":{"height":9.6,"gml_id":"bldg_24b8a6b7-b1f0-4317-a458-89462c31c12d"},"geometry":{"type":"Polygon","coordinates":[[[139.74868456516575,35.78096567479145],[139.7487243165695,35.78103186233539],[139.7486627883229,35.78105642606425],[139.74862303695795,35.78099023850031],[139.74868456516575,35.78096567479145]]]}},{"type":"Feature","properties":{"height":10.5,"gml_id":"bldg_06dcaad5-4476-4d4f-a50d-d587b5f6a6b3"},"geometry":{"type":"Polygon","coordinates":[[[139.7494518130637,35.782631738801],[139.74945652133076,35.78267771125609],[139.74935087387394,35.7826848483727],[139.74934616566728,35.782638875913605],[139.7494518130637,35.782631738801]]]}},{"type":"Feature","properties":{"height":7.5,"gml_id":"bldg_1e80feb8-bb19-42ec-9028-e5c46a541b13"},"geometry":{"type":"Polygon","coordinates":[[[139.74577001761028,35.78020762019506],[139.74577826396668,35.780252964437665],[139.74565944709022,35.78026847134406],[139.74565427968952,35.780239804435965],[139.74567153917826,35.780236481998735],[139.74566846028497,35.7802198046567],[139.74577001761028,35.78020762019506]]]}},{"type":"Feature","properties":{"height":3.1,"gml_id":"bldg_a9595481-e920-4bff-8414-fa5132470632"},"geometry":{"type":"Polygon","coordinates":[[[139.7477602878741,35.78300686326671],[139.74782347205675,35.7829870783743],[139.74784267607907,35.78302774319407],[139.74776278282513,35.783052834209634],[139.74775086291982,35.78302776802413],[139.74776768248074,35.7830225521268],[139.7477602878741,35.78300686326671]]]}},{"type":"Feature","properties":{"height":9.6,"gml_id":"bldg_cae1c9f8-bb23-4041-ae48-fd6e3647e2d5"},"geometry":{"type":"Polygon","coordinates":[[[139.7491222633445,35.77992329274188],[139.74912468591836,35.77993366004033],[139.7490874055273,35.77993696894984],[139.74907423657683,35.7798377203503],[139.74915897467693,35.77983020829483],[139.74916949906893,35.779919900653475],[139.7491222633445,35.77992329274188]]]}},{"type":"Feature","properties":{"height":7.0,"gml_id":"bldg_82b79203-3eb4-4f10-a14d-c22932208426"},"geometry":{"type":"Polygon","coordinates":[[[139.74727616208997,35.77885486957804],[139.74726747014773,35.77881177850035],[139.7472950168849,35.77880783224097],[139.74732862564795,35.77882399056855],[139.74735915028236,35.7788280685001],[139.74737086733003,35.77883537786646],[139.74737605252702,35.77884800056864],[139.74731708895658,35.778854628450574],[139.74731466150416,35.778849038301864],[139.74727616208997,35.77885486957804]]]}},{"type":"Feature","properties":{"height":6.9,"gml_id":"bldg_ced7f27f-017f-4929-9ea8-04d865d1a77f"},"geometry":{"type":"Polygon","coordinates":[[[139.74599797574058,35.78093202597347],[139.74599289601687,35.780924180482536],[139.7459818293667,35.78092885949859],[139.7459624006337,35.78089270098782],[139.7459724720392,35.78088775084357],[139.7459685025158,35.78087621059624],[139.74600756869256,35.78085884278922],[139.74601342252245,35.780866869113005],[139.74604496055042,35.78085526450926],[139.74607477492538,35.78090260736411],[139.74599797574058,35.78093202597347]]]}},{"type":"Feature","properties":{"height":9.6,"gml_id":"bldg_55a0ee57-cfef-4dbb-96a6-e95d6a9231de"},"geometry":{"type":"Polygon","coordinates":[[[139.7395464365872,35.77632637199809],[139.73951505343,35.776301019383844],[139.73952878226126,35.776289672992476],[139.73953463902228,35.77629436461779],[139.73956552871954,35.77626897043333],[139.7395911657243,35.77628963149846],[139.7395464365872,35.77632637199809]]]}},{"type":"Feature","properties":{"height":7.1,"gml_id":"bldg_19047099-9a82-44d5-813d-800c354aba07"},"geometry":{"type":"Polygon","coordinates":[[[139.74997462538548,35.77793765660608],[139.74997919682284,35.77800877684209],[139.74990762930398,35.77801071020281],[139.74990449474467,35.777940672589324],[139.74997462538548,35.77793765660608]]]}},{"type":"Feature","properties":{"height":2.8,"gml_id":"bldg_178f68ae-25ac-4f1c-8df3-2abc29a0bb35"},"geometry":{"type":"Polygon","coordinates":[[[139.7495215398798,35.77827489989101],[139.7495210073497,35.778255340073954],[139.74958405706292,35.77825430236914],[139.74958458960842,35.778273862185934],[139.7495215398798,35.77827489989101]]]}},{"type":"Feature","properties":{"height":9.5,"gml_id":"bldg_578b101d-fd2a-49fb-8f23-81758359c561"},"geometry":{"type":"Polygon","coordinates":[[[139.74812283799105,35.78026095804522],[139.74815756819422,35.780263506447],[139.74815745661846,35.78026440772463],[139.74819185498126,35.78026695588148],[139.74818292125371,35.78034626894047],[139.7481139032337,35.78034117245498],[139.74812283799105,35.78026095804522]]]}},{"type":"Feature","properties":{"height":3.0,"gml_id":"bldg_07faf43e-4fbf-4cc2-a619-69eebe2397a2"},"geometry":{"type":"Polygon","coordinates":[[[139.7394165169148,35.7790150184408],[139.73940111165786,35.779040604941294],[139.7393600936883,35.77902416820349],[139.73937549895518,35.77899858170821],[139.7394165169148,35.7790150184408]]]}},{"type":"Feature","properties":{"height":7.6,"gml_id":"bldg_2cda350e-6ba3-479a-a799-b42d9fd96791"},"geometry":{"type":"Polygon","coordinates":[[[139.73942734070818,35.77667717739922],[139.73942987974155,35.77668141576017],[139.73944050332392,35.776677097540514],[139.73945739412986,35.77670469225396],[139.7394188836283,35.77672034580104],[139.73942374111425,35.776728281536705],[139.73934838015637,35.77675877867274],[139.7393240928706,35.77671900984183],[139.73942734070818,35.77667717739922]]]}},{"type":"Feature","properties":{"height":7.0,"gml_id":"bldg_91b7b954-8ab9-4435-a3d9-627a6372a9e4"},"geometry":{"type":"Polygon","coordinates":[[[139.74805285425552,35.78012444304009],[139.74809124216836,35.78011996347281],[139.74811146540952,35.78013791480329],[139.74811848382802,35.780194975653195],[139.74805985212885,35.78020070277568],[139.74805285425552,35.78012444304009]]]}},{"type":"Feature","properties":{"height":6.9,"gml_id":"bldg_c7625bbf-12f5-42d7-b706-29dc9ea31686"},"geometry":{"type":"Polygon","coordinates":[[[139.7384692304507,35.77594181937674],[139.7383945339512,35.77597195590056],[139.7383546822672,35.775906395765034],[139.7384293788274,35.77587616912991],[139.7384692304507,35.77594181937674]]]}},{"type":"Feature","properties":{"height":5.8,"gml_id":"bldg_c6e1c187-6757-440e-834c-f09f83e219d7"},"geometry":{"type":"Polygon","coordinates":[[[139.74014074822483,35.77726586782384],[139.7401477217122,35.777261546713646],[139.74013634317342,35.777249279440866],[139.74014918183525,35.77724252921158],[139.7402016574141,35.777297642774464],[139.74018261700712,35.77731087797647],[139.74014074822483,35.77726586782384]]]}},{"type":"Feature","properties":{"height":7.2,"gml_id":"bldg_aa2ff932-cb3c-4011-ad75-d0e234be97db"},"geometry":{"type":"Polygon","coordinates":[[[139.74840520595353,35.77945768841749],[139.7482872854627,35.779464004717376],[139.74827787381994,35.77936908519308],[139.7483975633094,35.77936340110137],[139.74840520595353,35.77945768841749]]]}},{"type":"Feature","properties":{"height":7.3,"gml_id":"bldg_fa5728b7-d0d4-4d77-a4b5-81cd80cf939f"},"geometry":{"type":"Polygon","coordinates":[[[139.74615203579725,35.78065289749823],[139.74616176931394,35.78065344536804],[139.74616244599153,35.78064154795179],[139.7462368899738,35.78064142161876],[139.74623666087902,35.78064863230542],[139.7462863261595,35.78064938935005],[139.74628393623414,35.78071086013809],[139.74625373786577,35.78071128895354],[139.7462528351548,35.78072760285367],[139.74615029676298,35.780725996255015],[139.74615203579725,35.78065289749823]]]}},{"type":"Feature","properties":{"height":7.6,"gml_id":"bldg_1692ccd3-0a17-4fc1-adfe-a5fe9830036b"},"geometry":{"type":"Polygon","coordinates":[[[139.74842748804372,35.78034806430038],[139.74841894312294,35.78027000078215],[139.74849040285278,35.78026734714809],[139.74849455620853,35.78031440089497],[139.748484047171,35.78031502443043],[139.7484855670403,35.7803420662019],[139.74842748804372,35.78034806430038]]]}},{"type":"Feature","properties":{"height":6.2,"gml_id":"bldg_a0bb9ce1-5a41-4599-bf25-7c87d0684999"},"geometry":{"type":"Polygon","coordinates":[[[139.73860922978244,35.77568810752684],[139.738563310369,35.775702493067044],[139.7385594488233,35.775694287673055],[139.73852868846853,35.77570381781579],[139.7384959213848,35.77563348611515],[139.7385218132583,35.77562539431436],[139.73851364892943,35.77560799168249],[139.73856764555612,35.77559117886119],[139.73857404476811,35.77560470426243],[139.73860015794696,35.77559652248335],[139.73863424962377,35.77566919872796],[139.73860459579458,35.77567836921853],[139.73860922978244,35.77568810752684]]]}},{"type":"Feature","properties":{"height":7.2,"gml_id":"bldg_05d9f984-b0e8-429f-91e8-3a00aa974282"},"geometry":{"type":"Polygon","coordinates":[[[139.74933068918088,35.78147278034921],[139.74933582887138,35.78152911871852],[139.74932764271279,35.78152965381426],[139.74933179937597,35.78157409359132],[139.74928168694453,35.78157721332436],[139.749277312303,35.781529708781314],[139.74927012178352,35.781530154433405],[139.74926990311351,35.7815277206181],[139.74926508962372,35.78147679061286],[139.74933068918088,35.78147278034921]]]}},{"type":"Feature","properties":{"height":9.8,"gml_id":"bldg_062aa3c1-42b3-470f-8431-e73915f3cb21"},"geometry":{"type":"Polygon","coordinates":[[[139.74903470654863,35.78239114554348],[139.74909942887172,35.782380554890906],[139.7491020717051,35.782391913831866],[139.74911379913232,35.7823900291972],[139.74913108981124,35.7824623300826],[139.74905530311898,35.782475346660505],[139.74903470654863,35.78239114554348]]]}},{"type":"Feature","properties":{"height":9.0,"gml_id":"bldg_6c033c7b-506d-46da-993b-2d7f14a90b30"},"geometry":{"type":"Polygon","coordinates":[[[139.74688264937276,35.77993594505533],[139.7468558837465,35.77993322174146],[139.74686624384037,35.779865807710415],[139.74701002595012,35.77988051298216],[139.74699342774286,35.7799884835977],[139.74687641108144,35.779976501621356],[139.74688264937276,35.77993594505533]]]}},{"type":"Feature","properties":{"height":9.9,"gml_id":"bldg_a0ec473b-7d17-49d0-8400-811811d8edd8"},"geometry":{"type":"Polygon","coordinates":[[[139.7475477103878,35.77906571067924],[139.74754832667932,35.77900685251819],[139.7476171272186,35.77900735225377],[139.7476165109778,35.779066210415216],[139.7475477103878,35.77906571067924]]]}},{"type":"Feature","properties":{"height":7.9,"gml_id":"bldg_01a9b748-2c83-4faf-a3ff-d239621f00f6"},"geometry":{"type":"Polygon","coordinates":[[[139.74799921705957,35.78001092418699],[139.74799719027186,35.78004436308159],[139.74798302165848,35.7800537271362],[139.7479126741255,35.780050882983254],[139.7479138005136,35.780031955293126],[139.74792696309734,35.78003241531999],[139.7479284271078,35.780008079729335],[139.74799921705957,35.78001092418699]]]}},{"type":"Feature","properties":{"height":7.5,"gml_id":"bldg_2eb95b9b-e5ec-4c70-b1c0-6d70fbe826a6"},"geometry":{"type":"Polygon","coordinates":[[[139.74978249153236,35.77952562397681],[139.74978052359873,35.77950353936872],[139.74985574524038,35.77949917495825],[139.7498673439089,35.779620054950726],[139.74981037308856,35.77962470245218],[139.74980140763273,35.77952446535341],[139.74978249153236,35.77952562397681]]]}},{"type":"Feature","properties":{"height":6.8,"gml_id":"bldg_c877cb07-bf7c-4b2b-b0e5-76f284e89578"},"geometry":{"type":"Polygon","coordinates":[[[139.74953279653516,35.78241015174331],[139.74952918807352,35.78237021914305],[139.7495937975232,35.78236170126525],[139.74959160134364,35.7823462865425],[139.74961837288177,35.78234423206249],[139.74962771373563,35.78240300699792],[139.74953279653516,35.78241015174331]]]}},{"type":"Feature","properties":{"height":6.8,"gml_id":"bldg_52fe5075-c866-4795-8dd4-8259dce3ecce"},"geometry":{"type":"Polygon","coordinates":[[[139.73860747078325,35.7763318554596],[139.7385835113312,35.77629587243497],[139.73860774737932,35.77628516537639],[139.7386036621245,35.776279032929885],[139.73865689293902,35.7762554592887],[139.73866318641842,35.77626492849326],[139.73867524907547,35.77625961998079],[139.73869700033407,35.77629226622825],[139.73860747078325,35.7763318554596]]]}},{"type":"Feature","properties":{"height":3.1,"gml_id":"bldg_3da2cc29-8389-402e-be14-fbc307b412f8"},"geometry":{"type":"Polygon","coordinates":[[[139.74118263639429,35.776359544876186],[139.74119899611182,35.77636857098213],[139.74118359994597,35.77638721727975],[139.74116724012237,35.776378281307366],[139.74118263639429,35.776359544876186]]]}},{"type":"Feature","properties":{"height":4.0,"gml_id":"bldg_0a63860e-49d4-4de3-94ef-8a000de373d1"},"geometry":{"type":"Polygon","coordinates":[[[139.74143962056954,35.77594070054327],[139.7414671916915,35.77591494278972],[139.74150399429624,35.775941020120456],[139.74147642317706,35.77596677788234],[139.74143962056954,35.77594070054327]]]}},{"type":"Feature","properties":{"height":5.8,"gml_id":"bldg_c0511f93-1664-4443-8ab6-3de7ac5ece26"},"geometry":{"type":"Polygon","coordinates":[[[139.73862875086442,35.77564251422308],[139.7385696989545,35.77553854121433],[139.73862790470818,35.77551659394572],[139.7386869566778,35.77562056692637],[139.73862875086442,35.77564251422308]]]}},{"type":"Feature","properties":{"height":7.8,"gml_id":"bldg_2f0181b3-9131-442e-9c4a-999c42812c6f"},"geometry":{"type":"Polygon","coordinates":[[[139.7493571762866,35.77932171124158],[139.7494723293611,35.77931710454044],[139.74947711304048,35.77939642727371],[139.74936195985185,35.779401033979234],[139.7493571762866,35.77932171124158]]]}},{"type":"Feature","properties":{"height":6.1,"gml_id":"bldg_2e08e800-0b35-49bf-9e21-898e33ee51c6"},"geometry":{"type":"Polygon","coordinates":[[[139.74618625006585,35.78183775539324],[139.746258293939,35.78180797268298],[139.74627165523793,35.781829344503365],[139.7461995007339,35.78185912714136],[139.74618625006585,35.78183775539324]]]}},{"type":"Feature","properties":{"height":3.2,"gml_id":"bldg_f9abdf6e-03da-45d7-acc0-5a43ee7f6009"},"geometry":{"type":"Polygon","coordinates":[[[139.7498788706895,35.78256154986147],[139.74987129932282,35.782502956446315],[139.74996566445793,35.782494909694854],[139.74997323579902,35.7825535932398],[139.7498788706895,35.78256154986147]]]}},{"type":"Feature","properties":{"height":4.9,"gml_id":"bldg_7c5e9bcd-8d54-48ff-93f5-40c02ba0802a"},"geometry":{"type":"Polygon","coordinates":[[[139.7466452281045,35.7817083819381],[139.7465700931815,35.78173266437661],[139.74656799646598,35.781728065946155],[139.74652130431545,35.78173911893282],[139.74647781912313,35.78164931243454],[139.7466039648056,35.78160965365788],[139.7466452281045,35.7817083819381]]]}},{"type":"Feature","properties":{"height":2.4,"gml_id":"bldg_0c35e328-926f-4ba0-a64a-1b73ce4e6faf"},"geometry":{"type":"Polygon","coordinates":[[[139.74115366431508,35.77616140436273],[139.7411686976214,35.7761696182349],[139.74113757320708,35.77620718097422],[139.74112253989688,35.7761989670982],[139.74115366431508,35.77616140436273]]]}},{"type":"Feature","properties":{"height":7.0,"gml_id":"bldg_5960afb1-bc5d-4167-ad88-eeceb50add7c"},"geometry":{"type":"Polygon","coordinates":[[[139.74426238318262,35.782255296265774],[139.74427200234328,35.78225935949346],[139.74430502411897,35.782207465820555],[139.74446722322,35.782275908598905],[139.7444253364909,35.78234185692047],[139.7444125109199,35.78233643929979],[139.7443965541356,35.78236148520514],[139.74433264742578,35.78233448737206],[139.74434184482536,35.78231998234206],[139.7442467587217,35.78227989171954],[139.74426238318262,35.782255296265774]]]}},{"type":"Feature","properties":{"height":7.6,"gml_id":"bldg_72175833-f3c1-4295-8b06-543435103349"},"geometry":{"type":"Polygon","coordinates":[[[139.74864570472334,35.77974656258336],[139.7486428794346,35.7796987886871],[139.74866987028477,35.779697726063596],[139.74866932753807,35.77968799102877],[139.74874664973296,35.77968489069051],[139.74875012835827,35.77974248983239],[139.74864570472334,35.77974656258336]]]}},{"type":"Feature","properties":{"height":11.4,"gml_id":"bldg_cc328222-5ce0-4a13-a702-fda3ceb68e2d"},"geometry":{"type":"Polygon","coordinates":[[[139.74837309206464,35.77751614294304],[139.74832262478964,35.77754323812724],[139.74830936889268,35.777526914193594],[139.7482317863442,35.77756868228652],[139.7481503734444,35.777468213472936],[139.74827842317075,35.77739935028672],[139.74837309206464,35.77751614294304]]]}},{"type":"Feature","properties":{"height":8.0,"gml_id":"bldg_07a550a2-168c-45d6-abcc-a1429cb340e6"},"geometry":{"type":"Polygon","coordinates":[[[139.73931716745784,35.776024779143576],[139.73933809377218,35.77600667822063],[139.73937809785306,35.77603744576067],[139.73935717164576,35.77605545655483],[139.73931716745784,35.776024779143576]]]}},{"type":"Feature","properties":{"height":10.5,"gml_id":"bldg_09630564-b78a-4268-8bab-bb4d6f30df7a"},"geometry":{"type":"Polygon","coordinates":[[[139.74946408019593,35.782747932182765],[139.74946845662333,35.78279390440508],[139.74936646016073,35.78280032299624],[139.74936208379174,35.78275435077034],[139.74946408019593,35.782747932182765]]]}},{"type":"Feature","properties":{"height":12.2,"gml_id":"bldg_2e709899-b791-44c1-9d42-0cc280426cde"},"geometry":{"type":"Polygon","coordinates":[[[139.746911422882,35.77900324176624],[139.7468918294612,35.77891489471502],[139.74699073355723,35.77889964269823],[139.7470115406065,35.77899096508229],[139.746911422882,35.77900324176624]]]}},{"type":"Feature","properties":{"height":8.2,"gml_id":"bldg_1f5f7255-c2db-4b73-ab37-6acb39bb4309"},"geometry":{"type":"Polygon","coordinates":[[[139.7483422772504,35.778200882088555],[139.74822006685855,35.7781864640833],[139.74822786028173,35.77813896808681],[139.7482395829747,35.778140959367285],[139.74824180643915,35.77813041506402],[139.74829555415653,35.77813928637931],[139.7482964458621,35.778132887375364],[139.7483498632878,35.77814031626169],[139.7483422772504,35.778200882088555]]]}},{"type":"Feature","properties":{"height":21.3,"gml_id":"bldg_4705cb82-1374-4765-b2b7-e74a4b2d5485"},"geometry":{"type":"Polygon","coordinates":[[[139.74775772307504,35.78292285504038],[139.74773885010532,35.78288300166263],[139.7477076453082,35.7828928042311],[139.74766880525215,35.782905035014565],[139.74761439396642,35.7827900733201],[139.74793396600765,35.78268952905601],[139.74794080868745,35.7827041358868],[139.7479569225367,35.78273812845952],[139.74798705306554,35.782801875735096],[139.74791169695848,35.78282552790065],[139.74792979731453,35.78286384839738],[139.7479056744105,35.782871492791486],[139.74788867754233,35.78283569687277],[139.7477703870384,35.782872928915474],[139.74779014284087,35.782914765900095],[139.747758606087,35.78292465838122],[139.74775772307504,35.78292285504038]]]}},{"type":"Feature","properties":{"height":6.8,"gml_id":"bldg_251ebe8b-4589-4e5d-b922-76287a57657e"},"geometry":{"type":"Polygon","coordinates":[[[139.74931376234557,35.77811106848517],[139.7493174672779,35.778164160999204],[139.74925784478359,35.77816691353858],[139.74925413989078,35.778113821022785],[139.74931376234557,35.77811106848517]]]}},{"type":"Feature","properties":{"height":7.5,"gml_id":"bldg_28bf807c-f8ab-4a1e-ac66-6931b3813840"},"geometry":{"type":"Polygon","coordinates":[[[139.74754858760087,35.78072033179188],[139.7475551835973,35.78065543882331],[139.74768016988193,35.78066345984613],[139.74767434684077,35.780729705406955],[139.74754858760087,35.78072033179188]]]}},{"type":"Feature","properties":{"height":9.2,"gml_id":"bldg_dae437ca-f2f9-4270-9ea9-fabc93f79eec"},"geometry":{"type":"Polygon","coordinates":[[[139.7462076063958,35.78294616872277],[139.74619855057043,35.78293255168242],[139.74623651103286,35.782915633684574],[139.7462456774808,35.78292925080222],[139.7462076063958,35.78294616872277]]]}},{"type":"Feature","properties":{"height":7.1,"gml_id":"bldg_cda74f53-4efd-4d10-8f61-10afee7f5104"},"geometry":{"type":"Polygon","coordinates":[[[139.74630332574503,35.78169650749316],[139.7463358609804,35.781683641637606],[139.74635463118742,35.78171538296081],[139.7463795305597,35.78170557618225],[139.7464197213141,35.781773206966704],[139.74636228665923,35.7817958796247],[139.74630332574503,35.78169650749316]]]}},{"type":"Feature","properties":{"height":1.8,"gml_id":"bldg_a51545f8-f801-453b-a121-6b5762492a80"},"geometry":{"type":"Polygon","coordinates":[[[139.7480671746661,35.782873410122235],[139.7480867608731,35.7828670243786],[139.7480990130026,35.78289182036012],[139.74807942679047,35.78289820610571],[139.7480671746661,35.782873410122235]]]}},{"type":"Feature","properties":{"height":6.4,"gml_id":"bldg_836c9c9f-4f14-44b7-8148-fb47b6aa40f0"},"geometry":{"type":"Polygon","coordinates":[[[139.74803573142248,35.777825249875214],[139.7480712155542,35.77774226005614],[139.74812982352128,35.77775708384786],[139.7481042127743,35.7778129498356],[139.74811615471458,35.77781674399757],[139.74810163226383,35.777847109437474],[139.74803573142248,35.777825249875214]]]}},{"type":"Feature","properties":{"height":6.9,"gml_id":"bldg_b1d84ea4-9ada-4099-9084-61934e7bc386"},"geometry":{"type":"Polygon","coordinates":[[[139.74816837643067,35.7823677308206],[139.74803076317343,35.78247624672179],[139.74801806875556,35.782451360282245],[139.7480333453123,35.782440735114584],[139.7479938902791,35.78240762734513],[139.74805788117277,35.78235701651328],[139.7480502553237,35.78235070161117],[139.74809918940798,35.78231206811727],[139.7481135567475,35.7823241564744],[139.74813536670047,35.78230695602197],[139.74817946343546,35.78234403300032],[139.74815920337292,35.78236006279517],[139.74816837643067,35.7823677308206]]]}},{"type":"Feature","properties":{"height":2.6,"gml_id":"bldg_32fef95f-07d0-4dd9-ac01-194e940bd7d7"},"geometry":{"type":"Polygon","coordinates":[[[139.7466424399996,35.7820349413491],[139.74661681949107,35.78199571387498],[139.74663751391824,35.78198734618149],[139.74666125257963,35.78202783419389],[139.7466424399996,35.7820349413491]]]}},{"type":"Feature","properties":{"height":7.9,"gml_id":"bldg_1c7c8224-1818-4e7c-86e9-bd8c35ec08ea"},"geometry":{"type":"Polygon","coordinates":[[[139.73974337243067,35.77845291673773],[139.7396935131493,35.77843016373344],[139.7397322933984,35.77837376898331],[139.73973883068507,35.778364219688406],[139.73974833821796,35.778368553600224],[139.73981831814564,35.77840042593362],[139.73977300054923,35.778466460143896],[139.73976117142294,35.77846104279953],[139.73974337243067,35.77845291673773]]]}},{"type":"Feature","properties":{"height":7.6,"gml_id":"bldg_3d86479d-f7c5-4633-99bd-122038681d1d"},"geometry":{"type":"Polygon","coordinates":[[[139.74907702844965,35.782538186419174],[139.74906282072524,35.782479498167795],[139.74918075890957,35.78246056213739],[139.7491948560999,35.78251925029773],[139.74907702844965,35.782538186419174]]]}},{"type":"Feature","properties":{"height":11.9,"gml_id":"bldg_72875fb0-fc36-4ae4-8fea-3bc6a0a6c699"},"geometry":{"type":"Polygon","coordinates":[[[139.74603744815929,35.78155489196187],[139.74598512409463,35.78145615543779],[139.7462410752671,35.78136791800431],[139.74629196158313,35.78146665337803],[139.74624603845268,35.78148266427545],[139.74625464821779,35.78149943573996],[139.74619323497802,35.781518950689865],[139.7461830749269,35.78150371040349],[139.74603744815929,35.78155489196187]]]}},{"type":"Feature","properties":{"height":9.2,"gml_id":"bldg_314cc1bd-a7fa-427a-88fe-10fbc0fc0c86"},"geometry":{"type":"Polygon","coordinates":[[[139.7397573536327,35.77558327712474],[139.7400562512693,35.775363848543435],[139.74014475680696,35.775441974697785],[139.73985592296395,35.77566267321888],[139.7397573536327,35.77558327712474]]]}},{"type":"Feature","properties":{"height":7.2,"gml_id":"bldg_0dee2356-9e1f-48a0-990d-2700b99a1c6f"},"geometry":{"type":"Polygon","coordinates":[[[139.74713005190802,35.78048613047434],[139.74725823949026,35.780499922912625],[139.74724799482573,35.78056310067715],[139.74711980714386,35.780549308227926],[139.74713005190802,35.78048613047434]]]}},{"type":"Feature","properties":{"height":9.4,"gml_id":"bldg_c8a9910b-4feb-4706-b827-9444790763e6"},"geometry":{"type":"Polygon","coordinates":[[[139.748283274582,35.780425749473125],[139.74836302153037,35.78043157452776],[139.74835509259862,35.780502325419604],[139.74827534558017,35.780496500359675],[139.748283274582,35.780425749473125]]]}},{"type":"Feature","properties":{"height":4.5,"gml_id":"bldg_3ae54124-dc1b-4bbc-9089-130fa83ffbbe"},"geometry":{"type":"Polygon","coordinates":[[[139.74566708453386,35.78127141634503],[139.74570725455465,35.7812563929684],[139.74573297807325,35.781301930211],[139.7456928080344,35.78131695359607],[139.74566708453386,35.78127141634503]]]}},{"type":"Feature","properties":{"height":2.9,"gml_id":"bldg_65b144b4-332c-4f6d-8553-3da493528f43"},"geometry":{"type":"Polygon","coordinates":[[[139.73763835330254,35.7796231140616],[139.73764567819651,35.77960274922951],[139.7376890263312,35.77961305917838],[139.73768170144731,35.7796334240131],[139.73763835330254,35.7796231140616]]]}},{"type":"Feature","properties":{"height":6.8,"gml_id":"bldg_82a032f4-605a-4d77-bf0f-7d134b3c2679"},"geometry":{"type":"Polygon","coordinates":[[[139.74917795826352,35.778190653487364],[139.7492122490477,35.778189505713854],[139.74921332031735,35.778222586263674],[139.749124053514,35.7782256785405],[139.7491225484848,35.77818439533783],[139.7491775243664,35.77818254097105],[139.74917795826352,35.778190653487364]]]}},{"type":"Feature","properties":{"height":10.0,"gml_id":"bldg_f483d23e-55d6-49fb-84dc-529707711815"},"geometry":{"type":"Polygon","coordinates":[[[139.73830672998398,35.77642067229417],[139.73836505006312,35.776396201446836],[139.73839397527877,35.776441923091646],[139.738335655175,35.77646639395277],[139.73830672998398,35.77642067229417]]]}},{"type":"Feature","properties":{"height":7.1,"gml_id":"bldg_f53ef392-3028-499f-b2bd-6922296c7144"},"geometry":{"type":"Polygon","coordinates":[[[139.73993446962896,35.77773062773998],[139.73994142240267,35.77774406335815],[139.73995956995182,35.777737767950754],[139.74000989482263,35.777835063428284],[139.73999263256422,35.777840998987486],[139.74000135112965,35.777857861128815],[139.73992743327688,35.77788322200674],[139.7398614369705,35.77775580899402],[139.73993446962896,35.77773062773998]]]}},{"type":"Feature","properties":{"height":3.5,"gml_id":"bldg_b4e921a0-229c-436f-ac4f-a7b4611f85cf"},"geometry":{"type":"Polygon","coordinates":[[[139.7480180245285,35.783010381411614],[139.74815136610277,35.782966670023505],[139.7482032448263,35.78307153448972],[139.74806979248677,35.783115245855974],[139.7480180245285,35.783010381411614]]]}},{"type":"Feature","properties":{"height":7.3,"gml_id":"bldg_5e870d33-300e-44e4-a8e4-e314f0313b8d"},"geometry":{"type":"Polygon","coordinates":[[[139.74910561337842,35.78218036797757],[139.74904432139184,35.78218996954631],[139.74902526935477,35.782109735474336],[139.74908667189888,35.78210013399258],[139.74910561337842,35.78218036797757]]]}},{"type":"Feature","properties":{"height":9.9,"gml_id":"bldg_5e0376b3-4475-4745-9b43-f751a9db23bb"},"geometry":{"type":"Polygon","coordinates":[[[139.7491579299945,35.7822902799484],[139.74917664532083,35.78237529095001],[139.7491209961944,35.782383454336085],[139.74910228092546,35.782298443326006],[139.7491579299945,35.7822902799484]]]}},{"type":"Feature","properties":{"height":7.3,"gml_id":"bldg_0c416a10-8596-4cdd-ac8b-5820f65ca0ba"},"geometry":{"type":"Polygon","coordinates":[[[139.7496027500199,35.778465683587996],[139.7496062019001,35.77854933191337],[139.74952633647834,35.77855270144041],[139.74951616818075,35.77833429557026],[139.7497173797406,35.77832587274577],[139.74972586646396,35.77846054137255],[139.749684495847,35.77846222518236],[139.74968073089042,35.77846618853405],[139.74967785309428,35.77846798924611],[139.74967198821182,35.778470328694304],[139.74966700935693,35.77847158713033],[139.7496620309741,35.778472394888],[139.7496565004764,35.7784723009044],[139.7496503070633,35.77847148537371],[139.74964555226543,35.77847003989397],[139.74964035624842,35.77846742234297],[139.7496353819278,35.778464354267584],[139.7496027500199,35.778465683587996]]]}},{"type":"Feature","properties":{"height":7.0,"gml_id":"bldg_636f6cbb-726f-41bd-8887-411d74ca10c9"},"geometry":{"type":"Polygon","coordinates":[[[139.74948782208975,35.7825762403644],[139.74948968602425,35.782592015399324],[139.74944034643045,35.78259594695705],[139.74943586869387,35.78254114136968],[139.7495136418649,35.78253254258264],[139.74951913006686,35.782573197577484],[139.74948782208975,35.7825762403644]]]}},{"type":"Feature","properties":{"height":3.2,"gml_id":"bldg_e0c5bad6-e209-49e8-82e3-d1b99431c3fe"},"geometry":{"type":"Polygon","coordinates":[[[139.74771806726986,35.7817357405258],[139.74769504737023,35.78174663054769],[139.7476793635341,35.78172453614553],[139.7477023834295,35.78171364612662],[139.74771806726986,35.7817357405258]]]}},{"type":"Feature","properties":{"height":10.9,"gml_id":"bldg_091cc02b-d501-42a0-9377-84a7eda2fb0c"},"geometry":{"type":"Polygon","coordinates":[[[139.74626476678816,35.7819585038863],[139.74638417752436,35.7819077537827],[139.74641995745233,35.78196276238637],[139.74629877747637,35.78201288029511],[139.74626476678816,35.7819585038863]]]}},{"type":"Feature","properties":{"height":7.0,"gml_id":"bldg_b4d17d51-60fa-4070-93ac-ad0797e7c3d7"},"geometry":{"type":"Polygon","coordinates":[[[139.74726365183696,35.778557232586095],[139.74720751801374,35.77860685716358],[139.74712385253463,35.778543972642076],[139.74718441502128,35.77849047544096],[139.7472206663587,35.77851772238231],[139.74722874880217,35.778510517314196],[139.74725759518827,35.77853217052959],[139.74724497347788,35.77854324818498],[139.74726365183696,35.778557232586095]]]}},{"type":"Feature","properties":{"height":3.2,"gml_id":"bldg_76674550-4db7-43b8-a3d0-0800ef2abb37"},"geometry":{"type":"Polygon","coordinates":[[[139.74115047065482,35.77643676653509],[139.7411330795478,35.77645883645411],[139.7411090918565,35.776446289197175],[139.74112637235842,35.77642421919679],[139.74115047065482,35.77643676653509]]]}},{"type":"Feature","properties":{"height":9.0,"gml_id":"bldg_544b5414-3ea4-440a-bb38-56be83327e40"},"geometry":{"type":"Polygon","coordinates":[[[139.7398352321516,35.776802513431306],[139.73976816857987,35.77683166524486],[139.7397476320679,35.77680019190313],[139.73981469551512,35.77677113023649],[139.7398352321516,35.776802513431306]]]}},{"type":"Feature","properties":{"height":33.0,"gml_id":"bldg_e0adfcdc-8e97-46ae-9c88-e04a05c5e70f"},"geometry":{"type":"Polygon","coordinates":[[[139.73928157295396,35.775349093908794],[139.7392935107088,35.77535577328797],[139.73931444449255,35.77533118260019],[139.73930626495232,35.77532657928321],[139.73933683493627,35.77529063902255],[139.7393506516342,35.775298491629144],[139.73936826260385,35.775277774171556],[139.73940916030736,35.77530079072998],[139.73940362219795,35.77530736631321],[139.73940793291965,35.77530989348036],[139.73940250562896,35.77531628887861],[139.7394441771905,35.77533966657231],[139.7394400789919,35.77534453070239],[139.73945599598028,35.7753534665653],[139.7393965172779,35.77542354572144],[139.73942216117499,35.77543807760101],[139.73939591080835,35.77546897365564],[139.73936960347243,35.775454260980744],[139.7393123397447,35.77552181802412],[139.73933897859726,35.77553680137766],[139.73930176260723,35.775580758521016],[139.73928098213844,35.775569024627146],[139.73927367193966,35.77557758180426],[139.73926836626842,35.77557460317557],[139.73925596088873,35.775589285595835],[139.7392617086733,35.77559253497805],[139.73925650288584,35.77559866013548],[139.73925163932662,35.7755959522591],[139.73922383810148,35.77562873991232],[139.73921875353824,35.775625851590235],[139.73918519281486,35.77566530477085],[139.73911268218717,35.77562441650117],[139.73911966005224,35.77561630975222],[139.73909368454238,35.775601597277266],[139.73909988708914,35.77559439127919],[139.7390819805349,35.775584282045855],[139.73928157295396,35.775349093908794]]]}},{"type":"Feature","properties":{"height":6.8,"gml_id":"bldg_4aa0e9f2-4d14-435f-842a-c959a81fc207"},"geometry":{"type":"Polygon","coordinates":[[[139.74829724333773,35.77759171319251],[139.7482621578797,35.777612239319744],[139.74824027377875,35.777596450089234],[139.74825269568228,35.777565001516784],[139.7483134381644,35.77754882004688],[139.7483182652085,35.77758622977685],[139.74829724333773,35.77759171319251]]]}},{"type":"Feature","properties":{"height":6.5,"gml_id":"bldg_7d747e4a-7a42-4649-a844-63982a50ed56"},"geometry":{"type":"Polygon","coordinates":[[[139.7494286950055,35.78084117811892],[139.74942717395518,35.7808149475815],[139.74945394384775,35.78081397476397],[139.74945579656284,35.7808403858037],[139.7494286950055,35.78084117811892]]]}},{"type":"Feature","properties":{"height":6.7,"gml_id":"bldg_1f1cfc0c-84df-492e-a311-0abdc254eb26"},"geometry":{"type":"Polygon","coordinates":[[[139.74959049206453,35.78245471893711],[139.74964027535586,35.78244952572755],[139.749647187378,35.782503792188486],[139.74959950701333,35.78250781510187],[139.74959049206453,35.78245471893711]]]}},{"type":"Feature","properties":{"height":8.4,"gml_id":"bldg_9861636e-6736-4a0c-b376-d84efa46a56f"},"geometry":{"type":"Polygon","coordinates":[[[139.74040285757127,35.77748771433762],[139.74033840662966,35.77745764932941],[139.74035458250938,35.77743467723278],[139.7403656374613,35.77743991364977],[139.74038990141761,35.77740532029493],[139.74044329737933,35.77743014886691],[139.74040285757127,35.77748771433762]]]}},{"type":"Feature","properties":{"height":6.4,"gml_id":"bldg_2f42a871-2022-4a96-b4fd-4c4a2eef52b6"},"geometry":{"type":"Polygon","coordinates":[[[139.7400933624869,35.77758824649697],[139.74014090389875,35.777606400621664],[139.74011352731364,35.77765415132418],[139.74006598577435,35.77763608732439],[139.7400933624869,35.77758824649697]]]}},{"type":"Feature","properties":{"height":11.3,"gml_id":"bldg_af70f75c-0e0f-41c3-8981-7175715b18ce"},"geometry":{"type":"Polygon","coordinates":[[[139.74691073006767,35.780052240249454],[139.746993572467,35.780059240200366],[139.74698163529845,35.780153062857856],[139.74689868218874,35.78014606281919],[139.74691073006767,35.780052240249454]]]}},{"type":"Feature","properties":{"height":11.7,"gml_id":"bldg_d7f79aee-f355-4ee7-aa38-a48fa6d33c9c"},"geometry":{"type":"Polygon","coordinates":[[[139.74941461288617,35.78192604095963],[139.74938717408767,35.78193161021872],[139.74937339430232,35.78188662291419],[139.74940083308633,35.78188105365819],[139.74941461288617,35.78192604095963]]]}},{"type":"Feature","properties":{"height":5.6,"gml_id":"bldg_b7f26fb6-447b-4fb5-8b72-d671084a8d98"},"geometry":{"type":"Polygon","coordinates":[[[139.73760708036252,35.77867477175847],[139.7376416015943,35.77866623634216],[139.73764424785975,35.7786732690308],[139.73765254624996,35.778671202512676],[139.73767084900928,35.77872034101846],[139.7376280294686,35.77873085282444],[139.73760708036252,35.77867477175847]]]}},{"type":"Feature","properties":{"height":7.2,"gml_id":"bldg_b18cc934-aa14-4257-8c81-464d0ddfa3fc"},"geometry":{"type":"Polygon","coordinates":[[[139.749787351343,35.781541241018786],[139.74974929695352,35.781543558102335],[139.7497509367589,35.78156212718518],[139.74969341278722,35.78156551234534],[139.7496878367041,35.78150313459961],[139.74978352561587,35.78149743243655],[139.749787351343,35.781541241018786]]]}},{"type":"Feature","properties":{"height":7.4,"gml_id":"bldg_89d0c17a-b51d-4692-95be-f4234a0b5331"},"geometry":{"type":"Polygon","coordinates":[[[139.74934564803334,35.781448364036876],[139.7492446490137,35.78145460295259],[139.74924082178478,35.78141250692891],[139.74927588930686,35.781410368189775],[139.74927523301255,35.781403337150486],[139.74934105383548,35.78139923690011],[139.74934564803334,35.781448364036876]]]}},{"type":"Feature","properties":{"height":6.2,"gml_id":"bldg_73966c17-a893-4093-9672-c919359ae019"},"geometry":{"type":"Polygon","coordinates":[[[139.74805144663975,35.779474563851196],[139.7478913808148,35.77948238217496],[139.74788703267095,35.77941099162982],[139.7480466567671,35.779402361777294],[139.74805144663975,35.779474563851196]]]}},{"type":"Feature","properties":{"height":8.0,"gml_id":"bldg_07827394-8cdd-4de7-8f1e-393781ea45b1"},"geometry":{"type":"Polygon","coordinates":[[[139.7465167113645,35.78199564164623],[139.74657801927034,35.78197152953938],[139.74662693309753,35.78205385865319],[139.74656562504518,35.78207806092014],[139.7465167113645,35.78199564164623]]]}},{"type":"Feature","properties":{"height":11.4,"gml_id":"bldg_7c0123f2-ff8a-4339-9fbc-9c8472829449"},"geometry":{"type":"Polygon","coordinates":[[[139.74920901026164,35.7783239859059],[139.7491945189977,35.778325057396636],[139.74918947882347,35.77827953534447],[139.74926005451175,35.778274356832995],[139.74926619078434,35.778329434032095],[139.74921021702,35.778333450997934],[139.74920901026164,35.7783239859059]]]}},{"type":"Feature","properties":{"height":7.4,"gml_id":"bldg_1897cd0d-9007-49ed-b344-cdf31365c84c"},"geometry":{"type":"Polygon","coordinates":[[[139.73980835360862,35.77689731529805],[139.7397680515287,35.77683716343208],[139.73982415980353,35.776812239479426],[139.73986446201872,35.776872301191254],[139.73980835360862,35.77689731529805]]]}},{"type":"Feature","properties":{"height":6.4,"gml_id":"bldg_ddced134-cc8b-4d0f-a684-9818778ab493"},"geometry":{"type":"Polygon","coordinates":[[[139.74677788572447,35.77933493516778],[139.74673001685744,35.77910640675915],[139.74681276815502,35.779094478276456],[139.7468625171851,35.77932345868306],[139.74677788572447,35.77933493516778]]]}},{"type":"Feature","properties":{"height":2.6,"gml_id":"bldg_07a85215-f9e1-4514-a7ba-4c082e0491f7"},"geometry":{"type":"Polygon","coordinates":[[[139.74712642964633,35.783226521734704],[139.74715259698394,35.783272149113415],[139.74713511206252,35.78327880661741],[139.7471088341143,35.783233179155616],[139.74712642964633,35.783226521734704]]]}},{"type":"Feature","properties":{"height":7.3,"gml_id":"bldg_4889ad55-d6bb-4d67-8f42-503629043aef"},"geometry":{"type":"Polygon","coordinates":[[[139.74785295905488,35.78055208497867],[139.7478504766098,35.780597781993535],[139.74790467428494,35.78060115552558],[139.74790073516638,35.780664337824064],[139.74779001411946,35.78066011287617],[139.74779909277666,35.780549162337344],[139.74785295905488,35.78055208497867]]]}},{"type":"Feature","properties":{"height":8.1,"gml_id":"bldg_378727ff-8af4-497b-8853-bc56f2338f80"},"geometry":{"type":"Polygon","coordinates":[[[139.7468120731625,35.78014428796169],[139.7467490271039,35.78014054702428],[139.7467492572259,35.78013234484441],[139.7467175129249,35.78013051927183],[139.7467156257385,35.7801367372735],[139.74666740266923,35.78013237601905],[139.74667888816217,35.78004738636255],[139.74675984736118,35.78005690891614],[139.74675773201335,35.78006952638661],[139.74681989222503,35.780074077903215],[139.7468120731625,35.78014428796169]]]}},{"type":"Feature","properties":{"height":7.8,"gml_id":"bldg_7a9ad818-6092-45bd-8b0e-ad12d86df08d"},"geometry":{"type":"Polygon","coordinates":[[[139.74844116782697,35.77819725637154],[139.74842148099998,35.77819534962357],[139.74841958555822,35.778209499589494],[139.74835322615465,35.7782024221326],[139.74835946796745,35.778157719237846],[139.74837130242864,35.77815862895609],[139.7483764155804,35.7781351071515],[139.74844753054887,35.77814281890227],[139.74844116782697,35.77819725637154]]]}},{"type":"Feature","properties":{"height":2.4,"gml_id":"bldg_7d15b7a2-5030-4534-82dc-9d588ddbe469"},"geometry":{"type":"Polygon","coordinates":[[[139.74216350455802,35.775110740850906],[139.74203718947467,35.775015371554936],[139.74205335427465,35.77500123251376],[139.74217955874786,35.77509660170915],[139.74216350455802,35.775110740850906]]]}},{"type":"Feature","properties":{"height":13.0,"gml_id":"bldg_5a883943-7cd6-446d-abb6-41d7dc365795"},"geometry":{"type":"Polygon","coordinates":[[[139.73773034133188,35.77928896416576],[139.7377493939722,35.77935865418356],[139.7377371132278,35.779360897813895],[139.73773843486552,35.779365676054965],[139.73773323486546,35.77936666341376],[139.73774237539482,35.77940038141995],[139.7376955758017,35.779408907100155],[139.73770075173343,35.779428019978006],[139.7376615861543,35.779435109544636],[139.73766400884483,35.77944412503881],[139.73753998436172,35.77946665036424],[139.73750980916947,35.779355939723175],[139.7375004050067,35.77935764480734],[139.7374934672163,35.77933195061268],[139.73773034133188,35.77928896416576]]]}},{"type":"Feature","properties":{"height":1.4,"gml_id":"bldg_2bc27641-8f3b-459a-941f-92dcf773606c"},"geometry":{"type":"Polygon","coordinates":[[[139.7446492459471,35.78142741593868],[139.744662210531,35.78140714497867],[139.74470090788466,35.78142357819286],[139.7446879433079,35.78144384915699],[139.7446492459471,35.78142741593868]]]}},{"type":"Feature","properties":{"height":7.1,"gml_id":"bldg_21541a29-aec3-4f04-b2ea-e8b2b1816183"},"geometry":{"type":"Polygon","coordinates":[[[139.7472659214783,35.77881186752772],[139.74727593387158,35.77886135918405],[139.74721696863065,35.778869519322306],[139.74720486406864,35.77881128300132],[139.747261063669,35.77880339129659],[139.74726293446028,35.7788123160684],[139.7472659214783,35.77881186752772]]]}},{"type":"Feature","properties":{"height":6.5,"gml_id":"bldg_c5f8de46-8c7c-43e0-b407-02a7cbcd6e48"},"geometry":{"type":"Polygon","coordinates":[[[139.738639589032,35.776203437356266],[139.73866730351557,35.776244200519095],[139.7385953692466,35.77627668286889],[139.73859095270151,35.77627009948238],[139.73857236037688,35.77627855759169],[139.7385491731851,35.77624428774704],[139.738639589032,35.776203437356266]]]}},{"type":"Feature","properties":{"height":10.1,"gml_id":"bldg_a6ed9ecc-ed83-4868-8340-72e3faa85b69"},"geometry":{"type":"Polygon","coordinates":[[[139.74895565821788,35.779942735403246],[139.74895785659047,35.779955896753464],[139.74892057522942,35.779960106967266],[139.74890519496967,35.77986013571217],[139.74900829898982,35.77984885095704],[139.74902280874036,35.77993530123843],[139.74895565821788,35.779942735403246]]]}},{"type":"Feature","properties":{"height":6.9,"gml_id":"bldg_88755eb0-08b2-484b-a355-8ae0e8fe4b20"},"geometry":{"type":"Polygon","coordinates":[[[139.74882236340048,35.781201656710124],[139.74881673135332,35.781192819458305],[139.74880732482836,35.78119677881578],[139.7487854596806,35.78116206121973],[139.748873216723,35.781125347539444],[139.7488767505087,35.781130938431666],[139.74890065404094,35.78112095015916],[139.74892450678226,35.781159004148726],[139.74882236340048,35.781201656710124]]]}},{"type":"Feature","properties":{"height":7.2,"gml_id":"bldg_240881e9-f878-4a82-8fdd-1dcc46ea7b15"},"geometry":{"type":"Polygon","coordinates":[[[139.74698970345273,35.77852242410885],[139.74696279921855,35.77854602034029],[139.7468750453587,35.77847943714564],[139.74692520011828,35.77843548697512],[139.74694376758927,35.77844965161784],[139.74692062777726,35.77846991552369],[139.74698970345273,35.77852242410885]]]}},{"type":"Feature","properties":{"height":11.8,"gml_id":"bldg_24fe44f2-92f7-4013-8240-83305c7c0f6e"},"geometry":{"type":"Polygon","coordinates":[[[139.74810479548842,35.77892522469901],[139.7480068022824,35.77891632191492],[139.74802822741762,35.77884431870187],[139.74812333403668,35.778863134348725],[139.74810479548842,35.77892522469901]]]}},{"type":"Feature","properties":{"height":5.1,"gml_id":"bldg_54e2fae3-234f-4502-ae32-7a1c0d1bda11"},"geometry":{"type":"Polygon","coordinates":[[[139.73846733455366,35.77567555695332],[139.73845519113078,35.77565580765],[139.73847256502995,35.77564870063268],[139.73848470845604,35.77566844993428],[139.73846733455366,35.77567555695332]]]}},{"type":"Feature","properties":{"height":9.4,"gml_id":"bldg_bed3d4ee-9b72-40e3-82c2-8034d7c04e9c"},"geometry":{"type":"Polygon","coordinates":[[[139.74829161626727,35.78214860817148],[139.7482414413268,35.78210620892985],[139.7482955783829,35.78206361306767],[139.74832630222068,35.78208959385312],[139.74831910617542,35.7820951771757],[139.74833855718418,35.782111685746315],[139.74829161626727,35.78214860817148]]]}},{"type":"Feature","properties":{"height":7.6,"gml_id":"bldg_4d5c28f1-97d2-4221-8e8c-dc22688b1a75"},"geometry":{"type":"Polygon","coordinates":[[[139.7495924460833,35.782911978344835],[139.74960119428778,35.78300851969082],[139.74952895383976,35.78301495913429],[139.74952042932333,35.782916164548475],[139.7495924460833,35.782911978344835]]]}},{"type":"Feature","properties":{"height":7.2,"gml_id":"bldg_9447d2c0-add0-4225-9be9-5b03c0abcc11"},"geometry":{"type":"Polygon","coordinates":[[[139.7490060596803,35.78123612734431],[139.74903664579196,35.78128770637982],[139.74895442400734,35.781320097551074],[139.7489210774032,35.78126391963918],[139.74895682113504,35.78124988356182],[139.74895958176512,35.78125439228123],[139.7490060596803,35.78123612734431]]]}},{"type":"Feature","properties":{"height":7.5,"gml_id":"bldg_6e132f26-fbe2-4612-b604-240619941284"},"geometry":{"type":"Polygon","coordinates":[[[139.73981679002995,35.77630485981715],[139.73990535985217,35.77623417211654],[139.73994679775296,35.77626872628049],[139.73985822792898,35.77633941401121],[139.73981679002995,35.77630485981715]]]}},{"type":"Feature","properties":{"height":11.9,"gml_id":"bldg_fa71bf66-849d-488c-9519-4acd119ac63e"},"geometry":{"type":"Polygon","coordinates":[[[139.74135303761912,35.77611243304276],[139.7413224643837,35.77615170883061],[139.74133329758936,35.77615730553293],[139.7413162385236,35.7761792855978],[139.74130396823486,35.77617296670853],[139.7412460337618,35.776247644873905],[139.7412556510063,35.77625260970203],[139.74124080740023,35.776271707109004],[139.74122787386653,35.776265027161294],[139.7411701606812,35.77633952518693],[139.7411830942221,35.776346205140754],[139.74116769670462,35.7763660231997],[139.7411529944599,35.7763584405314],[139.74112363939525,35.77639627502917],[139.741057092387,35.77636197241526],[139.74127996869063,35.776074790540726],[139.74135303761912,35.77611243304276]]]}},{"type":"Feature","properties":{"height":7.7,"gml_id":"bldg_64469f3c-6a39-4c34-acab-5ab30b46d221"},"geometry":{"type":"Polygon","coordinates":[[[139.74863273769387,35.779666062295085],[139.748638070855,35.7797479993781],[139.74857479690618,35.77975074900567],[139.74856946380982,35.779668811919976],[139.74863273769387,35.779666062295085]]]}},{"type":"Feature","properties":{"height":9.6,"gml_id":"bldg_dd8286bd-8bf4-4dec-b370-8406cd4d89a1"},"geometry":{"type":"Polygon","coordinates":[[[139.73981178991923,35.77660762179615],[139.73988373886462,35.77656242959624],[139.7399233985338,35.7766043735132],[139.739935574614,35.77659663129844],[139.7399646290093,35.77662730000098],[139.73988039334577,35.77668023437313],[139.73981178991923,35.77660762179615]]]}},{"type":"Feature","properties":{"height":7.2,"gml_id":"bldg_586da79d-aed6-4dcf-9e60-bd44797647cf"},"geometry":{"type":"Polygon","coordinates":[[[139.73851892425353,35.77600918994811],[139.73854850664998,35.77606032021996],[139.7384763544933,35.77609009825632],[139.73844478010926,35.776039867752566],[139.73851892425353,35.77600918994811]]]}},{"type":"Feature","properties":{"height":4.3,"gml_id":"bldg_1d50bd8a-6557-4ff4-86ad-8f1e7f7167ce"},"geometry":{"type":"Polygon","coordinates":[[[139.73934922672095,35.775569438520314],[139.73933751375188,35.7755596947078],[139.73943361148608,35.7754830642707],[139.73944532445566,35.77549280807398],[139.73934922672095,35.775569438520314]]]}},{"type":"Feature","properties":{"height":7.3,"gml_id":"bldg_91f082cf-7b25-4920-8792-be69f0572e6b"},"geometry":{"type":"Polygon","coordinates":[[[139.74753853803563,35.7789548372461],[139.74754103106434,35.778899405578876],[139.74760053861542,35.77890125072937],[139.7475980457247,35.77895659226223],[139.74753853803563,35.7789548372461]]]}},{"type":"Feature","properties":{"height":7.9,"gml_id":"bldg_8e0ff871-e3ec-4509-a8c1-65777a289e08"},"geometry":{"type":"Polygon","coordinates":[[[139.74828014958598,35.77806320095742],[139.74828469751117,35.77805112599026],[139.74827629556788,35.77804688367042],[139.7483010124549,35.77799939963614],[139.74833429625195,35.77800897754901],[139.7483392829652,35.778000328046346],[139.7483878298663,35.778011088494495],[139.74835866277698,35.77808281590485],[139.74828014958598,35.77806320095742]]]}},{"type":"Feature","properties":{"height":7.1,"gml_id":"bldg_8ae065cc-2c0f-4006-9f9d-c5260b6e689e"},"geometry":{"type":"Polygon","coordinates":[[[139.7483635991534,35.78279934817723],[139.74839164871398,35.78284389499237],[139.74827644344342,35.78289266707216],[139.7482565646723,35.782862187168945],[139.74826643329058,35.7828400207863],[139.7483635991534,35.78279934817723]]]}},{"type":"Feature","properties":{"height":17.8,"gml_id":"bldg_dfc228ea-2626-4bd7-b66a-9f87bc100f57"},"geometry":{"type":"Polygon","coordinates":[[[139.74742956345983,35.78298454424386],[139.7474040000113,35.78299444089866],[139.74742773916603,35.783035109025015],[139.74742961637756,35.78303817497717],[139.74739409310442,35.78305194034638],[139.7473694706666,35.783009739276515],[139.74719572738374,35.78307712653313],[139.7472180311413,35.783115269874706],[139.74718781971197,35.78312696586721],[139.7471671722236,35.78309161791112],[139.74711626642332,35.78311141126178],[139.74705068044318,35.78299914537315],[139.7474058024579,35.782861402005686],[139.74741419399777,35.7828757395658],[139.747432522926,35.78290702972155],[139.747468849359,35.78296924924502],[139.74742956345983,35.78298454424386]]]}},{"type":"Feature","properties":{"height":7.8,"gml_id":"bldg_17a0e643-af40-4b6b-9fbb-0835f139dbc9"},"geometry":{"type":"Polygon","coordinates":[[[139.74971549386632,35.782133923058154],[139.74970659686227,35.78207379640097],[139.74978923621774,35.78206565149676],[139.7497936301476,35.78209503876732],[139.74978787750496,35.782095575584776],[139.74979249125522,35.78212631504251],[139.74971549386632,35.782133923058154]]]}},{"type":"Feature","properties":{"height":6.7,"gml_id":"bldg_a03cda0e-c562-42e8-a5b6-7e92c0cc47cb"},"geometry":{"type":"Polygon","coordinates":[[[139.74928599586158,35.779270013771935],[139.74928969172083,35.779331759295474],[139.74920639659442,35.779335036076525],[139.7492025900915,35.77927338060878],[139.74928599586158,35.779270013771935]]]}},{"type":"Feature","properties":{"height":7.2,"gml_id":"bldg_a8604011-bd31-4226-a8d0-1b4fa1b16c78"},"geometry":{"type":"Polygon","coordinates":[[[139.74576809286904,35.78105498410659],[139.74574965885074,35.781019637507406],[139.74578241344958,35.78100830426583],[139.7457762321353,35.7809963117239],[139.7458509258229,35.780970497151],[139.7458755412038,35.78101783627217],[139.74576809286904,35.78105498410659]]]}},{"type":"Feature","properties":{"height":9.3,"gml_id":"bldg_ec1cac2c-576f-4840-aab5-46b2f7595d9f"},"geometry":{"type":"Polygon","coordinates":[[[139.74616044726278,35.78074988956209],[139.74617626451732,35.780750531976174],[139.74617572708524,35.7807362000174],[139.74621621265544,35.780735778674156],[139.74621631489757,35.78084484289093],[139.74615990364686,35.780842548621365],[139.74616044726278,35.78074988956209]]]}},{"type":"Feature","properties":{"height":4.7,"gml_id":"bldg_2babc960-50f1-4692-90ec-b5cf1bdb1c14"},"geometry":{"type":"Polygon","coordinates":[[[139.73894016785118,35.7757827398296],[139.73891002821662,35.77573503437167],[139.7389729954887,35.77570858388878],[139.73900313515094,35.77575628933117],[139.73894016785118,35.7757827398296]]]}},{"type":"Feature","properties":{"height":7.3,"gml_id":"bldg_8f043257-820a-4f40-9b46-e8803d2ff6dd"},"geometry":{"type":"Polygon","coordinates":[[[139.7386023875144,35.77604810421503],[139.73856826907476,35.77599787173935],[139.73861131871953,35.7759785264732],[139.7386173915964,35.77598745469249],[139.73865446516763,35.775970808775824],[139.73868240026104,35.776012022789],[139.7386023875144,35.77604810421503]]]}},{"type":"Feature","properties":{"height":7.7,"gml_id":"bldg_11a8d0c2-dd5b-4396-b509-4e6da0d86222"},"geometry":{"type":"Polygon","coordinates":[[[139.74982652350627,35.78300858623689],[139.74982153029035,35.78291754578802],[139.74988237339392,35.782914523413815],[139.74988736677327,35.78300547372475],[139.74982652350627,35.78300858623689]]]}},{"type":"Feature","properties":{"height":7.0,"gml_id":"bldg_0c6fbb30-b491-4dfe-ad69-1e1cdb79a393"},"geometry":{"type":"Polygon","coordinates":[[[139.7479101312389,35.77994632380181],[139.74791360828542,35.7799014387082],[139.74802034686368,35.779905029767356],[139.7480162071567,35.779949013037246],[139.7479101312389,35.77994632380181]]]}},{"type":"Feature","properties":{"height":4.9,"gml_id":"bldg_53437a61-9299-4bd5-80a4-0e246c6c12ba"},"geometry":{"type":"Polygon","coordinates":[[[139.73869363567442,35.775771369251345],[139.7386745396853,35.775738274411836],[139.73871315939834,35.77572352254346],[139.73873225539998,35.775756617376935],[139.73869363567442,35.775771369251345]]]}},{"type":"Feature","properties":{"height":8.0,"gml_id":"bldg_ed0f73b9-4a18-4a75-ba9c-82bc68981be6"},"geometry":{"type":"Polygon","coordinates":[[[139.74741262354303,35.78063442558128],[139.7474286070851,35.78048048529337],[139.74752406052667,35.78048704320814],[139.74750807716723,35.780640983508825],[139.74741262354303,35.78063442558128]]]}},{"type":"Feature","properties":{"height":8.7,"gml_id":"bldg_aa742246-6438-4c42-b9b1-264b2a9f1bff"},"geometry":{"type":"Polygon","coordinates":[[[139.7476562724412,35.780152283484156],[139.7477881116824,35.78016436538198],[139.74777517941962,35.78025863808768],[139.74764322941047,35.78024655609684],[139.7476562724412,35.780152283484156]]]}},{"type":"Feature","properties":{"height":7.5,"gml_id":"bldg_f44b2828-5937-4c4c-80af-3a6da69de79c"},"geometry":{"type":"Polygon","coordinates":[[[139.7478706503178,35.77921511515942],[139.74786871485077,35.779163195632066],[139.7479787763157,35.77916165135547],[139.74797850084943,35.7792123975481],[139.7478706503178,35.77921511515942]]]}},{"type":"Feature","properties":{"height":8.9,"gml_id":"bldg_bfba3e04-70c6-46d9-9830-a5e5f40a3475"},"geometry":{"type":"Polygon","coordinates":[[[139.74641592790152,35.77977057023008],[139.74649966516515,35.779768106922674],[139.74650042064212,35.77978541351691],[139.74659223300895,35.77978268556832],[139.74659601167275,35.779868136908796],[139.74653882249368,35.77986980822541],[139.74653925407418,35.77987981359619],[139.74642100401599,35.77988333362154],[139.74641592790152,35.77977057023008]]]}},{"type":"Feature","properties":{"height":2.4,"gml_id":"bldg_7ef9132e-9ba5-4f78-9ad3-026be08f4cf9"},"geometry":{"type":"Polygon","coordinates":[[[139.7395507689671,35.776687278776016],[139.73952708565196,35.776698256862204],[139.7395014674891,35.77666146150705],[139.7395251507968,35.77665048342583],[139.7395507689671,35.776687278776016]]]}},{"type":"Feature","properties":{"height":8.0,"gml_id":"bldg_2eebcf33-4838-4db4-b0cc-90f3ef7e3be6"},"geometry":{"type":"Polygon","coordinates":[[[139.74942052580653,35.78303606539534],[139.74941301252105,35.7829224892654],[139.74950936676652,35.78291687792289],[139.74951975569292,35.78303099686499],[139.74942052580653,35.78303606539534]]]}},{"type":"Feature","properties":{"height":7.3,"gml_id":"bldg_9e9431f9-3999-4157-8d84-5b2ef6a984d9"},"geometry":{"type":"Polygon","coordinates":[[[139.7384014944558,35.7759785413027],[139.73846025629496,35.775954341163015],[139.73847074395798,35.775971294951496],[139.73848181025195,35.77596670675802],[139.73850863670938,35.77600999305872],[139.73843891914711,35.77603878149952],[139.7384014944558,35.7759785413027]]]}},{"type":"Feature","properties":{"height":4.3,"gml_id":"bldg_caec056c-687f-479e-8e16-37a9bd075bdd"},"geometry":{"type":"Polygon","coordinates":[[[139.74816212889314,35.78086183018822],[139.7482206437302,35.78086241242999],[139.7482211641407,35.780893058921116],[139.74827260135712,35.78089201368649],[139.74827420720086,35.78094213024635],[139.7482571720667,35.780942478738815],[139.74825627408387,35.780954736552516],[139.7481476481509,35.780956282097854],[139.74814540158113,35.7808847127967],[139.7481628792603,35.780884274497836],[139.74816212889314,35.78086183018822]]]}},{"type":"Feature","properties":{"height":8.0,"gml_id":"bldg_408ccc3d-3100-41bb-b835-1bb7e5603f84"},"geometry":{"type":"Polygon","coordinates":[[[139.74933850281806,35.7823521491167],[139.74933228079843,35.782273095819164],[139.74945717442412,35.78226660309273],[139.7494633966616,35.78234556624851],[139.74933850281806,35.7823521491167]]]}},{"type":"Feature","properties":{"height":2.6,"gml_id":"bldg_6866bad5-cda2-4f40-9560-700a1efc6a7e"},"geometry":{"type":"Polygon","coordinates":[[[139.74975884645036,35.782354154553076],[139.74971889230204,35.78237449743295],[139.74970298286607,35.78235591842947],[139.7497458138111,35.78233485646935],[139.74975884645036,35.782354154553076]]]}},{"type":"Feature","properties":{"height":7.9,"gml_id":"bldg_fb4133fc-6db3-4f9f-980c-631f0d37bf48"},"geometry":{"type":"Polygon","coordinates":[[[139.74862235842951,35.779335888002166],[139.74871306627685,35.779331084535215],[139.7487203618836,35.77944006370328],[139.74862788362387,35.77944531660698],[139.74862235842951,35.779335888002166]]]}},{"type":"Feature","properties":{"height":3.1,"gml_id":"bldg_7fade2a9-6791-4b61-9a42-d4bc360d3818"},"geometry":{"type":"Polygon","coordinates":[[[139.74073043039076,35.775914017208116],[139.74074681870127,35.77589825607403],[139.74079456334573,35.775931192359984],[139.74077817503783,35.775946953500494],[139.74073043039076,35.775914017208116]]]}},{"type":"Feature","properties":{"height":8.4,"gml_id":"bldg_e04524f0-bd93-452a-a35e-f56192310df6"},"geometry":{"type":"Polygon","coordinates":[[[139.74878343487904,35.78265641857582],[139.74888976082923,35.782635311411575],[139.74893804099585,35.782796507807305],[139.74883160422576,35.782817614935674],[139.74878343487904,35.78265641857582]]]}},{"type":"Feature","properties":{"height":6.5,"gml_id":"bldg_8b8c5b6d-d109-4ad3-aca7-faded296ea27"},"geometry":{"type":"Polygon","coordinates":[[[139.73848555344225,35.77616771236548],[139.7385869240803,35.776122994816845],[139.73863925923655,35.77620172451795],[139.73853777781196,35.77624653215845],[139.73848555344225,35.77616771236548]]]}},{"type":"Feature","properties":{"height":9.4,"gml_id":"bldg_2c24a64f-5edd-4233-b2eb-5d1f502dc074"},"geometry":{"type":"Polygon","coordinates":[[[139.7463577580044,35.7793524789196],[139.74635748281077,35.77930047043481],[139.7463767295675,35.77930039421734],[139.74637664545523,35.779276057523525],[139.74647741424184,35.779275769801025],[139.74647766294552,35.77935220503515],[139.7463577580044,35.7793524789196]]]}},{"type":"Feature","properties":{"height":7.0,"gml_id":"bldg_520e3b5f-554a-411c-9e6b-4e714c9bb721"},"geometry":{"type":"Polygon","coordinates":[[[139.74669715539838,35.78207175611949],[139.7466588415146,35.78200710125965],[139.7468080078579,35.781956462313524],[139.74684211615627,35.782023187221455],[139.74669715539838,35.78207175611949]]]}},{"type":"Feature","properties":{"height":2.5,"gml_id":"bldg_0a46d68a-6cee-42de-8716-d3dbfe6e0953"},"geometry":{"type":"Polygon","coordinates":[[[139.73912553024542,35.775328240559666],[139.739157460833,35.77535792022306],[139.7390742135727,35.775417524860316],[139.7390421723848,35.775387845088424],[139.73912553024542,35.775328240559666]]]}},{"type":"Feature","properties":{"height":2.0,"gml_id":"bldg_47130821-b352-4d9b-b365-1156e163a8bb"},"geometry":{"type":"Polygon","coordinates":[[[139.7375997304,35.77807022587173],[139.73760502655827,35.77808122664162],[139.7375906415827,35.77808581211055],[139.7375853454261,35.77807481134006],[139.7375997304,35.77807022587173]]]}},{"type":"Feature","properties":{"height":7.9,"gml_id":"bldg_ec661093-be69-43ae-9ce7-b04857cf3a2f"},"geometry":{"type":"Polygon","coordinates":[[[139.74712747636065,35.78123245184967],[139.74717425738424,35.78134371276509],[139.7470668131076,35.78137725633503],[139.7470163846242,35.78126346896238],[139.74712747636065,35.78123245184967]]]}},{"type":"Feature","properties":{"height":11.4,"gml_id":"bldg_a0847575-67e1-4419-b6a2-5682d83abe68"},"geometry":{"type":"Polygon","coordinates":[[[139.7481322144934,35.77893732230924],[139.7481141062652,35.779010770061156],[139.7480935358844,35.77900742046263],[139.74811186564426,35.77893370246372],[139.74812104474867,35.77893533141031],[139.7481322144934,35.77893732230924]]]}},{"type":"Feature","properties":{"height":2.6,"gml_id":"bldg_6528b64b-c668-4fa7-88ba-e004555dd2ff"},"geometry":{"type":"Polygon","coordinates":[[[139.7376175058188,35.779574334075456],[139.7376219438563,35.779563070649296],[139.73765257402525,35.7795712072329],[139.73764802548627,35.77958238043659],[139.7376175058188,35.779574334075456]]]}},{"type":"Feature","properties":{"height":2.3,"gml_id":"bldg_43eb7770-deb1-4d6c-abd5-ae6f81e98ea4"},"geometry":{"type":"Polygon","coordinates":[[[139.74683536387926,35.7825380371018],[139.7468925767239,35.78251626541778],[139.7469030654765,35.78253466062512],[139.7468458526215,35.782556432314024],[139.74683536387926,35.7825380371018]]]}},{"type":"Feature","properties":{"height":17.9,"gml_id":"bldg_af551d5c-4935-4e2d-a5e1-c5a001298524"},"geometry":{"type":"Polygon","coordinates":[[[139.7476193796089,35.78329799110564],[139.74759392670188,35.783307887879026],[139.74761777637463,35.783348826451544],[139.74758413428629,35.78336187213202],[139.7475605052831,35.783321474524065],[139.7473896387311,35.78338778248139],[139.7474107279961,35.78342394193384],[139.74737874580237,35.78343635779335],[139.74735853994494,35.78340164113681],[139.7473074127567,35.78342143440898],[139.747242047005,35.7833096194658],[139.74759451407095,35.78317295527563],[139.74760268482774,35.78318693212199],[139.7476221179565,35.78322020601812],[139.74765866552946,35.7832827861813],[139.7476193796089,35.78329799110564]]]}},{"type":"Feature","properties":{"height":9.4,"gml_id":"bldg_7f745ca2-31b7-458a-bcb8-242e1b0cdf0c"},"geometry":{"type":"Polygon","coordinates":[[[139.73884174238788,35.777732568348334],[139.7388639906163,35.777719516151016],[139.73885141585959,35.77769003190017],[139.73910059523925,35.777619020203396],[139.73911008169853,35.77764111088192],[139.73913885014463,35.7776329310694],[139.73916554437324,35.77769532587623],[139.73886281115014,35.77778152858262],[139.73884174238788,35.777732568348334]]]}},{"type":"Feature","properties":{"height":7.2,"gml_id":"bldg_92601f64-4834-407f-9d23-79b1754a4980"},"geometry":{"type":"Polygon","coordinates":[[[139.74005657254975,35.775088754533066],[139.73999424680179,35.77504021315218],[139.7400766184412,35.77497177389229],[139.74011474239137,35.77500217919159],[139.74010865321944,35.775007131937286],[139.74013429353678,35.77502472827828],[139.74005657254975,35.775088754533066]]]}},{"type":"Feature","properties":{"height":7.0,"gml_id":"bldg_e0a71b85-259a-423d-a3ee-ca47e4445818"},"geometry":{"type":"Polygon","coordinates":[[[139.7481506392742,35.77991512718593],[139.74818326852997,35.77991686287116],[139.7481800187253,35.77995624985765],[139.74806653695495,35.779948598054226],[139.74807288881436,35.779904706486604],[139.7481513106492,35.77990791680789],[139.7481506392742,35.77991512718593]]]}},{"type":"Feature","properties":{"height":2.3,"gml_id":"bldg_06590749-f996-437c-bb7c-5d47005fad85"},"geometry":{"type":"Polygon","coordinates":[[[139.739052045084,35.77611317500828],[139.73906953027668,35.776105527178224],[139.73908355256336,35.77612672006215],[139.739066067261,35.77613445802986],[139.739052045084,35.77611317500828]]]}},{"type":"Feature","properties":{"height":26.2,"gml_id":"bldg_71a51188-c39e-45da-ade2-e3ae5207ad77"},"geometry":{"type":"Polygon","coordinates":[[[139.74131148899167,35.77588552964344],[139.74212376735227,35.77513630927037],[139.74220930698348,35.77519802695633],[139.74137245517005,35.775963363406625],[139.7413385264414,35.775939000812855],[139.7413592324087,35.77591972760468],[139.74131148899167,35.77588552964344]]]}},{"type":"Feature","properties":{"height":7.7,"gml_id":"bldg_22a4acce-357b-4ea1-a942-2e47682d9616"},"geometry":{"type":"Polygon","coordinates":[[[139.74624885254002,35.780423752665406],[139.74628104146825,35.780423685834656],[139.74628138654833,35.780513010523514],[139.74614356156852,35.780512099456516],[139.74614399684938,35.78041736719348],[139.74624886060056,35.78041636154706],[139.74624885254002,35.780423752665406]]]}},{"type":"Feature","properties":{"height":4.2,"gml_id":"bldg_e237960e-e18f-4469-beca-1f18eda833b8"},"geometry":{"type":"Polygon","coordinates":[[[139.74916196571127,35.77940621217346],[139.74916069355362,35.779353842453844],[139.74920361332104,35.77935206977283],[139.74920632328758,35.779404620769185],[139.74916196571127,35.77940621217346]]]}},{"type":"Feature","properties":{"height":9.5,"gml_id":"bldg_af90502c-c0fa-4730-b6dd-22b943545b22"},"geometry":{"type":"Polygon","coordinates":[[[139.74692668462626,35.780948110038715],[139.74685808363984,35.78096608785957],[139.74684252945116,35.78092677752911],[139.74691113040726,35.78090879971696],[139.74692668462626,35.780948110038715]]]}},{"type":"Feature","properties":{"height":6.2,"gml_id":"bldg_a43b2aec-5e31-4d3e-bafc-78cb45e013f8"},"geometry":{"type":"Polygon","coordinates":[[[139.74976199618783,35.77955607559465],[139.74979838967528,35.77955447843744],[139.74980207396922,35.779627671165315],[139.74968769409847,35.7796329096692],[139.74967804405904,35.77955277234116],[139.7497615621299,35.77954805321781],[139.74976199618783,35.77955607559465]]]}},{"type":"Feature","properties":{"height":3.3,"gml_id":"bldg_900f413d-c20b-4410-9e9a-a4a18885d81f"},"geometry":{"type":"Polygon","coordinates":[[[139.73783130611932,35.77551749632206],[139.7378440047764,35.77553526314354],[139.7378193252373,35.775546961190436],[139.73780662647604,35.77552928450201],[139.73783130611932,35.77551749632206]]]}},{"type":"Feature","properties":{"height":7.9,"gml_id":"bldg_f33f8743-68c0-4cb5-ab10-f62eb4ebcf9b"},"geometry":{"type":"Polygon","coordinates":[[[139.74779594827072,35.77966393771928],[139.7477194006448,35.77966676759066],[139.74771339866282,35.77959050853772],[139.7477523376659,35.779587651912564],[139.74775390170882,35.77957323131767],[139.74778952230128,35.77957037231897],[139.74779594827072,35.77966393771928]]]}},{"type":"Feature","properties":{"height":7.2,"gml_id":"bldg_ecc486b3-c978-4dc3-a623-b8003174138a"},"geometry":{"type":"Polygon","coordinates":[[[139.74904627244055,35.78222791801651],[139.74902591538324,35.78223123876524],[139.74902338194576,35.78222105166229],[139.74899749299013,35.782225360019766],[139.74898989288147,35.78219461843776],[139.74896820814064,35.78219820865245],[139.74895631198643,35.78215042841894],[139.748959631066,35.78214988993388],[139.74895775857885,35.7821423172266],[139.74902225957166,35.78213163632409],[139.74904627244055,35.78222791801651]]]}},{"type":"Feature","properties":{"height":7.4,"gml_id":"bldg_69407c40-601f-4ed2-ae70-562b0a8d09a1"},"geometry":{"type":"Polygon","coordinates":[[[139.73849526805543,35.776183674048674],[139.73839035791787,35.77622829858959],[139.73835800948748,35.776177887181696],[139.73840028341277,35.776159893414935],[139.7383939905086,35.77614997351835],[139.73845651605836,35.77612334268794],[139.73849526805543,35.776183674048674]]]}},{"type":"Feature","properties":{"height":10.0,"gml_id":"bldg_bc12dc9b-1b06-4f69-b3c3-0afb11dcea9e"},"geometry":{"type":"Polygon","coordinates":[[[139.7476838647437,35.77928123200105],[139.74768440872108,35.779289705142276],[139.74772699693668,35.77928766234507],[139.74773298837786,35.77937374618253],[139.74765168360133,35.7793775641174],[139.74764503766127,35.77928300705586],[139.7476838647437,35.77928123200105]]]}},{"type":"Feature","properties":{"height":2.3,"gml_id":"bldg_34e5e386-6ef2-482d-9a90-375bdf8e39a0"},"geometry":{"type":"Polygon","coordinates":[[[139.7412853946362,35.77606947668612],[139.74129314886466,35.77605938741985],[139.74133073394137,35.77607834467979],[139.74132297971582,35.77608843394844],[139.7412853946362,35.77606947668612]]]}},{"type":"Feature","properties":{"height":9.1,"gml_id":"bldg_570477d8-b45d-430c-a59d-3d85b7d460cb"},"geometry":{"type":"Polygon","coordinates":[[[139.74814563389637,35.78004482886775],[139.74806267713785,35.78004125478465],[139.74806592305782,35.7800055633616],[139.7481477722936,35.7800103985573],[139.74814563389637,35.78004482886775]]]}},{"type":"Feature","properties":{"height":7.4,"gml_id":"bldg_ea59c1dc-f2eb-417f-9fe9-1d6f3566f1e3"},"geometry":{"type":"Polygon","coordinates":[[[139.74948231355341,35.78139627086552],[139.7494905168055,35.78148478979118],[139.7494270190454,35.78148871147283],[139.74941881586335,35.781400192543],[139.74948231355341,35.78139627086552]]]}},{"type":"Feature","properties":{"height":5.3,"gml_id":"bldg_48206251-9b3e-400e-b8eb-abd5a0d6654f"},"geometry":{"type":"Polygon","coordinates":[[[139.7494680569053,35.78191066504781],[139.74941815849127,35.78192045502408],[139.74941143512953,35.78189737560833],[139.74946122281872,35.78188767569322],[139.7494680569053,35.78191066504781]]]}},{"type":"Feature","properties":{"height":6.8,"gml_id":"bldg_df6d98af-c103-4f3b-8770-13ebab05e266"},"geometry":{"type":"Polygon","coordinates":[[[139.7388734248021,35.77582189646647],[139.7388221875276,35.7758435789219],[139.73878807266456,35.77579028189503],[139.73883931002072,35.775768509318254],[139.7388734248021,35.77582189646647]]]}},{"type":"Feature","properties":{"height":4.0,"gml_id":"bldg_0b723f9b-409c-4755-a6b8-4cb9d0f5ed46"},"geometry":{"type":"Polygon","coordinates":[[[139.7391475117943,35.778541956287725],[139.73917152127393,35.77853629654081],[139.7392294000593,35.778699667700444],[139.73916732933193,35.778714311230566],[139.73911242665656,35.77855986580589],[139.73915070901555,35.7785508822243],[139.7391475117943,35.778541956287725]]]}},{"type":"Feature","properties":{"height":7.4,"gml_id":"bldg_0dec6def-2f4d-4ea6-aa59-3e48293b7d6f"},"geometry":{"type":"Polygon","coordinates":[[[139.73744446252104,35.779242406828324],[139.73742559156267,35.779205886833324],[139.73752673353187,35.779171084945865],[139.73752905110143,35.7791755034401],[139.73759445027017,35.7791530216034],[139.7376111142235,35.77918521330337],[139.73744446252104,35.779242406828324]]]}},{"type":"Feature","properties":{"height":4.5,"gml_id":"bldg_854f739f-12e4-4616-9d9f-b2d5cf6b949a"},"geometry":{"type":"Polygon","coordinates":[[[139.74892630472155,35.78155100534677],[139.74893648569034,35.78154695638813],[139.7489251124319,35.781527839648916],[139.74898210360925,35.78150525558988],[139.7490120277296,35.781555301859086],[139.7489448555531,35.78158193489225],[139.74892630472155,35.78155100534677]]]}},{"type":"Feature","properties":{"height":7.0,"gml_id":"bldg_05505727-0670-4ea9-82e2-2db8dc570361"},"geometry":{"type":"Polygon","coordinates":[[[139.7493174702601,35.77826646501637],[139.74934755745664,35.77826567481038],[139.74934982001207,35.7783230026924],[139.7492722790738,35.77832502163881],[139.74927001590984,35.778268324704825],[139.74930364277225,35.77826744684828],[139.74930407431157,35.77827781275476],[139.7493179011374,35.77827746187222],[139.7493174702601,35.77826646501637]]]}},{"type":"Feature","properties":{"height":10.0,"gml_id":"bldg_fe66d243-8cf1-4c39-832e-4a94a701225d"},"geometry":{"type":"Polygon","coordinates":[[[139.74961371262825,35.782674395637684],[139.74961764723398,35.782719826733846],[139.7494777073854,35.78272775130513],[139.74947464672445,35.78269286668257],[139.7494992052709,35.78269153177109],[139.74949833140218,35.78268098529328],[139.74961371262825,35.782674395637684]]]}},{"type":"Feature","properties":{"height":7.1,"gml_id":"bldg_b7eaefe4-120f-4f03-8e8e-eac39173dfa7"},"geometry":{"type":"Polygon","coordinates":[[[139.74646709461004,35.7826612574604],[139.74644203060654,35.78261878547244],[139.74654649827443,35.78257775906368],[139.74657167303624,35.78262014097446],[139.74646709461004,35.7826612574604]]]}},{"type":"Feature","properties":{"height":7.8,"gml_id":"bldg_905dc7c7-d9bb-479c-9f7d-e7b1dd32aed3"},"geometry":{"type":"Polygon","coordinates":[[[139.7467259983441,35.77975195557637],[139.74664226345251,35.77975225578702],[139.7466383830359,35.77965860202677],[139.74667654615274,35.77965727749712],[139.74667541977033,35.77967593476965],[139.74673991027618,35.77967336728873],[139.74674005809896,35.77974105928468],[139.74672567735445,35.77974195028572],[139.7467259983441,35.77975195557637]]]}},{"type":"Feature","properties":{"height":7.3,"gml_id":"bldg_5ffe5d7b-3af0-46ee-9fd7-8000659cc6c1"},"geometry":{"type":"Polygon","coordinates":[[[139.74710348351175,35.779685977116536],[139.74710325070222,35.77969670309461],[139.7470680733597,35.77969875098681],[139.74705999069488,35.77960365205381],[139.747142291347,35.77959974509735],[139.74714545895716,35.77963697340068],[139.74713472877158,35.779637596659846],[139.74713866172334,35.77968311799353],[139.74710348351175,35.779685977116536]]]}},{"type":"Feature","properties":{"height":26.8,"gml_id":"bldg_1385e592-ca20-4b05-aedf-71579b1b3295"},"geometry":{"type":"Polygon","coordinates":[[[139.74910746526908,35.778536995609294],[139.74904308665188,35.77853929403235],[139.7490418991285,35.7785116215428],[139.74904875830273,35.778510454586176],[139.74904576001515,35.77841680150065],[139.74936853774895,35.77840503924369],[139.74937178246745,35.77847507694232],[139.74934346488698,35.778475958525874],[139.7493451952409,35.77851345618218],[139.74910670790743,35.77852095092583],[139.74910746526908,35.778536995609294]]]}},{"type":"Feature","properties":{"height":7.1,"gml_id":"bldg_a5437eb6-dd2a-4e39-89ac-4e84a65c16e3"},"geometry":{"type":"Polygon","coordinates":[[[139.74732392974636,35.779692174070036],[139.74731803448174,35.77961988104391],[139.74745299090696,35.77961249623357],[139.74745888629323,35.77968478925334],[139.74732392974636,35.779692174070036]]]}},{"type":"Feature","properties":{"height":9.4,"gml_id":"bldg_9a064f9c-84b8-4f9a-8f5c-786d71127076"},"geometry":{"type":"Polygon","coordinates":[[[139.74783033467278,35.780503846316876],[139.74783258721115,35.78046626134778],[139.74780482564992,35.78046371780847],[139.74780696314372,35.78043027899822],[139.7478635962495,35.78043176143189],[139.74786358785605,35.7804396032285],[139.7479149092528,35.78044315498301],[139.74790820401262,35.78050705640394],[139.74783033467278,35.780503846316876]]]}},{"type":"Feature","properties":{"height":3.0,"gml_id":"bldg_7aae6d59-f47d-4b9e-9b66-ad7788892243"},"geometry":{"type":"Polygon","coordinates":[[[139.74758200852222,35.77792497783966],[139.74759615580535,35.777935173260296],[139.74751721028483,35.77800938876852],[139.7475029523875,35.777999193259774],[139.74758200852222,35.77792497783966]]]}},{"type":"Feature","properties":{"height":9.2,"gml_id":"bldg_71ade324-4235-4fd2-bd62-16e8dec60e17"},"geometry":{"type":"Polygon","coordinates":[[[139.74740398890134,35.7799210857692],[139.74745167587596,35.779909582467766],[139.74747196882876,35.779965390936944],[139.74745924483716,35.7799685366002],[139.7474707147623,35.78000009227383],[139.74743575163927,35.78000854005875],[139.74740398890134,35.7799210857692]]]}},{"type":"Feature","properties":{"height":3.6,"gml_id":"bldg_049b7182-a4b2-4f96-a37b-6dd3bba45e5d"},"geometry":{"type":"Polygon","coordinates":[[[139.74877896906403,35.78332197688371],[139.74877333221406,35.78321308909141],[139.7488488876384,35.783210257856005],[139.74885496820983,35.78331806432916],[139.74877896906403,35.78332197688371]]]}},{"type":"Feature","properties":{"height":6.9,"gml_id":"bldg_512a1e0b-69e5-45b7-866e-8e8828781240"},"geometry":{"type":"Polygon","coordinates":[[[139.74816382616243,35.7798927828796],[139.74816038905874,35.77990035184163],[139.7481133854012,35.779893558367405],[139.7481240564565,35.7798447123954],[139.74820468051612,35.77985729835199],[139.74819423976965,35.77989767174116],[139.74816382616243,35.7798927828796]]]}},{"type":"Feature","properties":{"height":8.0,"gml_id":"bldg_eb0a70de-2702-4859-9ae7-83299778dd61"},"geometry":{"type":"Polygon","coordinates":[[[139.73908678014197,35.776578482800545],[139.73919456470213,35.776535121804784],[139.73929778354474,35.776705649188095],[139.73918999881008,35.77674901027487],[139.73908678014197,35.776578482800545]]]}},{"type":"Feature","properties":{"height":6.5,"gml_id":"bldg_ff4c9e2f-79dd-4758-94d8-f1b7a02164c9"},"geometry":{"type":"Polygon","coordinates":[[[139.74775317092332,35.77891334748791],[139.74774857476118,35.778970309969445],[139.74769581451903,35.778968469697084],[139.74769775708324,35.778910513835534],[139.74775317092332,35.77891334748791]]]}},{"type":"Feature","properties":{"height":6.9,"gml_id":"bldg_108c1736-a2db-4c13-838c-4a8971fc65a8"},"geometry":{"type":"Polygon","coordinates":[[[139.74961607184864,35.77936912284103],[139.74969151337132,35.779365930449984],[139.74969281023448,35.779395045176244],[139.7496172576933,35.77939859803348],[139.74961607184864,35.77936912284103]]]}},{"type":"Feature","properties":{"height":12.6,"gml_id":"bldg_078f0f0b-1887-41b8-9491-4e28d9c4c14e"},"geometry":{"type":"Polygon","coordinates":[[[139.7396775961729,35.77681726316808],[139.73963033577834,35.77674863307951],[139.73968301419137,35.77672451774134],[139.73966302803854,35.77669538834171],[139.73973783946744,35.776661735830466],[139.7397613595411,35.77669564516017],[139.73976567562906,35.77669366553258],[139.7398092923292,35.77675688459256],[139.7396775961729,35.77681726316808]]]}},{"type":"Feature","properties":{"height":2.7,"gml_id":"bldg_b8c3335f-3d81-4a05-97a4-727e464aa110"},"geometry":{"type":"Polygon","coordinates":[[[139.73750095130973,35.77807285127006],[139.73748594063372,35.778045798601],[139.7375479104825,35.778022863373096],[139.73756303167838,35.77805000625824],[139.73750095130973,35.77807285127006]]]}},{"type":"Feature","properties":{"height":7.2,"gml_id":"bldg_2f6358ce-e1b3-4181-b5e9-39441aff344d"},"geometry":{"type":"Polygon","coordinates":[[[139.74859405593702,35.78026038964851],[139.74859810466924,35.78030185490704],[139.74849943272181,35.78030548090433],[139.74849538394488,35.7802641057782],[139.74859405593702,35.78026038964851]]]}},{"type":"Feature","properties":{"height":9.0,"gml_id":"bldg_6d80e4f3-b7a5-4358-bb69-665aba689a69"},"geometry":{"type":"Polygon","coordinates":[[[139.74990139444205,35.77974356445251],[139.74990688180517,35.77978503066899],[139.74992115237978,35.77978368853276],[139.74993345384394,35.77986725283269],[139.7498147514049,35.77988042039833],[139.74979840289907,35.779753317745374],[139.74990139444205,35.77974356445251]]]}},{"type":"Feature","properties":{"height":11.9,"gml_id":"bldg_0116ca3b-c05f-49ab-9dac-116d1a39678e"},"geometry":{"type":"Polygon","coordinates":[[[139.74004627255258,35.77680484057378],[139.73999694197778,35.776803720670316],[139.73992535452098,35.77672885245075],[139.74000206086492,35.77658802988486],[139.74002837469308,35.77659760468837],[139.7400322544398,35.77659039684127],[139.74012951859137,35.77665212508679],[139.74004627255258,35.77680484057378]]]}},{"type":"Feature","properties":{"height":9.4,"gml_id":"bldg_2555b1fc-5d2e-4a65-af9c-e26c5b68b00f"},"geometry":{"type":"Polygon","coordinates":[[[139.74014533953306,35.77532173408344],[139.74017279720127,35.77529859047246],[139.7402652907439,35.77537149175565],[139.74023772246977,35.77539463530186],[139.74014533953306,35.77532173408344]]]}},{"type":"Feature","properties":{"height":6.5,"gml_id":"bldg_ba0e5927-569a-44e8-b2ea-772b06d0143f"},"geometry":{"type":"Polygon","coordinates":[[[139.7478503489905,35.77999369268416],[139.7478974732313,35.77999120237293],[139.7479041401634,35.78006647039175],[139.74785734656274,35.78007004256854],[139.7478503489905,35.77999369268416]]]}},{"type":"Feature","properties":{"height":7.5,"gml_id":"bldg_39f6b460-f02a-41e3-96d2-609aeb042836"},"geometry":{"type":"Polygon","coordinates":[[[139.74941616619708,35.78139532336906],[139.74942371354132,35.78147636058281],[139.749355901476,35.78148054962351],[139.7493483542002,35.781399512405635],[139.74941616619708,35.78139532336906]]]}},{"type":"Feature","properties":{"height":6.8,"gml_id":"bldg_29852ca1-4a5c-41e1-9c99-d594e8ecf125"},"geometry":{"type":"Polygon","coordinates":[[[139.74781159275145,35.780342129612805],[139.74781248789944,35.780332575869075],[139.74780441352993,35.78033211944854],[139.7478064322965,35.78030625194887],[139.74782081110385,35.780307253666294],[139.7478227064127,35.78029337412177],[139.7479067683121,35.78029812091908],[139.74790585871156,35.78032119500283],[139.74792809008486,35.78032319377762],[139.74792330859933,35.78034662565428],[139.74781159275145,35.780342129612805]]]}},{"type":"Feature","properties":{"height":2.4,"gml_id":"bldg_50c613ad-f69a-4217-8a1e-5d2f2227ea7e"},"geometry":{"type":"Polygon","coordinates":[[[139.7470767182467,35.782754986645635],[139.74708709684464,35.78277302121471],[139.74689509574125,35.78284607348851],[139.74688471717727,35.78282803890313],[139.7470767182467,35.782754986645635]]]}},{"type":"Feature","properties":{"height":7.0,"gml_id":"bldg_7f71f7a6-5afd-4a91-a894-a1f89f3d7732"},"geometry":{"type":"Polygon","coordinates":[[[139.74057966496093,35.775062208510874],[139.7405290672469,35.7751054346311],[139.74056774499277,35.77513538953495],[139.74053032247602,35.775167448985755],[139.74044379500313,35.77510032119913],[139.74053170463225,35.775025035589174],[139.74057966496093,35.775062208510874]]]}},{"type":"Feature","properties":{"height":6.5,"gml_id":"bldg_6155e708-70c1-4c21-b11e-152414c158d1"},"geometry":{"type":"Polygon","coordinates":[[[139.749089154764,35.77817400634502],[139.74903285135883,35.778176040012234],[139.74903003084,35.77812357905951],[139.74909662163472,35.77812101178553],[139.74909879668786,35.778156256366564],[139.74908828812912,35.77815669968416],[139.749089154764,35.77817400634502]]]}},{"type":"Feature","properties":{"height":7.7,"gml_id":"bldg_f83d86e4-5351-48da-9881-52f5aadd4706"},"geometry":{"type":"Polygon","coordinates":[[[139.7475519825943,35.7797223521343],[139.74755965099496,35.779791762071056],[139.74737733677932,35.77981290391871],[139.74736105066987,35.77973420383612],[139.74743329200587,35.77972434053466],[139.74743516293475,35.779733175166896],[139.7475519825943,35.7797223521343]]]}},{"type":"Feature","properties":{"height":3.4,"gml_id":"bldg_ac9dfc7b-d939-4b05-b459-2715649b0554"},"geometry":{"type":"Polygon","coordinates":[[[139.74918253170094,35.78193299949912],[139.74909436301584,35.78193978807893],[139.74908581489834,35.78186397801704],[139.74917420397347,35.78185791068272],[139.74918253170094,35.78193299949912]]]}},{"type":"Feature","properties":{"height":7.9,"gml_id":"bldg_1f93c95b-1cc1-4501-a101-05c0241dd1cc"},"geometry":{"type":"Polygon","coordinates":[[[139.7468053331277,35.7803415900804],[139.74679559407664,35.78034617999143],[139.74665600668905,35.78033868834032],[139.74665770112674,35.78030624072309],[139.7466839157554,35.780307160970715],[139.7466855846538,35.78029823874257],[139.74675349845245,35.78030144240384],[139.74675260034397,35.78031361007173],[139.74680712796163,35.78031851664219],[139.7468053331277,35.7803415900804]]]}},{"type":"Feature","properties":{"height":2.3,"gml_id":"bldg_a85c8eb8-5bef-4cf8-a24b-30dbc6931417"},"geometry":{"type":"Polygon","coordinates":[[[139.7401921303178,35.77778436817179],[139.74020649501452,35.777796998293425],[139.74018590320307,35.77781257582149],[139.74017153850684,35.77779994569742],[139.7401921303178,35.77778436817179]]]}},{"type":"Feature","properties":{"height":2.8,"gml_id":"bldg_9753523b-e8b8-4a89-8fff-68a392b8570c"},"geometry":{"type":"Polygon","coordinates":[[[139.74758417651398,35.777966171399875],[139.74760086553877,35.77797853188891],[139.747573296743,35.77800329954963],[139.74755649710616,35.77799093897793],[139.74758417651398,35.777966171399875]]]}},{"type":"Feature","properties":{"height":12.9,"gml_id":"bldg_acf3ca36-0a26-4db7-a1e2-0ccf0681e8e5"},"geometry":{"type":"Polygon","coordinates":[[[139.74990199047008,35.780867015796524],[139.7496696847514,35.78088010434825],[139.74963428581594,35.78088206270059],[139.74963537817393,35.780895223266675],[139.74953482290456,35.780900921922004],[139.74953362146135,35.78088631910854],[139.74947631929263,35.78088961418443],[139.74945840098832,35.780677692757465],[139.74945665197936,35.780657861692546],[139.74945293746853,35.78061369262841],[139.7494154367751,35.78061582972181],[139.74941052106254,35.78055687756946],[139.74941030059097,35.78055615633032],[139.74941008315074,35.780552550752155],[139.7494365216796,35.78055103689317],[139.74955809454016,35.78054418119894],[139.74956497778808,35.780625668631046],[139.74958112849794,35.78062477852338],[139.74958834012332,35.78070960120114],[139.74957218939636,35.780710491309755],[139.7495779792853,35.78077980966354],[139.74963096700682,35.78077687207887],[139.74963173063566,35.780787057939705],[139.7500767613892,35.78076203874252],[139.75007588793468,35.78075104158747],[139.7501757791938,35.78074543215593],[139.75017687257792,35.78075769136155],[139.75033550387116,35.78074878738103],[139.75034315286754,35.780839288860584],[139.7501826408442,35.78084828168623],[139.75018384325028,35.78086207327314],[139.7501369396075,35.78086474490355],[139.75013934299616,35.78089368011203],[139.74992661726083,35.78090570107579],[139.7499232298049,35.780865858766184],[139.74990199047008,35.780867015796524]]]}},{"type":"Feature","properties":{"height":7.1,"gml_id":"bldg_791435ce-ecbb-4fcb-bc56-2de61c5ed251"},"geometry":{"type":"Polygon","coordinates":[[[139.74994954931347,35.782991005021714],[139.74989246764068,35.78299357936167],[139.74988471125602,35.782900283607226],[139.74994168224435,35.7828977091941],[139.74994954931347,35.782991005021714]]]}},{"type":"Feature","properties":{"height":23.6,"gml_id":"bldg_9c587f73-e6e4-4611-848a-29b284d11740"},"geometry":{"type":"Polygon","coordinates":[[[139.74856395406164,35.7790238872562],[139.74855335430271,35.778901745931975],[139.7486779113571,35.778894803092086],[139.7487034278587,35.77913656495465],[139.74866150275554,35.77913923951441],[139.7486702479969,35.7792371330209],[139.748552769634,35.779244080842574],[139.74854260312688,35.77913059285275],[139.74857070058354,35.77912890008174],[139.7485678575649,35.77909789140327],[139.7485374371565,35.77909967267143],[139.74853076817476,35.77902584684475],[139.74856395406164,35.7790238872562]]]}},{"type":"Feature","properties":{"height":8.5,"gml_id":"bldg_fe07f36e-3541-4d1b-b7e7-cce9a22959ec"},"geometry":{"type":"Polygon","coordinates":[[[139.74723925072968,35.77933706905441],[139.74723682880733,35.7793263411749],[139.74731272147505,35.77931512852378],[139.74732989449282,35.779391846267686],[139.74721627655515,35.77940871046852],[139.74720152565763,35.77934263045341],[139.74723925072968,35.77933706905441]]]}},{"type":"Feature","properties":{"height":3.2,"gml_id":"bldg_60fc38ea-633f-42a6-926e-43ef8d92096b"},"geometry":{"type":"Polygon","coordinates":[[[139.74811960569525,35.778107073529426],[139.74812151994217,35.778075347120414],[139.74815901466948,35.77807771720945],[139.7481604195465,35.778108724884234],[139.74811960569525,35.778107073529426]]]}},{"type":"Feature","properties":{"height":6.4,"gml_id":"bldg_794a2423-223f-4edc-aa74-d762ad13918b"},"geometry":{"type":"Polygon","coordinates":[[[139.74762047728237,35.777947268780615],[139.74766239899708,35.77784409327528],[139.7477259819448,35.777861264335634],[139.74768406030313,35.777964439862956],[139.74762047728237,35.777947268780615]]]}},{"type":"Feature","properties":{"height":7.5,"gml_id":"bldg_23feec17-a5a0-4c94-b392-71fa4ac6174b"},"geometry":{"type":"Polygon","coordinates":[[[139.74766846074272,35.780854719369344],[139.74755365171978,35.78084580423766],[139.747565575639,35.7807637892954],[139.74767839357162,35.78077261286195],[139.74766846074272,35.780854719369344]]]}},{"type":"Feature","properties":{"height":7.0,"gml_id":"bldg_b15cea95-ad28-44c6-bb87-6f88ede9be9f"},"geometry":{"type":"Polygon","coordinates":[[[139.74860169435036,35.78025471648369],[139.74871718485792,35.78024614477572],[139.74871783784644,35.780256240429665],[139.74873597897542,35.78025589264983],[139.7487389196322,35.78029924997315],[139.74860727236882,35.78031439022358],[139.74860169435036,35.78025471648369]]]}},{"type":"Feature","properties":{"height":4.5,"gml_id":"bldg_e729a17a-0f9f-4fe7-bb61-bf6b6f7c664e"},"geometry":{"type":"Polygon","coordinates":[[[139.74728736831108,35.77892563410881],[139.74733007190557,35.77891899461459],[139.74733987166834,35.77896055417255],[139.74729716805243,35.77896719367017],[139.74728736831108,35.77892563410881]]]}},{"type":"Feature","properties":{"height":5.7,"gml_id":"bldg_a983d435-7822-42ff-926d-d57bf76376f6"},"geometry":{"type":"Polygon","coordinates":[[[139.74866599858808,35.778237344980255],[139.74866580383605,35.7782123772555],[139.7486936780245,35.77821230674062],[139.74869283457852,35.77827756439032],[139.7486535667065,35.778278257832824],[139.74865338887543,35.778237336102094],[139.74866599858808,35.778237344980255]]]}},{"type":"Feature","properties":{"height":7.6,"gml_id":"bldg_500fd45f-eb44-40b3-8d7c-4be2df7550cc"},"geometry":{"type":"Polygon","coordinates":[[[139.74007182050792,35.77614425573245],[139.74014843600614,35.776080589166135],[139.74016147561153,35.77609105501249],[139.74019491175915,35.77606331910931],[139.74022375377567,35.77608632605117],[139.74011370223658,35.776177638419234],[139.74007182050792,35.77614425573245]]]}},{"type":"Feature","properties":{"height":7.3,"gml_id":"bldg_0cc904aa-22ab-4f26-b425-913fab7b600a"},"geometry":{"type":"Polygon","coordinates":[[[139.74789766571348,35.77960452047983],[139.74789689537354,35.77960082436992],[139.74793019010357,35.77960075788311],[139.7479330946332,35.77967746540405],[139.74785212332694,35.7796794809974],[139.7478462163918,35.779617643726574],[139.7478531852305,35.779617468408816],[139.7478482215211,35.77960448534349],[139.74789766571348,35.77960452047983]]]}},{"type":"Feature","properties":{"height":7.6,"gml_id":"bldg_5c7cbbe3-9ba9-438d-8be6-7e1d587b8848"},"geometry":{"type":"Polygon","coordinates":[[[139.74785653879908,35.78082465775257],[139.74785206961647,35.780866297248764],[139.74769478675867,35.78085509866208],[139.74769925602263,35.78081345917176],[139.74785653879908,35.78082465775257]]]}},{"type":"Feature","properties":{"height":7.1,"gml_id":"bldg_d6cc2a05-3df0-4917-a262-c59e8f8da447"},"geometry":{"type":"Polygon","coordinates":[[[139.74714919481943,35.779762625205066],[139.74715083330344,35.779781825277226],[139.7470710769676,35.77978537352164],[139.74706506985103,35.779714432439235],[139.7471464866815,35.77970962348932],[139.74714834483441,35.77973026588986],[139.74715852196448,35.779729642233185],[139.7471614734179,35.77976218332548],[139.74714919481943,35.779762625205066]]]}},{"type":"Feature","properties":{"height":7.1,"gml_id":"bldg_387766c2-0433-4d79-ab89-a1e2ef16a8c6"},"geometry":{"type":"Polygon","coordinates":[[[139.74846204902383,35.778012042251916],[139.74848315708985,35.77792552687511],[139.74847884316188,35.777925613967085],[139.74849096000247,35.77786892716034],[139.74850522642836,35.77787119061659],[139.7484984252492,35.777921932218405],[139.74854863550118,35.77792872780431],[139.74854832528285,35.77801255378588],[139.74854146738826,35.77801254895088],[139.74853965224494,35.77805527199208],[139.74846365742283,35.77805981530701],[139.74846204902383,35.778012042251916]]]}},{"type":"Feature","properties":{"height":17.5,"gml_id":"bldg_840e21c5-99db-429a-9810-7d29ff5b8753"},"geometry":{"type":"Polygon","coordinates":[[[139.7470326398853,35.78239414209868],[139.747008239465,35.78235158056728],[139.74703645844585,35.78234087468041],[139.74706085887797,35.78238343620615],[139.7470326398853,35.78239414209868]]]}},{"type":"Feature","properties":{"height":4.6,"gml_id":"bldg_53aef926-0994-46b8-930e-cf16f32002d0"},"geometry":{"type":"Polygon","coordinates":[[[139.7419575093657,35.77514961329129],[139.74193750812861,35.77513328352485],[139.74195178976052,35.77512166686715],[139.74197179099764,35.77513799663125],[139.7419575093657,35.77514961329129]]]}},{"type":"Feature","properties":{"height":2.3,"gml_id":"bldg_1be5a1f3-22db-4562-8ace-7d625ae9e7eb"},"geometry":{"type":"Polygon","coordinates":[[[139.74702345894082,35.781779861148635],[139.74704216110277,35.781772483447305],[139.74709571251728,35.78186283777296],[139.7470770103391,35.78187021548248],[139.74702345894082,35.781779861148635]]]}},{"type":"Feature","properties":{"height":4.6,"gml_id":"bldg_108ad972-7d1b-4891-8891-a952ca7a9e7f"},"geometry":{"type":"Polygon","coordinates":[[[139.73745526345397,35.7788143611214],[139.73742185651432,35.77872392839781],[139.73760785043333,35.77867828766295],[139.73764125745677,35.778768810471455],[139.73745526345397,35.7788143611214]]]}},{"type":"Feature","properties":{"height":5.7,"gml_id":"bldg_8880cd88-32f3-4cb9-82d4-8bf531e11b78"},"geometry":{"type":"Polygon","coordinates":[[[139.73841091122284,35.77568668926329],[139.7383921398016,35.77565981399986],[139.73840995742435,35.77565162571317],[139.73839814262868,35.77563458073517],[139.73842049773853,35.77562423277114],[139.73845097336,35.77566815291698],[139.73841091122284,35.77568668926329]]]}},{"type":"Feature","properties":{"height":7.3,"gml_id":"bldg_12129fd4-abc3-479d-b229-dcb2f4a6ace7"},"geometry":{"type":"Polygon","coordinates":[[[139.74891432314604,35.781898019162504],[139.74897761992491,35.781875259262165],[139.74901979331153,35.781953075895274],[139.7489563858662,35.78197583573986],[139.74891432314604,35.781898019162504]]]}},{"type":"Feature","properties":{"height":2.3,"gml_id":"bldg_ee93e8ec-8f55-44a5-9970-06df870a1081"},"geometry":{"type":"Polygon","coordinates":[[[139.74783391754934,35.780256877148965],[139.7478302334974,35.78028842201215],[139.74780767000362,35.780286693390075],[139.74781146477522,35.78025505847065],[139.74783391754934,35.780256877148965]]]}},{"type":"Feature","properties":{"height":10.9,"gml_id":"bldg_af234fa7-45a9-4771-9968-6acdd5de56b4"},"geometry":{"type":"Polygon","coordinates":[[[139.74037110487362,35.77568867108952],[139.74038915557944,35.77567011708103],[139.7404910595005,35.77573608500777],[139.74047300880338,35.775754639031376],[139.74037110487362,35.77568867108952]]]}},{"type":"Feature","properties":{"height":3.2,"gml_id":"bldg_cc9cdf7b-a9b2-4ea6-a488-2ba32486060b"},"geometry":{"type":"Polygon","coordinates":[[[139.74764624063772,35.779398922394854],[139.74769059736903,35.77939814277018],[139.74769251455245,35.77946700779242],[139.74764815778286,35.779467787417744],[139.74764624063772,35.779398922394854]]]}},{"type":"Feature","properties":{"height":9.4,"gml_id":"bldg_55837daf-5fbd-4bd0-91a9-f279d4b30870"},"geometry":{"type":"Polygon","coordinates":[[[139.74038846541706,35.775122632114424],[139.74041824873729,35.77509687630749],[139.74050919754112,35.77516653132565],[139.7404794141193,35.775192377290466],[139.74038846541706,35.775122632114424]]]}},{"type":"Feature","properties":{"height":4.7,"gml_id":"bldg_f42efdb9-30e2-4f58-b341-e5a06679b917"},"geometry":{"type":"Polygon","coordinates":[[[139.7494090183358,35.780723717627],[139.74943877574893,35.78072184554107],[139.74944719841073,35.78081198707445],[139.74941744105894,35.7808137690268],[139.7494090183358,35.780723717627]]]}},{"type":"Feature","properties":{"height":7.8,"gml_id":"bldg_ac874946-7a8b-45a4-a67f-19d042e3a618"},"geometry":{"type":"Polygon","coordinates":[[[139.74680474170768,35.77874366442082],[139.7466852013025,35.77871464479657],[139.74670771071803,35.77866382448491],[139.7468243693788,35.778698160019594],[139.74680474170768,35.77874366442082]]]}},{"type":"Feature","properties":{"height":7.4,"gml_id":"bldg_7e2e9ba1-4407-49d5-86c6-e1bd05b5b27e"},"geometry":{"type":"Polygon","coordinates":[[[139.7492050976432,35.782142851054346],[139.74921435119703,35.78217918218912],[139.7492076024219,35.78218025909586],[139.74920925493413,35.782186659882036],[139.74921146252584,35.78219116820812],[139.74920094071027,35.78220368970092],[139.74912305255134,35.782216704852004],[139.74910851195315,35.78215900786182],[139.7492050976432,35.782142851054346]]]}},{"type":"Feature","properties":{"height":13.1,"gml_id":"bldg_83f3a947-fa81-433c-a0a9-0687eb388995"},"geometry":{"type":"Polygon","coordinates":[[[139.7397573536327,35.77558327712474],[139.73944543901115,35.7753012697356],[139.73950865038006,35.77525489916357],[139.73930800081598,35.77507347950044],[139.73944726438927,35.77497164477898],[139.73954368677929,35.77490042264357],[139.7400562512693,35.775363848543435],[139.7397573536327,35.77558327712474]]]}},{"type":"Feature","properties":{"height":9.4,"gml_id":"bldg_06b903eb-9e46-436f-a5df-9f1bdd3c1079"},"geometry":{"type":"Polygon","coordinates":[[[139.7392730809556,35.77636113117337],[139.73923036468395,35.776379124900274],[139.73918841086189,35.77631329299279],[139.73923112710767,35.776295299280555],[139.7392730809556,35.77636113117337]]]}},{"type":"Feature","properties":{"height":8.1,"gml_id":"bldg_124a9130-3414-440e-95d8-2fcc74c1ff50"},"geometry":{"type":"Polygon","coordinates":[[[139.74724625131216,35.778999606079005],[139.74725410548447,35.77899898075123],[139.74726332883856,35.77906217246596],[139.74716099346006,35.77907940523282],[139.7471573616255,35.77906236698659],[139.7471410998144,35.779063977774996],[139.7471300884635,35.77901773027766],[139.74719215466965,35.77900614724756],[139.7471889575033,35.77899632016803],[139.74724438158725,35.77898968981547],[139.74724625131216,35.778999606079005]]]}},{"type":"Feature","properties":{"height":6.5,"gml_id":"bldg_70067125-c827-4e39-acb0-fd357816478d"},"geometry":{"type":"Polygon","coordinates":[[[139.74930206895942,35.778186323622286],[139.74930402515815,35.778219404789674],[139.74922438146692,35.7782225940001],[139.7492201196443,35.77817319665783],[139.74928582643687,35.77816981743955],[139.74928713556054,35.7781871244082],[139.74930206895942,35.778186323622286]]]}},{"type":"Feature","properties":{"height":8.4,"gml_id":"bldg_8e788382-50d8-41ad-96d6-6c2dcd4d9f57"},"geometry":{"type":"Polygon","coordinates":[[[139.73940528291902,35.77906782917335],[139.73941633877638,35.77907243472728],[139.73937389491164,35.77913973292286],[139.7393632812862,35.779135307981996],[139.73929484575996,35.779106591343655],[139.73930182752025,35.77909541997916],[139.73928469094193,35.77908828586063],[139.73932015310413,35.77903215906215],[139.73940528291902,35.77906782917335]]]}},{"type":"Feature","properties":{"height":7.4,"gml_id":"bldg_dfb8e2c2-45c1-4b6f-bb1b-f2388ac1f4c0"},"geometry":{"type":"Polygon","coordinates":[[[139.7376546030866,35.779170195253265],[139.73764646807138,35.779128185557276],[139.7377412777342,35.77911609264006],[139.7377383097502,35.779100586945],[139.73783057495191,35.77908876234169],[139.73784156734416,35.77914636776595],[139.7376546030866,35.779170195253265]]]}},{"type":"Feature","properties":{"height":7.4,"gml_id":"bldg_eefe2c7f-f358-42da-bae3-a679d76056ee"},"geometry":{"type":"Polygon","coordinates":[[[139.7481195356165,35.779209342815335],[139.74800551032456,35.77919375862909],[139.74802407664816,35.77910579937607],[139.74814318885026,35.77912246877659],[139.7481195356165,35.779209342815335]]]}},{"type":"Feature","properties":{"height":9.7,"gml_id":"bldg_84e59397-5f92-4709-9528-22394ae3787f"},"geometry":{"type":"Polygon","coordinates":[[[139.74572531103507,35.7805268481467],[139.74572443456802,35.780418324174136],[139.74583073581994,35.78041777061783],[139.74583161243143,35.78052629458983],[139.74572531103507,35.7805268481467]]]}},{"type":"Feature","properties":{"height":12.1,"gml_id":"bldg_913f6cc3-a7b0-4f61-84ff-26d17e6680f8"},"geometry":{"type":"Polygon","coordinates":[[[139.7474270008055,35.77796353542915],[139.74748105166432,35.77799890722037],[139.74742612859646,35.77805457186089],[139.74734986069024,35.77800449204426],[139.74739227114117,35.77796143749495],[139.7474145988793,35.77797605543163],[139.7474270008055,35.77796353542915]]]}},{"type":"Feature","properties":{"height":3.0,"gml_id":"bldg_7f5c0e51-b286-47d7-91dd-595b56ded42f"},"geometry":{"type":"Polygon","coordinates":[[[139.73921989592836,35.778410865534426],[139.73921306126638,35.778391120470545],[139.73926827136805,35.778378544670645],[139.73927499543095,35.77839828964495],[139.73921989592836,35.778410865534426]]]}},{"type":"Feature","properties":{"height":8.9,"gml_id":"bldg_545862d6-a8d4-4633-976c-af519e3e64ae"},"geometry":{"type":"Polygon","coordinates":[[[139.74686428029204,35.77881888040613],[139.74698553263585,35.778799317946856],[139.7470018336799,35.77886368652905],[139.7468811329382,35.778884511300596],[139.74686428029204,35.77881888040613]]]}},{"type":"Feature","properties":{"height":7.6,"gml_id":"bldg_21437d17-94dc-4b16-ac98-f29d40e9a4d8"},"geometry":{"type":"Polygon","coordinates":[[[139.74821586485626,35.777562631926784],[139.74824195665983,35.77757418776087],[139.74821281803736,35.777619234992855],[139.74808512113214,35.7775644321706],[139.74817996380003,35.777518169609394],[139.74821586485626,35.777562631926784]]]}},{"type":"Feature","properties":{"height":14.8,"gml_id":"bldg_c6fd8522-352b-4a33-9aba-3508b9ee3cb1"},"geometry":{"type":"Polygon","coordinates":[[[139.74095876629826,35.776261756149125],[139.74089907411079,35.776325706645466],[139.74088149993003,35.77631478671501],[139.74085780010446,35.776340276902005],[139.74082873085365,35.77632222740271],[139.740851433847,35.776297908219156],[139.74057831566893,35.77612878354772],[139.74055804896176,35.77615058075963],[139.7405327377115,35.7761349677517],[139.74055665900613,35.776109297527334],[139.74053521634445,35.776096031032864],[139.74059225090832,35.77603478273709],[139.74095876629826,35.776261756149125]]]}},{"type":"Feature","properties":{"height":7.1,"gml_id":"bldg_7f93c85f-28d6-4a63-a3bd-8d5cb0683bbd"},"geometry":{"type":"Polygon","coordinates":[[[139.74771320143725,35.77802061515326],[139.7478140808022,35.77781229319395],[139.74787777079962,35.777832799271216],[139.7477767809635,35.77804112120475],[139.74771320143725,35.77802061515326]]]}},{"type":"Feature","properties":{"height":9.3,"gml_id":"bldg_700dd13f-e561-4813-b1c1-3e9e5a766e49"},"geometry":{"type":"Polygon","coordinates":[[[139.74810785982834,35.780406967206154],[139.74814989007604,35.780410061597294],[139.74815033695714,35.780405915673356],[139.7481921459769,35.78040900989304],[139.74818332294424,35.780488232892864],[139.74809948359643,35.78048204427602],[139.74810785982834,35.780406967206154]]]}},{"type":"Feature","properties":{"height":7.2,"gml_id":"bldg_82f2e531-093d-493a-978a-c09806ef3585"},"geometry":{"type":"Polygon","coordinates":[[[139.73860222219085,35.776467235169385],[139.7385899667225,35.77644856742247],[139.73854802408604,35.77646692205893],[139.73851865473213,35.776422552136864],[139.73862157462779,35.776377475239684],[139.73866319950093,35.77644051287781],[139.73860222219085,35.776467235169385]]]}},{"type":"Feature","properties":{"height":6.7,"gml_id":"bldg_be9d2b92-3379-43e8-b7fb-166ed95847d8"},"geometry":{"type":"Polygon","coordinates":[[[139.74888127557728,35.7812451434795],[139.74874338847323,35.78130165175661],[139.74872505787002,35.78127180396144],[139.74876722078676,35.781254527573154],[139.74876302455016,35.781247764448516],[139.74878239069392,35.78123984612874],[139.7487765380853,35.78123037777049],[139.74885278536644,35.78119915428694],[139.74888127557728,35.7812451434795]]]}},{"type":"Feature","properties":{"height":7.8,"gml_id":"bldg_7b2a61fb-5163-45c3-8703-e716f949cd14"},"geometry":{"type":"Polygon","coordinates":[[[139.7393074961571,35.77672350365279],[139.73933929087514,35.7767751762685],[139.73926094168547,35.77680711318527],[139.73925012255387,35.776789618394275],[139.7392238954674,35.776800324023355],[139.73920291992752,35.77676614617377],[139.7393074961571,35.77672350365279]]]}},{"type":"Feature","properties":{"height":6.8,"gml_id":"bldg_0e21f24a-399c-43c6-800e-67d84f0e4379"},"geometry":{"type":"Polygon","coordinates":[[[139.74893419608563,35.78130611233085],[139.74879342803467,35.78136721556087],[139.74877885031773,35.78134494180686],[139.74882610502226,35.78132442409476],[139.7488145090638,35.78130674935831],[139.74890802246253,35.7812660737305],[139.74893419608563,35.78130611233085]]]}},{"type":"Feature","properties":{"height":6.5,"gml_id":"bldg_d4b593da-4b27-470a-be36-4da041167d42"},"geometry":{"type":"Polygon","coordinates":[[[139.7491351661725,35.78268776214865],[139.74917621198225,35.78268148138608],[139.74918612796128,35.78271907488216],[139.74909739657122,35.782734155546784],[139.74908329190146,35.782682588086594],[139.74913219023603,35.78267757473894],[139.7491351661725,35.78268776214865]]]}},{"type":"Feature","properties":{"height":15.6,"gml_id":"bldg_4f80bc9a-547e-4c15-9c38-4549fe06704f"},"geometry":{"type":"Polygon","coordinates":[[[139.7481322144934,35.77893732230924],[139.74812104474867,35.77893533141031],[139.7481429259858,35.7788504390971],[139.74817046346553,35.778855145656465],[139.74817146320626,35.778851180394255],[139.7482039773798,35.778856701691204],[139.74820264445825,35.778861928617424],[139.7482310666524,35.778866816060535],[139.74823239918797,35.77886194967648],[139.7482619273158,35.778867018166274],[139.74826059430185,35.778872335228755],[139.7482873577013,35.77887686094239],[139.74828835762847,35.77887271540797],[139.7483170009606,35.77887769312286],[139.74829634182169,35.778957719004666],[139.74827555050985,35.77895409887396],[139.74827144075718,35.77897014011896],[139.7482599391668,35.77896814899818],[139.74825249739723,35.77899698715245],[139.7482257340556,35.77899237129547],[139.74822062474286,35.77901219752993],[139.74811954330613,35.778994819897854],[139.74812520782137,35.778973011075976],[139.74813129045276,35.77897400687803],[139.74814039827857,35.77893877027784],[139.7481322144934,35.77893732230924]]]}},{"type":"Feature","properties":{"height":6.8,"gml_id":"bldg_f3082a5d-83ed-4a78-8f32-b639f6f62e5c"},"geometry":{"type":"Polygon","coordinates":[[[139.7489548004925,35.781173176705195],[139.7489848389911,35.78121952750241],[139.74890383135985,35.781254443289264],[139.74886937551616,35.781201239060195],[139.7488996980161,35.78118819068407],[139.74890411549237,35.78119495395934],[139.7489548004925,35.781173176705195]]]}},{"type":"Feature","properties":{"height":10.5,"gml_id":"bldg_8ae13319-c660-4992-927b-a070d04f121d"},"geometry":{"type":"Polygon","coordinates":[[[139.7491359586863,35.782460711050255],[139.7491270445923,35.782417169298235],[139.74914629475953,35.782414568842704],[139.74914365362983,35.78240158746256],[139.74923061144236,35.78238966026953],[139.74924227735352,35.782446183469496],[139.7491359586863,35.782460711050255]]]}},{"type":"Feature","properties":{"height":6.2,"gml_id":"bldg_34488d51-df57-458a-8e68-6197fb49b077"},"geometry":{"type":"Polygon","coordinates":[[[139.73975360519512,35.776139231353845],[139.73978001583382,35.77616043379546],[139.73973739032192,35.77619555356043],[139.73971109029156,35.7761743511957],[139.73975360519512,35.776139231353845]]]}},{"type":"Feature","properties":{"height":8.6,"gml_id":"bldg_45be5e2b-49bb-40ea-ad97-5317231e787b"},"geometry":{"type":"Polygon","coordinates":[[[139.74762376654874,35.77890189823578],[139.74769610050643,35.77890807899242],[139.74769471786666,35.77895963561916],[139.74762370502097,35.77895922448702],[139.74762376654874,35.77890189823578]]]}},{"type":"Feature","properties":{"height":7.2,"gml_id":"bldg_5ff864a4-5f6a-4779-a200-5a766acbbe95"},"geometry":{"type":"Polygon","coordinates":[[[139.74765750924206,35.78095836757032],[139.74757234544722,35.78094902289472],[139.7475901450322,35.78085484382801],[139.7476704420489,35.78086382448188],[139.74765750924206,35.78095836757032]]]}},{"type":"Feature","properties":{"height":0.7,"gml_id":"bldg_5a29bfb9-216b-457a-8b4a-89cede478286"},"geometry":{"type":"Polygon","coordinates":[[[139.73955968587182,35.77757124658624],[139.73955251576675,35.77755456589106],[139.73957132590832,35.77754917241573],[139.7395784960168,35.777565853109806],[139.73955968587182,35.77757124658624]]]}},{"type":"Feature","properties":{"height":7.2,"gml_id":"bldg_d72487d3-49d6-4088-8a50-ad1ac7eaebad"},"geometry":{"type":"Polygon","coordinates":[[[139.74652112709825,35.78251257269135],[139.7464080254511,35.78255900097569],[139.7463656186265,35.78249443320473],[139.74642803666657,35.78246707709677],[139.74642030620555,35.78245535387808],[139.74645483519734,35.782440326177934],[139.74646400133398,35.78245421368668],[139.74648115516078,35.78244674481945],[139.74652112709825,35.78251257269135]]]}},{"type":"Feature","properties":{"height":7.1,"gml_id":"bldg_7ca64c76-afc3-4184-bed2-e711c35ac885"},"geometry":{"type":"Polygon","coordinates":[[[139.73800145598375,35.77576613551183],[139.73796304305912,35.77570021584213],[139.7381232292536,35.7755858703902],[139.73825053267214,35.775776968706275],[139.73799090839836,35.77589213689134],[139.73792841590256,35.775798526453094],[139.73800145598375,35.77576613551183]]]}},{"type":"Feature","properties":{"height":6.0,"gml_id":"bldg_3a4bb748-5f70-4da5-a642-c8987832a577"},"geometry":{"type":"Polygon","coordinates":[[[139.73861069170303,35.77548133732002],[139.73872844317606,35.77542662748084],[139.73877923655238,35.775499406959035],[139.7386615957212,35.77555402679857],[139.73861069170303,35.77548133732002]]]}},{"type":"Feature","properties":{"height":5.0,"gml_id":"bldg_44c08dbb-6a32-4b27-b834-f015fd95123a"},"geometry":{"type":"Polygon","coordinates":[[[139.73909945881653,35.77783219023276],[139.73908523904618,35.7777906265348],[139.73913856783645,35.777778499997005],[139.73915267702154,35.77782006360218],[139.73909945881653,35.77783219023276]]]}},{"type":"Feature","properties":{"height":7.2,"gml_id":"bldg_57a173e1-4d96-4a62-ac33-617281762778"},"geometry":{"type":"Polygon","coordinates":[[[139.74954074843845,35.78326536411197],[139.74957250322373,35.78325844579133],[139.74957515163737,35.78326457685818],[139.74960336568304,35.783258557419416],[139.74962288098695,35.783319773091755],[139.7496057312352,35.783323456712914],[139.74961201598396,35.78334302051791],[139.74956853313833,35.78335227420629],[139.74954074843845,35.78326536411197]]]}},{"type":"Feature","properties":{"height":6.7,"gml_id":"bldg_e3505ab1-7c05-44ee-9c49-d6f170ce9f2c"},"geometry":{"type":"Polygon","coordinates":[[[139.74628943403323,35.77982780502715],[139.74621111932962,35.77982792858918],[139.74621120173796,35.7797523949573],[139.74628730213033,35.77975407250585],[139.74628943403323,35.77982780502715]]]}},{"type":"Feature","properties":{"height":3.0,"gml_id":"bldg_148bb8d4-3b90-4215-b2c7-b8f7cf5dc8ca"},"geometry":{"type":"Polygon","coordinates":[[[139.7452133968183,35.78202047248227],[139.74523412849337,35.781978484465384],[139.74528687366936,35.7819957390009],[139.74526625263425,35.7820377271078],[139.7452133968183,35.78202047248227]]]}},{"type":"Feature","properties":{"height":9.1,"gml_id":"bldg_6e37e559-44c9-4812-b735-d5e9368cf220"},"geometry":{"type":"Polygon","coordinates":[[[139.7401194054986,35.775081862797016],[139.74016614983137,35.7751183138548],[139.74010979470637,35.775166312531766],[139.74006305037133,35.77512986145237],[139.7401194054986,35.775081862797016]]]}},{"type":"Feature","properties":{"height":7.0,"gml_id":"bldg_8f360eb0-9004-4393-8a0c-60d5e3ac3ed1"},"geometry":{"type":"Polygon","coordinates":[[[139.74700066973094,35.780451876246865],[139.74688851308767,35.780445756589565],[139.7468926604672,35.78039528360045],[139.7470048170399,35.780401403253826],[139.74700066973094,35.780451876246865]]]}},{"type":"Feature","properties":{"height":9.0,"gml_id":"bldg_93832c32-436e-4327-bfcb-8f857dd28a6e"},"geometry":{"type":"Polygon","coordinates":[[[139.740076014277,35.77700478464193],[139.74035716505423,35.77730659639707],[139.7402676166986,35.77736205072638],[139.74005727792184,35.777136548513944],[139.7400333694266,35.77715086154538],[139.7399839908216,35.7770960207189],[139.74000668186312,35.77708233770233],[139.73998513990608,35.7770592462428],[139.740076014277,35.77700478464193]]]}},{"type":"Feature","properties":{"height":9.9,"gml_id":"bldg_7a1acf44-818c-479c-817c-fb7bb354b36b"},"geometry":{"type":"Polygon","coordinates":[[[139.7471662658993,35.78013877358221],[139.7471646940551,35.78016031488],[139.74711071832874,35.78015658063092],[139.74711921366,35.78007447312983],[139.74717252564693,35.78007820689958],[139.7471662658993,35.78013877358221]]]}},{"type":"Feature","properties":{"height":8.5,"gml_id":"bldg_0ee673de-bbe5-4489-a30f-6d1d572e5899"},"geometry":{"type":"Polygon","coordinates":[[[139.74925636893727,35.782615287766646],[139.74917228561014,35.78262847888822],[139.74916535717765,35.7825900762608],[139.74925994675786,35.78257914588027],[139.74926711639904,35.782598620188644],[139.74925636893727,35.782615287766646]]]}},{"type":"Feature","properties":{"height":3.6,"gml_id":"bldg_073c0566-40b8-46e9-8338-e9e3cdd94984"},"geometry":{"type":"Polygon","coordinates":[[[139.74779737626167,35.77771114905676],[139.74776276764206,35.77769940679545],[139.74780012243878,35.777625702363274],[139.74783484173915,35.777637354556965],[139.74779737626167,35.77771114905676]]]}},{"type":"Feature","properties":{"height":6.2,"gml_id":"bldg_5982b24a-7b4f-4a4b-a95c-c40dd0b12feb"},"geometry":{"type":"Polygon","coordinates":[[[139.74832684864595,35.78095289361103],[139.74832711449554,35.78091098071957],[139.74839127112966,35.78091120632353],[139.74839100531372,35.78095311921518],[139.74832684864595,35.78095289361103]]]}},{"type":"Feature","properties":{"height":7.1,"gml_id":"bldg_2fcb0c22-6b17-4299-9b44-15cac42abab3"},"geometry":{"type":"Polygon","coordinates":[[[139.74639058837948,35.78191226519965],[139.7464798973489,35.781874292494784],[139.7465173327552,35.781932817555344],[139.7464281343547,35.78197079036751],[139.74639058837948,35.78191226519965]]]}},{"type":"Feature","properties":{"height":3.6,"gml_id":"bldg_7685ffe7-c020-4d18-9f40-9fd79badb07d"},"geometry":{"type":"Polygon","coordinates":[[[139.7488054077938,35.77893238921772],[139.7488477762825,35.77892872342659],[139.74885370043964,35.778974967194515],[139.74881144253922,35.77897863306541],[139.7488054077938,35.77893238921772]]]}},{"type":"Feature","properties":{"height":7.4,"gml_id":"bldg_483646df-cff3-4175-812f-0cf0f2975c79"},"geometry":{"type":"Polygon","coordinates":[[[139.74951897361646,35.779349946444896],[139.7495171056825,35.779338047233395],[139.74948469331673,35.77934063857385],[139.749475374692,35.77926113240664],[139.74952659273762,35.77925711200439],[139.74952549606797,35.77924809767208],[139.74957284236723,35.77924434495893],[139.74957426776112,35.779256333997246],[139.749588648198,35.77925562292656],[139.74959884342746,35.779343151770966],[139.74951897361646,35.779349946444896]]]}},{"type":"Feature","properties":{"height":8.1,"gml_id":"bldg_f469e59a-9812-4985-b15d-aac3ff95dac7"},"geometry":{"type":"Polygon","coordinates":[[[139.74626441292702,35.77984833784702],[139.74627461431504,35.77992694353556],[139.74615513886246,35.77993830421544],[139.74614549243083,35.779858076477296],[139.74626441292702,35.77984833784702]]]}},{"type":"Feature","properties":{"height":9.0,"gml_id":"bldg_4fd16615-69f5-46d4-977b-e31d48772d81"},"geometry":{"type":"Polygon","coordinates":[[[139.7459515598711,35.7813985343767],[139.74603001797124,35.78136983808909],[139.74605396850617,35.78141843858711],[139.74597838855095,35.781445153996614],[139.7459515598711,35.7813985343767]]]}},{"type":"Feature","properties":{"height":6.8,"gml_id":"bldg_80d3f303-8e08-4d0b-9dbc-7f745488498e"},"geometry":{"type":"Polygon","coordinates":[[[139.74810694398386,35.7821977816286],[139.74805139307094,35.78221757208649],[139.74801220117487,35.782145345642526],[139.7480677522397,35.78212537493132],[139.74810694398386,35.7821977816286]]]}},{"type":"Feature","properties":{"height":8.1,"gml_id":"bldg_945e0265-3c04-49ae-87b0-2d12ac3e140a"},"geometry":{"type":"Polygon","coordinates":[[[139.7493628625995,35.7819086086572],[139.74936911447818,35.7819592692523],[139.74926446199618,35.7819678491594],[139.7492582101832,35.781917188559014],[139.7493628625995,35.7819086086572]]]}},{"type":"Feature","properties":{"height":6.1,"gml_id":"bldg_8740e4e5-3ddd-4db7-b8b0-b751049ffa27"},"geometry":{"type":"Polygon","coordinates":[[[139.74733741941765,35.77908070328387],[139.74744638754473,35.77906717066692],[139.74746313069022,35.77913226058518],[139.74729408663316,35.779157918568515],[139.74728285657778,35.77910923726597],[139.74734193357241,35.77910017581894],[139.74733741941765,35.77908070328387]]]}},{"type":"Feature","properties":{"height":7.0,"gml_id":"bldg_0f951f03-8127-4f40-b551-07ac9a7a300f"},"geometry":{"type":"Polygon","coordinates":[[[139.748202483332,35.77911683221676],[139.74821410698814,35.77910809728325],[139.74826177348444,35.779115251730296],[139.7482593285774,35.7791259761469],[139.74826795502722,35.77912724414857],[139.7482608424914,35.77915851619885],[139.74825332207013,35.779157339114825],[139.74824220815893,35.77920672560475],[139.74823811605958,35.77920618189522],[139.74823422655155,35.7792231246509],[139.74818025602102,35.77921506437268],[139.748202483332,35.77911683221676]]]}},{"type":"Feature","properties":{"height":9.6,"gml_id":"bldg_601f89c0-972f-46aa-886b-88b6a3958d83"},"geometry":{"type":"Polygon","coordinates":[[[139.7482848768282,35.78027152848631],[139.7483191645839,35.78027407652856],[139.74832005746333,35.7802665958996],[139.74835390276073,35.78026914361914],[139.74834474518295,35.78035107046627],[139.74827650135327,35.7803460647569],[139.7482848768282,35.78027152848631]]]}},{"type":"Feature","properties":{"height":3.3,"gml_id":"bldg_e97ee5ad-431f-4dc9-a40f-c50460bdc44e"},"geometry":{"type":"Polygon","coordinates":[[[139.74198392026392,35.77517081525279],[139.7419627027491,35.775154124023814],[139.74197598850378,35.77514286714964],[139.7419972059153,35.77515964851196],[139.74198392026392,35.77517081525279]]]}},{"type":"Feature","properties":{"height":7.2,"gml_id":"bldg_d85835be-cbef-48bf-b0c8-08137ac22f23"},"geometry":{"type":"Polygon","coordinates":[[[139.73839688150827,35.77632330678481],[139.7384203933071,35.776363616007465],[139.7382968958683,35.77641219176624],[139.73827327286497,35.77637242324621],[139.73839688150827,35.77632330678481]]]}},{"type":"Feature","properties":{"height":7.4,"gml_id":"bldg_8474e8d3-79a7-4618-936c-9258f47ccfe2"},"geometry":{"type":"Polygon","coordinates":[[[139.7466204958899,35.78085126422973],[139.7465052428644,35.780843880083175],[139.7465108365394,35.78078601703124],[139.74654678397783,35.78078829636995],[139.7465466709137,35.780790549679736],[139.74658615784094,35.78079301183226],[139.74658537579987,35.78080013198492],[139.7466145761196,35.78080204589355],[139.74661334604104,35.78081430345565],[139.7466239644034,35.78081494206176],[139.7466204958899,35.78085126422973]]]}},{"type":"Feature","properties":{"height":6.9,"gml_id":"bldg_3f60697a-93e2-4bae-8f76-7206f5414506"},"geometry":{"type":"Polygon","coordinates":[[[139.74803359402722,35.7775480810722],[139.74815962873123,35.77760567697892],[139.74811398539526,35.77767288587956],[139.74798341423298,35.77761654860605],[139.74803359402722,35.7775480810722]]]}},{"type":"Feature","properties":{"height":8.1,"gml_id":"bldg_ec8518ef-ccf1-46f5-b0ba-a2d396a8fc3a"},"geometry":{"type":"Polygon","coordinates":[[[139.74715987370334,35.77857951191991],[139.74720308915818,35.77861091009776],[139.74713689383958,35.77865656146516],[139.7470009426996,35.77856236228811],[139.74706859622452,35.778497963817266],[139.74715987370334,35.77857951191991]]]}},{"type":"Feature","properties":{"height":2.9,"gml_id":"bldg_ff6c13fc-a72c-4227-84b0-f49dac7cd3fa"},"geometry":{"type":"Polygon","coordinates":[[[139.74748379821784,35.77997125820055],[139.74751111781998,35.77997317054899],[139.74750653614808,35.78001643239991],[139.74747921662816,35.78001442991482],[139.74748379821784,35.77997125820055]]]}},{"type":"Feature","properties":{"height":7.1,"gml_id":"bldg_e4b62696-2f83-4874-893a-dab0976e97f8"},"geometry":{"type":"Polygon","coordinates":[[[139.73776398480877,35.77881253373108],[139.73780291319648,35.77891099281996],[139.73761105055033,35.77896149650981],[139.73763465000667,35.779021275244205],[139.73748914839678,35.779059557169816],[139.73742639979875,35.77890131903493],[139.73776398480877,35.77881253373108]]]}},{"type":"Feature","properties":{"height":6.8,"gml_id":"bldg_b0fff43a-6090-4305-b84e-5182e2312aff"},"geometry":{"type":"Polygon","coordinates":[[[139.74816030752825,35.782154554330404],[139.74809521015175,35.78210204926668],[139.74818411364137,35.78202883197521],[139.7482492111129,35.782081246855896],[139.74816030752825,35.782154554330404]]]}},{"type":"Feature","properties":{"height":7.2,"gml_id":"bldg_b30c758e-c35a-4c38-ac84-c0622ecee411"},"geometry":{"type":"Polygon","coordinates":[[[139.7477802511645,35.780274054894406],[139.747770760768,35.78035634200326],[139.74762874197623,35.78034677663099],[139.74763612078564,35.780273862137676],[139.74767859369206,35.780276686602],[139.74767959937287,35.78026722307356],[139.7477802511645,35.780274054894406]]]}},{"type":"Feature","properties":{"height":9.8,"gml_id":"bldg_57f5e56f-3157-4ecc-8071-c08ac6e8f2d1"},"geometry":{"type":"Polygon","coordinates":[[[139.74990936335263,35.781221344167456],[139.75008370339287,35.78121209087401],[139.7500897186576,35.78127789406332],[139.74988894036994,35.78128803037985],[139.749887539478,35.78125251596144],[139.7499116551119,35.78125118065778],[139.74990936335263,35.781221344167456]]]}},{"type":"Feature","properties":{"height":3.8,"gml_id":"bldg_5963927a-d900-4af5-a9ee-69fc13f5eb9d"},"geometry":{"type":"Polygon","coordinates":[[[139.74201689936154,35.77515497640815],[139.74207568813375,35.77510571678295],[139.7420950269848,35.77512096439515],[139.74203623811022,35.77517031416533],[139.74201689936154,35.77515497640815]]]}},{"type":"Feature","properties":{"height":7.4,"gml_id":"bldg_89afb306-e4d3-4c00-b8c7-870cb4524cd7"},"geometry":{"type":"Polygon","coordinates":[[[139.73881698627687,35.775845828227474],[139.73876696651578,35.77586679053031],[139.7387252348808,35.77580068822364],[139.73877525461137,35.77577972593788],[139.73881698627687,35.775845828227474]]]}},{"type":"Feature","properties":{"height":7.1,"gml_id":"bldg_f601e3dc-cc61-4262-b051-8543880c4f39"},"geometry":{"type":"Polygon","coordinates":[[[139.7376676214471,35.77910620928197],[139.73764899119206,35.77905337495555],[139.73775476673168,35.77902849148601],[139.73777350755574,35.77908141601984],[139.7376676214471,35.77910620928197]]]}},{"type":"Feature","properties":{"height":7.4,"gml_id":"bldg_d4e15a13-8ad8-4d29-847a-29c7469ebec2"},"geometry":{"type":"Polygon","coordinates":[[[139.7463543923321,35.78132536585533],[139.74640861310255,35.78130791874365],[139.74641556943504,35.781319370998816],[139.74649258281684,35.78129662231744],[139.74650770208643,35.7813289017962],[139.7463818803048,35.78137622223817],[139.7463543923321,35.78132536585533]]]}},{"type":"Feature","properties":{"height":7.4,"gml_id":"bldg_0010bdea-20b2-433e-a518-390be48eb919"},"geometry":{"type":"Polygon","coordinates":[[[139.74990950335288,35.78204022660175],[139.74981259296052,35.782049803848246],[139.74980545369093,35.78200121578014],[139.74990236402516,35.78199163853923],[139.74990950335288,35.78204022660175]]]}},{"type":"Feature","properties":{"height":2.0,"gml_id":"bldg_cd7f6c48-5b94-483a-8907-2d91c7ad6838"},"geometry":{"type":"Polygon","coordinates":[[[139.746198357918,35.78128451158684],[139.74620520124205,35.78129812702787],[139.74619092659722,35.78130289387425],[139.74618408327518,35.7812892784324],[139.746198357918,35.78128451158684]]]}},{"type":"Feature","properties":{"height":4.6,"gml_id":"bldg_b63cb781-35c5-484c-9d72-7e634cedf621"},"geometry":{"type":"Polygon","coordinates":[[[139.74944254969225,35.781341170251814],[139.74944203288246,35.78130664793753],[139.74956216293083,35.78130546978025],[139.74956267979255,35.78133999209409],[139.74944254969225,35.781341170251814]]]}},{"type":"Feature","properties":{"height":9.2,"gml_id":"bldg_a651ba71-cb73-4535-8603-aad2cf6a2a29"},"geometry":{"type":"Polygon","coordinates":[[[139.74842158225186,35.78038871131469],[139.7483718011264,35.78039300266721],[139.74836313307648,35.78032674683062],[139.74837430618658,35.78032576323223],[139.74836881900742,35.78028483776413],[139.74840742705823,35.78028143987961],[139.74842158225186,35.78038871131469]]]}},{"type":"Feature","properties":{"height":4.5,"gml_id":"bldg_853f920d-478b-4720-9bf5-5588c3d1ce83"},"geometry":{"type":"Polygon","coordinates":[[[139.7467684318036,35.78091329400247],[139.74677443062458,35.78088968277908],[139.74679721461717,35.7808922229745],[139.74679199069539,35.78091529394275],[139.7467684318036,35.78091329400247]]]}},{"type":"Feature","properties":{"height":2.3,"gml_id":"bldg_c24c5254-3f0f-40fb-b05a-b14b6f2aecc4"},"geometry":{"type":"Polygon","coordinates":[[[139.74681570073088,35.782513325794426],[139.7467332566258,35.78254472378711],[139.74672199505548,35.782524975974006],[139.7468044390469,35.782493668124474],[139.74681570073088,35.782513325794426]]]}},{"type":"Feature","properties":{"height":7.5,"gml_id":"bldg_625915b6-7596-46b0-85d9-50efefc499da"},"geometry":{"type":"Polygon","coordinates":[[[139.74851406985132,35.78037570691076],[139.748514743591,35.78036624314131],[139.7486016938278,35.78035945412508],[139.74860365916058,35.78038370200318],[139.74860885823276,35.78038352539478],[139.7486108173522,35.78041363208638],[139.74857497556602,35.780416130629156],[139.74857529736394,35.78042559510051],[139.7485223047638,35.78043330940701],[139.74851406985132,35.78037570691076]]]}},{"type":"Feature","properties":{"height":9.7,"gml_id":"bldg_3e657dce-d284-4830-bc19-af75023801af"},"geometry":{"type":"Polygon","coordinates":[[[139.7466818675925,35.78015591185099],[139.7467387177025,35.78016109053296],[139.74673011116087,35.78024337819694],[139.74667193244764,35.780239280181505],[139.7466818675925,35.78015591185099]]]}},{"type":"Feature","properties":{"height":10.1,"gml_id":"bldg_adc8ca16-7c8b-4157-bc7f-0485a02b2348"},"geometry":{"type":"Polygon","coordinates":[[[139.74971891501255,35.78108519720225],[139.74975119604665,35.781103066501885],[139.74975633346332,35.78116183851789],[139.74959039734955,35.78117389139453],[139.74958229659765,35.78109303407296],[139.74971891501255,35.78108519720225]]]}},{"type":"Feature","properties":{"height":9.2,"gml_id":"bldg_9bd10c3a-b1b6-46d5-a194-17a7dc6e8cec"},"geometry":{"type":"Polygon","coordinates":[[[139.74844092142982,35.782174762861125],[139.74837228146066,35.78222870563261],[139.74832807437048,35.78219135823933],[139.74837501529566,35.78215443580021],[139.74838385669153,35.78216192330388],[139.7484055557333,35.782144902994844],[139.74844092142982,35.782174762861125]]]}},{"type":"Feature","properties":{"height":7.5,"gml_id":"bldg_8a136e01-fffd-4572-804c-1a1890149b42"},"geometry":{"type":"Polygon","coordinates":[[[139.7464614980055,35.7804848381684],[139.74646249961145,35.780377577455695],[139.74648904688883,35.78037777690082],[139.74648892049186,35.78039228865102],[139.7465290733569,35.78039249791168],[139.7465281981322,35.7804853370104],[139.7464614980055,35.7804848381684]]]}},{"type":"Feature","properties":{"height":14.7,"gml_id":"bldg_ecb56fc1-c816-40cc-92ee-6959b6382850"},"geometry":{"type":"Polygon","coordinates":[[[139.7401060604271,35.77571226175762],[139.74055601175743,35.775999962397506],[139.74048713013823,35.77607147700325],[139.7404366194872,35.77603925954531],[139.7404472507922,35.77602818106296],[139.74001896275678,35.77575428759424],[139.7400517424285,35.77572033185476],[139.74008047903948,35.77573874182837],[139.7401060604271,35.77571226175762]]]}},{"type":"Feature","properties":{"height":3.8,"gml_id":"bldg_18f13f13-caa0-4730-bda2-4e734318dca1"},"geometry":{"type":"Polygon","coordinates":[[[139.73866449241143,35.77572303356589],[139.73867122764096,35.7757330439329],[139.73864964753722,35.77574276160344],[139.7386429123096,35.77573275123523],[139.73866449241143,35.77572303356589]]]}},{"type":"Feature","properties":{"height":7.9,"gml_id":"bldg_42f276aa-dad2-47e3-a0d7-00a7c03f67de"},"geometry":{"type":"Polygon","coordinates":[[[139.7491877118875,35.77827683003732],[139.74919141379942,35.77833271675813],[139.7491171898667,35.778335999824954],[139.74911337739502,35.77828011302449],[139.7491877118875,35.77827683003732]]]}},{"type":"Feature","properties":{"height":6.6,"gml_id":"bldg_bc1754c6-79c7-48f3-99be-86238a780bb4"},"geometry":{"type":"Polygon","coordinates":[[[139.74666922475734,35.78038998505815],[139.74678669422025,35.78039295399538],[139.7467846566569,35.780435857103726],[139.7466661924805,35.78043207622669],[139.74666922475734,35.78038998505815]]]}},{"type":"Feature","properties":{"height":4.1,"gml_id":"bldg_d12bd8cf-a559-4083-8848-2ad5ef7ce103"},"geometry":{"type":"Polygon","coordinates":[[[139.7491379387488,35.77879940193882],[139.74914106383028,35.778877822174],[139.74907989269897,35.778880122861864],[139.74907665773088,35.77880107159836],[139.7491379387488,35.77879940193882]]]}},{"type":"Feature","properties":{"height":9.3,"gml_id":"bldg_a11d50c8-ae2f-4695-8f00-e0cf2ecde730"},"geometry":{"type":"Polygon","coordinates":[[[139.74768249146229,35.780870953781054],[139.74781532974723,35.7808808731042],[139.74780639586547,35.78095991571972],[139.74776381448714,35.780954747696455],[139.74776482103584,35.78094447294811],[139.7477367262087,35.78094310091952],[139.7477342675507,35.780966534439486],[139.7476723291756,35.780960721654566],[139.74768249146229,35.780870953781054]]]}},{"type":"Feature","properties":{"height":7.4,"gml_id":"bldg_f303e02c-d921-48a1-9444-482840662ec2"},"geometry":{"type":"Polygon","coordinates":[[[139.74887411525353,35.77943918029009],[139.74887345901044,35.77943214924635],[139.74885708711707,35.779433219375306],[139.74884866831528,35.77934019344142],[139.7489126068466,35.77933627237204],[139.74892168196976,35.77943632934509],[139.74887411525353,35.77943918029009]]]}},{"type":"Feature","properties":{"height":4.1,"gml_id":"bldg_50dd1c7e-6f5b-4e61-b577-24f80a159528"},"geometry":{"type":"Polygon","coordinates":[[[139.73991315291047,35.77685295984623],[139.73987220585082,35.77687131571667],[139.73985100552486,35.7768399320126],[139.73989206318277,35.77682157623522],[139.73991315291047,35.77685295984623]]]}},{"type":"Feature","properties":{"height":9.3,"gml_id":"bldg_9a764880-a030-486c-b402-98f09a992e5f"},"geometry":{"type":"Polygon","coordinates":[[[139.74026369181092,35.77522492981663],[139.74029491362924,35.775198724475246],[139.7403858600284,35.775270452705506],[139.74035463810685,35.77529674820584],[139.74026369181092,35.77522492981663]]]}},{"type":"Feature","properties":{"height":7.5,"gml_id":"bldg_79a18c20-48ba-44fe-be16-a3c3cfe770cf"},"geometry":{"type":"Polygon","coordinates":[[[139.74606344414687,35.78054169597536],[139.74596798662049,35.78053892259606],[139.74597207051684,35.78044590556232],[139.7460977247251,35.78044960220327],[139.74609632172422,35.78051882537212],[139.74606313771812,35.780518440752985],[139.74606344414687,35.78054169597536]]]}},{"type":"Feature","properties":{"height":7.3,"gml_id":"bldg_8333791d-2c76-41af-b49f-313666a3d82b"},"geometry":{"type":"Polygon","coordinates":[[[139.7383986576053,35.776131859923076],[139.73836487161967,35.77608117697432],[139.73842972247346,35.77605238473637],[139.73846361909665,35.77610306775448],[139.7383986576053,35.776131859923076]]]}},{"type":"Feature","properties":{"height":9.3,"gml_id":"bldg_e47c35fb-6336-41b4-8e0b-8e462bb7d36c"},"geometry":{"type":"Polygon","coordinates":[[[139.74753642809034,35.77906552235939],[139.74747481228493,35.779069714762706],[139.74746583712542,35.77898128525011],[139.74748442138898,35.7789800366184],[139.74748562611157,35.778991214303105],[139.7475043209897,35.77898996574726],[139.74750486843362,35.778995194007585],[139.74752909432772,35.77899358885243],[139.74753642809034,35.77906552235939]]]}},{"type":"Feature","properties":{"height":9.8,"gml_id":"bldg_c6190e83-3cb8-4eb0-9c28-bd92b06dc0fa"},"geometry":{"type":"Polygon","coordinates":[[[139.74008091512385,35.776596744082156],[139.7399498573804,35.7764899217043],[139.74007573966747,35.776387444939274],[139.74020679741176,35.77649426718177],[139.74008091512385,35.776596744082156]]]}},{"type":"Feature","properties":{"height":2.7,"gml_id":"bldg_19c8bebf-ba7a-406a-8afe-1110b1f84087"},"geometry":{"type":"Polygon","coordinates":[[[139.7459030374047,35.7807577247698],[139.7459538084064,35.78075893343395],[139.74595198194967,35.7808106699728],[139.74590121081644,35.78080955144344],[139.7459030374047,35.7807577247698]]]}},{"type":"Feature","properties":{"height":2.4,"gml_id":"bldg_6bac6f1f-dcde-4395-bce7-41dc9d71af5e"},"geometry":{"type":"Polygon","coordinates":[[[139.74045095906547,35.77607325178783],[139.74043435248413,35.77608639877654],[139.7403741299122,35.776035605831396],[139.74039073649286,35.776022458850875],[139.74045095906547,35.77607325178783]]]}},{"type":"Feature","properties":{"height":8.0,"gml_id":"bldg_4a9e66a4-acea-454a-8c56-3339e980ffcf"},"geometry":{"type":"Polygon","coordinates":[[[139.73875605200422,35.77639705038325],[139.73866597316643,35.77643339433969],[139.73864036179083,35.776391280797995],[139.7387304405927,35.776354936860436],[139.73875605200422,35.77639705038325]]]}},{"type":"Feature","properties":{"height":6.1,"gml_id":"bldg_4c845290-bdfe-47a2-ac57-0548134a3457"},"geometry":{"type":"Polygon","coordinates":[[[139.74721373336533,35.78104890733076],[139.74721709003032,35.78101348642315],[139.7472793627844,35.781016956154815],[139.74726122380892,35.78122037933794],[139.74714696660644,35.781212185298344],[139.7471627430682,35.78104571605698],[139.74721373336533,35.78104890733076]]]}},{"type":"Feature","properties":{"height":7.2,"gml_id":"bldg_3d78b6cd-3223-4eb9-a2b6-b44e2eb3cc8c"},"geometry":{"type":"Polygon","coordinates":[[[139.746328625575,35.78182677180057],[139.74639048688246,35.78180229964641],[139.7464375232664,35.7818815628703],[139.74637566201002,35.78190594491269],[139.746328625575,35.78182677180057]]]}},{"type":"Feature","properties":{"height":8.9,"gml_id":"bldg_0c848da1-ef77-4ad5-9ca2-1ce89a7f0e8f"},"geometry":{"type":"Polygon","coordinates":[[[139.74685166315834,35.78086837619398],[139.746848102289,35.78088793307018],[139.7467877142158,35.78088067877409],[139.74680563069754,35.7807815424461],[139.74694819504612,35.78079868057712],[139.74693383958711,35.78087826004768],[139.74685166315834,35.78086837619398]]]}},{"type":"Feature","properties":{"height":7.8,"gml_id":"bldg_0a9e24c4-c078-424b-8e72-ccfe295f6cc7"},"geometry":{"type":"Polygon","coordinates":[[[139.7479162160973,35.779324842653374],[139.74804541556892,35.77932168946529],[139.7480483376234,35.77938208244188],[139.7479178098293,35.77938604591068],[139.7479162160973,35.779324842653374]]]}},{"type":"Feature","properties":{"height":9.6,"gml_id":"bldg_367bfc2e-bca5-45aa-8475-3e84fd504b5e"},"geometry":{"type":"Polygon","coordinates":[[[139.7479133307494,35.77995407774198],[139.74801497961795,35.779959107361314],[139.7480109476299,35.7800057947771],[139.7479097412544,35.78000067533299],[139.7479133307494,35.77995407774198]]]}},{"type":"Feature","properties":{"height":7.8,"gml_id":"bldg_253fa7f5-de74-47c6-af41-2685ffde71bb"},"geometry":{"type":"Polygon","coordinates":[[[139.7483547889607,35.77798114010014],[139.74839380797408,35.77790229892779],[139.7484288634355,35.7779100753519],[139.74842598093548,35.77791629268016],[139.74846810861874,35.777930563856074],[139.7484295375718,35.77800426763364],[139.7483547889607,35.77798114010014]]]}},{"type":"Feature","properties":{"height":9.6,"gml_id":"bldg_29e6fa95-3f92-4733-8b00-d90e5c193966"},"geometry":{"type":"Polygon","coordinates":[[[139.74825829942802,35.782791341794116],[139.7482183234199,35.7827278580251],[139.7484096617234,35.782652549777396],[139.7484475397509,35.782712606848946],[139.74825829942802,35.782791341794116]]]}},{"type":"Feature","properties":{"height":7.7,"gml_id":"bldg_62fab999-0337-4b63-bff8-18ee93cc7447"},"geometry":{"type":"Polygon","coordinates":[[[139.74846250137372,35.77821088191881],[139.74846145091507,35.77815851233815],[139.74857128660503,35.77815994183677],[139.74857170130662,35.77818608148095],[139.74856274168405,35.778186165301534],[139.74856459519327,35.77821149473855],[139.74846250137372,35.77821088191881]]]}},{"type":"Feature","properties":{"height":6.3,"gml_id":"bldg_eb7f7967-40fd-4cae-bbe1-cb25bf8f5167"},"geometry":{"type":"Polygon","coordinates":[[[139.74198214998253,35.77513165984557],[139.74197732403834,35.775135657305185],[139.7419537858461,35.77511716159697],[139.74197183213724,35.77510203250346],[139.74199531276608,35.775120569626914],[139.74198214998253,35.77513165984557]]]}},{"type":"Feature","properties":{"height":9.2,"gml_id":"bldg_95fa2672-aa43-452f-8dc4-1c53f8af4fd6"},"geometry":{"type":"Polygon","coordinates":[[[139.7476342558225,35.780053298834964],[139.7476410116373,35.7799424367773],[139.74773713093876,35.77994638106318],[139.74773037525708,35.78005724312636],[139.7476342558225,35.780053298834964]]]}},{"type":"Feature","properties":{"height":7.2,"gml_id":"bldg_6bbc570a-9c1e-4537-9b0d-492657f1c4a3"},"geometry":{"type":"Polygon","coordinates":[[[139.7494440628099,35.77821616753381],[139.74944438706967,35.77822337861569],[139.74946175316938,35.77822330059242],[139.74946225170027,35.77827521910084],[139.7493945566621,35.77827589295684],[139.749394014689,35.7782653467022],[139.74938262131982,35.77826569929224],[139.74938121378617,35.77823676475139],[139.74939150094139,35.77823650152505],[139.74939063566148,35.77821784283202],[139.7494440628099,35.77821616753381]]]}},{"type":"Feature","properties":{"height":5.2,"gml_id":"bldg_2a80f774-02c4-4b64-963c-cb5b833fb01b"},"geometry":{"type":"Polygon","coordinates":[[[139.74741419399777,35.7828757395658],[139.74743201095237,35.782868811851024],[139.74745033988597,35.782900102004085],[139.747432522926,35.78290702972155],[139.74741419399777,35.7828757395658]]]}},{"type":"Feature","properties":{"height":3.5,"gml_id":"bldg_862a5edb-5ff6-4f55-b80c-e2c01650cc5e"},"geometry":{"type":"Polygon","coordinates":[[[139.74444693969605,35.78241172800334],[139.7444788937478,35.78242464101257],[139.7444688092155,35.78244112838109],[139.74443696567576,35.782428305586556],[139.74444693969605,35.78241172800334]]]}},{"type":"Feature","properties":{"height":10.3,"gml_id":"bldg_d4ed0334-9e12-4d85-a2ad-a50194cb60c0"},"geometry":{"type":"Polygon","coordinates":[[[139.7486336351733,35.77735985113373],[139.74866356306967,35.77740466965464],[139.74866474714716,35.77753978391274],[139.74866729138225,35.777748269587775],[139.74851232378106,35.77774987296817],[139.74850682212255,35.777618541367765],[139.74850351146236,35.777611328176235],[139.7484706446795,35.77762581683702],[139.74824436452047,35.777286746694564],[139.74850718762445,35.77717029675048],[139.7485667116236,35.777259663209136],[139.7486336351733,35.77735985113373]]]}},{"type":"Feature","properties":{"height":14.6,"gml_id":"bldg_74ff5071-a645-4feb-8ffe-e668b361f80d"},"geometry":{"type":"Polygon","coordinates":[[[139.7407018618805,35.77575048900181],[139.7406300983089,35.77582758988787],[139.7405802497279,35.77579681517093],[139.740591324355,35.77578492579574],[139.74025034368455,35.775574195445316],[139.74028223853193,35.775540058685564],[139.74030522846138,35.77555422778036],[139.7403340226925,35.775523153223155],[139.7407018618805,35.77575048900181]]]}},{"type":"Feature","properties":{"height":6.9,"gml_id":"bldg_87be75dc-dd74-43a3-bff0-91414d23810b"},"geometry":{"type":"Polygon","coordinates":[[[139.74818037677264,35.78013913538104],[139.74818662920646,35.78018844401738],[139.7481235734289,35.7801937173602],[139.74811535748952,35.7801186285287],[139.74815341605364,35.78011180518086],[139.74815659261583,35.7801411015224],[139.74818037677264,35.78013913538104]]]}},{"type":"Feature","properties":{"height":7.8,"gml_id":"bldg_50ee0563-9fb7-4d25-9357-d0a279553866"},"geometry":{"type":"Polygon","coordinates":[[[139.74994440176854,35.78114105760275],[139.74990402521289,35.781142832311374],[139.74990337206737,35.781132736665135],[139.74985104856654,35.78113495374539],[139.74984745639972,35.78107933755374],[139.7499402670022,35.78107534584444],[139.74994440176854,35.78114105760275]]]}},{"type":"Feature","properties":{"height":7.9,"gml_id":"bldg_4cdc3170-6854-4cf8-8849-e1bd9e11074c"},"geometry":{"type":"Polygon","coordinates":[[[139.7467665963747,35.77985140445122],[139.74677252934904,35.779786420903626],[139.74679476122841,35.77978778893865],[139.7468007339752,35.77978815377912],[139.74680230151475,35.779770668586906],[139.74687651848072,35.77977513861324],[139.7468690180658,35.779857607359126],[139.7467665963747,35.77985140445122]]]}},{"type":"Feature","properties":{"height":4.5,"gml_id":"bldg_76fb5c2b-d937-421d-8790-c476bab408cf"},"geometry":{"type":"Polygon","coordinates":[[[139.74512790039054,35.780108452392064],[139.74510170546554,35.78008977509381],[139.74514156774347,35.78005248816776],[139.74516776286464,35.78007098518626],[139.74512790039054,35.780108452392064]]]}},{"type":"Feature","properties":{"height":9.8,"gml_id":"bldg_6bba26fa-2e30-458f-8cde-f9224e94cb1a"},"geometry":{"type":"Polygon","coordinates":[[[139.74781845936445,35.779817725185154],[139.7478277513014,35.77981737124942],[139.74782720807744,35.77980817702475],[139.747912716315,35.779804632364545],[139.74791761053325,35.77988260319589],[139.74782269955716,35.77988659185239],[139.74781845936445,35.779817725185154]]]}},{"type":"Feature","properties":{"height":7.3,"gml_id":"bldg_7e1c3e63-55db-4f3b-bd98-6605d0a9a82f"},"geometry":{"type":"Polygon","coordinates":[[[139.74901203390408,35.78144470542509],[139.74900306963255,35.78144884537905],[139.7489758999089,35.78140925677408],[139.74907804765954,35.78136263811839],[139.74912079058979,35.78142468138332],[139.74902760696267,35.78146725025523],[139.74901203390408,35.78144470542509]]]}},{"type":"Feature","properties":{"height":4.5,"gml_id":"bldg_5c26547a-d011-4eac-8a93-72287f37b627"},"geometry":{"type":"Polygon","coordinates":[[[139.74832215661613,35.77912602057563],[139.74832149716167,35.77912205413948],[139.74829295725132,35.77912374653939],[139.74829919082066,35.77908688545324],[139.74831593699912,35.779045885557345],[139.74832257366114,35.77904598038456],[139.74832247638608,35.77903345145586],[139.74834271868667,35.779033285491735],[139.74834384409465,35.77901516901474],[139.7483907454631,35.779013669844446],[139.74839117439495,35.77902637927876],[139.74851915863766,35.77902133187353],[139.7485219308914,35.77911895077298],[139.74832215661613,35.77912602057563]]]}},{"type":"Feature","properties":{"height":9.2,"gml_id":"bldg_ca74fa52-ca5d-4673-8b6d-d0665457102d"},"geometry":{"type":"Polygon","coordinates":[[[139.74680341019481,35.78038079770979],[139.74679620902043,35.78039115812923],[139.7466600463962,35.780387544780616],[139.74666230652588,35.78034347007088],[139.74674991002388,35.78034641751593],[139.74674801188846,35.78036273070414],[139.74680409058365,35.78036538500117],[139.74680341019481,35.78038079770979]]]}},{"type":"Feature","properties":{"height":7.0,"gml_id":"bldg_9e7f9d82-e198-4c61-baf9-fea3e1246ec4"},"geometry":{"type":"Polygon","coordinates":[[[139.74702351917273,35.78039375514648],[139.74703392496951,35.78028397737728],[139.7471287141651,35.7802908055362],[139.74711476824956,35.78040112158955],[139.74702351917273,35.78039375514648]]]}},{"type":"Feature","properties":{"height":7.5,"gml_id":"bldg_70c46ddd-4ced-4eb9-b479-736be67e9652"},"geometry":{"type":"Polygon","coordinates":[[[139.74975990142616,35.78145189751925],[139.74976121334637,35.78146668067717],[139.74968665335314,35.78147122575739],[139.74968096761012,35.781407946577616],[139.7497405933597,35.78140438261295],[139.7497411400227,35.78141051221703],[139.74977576497287,35.78140846316016],[139.74977959238933,35.781450649302805],[139.74975990142616,35.78145189751925]]]}},{"type":"Feature","properties":{"height":2.4,"gml_id":"bldg_be60746b-297a-4739-99d1-b82497870d18"},"geometry":{"type":"Polygon","coordinates":[[[139.7457811918222,35.78020564534608],[139.74577867536698,35.78018040552817],[139.74580433963916,35.780178801768216],[139.74580674647626,35.780203140149204],[139.7457811918222,35.78020564534608]]]}},{"type":"Feature","properties":{"height":3.2,"gml_id":"bldg_fdab50c7-7806-4da4-bc15-3ca91f2442f8"},"geometry":{"type":"Polygon","coordinates":[[[139.7391056628261,35.77651143662601],[139.73911427300254,35.776526135493086],[139.73905473773976,35.77654943398643],[139.73904601696265,35.77653473502844],[139.7391056628261,35.77651143662601]]]}},{"type":"Feature","properties":{"height":3.4,"gml_id":"bldg_1a6c6e4e-1f74-49e8-9711-aa5cc17eead2"},"geometry":{"type":"Polygon","coordinates":[[[139.74949228692532,35.7805363836711],[139.74944283893427,35.78053941379984],[139.7494385743936,35.78049236000951],[139.74948802235565,35.78048932988246],[139.74949228692532,35.7805363836711]]]}},{"type":"Feature","properties":{"height":9.7,"gml_id":"bldg_8e29ccb8-7ff2-4ad2-afb3-71df8e4863b2"},"geometry":{"type":"Polygon","coordinates":[[[139.74934185113815,35.782534135297645],[139.7493353694637,35.78249158675232],[139.7493512046284,35.78247555366947],[139.74940618573333,35.78247153594989],[139.7494129846124,35.7825280557358],[139.74934185113815,35.782534135297645]]]}},{"type":"Feature","properties":{"height":9.7,"gml_id":"bldg_f2dac26d-f5af-47ab-9843-e533c578cb0e"},"geometry":{"type":"Polygon","coordinates":[[[139.73930216480434,35.776272550506924],[139.7393324855037,35.77626076643079],[139.73934010223164,35.7762737519272],[139.73935935696,35.776266285709625],[139.73936487647433,35.77627557400128],[139.7393726226937,35.776272515439096],[139.7393951418236,35.77631084071053],[139.73933770953815,35.7763331494947],[139.73930216480434,35.776272550506924]]]}},{"type":"Feature","properties":{"height":7.7,"gml_id":"bldg_40ae12a3-e7ec-4f67-9ad7-0168a93c7013"},"geometry":{"type":"Polygon","coordinates":[[[139.74900656404995,35.779292081672736],[139.7489302337607,35.77929896857325],[139.74892479143085,35.779215408978004],[139.74900332970972,35.779212489599075],[139.74900656404995,35.779292081672736]]]}},{"type":"Feature","properties":{"height":3.0,"gml_id":"bldg_dc004be3-7522-4e56-8464-4d0975dfa1ef"},"geometry":{"type":"Polygon","coordinates":[[[139.7376752718921,35.779552747477744],[139.73769594988687,35.77955835233506],[139.73768740793918,35.779578986609415],[139.7376667299397,35.779573381750666],[139.7376752718921,35.779552747477744]]]}},{"type":"Feature","properties":{"height":2.6,"gml_id":"bldg_1feaf9be-9784-4cd8-9cc8-e49ba21ef461"},"geometry":{"type":"Polygon","coordinates":[[[139.7375568277209,35.77805811352963],[139.7375828714516,35.778108610253625],[139.7375297561839,35.77812677536176],[139.73750371258907,35.77807618849087],[139.7375568277209,35.77805811352963]]]}},{"type":"Feature","properties":{"height":6.8,"gml_id":"bldg_50e1ef1c-f13d-4807-b4fb-4f2c8b4fbf86"},"geometry":{"type":"Polygon","coordinates":[[[139.74954817750074,35.78156189595569],[139.74950923835485,35.781564032075536],[139.74950126605307,35.78146622934163],[139.74957040501778,35.78146249182141],[139.7495737904314,35.7815041368484],[139.7495435905494,35.78150573825208],[139.74954817750074,35.78156189595569]]]}},{"type":"Feature","properties":{"height":7.1,"gml_id":"bldg_fae6e611-30be-4b97-9cf8-afa118e57d88"},"geometry":{"type":"Polygon","coordinates":[[[139.7389345150132,35.77579274045812],[139.7388825038368,35.77581415192478],[139.73887863980113,35.77580801966085],[139.73887188940094,35.77581080856647],[139.7388367828855,35.77575426588813],[139.73889543392664,35.77572997531189],[139.7389345150132,35.77579274045812]]]}},{"type":"Feature","properties":{"height":6.0,"gml_id":"bldg_740cff43-2528-455f-996c-4e36b88827f1"},"geometry":{"type":"Polygon","coordinates":[[[139.74696739609854,35.779511647204416],[139.74687812718508,35.779515278625006],[139.74687421400546,35.77945164002504],[139.74696348284792,35.77944800860721],[139.74696739609854,35.779511647204416]]]}},{"type":"Feature","properties":{"height":8.5,"gml_id":"bldg_22726f69-5edc-47d6-adaa-6a0f83078b60"},"geometry":{"type":"Polygon","coordinates":[[[139.7467766277059,35.783046630174375],[139.74679267251852,35.78304186453396],[139.74682522567647,35.78311498794482],[139.74675031590044,35.78313449346349],[139.74671157630073,35.78305388432003],[139.74677155148487,35.78303535956784],[139.7467766277059,35.783046630174375]]]}},{"type":"Feature","properties":{"height":7.8,"gml_id":"bldg_dd7dddb4-20de-42c8-baf5-43902eb10da7"},"geometry":{"type":"Polygon","coordinates":[[[139.7500456374796,35.781543763705514],[139.74989817774426,35.78155177369634],[139.74989438294355,35.781478310511176],[139.7500418426376,35.781470210389124],[139.7500456374796,35.781543763705514]]]}},{"type":"Feature","properties":{"height":10.0,"gml_id":"bldg_4aa53b2a-df8c-450a-b731-bd78f0997348"},"geometry":{"type":"Polygon","coordinates":[[[139.74648486836742,35.779032769391385],[139.74647016363647,35.77892486635929],[139.74652127315827,35.77891886417328],[139.74653631302797,35.77902379296366],[139.74648486836742,35.779032769391385]]]}},{"type":"Feature","properties":{"height":7.0,"gml_id":"bldg_846bc6a4-6761-43f6-9272-8c75d65950bf"},"geometry":{"type":"Polygon","coordinates":[[[139.74867482361526,35.78107698546617],[139.74872617134025,35.781056110131026],[139.74872252743054,35.78105006847858],[139.74875683300576,35.78103612158391],[139.74878664781656,35.78108463552992],[139.74870088376912,35.78111954783684],[139.74867482361526,35.78107698546617]]]}},{"type":"Feature","properties":{"height":6.6,"gml_id":"bldg_0a61cb69-9a97-4d1e-9f24-ae5d529e7d79"},"geometry":{"type":"Polygon","coordinates":[[[139.74771247647988,35.780656902948714],[139.7477265455651,35.78053414819684],[139.74779224769964,35.780536989154484],[139.7477800951888,35.78062612467692],[139.74775056392983,35.780623399594795],[139.7477455473291,35.780659720695006],[139.74771247647988,35.780656902948714]]]}},{"type":"Feature","properties":{"height":9.8,"gml_id":"bldg_aa5bb83e-72f0-4202-96d0-349718eeb2b9"},"geometry":{"type":"Polygon","coordinates":[[[139.74773102294654,35.77759563800936],[139.74778052938427,35.77763965946089],[139.74776458850428,35.7776517263041],[139.74770052484757,35.77777354417475],[139.7476515955807,35.77781010441967],[139.74760396775153,35.77776770669812],[139.74754928212607,35.77780849917582],[139.74763530211524,35.777841460034104],[139.74759278850595,35.77787775441907],[139.747473564894,35.777966543159884],[139.74745930972372,35.77795382384829],[139.74738198973887,35.7779563825482],[139.74732763599553,35.77799690475377],[139.74726630566005,35.77794223864475],[139.74773102294654,35.77759563800936]]]}},{"type":"Feature","properties":{"height":6.3,"gml_id":"bldg_f67be77c-21ad-4e06-8138-1c8ba89f4d9b"},"geometry":{"type":"Polygon","coordinates":[[[139.7488803334224,35.78255427285993],[139.7489575580546,35.782541437672734],[139.74897242246593,35.782606706297564],[139.74888136866804,35.78262133449577],[139.7488671582123,35.782565350289175],[139.7488825362389,35.78256328796995],[139.7488803334224,35.78255427285993]]]}},{"type":"Feature","properties":{"height":6.7,"gml_id":"bldg_e5a680b7-5df8-4a77-a8d3-71cb8754341b"},"geometry":{"type":"Polygon","coordinates":[[[139.74974805647525,35.782411563452676],[139.74976102129594,35.782495669008654],[139.74967362749302,35.78250137692308],[139.74965988674214,35.78241889325933],[139.74974805647525,35.782411563452676]]]}},{"type":"Feature","properties":{"height":7.6,"gml_id":"bldg_afc533f9-d0d8-4c0c-a09a-3b7a3dd3830e"},"geometry":{"type":"Polygon","coordinates":[[[139.73852078401723,35.77639920866542],[139.73847905155964,35.77633373722849],[139.73857422307995,35.77629343145261],[139.73861595559467,35.776358902857034],[139.73852078401723,35.77639920866542]]]}},{"type":"Feature","properties":{"height":6.9,"gml_id":"bldg_d93aae14-37f0-47a7-b23c-90290315a9a3"},"geometry":{"type":"Polygon","coordinates":[[[139.74979804020109,35.7820032837504],[139.7498047405822,35.78204844635981],[139.7497069451386,35.78205811304205],[139.74970024490642,35.782012860291736],[139.74979804020109,35.7820032837504]]]}},{"type":"Feature","properties":{"height":8.4,"gml_id":"bldg_6a98e859-15d5-48b4-9bc4-44bc693ee661"},"geometry":{"type":"Polygon","coordinates":[[[139.74576218803534,35.78069002054573],[139.7457644704157,35.780626116027065],[139.74581269946293,35.78062524977964],[139.7458130192548,35.78063624656254],[139.7458543889046,35.78063654706973],[139.74585156260616,35.780692158714],[139.74576218803534,35.78069002054573]]]}},{"type":"Feature","properties":{"height":2.8,"gml_id":"bldg_55114c30-40f7-44d6-92ee-7bf6bcd05335"},"geometry":{"type":"Polygon","coordinates":[[[139.7464436528179,35.78021315639122],[139.74637706147217,35.78021455043008],[139.7463758267594,35.78012946146999],[139.74644241793612,35.780128157567276],[139.7464436528179,35.78021315639122]]]}},{"type":"Feature","properties":{"height":6.9,"gml_id":"bldg_8956c277-427f-4e8c-ab36-88cc352995ba"},"geometry":{"type":"Polygon","coordinates":[[[139.7396443611933,35.77554163658443],[139.73968823157122,35.77557655327894],[139.73928644091484,35.775911634788415],[139.7392425705292,35.77587671794926],[139.7396443611933,35.77554163658443]]]}},{"type":"Feature","properties":{"height":11.6,"gml_id":"bldg_69910bef-ae3d-49f7-ac36-20cbae7ff61f"},"geometry":{"type":"Polygon","coordinates":[[[139.74881562931068,35.7809799182723],[139.74885458440096,35.78096245932663],[139.74885877948606,35.780970304075424],[139.74897697290325,35.78091711686905],[139.74901452202258,35.78097401880051],[139.7489483433978,35.78100299606216],[139.74895397563668,35.78101165303691],[139.7488615689044,35.781052149208435],[139.74881562931068,35.7809799182723]]]}},{"type":"Feature","properties":{"height":2.5,"gml_id":"bldg_94f59b4a-bfe0-4ef7-8a3e-8609915b6e70"},"geometry":{"type":"Polygon","coordinates":[[[139.74954908653677,35.7791141724864],[139.74957530298315,35.77911301898426],[139.749578568803,35.7791631366982],[139.7495523523402,35.77916429020101],[139.74954908653677,35.7791141724864]]]}},{"type":"Feature","properties":{"height":12.4,"gml_id":"bldg_16464b37-f4b4-4068-97d3-e0a8115ac937"},"geometry":{"type":"Polygon","coordinates":[[[139.7496696847514,35.78088010434825],[139.74990199047008,35.780867015796524],[139.7499045833615,35.78092623672153],[139.7498777022561,35.78092775037609],[139.74987693689891,35.78091918695764],[139.74984640530414,35.78092087834311],[139.74984881028544,35.78094819111638],[139.7496762401673,35.78095789597959],[139.7496696847514,35.78088010434825]]]}},{"type":"Feature","properties":{"height":6.3,"gml_id":"bldg_7c2bfdac-5933-4d7c-b5f3-94477b82a475"},"geometry":{"type":"Polygon","coordinates":[[[139.74906972452072,35.78002546978982],[139.7490825203805,35.78016383700487],[139.74894568158598,35.78017230394982],[139.748932775348,35.78003393664311],[139.74906972452072,35.78002546978982]]]}},{"type":"Feature","properties":{"height":6.0,"gml_id":"bldg_e70afb56-b183-48fa-b832-d7ce4c985b26"},"geometry":{"type":"Polygon","coordinates":[[[139.7478015670524,35.77803257594405],[139.7478432432335,35.77795193412718],[139.74791688526776,35.77797533159978],[139.747875428828,35.77805741576921],[139.7478015670524,35.77803257594405]]]}},{"type":"Feature","properties":{"height":6.6,"gml_id":"bldg_980bc6e1-316f-465d-b9b1-a2ae2b986008"},"geometry":{"type":"Polygon","coordinates":[[[139.73951895263403,35.777501359651744],[139.73955281478604,35.777582508190676],[139.7393587404024,35.77763625784347],[139.73932487831897,35.77755519938649],[139.73951895263403,35.777501359651744]]]}},{"type":"Feature","properties":{"height":2.6,"gml_id":"bldg_d434b6a1-3ecf-41a7-b6dc-23463ecb4320"},"geometry":{"type":"Polygon","coordinates":[[[139.74133027634753,35.77609150414513],[139.74133825262004,35.776080693960076],[139.74138578750433,35.77610398532793],[139.74137781133967,35.77611470538045],[139.74133027634753,35.77609150414513]]]}},{"type":"Feature","properties":{"height":4.1,"gml_id":"bldg_87579ad6-b821-4fb0-88b0-158a22d712dc"},"geometry":{"type":"Polygon","coordinates":[[[139.74016567900705,35.77656490173495],[139.74015208669874,35.77655407491872],[139.74017766233163,35.776532732567766],[139.74019125474487,35.77654346924549],[139.74016567900705,35.77656490173495]]]}},{"type":"Feature","properties":{"height":12.4,"gml_id":"bldg_a2c5b242-0bd7-47ec-870b-9bd4937973fe"},"geometry":{"type":"Polygon","coordinates":[[[139.7398708559669,35.77641802217022],[139.73975537601171,35.776515909893135],[139.73965415090223,35.77643669192995],[139.73980627881514,35.77630773598627],[139.73980848888039,35.776309540419305],[139.7398547916693,35.776345720840524],[139.739818143722,35.77637678917181],[139.7398708559669,35.77641802217022]]]}},{"type":"Feature","properties":{"height":8.0,"gml_id":"bldg_0e3a00aa-379b-440d-aec0-c7223535690b"},"geometry":{"type":"Polygon","coordinates":[[[139.74798574442931,35.77823064478048],[139.74803152295723,35.77824437788534],[139.74802731009103,35.77825338846657],[139.74806766915424,35.77826666703485],[139.74805457723835,35.77830388379368],[139.7480467261247,35.778301714969516],[139.74803752870662,35.77831730192164],[139.74795592517808,35.7782911948014],[139.74798574442931,35.77823064478048]]]}},{"type":"Feature","properties":{"height":7.2,"gml_id":"bldg_a1e00322-89f3-4fa1-a140-552bf16dca44"},"geometry":{"type":"Polygon","coordinates":[[[139.74903403240432,35.7782098417262],[139.74902717420724,35.77821010732576],[139.74902875435885,35.77818018338232],[139.74911768947072,35.77817691067252],[139.74912029633492,35.77822225075317],[139.74910149162022,35.7782229586694],[139.74910325560492,35.77822845818233],[139.74904794766528,35.778230492553774],[139.7490347928884,35.77822291193517],[139.74903403240432,35.7782098417262]]]}},{"type":"Feature","properties":{"height":9.3,"gml_id":"bldg_a3c4e504-fd7a-486f-b9bb-0ecf4e17c1aa"},"geometry":{"type":"Polygon","coordinates":[[[139.74702943762884,35.77942092511851],[139.74703062281165,35.779450129928094],[139.7470682323672,35.779449165419486],[139.74706825632038,35.779426992060344],[139.7471116190139,35.779424859901034],[139.74711214366195,35.779451179894615],[139.74711811687158,35.77945109404129],[139.74711947923095,35.77952113043775],[139.74697921661087,35.77952562672239],[139.74697246639832,35.779425931818125],[139.74702943762884,35.77942092511851]]]}},{"type":"Feature","properties":{"height":7.2,"gml_id":"bldg_1f7446e7-bb6a-41cc-b622-ce9aa4f1f9e8"},"geometry":{"type":"Polygon","coordinates":[[[139.74974105325185,35.78297265287658],[139.7497487977439,35.782971486496564],[139.74974487909287,35.78291073236125],[139.7498102549858,35.78291014683604],[139.7498155978621,35.782984151895235],[139.74980243289454,35.78298549478582],[139.74980253332862,35.782995229503065],[139.74974279445442,35.78300005531685],[139.74974105325185,35.78297265287658]]]}},{"type":"Feature","properties":{"height":3.1,"gml_id":"bldg_101f12ad-bee3-4383-af92-d06a91dfad40"},"geometry":{"type":"Polygon","coordinates":[[[139.74827377708692,35.78259197273337],[139.74829155588742,35.782620738573094],[139.74826964409897,35.782629646503025],[139.7482519758259,35.78260097087393],[139.74827377708692,35.78259197273337]]]}},{"type":"Feature","properties":{"height":6.4,"gml_id":"bldg_e781748b-fd82-4226-ab5f-7e56c23a91cb"},"geometry":{"type":"Polygon","coordinates":[[[139.74839973154465,35.78262865682273],[139.7484115704076,35.78262605125035],[139.74840760447216,35.78261072539268],[139.74846746333216,35.78259688676343],[139.748498571483,35.78267785050758],[139.7484372744419,35.7826917782724],[139.74839973154465,35.78262865682273]]]}},{"type":"Feature","properties":{"height":2.4,"gml_id":"bldg_d9a0188a-8be0-43b1-9bdb-27d40b361c11"},"geometry":{"type":"Polygon","coordinates":[[[139.74812357125796,35.78216525444675],[139.74813549605713,35.78218572368494],[139.74811900691222,35.782192472174515],[139.7481070821163,35.782172002934715],[139.74812357125796,35.78216525444675]]]}},{"type":"Feature","properties":{"height":6.9,"gml_id":"bldg_50f72345-e7a4-4a93-af3e-3e15129e8519"},"geometry":{"type":"Polygon","coordinates":[[[139.7462326963061,35.78174801394495],[139.74623336029927,35.78174774401895],[139.74622364375853,35.78173151256573],[139.74624079676417,35.78172467468071],[139.74624653829497,35.78173432335227],[139.74627597501996,35.78172262703245],[139.74630368883084,35.78176933735388],[139.74631232064286,35.78176591844601],[139.74633605976106,35.781805775574796],[139.74628017437772,35.78182781836471],[139.7462326963061,35.78174801394495]]]}},{"type":"Feature","properties":{"height":7.4,"gml_id":"bldg_70557b5d-22e5-48a2-9010-a03a4b05bba0"},"geometry":{"type":"Polygon","coordinates":[[[139.74928139955358,35.779117951665114],[139.74928390000693,35.7791594158265],[139.74927549305514,35.77915977049339],[139.74927581948546,35.77916490845542],[139.7492475013746,35.7791660604228],[139.74924891352597,35.77919057831555],[139.7491964808573,35.77919261476486],[139.74919224188972,35.779121494746136],[139.7492694528088,35.7791184841289],[139.74928139955358,35.779117951665114]]]}},{"type":"Feature","properties":{"height":6.0,"gml_id":"bldg_51baac98-ab4e-425b-a4fc-adceaaaa7d15"},"geometry":{"type":"Polygon","coordinates":[[[139.74971947061053,35.78192787575221],[139.74970143896704,35.781928944841326],[139.7497043903091,35.78196265762327],[139.74964354745197,35.78196613058674],[139.7496408153848,35.78193431080438],[139.74961681006226,35.781935736265865],[139.74961221907236,35.78188336426245],[139.74963644561237,35.78188193895583],[139.74963502460375,35.78186571355138],[139.74969044689104,35.78186250722897],[139.74969175833292,35.78187774106455],[139.7497149892264,35.78187640518523],[139.74971947061053,35.78192787575221]]]}},{"type":"Feature","properties":{"height":7.7,"gml_id":"bldg_606ae9d0-69fa-4385-9dfb-91d3a56bc872"},"geometry":{"type":"Polygon","coordinates":[[[139.74865965236017,35.78286625735924],[139.74875026763448,35.78284820386747],[139.74877363624964,35.78292600734654],[139.7487500696484,35.78293067782555],[139.7487604311758,35.78296520705721],[139.74869338239236,35.78297859009289],[139.74865965236017,35.78286625735924]]]}},{"type":"Feature","properties":{"height":7.4,"gml_id":"bldg_2513be92-b973-45f0-ab2d-95d6c402e177"},"geometry":{"type":"Polygon","coordinates":[[[139.74963890628212,35.78301692855616],[139.74963967002725,35.78302702427761],[139.74967064348763,35.78302668528749],[139.74967653338368,35.783106369276176],[139.74954920580552,35.783111959176715],[139.74954188916183,35.7830216381842],[139.74963890628212,35.78301692855616]]]}},{"type":"Feature","properties":{"height":7.2,"gml_id":"bldg_8fbea111-dd4e-4130-a756-044ec5f72e51"},"geometry":{"type":"Polygon","coordinates":[[[139.7491970734041,35.77926012680437],[139.74908336064695,35.77926257099474],[139.7490775642572,35.779199922635826],[139.74919404405088,35.779195767808844],[139.7491970734041,35.77926012680437]]]}},{"type":"Feature","properties":{"height":10.0,"gml_id":"bldg_c0013a13-ebfc-4bcf-801a-8e5d75a4198d"},"geometry":{"type":"Polygon","coordinates":[[[139.73883233624366,35.77549268851494],[139.73887329834983,35.77555473407562],[139.73882460703945,35.775574886225435],[139.73882814008957,35.7755802971454],[139.738720132202,35.775626361716576],[139.73867641203435,35.775558364975765],[139.73883233624366,35.77549268851494]]]}},{"type":"Feature","properties":{"height":5.3,"gml_id":"bldg_ae3c091a-400d-4885-b72f-bf0a58931ce2"},"geometry":{"type":"Polygon","coordinates":[[[139.7459994906663,35.77995144122645],[139.74597305266684,35.77995259378776],[139.74596924123622,35.77989769839721],[139.74599578983134,35.77989654591704],[139.7459994906663,35.77995144122645]]]}},{"type":"Feature","properties":{"height":7.3,"gml_id":"bldg_35606e22-808b-411c-b1b6-228f17bab5f1"},"geometry":{"type":"Polygon","coordinates":[[[139.7484098051412,35.78251770697648],[139.74843087297896,35.782574236892714],[139.7484246767683,35.78257576482367],[139.7484282067527,35.78258496115025],[139.74835860990484,35.78260221803332],[139.74834879276355,35.78257607176339],[139.7483310892579,35.78258047589699],[139.7483197280899,35.782550002022965],[139.74834705790065,35.782543171032366],[139.748343638353,35.782534155052645],[139.7484098051412,35.78251770697648]]]}},{"type":"Feature","properties":{"height":17.7,"gml_id":"bldg_73189b74-6fd9-4951-8f66-aba8763d16f8"},"geometry":{"type":"Polygon","coordinates":[[[139.74752460090312,35.78193994013212],[139.7475912923672,35.78205265724835],[139.7475401658104,35.7820727210319],[139.74756191801464,35.78210933161672],[139.74753712937482,35.7821190485828],[139.74751438366215,35.78208054443621],[139.74734075217089,35.78214883335034],[139.7473658166999,35.782191124883624],[139.7473346095066,35.782203361017],[139.7473092138192,35.78216043829097],[139.7472367290083,35.78218886927891],[139.74717147312992,35.782078766930915],[139.74752460090312,35.78193994013212]]]}},{"type":"Feature","properties":{"height":8.3,"gml_id":"bldg_f7c4ffc4-2367-4acc-aa3d-e59079aa7406"},"geometry":{"type":"Polygon","coordinates":[[[139.74833630296328,35.78069619394469],[139.74839127512652,35.78069947766916],[139.74838145164102,35.78078347716296],[139.74832647942034,35.780780193433976],[139.74833630296328,35.78069619394469]]]}},{"type":"Feature","properties":{"height":10.1,"gml_id":"bldg_8c7abe88-5f92-4e3e-b28a-9a34f86639d9"},"geometry":{"type":"Polygon","coordinates":[[[139.73910269617397,35.77518220278424],[139.73920841182598,35.7751095460298],[139.739349491062,35.775250808919715],[139.73933986069105,35.77525720103059],[139.73934527398123,35.775262703540875],[139.7392669027116,35.77531465058591],[139.73930813275763,35.775337216759816],[139.7392965022053,35.775351449111966],[139.73925041009892,35.77532491315852],[139.73910269617397,35.77518220278424]]]}},{"type":"Feature","properties":{"height":7.0,"gml_id":"bldg_976460ff-75a2-4fac-86eb-9b8f994bfb45"},"geometry":{"type":"Polygon","coordinates":[[[139.7477545614375,35.78081548152537],[139.74775567734486,35.780806378618216],[139.74772282708489,35.78080410184572],[139.7477213817445,35.780810951126654],[139.74769317741342,35.78080858751773],[139.7476980859457,35.780769922816624],[139.74772507320816,35.78077255596498],[139.74772517338673,35.78078229068719],[139.747776827422,35.78078530192344],[139.74777783502918,35.78077403568322],[139.74785337872348,35.78078003835662],[139.7478528943868,35.78081915688715],[139.7477545614375,35.78081548152537]]]}},{"type":"Feature","properties":{"height":8.3,"gml_id":"bldg_95f418cd-9bee-4923-a89b-707c2104bcfb"},"geometry":{"type":"Polygon","coordinates":[[[139.73813783421167,35.77558191597952],[139.73821043125687,35.77554979496644],[139.73823052602077,35.77557991619131],[139.73822255807278,35.775583425183605],[139.7383171800712,35.77572546374513],[139.7383037894243,35.77573140212294],[139.73832730668533,35.77576693417853],[139.7382760681183,35.775789607893365],[139.73813783421167,35.77558191597952]]]}},{"type":"Feature","properties":{"height":7.4,"gml_id":"bldg_4b19cc98-b68e-4252-9e8c-2a2082dd1adf"},"geometry":{"type":"Polygon","coordinates":[[[139.7464034893547,35.782153297218265],[139.74639520819832,35.782139410344044],[139.74637495656674,35.78214741777324],[139.74635143836528,35.782107741085376],[139.7464261368323,35.78207832073861],[139.74643011168058,35.78208508378377],[139.74646131906385,35.78207275774943],[139.7464890330063,35.7821195581613],[139.7464034893547,35.782153297218265]]]}},{"type":"Feature","properties":{"height":16.7,"gml_id":"bldg_27fb37cf-7062-4312-bcf2-6a9f6f8d53b7"},"geometry":{"type":"Polygon","coordinates":[[[139.73911022560836,35.77883162315942],[139.73916599217463,35.77881643390891],[139.73915363931573,35.77878613864748],[139.7392409404154,35.77876241116375],[139.73925560957758,35.7787982966405],[139.73944537043735,35.77874670705552],[139.7394797828173,35.77883065023413],[139.73943286804248,35.778843503014286],[139.7394522801804,35.77889083940103],[139.73930578235834,35.77893065505503],[139.73931912815672,35.77896320446833],[139.739179600958,35.77900113256787],[139.73911022560836,35.77883162315942]]]}},{"type":"Feature","properties":{"height":2.9,"gml_id":"bldg_2392bb6b-fc7e-47a4-879d-c4134dd2e5ad"},"geometry":{"type":"Polygon","coordinates":[[[139.74876184267157,35.78205033139277],[139.74874526543,35.78203589803149],[139.7488508789981,35.78195548114726],[139.74886745633748,35.7819698243586],[139.74876184267157,35.78205033139277]]]}},{"type":"Feature","properties":{"height":7.2,"gml_id":"bldg_531dab3e-ff8e-4e11-96ac-e370aa8e5808"},"geometry":{"type":"Polygon","coordinates":[[[139.74592079943534,35.780497516039055],[139.74589978314776,35.780497050082886],[139.74589974921778,35.78042701465055],[139.74590550117384,35.78042701883231],[139.7459057348374,35.780415661908975],[139.7459489848203,35.780415963750514],[139.7459487543193,35.7804244363351],[139.74595516927195,35.78042507194588],[139.7459548267267,35.780535938558266],[139.74592119887413,35.7805368154767],[139.74592079943534,35.780497516039055]]]}},{"type":"Feature","properties":{"height":6.8,"gml_id":"bldg_55dbd601-d018-4e63-a904-0c555581d882"},"geometry":{"type":"Polygon","coordinates":[[[139.74951166674185,35.78251730828423],[139.74950531139885,35.78245970718534],[139.74958584925525,35.782451741228044],[139.7495931992673,35.78251024437174],[139.74951166674185,35.78251730828423]]]}},{"type":"Feature","properties":{"height":8.1,"gml_id":"bldg_7052a198-f0ae-4cbe-ada5-b17552ce1071"},"geometry":{"type":"Polygon","coordinates":[[[139.74827917833284,35.78074059043573],[139.7482857577052,35.7806907500701],[139.7483189391079,35.78069365787253],[139.74831849146616,35.78069852488164],[139.74833154162835,35.780700787497935],[139.74832128041774,35.78078027989452],[139.74824706339544,35.780774909403284],[139.74825197069705,35.78073714603486],[139.74827917833284,35.78074059043573]]]}},{"type":"Feature","properties":{"height":4.6,"gml_id":"bldg_f3aa0701-4a13-448f-bbfd-7d117becac0b"},"geometry":{"type":"Polygon","coordinates":[[[139.74838700147325,35.77754202171608],[139.74840683353963,35.777615225914985],[139.74834023393615,35.777626445828915],[139.7483241521332,35.77756315919774],[139.7483426274574,35.777560017506055],[139.74834009406223,35.77755001065238],[139.74838700147325,35.77754202171608]]]}},{"type":"Feature","properties":{"height":7.5,"gml_id":"bldg_d0cb3689-98ce-4dae-86b8-1b11f4457345"},"geometry":{"type":"Polygon","coordinates":[[[139.74645205961582,35.78204300630024],[139.74652188888885,35.78201538508844],[139.74656174865655,35.78208247476937],[139.74649191943658,35.78211000586836],[139.74645205961582,35.78204300630024]]]}},{"type":"Feature","properties":{"height":3.0,"gml_id":"bldg_5ab22f37-7dad-41bd-af70-f3bbdd69de66"},"geometry":{"type":"Polygon","coordinates":[[[139.74009669284078,35.77568305052026],[139.74008720486648,35.77566222181134],[139.7401783777548,35.77563489120482],[139.74018587354576,35.77565679999243],[139.74009669284078,35.77568305052026]]]}},{"type":"Feature","properties":{"height":2.6,"gml_id":"bldg_71c053bc-8577-4f56-a34f-79306b4e1833"},"geometry":{"type":"Polygon","coordinates":[[[139.74907435082244,35.77836661595437],[139.74903641044034,35.77836713018052],[139.74903521550027,35.77834648826906],[139.74907470548203,35.77834498363634],[139.74907435082244,35.77836661595437]]]}},{"type":"Feature","properties":{"height":9.4,"gml_id":"bldg_3198444b-aaef-4d38-b889-284b3da8ed72"},"geometry":{"type":"Polygon","coordinates":[[[139.7481526401509,35.782187177999866],[139.74819850497053,35.78222587866571],[139.7481830055126,35.78223812613839],[139.74819317315115,35.78224669622265],[139.74816438848563,35.78226939002],[139.74810835612533,35.782222029115246],[139.7481526401509,35.782187177999866]]]}},{"type":"Feature","properties":{"height":3.7,"gml_id":"bldg_29282582-e39a-4749-a7c9-d3629e503a5b"},"geometry":{"type":"Polygon","coordinates":[[[139.73884684999982,35.77771607752906],[139.73881243895767,35.77772542460094],[139.73880361580848,35.77770369496347],[139.7388380268423,35.77769434789408],[139.73884684999982,35.77771607752906]]]}},{"type":"Feature","properties":{"height":20.0,"gml_id":"bldg_220264d7-33d8-4178-a7d9-18a7bee00cde"},"geometry":{"type":"Polygon","coordinates":[[[139.74775772307504,35.78292285504038],[139.7477265182646,35.78293265761366],[139.7477076453082,35.7828928042311],[139.74773885010532,35.78288300166263],[139.74775772307504,35.78292285504038]]]}},{"type":"Feature","properties":{"height":2.6,"gml_id":"bldg_96e35995-6bc1-4fd1-a8c4-7e39442bd3e4"},"geometry":{"type":"Polygon","coordinates":[[[139.73990268116745,35.778145677914274],[139.7399282389282,35.7781401093543],[139.73993893070255,35.77817220596341],[139.7399132622154,35.77817786457528],[139.73990268116745,35.778145677914274]]]}},{"type":"Feature","properties":{"height":2.8,"gml_id":"bldg_3351d040-a5b8-4932-b117-75ed822dfc9b"},"geometry":{"type":"Polygon","coordinates":[[[139.74870858564387,35.782202172475955],[139.7487088283718,35.782181892128676],[139.7487730962637,35.78218247815041],[139.7487727429351,35.782202758420055],[139.74870858564387,35.782202172475955]]]}},{"type":"Feature","properties":{"height":11.5,"gml_id":"bldg_cf03c8d3-1f5a-4b0a-ac8b-9315f8237053"},"geometry":{"type":"Polygon","coordinates":[[[139.74151400676433,35.77589082216648],[139.74149764659063,35.77588224678099],[139.7415562439009,35.775807839402496],[139.74157271467385,35.775816414864515],[139.74151400676433,35.77589082216648]]]}},{"type":"Feature","properties":{"height":9.8,"gml_id":"bldg_eeb28425-7e92-4095-afb3-5f6ced9164b5"},"geometry":{"type":"Polygon","coordinates":[[[139.7486437412304,35.780867848863316],[139.74864692335527,35.78089209759557],[139.74851745197748,35.780940589470056],[139.74847995210308,35.78062950486441],[139.7487339443748,35.78061021450738],[139.74875029221798,35.780736506064514],[139.74871633045927,35.780739276378455],[139.74872925878083,35.78085655196404],[139.7486437412304,35.780867848863316]]]}},{"type":"Feature","properties":{"height":10.9,"gml_id":"bldg_481b788d-b13a-44d1-9839-ffd2da865cca"},"geometry":{"type":"Polygon","coordinates":[[[139.74811212762265,35.78262674077574],[139.7482281062594,35.78257860034772],[139.74827802895263,35.78265038362841],[139.74815707061848,35.78270023315393],[139.74811212762265,35.78262674077574]]]}},{"type":"Feature","properties":{"height":8.2,"gml_id":"bldg_466954c3-b749-4be8-8fcf-4c71090c4fab"},"geometry":{"type":"Polygon","coordinates":[[[139.74015219704256,35.77636469986624],[139.74022139044413,35.776310852298295],[139.74029586613244,35.776374996430874],[139.74027992406153,35.77638733269016],[139.7402860014617,35.77639256526387],[139.74024481785176,35.7764243513015],[139.74022923753745,35.77641099915491],[139.74021728041993,35.77642072455497],[139.74015219704256,35.77636469986624]]]}},{"type":"Feature","properties":{"height":6.9,"gml_id":"bldg_d403853c-6049-453b-b3d0-9cb91e5225aa"},"geometry":{"type":"Polygon","coordinates":[[[139.7390354078271,35.77615210059522],[139.73908111341132,35.776225326626914],[139.7390711538411,35.77622937492847],[139.73909334417863,35.77626499592737],[139.73905107099168,35.77628244912378],[139.7389832856218,35.7761736922884],[139.7390354078271,35.77615210059522]]]}},{"type":"Feature","properties":{"height":7.4,"gml_id":"bldg_77da6af5-f245-4a9b-ab77-9963435b2387"},"geometry":{"type":"Polygon","coordinates":[[[139.74891496865,35.779613351100764],[139.74890544820357,35.7795159978878],[139.74897967286074,35.77951307549625],[139.74898731515898,35.77960835426566],[139.74891496865,35.779613351100764]]]}},{"type":"Feature","properties":{"height":9.9,"gml_id":"bldg_98054c04-46f7-431c-89d6-741c3f715319"},"geometry":{"type":"Polygon","coordinates":[[[139.73919540080817,35.77920386006949],[139.73914830281404,35.779184263751816],[139.7391642630505,35.77915714541251],[139.7391811789386,35.77916382869697],[139.73921587010528,35.77910499725616],[139.73915302200743,35.779121983696854],[139.73912743418478,35.7790589588187],[139.73920853777963,35.77903820098216],[139.7392110745389,35.779044422329214],[139.73922678588366,35.77904073906191],[139.73924245166617,35.779075723961746],[139.73922430481866,35.77908111790306],[139.73923943613048,35.779100328641704],[139.73925590945595,35.77910710170512],[139.73919540080817,35.77920386006949]]]}},{"type":"Feature","properties":{"height":3.4,"gml_id":"bldg_f131f2bf-d834-4159-8e5f-5aec815358ec"},"geometry":{"type":"Polygon","coordinates":[[[139.74698756479555,35.78213704291579],[139.74683783537907,35.78219669524144],[139.746810562208,35.78215124726204],[139.74696018104012,35.782091504754824],[139.74698756479555,35.78213704291579]]]}},{"type":"Feature","properties":{"height":9.1,"gml_id":"bldg_b6d0704f-9ea9-4933-8a9b-e8386cc38b07"},"geometry":{"type":"Polygon","coordinates":[[[139.7401380538506,35.77530937984258],[139.7401022520795,35.775279336895224],[139.74011764070897,35.77526718049958],[139.740110789785,35.77526140650248],[139.74016016630665,35.77522232585725],[139.74020270850116,35.77525805255861],[139.7401380538506,35.77530937984258]]]}},{"type":"Feature","properties":{"height":6.2,"gml_id":"bldg_5ab740c1-04ba-4a85-a18e-7b91c3fa6a07"},"geometry":{"type":"Polygon","coordinates":[[[139.74805506406344,35.777744411861114],[139.74803485828033,35.77781425270038],[139.74797558286633,35.77780294368114],[139.7479986756557,35.7777227392945],[139.74804235796896,35.77773115290237],[139.7480394711133,35.777741426325015],[139.74805506406344,35.777744411861114]]]}},{"type":"Feature","properties":{"height":4.3,"gml_id":"bldg_67dda817-6b4a-4b9d-a7f9-079da19dc7f5"},"geometry":{"type":"Polygon","coordinates":[[[139.740959994246,35.776443290427586],[139.74090947346807,35.77641945578378],[139.74095456534465,35.77635549406935],[139.74100409124063,35.77637878711637],[139.74101029544707,35.776370048714675],[139.7410985137812,35.77641130842696],[139.74104090264538,35.77649301732409],[139.74095367931506,35.77645211887723],[139.740959994246,35.776443290427586]]]}},{"type":"Feature","properties":{"height":9.2,"gml_id":"bldg_213be708-68dc-4a80-bb29-cdd439dd4b49"},"geometry":{"type":"Polygon","coordinates":[[[139.7392141006062,35.77638298800893],[139.7391713842034,35.7764010718504],[139.7391316385555,35.77633866680947],[139.7391743549339,35.77632058298188],[139.7392141006062,35.77638298800893]]]}},{"type":"Feature","properties":{"height":7.6,"gml_id":"bldg_098ae697-2bc9-4597-bf6f-d369df034635"},"geometry":{"type":"Polygon","coordinates":[[[139.7495427367069,35.7795786372178],[139.74948609764303,35.779583374932514],[139.74948262729558,35.779517393197914],[139.749538600174,35.77951499854818],[139.7495427367069,35.7795786372178]]]}},{"type":"Feature","properties":{"height":10.1,"gml_id":"bldg_88ce0e9c-b7c1-45cc-a56e-3b1779317b05"},"geometry":{"type":"Polygon","coordinates":[[[139.74806327648915,35.78082660723147],[139.74811405661157,35.780819342238416],[139.74813749462578,35.78093464234812],[139.74800340842793,35.78095374617607],[139.74798039880304,35.78085178642179],[139.7480662501032,35.78083877765342],[139.74806327648915,35.78082660723147]]]}},{"type":"Feature","properties":{"height":4.7,"gml_id":"bldg_b52529a2-b399-4a02-a7c6-2ed4b94cc347"},"geometry":{"type":"Polygon","coordinates":[[[139.7402523199651,35.77615620334711],[139.74029806562345,35.77619598859624],[139.74021614238467,35.77625838924713],[139.74017050744538,35.77621851391729],[139.7402523199651,35.77615620334711]]]}},{"type":"Feature","properties":{"height":13.6,"gml_id":"bldg_a69982b8-4da5-41fb-9811-e1841dbdf5cf"},"geometry":{"type":"Polygon","coordinates":[[[139.73936283788066,35.7791361188566],[139.7393752203555,35.779141356400565],[139.7393171516764,35.77923270859161],[139.73913862273767,35.7795137020483],[139.73912524512687,35.779508103158015],[139.73913263687183,35.77924320021194],[139.73916532825646,35.779191848481005],[139.739203139031,35.77920783209618],[139.73927284370828,35.779098191519346],[139.73936283788066,35.7791361188566]]]}},{"type":"Feature","properties":{"height":7.6,"gml_id":"bldg_25dd93b1-75c2-4d62-83a3-0aa3826f4032"},"geometry":{"type":"Polygon","coordinates":[[[139.747865348097,35.77931173683953],[139.7478644935815,35.77928334349341],[139.74787290035945,35.77928316919641],[139.74787151168374,35.77923710887743],[139.74797095499065,35.7792350162479],[139.74797149177192,35.77925024955878],[139.74798620357868,35.77924998959334],[139.74798802080454,35.77930911988849],[139.747865348097,35.77931173683953]]]}},{"type":"Feature","properties":{"height":10.0,"gml_id":"bldg_5007bf2a-4ce6-493a-9818-2a9207cbdb74"},"geometry":{"type":"Polygon","coordinates":[[[139.74833743797134,35.777655287278186],[139.74834376187061,35.77763735474233],[139.74841069858644,35.7776211776008],[139.74846948108467,35.777784004174976],[139.74840355421688,35.77778657157089],[139.74839759330774,35.77777521026271],[139.7483829904672,35.77777727306974],[139.74833743797134,35.777655287278186]]]}},{"type":"Feature","properties":{"height":5.1,"gml_id":"bldg_025ebdc6-e08f-4ea7-927e-99ca39fc506e"},"geometry":{"type":"Polygon","coordinates":[[[139.74130423715565,35.775651621883746],[139.7413725324419,35.775704133118474],[139.74129192942925,35.775773836511576],[139.7412236341366,35.77572132523169],[139.74130423715565,35.775651621883746]]]}},{"type":"Feature","properties":{"height":10.7,"gml_id":"bldg_520dc15e-e633-40f8-9d29-6b6f1f0e00f7"},"geometry":{"type":"Polygon","coordinates":[[[139.74662537347118,35.778906049871324],[139.74666320801083,35.7789013900883],[139.74666760766144,35.778924287722596],[139.74668309555756,35.77892231589782],[139.74669156323301,35.77896793065428],[139.74668337683065,35.77896891624869],[139.74668887537928,35.77899848471422],[139.74664384990174,35.779004130814414],[139.74662537347118,35.778906049871324]]]}},{"type":"Feature","properties":{"height":8.8,"gml_id":"bldg_0df373b9-0856-452f-b2a1-6edc41c2705a"},"geometry":{"type":"Polygon","coordinates":[[[139.74967672852347,35.78207548820399],[139.74968727371137,35.782146161879346],[139.74961204635355,35.78215359078858],[139.74960150123127,35.7820829171068],[139.74967672852347,35.78207548820399]]]}},{"type":"Feature","properties":{"height":9.5,"gml_id":"bldg_119e4289-ad85-42ab-bac3-fc9cf631ebd3"},"geometry":{"type":"Polygon","coordinates":[[[139.73905591312388,35.775834838931786],[139.73868141942026,35.77599967342328],[139.73863681346756,35.775932306925085],[139.73895420325485,35.77579275591016],[139.7389634777205,35.77580682436096],[139.73902102385182,35.77578154136373],[139.73905591312388,35.775834838931786]]]}},{"type":"Feature","properties":{"height":8.4,"gml_id":"bldg_956cd6d2-fc69-491b-9bf0-b718643a0966"},"geometry":{"type":"Polygon","coordinates":[[[139.74694438617146,35.77971831177643],[139.7469409767202,35.7795979782042],[139.747014649138,35.77959442567915],[139.74701584094313,35.779617501267005],[139.74703276538108,35.779616972599335],[139.7470355736313,35.77967961890721],[139.74705349360386,35.77967909095103],[139.7470551140467,35.77971496611112],[139.74694438617146,35.77971831177643]]]}},{"type":"Feature","properties":{"height":6.4,"gml_id":"bldg_d2930a4a-a016-47a1-8631-9d7af4d31a77"},"geometry":{"type":"Polygon","coordinates":[[[139.749036692041,35.78103433509539],[139.74907323211863,35.78099929793366],[139.74912308332594,35.78103376467169],[139.74908654315925,35.78106889198397],[139.749036692041,35.78103433509539]]]}},{"type":"Feature","properties":{"height":7.5,"gml_id":"bldg_e74bc4ba-b20b-4916-b96f-7b1129bd86f9"},"geometry":{"type":"Polygon","coordinates":[[[139.7480644528071,35.78076089917196],[139.74797851197923,35.78075425830254],[139.74798211119958,35.78069855702078],[139.74806805196783,35.780705197887606],[139.7480644528071,35.78076089917196]]]}},{"type":"Feature","properties":{"height":3.5,"gml_id":"bldg_5d5248a9-f9c3-49e2-9b7e-26635f102ac8"},"geometry":{"type":"Polygon","coordinates":[[[139.7494365216796,35.78055103689317],[139.74941008315074,35.780552550752155],[139.74941030059097,35.78055615633032],[139.74939625166772,35.780556957746406],[139.7493940627762,35.780534692710305],[139.74940446122102,35.78053406901818],[139.74937256612571,35.78014943787518],[139.7496018827115,35.78013679849162],[139.74960068041656,35.78012300689736],[139.74962236201424,35.78012185022784],[139.74962367124198,35.78013915718735],[139.7496271004696,35.78013897930296],[139.74962873984046,35.780157908934164],[139.7494049542869,35.78017019168635],[139.7494365216796,35.78055103689317]]]}},{"type":"Feature","properties":{"height":7.6,"gml_id":"bldg_a752fba0-ecb2-4d4c-b8d5-aa4968123820"},"geometry":{"type":"Polygon","coordinates":[[[139.74959565069653,35.782915135323236],[139.74961833003204,35.782912627315824],[139.74961865290814,35.78292119042504],[139.74967153001478,35.78291960478185],[139.74967174171195,35.782928708627324],[139.74968003787427,35.78292889466987],[139.7496845102283,35.78298901824285],[139.7496019852507,35.782992656371626],[139.74959565069653,35.782915135323236]]]}},{"type":"Feature","properties":{"height":9.0,"gml_id":"bldg_79a9e004-a57f-4c2e-b225-14f9be1af665"},"geometry":{"type":"Polygon","coordinates":[[[139.7474677340147,35.77896596353832],[139.74746017812888,35.77889493122428],[139.74752876373822,35.77888948190168],[139.74753775745353,35.778960695508665],[139.7474677340147,35.77896596353832]]]}},{"type":"Feature","properties":{"height":6.7,"gml_id":"bldg_ff7c4849-6dfd-4a6f-a517-9d264390cefd"},"geometry":{"type":"Polygon","coordinates":[[[139.739150485906,35.775738738212794],[139.73913766738787,35.77572854283668],[139.7393159206187,35.77558058931834],[139.7393287391359,35.775590784675714],[139.739150485906,35.775738738212794]]]}},{"type":"Feature","properties":{"height":3.5,"gml_id":"bldg_97b8a02c-191d-4be3-ac8c-bb83231c99d6"},"geometry":{"type":"Polygon","coordinates":[[[139.74832714877414,35.78025533395426],[139.7483148731158,35.78014905532684],[139.7483456264428,35.780146643401174],[139.74835801275603,35.7802529221037],[139.74832714877414,35.78025533395426]]]}},{"type":"Feature","properties":{"height":8.0,"gml_id":"bldg_f9796f74-e7db-4257-ac15-5032ede2ac4d"},"geometry":{"type":"Polygon","coordinates":[[[139.74713715892787,35.77882087901188],[139.74714871485472,35.7788749687049],[139.747087759249,35.778882496403575],[139.74707907772523,35.77882985093739],[139.74713715892787,35.77882087901188]]]}},{"type":"Feature","properties":{"height":7.2,"gml_id":"bldg_c0ca1bd8-3d9f-4c87-b4f8-3689cfd5cbeb"},"geometry":{"type":"Polygon","coordinates":[[[139.74886538795087,35.77932407089944],[139.7488647313281,35.779317400397986],[139.74884548351983,35.77931846850537],[139.74883772708546,35.779226704933826],[139.74890520494802,35.7792229666263],[139.7489133968603,35.77932140053956],[139.74886538795087,35.77932407089944]]]}},{"type":"Feature","properties":{"height":2.0,"gml_id":"bldg_9b187fb6-094f-4fea-a8e3-ca1ce4a948ba"},"geometry":{"type":"Polygon","coordinates":[[[139.74561684615816,35.78108714244545],[139.7456171575085,35.781105800752115],[139.74559658273236,35.781106056150136],[139.74559627138677,35.78108739784342],[139.74561684615816,35.78108714244545]]]}},{"type":"Feature","properties":{"height":7.4,"gml_id":"bldg_7b2b2849-b6e5-44b7-baeb-ee31a3d76d8c"},"geometry":{"type":"Polygon","coordinates":[[[139.74968489136248,35.783153155478296],[139.74981100757003,35.78314242686237],[139.74982002557056,35.78319281893814],[139.7496929114529,35.783205710124236],[139.74968489136248,35.783153155478296]]]}},{"type":"Feature","properties":{"height":7.2,"gml_id":"bldg_b9bd339e-1c30-4dc9-92ef-838f6ba95f71"},"geometry":{"type":"Polygon","coordinates":[[[139.74704848950887,35.77929411789144],[139.7470502455844,35.779306828282],[139.74710135900628,35.77929740069701],[139.7471101703806,35.77933228952216],[139.74699024666077,35.77934996020954],[139.74698738037017,35.77934103471954],[139.7469658075132,35.77934408384159],[139.74696197407786,35.77930892817418],[139.74704848950887,35.77929411789144]]]}},{"type":"Feature","properties":{"height":7.0,"gml_id":"bldg_5999f741-6d6c-4b74-b762-912066bac816"},"geometry":{"type":"Polygon","coordinates":[[[139.7481333308144,35.779964509271565],[139.74816872361117,35.77996795949629],[139.74816193674607,35.780004910314],[139.74806172752363,35.77999825939765],[139.7480667532742,35.77995319512672],[139.74813389205835,35.779956848137324],[139.7481333308144,35.779964509271565]]]}},{"type":"Feature","properties":{"height":9.5,"gml_id":"bldg_30ffe1bc-0b31-48b8-9c40-bc9e628381a9"},"geometry":{"type":"Polygon","coordinates":[[[139.73850650192682,35.77650375483348],[139.73845803041377,35.77652453795451],[139.73844312549286,35.776501541588445],[139.73843648562797,35.776504330556456],[139.73840778008363,35.7764598709957],[139.7384630020382,35.77643629901278],[139.73850650192682,35.77650375483348]]]}},{"type":"Feature","properties":{"height":11.1,"gml_id":"bldg_e315baf8-e9db-4516-8ca3-67a328049877"},"geometry":{"type":"Polygon","coordinates":[[[139.74838554598415,35.782965483639735],[139.74844136121706,35.78290558286382],[139.74845861014856,35.7829126256178],[139.74847378844805,35.78299447947633],[139.74846426590202,35.78300330604742],[139.74843298292322,35.78298264290797],[139.7484250107528,35.78298984812928],[139.74838554598415,35.782965483639735]]]}},{"type":"Feature","properties":{"height":1.2,"gml_id":"bldg_86641d84-a29a-4616-8d58-06d33c1e6115"},"geometry":{"type":"Polygon","coordinates":[[[139.74016964970977,35.77780715508987],[139.7401774957232,35.777813470666295],[139.7401688596607,35.77782067483209],[139.74016101364722,35.777814359255096],[139.74016964970977,35.77780715508987]]]}},{"type":"Feature","properties":{"height":7.3,"gml_id":"bldg_1b861174-ab91-4165-aaf8-26b4bcec723e"},"geometry":{"type":"Polygon","coordinates":[[[139.7488563222921,35.7819336721463],[139.74891751663793,35.78191163188595],[139.7489563781511,35.78198313672123],[139.74889518366578,35.78200526713658],[139.7488563222921,35.7819336721463]]]}},{"type":"Feature","properties":{"height":3.1,"gml_id":"bldg_3a44a7a4-3545-479c-ab39-11bfc0855e0f"},"geometry":{"type":"Polygon","coordinates":[[[139.7410379664973,35.776545203649924],[139.74106394069418,35.77656162828066],[139.74103769444577,35.77658918966979],[139.74101172024535,35.77657276503345],[139.7410379664973,35.776545203649924]]]}},{"type":"Feature","properties":{"height":2.2,"gml_id":"bldg_6a928d48-6edb-44b8-83e5-2ebde9e36ad9"},"geometry":{"type":"Polygon","coordinates":[[[139.74832443914406,35.7822810406265],[139.74834790944746,35.782262759681416],[139.74836846561902,35.78228026051978],[139.7483449954111,35.78229845133324],[139.74832443914406,35.7822810406265]]]}},{"type":"Feature","properties":{"height":7.9,"gml_id":"bldg_8b677848-68bb-44cf-88f6-a09e42637c42"},"geometry":{"type":"Polygon","coordinates":[[[139.74705918645662,35.781371842725015],[139.74694499579192,35.781404209582405],[139.74689865380805,35.78129637404927],[139.74701284423966,35.781264097370716],[139.74705918645662,35.781371842725015]]]}},{"type":"Feature","properties":{"height":6.5,"gml_id":"bldg_ed392317-56a0-41ac-ab38-0b031c0c545f"},"geometry":{"type":"Polygon","coordinates":[[[139.7498476819835,35.78308530634363],[139.7500320977193,35.78307092239442],[139.75003952572837,35.783161063162616],[139.7498571024239,35.783174006336],[139.7498476819835,35.78308530634363]]]}},{"type":"Feature","properties":{"height":5.1,"gml_id":"bldg_0eb2ff7f-e528-40c2-85a4-1b19161fa79a"},"geometry":{"type":"Polygon","coordinates":[[[139.74983871640114,35.78319634720605],[139.74982322888422,35.783197237808146],[139.74981344353,35.783140175163645],[139.74978987928372,35.78314259245733],[139.74978615485554,35.783107617248255],[139.7498300732287,35.783104853548],[139.74983871640114,35.78319634720605]]]}},{"type":"Feature","properties":{"height":6.8,"gml_id":"bldg_df944cc0-0004-412e-831f-35ee499cb09a"},"geometry":{"type":"Polygon","coordinates":[[[139.74779440285891,35.77997075844388],[139.74781707929023,35.779970233757076],[139.74781611262696,35.77994328250471],[139.74789631000095,35.779941176250375],[139.74789813874722,35.77998949026803],[139.7477952648874,35.779992121210455],[139.74779440285891,35.77997075844388]]]}},{"type":"Feature","properties":{"height":41.1,"gml_id":"bldg_c1912d05-50b5-47bb-b753-d1d593f3fe5a"},"geometry":{"type":"Polygon","coordinates":[[[139.74101045209886,35.77527769397636],[139.74105365980645,35.77531215898729],[139.74102730981735,35.77533413188514],[139.74098399160607,35.775299576644294],[139.74092320941529,35.775350276373715],[139.74091260090046,35.77534179546303],[139.74091891147177,35.775336662575555],[139.74082277171334,35.77525997328873],[139.741292972846,35.77486842386833],[139.74139916868694,35.774953052416755],[139.7413476870442,35.77499591766391],[139.74138691652345,35.77502722476308],[139.74136488465146,35.77504550547206],[139.74132631819108,35.77501473968742],[139.74101045209886,35.77527769397636]]]}},{"type":"Feature","properties":{"height":14.2,"gml_id":"bldg_478a2e90-c75a-4cc4-858f-0f11f818834c"},"geometry":{"type":"Polygon","coordinates":[[[139.74052060585865,35.776104762923325],[139.74053972835878,35.77611577423719],[139.74052156415019,35.77613676184372],[139.74050244164755,35.77612575052701],[139.74052060585865,35.776104762923325]]]}},{"type":"Feature","properties":{"height":4.7,"gml_id":"bldg_2134736b-8561-445b-9ee8-bc3b5f0309f2"},"geometry":{"type":"Polygon","coordinates":[[[139.7496822044867,35.782339048614126],[139.7496676414562,35.78230235327982],[139.74964861048883,35.782306936955386],[139.7496346024548,35.7822684392904],[139.7496548504852,35.78226358605697],[139.7496453645284,35.78223771052853],[139.74969493362235,35.78222566683866],[139.7496925071288,35.78221890497831],[139.749726694776,35.782212258714445],[139.74975371065517,35.78229376010848],[139.74973799792596,35.782298616511284],[139.74974638095637,35.78232142665399],[139.7496822044867,35.782339048614126]]]}},{"type":"Feature","properties":{"height":4.3,"gml_id":"bldg_3e0f4150-1c04-433c-9c17-76f747edbe58"},"geometry":{"type":"Polygon","coordinates":[[[139.7482867037265,35.78084109701508],[139.7482823396049,35.780784308465215],[139.74831773958502,35.780781359019315],[139.74832298807678,35.78083868900702],[139.7482867037265,35.78084109701508]]]}},{"type":"Feature","properties":{"height":7.0,"gml_id":"bldg_9af9db54-c18a-4e3f-bb38-6382cc37f73f"},"geometry":{"type":"Polygon","coordinates":[[[139.74878424920837,35.7811561114157],[139.74875310813223,35.78110651490905],[139.74883179056084,35.781073670709],[139.74884018321887,35.78108701668254],[139.7488643080688,35.78107693843701],[139.74888705662642,35.781113098809996],[139.74878424920837,35.7811561114157]]]}},{"type":"Feature","properties":{"height":8.5,"gml_id":"bldg_579cbb4b-d101-4ef9-9bb1-738257d77eaa"},"geometry":{"type":"Polygon","coordinates":[[[139.74936877912123,35.78196260403683],[139.74937590902326,35.78201984514581],[139.74927490719543,35.782028067067955],[139.74926788798177,35.781970826030474],[139.74936877912123,35.78196260403683]]]}},{"type":"Feature","properties":{"height":6.7,"gml_id":"bldg_a0f34fc0-1456-499b-a976-94cffbe64bea"},"geometry":{"type":"Polygon","coordinates":[[[139.74809265625487,35.78024597413572],[139.74808882843908,35.78020504983056],[139.74818673222794,35.7801955648079],[139.74819277141805,35.780237392032284],[139.74809265625487,35.78024597413572]]]}},{"type":"Feature","properties":{"height":6.9,"gml_id":"bldg_986d99cc-54b8-4a5c-b7f8-06fb428fdcf5"},"geometry":{"type":"Polygon","coordinates":[[[139.73895773321829,35.77617520454666],[139.73897727580376,35.77620496466777],[139.73899110902136,35.776198936426916],[139.73902312794993,35.77624772496333],[139.73896856973016,35.77627147799663],[139.73891700825087,35.7761929293183],[139.73895773321829,35.77617520454666]]]}},{"type":"Feature","properties":{"height":7.4,"gml_id":"bldg_1118b3cb-b819-4371-b789-18def8b6c48a"},"geometry":{"type":"Polygon","coordinates":[[[139.74935367325915,35.77928691642304],[139.7493507388455,35.77923733974964],[139.74946489618793,35.77923282249578],[139.74946783067233,35.779282399166526],[139.74935367325915,35.77928691642304]]]}},{"type":"Feature","properties":{"height":11.1,"gml_id":"bldg_d20cb34a-4eb2-46c3-9dd9-62ab21afeda0"},"geometry":{"type":"Polygon","coordinates":[[[139.747847858757,35.778393422045426],[139.7477935687702,35.7783743648114],[139.74781374102665,35.77833616162396],[139.74779693433138,35.77833029085134],[139.74782242645142,35.77828226665516],[139.74789341236962,35.77830728469491],[139.747847858757,35.778393422045426]]]}},{"type":"Feature","properties":{"height":8.2,"gml_id":"bldg_ed16215d-d535-4a75-86aa-fafdb2165a54"},"geometry":{"type":"Polygon","coordinates":[[[139.74769842524037,35.77900948329204],[139.7477592617737,35.779009887139395],[139.7477816962357,35.7790284710516],[139.7477814382195,35.77906281256309],[139.74769792614822,35.77906230244664],[139.74769842524037,35.77900948329204]]]}},{"type":"Feature","properties":{"height":6.4,"gml_id":"bldg_82b25661-5d8a-4ad0-9be9-44949c1eb992"},"geometry":{"type":"Polygon","coordinates":[[[139.74791945954692,35.77898124774109],[139.74792483238153,35.77892194227686],[139.74809792423903,35.778937658553666],[139.74808823706456,35.77899750178159],[139.74791945954692,35.77898124774109]]]}},{"type":"Feature","properties":{"height":7.2,"gml_id":"bldg_85a85fb6-ddcf-4ec3-a6ff-89e8ce8d9d7a"},"geometry":{"type":"Polygon","coordinates":[[[139.74578957781273,35.78012362799657],[139.7457005216761,35.78013428927889],[139.74569139669583,35.78008326584286],[139.74570467216373,35.78008165307493],[139.74570291272477,35.780072187548015],[139.74577869332893,35.780063139041296],[139.74578957781273,35.78012362799657]]]}},{"type":"Feature","properties":{"height":7.3,"gml_id":"bldg_15106af4-e3c6-4a47-9a0e-8b34f19b6a22"},"geometry":{"type":"Polygon","coordinates":[[[139.73822044646164,35.775870505797016],[139.73827876627232,35.77584594485309],[139.7382856111065,35.775856766549595],[139.7382924723537,35.77585379749307],[139.7383287943601,35.77591106237508],[139.73831794928157,35.7759156507293],[139.7383247942343,35.77592638228784],[139.7382703476012,35.775949323872325],[139.73822044646164,35.775870505797016]]]}},{"type":"Feature","properties":{"height":8.3,"gml_id":"bldg_fedaee1c-fbde-4ae6-9ea5-98c82eb9f2ea"},"geometry":{"type":"Polygon","coordinates":[[[139.74006849909247,35.77614695722835],[139.73999354143834,35.77621161652254],[139.73994403333248,35.77617345067913],[139.74001899088546,35.776108881551046],[139.74006849909247,35.77614695722835]]]}},{"type":"Feature","properties":{"height":9.3,"gml_id":"bldg_cb3534ac-b959-4e3c-a94c-a97e6700316c"},"geometry":{"type":"Polygon","coordinates":[[[139.74762874095887,35.77900790134499],[139.74766712333033,35.77900810896349],[139.74766699695675,35.779022800989786],[139.7476924376613,35.77902299938073],[139.74769206087424,35.77906491220476],[139.74762823775768,35.779064506195006],[139.74762874095887,35.77900790134499]]]}},{"type":"Feature","properties":{"height":7.7,"gml_id":"bldg_219174e8-58d2-4814-b0d1-59d0c3466188"},"geometry":{"type":"Polygon","coordinates":[[[139.74695635440716,35.7791867001575],[139.74694372588445,35.779101693139864],[139.74704882032466,35.77909032135689],[139.7470529843601,35.779126649023844],[139.7470650424148,35.779125485910335],[139.74707472161833,35.7791761491056],[139.74695635440716,35.7791867001575]]]}},{"type":"Feature","properties":{"height":10.1,"gml_id":"bldg_17a9cb87-3364-4708-97b0-56114385d6c8"},"geometry":{"type":"Polygon","coordinates":[[[139.74643669153454,35.780714576039024],[139.7463800579616,35.780713363339956],[139.74638257521138,35.78063647944463],[139.74643931924655,35.780637782357964],[139.74643669153454,35.780714576039024]]]}},{"type":"Feature","properties":{"height":10.4,"gml_id":"bldg_90061832-315a-4a24-bd2c-297fc94bc405"},"geometry":{"type":"Polygon","coordinates":[[[139.74672076930895,35.782941131277944],[139.74666543270638,35.78296650965556],[139.74665869586556,35.78295649974604],[139.74663625087447,35.78294683905504],[139.7466013564764,35.782890749535504],[139.74666853337098,35.7828615038887],[139.74672076930895,35.782941131277944]]]}},{"type":"Feature","properties":{"height":7.6,"gml_id":"bldg_298d6425-a3a5-4c51-bb8c-cd3971940808"},"geometry":{"type":"Polygon","coordinates":[[[139.74754922302952,35.77961400708696],[139.7475514767776,35.77967836556532],[139.74747758249708,35.779682459074785],[139.74747039375103,35.7795785275109],[139.7475179599212,35.77957630807061],[139.74752079286273,35.77961633033137],[139.74754922302952,35.77961400708696]]]}},{"type":"Feature","properties":{"height":6.0,"gml_id":"bldg_3fb704a8-7d4c-4e37-9606-39035e067e12"},"geometry":{"type":"Polygon","coordinates":[[[139.7487781367669,35.78034740999791],[139.74879406591387,35.780346790247066],[139.74881562304066,35.78035879344248],[139.7488188935845,35.78040404384389],[139.74878371282392,35.78040906671198],[139.7487781367669,35.78034740999791]]]}},{"type":"Feature","properties":{"height":7.9,"gml_id":"bldg_1e28c9c6-a59e-429b-9134-ada1dd40c611"},"geometry":{"type":"Polygon","coordinates":[[[139.7485191852286,35.782016449769316],[139.7484662973319,35.78192465437674],[139.74853214102535,35.78189946284615],[139.74858491836443,35.78199125813228],[139.7485191852286,35.782016449769316]]]}},{"type":"Feature","properties":{"height":7.3,"gml_id":"bldg_d8d37641-9993-42dd-9246-9afc8c9a005f"},"geometry":{"type":"Polygon","coordinates":[[[139.74638170638917,35.780723279454044],[139.74650581783487,35.78072201709214],[139.74650196195051,35.7808093557585],[139.74638315949986,35.78081098249757],[139.74638170638917,35.780723279454044]]]}},{"type":"Feature","properties":{"height":6.6,"gml_id":"bldg_52cf1e87-9cc1-4c70-a3e5-35a1ec3cf5be"},"geometry":{"type":"Polygon","coordinates":[[[139.74948062006175,35.78248222387916],[139.749502413487,35.782480526496315],[139.74950679891185,35.782517935840566],[139.74942172708603,35.78252454654674],[139.74941360192935,35.78246694420817],[139.74947809791766,35.78246122051817],[139.74948062006175,35.78248222387916]]]}},{"type":"Feature","properties":{"height":7.3,"gml_id":"bldg_cd52de10-2d56-43b1-a950-d22f1f1d6c52"},"geometry":{"type":"Polygon","coordinates":[[[139.74625192452518,35.781562618854174],[139.74627323166794,35.78160094192964],[139.74623837351638,35.781613806086135],[139.746198077691,35.78154130783855],[139.74625705985085,35.7815195377349],[139.74627615918303,35.781553712971856],[139.74625192452518,35.781562618854174]]]}},{"type":"Feature","properties":{"height":8.2,"gml_id":"bldg_c59e7580-2eda-4d1c-a9c9-734996bc3610"},"geometry":{"type":"Polygon","coordinates":[[[139.74604949772115,35.78125826429799],[139.7460365831784,35.78123310707806],[139.74602441092264,35.7812372444813],[139.7460092887115,35.78120784928006],[139.74602068635858,35.78120398172287],[139.74600788195633,35.781179275257855],[139.7461192028754,35.78114122866204],[139.746160044126,35.781220487509735],[139.74604949772115,35.78125826429799]]]}},{"type":"Feature","properties":{"height":9.6,"gml_id":"bldg_aef7c731-f2a4-47da-abf1-ef169f478c76"},"geometry":{"type":"Polygon","coordinates":[[[139.7461815327586,35.780889705244945],[139.7461726984005,35.78087608835865],[139.7461876380382,35.78087006009679],[139.74618288876798,35.78086347675241],[139.7462021418027,35.78085799242844],[139.7462677339257,35.780860473596654],[139.74628428944735,35.78089419631601],[139.74617440547362,35.78093359614274],[139.74615641140227,35.78090041317963],[139.7461815327586,35.780889705244945]]]}},{"type":"Feature","properties":{"height":9.0,"gml_id":"bldg_107f4524-d9fb-487e-8b68-0f39e3b04bf5"},"geometry":{"type":"Polygon","coordinates":[[[139.74837033522977,35.78041923110936],[139.74842674519283,35.780422515833436],[139.74843191024652,35.780454337368724],[139.74842687527746,35.78050823493951],[139.7483609540241,35.780503411189216],[139.74837033522977,35.78041923110936]]]}},{"type":"Feature","properties":{"height":7.6,"gml_id":"bldg_a29d54d1-4dac-421a-9c1b-b36b3c17124c"},"geometry":{"type":"Polygon","coordinates":[[[139.7477396216495,35.77978981717695],[139.74773561783297,35.779706889509036],[139.74780287183523,35.77970603600283],[139.7478011186241,35.779690531420194],[139.74792025266848,35.77968755147931],[139.74792016358566,35.77977083677729],[139.7478661832629,35.77977160964751],[139.74786682948357,35.779787924663324],[139.7477396216495,35.77978981717695]]]}},{"type":"Feature","properties":{"height":7.7,"gml_id":"bldg_c604a4dc-9fbc-4ac8-b173-c7049025c229"},"geometry":{"type":"Polygon","coordinates":[[[139.74637252551224,35.77899636352919],[139.74642214684175,35.778934926864416],[139.74645898824795,35.778928103171566],[139.74647335857748,35.77903834949114],[139.74637855394593,35.77904711427703],[139.74637252551224,35.77899636352919]]]}},{"type":"Feature","properties":{"height":11.6,"gml_id":"bldg_59d54948-2937-43a2-8a33-cad92a2ac671"},"geometry":{"type":"Polygon","coordinates":[[[139.73996021554896,35.777185597152865],[139.74009089420065,35.77723914901339],[139.73994516586248,35.777475101342525],[139.73981448692314,35.77742154932533],[139.73996021554896,35.777185597152865]]]}},{"type":"Feature","properties":{"height":6.8,"gml_id":"bldg_d2271d8b-a828-47e3-9228-2f1ed2c6dfb5"},"geometry":{"type":"Polygon","coordinates":[[[139.74896231755866,35.782538646807495],[139.74897393448845,35.78253667197338],[139.7489644599586,35.78250016039604],[139.74901446817032,35.78249154244943],[139.74902195960257,35.782520481239565],[139.74904596796577,35.78251635183028],[139.7490644765449,35.782587571949776],[139.74897884285565,35.7826023842911],[139.74896231755866,35.782538646807495]]]}},{"type":"Feature","properties":{"height":8.8,"gml_id":"bldg_91c60c4d-bf0b-464c-bf01-d3045f3b0795"},"geometry":{"type":"Polygon","coordinates":[[[139.74910587365292,35.78256281365297],[139.74911892870537,35.782560749676485],[139.74911375421138,35.782537491059955],[139.74925082928766,35.78251856836172],[139.74925565127702,35.78256147629354],[139.74911149432432,35.782582557292635],[139.74910587365292,35.78256281365297]]]}},{"type":"Feature","properties":{"height":2.2,"gml_id":"bldg_de09de78-4063-499f-b1cb-37b289b2e028"},"geometry":{"type":"Polygon","coordinates":[[[139.73757938603583,35.77806344949847],[139.73759388194344,35.77805859371211],[139.73759884756305,35.77806851259087],[139.73758446226518,35.7780733684659],[139.73757938603583,35.77806344949847]]]}},{"type":"Feature","properties":{"height":8.1,"gml_id":"bldg_cb7d3319-9106-4ffa-8d3e-0734b749e753"},"geometry":{"type":"Polygon","coordinates":[[[139.74797345047065,35.77834916449272],[139.74800717566498,35.778359824437246],[139.74800385249895,35.778364328864065],[139.74804476399896,35.77837823878163],[139.7480133954979,35.77843941866643],[139.74798331824212,35.778430834433664],[139.74797390622092,35.77844020186555],[139.74792956380873,35.778428092201445],[139.74797345047065,35.77834916449272]]]}},{"type":"Feature","properties":{"height":8.1,"gml_id":"bldg_1159631c-407d-4953-bc31-67ca37c4cb01"},"geometry":{"type":"Polygon","coordinates":[[[139.74692012075664,35.7802673106945],[139.7469232793085,35.78021061763144],[139.74694385277752,35.780211353497606],[139.74694464306933,35.78019657181634],[139.74706343797382,35.780201073741566],[139.7470593786365,35.7802725484111],[139.74692012075664,35.7802673106945]]]}},{"type":"Feature","properties":{"height":14.4,"gml_id":"bldg_8f82ca04-a21c-4e2a-a1a9-cadf6994cfda"},"geometry":{"type":"Polygon","coordinates":[[[139.74104884567708,35.77574525747632],[139.74098596744116,35.77569527401828],[139.74148074975992,35.77528238059674],[139.7415435173741,35.77533236371507],[139.74104884567708,35.77574525747632]]]}},{"type":"Feature","properties":{"height":13.7,"gml_id":"bldg_7bf3174f-02bf-4675-b19d-96db0889d599"},"geometry":{"type":"Polygon","coordinates":[[[139.73893496682646,35.7762527033966],[139.73880017774422,35.77630974356727],[139.73863435143318,35.776049751831124],[139.73876914030095,35.77599262170771],[139.73893496682646,35.7762527033966]]]}},{"type":"Feature","properties":{"height":7.1,"gml_id":"bldg_76732aec-4786-452f-b1a7-7abc4fa29020"},"geometry":{"type":"Polygon","coordinates":[[[139.7468452623249,35.78105891836122],[139.7468888629491,35.781042184478956],[139.74694439893034,35.78113794844809],[139.74690090878337,35.78115477256527],[139.7468452623249,35.78105891836122]]]}},{"type":"Feature","properties":{"height":7.1,"gml_id":"bldg_6080333c-b0f4-4f10-9042-465600d326cf"},"geometry":{"type":"Polygon","coordinates":[[[139.74938080248356,35.77810192146178],[139.74945679492805,35.77809963095812],[139.74945796062622,35.77814821491212],[139.74937090500583,35.778152390542765],[139.7493691723729,35.77811705613974],[139.74938156131782,35.778116614110246],[139.74938080248356,35.77810192146178]]]}},{"type":"Feature","properties":{"height":9.8,"gml_id":"bldg_014b76b9-3ba5-4993-bbfb-17f1ed4988f2"},"geometry":{"type":"Polygon","coordinates":[[[139.74828509023644,35.779240286411465],[139.74828781495378,35.77927841573083],[139.74827199643707,35.77927921576447],[139.7482733029584,35.77929877613095],[139.74821345979717,35.77930017596019],[139.7482359746499,35.77924349655155],[139.74828509023644,35.779240286411465]]]}},{"type":"Feature","properties":{"height":2.5,"gml_id":"bldg_8d9838a3-f8fd-4833-adf5-6bb1ecd6e9c3"},"geometry":{"type":"Polygon","coordinates":[[[139.7388993382408,35.77673102565919],[139.73889426395812,35.77671939416803],[139.73890886951193,35.776715079122205],[139.7389140544059,35.776726710699585],[139.7388993382408,35.77673102565919]]]}},{"type":"Feature","properties":{"height":2.9,"gml_id":"bldg_698be3f4-2ce7-4d2f-a400-df2cc2cd5988"},"geometry":{"type":"Polygon","coordinates":[[[139.73853997704123,35.775418727407796],[139.7385164117413,35.775423666296575],[139.73850858749705,35.77539932348075],[139.73853215289728,35.77539429445781],[139.73853997704123,35.775418727407796]]]}},{"type":"Feature","properties":{"height":3.1,"gml_id":"bldg_60231188-d393-4427-af8e-00c08141d86d"},"geometry":{"type":"Polygon","coordinates":[[[139.74644281396237,35.78037413807882],[139.74637899059238,35.780373010319984],[139.7463796396565,35.78028485811169],[139.74644335234171,35.780285985790165],[139.74644281396237,35.78037413807882]]]}},{"type":"Feature","properties":{"height":6.6,"gml_id":"bldg_d13ae1d3-ec17-4241-991e-c5381fbd3d1a"},"geometry":{"type":"Polygon","coordinates":[[[139.74484086318307,35.78110063510223],[139.74474748472775,35.78111769212664],[139.74470892476694,35.78097759291587],[139.74481071142623,35.78095909994004],[139.7448208472669,35.78099588274632],[139.74484098335142,35.780992202003446],[139.74484540886317,35.780991394039006],[139.7450048379412,35.78096221715658],[139.74498632897013,35.78089496236411],[139.74485795867088,35.780846194737066],[139.74488466863144,35.78079952411625],[139.74506079590728,35.78087428584729],[139.74508723715923,35.780970570129426],[139.74509730514262,35.78096877480389],[139.74511184780488,35.781021785236106],[139.74509735420457,35.78102447867229],[139.74510176129024,35.78104034578028],[139.74505982958905,35.781047976538744],[139.74506313469922,35.78106005714188],[139.74484528870082,35.78109982713782],[139.74484086318307,35.78110063510223]]]}},{"type":"Feature","properties":{"height":6.4,"gml_id":"bldg_cbba9d9e-5eb7-4e4e-885d-738d4f16797a"},"geometry":{"type":"Polygon","coordinates":[[[139.74624337173609,35.78129076355352],[139.7464209845564,35.781222388955214],[139.74643831874513,35.78125223638129],[139.7462607058732,35.781320611004794],[139.74624337173609,35.78129076355352]]]}},{"type":"Feature","properties":{"height":7.5,"gml_id":"bldg_7ee90a54-567e-4757-bb78-ba244392d511"},"geometry":{"type":"Polygon","coordinates":[[[139.74724085257756,35.778979862499746],[139.7472247768186,35.77891152814224],[139.74727500331903,35.778903722289904],[139.7472910791194,35.77897205664083],[139.74724085257756,35.778979862499746]]]}},{"type":"Feature","properties":{"height":7.6,"gml_id":"bldg_48232063-7ec1-4347-b202-6c5ef3daa7b1"},"geometry":{"type":"Polygon","coordinates":[[[139.7393179068837,35.77755771773634],[139.73935254482686,35.7776374247661],[139.73917130293322,35.77768956170057],[139.7391614852569,35.77766692995351],[139.73917752922756,35.77766234559511],[139.7391528196135,35.77760536048663],[139.7393179068837,35.77755771773634]]]}},{"type":"Feature","properties":{"height":4.8,"gml_id":"bldg_0cce3bb5-0539-4793-96c5-4762ca589c79"},"geometry":{"type":"Polygon","coordinates":[[[139.74805465169078,35.77740550131869],[139.74807795747208,35.77743643439003],[139.7480930082797,35.777429144066396],[139.74814414589554,35.77749948615186],[139.74811172018914,35.77751523692714],[139.74812453225516,35.77753282246797],[139.74807882681736,35.777554602916894],[139.74806025348155,35.77754593672117],[139.74798879903335,35.777442410244596],[139.74805465169078,35.77740550131869]]]}},{"type":"Feature","properties":{"height":6.7,"gml_id":"bldg_7ef4a16a-56a6-4be2-9aa8-129b282a7452"},"geometry":{"type":"Polygon","coordinates":[[[139.748106678218,35.779544908832584],[139.74810480231292,35.77954067112642],[139.74816464517554,35.77953972202959],[139.7481671445811,35.779581636888544],[139.7481043132019,35.77958438658216],[139.7481033249929,35.779577535570525],[139.74809093745017,35.779576445162604],[139.74808886956907,35.779544806074924],[139.748106678218,35.779544908832584]]]}},{"type":"Feature","properties":{"height":7.5,"gml_id":"bldg_ac864b30-6e00-4e00-a372-aa09ffd20c74"},"geometry":{"type":"Polygon","coordinates":[[[139.7485389680278,35.78015804683857],[139.74846396424118,35.78016493437687],[139.74845707813188,35.78008723257227],[139.74852820997089,35.78008070285043],[139.7485389680278,35.78015804683857]]]}},{"type":"Feature","properties":{"height":8.4,"gml_id":"bldg_6ac4aacb-945a-4e58-902a-d6106ae27b3c"},"geometry":{"type":"Polygon","coordinates":[[[139.74970581406052,35.783243666194096],[139.74977109356914,35.78322974055143],[139.74979457730393,35.783304299025566],[139.74972940845137,35.78331813462207],[139.74970581406052,35.783243666194096]]]}},{"type":"Feature","properties":{"height":3.4,"gml_id":"bldg_225f9ff3-da05-4799-9ce3-cb276bf440af"},"geometry":{"type":"Polygon","coordinates":[[[139.7450146814839,35.78056328397883],[139.74500296210593,35.78055804750339],[139.74500075090836,35.78055705438701],[139.74501559220744,35.78033992848397],[139.74503804543897,35.780341297006245],[139.74503873434062,35.78031849318978],[139.7450658347657,35.780318603219506],[139.74505972788302,35.78053961137452],[139.7450146814839,35.78056328397883]]]}},{"type":"Feature","properties":{"height":2.5,"gml_id":"bldg_28348f7e-7525-4531-a5d6-8e70a46c5846"},"geometry":{"type":"Polygon","coordinates":[[[139.74710149432653,35.783166834076674],[139.7470809108444,35.78317466111406],[139.74704182549615,35.78310658068062],[139.74706240896452,35.78309875364983],[139.74710149432653,35.783166834076674]]]}},{"type":"Feature","properties":{"height":7.2,"gml_id":"bldg_7d73e513-1202-4012-99cd-bc4494d2424b"},"geometry":{"type":"Polygon","coordinates":[[[139.74809215086387,35.779475944744476],[139.74806106691045,35.77947745501457],[139.7480544155684,35.779387494892646],[139.74813682675585,35.77938340706228],[139.7481403170448,35.77942964913734],[139.74810668881506,35.779431337888205],[139.74810930572622,35.779466763063674],[139.74809149603632,35.77946765179811],[139.74809215086387,35.779475944744476]]]}},{"type":"Feature","properties":{"height":10.0,"gml_id":"bldg_d408fee1-1a91-4dd8-b978-d6356f516e2d"},"geometry":{"type":"Polygon","coordinates":[[[139.7388166477472,35.77669265302372],[139.73874433772824,35.776575149340964],[139.7384650242818,35.77668931155275],[139.73843620301218,35.77664908828723],[139.73876863339356,35.77651414656953],[139.73886677425108,35.77667538635148],[139.7388166477472,35.77669265302372]]]}},{"type":"Feature","properties":{"height":9.5,"gml_id":"bldg_26fb63b1-eb30-40e7-806e-ad32849d5215"},"geometry":{"type":"Polygon","coordinates":[[[139.74906643602523,35.78230310526697],[139.7490838337409,35.78237874125362],[139.74903869467005,35.78238555992977],[139.74902129690048,35.782310014072316],[139.74906643602523,35.78230310526697]]]}},{"type":"Feature","properties":{"height":9.1,"gml_id":"bldg_011ab749-5cfe-4156-83aa-b398d95281b6"},"geometry":{"type":"Polygon","coordinates":[[[139.7402551518414,35.77505501734662],[139.7402185038023,35.77508680689295],[139.74020192744803,35.77507417505475],[139.74017424770506,35.77509812972292],[139.74013413307424,35.775067452493076],[139.74016103793824,35.775044038048144],[139.74016998911995,35.77505089529837],[139.74017951089522,35.77504270032189],[139.7401745380981,35.775038820633384],[139.7402024393498,35.77501459572923],[139.7402551518414,35.77505501734662]]]}},{"type":"Feature","properties":{"height":2.1,"gml_id":"bldg_bbcde488-b932-4192-ae92-c49a94a022fc"},"geometry":{"type":"Polygon","coordinates":[[[139.74785953997576,35.78215443106907],[139.74788277917887,35.78214543402069],[139.74788962488932,35.78215715651748],[139.74786715923048,35.782166875202016],[139.74785953997576,35.78215443106907]]]}},{"type":"Feature","properties":{"height":9.5,"gml_id":"bldg_7f6c9a22-48c7-412d-b0d0-ef2aadb8b841"},"geometry":{"type":"Polygon","coordinates":[[[139.74779855856204,35.78042829003619],[139.74780149652304,35.78037042503066],[139.74789319167252,35.78037445618088],[139.74789025368136,35.7804324113243],[139.74779855856204,35.78042829003619]]]}},{"type":"Feature","properties":{"height":5.2,"gml_id":"bldg_c8534fd3-6e40-482a-bfe4-c949e05a91c7"},"geometry":{"type":"Polygon","coordinates":[[[139.73897803343593,35.77790420358147],[139.73899347085077,35.777944957025255],[139.73893106755546,35.7779606818031],[139.73891563016946,35.777919928351466],[139.73897803343593,35.77790420358147]]]}},{"type":"Feature","properties":{"height":7.2,"gml_id":"bldg_63782ad1-d973-4edd-ac10-169a4cd79d29"},"geometry":{"type":"Polygon","coordinates":[[[139.7474024849458,35.77895446970162],[139.7473523690383,35.77896227568617],[139.74733728404007,35.778898268564646],[139.74738751052124,35.77889046266529],[139.7474024849458,35.77895446970162]]]}},{"type":"Feature","properties":{"height":6.7,"gml_id":"bldg_edfc57d6-c1c7-4d3f-bc03-a525d770d0d8"},"geometry":{"type":"Polygon","coordinates":[[[139.74940103930155,35.78242150708198],[139.74940191609178,35.782429259358345],[139.74937636121552,35.78243140477518],[139.74937603884115,35.78242239098682],[139.7493264783017,35.782426142072495],[139.74931487154507,35.7824184724351],[139.7493107052685,35.78238313635599],[139.74938139671013,35.78237651568994],[139.74938174078713,35.782364888433385],[139.74941559165015,35.78236301921167],[139.74942228104618,35.78241845729409],[139.74940103930155,35.78242150708198]]]}},{"type":"Feature","properties":{"height":7.7,"gml_id":"bldg_4a604db9-cfb0-4e57-a651-568d2828cc67"},"geometry":{"type":"Polygon","coordinates":[[[139.74845745054654,35.77807170883875],[139.74850910860135,35.77806931162165],[139.74850998592828,35.77807643296057],[139.74856341060786,35.77807701144421],[139.7485625789213,35.778131092276304],[139.74845915863455,35.77812975743322],[139.74845745054654,35.77807170883875]]]}},{"type":"Feature","properties":{"height":8.3,"gml_id":"bldg_adef8a62-fdf3-4ab6-82b4-c992d8968768"},"geometry":{"type":"Polygon","coordinates":[[[139.7467997668079,35.78027236188621],[139.74679818724323,35.780300933754816],[139.7466559489078,35.78029001504089],[139.74665752862097,35.780261353038554],[139.7467997668079,35.78027236188621]]]}},{"type":"Feature","properties":{"height":3.3,"gml_id":"bldg_6476176c-1eca-43c3-8477-b075946e59f8"},"geometry":{"type":"Polygon","coordinates":[[[139.7378266851733,35.77901160311527],[139.73784597705642,35.7790662406534],[139.73778401662034,35.7790807032845],[139.7377648353887,35.77902606582452],[139.7378266851733,35.77901160311527]]]}},{"type":"Feature","properties":{"height":9.5,"gml_id":"bldg_27cca0d5-2668-48d3-a42b-0c91a05096ac"},"geometry":{"type":"Polygon","coordinates":[[[139.74022191354197,35.77500830130622],[139.74024804337606,35.774985517191695],[139.7402545635158,35.774990389567854],[139.74026895712873,35.77497778170345],[139.74031736025952,35.775014504393866],[139.7402967663534,35.77503251561194],[139.74029311947075,35.775029808718614],[139.74027318982778,35.77504727963205],[139.74022191354197,35.77500830130622]]]}},{"type":"Feature","properties":{"height":2.4,"gml_id":"bldg_cfdd689b-4383-4d0d-ad48-5f9a326041de"},"geometry":{"type":"Polygon","coordinates":[[[139.73958109603035,35.77667017663606],[139.73955741272445,35.77668115472826],[139.73953179455307,35.77664435937945],[139.73955547785155,35.776633381292235],[139.73958109603035,35.77667017663606]]]}},{"type":"Feature","properties":{"height":5.2,"gml_id":"bldg_9f6644a7-f2df-4aae-b3f5-ecf72f894b4a"},"geometry":{"type":"Polygon","coordinates":[[[139.74087256598375,35.7760062452758],[139.74089116822643,35.77598895351705],[139.74093250155465,35.7760185497979],[139.7409138994183,35.7760357514273],[139.74087256598375,35.7760062452758]]]}},{"type":"Feature","properties":{"height":7.1,"gml_id":"bldg_1b82754d-782a-4e85-99a0-ba235307233b"},"geometry":{"type":"Polygon","coordinates":[[[139.74738962166373,35.77888163087692],[139.7474098671279,35.77887849059446],[139.74740821550674,35.77887145883098],[139.7474324436922,35.77886769044044],[139.7474423520786,35.7789111429174],[139.74743659935893,35.77891195002982],[139.74744452700403,35.77894584670905],[139.74740591761895,35.77895104699833],[139.74738962166373,35.77888163087692]]]}},{"type":"Feature","properties":{"height":7.5,"gml_id":"bldg_5c165bbf-a691-4b37-8676-e5ebe8e2e959"},"geometry":{"type":"Polygon","coordinates":[[[139.74990790959646,35.779542386145444],[139.7499085835404,35.77953256182419],[139.7499844701995,35.779526935895085],[139.74999202829565,35.77959805818178],[139.74989125383465,35.77960339644285],[139.74988268909888,35.77954299959696],[139.74990790959646,35.779542386145444]]]}},{"type":"Feature","properties":{"height":8.3,"gml_id":"bldg_9a0bfce6-cff1-4bf0-a6f6-6acc22ded475"},"geometry":{"type":"Polygon","coordinates":[[[139.73844464970992,35.77652200359795],[139.7383782505947,35.77655025380471],[139.73835749455688,35.77651787869412],[139.73834299736723,35.77652408660869],[139.73831959177292,35.776487473020154],[139.73833519547705,35.776480905439556],[139.73833188342434,35.77647567495192],[139.73839728636986,35.77644796479828],[139.73844464970992,35.77652200359795]]]}},{"type":"Feature","properties":{"height":2.3,"gml_id":"bldg_84d5983f-2798-4d8b-82f1-fac9c919526a"},"geometry":{"type":"Polygon","coordinates":[[[139.74626480215275,35.779187012686734],[139.7461551545382,35.77921469504154],[139.74614776502807,35.779194949970936],[139.74625730200523,35.77916726754264],[139.74626480215275,35.779187012686734]]]}},{"type":"Feature","properties":{"height":9.3,"gml_id":"bldg_42cb0ec5-f5d6-4a7e-b550-be14df6de545"},"geometry":{"type":"Polygon","coordinates":[[[139.74899036581272,35.779338219781316],[139.74899692129995,35.7794152002481],[139.7489384033255,35.77941858435222],[139.74893151576944,35.779341874056314],[139.74899036581272,35.779338219781316]]]}},{"type":"Feature","properties":{"height":2.5,"gml_id":"bldg_d44b2a17-d421-417f-a2a2-0cd46319546c"},"geometry":{"type":"Polygon","coordinates":[[[139.74669825060224,35.78004280339375],[139.7466853099368,35.78004171244264],[139.74668532421632,35.78002855264556],[139.74670091981102,35.78002946523793],[139.74669825060224,35.78004280339375]]]}},{"type":"Feature","properties":{"height":7.4,"gml_id":"bldg_6fdfd892-cf65-4b5f-b8ae-250216e00618"},"geometry":{"type":"Polygon","coordinates":[[[139.7475201167876,35.779421997333216],[139.7475163935239,35.77938702203377],[139.7475526774298,35.77938443398545],[139.74755158175586,35.77937469855076],[139.74762525577938,35.77936943307465],[139.74763007467695,35.779414233940464],[139.7475201167876,35.779421997333216]]]}},{"type":"Feature","properties":{"height":3.4,"gml_id":"bldg_35687f03-229a-4c07-812b-d76f710cbe7e"},"geometry":{"type":"Polygon","coordinates":[[[139.7477663201519,35.778100242779644],[139.74779269662392,35.77805266989558],[139.7478522926462,35.778074615244755],[139.7478259162024,35.77812218814176],[139.7477663201519,35.778100242779644]]]}},{"type":"Feature","properties":{"height":7.5,"gml_id":"bldg_766a4e5e-b1fe-4238-bed1-c5e82c6ac410"},"geometry":{"type":"Polygon","coordinates":[[[139.74677452974038,35.78120641953042],[139.7467471483794,35.781159078602876],[139.74676673554106,35.78115152130943],[139.74675205123438,35.78112609248485],[139.74679996777468,35.781107649164866],[139.746842144101,35.78118041897568],[139.74677452974038,35.78120641953042]]]}},{"type":"Feature","properties":{"height":9.4,"gml_id":"bldg_47635755-ff88-4914-ab75-70b2363d5db2"},"geometry":{"type":"Polygon","coordinates":[[[139.73913976044435,35.77676735862254],[139.73909560727847,35.77678426954626],[139.7390612259265,35.77676882939421],[139.73898153628303,35.77662454976395],[139.739047488022,35.77660035498067],[139.73913976044435,35.77676735862254]]]}},{"type":"Feature","properties":{"height":2.7,"gml_id":"bldg_cc42a3d4-6465-4f99-bf8b-1153ce889ea7"},"geometry":{"type":"Polygon","coordinates":[[[139.74871063320612,35.78214890375581],[139.74871282796792,35.78206111318953],[139.74871968611473,35.78206120815079],[139.74871980571,35.78205273548495],[139.74875122030826,35.782053298398125],[139.74875110167113,35.78206086970828],[139.74877952971434,35.7820613403778],[139.74877733407132,35.782150032301104],[139.74871063320612,35.78214890375581]]]}},{"type":"Feature","properties":{"height":3.7,"gml_id":"bldg_7aecbb52-9287-4d36-b5f2-41ad7cab559b"},"geometry":{"type":"Polygon","coordinates":[[[139.74910480464317,35.78305188881632],[139.74909962517708,35.78303331725003],[139.7491209787598,35.78302927610226],[139.74912626884876,35.78304784774512],[139.74910480464317,35.78305188881632]]]}},{"type":"Feature","properties":{"height":1.9,"gml_id":"bldg_79b4c771-1dc1-4073-8ea1-d94546babdb2"},"geometry":{"type":"Polygon","coordinates":[[[139.7383421878434,35.77618175052196],[139.7383320069168,35.776185888723184],[139.7383229544865,35.776171189450004],[139.7383331354117,35.77616705124953],[139.7383421878434,35.77618175052196]]]}},{"type":"Feature","properties":{"height":2.4,"gml_id":"bldg_2a2819ad-b6c3-45c2-9ca6-105fef8daf0f"},"geometry":{"type":"Polygon","coordinates":[[[139.73752685077653,35.77520087776115],[139.7375481045611,35.775186563108946],[139.73758179989932,35.775219850025685],[139.73756054611187,35.775234164683745],[139.73752685077653,35.77520087776115]]]}},{"type":"Feature","properties":{"height":8.1,"gml_id":"bldg_734cef04-9858-4b88-bad0-2bf8b81b5c15"},"geometry":{"type":"Polygon","coordinates":[[[139.74904444626952,35.78196688393004],[139.7491055378077,35.78204228012805],[139.74896929102357,35.78211555503331],[139.74890819965356,35.78204006863151],[139.74904444626952,35.78196688393004]]]}},{"type":"Feature","properties":{"height":7.0,"gml_id":"bldg_4d598a85-f6c3-4325-b23a-60703b39cfea"},"geometry":{"type":"Polygon","coordinates":[[[139.7384165677799,35.77604588458322],[139.7383552586493,35.776072786761056],[139.73827554297353,35.7759520320505],[139.73833685203806,35.77592512991265],[139.7384165677799,35.77604588458322]]]}},{"type":"Feature","properties":{"height":2.4,"gml_id":"bldg_3331dfb7-aee4-424d-ae2b-ea1c67733c15"},"geometry":{"type":"Polygon","coordinates":[[[139.7494983700761,35.779167317194904],[139.74947359176664,35.77916829141174],[139.74947032970414,35.77911465840603],[139.74949510799703,35.77911368418985],[139.7494983700761,35.779167317194904]]]}},{"type":"Feature","properties":{"height":10.2,"gml_id":"bldg_6cde2f05-00a8-4f4b-88d0-1e8215baaeb1"},"geometry":{"type":"Polygon","coordinates":[[[139.74668899322464,35.77888987130087],[139.74667359649763,35.77880783673407],[139.74671220546955,35.77880299722221],[139.74671605480466,35.77882337065956],[139.7467270068907,35.778822026511904],[139.7467385543296,35.77888368763549],[139.74668899322464,35.77888987130087]]]}},{"type":"Feature","properties":{"height":9.0,"gml_id":"bldg_6253d9bb-ee3c-40e1-9578-6d04f674bb6d"},"geometry":{"type":"Polygon","coordinates":[[[139.7395260319432,35.77599447636552],[139.73952349027962,35.77599249139711],[139.73942572695512,35.77607416819895],[139.73933920134127,35.77600541718618],[139.73932469731835,35.776017574172],[139.73927618555268,35.77597904828869],[139.7393292192599,35.77593465284243],[139.7393373966359,35.775941149005895],[139.73944512447923,35.775851097431115],[139.73941948733486,35.77583070674055],[139.73965819257927,35.775631332407876],[139.73972703716254,35.77568609839743],[139.73978339182884,35.775639001261325],[139.7398694754195,35.7757073910723],[139.7395260319432,35.77599447636552]]]}},{"type":"Feature","properties":{"height":7.5,"gml_id":"bldg_c6025803-aeff-485b-b8bc-89ae860f498e"},"geometry":{"type":"Polygon","coordinates":[[[139.73909411025465,35.77617819583117],[139.73913516710755,35.7761603811237],[139.73912390555012,35.776142976108744],[139.73922981223689,35.77609699967089],[139.7392730926463,35.7761633734181],[139.73925645877796,35.77619950483074],[139.73913661229412,35.77624799417389],[139.73909411025465,35.77617819583117]]]}},{"type":"Feature","properties":{"height":7.2,"gml_id":"bldg_e9a95c9b-b44b-4fdb-a562-3f3c2cde027f"},"geometry":{"type":"Polygon","coordinates":[[[139.74847177550947,35.78020477985349],[139.74857155969497,35.7801952958444],[139.74857748952476,35.7802361314802],[139.7484782584562,35.780245525748754],[139.74847177550947,35.78020477985349]]]}},{"type":"Feature","properties":{"height":2.0,"gml_id":"bldg_e4e3b025-75ea-4434-892e-175e569f721e"},"geometry":{"type":"Polygon","coordinates":[[[139.74897321025776,35.78248926012327],[139.74895163395792,35.782494833394715],[139.74894567424013,35.78248193981742],[139.74896924107844,35.78247690875727],[139.74897321025776,35.78248926012327]]]}},{"type":"Feature","properties":{"height":7.2,"gml_id":"bldg_eece583c-e7c7-41d7-b620-941eef361c73"},"geometry":{"type":"Polygon","coordinates":[[[139.74907540134492,35.7814594419502],[139.74908014955773,35.78146728707821],[139.74910427411209,35.781457569327635],[139.74913187991663,35.781503287432635],[139.74902055306967,35.7815478265779],[139.74898830962806,35.78149435352952],[139.74907540134492,35.7814594419502]]]}},{"type":"Feature","properties":{"height":8.0,"gml_id":"bldg_d2391932-711c-492b-9def-fb3015c069d6"},"geometry":{"type":"Polygon","coordinates":[[[139.7498210913393,35.78301993955329],[139.74982797713784,35.78309944395511],[139.749750209298,35.78310245453935],[139.74974343428917,35.78302286007457],[139.7498210913393,35.78301993955329]]]}},{"type":"Feature","properties":{"height":11.1,"gml_id":"bldg_b290a592-dbeb-46d1-a928-9921c12339e9"},"geometry":{"type":"Polygon","coordinates":[[[139.7491435191147,35.781584958476785],[139.74907502070405,35.781610509026336],[139.74904134604213,35.78155054522342],[139.74910984441206,35.78152499469271],[139.7491435191147,35.781584958476785]]]}},{"type":"Feature","properties":{"height":7.0,"gml_id":"bldg_874b2a5e-dbd3-4a27-ab5e-2c1294063199"},"geometry":{"type":"Polygon","coordinates":[[[139.74939959506173,35.779059896699536],[139.749457005397,35.77905768336198],[139.7494629843919,35.77915737759709],[139.74940557398514,35.77915959093736],[139.74939959506173,35.779059896699536]]]}},{"type":"Feature","properties":{"height":4.8,"gml_id":"bldg_5375ccb6-eb67-487c-978f-df661bebd5a7"},"geometry":{"type":"Polygon","coordinates":[[[139.74606077124523,35.78136796756239],[139.7460826285662,35.78140881487013],[139.7460601647706,35.78141682064238],[139.7460381968431,35.781375973250334],[139.74606077124523,35.78136796756239]]]}},{"type":"Feature","properties":{"height":7.1,"gml_id":"bldg_4fe5fa3f-67a7-4bc8-b0c6-d8f77985b27f"},"geometry":{"type":"Polygon","coordinates":[[[139.7461105321237,35.78158541083914],[139.74613543197745,35.781575153433046],[139.74616413421447,35.781628264135],[139.74610293726107,35.78165219584153],[139.74608880457947,35.781628209508554],[139.7460724263876,35.78163459725601],[139.7460499026531,35.7815961831266],[139.7461042383271,35.781575040675136],[139.7461105321237,35.78158541083914]]]}},{"type":"Feature","properties":{"height":3.3,"gml_id":"bldg_96c3bec2-5f6c-477d-aca2-3ea9a4a497a1"},"geometry":{"type":"Polygon","coordinates":[[[139.74760615066802,35.777898044477226],[139.74762472132758,35.77790923454027],[139.74761154303476,35.77792373699528],[139.7475929722769,35.77791263706586],[139.74760615066802,35.777898044477226]]]}},{"type":"Feature","properties":{"height":10.4,"gml_id":"bldg_1e9eb59b-6fce-4631-b38a-54ddc5e3bd27"},"geometry":{"type":"Polygon","coordinates":[[[139.74674131973742,35.778883599491024],[139.74672724248506,35.778808776735865],[139.74677636098988,35.77880268287172],[139.7467904382872,35.778877505621296],[139.74674131973742,35.778883599491024]]]}},{"type":"Feature","properties":{"height":7.4,"gml_id":"bldg_ca758fff-a42e-4e4b-a2dc-45b98fed066e"},"geometry":{"type":"Polygon","coordinates":[[[139.74763598550464,35.78050298689465],[139.74763319527707,35.78052614977101],[139.74770376048482,35.780532689804545],[139.7476938287757,35.7806138048259],[139.74753002045586,35.78060233096951],[139.74753986766893,35.78049705954436],[139.74763598550464,35.78050298689465]]]}},{"type":"Feature","properties":{"height":7.8,"gml_id":"bldg_ba6c4669-e6e6-4f60-b112-a8fb8f18029e"},"geometry":{"type":"Polygon","coordinates":[[[139.74842364091333,35.780637216785465],[139.74805355187289,35.78061054516457],[139.74807116365466,35.780484457863786],[139.74843848550444,35.780512299240854],[139.74842364091333,35.780637216785465]]]}},{"type":"Feature","properties":{"height":17.7,"gml_id":"bldg_c8a9d922-fbad-4c44-802c-e3d4be7f0679"},"geometry":{"type":"Polygon","coordinates":[[[139.74942298511712,35.77880104333321],[139.74942797507376,35.77889451752185],[139.7494291664298,35.77891867471684],[139.74943491648418,35.779025669786314],[139.74933834797963,35.7790291176698],[139.74933563623188,35.77897818911418],[139.74922944420425,35.778981900595326],[139.74922011532888,35.7788073913831],[139.7493176790809,35.778803944289535],[139.74931746971,35.77879267718236],[139.7493727783167,35.778790372280795],[139.74937365013724,35.778802811614305],[139.74942298511712,35.77880104333321]]]}},{"type":"Feature","properties":{"height":7.7,"gml_id":"bldg_533974d1-dfbd-4f40-bc91-725036ff5dbb"},"geometry":{"type":"Polygon","coordinates":[[[139.74672953603365,35.779957737857636],[139.7466524451958,35.779951192548886],[139.7466634893971,35.779865120945175],[139.7467405801528,35.77987166624684],[139.74672953603365,35.779957737857636]]]}},{"type":"Feature","properties":{"height":2.5,"gml_id":"bldg_d4cea098-4994-4271-b714-bfbc6396d3ee"},"geometry":{"type":"Polygon","coordinates":[[[139.74750622933342,35.78030189183382],[139.74744971043106,35.78029716442956],[139.7474515039145,35.78027517260844],[139.7475080225108,35.78028017041864],[139.74750622933342,35.78030189183382]]]}},{"type":"Feature","properties":{"height":7.2,"gml_id":"bldg_83703cc6-58e9-45e7-bfad-d6fb723e52a7"},"geometry":{"type":"Polygon","coordinates":[[[139.74669287603288,35.7808164338993],[139.7467044657597,35.7807373932785],[139.74671486249153,35.78073839225957],[139.74671898604294,35.78071000249778],[139.74675117166578,35.78071309028686],[139.74674927743115,35.78072579805065],[139.74679639451824,35.78073033874757],[139.74678402452074,35.78081496722643],[139.74674409658226,35.78081115278651],[139.74674264763908,35.78082124693661],[139.74669287603288,35.7808164338993]]]}},{"type":"Feature","properties":{"height":2.4,"gml_id":"bldg_3018b100-f173-4af8-9f6d-7ca57ae19363"},"geometry":{"type":"Polygon","coordinates":[[[139.74849856145906,35.78331195461346],[139.74847864753482,35.78331437422515],[139.74846522948445,35.78324153517584],[139.7484851433909,35.78323911556631],[139.74849856145906,35.78331195461346]]]}},{"type":"Feature","properties":{"height":9.0,"gml_id":"bldg_f79936cc-5dd7-4a0a-9aab-3db7c7cf37c0"},"geometry":{"type":"Polygon","coordinates":[[[139.73920129829185,35.776077417905086],[139.73910866932067,35.77611943874978],[139.73907631686353,35.77607209214522],[139.73906060205317,35.77607920054974],[139.73902659338808,35.77602941896879],[139.7390420868684,35.776022400530834],[139.73903700782068,35.776014825148074],[139.739129858031,35.77597271439532],[139.73920129829185,35.776077417905086]]]}},{"type":"Feature","properties":{"height":7.7,"gml_id":"bldg_19e39971-619d-47cc-b3fa-7b2bc62e5df9"},"geometry":{"type":"Polygon","coordinates":[[[139.74929272526566,35.77991773343812],[139.74926539364827,35.77971707232915],[139.74930001920393,35.77971376150919],[139.7493285678491,35.77991424318925],[139.74929272526566,35.77991773343812]]]}},{"type":"Feature","properties":{"height":3.4,"gml_id":"bldg_92f693b9-f9fa-4858-9b4f-baf3979b91ff"},"geometry":{"type":"Polygon","coordinates":[[[139.73953043395653,35.77544843757131],[139.73954460538675,35.77543682111444],[139.73961311747846,35.77549194745441],[139.73959894594262,35.7755036540549],[139.73953043395653,35.77544843757131]]]}},{"type":"Feature","properties":{"height":22.4,"gml_id":"bldg_0b5447d0-fe6c-433a-b75c-1b08442892fe"},"geometry":{"type":"Polygon","coordinates":[[[139.7388166477472,35.77669265302372],[139.73884899400917,35.776745317695344],[139.7385696801161,35.77685948014629],[139.7384650242818,35.77668931155275],[139.73874433772824,35.776575149340964],[139.7388166477472,35.77669265302372]]]}},{"type":"Feature","properties":{"height":6.8,"gml_id":"bldg_15c6a674-455c-48f7-9d40-20056305d26c"},"geometry":{"type":"Polygon","coordinates":[[[139.74969720878227,35.78206008925507],[139.7495984176656,35.78206984529219],[139.74959094847043,35.78201954440471],[139.74968973952573,35.78200978837357],[139.74969720878227,35.78206008925507]]]}},{"type":"Feature","properties":{"height":7.9,"gml_id":"bldg_8d3b8fad-0215-4f25-abd5-65aa3065ef5c"},"geometry":{"type":"Polygon","coordinates":[[[139.7466477955071,35.77934340435697],[139.74649327046208,35.7793420309748],[139.74649411267998,35.779279567558426],[139.74654123330762,35.77928005225286],[139.74654135087607,35.77927365270457],[139.74659145805006,35.77927413953466],[139.74659133950655,35.779281440439085],[139.74664863643002,35.779282022566655],[139.7466477955071,35.77934340435697]]]}},{"type":"Feature","properties":{"height":7.9,"gml_id":"bldg_8ac58e10-0d70-4bde-9ad0-28988f45cdd9"},"geometry":{"type":"Polygon","coordinates":[[[139.74764204165376,35.77949797851128],[139.74757942980713,35.77950235052931],[139.74757603535272,35.77947016967255],[139.74755800394578,35.77947150884825],[139.74755351498825,35.779428510928874],[139.74763415807695,35.77942288987537],[139.74764204165376,35.77949797851128]]]}},{"type":"Feature","properties":{"height":8.8,"gml_id":"bldg_992a85cd-1ff4-4a45-805d-7f2d33900973"},"geometry":{"type":"Polygon","coordinates":[[[139.75004180281928,35.78161442739623],[139.75007064270514,35.781856281299824],[139.7499295948593,35.78186745051509],[139.74990207158393,35.781636323633606],[139.74995793738995,35.78163194573201],[139.74995662128947,35.781621128542106],[139.75004180281928,35.78161442739623]]]}},{"type":"Feature","properties":{"height":3.5,"gml_id":"bldg_df4b99da-2884-40ba-b828-85717671df13"},"geometry":{"type":"Polygon","coordinates":[[[139.74596806653236,35.78066808705164],[139.74597166330508,35.78061590111905],[139.7461034045491,35.78061689810614],[139.7460998078624,35.78066908404278],[139.74596806653236,35.78066808705164]]]}},{"type":"Feature","properties":{"height":8.1,"gml_id":"bldg_f9927b01-ee5d-4122-aa17-f62e1b261782"},"geometry":{"type":"Polygon","coordinates":[[[139.7481058986682,35.77789154936135],[139.7481256261894,35.7778552386529],[139.74811103111847,35.777850000440594],[139.748135745927,35.77780449942272],[139.748204077337,35.77782906472182],[139.74821161377298,35.77781509902262],[139.74826501840036,35.77783433571467],[139.7482131503481,35.77793011326395],[139.7481058986682,35.77789154936135]]]}},{"type":"Feature","properties":{"height":22.5,"gml_id":"bldg_82b0ccd2-cfa8-4692-8986-a6343912dac6"},"geometry":{"type":"Polygon","coordinates":[[[139.73911214102569,35.778051950987106],[139.7390594318706,35.777913821800496],[139.73937111649073,35.7778347463152],[139.73942382602735,35.77797296550337],[139.73911214102569,35.778051950987106]]]}},{"type":"Feature","properties":{"height":10.6,"gml_id":"bldg_3dd098d6-2b4a-42a8-9e02-653991bb9d00"},"geometry":{"type":"Polygon","coordinates":[[[139.73993164763522,35.77598217306089],[139.73990943612512,35.77596439907145],[139.73996390843263,35.7759191031052],[139.73998600943932,35.77593678686325],[139.73993164763522,35.77598217306089]]]}},{"type":"Feature","properties":{"height":9.7,"gml_id":"bldg_4d0d777f-41f7-4a95-8d32-dc50042173d1"},"geometry":{"type":"Polygon","coordinates":[[[139.74030354908135,35.77519179070378],[139.74033621044694,35.775164144293264],[139.74042616274104,35.775234699960215],[139.74039350137764,35.77526234639482],[139.74030354908135,35.77519179070378]]]}},{"type":"Feature","properties":{"height":15.2,"gml_id":"bldg_266292c0-8d6e-4c67-9697-93d24775d31f"},"geometry":{"type":"Polygon","coordinates":[[[139.74718017544714,35.78252260102334],[139.74720031608712,35.78251495392209],[139.74722007937658,35.78254949002197],[139.74719993872975,35.782557137126474],[139.74718017544714,35.78252260102334]]]}},{"type":"Feature","properties":{"height":5.1,"gml_id":"bldg_20bf09f1-d983-4869-8ddb-fdc0fdf95763"},"geometry":{"type":"Polygon","coordinates":[[[139.74716026248396,35.77965429005831],[139.7472173538108,35.77964063033141],[139.747225958431,35.77966217891851],[139.74716986134737,35.77967701112554],[139.74716026248396,35.77965429005831]]]}},{"type":"Feature","properties":{"height":4.2,"gml_id":"bldg_11f67659-430c-4481-8616-3622c98bbc82"},"geometry":{"type":"Polygon","coordinates":[[[139.74966368824093,35.779635506904434],[139.7496404574318,35.779637383588856],[139.74963870225932,35.779623411337724],[139.74966082655232,35.77962189442647],[139.74966368824093,35.779635506904434]]]}},{"type":"Feature","properties":{"height":8.1,"gml_id":"bldg_978b5da5-c504-479c-8c83-ab2d6a58304a"},"geometry":{"type":"Polygon","coordinates":[[[139.74677402998284,35.78085110443066],[139.74676565987613,35.78091933109594],[139.74669509352455,35.78091360173227],[139.74669676732427,35.780900172725715],[139.74668294169615,35.780898991001195],[139.74668974868732,35.78084419342786],[139.74677402998284,35.78085110443066]]]}},{"type":"Feature","properties":{"height":1.7,"gml_id":"bldg_44cd8716-12de-49d0-8090-8d3a3889d4a7"},"geometry":{"type":"Polygon","coordinates":[[[139.74883435320962,35.78074260424766],[139.74883426367398,35.78072268420435],[139.74885671860574,35.780722609844354],[139.74885680814694,35.78074252988767],[139.74883435320962,35.78074260424766]]]}},{"type":"Feature","properties":{"height":7.7,"gml_id":"bldg_d0b6a3be-6511-40c9-8740-771fcc6fb8ab"},"geometry":{"type":"Polygon","coordinates":[[[139.74815248719176,35.77921973176263],[139.7482221626388,35.77922978615397],[139.74821627114136,35.77925700295962],[139.74820786580813,35.77925582524645],[139.7481984177765,35.77929890341313],[139.74817430779873,35.77929546118703],[139.74817208486937,35.77930546467328],[139.7481349246739,35.779300030212326],[139.74815248719176,35.77921973176263]]]}},{"type":"Feature","properties":{"height":8.2,"gml_id":"bldg_89ffa8c5-aab4-451e-a9fa-d59afd6ac25b"},"geometry":{"type":"Polygon","coordinates":[[[139.74930303561965,35.77905469153534],[139.7493053187455,35.77909245998189],[139.7492828633237,35.77909343578244],[139.74928362395153,35.77910641585236],[139.74919424507516,35.77910995878028],[139.74919120138875,35.779059210261266],[139.74930303561965,35.77905469153534]]]}},{"type":"Feature","properties":{"height":9.6,"gml_id":"bldg_de87e791-0363-45e2-b0eb-d5ab2446b0a3"},"geometry":{"type":"Polygon","coordinates":[[[139.73864004065123,35.77638226697363],[139.7386079100114,35.77633455987705],[139.73869965334296,35.77629362035162],[139.73873167341236,35.776341327337086],[139.73864004065123,35.77638226697363]]]}},{"type":"Feature","properties":{"height":6.5,"gml_id":"bldg_3e7f1ec7-204f-4a59-b107-c728fd740fe1"},"geometry":{"type":"Polygon","coordinates":[[[139.74889952142976,35.7796813926905],[139.74889494304594,35.77961766355427],[139.7489893021067,35.77961223149323],[139.74899859296738,35.77971760661198],[139.7488821094476,35.77972455545205],[139.7488788342239,35.779683721691946],[139.74889952142976,35.7796813926905]]]}},{"type":"Feature","properties":{"height":9.6,"gml_id":"bldg_e892ddaf-7284-4b8a-98a6-85b3d3178844"},"geometry":{"type":"Polygon","coordinates":[[[139.74907492871205,35.782641119837734],[139.74898907468415,35.782655030675514],[139.7489794920869,35.78261608536224],[139.7490653460746,35.78260217453118],[139.74907492871205,35.782641119837734]]]}},{"type":"Feature","properties":{"height":11.6,"gml_id":"bldg_ecfad614-7a7e-4016-a02f-e2a6b6385f73"},"geometry":{"type":"Polygon","coordinates":[[[139.74959620331808,35.7778523957463],[139.7495783943825,35.77785292415913],[139.74957958482383,35.77787798271322],[139.74909630874143,35.7778933287905],[139.74908602871236,35.77767717617516],[139.7494385572622,35.77766588524282],[139.74943779974723,35.77764993069468],[139.74948547456907,35.777648431636116],[139.74948634223114,35.777664836939294],[139.74957306396936,35.77766210316312],[139.74957945019182,35.77779541831644],[139.74959349834384,35.77779488728482],[139.74959620331808,35.7778523957463]]]}},{"type":"Feature","properties":{"height":6.9,"gml_id":"bldg_ea0e5ea0-7024-46ef-8a11-78818112828a"},"geometry":{"type":"Polygon","coordinates":[[[139.73832365599515,35.77632532208032],[139.73829848458843,35.776285462205706],[139.73835835384403,35.77626036163514],[139.73838352537996,35.77630013136179],[139.73832365599515,35.77632532208032]]]}},{"type":"Feature","properties":{"height":9.8,"gml_id":"bldg_b4dd76dd-6512-49ed-809e-c12b3e7f86c1"},"geometry":{"type":"Polygon","coordinates":[[[139.74795799150252,35.777703421379194],[139.74789658719732,35.77782109499901],[139.7478132174396,35.77779219231864],[139.74786919082644,35.77768488048742],[139.74792149033308,35.77770303491854],[139.74792681073563,35.777692673091174],[139.74795799150252,35.777703421379194]]]}},{"type":"Feature","properties":{"height":2.8,"gml_id":"bldg_883a728c-9570-4f8f-a63a-63b3eba48c20"},"geometry":{"type":"Polygon","coordinates":[[[139.7474867263359,35.77920249312594],[139.74753329686283,35.779200182832895],[139.74753668402568,35.77923912386304],[139.7474896710245,35.779241433841534],[139.7474867263359,35.77920249312594]]]}},{"type":"Feature","properties":{"height":10.0,"gml_id":"bldg_78ae2a4a-f742-4e78-a4b5-f139578c39ba"},"geometry":{"type":"Polygon","coordinates":[[[139.74916346465164,35.78228667839693],[139.74921590524028,35.78227905356058],[139.74923583171923,35.78236947353837],[139.7491833910731,35.78237709838323],[139.74916346465164,35.78228667839693]]]}},{"type":"Feature","properties":{"height":7.3,"gml_id":"bldg_e50dd3cb-fc00-4886-827e-040df8ef1ea0"},"geometry":{"type":"Polygon","coordinates":[[[139.74625534756015,35.782278208164314],[139.7462266386382,35.78223095630101],[139.7463106339079,35.782197126114305],[139.74633934286746,35.782244377957866],[139.74625534756015,35.782278208164314]]]}},{"type":"Feature","properties":{"height":5.6,"gml_id":"bldg_85a7e093-4156-487a-ae26-32e1219ff964"},"geometry":{"type":"Polygon","coordinates":[[[139.74022751385962,35.776276605466215],[139.74013286173366,35.776346477468934],[139.74007142761886,35.776291266785336],[139.7401661903416,35.776221394915986],[139.74022751385962,35.776276605466215]]]}},{"type":"Feature","properties":{"height":2.5,"gml_id":"bldg_624d562a-b4bf-4f3e-9188-e589de7516da"},"geometry":{"type":"Polygon","coordinates":[[[139.7499566943508,35.78239863861993],[139.74994308776613,35.782399260134866],[139.74994199646696,35.782385017947966],[139.74995560314332,35.782384306297594],[139.7499566943508,35.78239863861993]]]}},{"type":"Feature","properties":{"height":4.2,"gml_id":"bldg_9bc4c24e-7b1a-42f2-9921-83a49e1f931b"},"geometry":{"type":"Polygon","coordinates":[[[139.73758106638212,35.77823029199466],[139.7376074463405,35.77827718355219],[139.73757812109798,35.77828815676015],[139.73755174104517,35.77824135533187],[139.73758106638212,35.77823029199466]]]}},{"type":"Feature","properties":{"height":9.6,"gml_id":"bldg_f7c29a98-6a1d-49ed-89e8-b861f7500ac9"},"geometry":{"type":"Polygon","coordinates":[[[139.74586614114682,35.78010691847313],[139.74582699639998,35.78009535263095],[139.74581952166298,35.780052442614966],[139.74593424260829,35.78003954650731],[139.7459451191182,35.78010742656758],[139.74589821173396,35.780113792104906],[139.7458963426442,35.780103425144475],[139.74586614114682,35.78010691847313]]]}},{"type":"Feature","properties":{"height":7.7,"gml_id":"bldg_40b37d0a-5b9c-44c3-baeb-903b7385a4ed"},"geometry":{"type":"Polygon","coordinates":[[[139.73946013711495,35.77681772457569],[139.73951856954167,35.77679172095119],[139.7395691401102,35.77686720397784],[139.73951081825425,35.776893207712824],[139.73946013711495,35.77681772457569]]]}},{"type":"Feature","properties":{"height":8.1,"gml_id":"bldg_d05fdf35-df68-4ad6-b36a-d5f3ad3d53cb"},"geometry":{"type":"Polygon","coordinates":[[[139.74584831569229,35.780929753937336],[139.7459622841997,35.780898018906775],[139.7459862324819,35.780948512269056],[139.74595569112964,35.780959035953536],[139.74596407806757,35.780977159313125],[139.74588175264287,35.781002337457195],[139.74584831569229,35.780929753937336]]]}},{"type":"Feature","properties":{"height":9.9,"gml_id":"bldg_07c15ee5-afc3-4fcb-9391-d69bc10d558d"},"geometry":{"type":"Polygon","coordinates":[[[139.74413334642233,35.78200940075051],[139.744122263803,35.78202814074165],[139.74418749910743,35.78205378763805],[139.74406625489075,35.782258936535705],[139.74393025543745,35.78220565548336],[139.74395552393676,35.78216294997637],[139.74393540053467,35.78215500308283],[139.74404245918694,35.781973819860895],[139.74413334642233,35.78200940075051]]]}},{"type":"Feature","properties":{"height":7.7,"gml_id":"bldg_a2a30b32-a775-4b01-8285-15a2f69aad8e"},"geometry":{"type":"Polygon","coordinates":[[[139.7474849335722,35.78025275269678],[139.74749746748085,35.780220673347024],[139.74744858586703,35.78021144460988],[139.74747445435034,35.780122769586555],[139.74753151806604,35.780135068763876],[139.74752641325324,35.78015047832051],[139.74761388834875,35.7801698297357],[139.74757926521247,35.78027364133758],[139.7474849335722,35.78025275269678]]]}},{"type":"Feature","properties":{"height":3.2,"gml_id":"bldg_eab05619-62df-4c8b-838f-fa876fdc6f08"},"geometry":{"type":"Polygon","coordinates":[[[139.7498895884693,35.782361456194046],[139.74986984215556,35.782203795264486],[139.74992250197374,35.782197972984726],[139.74994410789083,35.78237573544179],[139.74991910575562,35.78237824189982],[139.74990528057663,35.782376339461095],[139.7499027501303,35.782363177902994],[139.7498895884693,35.782361456194046]]]}},{"type":"Feature","properties":{"height":6.9,"gml_id":"bldg_62b9cf4f-ee21-4a27-959e-504b95fb3a30"},"geometry":{"type":"Polygon","coordinates":[[[139.7483635991534,35.78279934817723],[139.7484718345505,35.782751292179825],[139.7484996660793,35.782792864340614],[139.7483896618111,35.782839927621374],[139.7483635991534,35.78279934817723]]]}},{"type":"Feature","properties":{"height":7.5,"gml_id":"bldg_2885d937-ef76-4ce3-937b-179d203919e8"},"geometry":{"type":"Polygon","coordinates":[[[139.74676766707688,35.78121056083052],[139.7466991673501,35.78123692124798],[139.74667951454072,35.78120301608447],[139.74669124458842,35.78119860788932],[139.74668450965365,35.78118697553808],[139.74669402660456,35.78118328683323],[139.74667702379043,35.781153800225],[139.7467242763782,35.78113562686381],[139.74676766707688,35.78121056083052]]]}},{"type":"Feature","properties":{"height":7.0,"gml_id":"bldg_a3561352-48b3-4881-83f4-f85bd9a39457"},"geometry":{"type":"Polygon","coordinates":[[[139.74982773981188,35.78248021202737],[139.74982128842734,35.782408459583564],[139.74995436950542,35.78240043972072],[139.74996082110303,35.782472102022105],[139.74982773981188,35.78248021202737]]]}},{"type":"Feature","properties":{"height":5.7,"gml_id":"bldg_1bb7837a-7f86-4aaf-8192-7c3de1beac0a"},"geometry":{"type":"Polygon","coordinates":[[[139.7491834059753,35.778374263710084],[139.74909270085888,35.77837753522841],[139.74909085326374,35.77834643711986],[139.74918166895654,35.77834316568026],[139.7491834059753,35.778374263710084]]]}},{"type":"Feature","properties":{"height":6.8,"gml_id":"bldg_4fcfbd63-9a48-4410-bd3b-c65fc37e7a17"},"geometry":{"type":"Polygon","coordinates":[[[139.74713848656756,35.77882060955639],[139.74720342571982,35.77881164251394],[139.74721541966844,35.77886987875586],[139.74715103265666,35.7788796574215],[139.74713848656756,35.77882060955639]]]}},{"type":"Feature","properties":{"height":9.2,"gml_id":"bldg_1a1bbc65-9102-4246-843c-3b8cf2d19993"},"geometry":{"type":"Polygon","coordinates":[[[139.74097732344666,35.77570959896127],[139.74102209051222,35.77573487133454],[139.741006805765,35.775752886746986],[139.74096203869428,35.775727614368094],[139.74097732344666,35.77570959896127]]]}},{"type":"Feature","properties":{"height":9.0,"gml_id":"bldg_25db62ef-1a6c-4817-98fc-0cee21ec2ee4"},"geometry":{"type":"Polygon","coordinates":[[[139.7482058983882,35.78027129233501],[139.74827480573947,35.780276388689444],[139.7482693329231,35.780325869298004],[139.7482480965898,35.78032432196862],[139.74824452254438,35.780356588007386],[139.7481967408505,35.78035303889944],[139.7482058983882,35.78027129233501]]]}},{"type":"Feature","properties":{"height":2.0,"gml_id":"bldg_ebe7150d-8158-4d09-a9d1-5d69300cdd7c"},"geometry":{"type":"Polygon","coordinates":[[[139.74965924502942,35.779231065025535],[139.74965869810393,35.77922520582571],[139.74967639748758,35.77922395623964],[139.74967858831113,35.77924441856324],[139.74966088892296,35.77924566814961],[139.74965924502942,35.779231065025535]]]}},{"type":"Feature","properties":{"height":7.4,"gml_id":"bldg_4707627d-628c-4939-abdd-9181073f6697"},"geometry":{"type":"Polygon","coordinates":[[[139.74628350507606,35.781410763156856],[139.74625910889327,35.78136495658675],[139.74634874523204,35.781330589638365],[139.74637303084,35.781376396110616],[139.74628350507606,35.781410763156856]]]}},{"type":"Feature","properties":{"height":8.8,"gml_id":"bldg_57a9bc24-6d57-4806-b4f7-60c134d419b1"},"geometry":{"type":"Polygon","coordinates":[[[139.74599466822627,35.78102315071571],[139.7460330855085,35.78109348441813],[139.74596978831647,35.78111642304246],[139.74593578671735,35.78105429487355],[139.7459438648975,35.78105132626758],[139.74593944925851,35.78104312071449],[139.74599466822627,35.78102315071571]]]}},{"type":"Feature","properties":{"height":7.1,"gml_id":"bldg_09b01f8f-64ae-4e43-98ca-1a5e6c1c6d4c"},"geometry":{"type":"Polygon","coordinates":[[[139.74770124483584,35.780712418516835],[139.7477060437099,35.7806728523801],[139.74773612844655,35.78067521732446],[139.74773522942058,35.78068837649061],[139.7477643185332,35.7806908308549],[139.7477664386646,35.78067361645277],[139.74786509768893,35.78068251990472],[139.74786463255742,35.78070370145373],[139.74788111302428,35.780704794793245],[139.74787843945614,35.780722369346684],[139.74770124483584,35.780712418516835]]]}},{"type":"Feature","properties":{"height":7.5,"gml_id":"bldg_3db5c8cd-b13f-444e-ba02-4de141584cb9"},"geometry":{"type":"Polygon","coordinates":[[[139.74899467193796,35.7816496617088],[139.7489626012279,35.78164206781871],[139.74893433215664,35.78159598866787],[139.74903049786047,35.78155792874208],[139.74906793051935,35.78162068938629],[139.74899467193796,35.7816496617088]]]}},{"type":"Feature","properties":{"height":3.4,"gml_id":"bldg_c42b3bf1-f91e-4f0e-8f55-a0082d9f45c3"},"geometry":{"type":"Polygon","coordinates":[[[139.74143374837212,35.775949349085764],[139.74146380915965,35.77597082435487],[139.74142051513252,35.77601090167224],[139.74139056494997,35.77598942647698],[139.74143374837212,35.775949349085764]]]}},{"type":"Feature","properties":{"height":7.4,"gml_id":"bldg_389f5ebb-65e5-4e33-8c2a-ad480b142a7a"},"geometry":{"type":"Polygon","coordinates":[[[139.7466788232039,35.782757404656756],[139.7467226648358,35.78282530836623],[139.74659650456118,35.78287668487873],[139.74655266300857,35.78280878112398],[139.7466788232039,35.782757404656756]]]}},{"type":"Feature","properties":{"height":7.8,"gml_id":"bldg_8b2b6ed3-5154-40fd-8e43-921a96ce589d"},"geometry":{"type":"Polygon","coordinates":[[[139.74839479108593,35.778017943724294],[139.74842498133364,35.77802418440627],[139.74842254031572,35.778031303403004],[139.74845449287795,35.77804457590627],[139.74843775627616,35.77807683267259],[139.74844516407092,35.77807981237967],[139.7484338570919,35.778102969272254],[139.74842689078238,35.77810089123315],[139.74841924432067,35.77811431605331],[139.7483571013667,35.77809489298504],[139.74839479108593,35.778017943724294]]]}},{"type":"Feature","properties":{"height":8.5,"gml_id":"bldg_1d32d3bd-7e12-435d-9dbd-67371253506d"},"geometry":{"type":"Polygon","coordinates":[[[139.74886078820174,35.78095363039032],[139.74884400386324,35.78092603708906],[139.74884712044962,35.78090774174062],[139.74893342927882,35.78088040110541],[139.7489602737183,35.7809135898636],[139.74886078820174,35.78095363039032]]]}},{"type":"Feature","properties":{"height":9.3,"gml_id":"bldg_aa0a1ce9-9e4c-42d9-822b-da9867f1acf6"},"geometry":{"type":"Polygon","coordinates":[[[139.73933096229226,35.77633323435678],[139.7392868055858,35.77635339023514],[139.73924550848116,35.77629341768241],[139.73928966527095,35.77627317168336],[139.73933096229226,35.77633323435678]]]}},{"type":"Feature","properties":{"height":2.8,"gml_id":"bldg_d31bec30-6809-4cf7-aa7f-bbe7108eeef0"},"geometry":{"type":"Polygon","coordinates":[[[139.74569346859425,35.780815889995935],[139.74569374710313,35.780763701654806],[139.74583113044605,35.78076425237362],[139.74583085202698,35.78081644071518],[139.74569346859425,35.780815889995935]]]}},{"type":"Feature","properties":{"height":5.0,"gml_id":"bldg_ce17479b-81da-4dae-b1cc-983e5ea7f208"},"geometry":{"type":"Polygon","coordinates":[[[139.73900356671038,35.77614008757434],[139.7389892912825,35.776145935198365],[139.73899039534538,35.77614764864311],[139.73891116123104,35.77618003532013],[139.73887848386346,35.77612691972175],[139.73896712424178,35.776090664611004],[139.73897683926145,35.77610635584872],[139.73898159777107,35.77610437659618],[139.73900356671038,35.77614008757434]]]}},{"type":"Feature","properties":{"height":13.5,"gml_id":"bldg_b23b14dc-a0f8-47cc-8821-b86fdc67941f"},"geometry":{"type":"Polygon","coordinates":[[[139.73972500426495,35.776193741206036],[139.739624148613,35.77627135965215],[139.73958215971166,35.776235182504685],[139.7395312336518,35.77627435183252],[139.7394539963161,35.77620777140575],[139.73967497090638,35.776037677320716],[139.73975364469476,35.77610552062528],[139.73968456250506,35.7761587370624],[139.73972500426495,35.776193741206036]]]}},{"type":"Feature","properties":{"height":7.7,"gml_id":"bldg_c91e7a22-31f1-46a8-89dc-e9eb7220d157"},"geometry":{"type":"Polygon","coordinates":[[[139.7396872222593,35.77662600268516],[139.73961174401353,35.77666235871685],[139.73957452878227,35.77661113262494],[139.73965011760566,35.77657477670241],[139.7396872222593,35.77662600268516]]]}},{"type":"Feature","properties":{"height":6.6,"gml_id":"bldg_aafaf337-6b06-42b2-826c-f8fbcac096ed"},"geometry":{"type":"Polygon","coordinates":[[[139.73965770861196,35.777552755024175],[139.73964866381917,35.77753120554669],[139.73960130707573,35.77754432845872],[139.7395955713038,35.777530713497676],[139.73958428532856,35.77753385944992],[139.7395644309986,35.77748652272919],[139.7396767373883,35.77745524301794],[139.7397045114532,35.77754035274432],[139.73965770861196,35.777552755024175]]]}},{"type":"Feature","properties":{"height":7.3,"gml_id":"bldg_9a3fb5dd-b72d-48cf-80a9-726c94888034"},"geometry":{"type":"Polygon","coordinates":[[[139.74011955670937,35.77618431300022],[139.74018144865425,35.77613145128714],[139.7401938255668,35.77614110539512],[139.740240991893,35.776100761111024],[139.74027270797342,35.77612530257289],[139.74016364970643,35.77621850860479],[139.74011955670937,35.77618431300022]]]}},{"type":"Feature","properties":{"height":8.0,"gml_id":"bldg_a068f9e3-383e-4a9d-8040-a553c868ecd3"},"geometry":{"type":"Polygon","coordinates":[[[139.73989202263272,35.77600539729679],[139.7398758883624,35.77599294603044],[139.73990002545312,35.77597205329717],[139.73991615972298,35.77598450456033],[139.73989202263272,35.77600539729679]]]}},{"type":"Feature","properties":{"height":6.9,"gml_id":"bldg_88b6f15d-ab36-403d-b0d5-640fa2800ab1"},"geometry":{"type":"Polygon","coordinates":[[[139.74940300196286,35.779922858048984],[139.7494004750869,35.77990645159338],[139.74936197730418,35.77991039068811],[139.7493498909285,35.77983322611362],[139.7495399460254,35.779813618975616],[139.7495545594884,35.779907189983994],[139.74940300196286,35.779922858048984]]]}},{"type":"Feature","properties":{"height":6.8,"gml_id":"bldg_e5250249-fae3-42f6-af13-83b37c84ef59"},"geometry":{"type":"Polygon","coordinates":[[[139.7483232996438,35.78241624327095],[139.74827688300837,35.782376190229],[139.74825048246439,35.78234146933453],[139.74828590060923,35.78232211522677],[139.7483067748125,35.782352595831604],[139.74836788596537,35.782305227680894],[139.74841750791606,35.78234771661365],[139.7483232996438,35.78241624327095]]]}},{"type":"Feature","properties":{"height":4.2,"gml_id":"bldg_9c572981-c4b8-4203-9e34-2541dde876a9"},"geometry":{"type":"Polygon","coordinates":[[[139.74765916432008,35.77920955654183],[139.74765863436792,35.77918801373676],[139.7477150473936,35.77918760323403],[139.74771546674816,35.779209145960145],[139.74765916432008,35.77920955654183]]]}},{"type":"Feature","properties":{"height":9.4,"gml_id":"bldg_d49cda07-b878-4e3d-babc-39c323a9cf0c"},"geometry":{"type":"Polygon","coordinates":[[[139.7464576236499,35.78048744930376],[139.74645699290974,35.7805588362903],[139.74638896524735,35.78055842658467],[139.74638909637358,35.780539588326775],[139.74637726069918,35.78053948963367],[139.7463778709963,35.78048694098552],[139.7464576236499,35.78048744930376]]]}},{"type":"Feature","properties":{"height":4.3,"gml_id":"bldg_b0e5da63-6af8-4564-ad9d-f2de90e69460"},"geometry":{"type":"Polygon","coordinates":[[[139.74445553141715,35.78115253947855],[139.74441794009945,35.781136377409524],[139.74448364793236,35.78103502336837],[139.7445212392157,35.78105118541707],[139.74445553141715,35.78115253947855]]]}},{"type":"Feature","properties":{"height":7.4,"gml_id":"bldg_55fab477-26b0-4b89-818b-6fad5946e48f"},"geometry":{"type":"Polygon","coordinates":[[[139.74913739013817,35.780263926021846],[139.7491544486182,35.780451149737324],[139.74936761666197,35.78043822909001],[139.74939462768427,35.780733892912856],[139.74901618939816,35.78075679303837],[139.7490152049989,35.78074624647623],[139.74900690830347,35.78074678147276],[139.74896382502848,35.780274440389135],[139.74913739013817,35.780263926021846]]]}},{"type":"Feature","properties":{"height":8.4,"gml_id":"bldg_35afca5b-a8ef-4ae4-a716-9fa4f819728c"},"geometry":{"type":"Polygon","coordinates":[[[139.74655229673843,35.78263689222021],[139.74660010653045,35.78271759809806],[139.74651677571765,35.78275034733592],[139.7464689659904,35.78266964142547],[139.74655229673843,35.78263689222021]]]}},{"type":"Feature","properties":{"height":7.0,"gml_id":"bldg_e6fcdb96-a2c9-43ca-bcc3-8c78dfb58304"},"geometry":{"type":"Polygon","coordinates":[[[139.74684083643223,35.78300034666308],[139.74688974383974,35.78308943582344],[139.7468327547493,35.783108503596075],[139.7467849530866,35.78301986588677],[139.74684083643223,35.78300034666308]]]}},{"type":"Feature","properties":{"height":7.3,"gml_id":"bldg_8dd99c98-903a-40de-85e5-d9763e6f8d8b"},"geometry":{"type":"Polygon","coordinates":[[[139.7476842775428,35.77889635293382],[139.7475973465319,35.77888664647281],[139.74760391524032,35.77884699145414],[139.74763200739304,35.778850166225524],[139.74763868727382,35.77880997046978],[139.74769774718854,35.77881659244453],[139.7476842775428,35.77889635293382]]]}},{"type":"Feature","properties":{"height":3.2,"gml_id":"bldg_c5fe57b1-7990-49d6-9608-e21bcafdc387"},"geometry":{"type":"Polygon","coordinates":[[[139.74814360218636,35.77780180091701],[139.7481575686745,35.7777741391491],[139.74819770610344,35.777787597789086],[139.74818373962685,35.77781525956159],[139.74814360218636,35.77780180091701]]]}},{"type":"Feature","properties":{"height":2.7,"gml_id":"bldg_1a8d0c5a-0ceb-4f24-9fc1-89748e4f9ccb"},"geometry":{"type":"Polygon","coordinates":[[[139.7401267162258,35.77772645037546],[139.7401416620394,35.777715014724414],[139.74016829242007,35.77773801995984],[139.74015334650076,35.777749545749764],[139.7401267162258,35.77772645037546]]]}},{"type":"Feature","properties":{"height":17.5,"gml_id":"bldg_069ca4c6-249f-44ee-9bee-34f4744cf1b2"},"geometry":{"type":"Polygon","coordinates":[[[139.7472161287598,35.78149453969305],[139.74728160506783,35.78160500272757],[139.7471687286176,35.78164935877689],[139.74717844524343,35.78166568028979],[139.74729442032464,35.78162006454945],[139.74740870052008,35.781813036531425],[139.74729648773925,35.78185721290186],[139.74730145645108,35.78186559907108],[139.747277331749,35.78187513618772],[139.74719915748156,35.78174321177887],[139.7471476989811,35.781763455430195],[139.74713334512228,35.781739108519105],[139.74718347563118,35.78171940473635],[139.7471477010255,35.781659078358224],[139.74703172580408,35.781704693956584],[139.7470048949601,35.78165942660628],[139.74702381842542,35.78165195893087],[139.74698462140037,35.78158559095919],[139.7472161287598,35.78149453969305]]]}},{"type":"Feature","properties":{"height":9.5,"gml_id":"bldg_c58ea275-0b1e-4517-9395-b61f64e669a0"},"geometry":{"type":"Polygon","coordinates":[[[139.74694076384975,35.77918128081787],[139.7468567949591,35.77919392959833],[139.74683477803129,35.779096386958464],[139.74691863621015,35.779083738113556],[139.74694076384975,35.77918128081787]]]}},{"type":"Feature","properties":{"height":7.4,"gml_id":"bldg_5098913c-d639-4e06-bb7b-6959f10b0752"},"geometry":{"type":"Polygon","coordinates":[[[139.74990134060388,35.7778893831873],[139.74990996901795,35.77788866808731],[139.7499083341456,35.77786541194221],[139.74996530172902,35.777862657239645],[139.7499682444733,35.7779045723808],[139.7499586205585,35.77790528679483],[139.7499588241834,35.77792214231209],[139.74990462183445,35.777924898929854],[139.74990134060388,35.7778893831873]]]}},{"type":"Feature","properties":{"height":7.5,"gml_id":"bldg_abb27bc2-ce64-45ae-971e-285684f9d6c7"},"geometry":{"type":"Polygon","coordinates":[[[139.74662777470263,35.782297495880385],[139.7465105793118,35.78234509307464],[139.74647546177476,35.782291076471644],[139.74659199438395,35.78224257747675],[139.74662777470263,35.782297495880385]]]}},{"type":"Feature","properties":{"height":4.9,"gml_id":"bldg_7678aa9c-5f32-4d8e-80d7-a28ed2521800"},"geometry":{"type":"Polygon","coordinates":[[[139.7490403140085,35.77886062581895],[139.74903771230748,35.77881041841795],[139.74906968230835,35.77880755648057],[139.74907139855975,35.77885830407467],[139.7490403140085,35.77886062581895]]]}},{"type":"Feature","properties":{"height":8.6,"gml_id":"bldg_2d90e894-96fe-4e41-94a4-d43b5f7e6a41"},"geometry":{"type":"Polygon","coordinates":[[[139.7387876249175,35.77598163968264],[139.73886840900033,35.77594790226749],[139.73888441703966,35.7759734232495],[139.73892613705752,35.77595596967644],[139.73892337707036,35.775951550859475],[139.73899198808667,35.77592294154065],[139.73899574174126,35.77592889344279],[139.73908825770854,35.77588876544526],[139.73909963355302,35.775903015803515],[139.73909299248444,35.77590688643582],[139.73912600194276,35.77595982196658],[139.73884702056668,35.77607605846091],[139.7387876249175,35.77598163968264]]]}},{"type":"Feature","properties":{"height":3.6,"gml_id":"bldg_ee88c05f-cd83-499d-ad3b-0c21805ea0e4"},"geometry":{"type":"Polygon","coordinates":[[[139.74950823220317,35.78273318072416],[139.74956354419618,35.78273024479111],[139.74956856519103,35.78279451499136],[139.74951325324827,35.782797360791065],[139.74950823220317,35.78273318072416]]]}},{"type":"Feature","properties":{"height":6.6,"gml_id":"bldg_77e293cd-fced-4bf7-a3e7-3532e1390efd"},"geometry":{"type":"Polygon","coordinates":[[[139.74884193116773,35.78142133103695],[139.74887988873203,35.78140594450354],[139.7488705024932,35.78139070498701],[139.74896368116202,35.78135282328654],[139.74898399934057,35.78138609759378],[139.74885297368766,35.781439365924236],[139.74884193116773,35.78142133103695]]]}},{"type":"Feature","properties":{"height":9.7,"gml_id":"bldg_8f1d0ac2-fa23-46ac-bc15-51eb935a5270"},"geometry":{"type":"Polygon","coordinates":[[[139.7485361748131,35.78237168629102],[139.7485237781188,35.78237879826408],[139.74855272595883,35.78241072668968],[139.7484329639608,35.78248031704175],[139.74837186658587,35.782410689184104],[139.74850082038975,35.78233110032121],[139.7485361748131,35.78237168629102]]]}},{"type":"Feature","properties":{"height":9.2,"gml_id":"bldg_e791d4fd-9966-45e2-a409-f33639b4837f"},"geometry":{"type":"Polygon","coordinates":[[[139.74744663649705,35.77914423685225],[139.747467989442,35.77924277039824],[139.74720623994153,35.77927908817665],[139.74718532188507,35.77918785588663],[139.74734120107965,35.77916408149292],[139.7473500089533,35.77920230531899],[139.7473697012421,35.77919934491936],[139.74736012304842,35.77915742498112],[139.74744663649705,35.77914423685225]]]}},{"type":"Feature","properties":{"height":7.5,"gml_id":"bldg_05d0dea0-eddf-471f-9427-c24a03126c26"},"geometry":{"type":"Polygon","coordinates":[[[139.74615126267958,35.7817662524714],[139.7462183276835,35.78173745766717],[139.74625886127373,35.78179490342597],[139.74619312274845,35.78182451043446],[139.74615126267958,35.7817662524714]]]}},{"type":"Feature","properties":{"height":7.0,"gml_id":"bldg_6801fbe4-0bd9-4dd7-b240-6b418bd50475"},"geometry":{"type":"Polygon","coordinates":[[[139.7385556752292,35.77598479213565],[139.7385243200203,35.77593627440333],[139.73854446110718,35.775927547114414],[139.73854103845528,35.775922316544886],[139.73860655212462,35.77589406554744],[139.73864132991926,35.77594790396113],[139.7385556752292,35.77598479213565]]]}},{"type":"Feature","properties":{"height":22.7,"gml_id":"bldg_28e6feca-adfb-442d-88d4-ed741a02ae67"},"geometry":{"type":"Polygon","coordinates":[[[139.7393112934658,35.77866539005888],[139.7392365241668,35.77847379325403],[139.73956292871813,35.77838914038435],[139.73963780943964,35.77858064694061],[139.7393112934658,35.77866539005888]]]}},{"type":"Feature","properties":{"height":9.7,"gml_id":"bldg_63c77c82-cf6a-46a3-a4df-cb81958641a7"},"geometry":{"type":"Polygon","coordinates":[[[139.7478260675268,35.78087330934451],[139.74789143279398,35.7808811074695],[139.74787962598035,35.78095735384405],[139.74781414994015,35.78094964576957],[139.7478260675268,35.78087330934451]]]}},{"type":"Feature","properties":{"height":3.2,"gml_id":"bldg_920dc9da-817b-4570-87e7-928d24564c8c"},"geometry":{"type":"Polygon","coordinates":[[[139.74751656921163,35.783134682174826],[139.7474407645543,35.78316356158953],[139.7474152594391,35.78311919664442],[139.74747413249506,35.78309679492283],[139.74748605697548,35.783117534628865],[139.74750298854732,35.783111056949934],[139.74751656921163,35.783134682174826]]]}},{"type":"Feature","properties":{"height":9.5,"gml_id":"bldg_a4c6ed5e-4ccb-4140-84a1-1b1888cb351d"},"geometry":{"type":"Polygon","coordinates":[[[139.7487079473206,35.780403875687696],[139.7486714411858,35.78040700474137],[139.74867220564437,35.780416289252805],[139.74861545589468,35.78042048566447],[139.7486117558222,35.78036315677627],[139.74870124979776,35.7803567300227],[139.7487079473206,35.780403875687696]]]}},{"type":"Feature","properties":{"height":2.9,"gml_id":"bldg_12fbc487-958f-4705-b5bb-9ad621ed033a"},"geometry":{"type":"Polygon","coordinates":[[[139.74742096973085,35.78233565171906],[139.74738577852366,35.782349507460516],[139.74736479929643,35.782314159296774],[139.7473999904917,35.78230030356136],[139.74742096973085,35.78233565171906]]]}},{"type":"Feature","properties":{"height":9.5,"gml_id":"bldg_ae77b675-fec6-4933-aa3d-e5d18a5d7c93"},"geometry":{"type":"Polygon","coordinates":[[[139.74598198348158,35.78078797758345],[139.74598232311618,35.78078085711341],[139.74605499177233,35.780785867335865],[139.74605250523663,35.78083435851346],[139.74596478686746,35.780834835631694],[139.7459655020379,35.78078778533955],[139.74598198348158,35.78078797758345]]]}},{"type":"Feature","properties":{"height":8.9,"gml_id":"bldg_679ce62d-acf4-4476-8850-9051a56281a2"},"geometry":{"type":"Polygon","coordinates":[[[139.74739370370548,35.78084433800692],[139.74739422251096,35.78077340161659],[139.74753215644333,35.780776294312716],[139.7475307544859,35.780845697767425],[139.74739370370548,35.78084433800692]]]}},{"type":"Feature","properties":{"height":11.2,"gml_id":"bldg_bda08323-91a9-4fd4-b085-70c6e565530f"},"geometry":{"type":"Polygon","coordinates":[[[139.7456920162151,35.780526643615765],[139.74564091322432,35.78052570500604],[139.7456100841096,35.78049620816124],[139.74561112400184,35.78045582814438],[139.74561731831923,35.780455922798275],[139.74561813044352,35.78042149156854],[139.74569478492862,35.78042280935378],[139.7456920162151,35.780526643615765]]]}},{"type":"Feature","properties":{"height":17.1,"gml_id":"bldg_e826e856-ac5e-4a69-b755-0104193b139b"},"geometry":{"type":"Polygon","coordinates":[[[139.74794080868745,35.7827041358868],[139.747961722468,35.78269757083478],[139.7479777257071,35.78273156332621],[139.7479569225367,35.78273812845952],[139.74794080868745,35.7827041358868]]]}},{"type":"Feature","properties":{"height":9.4,"gml_id":"bldg_6dbab747-7f10-4442-b30f-58703a250398"},"geometry":{"type":"Polygon","coordinates":[[[139.74939017378523,35.782129640311226],[139.74939631602885,35.78217939947017],[139.74932241753424,35.78218538695546],[139.7493208816047,35.78217330770716],[139.74929311437387,35.78217554169649],[139.74928839740664,35.78213795183942],[139.74939017378523,35.782129640311226]]]}},{"type":"Feature","properties":{"height":7.1,"gml_id":"bldg_b1ca6410-6eb1-4948-9aed-05441b140993"},"geometry":{"type":"Polygon","coordinates":[[[139.73861675090947,35.77568829372184],[139.7386413524694,35.77574230439393],[139.73853535178384,35.77577439934079],[139.73851075039286,35.77572029851175],[139.73861675090947,35.77568829372184]]]}},{"type":"Feature","properties":{"height":7.6,"gml_id":"bldg_230c3d96-1674-447f-9cf9-8bdce3780bc6"},"geometry":{"type":"Polygon","coordinates":[[[139.74793101867803,35.77830884371305],[139.7478297400368,35.77826992326505],[139.7478513546372,35.77822757485413],[139.74788574131117,35.778240218288325],[139.7478895099143,35.77823291997463],[139.7479577295576,35.778258837368135],[139.74793101867803,35.77830884371305]]]}},{"type":"Feature","properties":{"height":2.8,"gml_id":"bldg_3b712746-19e6-4b8f-ba3c-5c31672b4d03"},"geometry":{"type":"Polygon","coordinates":[[[139.74124355900426,35.776283516995186],[139.74125870305554,35.77629164080506],[139.74121439601328,35.776346679799495],[139.74119925195612,35.77633855598409],[139.74124355900426,35.776283516995186]]]}},{"type":"Feature","properties":{"height":2.1,"gml_id":"bldg_56e09e6a-181b-491e-9005-091e61a52e96"},"geometry":{"type":"Polygon","coordinates":[[[139.7475774159646,35.78014159126983],[139.74754622626065,35.78013832414082],[139.74755056606548,35.78011426101368],[139.74758098204222,35.780116986775866],[139.7475774159646,35.78014159126983]]]}},{"type":"Feature","properties":{"height":7.2,"gml_id":"bldg_0ba35cac-7ae8-422c-b613-f4c2ce691177"},"geometry":{"type":"Polygon","coordinates":[[[139.7486336351733,35.77735985113373],[139.7485667116236,35.777259663209136],[139.7485850816144,35.777251473806],[139.7486520051803,35.77735166172053],[139.7486336351733,35.77735985113373]]]}},{"type":"Feature","properties":{"height":5.8,"gml_id":"bldg_408feee3-5700-40b0-bccd-30f58ad6d5c6"},"geometry":{"type":"Polygon","coordinates":[[[139.74987286506834,35.78195745666252],[139.74987483826823,35.78197458380358],[139.74979209056798,35.781980655571815],[139.749775323167,35.78183065821589],[139.74981094441264,35.78182806902752],[139.74980820417477,35.7818040009078],[139.7498729198904,35.781799178514085],[139.7498923351095,35.78195602800322],[139.74987286506834,35.78195745666252]]]}},{"type":"Feature","properties":{"height":3.1,"gml_id":"bldg_4599c4e7-5ae1-42c3-89dc-51a1580babac"},"geometry":{"type":"Polygon","coordinates":[[[139.74714093872214,35.781877652441416],[139.74716556137213,35.781919222616395],[139.74712029990906,35.78193703703327],[139.74710771268107,35.781915665862385],[139.7470870185163,35.78192385336586],[139.7470749832138,35.781903564215014],[139.74714093872214,35.781877652441416]]]}},{"type":"Feature","properties":{"height":2.7,"gml_id":"bldg_b6f06922-99cd-415d-a7c5-b93aaf3276ec"},"geometry":{"type":"Polygon","coordinates":[[[139.74779256437012,35.78313253528723],[139.74777887300615,35.78310891001467],[139.7478079774841,35.78309784403571],[139.74782155833304,35.78312137909079],[139.74779256437012,35.78313253528723]]]}},{"type":"Feature","properties":{"height":9.4,"gml_id":"bldg_9f58c452-e8dd-48be-a629-35cc146901cc"},"geometry":{"type":"Polygon","coordinates":[[[139.7480202164089,35.77930238255641],[139.74801706862655,35.77924622579519],[139.7481087703845,35.77924286565989],[139.74811191823116,35.779299022418854],[139.7480202164089,35.77930238255641]]]}},{"type":"Feature","properties":{"height":1.4,"gml_id":"bldg_73f2efc0-3594-43a0-bf1c-1354bc54bc86"},"geometry":{"type":"Polygon","coordinates":[[[139.74341847154193,35.77529213739179],[139.74344500028,35.775307300026064],[139.7434318208478,35.775322523114156],[139.74340529200572,35.77530745061267],[139.74341847154193,35.77529213739179]]]}},{"type":"Feature","properties":{"height":7.0,"gml_id":"bldg_8f9a0dd3-3f60-43d7-b65d-6d39c3ae27d5"},"geometry":{"type":"Polygon","coordinates":[[[139.73921546418327,35.7782293287933],[139.73917632697615,35.7781191523463],[139.73925488288893,35.77810064587212],[139.73924374789217,35.778069450212186],[139.73932186118952,35.77805103348346],[139.73932483803708,35.77805923815833],[139.73936411605752,35.7780498947434],[139.7394076635276,35.77817233302896],[139.73941229394123,35.77818531618444],[139.7394167038755,35.77819766821772],[139.73932830072613,35.77821851062832],[139.73932311917702,35.77820390459646],[139.73921546418327,35.7782293287933]]]}},{"type":"Feature","properties":{"height":7.1,"gml_id":"bldg_263fed95-67cc-4f6a-987f-4670b86479d3"},"geometry":{"type":"Polygon","coordinates":[[[139.74662179281967,35.780777444063375],[139.74651572094695,35.780770066546474],[139.74652119899648,35.78071680032834],[139.74655471287528,35.78071907790793],[139.74655426571363,35.78072340409677],[139.7466269342562,35.780728504109234],[139.74662179281967,35.780777444063375]]]}},{"type":"Feature","properties":{"height":7.6,"gml_id":"bldg_a3578e44-84e5-47c9-8cf0-03ee2b1cdc5c"},"geometry":{"type":"Polygon","coordinates":[[[139.74659203198453,35.782207965420476],[139.74646144242757,35.782264386197724],[139.74641428880048,35.78219098171959],[139.7465308196347,35.782144015087596],[139.74655621871847,35.78218342269054],[139.74657259737623,35.78217667433563],[139.74659203198453,35.782207965420476]]]}},{"type":"Feature","properties":{"height":3.4,"gml_id":"bldg_6e5bf419-7031-4bb6-bc32-2027993b2011"},"geometry":{"type":"Polygon","coordinates":[[[139.74621723366624,35.78203048783605],[139.74616334195028,35.78205000821714],[139.74614645193037,35.78201853863591],[139.74619868329646,35.78200000855127],[139.74621723366624,35.78203048783605]]]}},{"type":"Feature","properties":{"height":4.7,"gml_id":"bldg_659c526e-ae9d-4b9b-8ffd-57072fc30c9e"},"geometry":{"type":"Polygon","coordinates":[[[139.7467980098097,35.77964808098518],[139.7467497786261,35.77965147142559],[139.7467466034788,35.77962136382482],[139.74679483474208,35.77961788325004],[139.7467980098097,35.77964808098518]]]}},{"type":"Feature","properties":{"height":8.2,"gml_id":"bldg_05d34c8b-23a6-4cae-8ae9-be9ed92589da"},"geometry":{"type":"Polygon","coordinates":[[[139.7496143922166,35.77717287531534],[139.7495659432216,35.77717455415749],[139.74956702672642,35.77719609734729],[139.74952488277455,35.777197510157194],[139.74952314725556,35.77716487982008],[139.74953642093223,35.777164438391004],[139.7495325170951,35.77708998357224],[139.74955419749193,35.7770891874559],[139.7495545223246,35.777095857724944],[139.74958803836392,35.77709470930406],[139.7495878224371,35.77708966155376],[139.74960994527302,35.77708886573546],[139.7496143922166,35.77717287531534]]]}},{"type":"Feature","properties":{"height":7.8,"gml_id":"bldg_0d60e012-cc72-4e28-80ed-950d7cb989ad"},"geometry":{"type":"Polygon","coordinates":[[[139.7465369128846,35.780914298890856],[139.74642513834513,35.78096307168998],[139.74640305179165,35.78092952526363],[139.74644455221963,35.78091143798915],[139.74643417165382,35.78089556661355],[139.74647954554868,35.78087567941269],[139.74648683399346,35.78088686149744],[139.74651162365186,35.780875972982926],[139.7465369128846,35.780914298890856]]]}},{"type":"Feature","properties":{"height":7.8,"gml_id":"bldg_8d51d0ff-e84b-43a6-9aae-c0b1e419f2ac"},"geometry":{"type":"Polygon","coordinates":[[[139.74868696453692,35.782980478423745],[139.7486140515344,35.7829952093216],[139.74857943819413,35.78288143377355],[139.74863110786734,35.78287101444552],[139.74863606846398,35.78288724235199],[139.74864414529563,35.78288562559904],[139.74865164121888,35.78291023790345],[139.7486648076268,35.78290754310546],[139.74868696453692,35.782980478423745]]]}},{"type":"Feature","properties":{"height":7.7,"gml_id":"bldg_bb315bc5-7b81-494d-8193-80f73f016375"},"geometry":{"type":"Polygon","coordinates":[[[139.7500451698934,35.7811436512328],[139.74995567749485,35.781147825594914],[139.74995131791133,35.78108553883602],[139.7500408103343,35.78108127434143],[139.7500451698934,35.7811436512328]]]}},{"type":"Feature","properties":{"height":8.8,"gml_id":"bldg_3d6398c4-4bd4-48b2-8530-b8c6fd6027ee"},"geometry":{"type":"Polygon","coordinates":[[[139.7466643819673,35.77975614756319],[139.74674689356496,35.779761885546364],[139.74673828727114,35.7798439929453],[139.74665577558926,35.779838254956175],[139.7466643819673,35.77975614756319]]]}},{"type":"Feature","properties":{"height":5.9,"gml_id":"bldg_f7725fa2-3f4f-4cb4-bb89-901720818b36"},"geometry":{"type":"Polygon","coordinates":[[[139.74856971102554,35.77933170466499],[139.74857535804964,35.779430497348194],[139.7484391877797,35.779435539034075],[139.74843418974854,35.779350717833],[139.748526444962,35.77934708736302],[139.74852568522087,35.77933338620411],[139.74856971102554,35.77933170466499]]]}},{"type":"Feature","properties":{"height":10.7,"gml_id":"bldg_5ba1fcd1-c0cb-4ed3-a089-7778bd58b17d"},"geometry":{"type":"Polygon","coordinates":[[[139.74822442210615,35.780015770831746],[139.7482199129688,35.77999134087437],[139.7482448903311,35.779907622512596],[139.74829445185273,35.77990152834338],[139.7483173274826,35.78002557119781],[139.74821787243923,35.78003775929933],[139.74821402304724,35.78001702537118],[139.74822442210615,35.780015770831746]]]}},{"type":"Feature","properties":{"height":10.1,"gml_id":"bldg_e0b3cc3b-9b5a-4cb3-b6e1-54382e2c6d25"},"geometry":{"type":"Polygon","coordinates":[[[139.74946833843163,35.78280111517285],[139.74947370692274,35.78285042310462],[139.74938907787492,35.782856403146475],[139.7493876538672,35.782843062079706],[139.7493746000076,35.78284395432292],[139.749370766105,35.78280807766665],[139.74946833843163,35.78280111517285]]]}},{"type":"Feature","properties":{"height":2.6,"gml_id":"bldg_a5763579-2780-4cb5-b50a-73fd2b72fcdc"},"geometry":{"type":"Polygon","coordinates":[[[139.74346773896278,35.77534859918564],[139.7434397746429,35.77533136236154],[139.74345516774557,35.77531478889092],[139.743483132063,35.775332025711485],[139.74346773896278,35.77534859918564]]]}},{"type":"Feature","properties":{"height":8.1,"gml_id":"bldg_42e2f18a-7448-438a-920d-56852c07d27c"},"geometry":{"type":"Polygon","coordinates":[[[139.74888714304205,35.783018656393025],[139.7489198720982,35.78303183917264],[139.74893564152305,35.78307817995121],[139.74878140249805,35.783113224497384],[139.74876023367707,35.78304723033593],[139.74888714304205,35.783018656393025]]]}},{"type":"Feature","properties":{"height":9.1,"gml_id":"bldg_434643b1-6eeb-424c-ae57-03a06f53b300"},"geometry":{"type":"Polygon","coordinates":[[[139.74809233470455,35.782308728240245],[139.7479725956822,35.78235659546365],[139.7479336140337,35.782294644607255],[139.748106804312,35.78222500249144],[139.7481409256396,35.78228064035504],[139.7480882489909,35.78230205530723],[139.74809233470455,35.782308728240245]]]}},{"type":"Feature","properties":{"height":6.3,"gml_id":"bldg_211c3ab8-a569-4496-88d3-3d7036e6cc2a"},"geometry":{"type":"Polygon","coordinates":[[[139.74776836837833,35.779182413313855],[139.74749957544645,35.7791857370609],[139.74749391107048,35.779104340498186],[139.74776668636554,35.77910047878302],[139.74776836837833,35.779182413313855]]]}},{"type":"Feature","properties":{"height":2.5,"gml_id":"bldg_38aba527-6f1f-4637-9b4c-74f317469c9e"},"geometry":{"type":"Polygon","coordinates":[[[139.74693374715727,35.78167929548798],[139.74695134265366,35.78167236768377],[139.7469909815741,35.781739276796465],[139.74697338606637,35.781746204606385],[139.74693374715727,35.78167929548798]]]}},{"type":"Feature","properties":{"height":8.5,"gml_id":"bldg_8fc38ded-17ed-42b3-a839-41e3b7797ff5"},"geometry":{"type":"Polygon","coordinates":[[[139.74947117523732,35.78157464154437],[139.74939108394085,35.78157954312638],[139.74938364733092,35.78149841585362],[139.7494312153509,35.78149547457412],[139.74943198094982,35.78150376758778],[139.74946450424346,35.78150171715427],[139.74947117523732,35.78157464154437]]]}},{"type":"Feature","properties":{"height":8.3,"gml_id":"bldg_ad171a57-0d37-4251-8bd8-2576b8f20b20"},"geometry":{"type":"Polygon","coordinates":[[[139.7484597675122,35.7806790652331],[139.74846754338378,35.78075226087494],[139.7484604629701,35.7807532473704],[139.74846352905496,35.78078254362282],[139.74841529725532,35.780785934729714],[139.74840235512167,35.780682089312684],[139.7484597675122,35.7806790652331]]]}},{"type":"Feature","properties":{"height":6.2,"gml_id":"bldg_b44615ef-0698-430b-a11e-0e537a227fd5"},"geometry":{"type":"Polygon","coordinates":[[[139.74617012428547,35.7795861550129],[139.74627609337335,35.779584879735964],[139.7462774523431,35.7796573498006],[139.74616949241167,35.77965835322869],[139.74617012428547,35.7795861550129]]]}},{"type":"Feature","properties":{"height":3.7,"gml_id":"bldg_89f2919d-08e3-4bfd-a137-38ba33f0c052"},"geometry":{"type":"Polygon","coordinates":[[[139.7482595928747,35.77825490504317],[139.7482646995365,35.778237512466404],[139.7483129145451,35.77824845298106],[139.7482228613797,35.77847039349588],[139.74808993472118,35.77844334877747],[139.7481800809599,35.7782381736666],[139.7482595928747,35.77825490504317]]]}},{"type":"Feature","properties":{"height":7.7,"gml_id":"bldg_a5a392f4-4cb0-40bb-a276-c95db253fa49"},"geometry":{"type":"Polygon","coordinates":[[[139.7468178719714,35.77867165545356],[139.7468015132946,35.77866064713027],[139.7467813617688,35.77867920058061],[139.74672709373993,35.778639952487865],[139.7468042661389,35.778570062744336],[139.7468756657505,35.7786215815736],[139.7468178719714,35.77867165545356]]]}},{"type":"Feature","properties":{"height":8.5,"gml_id":"bldg_0a37fd93-fd1b-477e-b081-e4320d8dc2f3"},"geometry":{"type":"Polygon","coordinates":[[[139.74811432850746,35.779839026955116],[139.7481064219262,35.77988868610651],[139.74802170292577,35.77987817029968],[139.74802916527432,35.77983022341644],[139.74811432850746,35.779839026955116]]]}},{"type":"Feature","properties":{"height":7.2,"gml_id":"bldg_f0578837-747d-4935-abd3-926bbc5f5f5d"},"geometry":{"type":"Polygon","coordinates":[[[139.74842637806572,35.780351668943254],[139.74849783911327,35.78034784354215],[139.7485078194275,35.78042843186483],[139.74843635830825,35.7804322572717],[139.74842637806572,35.780351668943254]]]}},{"type":"Feature","properties":{"height":7.2,"gml_id":"bldg_6f4738f3-5177-43f7-bd4b-6580352f8f3f"},"geometry":{"type":"Polygon","coordinates":[[[139.74798719038114,35.78215596390012],[139.748003679337,35.78214939569972],[139.74805182312016,35.782229199888384],[139.7479711487027,35.78226150134305],[139.74796143155336,35.7822454503022],[139.74791041519708,35.782265874863256],[139.7479019129184,35.78225162739325],[139.74791209470337,35.78224694757304],[139.7478875795764,35.7822078112914],[139.74787518506875,35.7822128500797],[139.74785719183623,35.78217795480101],[139.7479030064533,35.78216005036481],[139.74791471131113,35.78217925756974],[139.74794923845727,35.782165581472775],[139.74794371734518,35.78215647385338],[139.74797901927673,35.78214234761977],[139.74798719038114,35.78215596390012]]]}},{"type":"Feature","properties":{"height":7.6,"gml_id":"bldg_0bb9f7b2-28cf-460d-8761-dbce3dfe0455"},"geometry":{"type":"Polygon","coordinates":[[[139.74737497462525,35.780876953728345],[139.74749918460645,35.78088713764002],[139.7474890358716,35.78096410624453],[139.74736681529427,35.780955365915034],[139.74737497462525,35.780876953728345]]]}},{"type":"Feature","properties":{"height":2.4,"gml_id":"bldg_f4fdb82e-c6e6-4145-9900-d2ce076aec21"},"geometry":{"type":"Polygon","coordinates":[[[139.74949812563827,35.782350187381624],[139.749471465375,35.782351610963026],[139.74946600750803,35.782282112582514],[139.74949266774814,35.78228068900228],[139.74949812563827,35.782350187381624]]]}},{"type":"Feature","properties":{"height":7.3,"gml_id":"bldg_b00de698-8a9f-4545-80c5-c238cf24b798"},"geometry":{"type":"Polygon","coordinates":[[[139.74958575236445,35.78138399436072],[139.74958979183623,35.781434833679405],[139.7494993029768,35.78143954782144],[139.74949482734502,35.78138275924293],[139.74952303590655,35.78138133673495],[139.74952347222066,35.78138719585619],[139.74958575236445,35.78138399436072]]]}},{"type":"Feature","properties":{"height":10.1,"gml_id":"bldg_cd837be8-2515-438e-b39d-76cdd17908c1"},"geometry":{"type":"Polygon","coordinates":[[[139.73958709337987,35.77712049931007],[139.73950366785732,35.77714224709124],[139.7394646289961,35.77704261667255],[139.7395480544251,35.777020868917965],[139.73958709337987,35.77712049931007]]]}},{"type":"Feature","properties":{"height":8.0,"gml_id":"bldg_edb74a00-407f-4f18-b750-a4c440534dc5"},"geometry":{"type":"Polygon","coordinates":[[[139.74815094605142,35.780768171320865],[139.7480766180521,35.78076316118845],[139.74807975328466,35.78072755982652],[139.74810342344347,35.780728928639206],[139.74810944802226,35.78068080046749],[139.74815844830667,35.78068281816695],[139.74815094605142,35.780768171320865]]]}},{"type":"Feature","properties":{"height":6.8,"gml_id":"bldg_5dedada7-5ff4-4803-b999-4f97e44d4d07"},"geometry":{"type":"Polygon","coordinates":[[[139.74953892755408,35.78225989991297],[139.74961038959609,35.78225670480322],[139.74961926008746,35.782342069424885],[139.7495477979694,35.782345264539764],[139.74953892755408,35.78225989991297]]]}},{"type":"Feature","properties":{"height":5.1,"gml_id":"bldg_b32b9ff9-a515-4086-8948-2e2a51684adc"},"geometry":{"type":"Polygon","coordinates":[[[139.74812227802633,35.77767586623369],[139.7481513017835,35.77763487504943],[139.7481885612452,35.777650224504036],[139.74815798741278,35.777692656770604],[139.74812227802633,35.77767586623369]]]}},{"type":"Feature","properties":{"height":9.6,"gml_id":"bldg_10eb9b40-a9b0-4607-9edb-a27369f5b268"},"geometry":{"type":"Polygon","coordinates":[[[139.74622428351665,35.7807394800824],[139.74629960897326,35.78074259923272],[139.74629874782076,35.78082227852878],[139.74622331167393,35.780819159297735],[139.74622428351665,35.7807394800824]]]}},{"type":"Feature","properties":{"height":18.7,"gml_id":"bldg_553e4c4f-ffaa-45a9-bcbd-b79db4bf239c"},"geometry":{"type":"Polygon","coordinates":[[[139.73979605651047,35.77615837315073],[139.7398647853368,35.776218006295785],[139.73971488656088,35.776332722607584],[139.73973764885028,35.776352480046334],[139.7396683454295,35.7764055160282],[139.739642599662,35.77638323245227],[139.73965621682316,35.77637278731666],[139.7395904713899,35.77631577031526],[139.73979605651047,35.77615837315073]]]}},{"type":"Feature","properties":{"height":6.3,"gml_id":"bldg_2ec96770-9d59-4d31-82ec-7d679882359f"},"geometry":{"type":"Polygon","coordinates":[[[139.74822780644456,35.77850086285907],[139.74825253800208,35.77843976835938],[139.74828504961394,35.77844754302516],[139.74826275403692,35.77850629572668],[139.74822780644456,35.77850086285907]]]}},{"type":"Feature","properties":{"height":8.0,"gml_id":"bldg_76cca067-67ea-4ed8-bc77-207c6f27f91a"},"geometry":{"type":"Polygon","coordinates":[[[139.74713577136745,35.78123353942335],[139.74717693225816,35.78122257236997],[139.74726564260533,35.78122579063946],[139.7472627246264,35.78126472715147],[139.74723053419305,35.78126587587144],[139.74725271003715,35.78131961259333],[139.74717957131963,35.78133966046801],[139.74713577136745,35.78123353942335]]]}},{"type":"Feature","properties":{"height":3.9,"gml_id":"bldg_483c6e7f-f705-4565-93ca-b392300d6bcb"},"geometry":{"type":"Polygon","coordinates":[[[139.74854394289756,35.78203575625426],[139.74849423181522,35.7820772737234],[139.74849810014834,35.782080341064045],[139.74847983218226,35.78209556109829],[139.74845783801487,35.78207805926353],[139.7485257064471,35.782021321692845],[139.74854394289756,35.78203575625426]]]}},{"type":"Feature","properties":{"height":12.2,"gml_id":"bldg_490577c1-3d81-46ef-aed8-a02fc11003ab"},"geometry":{"type":"Polygon","coordinates":[[[139.74857346387802,35.781006608259794],[139.74861529206805,35.78099194562198],[139.7486987757691,35.78112549530635],[139.74865595064634,35.78114141916999],[139.74857346387802,35.781006608259794]]]}},{"type":"Feature","properties":{"height":7.9,"gml_id":"bldg_2c3280ae-3665-4967-9f4e-2b240b96c8ee"},"geometry":{"type":"Polygon","coordinates":[[[139.74928046746302,35.77958314125317],[139.74927424153626,35.77950805388338],[139.74937800456016,35.77950073524069],[139.7493805183418,35.77952958041209],[139.74939644751063,35.77952878030994],[139.74940181649933,35.77957736718654],[139.74928046746302,35.77958314125317]]]}},{"type":"Feature","properties":{"height":3.8,"gml_id":"bldg_3b3e987a-9fcd-4b7f-9679-48abc5fa41d4"},"geometry":{"type":"Polygon","coordinates":[[[139.74681375718464,35.78093811392483],[139.74680335573714,35.7809414414603],[139.7468442065474,35.78101240760553],[139.7465267204836,35.78113232967593],[139.7464554860567,35.781028802508175],[139.7464796127576,35.78101728257205],[139.74645687041777,35.780976434694395],[139.7465818094426,35.78092649959962],[139.74674328412772,35.78094833866719],[139.74680558454887,35.78092621013853],[139.74681375718464,35.78093811392483]]]}},{"type":"Feature","properties":{"height":7.1,"gml_id":"bldg_066bc8db-7d91-4785-8c6c-fe57f9c288c1"},"geometry":{"type":"Polygon","coordinates":[[[139.74760281733666,35.779972695140266],[139.74748867647017,35.77996080594533],[139.74750393239572,35.779866084246],[139.74761663708503,35.77987616968955],[139.74760281733666,35.779972695140266]]]}},{"type":"Feature","properties":{"height":2.9,"gml_id":"bldg_3ae40ddc-73ef-42b2-a5aa-b1a48d792bf6"},"geometry":{"type":"Polygon","coordinates":[[[139.74117527432122,35.77641316998671],[139.7411637538249,35.77642803355137],[139.74113821844486,35.776414764028324],[139.74114973883994,35.77639999060172],[139.74117527432122,35.77641316998671]]]}},{"type":"Feature","properties":{"height":7.9,"gml_id":"bldg_79a0facc-c928-495b-86bf-c30e1f6db6c7"},"geometry":{"type":"Polygon","coordinates":[[[139.7488859402913,35.78143650473777],[139.748967059493,35.78140086795722],[139.74900372542731,35.781456327097644],[139.74889903401177,35.78150231295395],[139.74886811091056,35.781455600973544],[139.74889168316986,35.78144516179251],[139.7488859402913,35.78143650473777]]]}},{"type":"Feature","properties":{"height":7.0,"gml_id":"bldg_e3827ad3-0392-40d1-bf98-754d458cbae3"},"geometry":{"type":"Polygon","coordinates":[[[139.74759329644212,35.77925908422322],[139.74763378280463,35.779257220231855],[139.74763966382025,35.77934303358858],[139.74751743030566,35.77934862497498],[139.74751220108683,35.779273988901764],[139.74759405873232,35.7792702615909],[139.74759329644212,35.77925908422322]]]}},{"type":"Feature","properties":{"height":5.1,"gml_id":"bldg_b05729df-924f-451e-b1b3-7c9ba5fb886b"},"geometry":{"type":"Polygon","coordinates":[[[139.73855568122522,35.776072944875025],[139.738584717042,35.77611866656357],[139.7385052585787,35.776153576596585],[139.73848372843923,35.7761211107596],[139.73847863776948,35.7761233601376],[139.73847013600653,35.776110644295485],[139.73855568122522,35.776072944875025]]]}},{"type":"Feature","properties":{"height":2.1,"gml_id":"bldg_557d071a-5273-4b02-84e5-f816cc66c0a1"},"geometry":{"type":"Polygon","coordinates":[[[139.74199531276608,35.775120569626914],[139.7420428664493,35.77508063413863],[139.7420651890029,35.775098227549634],[139.7420045178457,35.77514928845505],[139.74198214998253,35.77513165984557],[139.74199531276608,35.775120569626914]]]}},{"type":"Feature","properties":{"height":7.5,"gml_id":"bldg_2df77ceb-4d53-447b-be25-bfe2fa32cf1e"},"geometry":{"type":"Polygon","coordinates":[[[139.74786242890696,35.778215324270626],[139.74788028230105,35.778173333723714],[139.74792020232405,35.77818336714462],[139.74792363725544,35.778177781170996],[139.74799440526095,35.77819964424743],[139.74797100959066,35.77825262743212],[139.74786242890696,35.778215324270626]]]}},{"type":"Feature","properties":{"height":9.3,"gml_id":"bldg_25320b02-3cee-412d-ae01-3c4df3e266bd"},"geometry":{"type":"Polygon","coordinates":[[[139.74674063269276,35.782883278512216],[139.74674935684894,35.78289680513749],[139.7467692773658,35.78288825659427],[139.74679114318198,35.78292198305525],[139.74674289115438,35.78294276965004],[139.7467123012002,35.782895516553104],[139.74674063269276,35.782883278512216]]]}},{"type":"Feature","properties":{"height":4.5,"gml_id":"bldg_b3ae73e6-91de-4f85-bc4f-58fb5e6c31f2"},"geometry":{"type":"Polygon","coordinates":[[[139.7499881772216,35.7796844956254],[139.7499156075007,35.77969138575687],[139.74991046751677,35.779635047394706],[139.74998016133142,35.779628065137295],[139.7499881772216,35.7796844956254]]]}},{"type":"Feature","properties":{"height":9.2,"gml_id":"bldg_86a04444-5ac4-4dec-88fc-74fe33ea29b5"},"geometry":{"type":"Polygon","coordinates":[[[139.74030753896724,35.776324439323126],[139.74022642227308,35.776264165892016],[139.74028986703627,35.776207609761485],[139.74036302671047,35.77626201817781],[139.74034198900767,35.776280930413755],[139.740349724906,35.77628670508101],[139.74030753896724,35.776324439323126]]]}},{"type":"Feature","properties":{"height":7.3,"gml_id":"bldg_5a898913-3dd0-4374-af12-2ff38a799a75"},"geometry":{"type":"Polygon","coordinates":[[[139.7460595543594,35.78197530063349],[139.74603438214172,35.78193102576473],[139.7460499872635,35.78192355583406],[139.74604712187303,35.7819138191054],[139.74608574164262,35.78190050705604],[139.74609247783027,35.78191096767704],[139.74613475000507,35.781895765413104],[139.74616379817923,35.78193607710266],[139.7460595543594,35.78197530063349]]]}},{"type":"Feature","properties":{"height":7.3,"gml_id":"bldg_1d20ffd2-4fd7-4bda-bd64-7e63d11dc7ef"},"geometry":{"type":"Polygon","coordinates":[[[139.74578671973705,35.78040998691623],[139.74574445876343,35.78041563469026],[139.74572366634405,35.780311963534366],[139.74577588404014,35.78030497098218],[139.74579370653424,35.780393497176384],[139.74578374974755,35.78039484196313],[139.74578671973705,35.78040998691623]]]}},{"type":"Feature","properties":{"height":6.3,"gml_id":"bldg_96f94830-30b5-4a20-b0e7-929eaaabebac"},"geometry":{"type":"Polygon","coordinates":[[[139.74456308095753,35.782219013677135],[139.744637601684,35.78225070626998],[139.74453144628933,35.78241629721719],[139.74445703606796,35.782384604641024],[139.74456308095753,35.782219013677135]]]}},{"type":"Feature","properties":{"height":7.8,"gml_id":"bldg_fb1e0ffb-043b-454d-8dae-0ef9f4b83653"},"geometry":{"type":"Polygon","coordinates":[[[139.74650158099968,35.78085451344644],[139.74639866241148,35.780897163391074],[139.74636940043118,35.78085027169408],[139.74643546748146,35.78082291821258],[139.74643878024514,35.78082814847428],[139.74647563173994,35.78081285203479],[139.74650158099968,35.78085451344644]]]}},{"type":"Feature","properties":{"height":7.5,"gml_id":"bldg_bc22390d-d68b-4ba5-aabe-b8815b125bbf"},"geometry":{"type":"Polygon","coordinates":[[[139.7489874999971,35.78288911179553],[139.74895828929758,35.78279156455628],[139.7490260015866,35.782778181837514],[139.74905510184124,35.782875638847564],[139.7489874999971,35.78288911179553]]]}},{"type":"Feature","properties":{"height":9.7,"gml_id":"bldg_f1b9d7f1-6dce-406c-85ac-5e872a972544"},"geometry":{"type":"Polygon","coordinates":[[[139.73766342396019,35.779286026608915],[139.7375895214444,35.77929687421157],[139.73757730966187,35.7792416113224],[139.73765110151527,35.779230763639056],[139.73766342396019,35.779286026608915]]]}},{"type":"Feature","properties":{"height":6.8,"gml_id":"bldg_2ad66733-d49e-4ddd-93c1-4b19ca318353"},"geometry":{"type":"Polygon","coordinates":[[[139.7491878779399,35.779168993197246],[139.74892183594386,35.779186022671574],[139.7489106766452,35.77906946940137],[139.7491766076426,35.779052439873475],[139.7491878779399,35.779168993197246]]]}},{"type":"Feature","properties":{"height":7.4,"gml_id":"bldg_553e2c59-bcac-43a7-ac21-2d58a789428d"},"geometry":{"type":"Polygon","coordinates":[[[139.74690130480974,35.780277933181026],[139.74694399931053,35.78028039752138],[139.74694041518347,35.78032149680897],[139.7470087706905,35.780325421728705],[139.7470048492944,35.78037156837293],[139.74689390962018,35.780365359458585],[139.74690130480974,35.780277933181026]]]}},{"type":"Feature","properties":{"height":10.0,"gml_id":"bldg_7f08efc1-a198-42c6-95c1-a7194b58a6f8"},"geometry":{"type":"Polygon","coordinates":[[[139.74987839656612,35.78142764318411],[139.74987237750764,35.781365625680614],[139.74991043190303,35.78136321842235],[139.7499108951777,35.781343298765215],[139.7500104548714,35.78133813992027],[139.75001111038344,35.78134598217596],[139.7500331227444,35.781346177696754],[139.75003990580112,35.781418200778646],[139.74987839656612,35.78142764318411]]]}},{"type":"Feature","properties":{"height":7.0,"gml_id":"bldg_2ffdd647-9b3c-4826-a22e-f5568366f211"},"geometry":{"type":"Polygon","coordinates":[[[139.74999614589908,35.782223892969604],[139.75000591763353,35.782294025265664],[139.74997173439723,35.78229643523702],[139.74996064112315,35.782220713612574],[139.74997247931034,35.782218648699605],[139.749974019668,35.78222658170336],[139.74999614589908,35.782223892969604]]]}},{"type":"Feature","properties":{"height":7.6,"gml_id":"bldg_50a956c4-3085-4853-b955-7062d900928a"},"geometry":{"type":"Polygon","coordinates":[[[139.7468691173141,35.78058319952708],[139.74687738243972,35.78050965477129],[139.74711274814302,35.7805304648143],[139.74710181961936,35.78061221002134],[139.74694885388104,35.78059867002738],[139.7469499690971,35.780590288212196],[139.7468691173141,35.78058319952708]]]}},{"type":"Feature","properties":{"height":2.5,"gml_id":"bldg_9db6c09e-3439-4443-9240-ad18eb84c411"},"geometry":{"type":"Polygon","coordinates":[[[139.74629584398076,35.78034041119778],[139.74623235051686,35.78034108631316],[139.74623260723817,35.78030854752508],[139.74629565595905,35.78030994520789],[139.74629584398076,35.78034041119778]]]}},{"type":"Feature","properties":{"height":5.0,"gml_id":"bldg_82806e3c-fc99-477b-835b-ad313ee7a833"},"geometry":{"type":"Polygon","coordinates":[[[139.7496837285204,35.783207236042536],[139.74963272956313,35.78321089611742],[139.74963415390172,35.78322396677387],[139.74960362085343,35.783226198909205],[139.74960230657106,35.783213669142754],[139.749582283126,35.783215097369215],[139.74958129710956,35.783205992984755],[139.74956846442956,35.78320688540296],[139.7495636426121,35.78316361694582],[139.74961829232538,35.78315959889916],[139.74961763523075,35.7831532889482],[139.74964805763247,35.78315105673226],[139.7496497011309,35.78316611052484],[139.7496790171643,35.783164057802416],[139.7496837285204,35.783207236042536]]]}},{"type":"Feature","properties":{"height":10.1,"gml_id":"bldg_36cd905b-f94e-41dc-97b7-22a3a14c30c1"},"geometry":{"type":"Polygon","coordinates":[[[139.73755967601804,35.77955680171534],[139.7375498701387,35.77952452533694],[139.73755672978263,35.77952317876519],[139.73755584855223,35.77952011345069],[139.73759944065733,35.77951140500045],[139.7375967965295,35.77950256960014],[139.73766262738542,35.77948928190957],[139.73767606939927,35.77953336894368],[139.73755967601804,35.77955680171534]]]}},{"type":"Feature","properties":{"height":2.2,"gml_id":"bldg_dd7b73f6-91a3-4ec5-bd18-4f6f7fc26f94"},"geometry":{"type":"Polygon","coordinates":[[[139.74854292466392,35.78330711857806],[139.74852101922556,35.78330989733504],[139.7484979181431,35.78318864863161],[139.74851982354903,35.783185869878714],[139.74854292466392,35.78330711857806]]]}},{"type":"Feature","properties":{"height":3.0,"gml_id":"bldg_e5d63064-7d1b-4db4-88d7-a32e6129da28"},"geometry":{"type":"Polygon","coordinates":[[[139.74723515077426,35.78262665691168],[139.7472747681927,35.78261154248385],[139.74729872714082,35.782653382558586],[139.74725910980328,35.78266840685863],[139.74723515077426,35.78262665691168]]]}},{"type":"Feature","properties":{"height":7.3,"gml_id":"bldg_ddd3361e-1ac8-4880-91c1-6854b9b24faa"},"geometry":{"type":"Polygon","coordinates":[[[139.74945665197936,35.780657861692546],[139.74945840098832,35.780677692757465],[139.7494088425778,35.78068045238812],[139.74939625090974,35.78055767883117],[139.74941052106254,35.78055687756946],[139.7494154367751,35.78061582972181],[139.74942058831147,35.78066090114639],[139.74945665197936,35.780657861692546]]]}},{"type":"Feature","properties":{"height":10.5,"gml_id":"bldg_3b1b48d0-09b4-4d4d-a5d3-de3c79f5becf"},"geometry":{"type":"Polygon","coordinates":[[[139.74672106896682,35.77889160698405],[139.74676144797036,35.77888658845985],[139.74676584657354,35.77891047758241],[139.74677436490396,35.77890940208561],[139.7467832730287,35.77895691000213],[139.74677962232755,35.778957358053134],[139.7467849010536,35.778985664456606],[139.74674374771354,35.778990682431036],[139.74673868905387,35.77896345781244],[139.74673459590213,35.778963905543506],[139.74672106896682,35.77889160698405]]]}},{"type":"Feature","properties":{"height":45.0,"gml_id":"bldg_9b6f06e7-0580-4712-8bdb-de373ce33085"},"geometry":{"type":"Polygon","coordinates":[[[139.74775894738468,35.77827104467649],[139.7477415633046,35.77828788768013],[139.74775117936412,35.77829456456491],[139.7477148611706,35.77832960149915],[139.74769584998407,35.778316518287475],[139.74768820985548,35.778323903973636],[139.74760884924183,35.77826931533601],[139.74759135432538,35.77828633851031],[139.74757046412805,35.77827199203937],[139.74758950905897,35.778253617937786],[139.74748041609695,35.778178547210075],[139.7474584923533,35.77819962330985],[139.74743583377685,35.778184013652854],[139.74745919702127,35.77816149641393],[139.747435101477,35.77814498437367],[139.74742004261998,35.77815957559957],[139.74737273596455,35.77812700280915],[139.74749951753125,35.778004689085876],[139.74776169420286,35.77818505717818],[139.74775894738468,35.77827104467649]]]}},{"type":"Feature","properties":{"height":2.7,"gml_id":"bldg_da23f1e8-5ae0-4af9-aa19-cfb4be1d97e6"},"geometry":{"type":"Polygon","coordinates":[[[139.74739294492306,35.77969934412747],[139.74739457327905,35.779728008434866],[139.74733329297,35.779728325170716],[139.7473242521699,35.77970091746086],[139.74739294492306,35.77969934412747]]]}},{"type":"Feature","properties":{"height":17.8,"gml_id":"bldg_5600f86f-451f-4d7f-8612-df0fa0fa1531"},"geometry":{"type":"Polygon","coordinates":[[[139.74720395243293,35.78263051040305],[139.74717573327473,35.78264130646415],[139.74720013396984,35.782683777824204],[139.74720068589139,35.78268485984703],[139.747166380309,35.78269790493702],[139.74714297353216,35.78265696658827],[139.74697067080737,35.78272255184402],[139.74699065499175,35.782757358545894],[139.7469612184768,35.78276860436046],[139.74694322171584,35.78273722423531],[139.74689032467376,35.782757286468005],[139.74682264381693,35.78263925026275],[139.74717112193525,35.7825067306661],[139.74718017544714,35.78252260102334],[139.74719993872975,35.782557137126474],[139.7472351594245,35.78261863484694],[139.74720395243293,35.78263051040305]]]}},{"type":"Feature","properties":{"height":6.5,"gml_id":"bldg_c752c55d-a850-44e8-b2ff-03cc6c4e2d28"},"geometry":{"type":"Polygon","coordinates":[[[139.74694895697476,35.7816281093695],[139.74696433915966,35.78162208132984],[139.74701711733795,35.78171126337394],[139.74700184575613,35.781717291499646],[139.74694895697476,35.7816281093695]]]}},{"type":"Feature","properties":{"height":7.8,"gml_id":"bldg_e640b16f-a103-413e-904b-17a32fe4a850"},"geometry":{"type":"Polygon","coordinates":[[[139.74920512969112,35.781377509333794],[139.74921223796397,35.78145512109915],[139.74913247861977,35.78146002274129],[139.74912525971305,35.781382501029505],[139.74920512969112,35.781377509333794]]]}},{"type":"Feature","properties":{"height":9.1,"gml_id":"bldg_f4429fb9-e122-4c34-8c42-1f367efe1918"},"geometry":{"type":"Polygon","coordinates":[[[139.74604834318248,35.78099894319522],[139.7460851046175,35.781066211067355],[139.74606762038638,35.78107259801239],[139.74607115308663,35.78107900020704],[139.74603684860213,35.78109150416552],[139.74599655460264,35.78101774394661],[139.74604834318248,35.78099894319522]]]}},{"type":"Feature","properties":{"height":8.0,"gml_id":"bldg_f7d1ae50-a5ee-4196-bd58-8a4e0a3e012a"},"geometry":{"type":"Polygon","coordinates":[[[139.74656067952185,35.780114362063706],[139.74649498415152,35.78010566161988],[139.74651021531287,35.78003482598356],[139.74657082248007,35.78004343261264],[139.74657326950282,35.78003099565605],[139.7466652872361,35.78004314018518],[139.74665105026997,35.780115328592714],[139.7465622397747,35.78010363704528],[139.74656067952185,35.780114362063706]]]}},{"type":"Feature","properties":{"height":5.2,"gml_id":"bldg_a302d59c-3394-4889-afca-bdcc57302657"},"geometry":{"type":"Polygon","coordinates":[[[139.740251002957,35.776147369027214],[139.74028433037887,35.77611801057232],[139.74032886343028,35.77615427957872],[139.74029719681926,35.77618219715907],[139.740251002957,35.776147369027214]]]}},{"type":"Feature","properties":{"height":4.5,"gml_id":"bldg_7accdd82-10c6-412c-b45f-ced52fa1720b"},"geometry":{"type":"Polygon","coordinates":[[[139.73751149817136,35.77914673617599],[139.7374924256678,35.77909381133771],[139.73763482532465,35.77905958304539],[139.7376540084192,35.7791125980851],[139.73751149817136,35.77914673617599]]]}},{"type":"Feature","properties":{"height":8.0,"gml_id":"bldg_0a612a86-eb53-4e4a-95fb-13590cc51b09"},"geometry":{"type":"Polygon","coordinates":[[[139.74913855296072,35.77968561638005],[139.7490125569262,35.779692378415064],[139.74900634057107,35.77960845774349],[139.74914704824667,35.77960152574298],[139.7491516414638,35.77965137398645],[139.7491370394398,35.77965235525665],[139.74913855296072,35.77968561638005]]]}},{"type":"Feature","properties":{"height":12.9,"gml_id":"bldg_37866a89-1c55-4ae1-9c22-50f62d14f837"},"geometry":{"type":"Polygon","coordinates":[[[139.74701832489762,35.78223143700754],[139.7470371375881,35.78222423965822],[139.74705667998802,35.782258324949865],[139.7470378673887,35.78226543216661],[139.74701832489762,35.78223143700754]]]}},{"type":"Feature","properties":{"height":10.2,"gml_id":"bldg_e35a8f8a-0fd8-40aa-8723-53a6752a8f3b"},"geometry":{"type":"Polygon","coordinates":[[[139.74645038357394,35.78063517641796],[139.74648445215718,35.78063592211172],[139.74648422386903,35.7806424117142],[139.74651032828515,35.78064306151313],[139.74650792863363,35.78071363600009],[139.7464478660953,35.78071233072158],[139.74645038357394,35.78063517641796]]]}},{"type":"Feature","properties":{"height":2.1,"gml_id":"bldg_b16e8e8d-3ae3-45ca-b0b9-e7378faa9e28"},"geometry":{"type":"Polygon","coordinates":[[[139.74716881011958,35.78321393312154],[139.74719508799856,35.78325965070595],[139.74717749246494,35.783266308136895],[139.74715132511497,35.78322068076352],[139.74716881011958,35.78321393312154]]]}},{"type":"Feature","properties":{"height":10.2,"gml_id":"bldg_a3ed4f80-22f9-49ad-8f4a-693956fe9e7e"},"geometry":{"type":"Polygon","coordinates":[[[139.7467948629784,35.77887732853395],[139.74678199537837,35.77880899642486],[139.7468358708912,35.778802275010115],[139.74684873853627,35.778870607113575],[139.7467948629784,35.77887732853395]]]}},{"type":"Feature","properties":{"height":3.0,"gml_id":"bldg_d6db7adc-1dc3-4e1a-b5d8-5acf34b9d7f8"},"geometry":{"type":"Polygon","coordinates":[[[139.7491718488184,35.781258777396836],[139.7492360985041,35.781275948117646],[139.74921236473207,35.781334790097375],[139.74914822552492,35.78131770957702],[139.7491718488184,35.781258777396836]]]}},{"type":"Feature","properties":{"height":7.5,"gml_id":"bldg_274f3192-3571-4bd1-8b08-d8102a865f73"},"geometry":{"type":"Polygon","coordinates":[[[139.7483814048485,35.78228306386565],[139.74847173930613,35.78221642727597],[139.74852843175165,35.782267393902465],[139.74843809728355,35.78233403053416],[139.7483814048485,35.78228306386565]]]}},{"type":"Feature","properties":{"height":9.5,"gml_id":"bldg_9216c340-f3fe-45c9-97de-5d2419547f7a"},"geometry":{"type":"Polygon","coordinates":[[[139.74904481303864,35.779837970138445],[139.74903954154308,35.77980200231057],[139.7490487234301,35.77980110738932],[139.74904597759166,35.77978262765206],[139.74899818763748,35.77978719106714],[139.74898962193942,35.77972832646569],[139.74908166194848,35.77971937741464],[139.7490837486761,35.77973353017721],[139.7491023336604,35.779731740482205],[139.74910387160233,35.77974183675475],[139.7491422585127,35.77973807793624],[139.74915532755963,35.77982723126487],[139.74904481303864,35.779837970138445]]]}},{"type":"Feature","properties":{"height":7.2,"gml_id":"bldg_7c8a9d28-748d-4097-8e11-67f8d39f5a77"},"geometry":{"type":"Polygon","coordinates":[[[139.74665123407797,35.78086309416034],[139.7466464241017,35.78091239489594],[139.74653692268217,35.78090528533257],[139.74653960752462,35.780877615624576],[139.74653385592796,35.780877250930764],[139.74653587051532,35.78085561982781],[139.74665123407797,35.78086309416034]]]}},{"type":"Feature","properties":{"height":3.0,"gml_id":"bldg_634aeb46-2024-47e1-8552-617157961109"},"geometry":{"type":"Polygon","coordinates":[[[139.74772431053256,35.777769505002304],[139.74775073600023,35.77777934860177],[139.74770995340177,35.77785187881208],[139.74768363852613,35.77784203528254],[139.74772431053256,35.777769505002304]]]}},{"type":"Feature","properties":{"height":4.0,"gml_id":"bldg_e053664b-2038-41bc-9754-b74c5eab5ae7"},"geometry":{"type":"Polygon","coordinates":[[[139.74691232807558,35.783277114415796],[139.74694707778752,35.78326280782013],[139.74697821672686,35.783314117351665],[139.7468930012214,35.78335029064674],[139.74687158181888,35.78331277883157],[139.7469206100248,35.78329046043879],[139.74691232807558,35.783277114415796]]]}},{"type":"Feature","properties":{"height":10.0,"gml_id":"bldg_73f79bc1-0806-4524-92f4-9a434ef30a1f"},"geometry":{"type":"Polygon","coordinates":[[[139.74679220320155,35.77888201367556],[139.7468294846582,35.7788773534422],[139.74683432387593,35.77890295545723],[139.74684936921648,35.77890107342837],[139.74685926684592,35.778954170463294],[139.74685351421493,35.77895488741219],[139.74685890328675,35.77898346429885],[139.74681797107985,35.77898857259336],[139.74681368219044,35.77896549477308],[139.74680792955823,35.778966211719805],[139.74679220320155,35.77888201367556]]]}},{"type":"Feature","properties":{"height":7.9,"gml_id":"bldg_ae4b20cc-0a81-4605-bf68-2cbc9dd048f3"},"geometry":{"type":"Polygon","coordinates":[[[139.73894766123155,35.77646155781375],[139.73901753602283,35.77658077204541],[139.73892358545308,35.77661738356437],[139.73885371077023,35.77649816927901],[139.73894766123155,35.77646155781375]]]}},{"type":"Feature","properties":{"height":4.2,"gml_id":"bldg_b2c7dc00-a730-4a34-bc1a-2d9505aa1584"},"geometry":{"type":"Polygon","coordinates":[[[139.74941450488498,35.78171305036208],[139.74940966002927,35.78169186510482],[139.7495391020069,35.78167203539077],[139.7495440576066,35.78169313058442],[139.74941450488498,35.78171305036208]]]}},{"type":"Feature","properties":{"height":7.5,"gml_id":"bldg_34a0595e-4696-43ab-9a78-afaaa05c8c39"},"geometry":{"type":"Polygon","coordinates":[[[139.74875706379333,35.780400485085224],[139.74875827052898,35.780409950178466],[139.7487091532863,35.7804140618662],[139.74870357766864,35.78035204460642],[139.7487747088647,35.78034632595973],[139.74877940992886,35.780398607949834],[139.74875706379333,35.780400485085224]]]}},{"type":"Feature","properties":{"height":7.3,"gml_id":"bldg_d6700e59-7ac7-4259-baff-d7a91cccc91b"},"geometry":{"type":"Polygon","coordinates":[[[139.7493475313815,35.78260246207291],[139.74934292649834,35.78256343012879],[139.74940255416783,35.7825588748424],[139.74940123898028,35.78254724642807],[139.74942911648128,35.782545463169086],[139.74943481545802,35.78259603323405],[139.7493475313815,35.78260246207291]]]}},{"type":"Feature","properties":{"height":7.4,"gml_id":"bldg_4681100e-f3de-447c-89c0-9d156c3a31db"},"geometry":{"type":"Polygon","coordinates":[[[139.74942625815777,35.78084433116669],[139.74945690044177,35.78084254982939],[139.7494594144825,35.7808712147216],[139.7494286615724,35.78087299598234],[139.74942625815777,35.78084433116669]]]}},{"type":"Feature","properties":{"height":6.4,"gml_id":"bldg_a73b2a2c-7a9b-4e0b-a5b9-db0226ebac1f"},"geometry":{"type":"Polygon","coordinates":[[[139.74000534602158,35.77623776504211],[139.74009280720136,35.776169059327984],[139.74015170354696,35.77621885989236],[139.7400642423631,35.77628756564875],[139.74000534602158,35.77623776504211]]]}},{"type":"Feature","properties":{"height":15.1,"gml_id":"bldg_e24fb272-e07d-4e36-a111-d1cbccf5a500"},"geometry":{"type":"Polygon","coordinates":[[[139.7478819268032,35.778910644837566],[139.74788617926325,35.778864678659744],[139.74787965689444,35.77886115873362],[139.7478718099751,35.778855023931015],[139.74786484988525,35.77884708704445],[139.74786043445957,35.77883861115193],[139.747859008848,35.77882707277093],[139.74786256040503,35.77881589847004],[139.74787053471667,35.77880634975444],[139.7478820456296,35.778799597757526],[139.7478956543166,35.77879645267731],[139.74790981182153,35.77879727395558],[139.74803012544737,35.77882782521767],[139.74800805166777,35.77888576680421],[139.74799223515262,35.77888476408885],[139.74798921384277,35.77891730092704],[139.7478819268032,35.778910644837566]]]}},{"type":"Feature","properties":{"height":3.4,"gml_id":"bldg_d520cfb0-54ed-474b-b19e-2d4b51d05751"},"geometry":{"type":"Polygon","coordinates":[[[139.74663840407507,35.779639222872326],[139.7466376516031,35.77961912207483],[139.74665435648018,35.779617060995704],[139.74665654517008,35.779638785270386],[139.74663840407507,35.779639222872326]]]}},{"type":"Feature","properties":{"height":13.3,"gml_id":"bldg_e5be8e36-b5ac-48af-974e-1f1c3e54a657"},"geometry":{"type":"Polygon","coordinates":[[[139.7400128126681,35.77590598124689],[139.7399932173086,35.775921108841764],[139.7399748739298,35.77590604193797],[139.7398199862769,35.77603121025817],[139.73983866116396,35.77604654785014],[139.73980588992308,35.776073112406976],[139.73970798505428,35.77599263516554],[139.739910145213,35.77583099875134],[139.7400128126681,35.77590598124689]]]}},{"type":"Feature","properties":{"height":7.1,"gml_id":"bldg_6be507c4-6a58-4f4d-a424-bc28629da158"},"geometry":{"type":"Polygon","coordinates":[[[139.74906594155593,35.781304221735404],[139.74909321391675,35.78135138178711],[139.74900689863568,35.78138440107587],[139.74897631402993,35.7813313798643],[139.74902057833822,35.78131437526832],[139.74902400114613,35.78132032662084],[139.74906594155593,35.781304221735404]]]}},{"type":"Feature","properties":{"height":7.6,"gml_id":"bldg_bce52ecc-6fcf-4238-86aa-14e1f8670bf0"},"geometry":{"type":"Polygon","coordinates":[[[139.7462105121542,35.78220931206683],[139.74618257632315,35.78216323251585],[139.74626856352884,35.78212859258093],[139.7462964993975,35.78217467211227],[139.7462105121542,35.78220931206683]]]}},{"type":"Feature","properties":{"height":8.8,"gml_id":"bldg_a07f4643-b251-4c4b-9f48-9c2ffce2b7a0"},"geometry":{"type":"Polygon","coordinates":[[[139.74955944921294,35.77978010209301],[139.74955703519245,35.779761532462736],[139.74957506682108,35.7797600127162],[139.74957615338735,35.77977867155727],[139.74955944921294,35.77978010209301]]]}},{"type":"Feature","properties":{"height":14.3,"gml_id":"bldg_c76c81af-aeb6-4bc9-96d5-de46cf7d618b"},"geometry":{"type":"Polygon","coordinates":[[[139.7419651117387,35.77498205673067],[139.74156522025848,35.77531164905846],[139.7415024525433,35.77526175608693],[139.74190046577795,35.7749303598224],[139.7419651117387,35.77498205673067]]]}},{"type":"Feature","properties":{"height":3.0,"gml_id":"bldg_7c39cb24-b7b4-45a8-9d6d-66c7ed0510b1"},"geometry":{"type":"Polygon","coordinates":[[[139.739333684633,35.77665159582713],[139.7393513902868,35.77664466921486],[139.73937225387058,35.77668001871606],[139.73935454821074,35.776686945331356],[139.739333684633,35.77665159582713]]]}},{"type":"Feature","properties":{"height":36.1,"gml_id":"bldg_39b4fc5e-e8ed-4d6d-bec7-ae3d3bf4da2d"},"geometry":{"type":"Polygon","coordinates":[[[139.73909810256123,35.77495073061645],[139.73920427408558,35.775054109314205],[139.73920028861883,35.775057170809845],[139.73920481894132,35.7750610501923],[139.7391947445597,35.775068793980275],[139.73919938538344,35.77507276358513],[139.73917204077526,35.77509365366974],[139.73919668098713,35.7751150351281],[139.73917885708278,35.775128721807135],[139.73915255946486,35.7751058968755],[139.7391246612656,35.77512723719437],[139.73914620766212,35.7751459121674],[139.73913380838644,35.77515545684407],[139.73910994157862,35.77513479706479],[139.73909610323685,35.77514533210322],[139.7391011859572,35.775149752736745],[139.73908402620398,35.775162989243306],[139.7390981694655,35.77517525878592],[139.7390668393168,35.7751992103382],[139.7390460664304,35.77518116690768],[139.73903211725204,35.775191882123224],[139.73904228279855,35.77520063325975],[139.73894231387814,35.775277170213776],[139.73893822545304,35.77527374184709],[139.7389168588356,35.775290129778156],[139.73890006366875,35.77527560473893],[139.7388862252749,35.77528613975289],[139.7388348455191,35.77524157234093],[139.7388414880377,35.77523643982328],[139.73881850528656,35.775216501766934],[139.73884230739728,35.775198313052016],[139.73883733529547,35.775193892494514],[139.73885517857178,35.775163891313746],[139.73887344272947,35.77515209787901],[139.73886593071435,35.775144250169845],[139.7388741354753,35.77512749136769],[139.73890557327678,35.77510606375044],[139.73890159600205,35.77510218479103],[139.7389071309415,35.77509831330026],[139.73889663541325,35.775088029585575],[139.73909810256123,35.77495073061645]]]}},{"type":"Feature","properties":{"height":17.2,"gml_id":"bldg_c089506a-e9ce-41bf-b6bc-6766b5bcaa20"},"geometry":{"type":"Polygon","coordinates":[[[139.74761777637463,35.783348826451544],[139.74759392670188,35.783307887879026],[139.7476193796089,35.78329799110564],[139.74764311896337,35.7833386591877],[139.74761777637463,35.783348826451544]]]}},{"type":"Feature","properties":{"height":4.8,"gml_id":"bldg_192f4984-8b29-44d3-8493-47836feae161"},"geometry":{"type":"Polygon","coordinates":[[[139.74113600512476,35.77603249674432],[139.7411575608706,35.77604369009692],[139.74109519597476,35.77612359266732],[139.74107364021617,35.77611239930366],[139.74113600512476,35.77603249674432]]]}},{"type":"Feature","properties":{"height":3.4,"gml_id":"bldg_da29517f-c4ab-4ee8-aed6-087c4c10cc37"},"geometry":{"type":"Polygon","coordinates":[[[139.74955940417132,35.77950672055982],[139.74954258991312,35.77950770033824],[139.74954139700105,35.779484985316465],[139.74955810064125,35.779484005461164],[139.74955940417132,35.77950672055982]]]}},{"type":"Feature","properties":{"height":3.0,"gml_id":"bldg_1d8132fa-888d-4014-bbb3-7ac8e0cfdc4f"},"geometry":{"type":"Polygon","coordinates":[[[139.74899414337298,35.78277842990554],[139.74896493351014,35.782784809045815],[139.74896041199048,35.78277173620759],[139.74898962184892,35.782765357068406],[139.74899414337298,35.78277842990554]]]}},{"type":"Feature","properties":{"height":3.9,"gml_id":"bldg_dac9a079-dbe7-4ab4-9e74-37038e13fcfb"},"geometry":{"type":"Polygon","coordinates":[[[139.74662291928433,35.77974007352539],[139.74655500087502,35.779741556842],[139.74655124743524,35.77963294064882],[139.74661949964798,35.7796295647258],[139.74662291928433,35.77974007352539]]]}},{"type":"Feature","properties":{"height":7.3,"gml_id":"bldg_8090be16-0d87-4374-b489-9198363d984c"},"geometry":{"type":"Polygon","coordinates":[[[139.73764064087547,35.778729510824846],[139.73767903474024,35.77871998698681],[139.7377057980233,35.778724064376476],[139.73775414826514,35.778713466802806],[139.73778258945697,35.77879434110732],[139.73773047727377,35.778805837058535],[139.73765838582804,35.778782614858066],[139.73765761402618,35.778780541123446],[139.73767033864405,35.778777035954526],[139.73766458939974,35.77877486812484],[139.73765640161128,35.778776934731745],[139.73764064087547,35.778729510824846]]]}},{"type":"Feature","properties":{"height":6.5,"gml_id":"bldg_43304813-6209-4f8a-839d-7d28c98c753e"},"geometry":{"type":"Polygon","coordinates":[[[139.74721174234412,35.78063860840305],[139.74710666876157,35.78062879845943],[139.74711414847008,35.78056534831848],[139.74722054963866,35.780574888799265],[139.74721174234412,35.78063860840305]]]}},{"type":"Feature","properties":{"height":6.5,"gml_id":"bldg_e81b366d-41ab-444c-a002-c04e8b25c20e"},"geometry":{"type":"Polygon","coordinates":[[[139.7486934413159,35.78187947623319],[139.74871740012048,35.78192194698013],[139.74858604586518,35.78197115867935],[139.74854055717051,35.78189072562349],[139.74866206262902,35.78184511246492],[139.74868359252432,35.781883164862265],[139.7486934413159,35.78187947623319]]]}},{"type":"Feature","properties":{"height":3.2,"gml_id":"bldg_c0a07a63-8ecc-46cb-ab4a-1e3de5f62d51"},"geometry":{"type":"Polygon","coordinates":[[[139.73909581725968,35.779137171813446],[139.73908488966072,35.779211344909484],[139.7390790278188,35.77921079950138],[139.73907646340305,35.77922801340506],[139.73904991940344,35.779225378663284],[139.7390521493259,35.77921041788977],[139.73901874808266,35.77920714681533],[139.73903012085447,35.77913072068252],[139.73909581725968,35.779137171813446]]]}},{"type":"Feature","properties":{"height":2.4,"gml_id":"bldg_378af2f8-900d-48fc-8404-2dd6bed53b1d"},"geometry":{"type":"Polygon","coordinates":[[[139.74958316599333,35.783217080967745],[139.74958536389659,35.783230873248435],[139.7495483025594,35.783234813399936],[139.74954610466241,35.78322102111858],[139.74958316599333,35.783217080967745]]]}},{"type":"Feature","properties":{"height":9.5,"gml_id":"bldg_17b6af55-97d9-4528-917f-259b2c09d674"},"geometry":{"type":"Polygon","coordinates":[[[139.73766309305543,35.77946990311141],[139.73773523421943,35.77945211361738],[139.73774118790854,35.77946834277026],[139.73772220733045,35.77952322030327],[139.7376835930454,35.77953175248587],[139.73766309305543,35.77946990311141]]]}},{"type":"Feature","properties":{"height":6.9,"gml_id":"bldg_3de5a492-4fb0-43bf-8066-d277249931fd"},"geometry":{"type":"Polygon","coordinates":[[[139.74716386050537,35.78103526112203],[139.74713017660116,35.78108787620226],[139.7471165778096,35.781081466822435],[139.74709385306596,35.781126428218165],[139.74703680030206,35.78110340270015],[139.74705996354007,35.78106213719133],[139.74704592064109,35.78105725979097],[139.74707330175278,35.78100256709335],[139.74716386050537,35.78103526112203]]]}},{"type":"Feature","properties":{"height":9.8,"gml_id":"bldg_2a2d44d1-fd2b-4b12-b10d-25471baacfc2"},"geometry":{"type":"Polygon","coordinates":[[[139.7399305815617,35.77613711553766],[139.7398598574774,35.77608117644321],[139.74003512289494,35.775933940630736],[139.74010584697206,35.775989879623474],[139.7399305815617,35.77613711553766]]]}},{"type":"Feature","properties":{"height":7.6,"gml_id":"bldg_7ad7b966-1a53-470b-8d37-a387483b6e32"},"geometry":{"type":"Polygon","coordinates":[[[139.74768554628062,35.7798791932626],[139.74768419600275,35.77990055445467],[139.74773739612732,35.77990536952242],[139.74773548168238,35.77993709591539],[139.74761635674105,35.779931242383775],[139.74761840884054,35.77987436823896],[139.74768554628062,35.7798791932626]]]}},{"type":"Feature","properties":{"height":7.8,"gml_id":"bldg_bde53091-71b8-402d-bc2c-c7af9fe816b1"},"geometry":{"type":"Polygon","coordinates":[[[139.7498532018314,35.782778488505784],[139.74983505966253,35.782779287131035],[139.74983734757302,35.78281281917309],[139.7496613449304,35.78282189067661],[139.74964974781892,35.7826993882884],[139.74966645316923,35.78269741692827],[139.74966699681283,35.7827064308694],[139.74975361453545,35.78270261526897],[139.74975306918375,35.78269522376835],[139.74982641220205,35.78269193970235],[139.74982924489984,35.782733404058696],[139.74985004197848,35.78273251714175],[139.7498532018314,35.782778488505784]]]}},{"type":"Feature","properties":{"height":9.4,"gml_id":"bldg_76032ac8-830b-418c-80a7-057daee1d607"},"geometry":{"type":"Polygon","coordinates":[[[139.74805781623263,35.78034627042986],[139.74805982654337,35.78032824472268],[139.74802940998816,35.78032596975954],[139.7480361109758,35.7802659441604],[139.74806199270597,35.78026785536383],[139.74806322110985,35.78025694981943],[139.74811752850385,35.78026095428304],[139.7481075887837,35.78035000127522],[139.74805781623263,35.78034627042986]]]}},{"type":"Feature","properties":{"height":7.3,"gml_id":"bldg_efe9cc68-15d7-4118-b1ae-1110c00f56b0"},"geometry":{"type":"Polygon","coordinates":[[[139.7378474749973,35.775500653779396],[139.73789849863928,35.775472662067514],[139.7379532811324,35.77553877501504],[139.73794907534693,35.775541025072656],[139.73795106337994,35.775543460314],[139.73790800864123,35.775567131856135],[139.73790579982415,35.77556433589599],[139.73790192596704,35.77556649607959],[139.7378474749973,35.775500653779396]]]}},{"type":"Feature","properties":{"height":9.5,"gml_id":"bldg_e3821b4a-8f3c-4201-a960-c2bbd3eeb2fa"},"geometry":{"type":"Polygon","coordinates":[[[139.74937800249643,35.78202768840793],[139.74938392462826,35.78207636578703],[139.74928192708325,35.782084677155474],[139.74927600501297,35.78203599977152],[139.74937800249643,35.78202768840793]]]}},{"type":"Feature","properties":{"height":2.4,"gml_id":"bldg_24f40d24-e80e-4edd-bbd6-6d0eb95c8f50"},"geometry":{"type":"Polygon","coordinates":[[[139.7479935467411,35.78272905075705],[139.74801490318742,35.78272230573868],[139.7480709707112,35.78284060344603],[139.74804961423797,35.7828473484742],[139.7479935467411,35.78272905075705]]]}},{"type":"Feature","properties":{"height":10.3,"gml_id":"bldg_59a819d6-fc2e-463f-9921-7e2964e4308c"},"geometry":{"type":"Polygon","coordinates":[[[139.74840472576437,35.780013194228665],[139.74837156009758,35.779787831626976],[139.74868805884208,35.779756867868414],[139.7487212253896,35.77998223038518],[139.74840472576437,35.780013194228665]]]}},{"type":"Feature","properties":{"height":7.6,"gml_id":"bldg_9f1bbfaa-5f31-41b6-b03b-82c01b4c36cb"},"geometry":{"type":"Polygon","coordinates":[[[139.74673640087667,35.781685463036965],[139.74676960823885,35.781766789293435],[139.74669934061708,35.78179089504466],[139.74669007377736,35.78176790378007],[139.7466365197816,35.781782286886056],[139.7466463411576,35.781803926519835],[139.7465704332987,35.781826856366365],[139.74653390644784,35.78174660928764],[139.74673640087667,35.781685463036965]]]}},{"type":"Feature","properties":{"height":7.5,"gml_id":"bldg_e390c9ea-0037-4081-9354-22336c571879"},"geometry":{"type":"Polygon","coordinates":[[[139.738542820606,35.77581866186823],[139.73846889850665,35.775848799049335],[139.73839173318765,35.775722728415204],[139.73846576570008,35.77569268150366],[139.738542820606,35.77581866186823]]]}},{"type":"Feature","properties":{"height":7.4,"gml_id":"bldg_ef4177ec-3786-4fa9-b44d-612b1aafdb14"},"geometry":{"type":"Polygon","coordinates":[[[139.7460975407173,35.7820355388005],[139.7460699413935,35.78198531322689],[139.7461269346868,35.78196182916859],[139.74613145983108,35.78197111642062],[139.74615746173765,35.78196473564224],[139.74616198885371,35.781972220181814],[139.7461784754616,35.78196790562079],[139.74619514356144,35.78200000598644],[139.7460975407173,35.7820355388005]]]}},{"type":"Feature","properties":{"height":2.3,"gml_id":"bldg_e10eef72-e21d-45e6-998b-eb12fb90e824"},"geometry":{"type":"Polygon","coordinates":[[[139.74649090066904,35.77969031350967],[139.74648862111246,35.77965047189646],[139.74652014722403,35.77964932289478],[139.74652276040064,35.779687542306156],[139.74649090066904,35.77969031350967]]]}},{"type":"Feature","properties":{"height":3.3,"gml_id":"bldg_620bb097-9baa-467c-ac80-8abd83d16c45"},"geometry":{"type":"Polygon","coordinates":[[[139.74629197185567,35.780543934716476],[139.74628134242838,35.780553481402485],[139.74626618919513,35.78055256907599],[139.74626467429974,35.78052165144817],[139.74629310266332,35.780521311484506],[139.74629197185567,35.780543934716476]]]}},{"type":"Feature","properties":{"height":11.3,"gml_id":"bldg_970607cc-f9d2-4a4b-972b-27e0c5945928"},"geometry":{"type":"Polygon","coordinates":[[[139.74624337173609,35.78129076355352],[139.7462329694324,35.78129481212398],[139.74606580553026,35.78101256635173],[139.74630981395254,35.78091954290775],[139.74637893678212,35.78103190193056],[139.74634186501706,35.78104620668828],[139.74638646923248,35.78112375560504],[139.74642431553022,35.78110927112222],[139.7464799674004,35.78119971738488],[139.7464209845564,35.781222388955214],[139.74624337173609,35.78129076355352]]]}},{"type":"Feature","properties":{"height":7.4,"gml_id":"bldg_0d36bb32-f9b4-4759-a82b-549b39c8a130"},"geometry":{"type":"Polygon","coordinates":[[[139.74934942542552,35.779224088887325],[139.74934692474662,35.77918280499893],[139.74937690205437,35.779181654166464],[139.74937635998296,35.779171198048964],[139.7493983728795,35.77917031205779],[139.7493981549698,35.77916715715685],[139.74946198130337,35.7791645877521],[139.74946535264982,35.779219482733325],[139.74934942542552,35.779224088887325]]]}},{"type":"Feature","properties":{"height":6.6,"gml_id":"bldg_e25a65c8-b280-44be-8224-e0ba440f962d"},"geometry":{"type":"Polygon","coordinates":[[[139.74716971597488,35.7789916193281],[139.74716079759807,35.778953395408394],[139.74722772943574,35.77894298760997],[139.74723664794058,35.778981121389215],[139.74716971597488,35.7789916193281]]]}},{"type":"Feature","properties":{"height":2.3,"gml_id":"bldg_922b61c1-85d2-4ee1-855f-8dd985c608a6"},"geometry":{"type":"Polygon","coordinates":[[[139.74681897882135,35.782550644303356],[139.74682946775678,35.78256885924585],[139.74677114819332,35.782591080781124],[139.7467607698858,35.78257286591327],[139.74681897882135,35.782550644303356]]]}},{"type":"Feature","properties":{"height":15.9,"gml_id":"bldg_a5d920f6-6da9-4c43-937f-bbf1f1adeccf"},"geometry":{"type":"Polygon","coordinates":[[[139.7456307272194,35.78254852168846],[139.74564236086292,35.78253140440288],[139.74565759390495,35.78256070958904],[139.7456307272194,35.78254852168846]]]}},{"type":"Feature","properties":{"height":5.3,"gml_id":"bldg_11ba4048-3804-4e0f-93cb-76eb47db436c"},"geometry":{"type":"Polygon","coordinates":[[[139.7450146814839,35.78056328397883],[139.74506929835763,35.78058757056899],[139.74500204412504,35.78068793231043],[139.74506417920887,35.780715559443685],[139.74501210415085,35.78079330827978],[139.74488363276924,35.780736067853645],[139.74500296210593,35.78055804750339],[139.7450146814839,35.78056328397883]]]}},{"type":"Feature","properties":{"height":5.7,"gml_id":"bldg_102b4572-db28-4231-bd5b-6ebef9a910cb"},"geometry":{"type":"Polygon","coordinates":[[[139.74838846203642,35.77887260588537],[139.74846365604841,35.77889375072431],[139.74845666983828,35.778910330759935],[139.74846219883204,35.778911866968635],[139.74844423448627,35.77895430819698],[139.74843560929804,35.77895186844492],[139.74843838131818,35.778945560903864],[139.7483661728417,35.7789253195155],[139.74838846203642,35.77887260588537]]]}},{"type":"Feature","properties":{"height":5.6,"gml_id":"bldg_d06ba787-abe6-4374-9c96-bcaa8fd0ed30"},"geometry":{"type":"Polygon","coordinates":[[[139.74869724082336,35.779755882838415],[139.74875919027266,35.77975042814477],[139.7487641212064,35.77979450795616],[139.74870128805566,35.77979879026664],[139.74869724082336,35.779755882838415]]]}},{"type":"Feature","properties":{"height":6.6,"gml_id":"bldg_2cdda719-8e0b-4482-9f82-bd2082650212"},"geometry":{"type":"Polygon","coordinates":[[[139.74955784326824,35.78257601875741],[139.7496202349556,35.78257281732304],[139.74962295427866,35.78261680540371],[139.74952438871358,35.78262178434726],[139.74952254492376,35.7825868104377],[139.74955584278996,35.782584940791224],[139.74955784326824,35.78257601875741]]]}},{"type":"Feature","properties":{"height":7.4,"gml_id":"bldg_ff0aca76-ab1f-45e6-b292-8634717b9a3c"},"geometry":{"type":"Polygon","coordinates":[[[139.74667391095878,35.781372016386605],[139.74679508708914,35.78132433175341],[139.74683539252612,35.781388357060024],[139.7467145462148,35.781437844683744],[139.74667391095878,35.781372016386605]]]}},{"type":"Feature","properties":{"height":2.2,"gml_id":"bldg_404a6fea-dd14-4e54-8e33-63a12b9392b9"},"geometry":{"type":"Polygon","coordinates":[[[139.7421718060625,35.77510551927092],[139.74221579295423,35.77513601848379],[139.74219940519274,35.77515168968505],[139.74215541829864,35.77512119046626],[139.7421718060625,35.77510551927092]]]}},{"type":"Feature","properties":{"height":9.6,"gml_id":"bldg_986389b8-411a-4a1f-b0f6-163637db302a"},"geometry":{"type":"Polygon","coordinates":[[[139.74886681866448,35.78288632302215],[139.74894138907538,35.78287321557505],[139.74895780571134,35.782935150269275],[139.7488854479874,35.78294789873772],[139.74886681866448,35.78288632302215]]]}},{"type":"Feature","properties":{"height":7.6,"gml_id":"bldg_a16072cb-8542-4c40-8620-601ac3bc0f05"},"geometry":{"type":"Polygon","coordinates":[[[139.74946454034782,35.78209922635282],[139.7494655250121,35.782109592637866],[139.74947835751686,35.78210870023024],[139.749484048354,35.782167021955665],[139.74942541757636,35.782170586486544],[139.7494152503834,35.78216147569275],[139.7494080114344,35.78210270220548],[139.74946454034782,35.78209922635282]]]}},{"type":"Feature","properties":{"height":9.2,"gml_id":"bldg_08d1187b-8e7c-44ed-8327-958614c541c8"},"geometry":{"type":"Polygon","coordinates":[[[139.7400373901889,35.77522394325631],[139.74000490165648,35.775198229365],[139.74001110177267,35.775193006303624],[139.73999971965156,35.775184074033334],[139.740057513275,35.77513562584513],[139.74010127321446,35.77517036203418],[139.7400373901889,35.77522394325631]]]}},{"type":"Feature","properties":{"height":9.9,"gml_id":"bldg_de5665a9-00a4-4767-bda3-6b251985349a"},"geometry":{"type":"Polygon","coordinates":[[[139.74726842513323,35.77977307619404],[139.7473526936542,35.77999631238952],[139.74726008384,35.780020312365245],[139.7472440458818,35.78001930939306],[139.7472369877729,35.77999965476468],[139.74721751505166,35.780003967334295],[139.74719866666433,35.77994221090321],[139.74721349485287,35.77993672324699],[139.74717181021677,35.77981861566177],[139.7471751543021,35.779794822240575],[139.74726842513323,35.77977307619404]]]}},{"type":"Feature","properties":{"height":3.8,"gml_id":"bldg_425e2356-4053-4c6a-bc8f-20f60de7abef"},"geometry":{"type":"Polygon","coordinates":[[[139.74956028852958,35.779401803247026],[139.749490930785,35.779404909661615],[139.74948877095193,35.779354972989786],[139.74955857025444,35.77935267810513],[139.74956028852958,35.779401803247026]]]}},{"type":"Feature","properties":{"height":7.7,"gml_id":"bldg_bbe25b6d-7dc9-4ba9-a5e1-de47f4aa681a"},"geometry":{"type":"Polygon","coordinates":[[[139.74981194818568,35.78330070566666],[139.7497885669432,35.78323389893049],[139.74981290856266,35.783228597837144],[139.74981566930933,35.78323310653557],[139.74985660708393,35.7832245720759],[139.74987094329006,35.78326685563292],[139.74985213390673,35.78327089867988],[139.74985863976036,35.783290642896915],[139.74981194818568,35.78330070566666]]]}},{"type":"Feature","properties":{"height":7.5,"gml_id":"bldg_3961e181-ff56-461b-b563-c986d30ddc72"},"geometry":{"type":"Polygon","coordinates":[[[139.74691107102439,35.77943057476884],[139.74688064937976,35.77943334710925],[139.74687331558934,35.77936195438113],[139.74695960021626,35.77935606742864],[139.74696846658279,35.77944233363879],[139.74691503641827,35.77944599081899],[139.74691107102439,35.77943057476884]]]}},{"type":"Feature","properties":{"height":7.3,"gml_id":"bldg_f92d0b9f-4a3a-476b-a4ab-41205d58f2ce"},"geometry":{"type":"Polygon","coordinates":[[[139.74603825416094,35.780716450732555],[139.74603835098063,35.78072906979467],[139.74607463248995,35.78072927639691],[139.74607325664923,35.78077362214116],[139.74596773070922,35.78077282443992],[139.74596724045387,35.78071540767114],[139.74603825416094,35.780716450732555]]]}},{"type":"Feature","properties":{"height":3.2,"gml_id":"bldg_bb01d8f1-77e3-4a90-b9f7-ab51ca00aa42"},"geometry":{"type":"Polygon","coordinates":[[[139.73990415676113,35.77612799130452],[139.73991973833643,35.77614017173039],[139.7399011376411,35.77615593103224],[139.7398855559601,35.776143840739614],[139.73990415676113,35.77612799130452]]]}},{"type":"Feature","properties":{"height":7.4,"gml_id":"bldg_58b3ac0d-f1d8-415b-82ea-5f2eca5abbf2"},"geometry":{"type":"Polygon","coordinates":[[[139.7463964599743,35.78180248423592],[139.7464323151041,35.78178835885552],[139.74642657344887,35.78177880032845],[139.74645014494493,35.781769443253964],[139.74650159789374,35.7818561909021],[139.7464422819362,35.78187958332467],[139.7463964599743,35.78180248423592]]]}},{"type":"Feature","properties":{"height":10.4,"gml_id":"bldg_d1401635-02ff-4a82-97e1-4a3b51b4e03b"},"geometry":{"type":"Polygon","coordinates":[[[139.745635430419,35.78320137743846],[139.74544408076892,35.783082438996075],[139.74541539879172,35.78311135156435],[139.74516733783815,35.78296046319577],[139.745189044747,35.7829371339822],[139.74515919838797,35.78291854416378],[139.74518544589796,35.78289044109187],[139.74523552151842,35.78292157457673],[139.74533154047091,35.78281898040563],[139.74546949722236,35.78290480025917],[139.74544778931278,35.782929121014654],[139.74562941548942,35.783037776902106],[139.74559696613878,35.78307254558164],[139.74565433788942,35.78310819099523],[139.74576389306137,35.783068971692],[139.74580297245893,35.7831414691815],[139.745635430419,35.78320137743846]]]}},{"type":"Feature","properties":{"height":6.7,"gml_id":"bldg_88ca1ab5-c2b8-40ad-a622-2c798fbf2b6f"},"geometry":{"type":"Polygon","coordinates":[[[139.74951176610188,35.78263340304594],[139.7496248252335,35.78262591040471],[139.74962688737497,35.782663678669],[139.74951515616965,35.78267063142387],[139.74951176610188,35.78263340304594]]]}},{"type":"Feature","properties":{"height":2.4,"gml_id":"bldg_dd09a930-1f37-4034-84bc-25a289a373ca"},"geometry":{"type":"Polygon","coordinates":[[[139.74705898141906,35.781766366292004],[139.74707923288557,35.78175835874688],[139.7471330051764,35.781849073757144],[139.74711264317307,35.78185699109629],[139.74705898141906,35.781766366292004]]]}},{"type":"Feature","properties":{"height":9.2,"gml_id":"bldg_6643f289-2ace-4ece-b7c0-1e4dd9b1d980"},"geometry":{"type":"Polygon","coordinates":[[[139.73842813346573,35.77636569523716],[139.7384635701802,35.77642359032521],[139.7384082390183,35.77644599045797],[139.738372912943,35.77638809544122],[139.73842813346573,35.77636569523716]]]}},{"type":"Feature","properties":{"height":9.7,"gml_id":"bldg_de148fb0-d9b7-4bef-8d84-a954d6b7742c"},"geometry":{"type":"Polygon","coordinates":[[[139.74040819680621,35.77508542130273],[139.74036302797,35.77512071960268],[139.74032059680368,35.775084632500146],[139.74032856775887,35.77507841929871],[139.74030989363342,35.77506254096658],[139.7403469808001,35.775033545939635],[139.74040819680621,35.77508542130273]]]}},{"type":"Feature","properties":{"height":7.6,"gml_id":"bldg_b850d3a5-013d-4f24-a027-63ef3c8e6009"},"geometry":{"type":"Polygon","coordinates":[[[139.74654016645675,35.780465155260856],[139.7466136113171,35.78046818272153],[139.74661057107866,35.780517574870785],[139.74660017378952,35.78051711669422],[139.7465975829511,35.78056010953507],[139.74653442478407,35.78055745003224],[139.74654016645675,35.780465155260856]]]}},{"type":"Feature","properties":{"height":7.3,"gml_id":"bldg_c21f6c0e-537d-4b58-b78d-964bd7617199"},"geometry":{"type":"Polygon","coordinates":[[[139.745716594639,35.78030501793641],[139.74573154672686,35.780388404315815],[139.7456812105071,35.7803944067277],[139.74567571352296,35.78036366646069],[139.7456435204615,35.780367518824185],[139.74563516464445,35.78032118300112],[139.74567366359818,35.780316524015525],[139.74567256428182,35.78031030385355],[139.745716594639,35.78030501793641]]]}},{"type":"Feature","properties":{"height":6.6,"gml_id":"bldg_1704e957-2169-4a23-8c61-3f5c370a88bd"},"geometry":{"type":"Polygon","coordinates":[[[139.74962178832587,35.78256831162281],[139.7495270941501,35.7825735636704],[139.74952403858222,35.782533811727625],[139.74961762804847,35.782527116743246],[139.74962178832587,35.78256831162281]]]}},{"type":"Feature","properties":{"height":5.6,"gml_id":"bldg_f6e7f6ee-277b-4d2d-9afd-57688b1dac4c"},"geometry":{"type":"Polygon","coordinates":[[[139.73987541929623,35.77818964294822],[139.73989681685043,35.77824184813849],[139.7397476649179,35.77828238335952],[139.73972637806193,35.778230178229286],[139.73987541929623,35.77818964294822]]]}},{"type":"Feature","properties":{"height":7.1,"gml_id":"bldg_2340afb5-d2d2-4321-b2f1-7fcd621dfb3d"},"geometry":{"type":"Polygon","coordinates":[[[139.74616089330888,35.77973333987453],[139.74615964033418,35.77966519639867],[139.74628629631184,35.77966204325731],[139.74628776806713,35.779732530417775],[139.74616089330888,35.77973333987453]]]}},{"type":"Feature","properties":{"height":12.9,"gml_id":"bldg_6b4c911d-53dd-43e8-b9b5-b97bc32255e0"},"geometry":{"type":"Polygon","coordinates":[[[139.7475855741198,35.77872484452326],[139.74762286406732,35.778712161973615],[139.74766421629027,35.77872778491207],[139.7476032730479,35.77882698087416],[139.7475400292325,35.778802328731174],[139.7475855741198,35.77872484452326]]]}},{"type":"Feature","properties":{"height":4.2,"gml_id":"bldg_7efc9b83-dafc-40d0-aff2-aa6d602ef332"},"geometry":{"type":"Polygon","coordinates":[[[139.74005863650547,35.776162723330565],[139.7400697093663,35.77615245644583],[139.7400836345787,35.77616229203723],[139.74007245100438,35.77617264897311],[139.74005863650547,35.776162723330565]]]}},{"type":"Feature","properties":{"height":7.5,"gml_id":"bldg_12eb4335-7152-4dab-898a-b30f40cf1334"},"geometry":{"type":"Polygon","coordinates":[[[139.74901861156607,35.78307219906569],[139.7490016367187,35.78301504117775],[139.74905529831096,35.78300390197957],[139.74905033686073,35.78298839517504],[139.74907821927914,35.78298210521985],[139.74910425155224,35.78305188842892],[139.74901861156607,35.78307219906569]]]}},{"type":"Feature","properties":{"height":6.9,"gml_id":"bldg_a7718f3e-f9c0-47f8-bd5d-5cc30047a0f9"},"geometry":{"type":"Polygon","coordinates":[[[139.7473013734617,35.78029994274428],[139.7473081985232,35.78022792923121],[139.74736383342426,35.78023175471341],[139.7473540923568,35.780340992173706],[139.74720178553085,35.78033232029804],[139.7472056984504,35.780293925308015],[139.7473013734617,35.78029994274428]]]}},{"type":"Feature","properties":{"height":7.0,"gml_id":"bldg_75c1701e-73e6-4af8-998e-c9e539b40cc4"},"geometry":{"type":"Polygon","coordinates":[[[139.74805227309452,35.77932214500678],[139.74810537032405,35.779319388442],[139.74810613499525,35.77932840255177],[139.74816166580976,35.77932555755107],[139.7481653744528,35.77937450385083],[139.74805674643275,35.77938001528424],[139.74805227309452,35.77932214500678]]]}},{"type":"Feature","properties":{"height":6.8,"gml_id":"bldg_4f31c295-52c3-47ec-aaf8-8725a99d7e37"},"geometry":{"type":"Polygon","coordinates":[[[139.74908062976155,35.78289918213372],[139.74903941146263,35.78275439543226],[139.74911608498067,35.78273984718058],[139.74915730341118,35.78288463385628],[139.74908062976155,35.78289918213372]]]}},{"type":"Feature","properties":{"height":7.4,"gml_id":"bldg_8ca45bbc-c769-4f4c-aae3-c6d2eae2853e"},"geometry":{"type":"Polygon","coordinates":[[[139.7463387409481,35.78147696269081],[139.7463348740039,35.781472723518085],[139.7463178333463,35.7814780291922],[139.74629244600132,35.78142816580811],[139.74632011383252,35.78141547670439],[139.74632353663975,35.78142124786227],[139.7463866119554,35.78139902997774],[139.74641045249277,35.78144726978259],[139.7463387409481,35.78147696269081]]]}},{"type":"Feature","properties":{"height":10.2,"gml_id":"bldg_ed2c016a-764e-46ac-aba8-b4a6459a03fc"},"geometry":{"type":"Polygon","coordinates":[[[139.7491961563508,35.779500608153086],[139.74919602161538,35.779523502520675],[139.7492634955371,35.77952372997945],[139.74926211974716,35.779674796409466],[139.74916876147225,35.77967518178715],[139.74917038421987,35.77949986903415],[139.7491961563508,35.779500608153086]]]}},{"type":"Feature","properties":{"height":7.5,"gml_id":"bldg_35b3d077-9358-4a5f-9b22-fa0055e116c6"},"geometry":{"type":"Polygon","coordinates":[[[139.7465232099575,35.7806985042417],[139.74653189906087,35.78064226586363],[139.7466123072392,35.780650436083405],[139.74661030207545,35.78066341417211],[139.74662921516278,35.7806653206583],[139.7466225310932,35.78070876122572],[139.7465232099575,35.7806985042417]]]}},{"type":"Feature","properties":{"height":6.9,"gml_id":"bldg_3a655e97-32a5-42f9-9662-e844f0015222"},"geometry":{"type":"Polygon","coordinates":[[[139.74895488414876,35.78276884798901],[139.74894099194046,35.78272566327496],[139.74907553363596,35.78269682408034],[139.74908942581695,35.7827400989147],[139.74895488414876,35.78276884798901]]]}},{"type":"Feature","properties":{"height":9.4,"gml_id":"bldg_869eb17b-bd16-4cb5-af9b-d881e0c03be8"},"geometry":{"type":"Polygon","coordinates":[[[139.74938314585637,35.782080601618375],[139.749387533099,35.782116208257925],[139.74936385909407,35.7821180845783],[139.74936495531028,35.78212754958566],[139.74928629985973,35.78213398440544],[139.7492808164553,35.78208891275421],[139.74938314585637,35.782080601618375]]]}},{"type":"Feature","properties":{"height":7.5,"gml_id":"bldg_aba38aea-cc95-4c4b-9588-a87567046919"},"geometry":{"type":"Polygon","coordinates":[[[139.74573441697055,35.78099862479909],[139.74571587552975,35.78096039377528],[139.74574807604407,35.78094996149577],[139.7457448755178,35.78094328912648],[139.7457952233436,35.7809270112328],[139.7457973202901,35.78093133927051],[139.74582819280678,35.78092144681674],[139.74584794849287,35.7809620222338],[139.74573441697055,35.78099862479909]]]}},{"type":"Feature","properties":{"height":3.3,"gml_id":"bldg_34d58c0c-afe7-49d4-af14-f7c686fb7009"},"geometry":{"type":"Polygon","coordinates":[[[139.74999882413206,35.78220145105206],[139.7500008005633,35.78221551358097],[139.74997159484462,35.782218197408326],[139.74996961841848,35.782204134878945],[139.74999882413206,35.78220145105206]]]}},{"type":"Feature","properties":{"height":6.6,"gml_id":"bldg_354b1c8c-ca64-48fc-893a-cdffcda8150d"},"geometry":{"type":"Polygon","coordinates":[[[139.74989162819318,35.78326759107229],[139.74987586062562,35.78321890689527],[139.74991746247366,35.783210012333235],[139.74991856526773,35.78321325798056],[139.7499604991515,35.783204183362706],[139.7499752745893,35.78324962195872],[139.74989162819318,35.78326759107229]]]}},{"type":"Feature","properties":{"height":3.8,"gml_id":"bldg_f1973c52-2008-4ebe-941f-2630ca3afc5a"},"geometry":{"type":"Polygon","coordinates":[[[139.74590790265083,35.78015318843579],[139.74593688464597,35.78015221800905],[139.74593495714805,35.78019521132008],[139.7459059751373,35.78019618174631],[139.74590790265083,35.78015318843579]]]}},{"type":"Feature","properties":{"height":11.0,"gml_id":"bldg_74a443ef-2be8-45e2-938b-42553bd3a6d3"},"geometry":{"type":"Polygon","coordinates":[[[139.74788715862192,35.78022365492899],[139.74782278662235,35.78021847144171],[139.7478347186629,35.7801285245311],[139.74796125120773,35.78013798853193],[139.74794908844183,35.78023694885772],[139.74788615422014,35.7802319466965],[139.74788715862192,35.78022365492899]]]}},{"type":"Feature","properties":{"height":7.2,"gml_id":"bldg_c2bf0edc-c755-48c4-be21-7a481c04ca11"},"geometry":{"type":"Polygon","coordinates":[[[139.7463944695108,35.781395520368314],[139.74645234701825,35.781372217063655],[139.74645698180234,35.781382405740025],[139.74652348614114,35.78136019026065],[139.7465444636682,35.78139653006726],[139.74642074340653,35.78144394220156],[139.7463944695108,35.781395520368314]]]}},{"type":"Feature","properties":{"height":15.8,"gml_id":"bldg_37393e09-3f41-441e-85b5-a12f0effbffe"},"geometry":{"type":"Polygon","coordinates":[[[139.74530831640587,35.78150938278499],[139.7453167767115,35.781561216972236],[139.74522284712464,35.78157611070536],[139.74521062533563,35.78152481456927],[139.74530831640587,35.78150938278499]]]}},{"type":"Feature","properties":{"height":2.8,"gml_id":"bldg_9145c010-11bc-4e73-ac8c-4cdefa8df6fa"},"geometry":{"type":"Polygon","coordinates":[[[139.74710930820896,35.782486856522915],[139.74709661115634,35.78246467405336],[139.74711166134736,35.78245891616463],[139.74709907472112,35.782436914045654],[139.7471589433068,35.782414152646886],[139.74718433763226,35.782458337300696],[139.74710930820896,35.782486856522915]]]}},{"type":"Feature","properties":{"height":2.0,"gml_id":"bldg_a6fa2824-e2a0-4e24-ac80-ab549881c14c"},"geometry":{"type":"Polygon","coordinates":[[[139.74157608716,35.77557665640121],[139.74165558085502,35.77550938563415],[139.74166983652609,35.775520483195145],[139.74159034283198,35.77558775397149],[139.74157608716,35.77557665640121]]]}},{"type":"Feature","properties":{"height":6.5,"gml_id":"bldg_c283977b-b1a7-48e0-80f9-9c696df38cec"},"geometry":{"type":"Polygon","coordinates":[[[139.73944815912975,35.77646870974865],[139.73951224909408,35.77642846909897],[139.73963862894908,35.77656223888837],[139.7395744283316,35.776602479518196],[139.73944815912975,35.77646870974865]]]}},{"type":"Feature","properties":{"height":14.0,"gml_id":"bldg_24ab2f64-c0d0-48c7-b3ab-b19a9e93311d"},"geometry":{"type":"Polygon","coordinates":[[[139.73983594093082,35.77657501144613],[139.73976455466646,35.77651753947754],[139.73988357452168,35.77641929395364],[139.73983064263444,35.7763767087543],[139.73994667281025,35.776280984641105],[139.74007088045323,35.77638095139958],[139.73983594093082,35.77657501144613]]]}},{"type":"Feature","properties":{"height":6.9,"gml_id":"bldg_02673ecb-0aca-4746-bf08-d6ffb67cb40d"},"geometry":{"type":"Polygon","coordinates":[[[139.74673044320818,35.780447175168284],[139.74677557082614,35.780450091998866],[139.74677154375524,35.78049155150404],[139.7466624854577,35.78048435223815],[139.7466668519612,35.780435952535356],[139.7467311145205,35.78044014507017],[139.74673044320818,35.780447175168284]]]}},{"type":"Feature","properties":{"height":4.8,"gml_id":"bldg_ec34eed3-c4de-4587-893e-7916fe713ac0"},"geometry":{"type":"Polygon","coordinates":[[[139.73978446013018,35.77831522137734],[139.73985366701027,35.77834601146083],[139.73981909569966,35.77839763233197],[139.73974988878823,35.77836684222879],[139.73978446013018,35.77831522137734]]]}},{"type":"Feature","properties":{"height":6.0,"gml_id":"bldg_5c25a434-5887-46cf-b147-a479dd29680a"},"geometry":{"type":"Polygon","coordinates":[[[139.74809329516765,35.77788577174409],[139.74795563503164,35.777838352851866],[139.74797215017065,35.777806456537064],[139.74810914544142,35.77785495656786],[139.74809329516765,35.77788577174409]]]}},{"type":"Feature","properties":{"height":9.0,"gml_id":"bldg_1ed04a98-08de-404e-9215-74ce83ba5ff3"},"geometry":{"type":"Polygon","coordinates":[[[139.7377495880634,35.779196500265606],[139.73778078518987,35.77919291963017],[139.73777661026978,35.77916921063107],[139.73781953395485,35.77916428726754],[139.7378240375995,35.779190610460745],[139.73781352787393,35.77919186401307],[139.73781605396363,35.779206918676714],[139.73780631863337,35.779208082707775],[139.73781082249175,35.779234225630105],[139.73779854273874,35.77923565804652],[139.73780348613636,35.77926423498129],[139.7377621111931,35.779268979298415],[139.7377495880634,35.779196500265606]]]}},{"type":"Feature","properties":{"height":6.1,"gml_id":"bldg_d66b0c45-5d71-431b-ad2e-ca42acb5a3f7"},"geometry":{"type":"Polygon","coordinates":[[[139.7389231991425,35.77797338475894],[139.73899865849833,35.77795433520655],[139.7390327317427,35.77804377653468],[139.73895738281513,35.77806291633047],[139.7389231991425,35.77797338475894]]]}},{"type":"Feature","properties":{"height":8.1,"gml_id":"bldg_ce40ee50-5a53-4787-869e-8be9989dc0f6"},"geometry":{"type":"Polygon","coordinates":[[[139.74820899585703,35.78068609884087],[139.74820375083166,35.78072936024389],[139.74823637840407,35.780732988762324],[139.74823135682993,35.780774177204215],[139.74815547972884,35.78076961670261],[139.74816309451703,35.78068246091495],[139.74820899585703,35.78068609884087]]]}},{"type":"Feature","properties":{"height":7.3,"gml_id":"bldg_f20e1af0-5281-40a9-bf10-d709bf38b3cb"},"geometry":{"type":"Polygon","coordinates":[[[139.7494447367047,35.77820643334869],[139.7494450605857,35.77821400497309],[139.7493925183306,35.77821568088939],[139.7493899209761,35.77816114698005],[139.74945783818123,35.778159481788876],[139.74946044362866,35.778206354168255],[139.7494447367047,35.77820643334869]]]}},{"type":"Feature","properties":{"height":7.6,"gml_id":"bldg_bdd3236f-22a7-48a8-9247-90f2eb088e54"},"geometry":{"type":"Polygon","coordinates":[[[139.74939885370006,35.779133807442136],[139.74935626589243,35.779135580424764],[139.74935561302166,35.779125304501065],[139.74933758238555,35.779126012994496],[139.74933551658168,35.77909194026358],[139.74931427808977,35.7790927366486],[139.74931177610526,35.77905271465724],[139.74939374358135,35.779049436876186],[139.74939885370006,35.779133807442136]]]}},{"type":"Feature","properties":{"height":7.0,"gml_id":"bldg_671e0552-fb85-4906-a9de-033c3837e5c8"},"geometry":{"type":"Polygon","coordinates":[[[139.74023935938322,35.7774063756214],[139.74029028847625,35.77745986550451],[139.74021667821714,35.777506408689675],[139.74016574924903,35.77745282864022],[139.74023935938322,35.7774063756214]]]}},{"type":"Feature","properties":{"height":9.3,"gml_id":"bldg_89cff88f-27db-4aa7-b495-bbc9852e68f1"},"geometry":{"type":"Polygon","coordinates":[[[139.7401813198597,35.7752935494729],[139.74021298437157,35.77526716422455],[139.74030282470002,35.77533889166036],[139.74027116018934,35.77536527693207],[139.7401813198597,35.7752935494729]]]}},{"type":"Feature","properties":{"height":7.2,"gml_id":"bldg_0344bd18-01a2-43f0-b79a-95ead13d16b9"},"geometry":{"type":"Polygon","coordinates":[[[139.7491912466306,35.782060547526626],[139.74920435447453,35.782113286045444],[139.74910179465132,35.78213024988882],[139.74908868687243,35.78207751135908],[139.7491912466306,35.782060547526626]]]}},{"type":"Feature","properties":{"height":9.5,"gml_id":"bldg_7d62527a-e271-43d0-b24f-831a36b11cce"},"geometry":{"type":"Polygon","coordinates":[[[139.74863191666444,35.778041546247714],[139.74863112823667,35.778054885775745],[139.74854872303828,35.77805464743739],[139.74854941418067,35.77792458211108],[139.74868767764997,35.7779250400484],[139.7486934187129,35.77803951642698],[139.74863191666444,35.778041546247714]]]}},{"type":"Feature","properties":{"height":7.9,"gml_id":"bldg_db898fc6-1023-4e4a-9f7b-ef0bd9ac738a"},"geometry":{"type":"Polygon","coordinates":[[[139.7494844348515,35.78200964540106],[139.749495531052,35.782082122190864],[139.7494075811883,35.78209107440793],[139.7493895633063,35.78197379536603],[139.74948791214652,35.78196376878498],[139.74949483396094,35.78200857102368],[139.7494844348515,35.78200964540106]]]}},{"type":"Feature","properties":{"height":8.2,"gml_id":"bldg_479d4421-5bb5-4c63-8f88-67abd6e46cc3"},"geometry":{"type":"Polygon","coordinates":[[[139.7485838234779,35.778124347072016],[139.74862839899464,35.778125189697526],[139.74862862968223,35.778116266426],[139.74866723323333,35.77811611333806],[139.74866788982996,35.77812278384189],[139.74867972514946,35.77812288230913],[139.74867965960408,35.778184715350825],[139.74858441951818,35.778188073429426],[139.7485838234779,35.778124347072016]]]}},{"type":"Feature","properties":{"height":9.2,"gml_id":"bldg_d34e9f5a-a9e4-4d36-b0c9-8c29857b2514"},"geometry":{"type":"Polygon","coordinates":[[[139.74584993010146,35.78107162862751],[139.7458875746487,35.78114042950759],[139.74583445805882,35.78115967990121],[139.74580233335385,35.781100888079706],[139.74581461661091,35.78109639023702],[139.74580920732083,35.781086471378735],[139.74584993010146,35.78107162862751]]]}},{"type":"Feature","properties":{"height":2.3,"gml_id":"bldg_01c88ecc-9e19-422d-ad5e-264276a14ecf"},"geometry":{"type":"Polygon","coordinates":[[[139.74145063495203,35.7756926554406],[139.74134156320503,35.775607213526],[139.74137034926858,35.77558289889413],[139.7414794210133,35.77566834078297],[139.74145063495203,35.7756926554406]]]}},{"type":"Feature","properties":{"height":7.3,"gml_id":"bldg_67a95d46-ec89-42b5-a48b-3968ce85acca"},"geometry":{"type":"Polygon","coordinates":[[[139.74569095500559,35.780687264583975],[139.74563775022898,35.78068632444112],[139.74563783239032,35.78061151190591],[139.74569059515258,35.78061200104828],[139.74569095500559,35.780687264583975]]]}},{"type":"Feature","properties":{"height":6.7,"gml_id":"bldg_5b96ad4d-13c3-496b-9d25-a3c70c8ca259"},"geometry":{"type":"Polygon","coordinates":[[[139.74592299246996,35.78031300993567],[139.74593319476412,35.78039053401961],[139.7458001093301,35.78040521947286],[139.74578990716333,35.780327695377984],[139.74592299246996,35.78031300993567]]]}},{"type":"Feature","properties":{"height":17.8,"gml_id":"bldg_8468e2b9-b199-4b9f-893e-fdbfb4c91832"},"geometry":{"type":"Polygon","coordinates":[[[139.74703645844585,35.78234087468041],[139.747008239465,35.78235158056728],[139.7470326398853,35.78239414209868],[139.74700065833815,35.782406287453554],[139.74697968063145,35.78236967732529],[139.74678491379507,35.78244380907021],[139.74680423510137,35.7824777139712],[139.74677579470858,35.78248850977954],[139.7467560317242,35.78245388347103],[139.74670390934034,35.78247376590919],[139.7466392100852,35.782360869474324],[139.747011369179,35.782219263704235],[139.74701832489762,35.78223143700754],[139.7470378673887,35.78226543216661],[139.74707308783033,35.78232692993718],[139.74703645844585,35.78234087468041]]]}},{"type":"Feature","properties":{"height":7.6,"gml_id":"bldg_d97e47f2-db84-4a13-8ec3-7fd8bc285f11"},"geometry":{"type":"Polygon","coordinates":[[[139.74707650991687,35.780080661869036],[139.74706492114177,35.780159251857],[139.7469952415227,35.780152441677274],[139.7470067197513,35.78007385161661],[139.74707650991687,35.780080661869036]]]}},{"type":"Feature","properties":{"height":6.3,"gml_id":"bldg_3326f734-8d87-40e9-99e5-10f3e89521de"},"geometry":{"type":"Polygon","coordinates":[[[139.73864279849815,35.77592203616519],[139.73860768782006,35.775869098846755],[139.73866091825306,35.77584561533741],[139.7386581579638,35.775841466921214],[139.73871802826864,35.77581510427012],[139.73875589929133,35.7758721899709],[139.73864279849815,35.77592203616519]]]}},{"type":"Feature","properties":{"height":2.7,"gml_id":"bldg_a142a537-163f-4659-bb99-13f05750a7d9"},"geometry":{"type":"Polygon","coordinates":[[[139.74964628873389,35.77755615455031],[139.74962505103136,35.77755659044844],[139.74962344090778,35.777509808895985],[139.74964467859792,35.77750937299815],[139.74964628873389,35.77755615455031]]]}},{"type":"Feature","properties":{"height":18.9,"gml_id":"bldg_626c8eac-9e5d-4ad1-b4aa-0f173be953f6"},"geometry":{"type":"Polygon","coordinates":[[[139.74177818730635,35.775656129865695],[139.74172248514665,35.77571395458589],[139.74169706392235,35.77569771078796],[139.74175265558455,35.7756397958595],[139.74177818730635,35.775656129865695]]]}},{"type":"Feature","properties":{"height":5.8,"gml_id":"bldg_35758153-c6d5-43ec-b837-20143d2e0b7a"},"geometry":{"type":"Polygon","coordinates":[[[139.74829234592494,35.77834749756602],[139.74844087535462,35.77836833371316],[139.74842197667758,35.778457374435376],[139.7482598439497,35.77843454565769],[139.7482737401236,35.77836911697426],[139.74829234592494,35.77834749756602]]]}},{"type":"Feature","properties":{"height":8.7,"gml_id":"bldg_27664ff1-8b9b-4e95-bb7d-24e1e2ed6e01"},"geometry":{"type":"Polygon","coordinates":[[[139.7473345440355,35.78041543025305],[139.74725380232917,35.78040897285478],[139.74725893616449,35.78036670290391],[139.7473396778285,35.78037316029873],[139.7473345440355,35.78041543025305]]]}},{"type":"Feature","properties":{"height":8.0,"gml_id":"bldg_00539bdb-5b50-4e16-a5ee-9b66b917b214"},"geometry":{"type":"Polygon","coordinates":[[[139.7468628445542,35.77973619017215],[139.7468465836738,35.77973680942875],[139.74684777406569,35.77976114691605],[139.74675031975303,35.779764501947604],[139.74674501315752,35.77965985061208],[139.74679423801174,35.779658173466395],[139.74679499765412,35.7796716943639],[139.74685948776238,35.77966948736124],[139.7468628445542,35.77973619017215]]]}},{"type":"Feature","properties":{"height":3.3,"gml_id":"bldg_f95d1d11-2494-4e19-92a5-dd76066d4f42"},"geometry":{"type":"Polygon","coordinates":[[[139.74568585396693,35.780900431689616],[139.74568101104015,35.7808784350605],[139.74593756825152,35.7808414858926],[139.7459423006316,35.78086348243125],[139.74568585396693,35.780900431689616]]]}},{"type":"Feature","properties":{"height":2.6,"gml_id":"bldg_1fa8608e-2b44-4e18-ad46-ce96aad78c29"},"geometry":{"type":"Polygon","coordinates":[[[139.74109098221786,35.77651586008118],[139.74107148773334,35.77653946068483],[139.74104573205227,35.77652537975193],[139.74106522664505,35.77650168901679],[139.74109098221786,35.77651586008118]]]}},{"type":"Feature","properties":{"height":4.0,"gml_id":"bldg_e75fe4d8-cf82-4afa-b439-34315c05c432"},"geometry":{"type":"Polygon","coordinates":[[[139.74866440447093,35.78203593126297],[139.74868140744223,35.782066138671695],[139.7486421227929,35.78208089325648],[139.7486250092165,35.782050685764375],[139.74866440447093,35.78203593126297]]]}},{"type":"Feature","properties":{"height":9.5,"gml_id":"bldg_a38f1724-978b-4441-9f53-129654098eec"},"geometry":{"type":"Polygon","coordinates":[[[139.7464662567475,35.77926251179757],[139.74636592061307,35.779271813391404],[139.7463532990872,35.779180947499285],[139.7464535244961,35.77917164583578],[139.7464662567475,35.77926251179757]]]}},{"type":"Feature","properties":{"height":8.7,"gml_id":"bldg_90f049a5-686c-41bb-a864-3a4ee14306fe"},"geometry":{"type":"Polygon","coordinates":[[[139.74790802636116,35.77912212169207],[139.74790865174043,35.779054520374835],[139.74800366742403,35.77905512864338],[139.748003286466,35.77910109757098],[139.7479897686928,35.77912263040676],[139.74790802636116,35.77912212169207]]]}},{"type":"Feature","properties":{"height":7.6,"gml_id":"bldg_32442c66-f84f-45e2-8921-49871742315e"},"geometry":{"type":"Polygon","coordinates":[[[139.74832289423767,35.77770575299247],[139.7483360504926,35.7777118013836],[139.74830336944655,35.777759550203854],[139.7481924804801,35.777709085893],[139.74823779078625,35.77764295835575],[139.74833552343682,35.77768737423555],[139.74832289423767,35.77770575299247]]]}},{"type":"Feature","properties":{"height":4.8,"gml_id":"bldg_7c929204-b7c3-45f1-89b8-db3f8808d7d2"},"geometry":{"type":"Polygon","coordinates":[[[139.73761885370988,35.77817290564205],[139.73752910537533,35.77820825750484],[139.7374949952373,35.77815090402987],[139.73758474363044,35.77811546205652],[139.73761885370988,35.77817290564205]]]}},{"type":"Feature","properties":{"height":4.0,"gml_id":"bldg_95d52860-048f-4dea-ab9d-52bf8a891e59"},"geometry":{"type":"Polygon","coordinates":[[[139.74583874059198,35.78310643245457],[139.74586330929802,35.783095994595584],[139.74588440105222,35.783129179843314],[139.74585983243745,35.783139527570995],[139.74583874059198,35.78310643245457]]]}},{"type":"Feature","properties":{"height":10.1,"gml_id":"bldg_32301869-be96-4304-bd92-0708c522ac66"},"geometry":{"type":"Polygon","coordinates":[[[139.74929272526566,35.77991773343812],[139.74919570828246,35.77992586794731],[139.7491678414136,35.77970853134255],[139.74926297912867,35.779699043506525],[139.74926539364827,35.77971707232915],[139.74929272526566,35.77991773343812]]]}},{"type":"Feature","properties":{"height":9.8,"gml_id":"bldg_0b6cab4f-7708-4ec8-9f36-93c3d8a6262b"},"geometry":{"type":"Polygon","coordinates":[[[139.73904548945654,35.776513102043644],[139.73899217344106,35.776421482346294],[139.73902503941935,35.776408708851754],[139.7390215072773,35.776402486717565],[139.73909620234883,35.77637370184121],[139.73910017629294,35.77638046513371],[139.73913226754956,35.7763680515456],[139.73918525250085,35.77645913010829],[139.73904548945654,35.776513102043644]]]}},{"type":"Feature","properties":{"height":3.3,"gml_id":"bldg_d343ac5a-9b1a-4a1c-aa60-b51865a6d5ad"},"geometry":{"type":"Polygon","coordinates":[[[139.74881304918392,35.783208429960304],[139.74881272410317,35.783202030102736],[139.7487735641423,35.78320299406498],[139.7487688966194,35.78311889424805],[139.74880916186308,35.78311874228476],[139.74880872730972,35.783111260722684],[139.74882742265535,35.78311046264108],[139.74883373577885,35.78320754314165],[139.74881304918392,35.783208429960304]]]}},{"type":"Feature","properties":{"height":6.9,"gml_id":"bldg_b21bf40d-df05-4a86-afbf-0b9e10427a9e"},"geometry":{"type":"Polygon","coordinates":[[[139.748639218428,35.77710152611979],[139.7486646203947,35.777137688426585],[139.74865915711774,35.7771786061932],[139.7486661150393,35.7771885260201],[139.74861620513707,35.77721183602171],[139.74856352362818,35.777136896123935],[139.748639218428,35.77710152611979]]]}},{"type":"Feature","properties":{"height":7.2,"gml_id":"bldg_bfc264b0-5cb5-420f-8593-89db5d52141d"},"geometry":{"type":"Polygon","coordinates":[[[139.73909448709475,35.77520265716353],[139.73909658608068,35.775204822065845],[139.73911285757998,35.77519446920516],[139.73920454932994,35.775289814473815],[139.73918019731855,35.775305388893464],[139.73916716147704,35.77529194846332],[139.73912011781653,35.775322016954384],[139.73908741800437,35.775288100298745],[139.7391323584163,35.77525947234463],[139.73911645052095,35.77524287490863],[139.7390313291968,35.775297250176806],[139.73899896093522,35.77526360416416],[139.73909448709475,35.77520265716353]]]}},{"type":"Feature","properties":{"height":7.9,"gml_id":"bldg_680ba759-483f-45e9-a5ce-fb172494cfa3"},"geometry":{"type":"Polygon","coordinates":[[[139.74634848901658,35.781870411819284],[139.74637255993542,35.78191035931583],[139.74630737836975,35.78193636136342],[139.74630097409985,35.781925810859065],[139.74624874025008,35.7819466845132],[139.7462310736406,35.781917287500605],[139.74634848901658,35.781870411819284]]]}},{"type":"Feature","properties":{"height":8.9,"gml_id":"bldg_5e9b2eeb-8346-4b03-8003-7a100b674e63"},"geometry":{"type":"Polygon","coordinates":[[[139.74829046730568,35.782292644104025],[139.7482493547113,35.78225791280393],[139.74832175893368,35.78220099828803],[139.74836287153036,35.782235729563716],[139.74829046730568,35.782292644104025]]]}},{"type":"Feature","properties":{"height":6.9,"gml_id":"bldg_eb2859e8-8492-44f2-9452-2faa64cc2fb4"},"geometry":{"type":"Polygon","coordinates":[[[139.74832714877414,35.78025533395426],[139.7482973910295,35.78025765644346],[139.74829640385155,35.78024981394259],[139.74824197710126,35.780254011820794],[139.74824120942853,35.78024779191675],[139.74821001360223,35.78025020350244],[139.74820562871523,35.78021297436897],[139.74819489826808,35.78021377799377],[139.74818843151868,35.78015797943837],[139.7482536993551,35.7801528878978],[139.74825282298895,35.780144865203496],[139.748293642972,35.780141739327235],[139.7482946290924,35.780150573319844],[139.7483148731158,35.78014905532684],[139.74832714877414,35.78025533395426]]]}},{"type":"Feature","properties":{"height":4.1,"gml_id":"bldg_6ccc583e-6476-42b8-b9b5-3e2fd6247bd5"},"geometry":{"type":"Polygon","coordinates":[[[139.7449416712033,35.782565864043136],[139.74489550596857,35.78259990136873],[139.74485594423936,35.78256435883102],[139.74490210947033,35.78253032152042],[139.7449416712033,35.782565864043136]]]}},{"type":"Feature","properties":{"height":11.5,"gml_id":"bldg_2fe2ebe6-c90a-4a2a-b607-2ba5e0433e14"},"geometry":{"type":"Polygon","coordinates":[[[139.7389264191327,35.778150143375356],[139.73894257212066,35.77814700130535],[139.7389956780313,35.778136497099304],[139.73898686415794,35.778106835543305],[139.73902846369447,35.77809866582329],[139.7390239468336,35.77808324907829],[139.73907439738272,35.77807328356914],[139.73908034666758,35.778093388490795],[139.7391002612725,35.77808952826206],[139.73912846579765,35.77818446323955],[139.73910246605342,35.7781895806047],[139.7391055507298,35.77820012889718],[139.73912048667614,35.77819725625679],[139.73912610552972,35.77821618915297],[139.73910619078808,35.778220139521444],[139.73915180268898,35.77837385659651],[139.73915466711225,35.778383593493764],[139.739138514191,35.778386645456465],[139.7390206850618,35.778409988387914],[139.7390045319172,35.77841322060382],[139.7389264191327,35.778150143375356]]]}},{"type":"Feature","properties":{"height":2.6,"gml_id":"bldg_16128857-e106-4484-a770-e1ad0ebe69fb"},"geometry":{"type":"Polygon","coordinates":[[[139.73816517576256,35.77584242986341],[139.73817834457773,35.77583703213998],[139.73818673479795,35.77585046900081],[139.7381736765893,35.775855866812655],[139.73816517576256,35.77584242986341]]]}},{"type":"Feature","properties":{"height":6.5,"gml_id":"bldg_66302c33-e1ab-4e39-9d1a-9efbdb3d924d"},"geometry":{"type":"Polygon","coordinates":[[[139.74023034484324,35.77754851264219],[139.7401590601294,35.777592623927774],[139.74006195521505,35.7774882616526],[139.74013323978392,35.77744424055937],[139.74023034484324,35.77754851264219]]]}},{"type":"Feature","properties":{"height":7.6,"gml_id":"bldg_3acad37d-e749-4d41-ab4d-a0a4cc1901ca"},"geometry":{"type":"Polygon","coordinates":[[[139.74788047658188,35.778405253002255],[139.74789156823067,35.77837677800415],[139.7478757589555,35.77836910523735],[139.7479044658167,35.778314503402754],[139.74793177368093,35.778326871387904],[139.7479339902512,35.77832281685572],[139.74797567705903,35.7783357358548],[139.74792525766142,35.77842087828802],[139.74788047658188,35.778405253002255]]]}},{"type":"Feature","properties":{"height":6.7,"gml_id":"bldg_0e29beeb-bd6c-4640-b9ec-14f5eb1aad05"},"geometry":{"type":"Polygon","coordinates":[[[139.74950702346194,35.78240941269562],[139.74950822984323,35.78241932845619],[139.74944450792805,35.7824253231093],[139.74944340970967,35.78241775095002],[139.74942725787787,35.78241936212298],[139.7494218752352,35.782383574520814],[139.74945052813572,35.78238071017022],[139.74944920972456,35.78237214636539],[139.74948461093422,35.78236865576426],[139.7494825240676,35.782354503014645],[139.7495203592252,35.78235065355753],[139.749529147678,35.782408707030456],[139.74950702346194,35.78240941269562]]]}},{"type":"Feature","properties":{"height":10.6,"gml_id":"bldg_2a042aef-830a-4d08-99c3-085ed02fad67"},"geometry":{"type":"Polygon","coordinates":[[[139.74661773562286,35.77880932877481],[139.7466587783628,35.77880422062792],[139.74666339756845,35.77882865072762],[139.7466739072068,35.778827306265946],[139.74668567446105,35.77889022945251],[139.74663401151625,35.7788965918522],[139.74661773562286,35.77880932877481]]]}},{"type":"Feature","properties":{"height":10.8,"gml_id":"bldg_5ff063ad-dcd5-4007-be2a-00c4bc5481c7"},"geometry":{"type":"Polygon","coordinates":[[[139.74522040369834,35.78138457067161],[139.74528645379277,35.78137335209254],[139.74530128447955,35.78146629279985],[139.74524397456474,35.78147607561906],[139.74522040369834,35.78138457067161]]]}},{"type":"Feature","properties":{"height":3.2,"gml_id":"bldg_3b23e6fd-199a-4e07-a635-916d9e4b8245"},"geometry":{"type":"Polygon","coordinates":[[[139.74956848420697,35.77939198416684],[139.74956873814682,35.779360797398844],[139.74958964392312,35.77936090209407],[139.74959082871814,35.77939136877855],[139.74956848420697,35.77939198416684]]]}},{"type":"Feature","properties":{"height":6.1,"gml_id":"bldg_029d47ab-dc06-4d37-918e-d88b7ac14ced"},"geometry":{"type":"Polygon","coordinates":[[[139.7475432122968,35.778825315601786],[139.74750742484204,35.778880813649145],[139.74748032150876,35.77888385891681],[139.74744250961302,35.77886751735856],[139.7474874891682,35.77880157015277],[139.7475432122968,35.778825315601786]]]}},{"type":"Feature","properties":{"height":4.5,"gml_id":"bldg_9c1d672e-60e4-4d10-86bb-0b38d1aceb41"},"geometry":{"type":"Polygon","coordinates":[[[139.7486480663323,35.77824977108016],[139.74861609940842,35.77824992883718],[139.74861591069597,35.77821928256784],[139.74864787760757,35.778219124810875],[139.7486480663323,35.77824977108016]]]}},{"type":"Feature","properties":{"height":2.7,"gml_id":"bldg_52216c7f-845c-4682-b2e6-ee34c08cd33b"},"geometry":{"type":"Polygon","coordinates":[[[139.74699442824092,35.7809046231731],[139.74698858483586,35.78088686225387],[139.747057071896,35.78087185875313],[139.74705828476726,35.78087546504945],[139.7470879366407,35.780868996551234],[139.7470925671935,35.780883151169775],[139.74699442824092,35.7809046231731]]]}},{"type":"Feature","properties":{"height":7.1,"gml_id":"bldg_65e2e3eb-8cfc-44dc-aa7e-f8ded9624917"},"geometry":{"type":"Polygon","coordinates":[[[139.74578144985577,35.77997030131175],[139.74578425222907,35.77983564066375],[139.7458709721022,35.779836875527906],[139.74586805926117,35.779971536097655],[139.74578144985577,35.77997030131175]]]}},{"type":"Feature","properties":{"height":8.5,"gml_id":"bldg_9a9d4238-e23b-4053-9a08-30252504c426"},"geometry":{"type":"Polygon","coordinates":[[[139.74606265565507,35.78136436350405],[139.74612451392883,35.781342415280555],[139.74611855298136,35.7813311440018],[139.7462047560252,35.78130065050343],[139.74623489267637,35.78135700711342],[139.7460867206651,35.78140944878851],[139.74606265565507,35.78136436350405]]]}},{"type":"Feature","properties":{"height":8.8,"gml_id":"bldg_d00ac4b9-7a32-49e9-a0b4-6ba6422fd629"},"geometry":{"type":"Polygon","coordinates":[[[139.7483196828109,35.77999510700691],[139.74830155724374,35.77987701646525],[139.74837136221396,35.779869854947975],[139.7483894877869,35.77998803561499],[139.7483196828109,35.77999510700691]]]}},{"type":"Feature","properties":{"height":7.1,"gml_id":"bldg_85f3cddf-3f0b-43b4-a195-04b4248ed2a4"},"geometry":{"type":"Polygon","coordinates":[[[139.74666956025368,35.78211923771622],[139.74654893602403,35.782166832478396],[139.7465250865656,35.78212652463608],[139.74656260175718,35.78211176946653],[139.74655917890317,35.78210599831606],[139.74664217717515,35.782073248805126],[139.74666956025368,35.78211923771622]]]}},{"type":"Feature","properties":{"height":2.5,"gml_id":"bldg_d5626b90-921f-4208-ab58-64b0ba8a19d7"},"geometry":{"type":"Polygon","coordinates":[[[139.7472993508152,35.779610583704745],[139.7472979393524,35.77958597565604],[139.74735457573138,35.77958385290461],[139.74735598730865,35.77960837081708],[139.7472993508152,35.779610583704745]]]}},{"type":"Feature","properties":{"height":8.2,"gml_id":"bldg_acffd7a7-d8d8-4803-b99e-04730055e3bb"},"geometry":{"type":"Polygon","coordinates":[[[139.7387844865608,35.77564281702907],[139.73885885120853,35.77561231945746],[139.73887585219688,35.775639914343714],[139.73888481580607,35.77563622581864],[139.73890954465693,35.77567626549889],[139.7388261057415,35.77571045153587],[139.7387844865608,35.77564281702907]]]}},{"type":"Feature","properties":{"height":9.9,"gml_id":"bldg_a41d68f8-c99e-418a-b750-16735ca22107"},"geometry":{"type":"Polygon","coordinates":[[[139.74946885181274,35.7827336039456],[139.7493586681019,35.78274154912604],[139.74935351845954,35.78269458486748],[139.74946370210606,35.78268663969163],[139.74946885181274,35.7827336039456]]]}},{"type":"Feature","properties":{"height":2.9,"gml_id":"bldg_de54705f-ddeb-47f2-a9bb-a3ba8be8bece"},"geometry":{"type":"Polygon","coordinates":[[[139.74859912643763,35.783300037478035],[139.74859318297965,35.78327182084115],[139.74864728345102,35.783264287559724],[139.74865322692756,35.783292504194],[139.74859912643763,35.783300037478035]]]}},{"type":"Feature","properties":{"height":7.2,"gml_id":"bldg_b9311d18-9896-4370-8125-65457a45999e"},"geometry":{"type":"Polygon","coordinates":[[[139.73916805509498,35.77641026308679],[139.7392320168082,35.77638507515022],[139.73924548454934,35.77640761961619],[139.73925168162373,35.7764051006642],[139.73926868185444,35.776433596848044],[139.73926005031885,35.77643701525379],[139.73927108934916,35.77645559184545],[139.73920945133787,35.776479970399684],[139.73916805509498,35.77641026308679]]]}},{"type":"Feature","properties":{"height":9.3,"gml_id":"bldg_ca9a06ed-7d70-4688-a5f2-b9c282ffdaf7"},"geometry":{"type":"Polygon","coordinates":[[[139.73991265820464,35.77746498089659],[139.73989780666986,35.777490387626386],[139.73984285817693,35.77746907289796],[139.73985770972521,35.77744366617488],[139.73991265820464,35.77746498089659]]]}},{"type":"Feature","properties":{"height":6.9,"gml_id":"bldg_44ce9e29-4ba4-4383-a894-d942ed7a2525"},"geometry":{"type":"Polygon","coordinates":[[[139.7478166122781,35.780509605241924],[139.74783353400474,35.780511780529665],[139.74783229678292,35.78053088841003],[139.7477192538862,35.7805258505253],[139.74772106401898,35.780488265243505],[139.74775247751117,35.780489279094816],[139.74775426531286,35.78047251513414],[139.74781775230613,35.78047796843567],[139.7478166122781,35.780509605241924]]]}},{"type":"Feature","properties":{"height":7.3,"gml_id":"bldg_d7b5a620-4118-45ad-bba4-3bfa6d7e737d"},"geometry":{"type":"Polygon","coordinates":[[[139.74643727817067,35.782614996342105],[139.74641243494193,35.78257297518536],[139.74652487045176,35.782528799806876],[139.746549713726,35.78257082094076],[139.74643727817067,35.782614996342105]]]}},{"type":"Feature","properties":{"height":9.2,"gml_id":"bldg_1e176779-75e7-48b1-9e4a-03ba9c3fea97"},"geometry":{"type":"Polygon","coordinates":[[[139.74033874621156,35.77754598257788],[139.74027543317632,35.77748860729903],[139.7403187189216,35.777456822882804],[139.74033661891474,35.77747306115182],[139.74034492183378,35.77746693834432],[139.7403904454932,35.77750807541407],[139.74033874621156,35.77754598257788]]]}},{"type":"Feature","properties":{"height":10.0,"gml_id":"bldg_fb9ea861-0531-42d9-a84a-f89b619452f0"},"geometry":{"type":"Polygon","coordinates":[[[139.74826791696174,35.78238186243195],[139.74825629475492,35.78238879465397],[139.74829662493886,35.78243118692647],[139.74819158133985,35.7824946582217],[139.74814285349322,35.78244360694516],[139.74812990308894,35.78245125929904],[139.74811576253833,35.78243394323814],[139.74819135828818,35.782392624528605],[139.74818528222025,35.78238522910473],[139.74823786086466,35.782352006273065],[139.74826791696174,35.78238186243195]]]}},{"type":"Feature","properties":{"height":9.3,"gml_id":"bldg_bf9472eb-3d2c-43e3-9d13-5303eca41937"},"geometry":{"type":"Polygon","coordinates":[[[139.7482689291376,35.782158597181414],[139.74820039987557,35.782212359661905],[139.748159840062,35.782177989264675],[139.74822825870484,35.78212422672868],[139.7482689291376,35.782158597181414]]]}},{"type":"Feature","properties":{"height":10.0,"gml_id":"bldg_adc20c1b-d274-43de-a843-d001bbceb943"},"geometry":{"type":"Polygon","coordinates":[[[139.74947316193547,35.77957759722963],[139.74940955346756,35.7795830511336],[139.74940520519257,35.779510488879744],[139.749468813603,35.77950503497796],[139.74947316193547,35.77957759722963]]]}},{"type":"Feature","properties":{"height":9.8,"gml_id":"bldg_9715c7fb-35af-475b-a21d-2d83b043ae63"},"geometry":{"type":"Polygon","coordinates":[[[139.74501109445706,35.78140613981951],[139.74500469179685,35.78139432734748],[139.74498963956108,35.781401977820636],[139.74494125934814,35.78133911772511],[139.74497457355497,35.78132210656995],[139.74490741578518,35.78123480590152],[139.74495268322792,35.781211674316665],[139.74494373613362,35.78120013037799],[139.74503958087735,35.78115351051951],[139.74512982314704,35.78127183471157],[139.745100604067,35.781286775794676],[139.74512932303557,35.78132402288418],[139.74511172516802,35.78133302354028],[139.74511890205022,35.78134492671031],[139.74501109445706,35.78140613981951]]]}},{"type":"Feature","properties":{"height":4.0,"gml_id":"bldg_40725aea-91c8-407c-a381-10c5d0385dd3"},"geometry":{"type":"Polygon","coordinates":[[[139.7485868065699,35.78021216195925],[139.7487256370038,35.78020324614567],[139.74872848193667,35.78023254223848],[139.7485896514522,35.78024145805524],[139.7485868065699,35.78021216195925]]]}},{"type":"Feature","properties":{"height":2.4,"gml_id":"bldg_de1e207c-760b-4e47-973b-512ff87d7543"},"geometry":{"type":"Polygon","coordinates":[[[139.74947295253213,35.778302357407355],[139.74949540753997,35.778301561842135],[139.74949649028343,35.778323826113535],[139.74947403536402,35.77832453154332],[139.74947295253213,35.778302357407355]]]}},{"type":"Feature","properties":{"height":13.1,"gml_id":"bldg_c4896355-c7c9-4c87-879b-4d6231e88186"},"geometry":{"type":"Polygon","coordinates":[[[139.74941206703076,35.78182238319561],[139.749369476652,35.7818252378071],[139.74936104439956,35.78174419997676],[139.74940363483012,35.78174125523258],[139.74941206703076,35.78182238319561]]]}},{"type":"Feature","properties":{"height":6.7,"gml_id":"bldg_fbedda08-7b12-4ffe-86a8-10ea7e2561da"},"geometry":{"type":"Polygon","coordinates":[[[139.74749662190754,35.779875363002326],[139.74740113903349,35.77989683723782],[139.74738028842194,35.77984535486972],[139.7474783166151,35.77982271070399],[139.74749662190754,35.779875363002326]]]}},{"type":"Feature","properties":{"height":6.4,"gml_id":"bldg_43d84336-6de6-4882-b9be-4189a3aa8f9a"},"geometry":{"type":"Polygon","coordinates":[[[139.7473802918726,35.77871171844113],[139.74748476746507,35.778761007151104],[139.74742693285359,35.778849298824284],[139.74731559659816,35.778802438821316],[139.7473802918726,35.77871171844113]]]}},{"type":"Feature","properties":{"height":7.9,"gml_id":"bldg_e5e12eaf-90c1-461b-be97-a7edb47af9ec"},"geometry":{"type":"Polygon","coordinates":[[[139.74596173564507,35.780691697994264],[139.74588773368063,35.780692185020975],[139.7458869354274,35.78061304533373],[139.7459609373185,35.780612558307425],[139.74596173564507,35.780691697994264]]]}},{"type":"Feature","properties":{"height":7.6,"gml_id":"bldg_c086280d-2714-46b0-a20f-f2533f42da5f"},"geometry":{"type":"Polygon","coordinates":[[[139.74664460698713,35.780446482374494],[139.74654605332523,35.78044280586557],[139.74654921263965,35.7803856621364],[139.74664776623118,35.78038933864269],[139.74664460698713,35.780446482374494]]]}},{"type":"Feature","properties":{"height":7.2,"gml_id":"bldg_c5125952-ed50-4ec6-8b92-1df55459b2b0"},"geometry":{"type":"Polygon","coordinates":[[[139.74986715151937,35.77969829258296],[139.7497881673213,35.77970409655729],[139.7497844666276,35.779646587425994],[139.749908804925,35.77963829112568],[139.74991647847378,35.779704726440805],[139.7498683577167,35.779708388615596],[139.74986715151937,35.77969829258296]]]}},{"type":"Feature","properties":{"height":4.1,"gml_id":"bldg_106b27ef-3ad5-4ff4-954a-7716b78b3d85"},"geometry":{"type":"Polygon","coordinates":[[[139.74710919152673,35.783107079679446],[139.74713535881554,35.783152707062754],[139.74711787391885,35.783159364564405],[139.74709159601966,35.783113737098006],[139.74710919152673,35.783107079679446]]]}},{"type":"Feature","properties":{"height":7.5,"gml_id":"bldg_aeee20ec-1dda-403b-8180-90cf29423dec"},"geometry":{"type":"Polygon","coordinates":[[[139.74576644542626,35.78013641041942],[139.74577754975545,35.78019816143442],[139.745684068371,35.78020936029644],[139.7456729641126,35.78014760927303],[139.74576644542626,35.78013641041942]]]}},{"type":"Feature","properties":{"height":4.8,"gml_id":"bldg_ffc3f92a-1d4c-4830-9f05-e7b2f2c5aada"},"geometry":{"type":"Polygon","coordinates":[[[139.7470649216225,35.78026119529387],[139.74707518927352,35.78017683567711],[139.74719043866764,35.78018674307366],[139.74717796060102,35.780269478674725],[139.7470649216225,35.78026119529387]]]}},{"type":"Feature","properties":{"height":7.5,"gml_id":"bldg_0d63f927-137b-48c7-9a3a-6276f6449d86"},"geometry":{"type":"Polygon","coordinates":[[[139.74965459899505,35.78155358743862],[139.74960813767672,35.78155598876306],[139.74960159229818,35.78146864276415],[139.74967803201005,35.78146482012945],[139.74968261367133,35.78152611555655],[139.74965263510978,35.78152762700591],[139.74965459899505,35.78155358743862]]]}},{"type":"Feature","properties":{"height":9.9,"gml_id":"bldg_3a4b9d17-8738-43bf-802b-b78c070d666a"},"geometry":{"type":"Polygon","coordinates":[[[139.7491747286049,35.78324924464781],[139.74915855397364,35.78316739018334],[139.74920745412004,35.783160934637],[139.74920932466023,35.78317040018582],[139.7492916361921,35.78315955132783],[139.7492898755966,35.78315071680647],[139.7493885607865,35.78313780620475],[139.74938999124345,35.78314501805305],[139.74947042183507,35.783134528302114],[139.7494687715546,35.78312596426712],[139.74951501633893,35.78311995742191],[139.7495313011878,35.78320253300111],[139.7491747286049,35.78324924464781]]]}},{"type":"Feature","properties":{"height":6.8,"gml_id":"bldg_22a94545-8dc9-46f0-aa03-0bb5a1fb5fea"},"geometry":{"type":"Polygon","coordinates":[[[139.74776951536157,35.77883458052903],[139.74776136648262,35.778903798937165],[139.74768869991306,35.77889833906837],[139.7476986209715,35.77882695867059],[139.74776951536157,35.77883458052903]]]}},{"type":"Feature","properties":{"height":7.7,"gml_id":"bldg_9d290747-7750-4bb1-a71a-b0d8845971c3"},"geometry":{"type":"Polygon","coordinates":[[[139.74964867107656,35.78330455812185],[139.74964282747314,35.78328625652433],[139.7496174901637,35.78329164702565],[139.74960723619537,35.78325964174171],[139.74969796364377,35.78324032571658],[139.749714061169,35.7832907227229],[139.74964867107656,35.78330455812185]]]}},{"type":"Feature","properties":{"height":4.3,"gml_id":"bldg_9e1644da-3a5b-4c32-a551-4969ba24b12b"},"geometry":{"type":"Polygon","coordinates":[[[139.7490696462598,35.77926102907966],[139.74902904864885,35.779263524426234],[139.74902456338322,35.779216290185346],[139.74900785979267,35.779217269966665],[139.74900665618617,35.77920483039875],[139.74906417867572,35.77920126529228],[139.7490696462598,35.77926102907966]]]}},{"type":"Feature","properties":{"height":7.4,"gml_id":"bldg_a2ba145b-c164-499f-ba9e-708e20d44e9d"},"geometry":{"type":"Polygon","coordinates":[[[139.74966239336794,35.779604499331235],[139.7495821929731,35.77960985164589],[139.74957780275386,35.779577129338165],[139.74954683034747,35.779577738713186],[139.7495432332587,35.779527079956985],[139.74965573237208,35.779522020553046],[139.74966239336794,35.779604499331235]]]}},{"type":"Feature","properties":{"height":2.5,"gml_id":"bldg_c2d5e943-1a09-4fb6-8e9e-d1207bd79afb"},"geometry":{"type":"Polygon","coordinates":[[[139.74685724947227,35.782757713366365],[139.74688429978653,35.7828048737474],[139.7468623883767,35.78281324060704],[139.74683533817026,35.78276599008559],[139.74685724947227,35.782757713366365]]]}},{"type":"Feature","properties":{"height":9.3,"gml_id":"bldg_5a686f13-d606-4360-9086-9ef1134233bf"},"geometry":{"type":"Polygon","coordinates":[[[139.74646116361208,35.780487181454],[139.74652664707787,35.78048758928231],[139.74652590470683,35.780559967680894],[139.74646042127978,35.78055946971654],[139.74646116361208,35.780487181454]]]}},{"type":"Feature","properties":{"height":2.2,"gml_id":"bldg_9155667c-2b1f-4346-b40a-42983a5603dd"},"geometry":{"type":"Polygon","coordinates":[[[139.74681897882135,35.782550644303356],[139.7467607698858,35.78257286591327],[139.74673531729965,35.782582582235186],[139.74672361403566,35.782562113019225],[139.74680805005812,35.782529995381445],[139.74681975343674,35.78255037445375],[139.74681897882135,35.782550644303356]]]}},{"type":"Feature","properties":{"height":6.8,"gml_id":"bldg_0d2ba88a-4614-4827-a0a1-71fd457fcb14"},"geometry":{"type":"Polygon","coordinates":[[[139.74638332282575,35.781473659914184],[139.7464232777152,35.78155463060472],[139.74636717522628,35.78157306785349],[139.74632710976854,35.781492097064586],[139.74638332282575,35.781473659914184]]]}},{"type":"Feature","properties":{"height":9.3,"gml_id":"bldg_622a1e94-b062-4034-a3d9-525f7bd26e5b"},"geometry":{"type":"Polygon","coordinates":[[[139.740284419169,35.77518735925373],[139.74024209892534,35.775151001802506],[139.740274868172,35.775125699021096],[139.7402713324182,35.77512254153445],[139.74030609435727,35.775095707978814],[139.74035206107033,35.775135132842074],[139.740284419169,35.77518735925373]]]}},{"type":"Feature","properties":{"height":4.1,"gml_id":"bldg_eea9ee79-f900-4076-b408-573d2afd920e"},"geometry":{"type":"Polygon","coordinates":[[[139.74646290113108,35.78163533063461],[139.7464954502793,35.781711338488925],[139.74644156433948,35.78172581140418],[139.74641277481504,35.781651068151945],[139.74646290113108,35.78163533063461]]]}},{"type":"Feature","properties":{"height":6.9,"gml_id":"bldg_b98802be-6d6f-4add-ab3e-e8783264684f"},"geometry":{"type":"Polygon","coordinates":[[[139.7390339319959,35.77609053674162],[139.73899088186036,35.77611033283695],[139.73897045740682,35.77607804822552],[139.7389586163333,35.776083086534506],[139.7389398477241,35.77605359742442],[139.73899573278516,35.77603011585114],[139.7390339319959,35.77609053674162]]]}},{"type":"Feature","properties":{"height":7.6,"gml_id":"bldg_23c97231-620f-4285-ad21-60cd4bc01392"},"geometry":{"type":"Polygon","coordinates":[[[139.74786195146032,35.78072830658274],[139.74785893147327,35.78075949137365],[139.74784742828467,35.780758762111944],[139.74784630997598,35.78077011840974],[139.7477030729975,35.78076118320905],[139.74770710075856,35.78071864204683],[139.74786195146032,35.78072830658274]]]}},{"type":"Feature","properties":{"height":4.6,"gml_id":"bldg_fdcbf7f4-f44b-41b7-9b83-f15f0e54e772"},"geometry":{"type":"Polygon","coordinates":[[[139.74979362526204,35.7791392200526],[139.74977227605487,35.779140106577266],[139.74976628790296,35.77904879496925],[139.74978774769838,35.77904790852244],[139.74979362526204,35.7791392200526]]]}},{"type":"Feature","properties":{"height":3.2,"gml_id":"bldg_dfe430ce-e793-43e9-abb3-48185af77083"},"geometry":{"type":"Polygon","coordinates":[[[139.73974684984694,35.77822280303539],[139.73974100296772,35.778209548539074],[139.73979699168086,35.778193097267234],[139.73980294917965,35.778206351846904],[139.73974684984694,35.77822280303539]]]}},{"type":"Feature","properties":{"height":7.6,"gml_id":"bldg_737c53da-3698-4e38-a693-eb865724938d"},"geometry":{"type":"Polygon","coordinates":[[[139.74603702959763,35.78183656553736],[139.7460955689628,35.781815336006574],[139.74612449889125,35.781862588064556],[139.74602257563242,35.78190406663763],[139.74599773412416,35.78186087362848],[139.74604166622774,35.781845041653135],[139.74603702959763,35.78183656553736]]]}},{"type":"Feature","properties":{"height":7.5,"gml_id":"bldg_6d90c2d4-a92f-4aa5-b1f1-7ec4bcc6a556"},"geometry":{"type":"Polygon","coordinates":[[[139.74925631338783,35.779201219499576],[139.74925663943748,35.779206718004076],[139.74928694868893,35.77920547729043],[139.74929042834785,35.77926244547246],[139.74922483212367,35.77926501354827],[139.74922439631746,35.77925870374583],[139.7492000604281,35.77925967821568],[139.74919669049697,35.779203611464645],[139.74925631338783,35.779201219499576]]]}},{"type":"Feature","properties":{"height":19.2,"gml_id":"bldg_e2f62c30-fc52-4737-8aa0-d07e938d28c2"},"geometry":{"type":"Polygon","coordinates":[[[139.7391844535627,35.77685536607102],[139.73925185029637,35.77701306616597],[139.7392485308346,35.777014055061926],[139.73926143661222,35.77704426061918],[139.73922702548313,35.77705396835374],[139.73921775996183,35.777032148262336],[139.73919452403797,35.777038800118525],[139.73919981886058,35.777051062718996],[139.73920900255828,35.77704845597146],[139.73922753360495,35.77709209615473],[139.73939560634068,35.77704436549327],[139.7394632244465,35.77720242618094],[139.73924558151901,35.77726417933433],[139.73926278934763,35.77730439331874],[139.73936613394915,35.77727499973598],[139.73943419336058,35.77743414240723],[139.73916609451075,35.77751018758456],[139.73911678752688,35.777394955542654],[139.73895446754446,35.777441067883096],[139.7388868504584,35.777282826645646],[139.73910405116598,35.77722116393113],[139.73909048356748,35.7771894255323],[139.73887151264088,35.77725153751081],[139.73880422653505,35.777094287974855],[139.7389655499839,35.777048535594936],[139.73891569244282,35.776931680587396],[139.7391844535627,35.77685536607102]]]}},{"type":"Feature","properties":{"height":6.9,"gml_id":"bldg_2faef3a6-9716-4d4c-aeee-95821413deb6"},"geometry":{"type":"Polygon","coordinates":[[[139.74854394289756,35.78203575625426],[139.74858269330605,35.782003244604155],[139.74860115070922,35.78201794971955],[139.74858897291762,35.78202731524499],[139.74862721112984,35.78206051209989],[139.74861425825196,35.782070598166946],[139.74864807851236,35.78209748240794],[139.7485497671866,35.782176101547634],[139.74848478513354,35.78211890972298],[139.74851644712834,35.78209486584311],[139.74849810014834,35.782080341064045],[139.74849423181522,35.7820772737234],[139.74854394289756,35.78203575625426]]]}},{"type":"Feature","properties":{"height":6.8,"gml_id":"bldg_6fda5e17-1fb9-4a68-8846-4dbdb411b78e"},"geometry":{"type":"Polygon","coordinates":[[[139.74879605043327,35.78118883895352],[139.74871094701058,35.78122654593649],[139.74870398930585,35.781216085304905],[139.74869513594635,35.7812199549072],[139.7486768028953,35.781192450629476],[139.74868842298036,35.78118732107681],[139.74868555165676,35.78118290240887],[139.7487257240278,35.78116508381983],[139.74871722009658,35.781152368709755],[139.74875927376837,35.781133740212226],[139.74879605043327,35.78118883895352]]]}},{"type":"Feature","properties":{"height":14.6,"gml_id":"bldg_41411bd6-81f7-4c51-993e-0488459a6c35"},"geometry":{"type":"Polygon","coordinates":[[[139.74104999862826,35.77608759384168],[139.74099816012523,35.77605564600775],[139.741009345543,35.77604357640818],[139.74066460439218,35.775830771231234],[139.7406963886619,35.77579654414213],[139.74071982075313,35.775811074040675],[139.7407467321752,35.775782071057705],[139.7411198793967,35.776012474250585],[139.74104999862826,35.77608759384168]]]}},{"type":"Feature","properties":{"height":10.2,"gml_id":"bldg_90492cb2-b207-4898-9f20-600baf519a48"},"geometry":{"type":"Polygon","coordinates":[[[139.73852238426113,35.7753307410672],[139.73853821011417,35.7753231821409],[139.73852705705815,35.77530776013943],[139.73863597908786,35.77523672886093],[139.73864470531197,35.77524665066215],[139.73865654702902,35.77524098143368],[139.73875239675272,35.775374007054616],[139.73860443047084,35.77544473728247],[139.73852238426113,35.7753307410672]]]}},{"type":"Feature","properties":{"height":9.7,"gml_id":"bldg_3c997f05-8a04-4deb-985d-f4faa8ca9b30"},"geometry":{"type":"Polygon","coordinates":[[[139.7402219522908,35.775259689902036],[139.74025417075785,35.77523249384994],[139.74034555916867,35.7753045829953],[139.74031334080848,35.77533168893591],[139.7402219522908,35.775259689902036]]]}},{"type":"Feature","properties":{"height":4.2,"gml_id":"bldg_58f837cf-c2d6-4f14-be41-95dd926dae9e"},"geometry":{"type":"Polygon","coordinates":[[[139.74019891200325,35.775573344405956],[139.74029236095953,35.77549103268002],[139.74031169987754,35.775506010170695],[139.7402164810934,35.77558841067689],[139.74019891200325,35.775573344405956]]]}},{"type":"Feature","properties":{"height":3.3,"gml_id":"bldg_ca7ed30a-51c4-40aa-a373-509f00d8aefa"},"geometry":{"type":"Polygon","coordinates":[[[139.74840935961242,35.779296348487115],[139.748407298514,35.779258219639196],[139.74851394076933,35.77924756875464],[139.74851600201416,35.779285607465255],[139.74840935961242,35.779296348487115]]]}},{"type":"Feature","properties":{"height":9.3,"gml_id":"bldg_25efc70b-097f-41b1-943e-62a99468269b"},"geometry":{"type":"Polygon","coordinates":[[[139.7481052138344,35.78039876298568],[139.7480949469537,35.780483393095516],[139.74802261067128,35.780478023798715],[139.74803287762794,35.78039339369509],[139.7481052138344,35.78039876298568]]]}},{"type":"Feature","properties":{"height":7.3,"gml_id":"bldg_e8eafc0b-cfc8-4597-97b0-83fb50b88309"},"geometry":{"type":"Polygon","coordinates":[[[139.74679964911496,35.7810954806227],[139.7468506641274,35.78107586774846],[139.74689836101567,35.78115810575316],[139.74684734596232,35.78117771864731],[139.74679964911496,35.7810954806227]]]}},{"type":"Feature","properties":{"height":9.5,"gml_id":"bldg_5cb8ff12-f66d-4c0b-890a-2758585a88d7"},"geometry":{"type":"Polygon","coordinates":[[[139.747247482597,35.78062781771353],[139.7472535254651,35.78056319477168],[139.74732818536114,35.780567935243205],[139.74732203203533,35.78063246797412],[139.747247482597,35.78062781771353]]]}},{"type":"Feature","properties":{"height":12.5,"gml_id":"bldg_d602e5cb-b7e7-4896-92bd-2293ef59745f"},"geometry":{"type":"Polygon","coordinates":[[[139.7495941196111,35.77983952564763],[139.74958569121193,35.7797547922463],[139.74955991587476,35.7797570276858],[139.74955481888094,35.77965994801438],[139.74961245361095,35.779655120824884],[139.74961398991493,35.77966683953208],[139.749723726243,35.779659524749555],[139.74974397971192,35.779860180837424],[139.7496468540249,35.77986660305741],[139.7496437886739,35.77983622520288],[139.7495941196111,35.77983952564763]]]}},{"type":"Feature","properties":{"height":4.5,"gml_id":"bldg_c33a3f3c-06ca-4c84-83da-6d7829504cec"},"geometry":{"type":"Polygon","coordinates":[[[139.74012819433045,35.77664951012482],[139.74008708629773,35.77661639845253],[139.7401053543945,35.776601359951066],[139.74014646253224,35.776634381481564],[139.74012819433045,35.77664951012482]]]}},{"type":"Feature","properties":{"height":5.1,"gml_id":"bldg_cf362c4f-1afb-44c4-bbc0-6cc76981230d"},"geometry":{"type":"Polygon","coordinates":[[[139.73925225657086,35.777794903549406],[139.73923318684487,35.7777389143632],[139.739295477068,35.777725082189015],[139.73931399664528,35.77777863727165],[139.73925225657086,35.777794903549406]]]}},{"type":"Feature","properties":{"height":9.6,"gml_id":"bldg_7027f718-4a30-475c-888c-7a70887d43d5"},"geometry":{"type":"Polygon","coordinates":[[[139.7484610234231,35.78272361291256],[139.74852653458416,35.782699683052925],[139.74856142412798,35.78276154069318],[139.74849679681554,35.782786462686964],[139.7484610234231,35.78272361291256]]]}},{"type":"Feature","properties":{"height":7.9,"gml_id":"bldg_c7ce7441-ccd7-4b09-b2c3-6f1effc5b110"},"geometry":{"type":"Polygon","coordinates":[[[139.7466569381919,35.78049958116666],[139.74671047215875,35.780502864622825],[139.7467103452151,35.78051791718656],[139.74677162007396,35.780523189175554],[139.74676713773772,35.780576456123676],[139.74672466314058,35.78057507350683],[139.74672331963254,35.78058994492293],[139.74664943845912,35.78058114853259],[139.7466569381919,35.78049958116666]]]}},{"type":"Feature","properties":{"height":5.5,"gml_id":"bldg_5fb5df0f-9752-47c3-91cd-5205df7cb7f5"},"geometry":{"type":"Polygon","coordinates":[[[139.74191086871537,35.775118481016655],[139.7419869293474,35.77505427203029],[139.74200173740056,35.77506591078672],[139.74192567676928,35.77513011978233],[139.74191086871537,35.775118481016655]]]}},{"type":"Feature","properties":{"height":7.2,"gml_id":"bldg_67b939d3-e4a7-4a57-8aac-872024159b54"},"geometry":{"type":"Polygon","coordinates":[[[139.74967318048874,35.781449944372625],[139.74960194049774,35.78145304953955],[139.7495968235934,35.78137480823401],[139.74963543032473,35.78137312253259],[139.74963586560776,35.78137997314486],[139.74966849880062,35.78137855368213],[139.74967318048874,35.781449944372625]]]}},{"type":"Feature","properties":{"height":5.9,"gml_id":"bldg_1a137b81-257d-4cd8-a1e1-dade02bf9fe2"},"geometry":{"type":"Polygon","coordinates":[[[139.748137828671,35.77958477087266],[139.74816725346412,35.779583259407794],[139.74817359175665,35.77965573297832],[139.74814328049058,35.77965868598752],[139.748137828671,35.77958477087266]]]}},{"type":"Feature","properties":{"height":7.5,"gml_id":"bldg_10fcc8db-978b-4a78-a44b-0be50d9f339d"},"geometry":{"type":"Polygon","coordinates":[[[139.74736364538342,35.78020092818169],[139.7472702966875,35.78019184784717],[139.7472720889551,35.780171027791155],[139.7471813971843,35.7801599663043],[139.74719619287492,35.78008209968739],[139.74736474833313,35.78010114878833],[139.74737810915866,35.78012297116989],[139.74736364538342,35.78020092818169]]]}},{"type":"Feature","properties":{"height":2.6,"gml_id":"bldg_3465d828-e750-437e-8be2-dd3007db5c42"},"geometry":{"type":"Polygon","coordinates":[[[139.74723128651814,35.782209506442676],[139.7472492140539,35.782202488697635],[139.74728907423494,35.78226984854307],[139.7472711466875,35.782276866293934],[139.74723128651814,35.782209506442676]]]}},{"type":"Feature","properties":{"height":3.2,"gml_id":"bldg_5d63f002-ffb8-437c-8ab4-8f93f3be00e6"},"geometry":{"type":"Polygon","coordinates":[[[139.74470853811167,35.781325966912505],[139.74465057774657,35.78122425117501],[139.7446979412511,35.78120625896367],[139.74475590166358,35.7813079746787],[139.74470853811167,35.781325966912505]]]}},{"type":"Feature","properties":{"height":8.0,"gml_id":"bldg_1289528d-c750-4b7c-86ed-7ea54b35f47b"},"geometry":{"type":"Polygon","coordinates":[[[139.7491664212622,35.78263000708966],[139.7490802391185,35.78264040247334],[139.74907441823655,35.78260073871794],[139.74915849898485,35.782589981324904],[139.7491664212622,35.78263000708966]]]}},{"type":"Feature","properties":{"height":7.4,"gml_id":"bldg_99ad6bba-f3b8-4a27-a217-c43a2ca41328"},"geometry":{"type":"Polygon","coordinates":[[[139.74836983534175,35.782968176609565],[139.74830008113005,35.78292513261368],[139.74833917419042,35.7828829767776],[139.74834713359795,35.782887759590984],[139.7483709437934,35.78286208776228],[139.7484328492873,35.78290025885284],[139.74836983534175,35.782968176609565]]]}},{"type":"Feature","properties":{"height":7.2,"gml_id":"bldg_1732de59-333b-4398-bdfd-1b93e6e28b2c"},"geometry":{"type":"Polygon","coordinates":[[[139.74617340908813,35.78215042661187],[139.74613122360807,35.78208612932145],[139.7462271714755,35.78204671944928],[139.74625345206925,35.78208910223117],[139.74624327069907,35.782093331233156],[139.7462563005841,35.782114342271726],[139.74617340908813,35.78215042661187]]]}},{"type":"Feature","properties":{"height":9.4,"gml_id":"bldg_731ec597-9007-4def-b77a-d95eb9b31192"},"geometry":{"type":"Polygon","coordinates":[[[139.74575831394353,35.78069236125167],[139.7456918362644,35.78069060024552],[139.7456932551508,35.78060722579697],[139.74575984337534,35.78060898688281],[139.74575831394353,35.78069236125167]]]}},{"type":"Feature","properties":{"height":3.3,"gml_id":"bldg_2caa0d0b-c03a-4f60-b27b-ff4231fcd650"},"geometry":{"type":"Polygon","coordinates":[[[139.74569855063496,35.780720800583325],[139.74569935115346,35.78069691521784],[139.7459570776876,35.780702781295766],[139.7459562772461,35.78072666666306],[139.74569855063496,35.780720800583325]]]}},{"type":"Feature","properties":{"height":2.2,"gml_id":"bldg_ed585355-622b-4ed6-b651-f8a8f5f92ed6"},"geometry":{"type":"Polygon","coordinates":[[[139.73922485878822,35.77570120983514],[139.73923900312226,35.77571266813947],[139.73918641353868,35.775755711859446],[139.73917226920454,35.77574425354902],[139.73922485878822,35.77570120983514]]]}},{"type":"Feature","properties":{"height":8.1,"gml_id":"bldg_3b0a1b0f-6b63-4365-86c2-4def65cc7b94"},"geometry":{"type":"Polygon","coordinates":[[[139.74799365721094,35.77983118971668],[139.74799220015942,35.77984903554552],[139.74801940959992,35.77985049702198],[139.74801548630776,35.77989898722928],[139.74792843834544,35.77989414825168],[139.7479303447115,35.77986990311026],[139.74794140541417,35.779870541914214],[139.7479448793555,35.77982854115839],[139.74799365721094,35.77983118971668]]]}},{"type":"Feature","properties":{"height":3.1,"gml_id":"bldg_5a4b5d85-245d-4fe8-a032-e4a1b1b12d28"},"geometry":{"type":"Polygon","coordinates":[[[139.74107086410692,35.77803670437997],[139.74108714852682,35.7780154448484],[139.74111655403226,35.77803024965355],[139.7411003801243,35.778051599409494],[139.74107086410692,35.77803670437997]]]}},{"type":"Feature","properties":{"height":5.4,"gml_id":"bldg_8209769e-cc3e-4015-8686-398445b9c137"},"geometry":{"type":"Polygon","coordinates":[[[139.74995364756998,35.77758313834224],[139.74995212424264,35.777558980916815],[139.74996639366591,35.777558359859306],[139.7499658481405,35.777551148624624],[139.75002425315304,35.77754866529741],[139.7500247968032,35.77755767924466],[139.75003508405692,35.77755723569183],[139.75003649858496,35.77757968046245],[139.74995364756998,35.77758313834224]]]}},{"type":"Feature","properties":{"height":5.7,"gml_id":"bldg_53d7e1f2-99a0-41b6-94c3-41e6854e01d2"},"geometry":{"type":"Polygon","coordinates":[[[139.7475826680259,35.77978303532526],[139.7475706062687,35.779581573495456],[139.74767845933525,35.77957696330634],[139.74769129372604,35.77978022838933],[139.7475826680259,35.77978303532526]]]}},{"type":"Feature","properties":{"height":6.9,"gml_id":"bldg_57a7038d-3037-4944-9dc2-6366d8114157"},"geometry":{"type":"Polygon","coordinates":[[[139.7471827485116,35.77880486752701],[139.74716294044885,35.77881269514034],[139.74714646826214,35.77880430071774],[139.74711439809255,35.778797427417935],[139.74710720479032,35.778800667145326],[139.74709052287392,35.778781636553745],[139.74712882828564,35.778750567205705],[139.7471827485116,35.77880486752701]]]}},{"type":"Feature","properties":{"height":7.0,"gml_id":"bldg_9c5f8f57-5ad6-488a-a3bd-60e88869393b"},"geometry":{"type":"Polygon","coordinates":[[[139.74088864006444,35.77645306039367],[139.741026470751,35.77653861491997],[139.74099479735253,35.77657248163422],[139.74085696664162,35.776486927072064],[139.74088864006444,35.77645306039367]]]}},{"type":"Feature","properties":{"height":4.0,"gml_id":"bldg_1d60c0f6-ff39-4da5-9d6c-6d38d6780f81"},"geometry":{"type":"Polygon","coordinates":[[[139.73958330998826,35.77685711982515],[139.73953748757455,35.77678849082153],[139.73954977157763,35.77678309225875],[139.73954325715684,35.77677326238617],[139.73959770536317,35.77674914846569],[139.7396499316334,35.7768276072278],[139.73958330998826,35.77685711982515]]]}},{"type":"Feature","properties":{"height":7.6,"gml_id":"bldg_971871f1-67eb-4731-986c-6551557537d7"},"geometry":{"type":"Polygon","coordinates":[[[139.7482947502331,35.78252961371018],[139.7482697398365,35.7825397813479],[139.74823837942088,35.78248820158022],[139.7482992451976,35.78246363760674],[139.74830333084117,35.78247040066801],[139.74833896498814,35.782456004157545],[139.7483236159495,35.782430845466955],[139.74837075935793,35.782411679893805],[139.74842089219112,35.78249391899889],[139.74830225916588,35.78254187746558],[139.7482947502331,35.78252961371018]]]}},{"type":"Feature","properties":{"height":7.3,"gml_id":"bldg_2427ae16-e766-4790-a08c-6f38859904de"},"geometry":{"type":"Polygon","coordinates":[[[139.74965924502942,35.779231065025535],[139.74966218341208,35.77927703626712],[139.74968574501057,35.77927606116521],[139.74969129393892,35.77936421771947],[139.74961618425712,35.77936741034138],[139.74960769715292,35.77923319240539],[139.74965924502942,35.779231065025535]]]}},{"type":"Feature","properties":{"height":7.8,"gml_id":"bldg_c40ccc55-6fbe-4ca0-b790-53481834b757"},"geometry":{"type":"Polygon","coordinates":[[[139.74591866992077,35.78021980651847],[139.7459415691426,35.780217930312375],[139.74595036206046,35.78026931402977],[139.74581495343654,35.78028444849009],[139.7458095633673,35.780257043325946],[139.74578467208545,35.7802598194133],[139.74577952391184,35.780213576070174],[139.7458035284871,35.78021242178041],[139.74580583636882,35.78022612408098],[139.74587022176675,35.780218960071664],[139.7458680236986,35.78020597893746],[139.74591548302647,35.780200695441245],[139.74591866992077,35.78021980651847]]]}},{"type":"Feature","properties":{"height":8.8,"gml_id":"bldg_f151f7b3-0895-4727-9ba9-9ef6494cd5e6"},"geometry":{"type":"Polygon","coordinates":[[[139.74848573320313,35.78289227410646],[139.74845143396917,35.782899460751516],[139.74841907495428,35.782850494262156],[139.7484162153769,35.782834988915276],[139.74850231793843,35.78279566041574],[139.74853208394816,35.782890594223765],[139.74848970568036,35.78290147074299],[139.74848573320313,35.78289227410646]]]}},{"type":"Feature","properties":{"height":17.4,"gml_id":"bldg_966531ca-ea35-45d7-9db7-01747f01c205"},"geometry":{"type":"Polygon","coordinates":[[[139.74720013396984,35.782683777824204],[139.74717573327473,35.78264130646415],[139.74720395243293,35.78263051040305],[139.74722824242488,35.782673071813825],[139.74720013396984,35.782683777824204]]]}},{"type":"Feature","properties":{"height":4.2,"gml_id":"bldg_af80d598-ad50-4cfc-a43b-b2f605b14df6"},"geometry":{"type":"Polygon","coordinates":[[[139.74014073608797,35.7773710561792],[139.7402037195912,35.77733144525985],[139.7402447056622,35.77737465199284],[139.74018172204003,35.77741435306896],[139.74014073608797,35.7773710561792]]]}},{"type":"Feature","properties":{"height":3.4,"gml_id":"bldg_739bc980-953a-418e-9a88-71b758a28a78"},"geometry":{"type":"Polygon","coordinates":[[[139.74941514058688,35.77858200813523],[139.74937531960575,35.778582611291625],[139.74937511041676,35.778571163912865],[139.74941493139218,35.77857056075653],[139.74941514058688,35.77858200813523]]]}},{"type":"Feature","properties":{"height":3.4,"gml_id":"bldg_83b766ae-059d-49a2-a5f4-12286d2e7e86"},"geometry":{"type":"Polygon","coordinates":[[[139.74629392099428,35.78037943854751],[139.74625885581267,35.780379773706166],[139.74625789773035,35.780345431325415],[139.7462929628969,35.78034509616699],[139.74629392099428,35.78037943854751]]]}},{"type":"Feature","properties":{"height":3.0,"gml_id":"bldg_dfda9df6-4dd9-4e04-a4bf-9ec493d3135a"},"geometry":{"type":"Polygon","coordinates":[[[139.7494179917877,35.78071074435406],[139.74941635918117,35.78068541509469],[139.74943018613934,35.78068533460671],[139.74943259390722,35.78070985318577],[139.7494179917877,35.78071074435406]]]}},{"type":"Feature","properties":{"height":4.5,"gml_id":"bldg_c82b05a6-130b-491c-b4c5-55b16516cf54"},"geometry":{"type":"Polygon","coordinates":[[[139.74512790039054,35.780108452392064],[139.74514116362948,35.78011792636411],[139.74509986203987,35.780156383997216],[139.74511621999088,35.78016811363406],[139.74505963805532,35.78022062120648],[139.7450207301494,35.78019499411255],[139.7450268200116,35.780189500309],[139.74500858302386,35.78017650738072],[139.74510170546554,35.78008977509381],[139.74512790039054,35.780108452392064]]]}},{"type":"Feature","properties":{"height":8.3,"gml_id":"bldg_457e618d-ef8b-446b-a52e-fb01e1dfe7b2"},"geometry":{"type":"Polygon","coordinates":[[[139.7490222218925,35.77933869279719],[139.74906779636765,35.77933692202574],[139.74906889393793,35.77934503500591],[139.74909090602995,35.77934496029163],[139.74909206771872,35.7793971496633],[139.7490603190893,35.77939965121859],[139.74906261114623,35.779428856784385],[139.74902854362335,35.77942757100785],[139.7490222218925,35.77933869279719]]]}},{"type":"Feature","properties":{"height":8.9,"gml_id":"bldg_ddce2cc5-884e-4377-b658-534a9d38d893"},"geometry":{"type":"Polygon","coordinates":[[[139.74675447801718,35.78286661339053],[139.7467057833462,35.78288757992319],[139.74668005230723,35.782847991845806],[139.74672874696077,35.78282702532339],[139.74675447801718,35.78286661339053]]]}},{"type":"Feature","properties":{"height":2.3,"gml_id":"bldg_1ad47a64-649c-4e6d-9990-a96ba369aeb5"},"geometry":{"type":"Polygon","coordinates":[[[139.7389532025506,35.77532918707644],[139.73897187529664,35.775346057110305],[139.73894785248882,35.775363794998555],[139.73892906913625,35.77534692487417],[139.7389532025506,35.77532918707644]]]}},{"type":"Feature","properties":{"height":3.9,"gml_id":"bldg_81207667-e965-4e21-a9e0-9bb6a1ed4d3b"},"geometry":{"type":"Polygon","coordinates":[[[139.73892204548494,35.77567447259842],[139.73890625817626,35.77564940247211],[139.73893115731255,35.775638966274826],[139.73894705534147,35.775663946349084],[139.73892204548494,35.77567447259842]]]}},{"type":"Feature","properties":{"height":7.1,"gml_id":"bldg_ff5b8518-7036-445a-a599-7bca00f94ef0"},"geometry":{"type":"Polygon","coordinates":[[[139.74591271939298,35.781310533757335],[139.746035000069,35.78126465340569],[139.74605906976225,35.78130541218872],[139.74593579093013,35.781353635365896],[139.74591271939298,35.781310533757335]]]}},{"type":"Feature","properties":{"height":5.7,"gml_id":"bldg_bf0a7495-8483-452a-b85c-55ee6a9cd9c9"},"geometry":{"type":"Polygon","coordinates":[[[139.7484228498652,35.77836435501722],[139.7482948924888,35.77834515583871],[139.74830910327506,35.77829586166192],[139.74837589925352,35.778308527864546],[139.7483780085452,35.778301318499075],[139.74843772683283,35.77831262763195],[139.7484228498652,35.77836435501722]]]}},{"type":"Feature","properties":{"height":9.5,"gml_id":"bldg_dad42356-05a8-4013-8313-a5c3107e1498"},"geometry":{"type":"Polygon","coordinates":[[[139.74034639386818,35.7751576623943],[139.7403796086605,35.775129655856794],[139.74046878701765,35.77519994048688],[139.74043557222726,35.77522794704871],[139.74034639386818,35.7751576623943]]]}},{"type":"Feature","properties":{"height":12.4,"gml_id":"bldg_dd45e98f-5418-4071-b937-8631ce92bcd8"},"geometry":{"type":"Polygon","coordinates":[[[139.74687560718948,35.779288675722704],[139.74686064122642,35.7792171873693],[139.7470409706856,35.779189104430586],[139.7470559368049,35.77926059276211],[139.74687560718948,35.779288675722704]]]}},{"type":"Feature","properties":{"height":1.4,"gml_id":"bldg_73d33661-0e69-40fd-b06b-12853ae6a7eb"},"geometry":{"type":"Polygon","coordinates":[[[139.7480397807032,35.78211174461437],[139.74803172252223,35.78209596516233],[139.74805153015998,35.78208921903801],[139.74805958834423,35.78210499848874],[139.7480397807032,35.78211174461437]]]}},{"type":"Feature","properties":{"height":9.5,"gml_id":"bldg_20a33ab8-8443-4390-b30e-688416c4eb25"},"geometry":{"type":"Polygon","coordinates":[[[139.73775270736957,35.77927041399559],[139.73768168513493,35.77927765851724],[139.73767224606294,35.779216178481406],[139.73770465961786,35.77921286924036],[139.73770531811383,35.77921719627622],[139.73774392663387,35.77921335113644],[139.73775270736957,35.77927041399559]]]}},{"type":"Feature","properties":{"height":8.3,"gml_id":"bldg_3dea4d73-bcec-4f1a-a7b3-3b80f500c4a2"},"geometry":{"type":"Polygon","coordinates":[[[139.73954114797584,35.776591366875444],[139.7394586836199,35.77664277002663],[139.73937549886145,35.77655428193253],[139.7393619945751,35.77656274413851],[139.73933051032313,35.77652927918387],[139.7393822027429,35.77649705099158],[139.73938861001125,35.77650390631105],[139.73939059853618,35.77650598098579],[139.73939601159628,35.77651175389968],[139.73944039848246,35.77648402676151],[139.73954114797584,35.776591366875444]]]}},{"type":"Feature","properties":{"height":2.2,"gml_id":"bldg_086def40-3e67-4e32-b418-771c17763f3f"},"geometry":{"type":"Polygon","coordinates":[[[139.74677965670284,35.782191245244],[139.7468025645777,35.782181887623494],[139.74681348879932,35.782206682782984],[139.74679069153564,35.78221604048513],[139.74677965670284,35.782191245244]]]}},{"type":"Feature","properties":{"height":1.9,"gml_id":"bldg_36bf83ec-6a68-4310-b139-c716f8d44fc3"},"geometry":{"type":"Polygon","coordinates":[[[139.74714950867525,35.77998426904152],[139.74716576717222,35.77998590313401],[139.74716353835854,35.78000122460056],[139.7471472797612,35.77999968064337],[139.74714950867525,35.77998426904152]]]}},{"type":"Feature","properties":{"height":7.9,"gml_id":"bldg_45f57a9b-d745-4d55-9696-83c027a8be4a"},"geometry":{"type":"Polygon","coordinates":[[[139.7487455915278,35.77963964183789],[139.7485658361451,35.77964753734397],[139.74855995612182,35.77955983118773],[139.74864778732447,35.77955592709929],[139.74864648156762,35.7795355555171],[139.74868718917756,35.77953378146273],[139.74868784311207,35.77954297576192],[139.74873905946774,35.779540758407734],[139.7487455915278,35.77963964183789]]]}},{"type":"Feature","properties":{"height":5.1,"gml_id":"bldg_b2177c54-2ee2-4754-b92a-0ca0d280ece3"},"geometry":{"type":"Polygon","coordinates":[[[139.74726906586554,35.77866539928708],[139.74735958866867,35.77872909983005],[139.7472975825261,35.778787823954204],[139.7472068385789,35.77872403307111],[139.74726906586554,35.77866539928708]]]}},{"type":"Feature","properties":{"height":2.8,"gml_id":"bldg_06001fc7-61c6-411a-bdbe-4d03e032fc8f"},"geometry":{"type":"Polygon","coordinates":[[[139.73834801721287,35.77611640673019],[139.73835673910222,35.77613002411196],[139.7383211049152,35.77614531903765],[139.73831238303032,35.776131701653355],[139.73834801721287,35.77611640673019]]]}},{"type":"Feature","properties":{"height":6.1,"gml_id":"bldg_e929542d-c72c-4cbe-9ef7-ac4ccc468aaf"},"geometry":{"type":"Polygon","coordinates":[[[139.74703926328806,35.77974551073099],[139.74705784676217,35.77974516352162],[139.74705902173483,35.77978383256747],[139.7469482950318,35.77978600647341],[139.7469465864491,35.7797294000446],[139.74703861899008,35.77972757327001],[139.74703926328806,35.77974551073099]]]}},{"type":"Feature","properties":{"height":13.1,"gml_id":"bldg_ef81169c-21bc-429c-846a-f51ee4479da1"},"geometry":{"type":"Polygon","coordinates":[[[139.74946048439,35.778799447049394],[139.74965539109408,35.778792101560974],[139.7496703784329,35.779056660225805],[139.7494754710844,35.77906400573732],[139.74946048439,35.778799447049394]]]}},{"type":"Feature","properties":{"height":5.9,"gml_id":"bldg_faa3a867-137f-411b-ad1f-df9be9481b61"},"geometry":{"type":"Polygon","coordinates":[[[139.7386244012229,35.77576608687744],[139.73867099029297,35.77574665424056],[139.73868898564933,35.775775151292486],[139.73864250706822,35.77579467415895],[139.7386244012229,35.77576608687744]]]}},{"type":"Feature","properties":{"height":4.7,"gml_id":"bldg_e7abf223-475c-405c-8a31-6c9b815beec2"},"geometry":{"type":"Polygon","coordinates":[[[139.74693056581614,35.78093918939765],[139.7469198695941,35.78090826518301],[139.7469765188132,35.780895146070165],[139.7469872150554,35.78092607027984],[139.74693056581614,35.78093918939765]]]}},{"type":"Feature","properties":{"height":8.1,"gml_id":"bldg_1b193960-10fa-4381-92fc-ef9fe2bb2a38"},"geometry":{"type":"Polygon","coordinates":[[[139.74637175981746,35.78041050152659],[139.7464581491677,35.78041110477901],[139.7464574055587,35.78048456480511],[139.74638462162903,35.780484061525364],[139.7463847443156,35.78047297492788],[139.7463711388174,35.780472874954576],[139.74637175981746,35.78041050152659]]]}},{"type":"Feature","properties":{"height":7.7,"gml_id":"bldg_4dc36ba2-ecb9-46ff-908b-f52463af105b"},"geometry":{"type":"Polygon","coordinates":[[[139.74983459439264,35.782060635403276],[139.74986789353974,35.782057323500744],[139.74986734450718,35.78205344728722],[139.7499079451121,35.78204941935595],[139.74991783122562,35.782115856179324],[139.74984935220814,35.782122658968355],[139.74984462942155,35.78209038713122],[139.74983909801327,35.782090924104736],[139.74983459439264,35.782060635403276]]]}},{"type":"Feature","properties":{"height":8.3,"gml_id":"bldg_ed3d4e4d-021e-4106-9ebb-dd9a9b341388"},"geometry":{"type":"Polygon","coordinates":[[[139.74690763438136,35.781175057920166],[139.7469436004373,35.781160301515754],[139.7469882112466,35.78123235193845],[139.74683140177763,35.78129416243809],[139.7467841355185,35.781222831132155],[139.74685839170712,35.781192328565794],[139.7468507726048,35.78117997450283],[139.746898469192,35.781160359222156],[139.74690763438136,35.781175057920166]]]}},{"type":"Feature","properties":{"height":14.7,"gml_id":"bldg_135a2980-786e-4880-a629-6765a6d3c9c0"},"geometry":{"type":"Polygon","coordinates":[[[139.74843844475188,35.783151651056265],[139.7484619896445,35.78327154805073],[139.74838565224363,35.78328149920454],[139.74839522456224,35.78332990879336],[139.74835893668367,35.78333457020943],[139.74834969441923,35.783287873427774],[139.7482308735195,35.783303382861405],[139.74823879482537,35.78334394949526],[139.74820881305607,35.78334780410757],[139.74820067158518,35.783306245824114],[139.74813185723823,35.78331521065048],[139.7481278965167,35.78329501746561],[139.74813907052592,35.783293583212384],[139.7481193767832,35.783193338449735],[139.74843844475188,35.783151651056265]]]}},{"type":"Feature","properties":{"height":9.1,"gml_id":"bldg_e977e734-0b45-4b9a-b382-003b8650bf55"},"geometry":{"type":"Polygon","coordinates":[[[139.74020946374776,35.77525102720225],[139.7401693522861,35.77521755577958],[139.7401953691789,35.775196844711736],[139.7401905072941,35.77519269470269],[139.74022870242317,35.775162168263485],[139.74027378648336,35.7751996996225],[139.74020946374776,35.77525102720225]]]}},{"type":"Feature","properties":{"height":7.9,"gml_id":"bldg_3ca94127-77f8-4a45-9399-6c8f1ec1023c"},"geometry":{"type":"Polygon","coordinates":[[[139.74913650066947,35.78173692225932],[139.74916134250827,35.781781376521316],[139.74909649579928,35.78180548746777],[139.74903908390715,35.78170251233473],[139.74911300460246,35.781675072755085],[139.74914557482253,35.78173350345767],[139.74913650066947,35.78173692225932]]]}},{"type":"Feature","properties":{"height":7.2,"gml_id":"bldg_dfd4dd5e-2a31-4121-a5f5-0db6f8436278"},"geometry":{"type":"Polygon","coordinates":[[[139.7475192756729,35.7788665806678],[139.74754597837958,35.778824596489486],[139.74752198674048,35.77881412363339],[139.74752874561636,35.7788034023093],[139.74760790792863,35.778837079374874],[139.74757245680354,35.77888843143976],[139.7475192756729,35.7788665806678]]]}},{"type":"Feature","properties":{"height":8.3,"gml_id":"bldg_a092c1a4-8112-4d56-a85e-b3445b4d6935"},"geometry":{"type":"Polygon","coordinates":[[[139.74680974250947,35.78025353071019],[139.7467439305186,35.780250238458386],[139.7467471057122,35.78017831248454],[139.7468129176439,35.78018160473456],[139.74680974250947,35.78025353071019]]]}},{"type":"Feature","properties":{"height":8.3,"gml_id":"bldg_79636f6c-d580-4232-984c-99e0dfcaf710"},"geometry":{"type":"Polygon","coordinates":[[[139.74662263781542,35.778878736786666],[139.74653402611688,35.77888894833146],[139.7465192903814,35.77880952815696],[139.74660790199366,35.778799316622745],[139.74662263781542,35.778878736786666]]]}},{"type":"Feature","properties":{"height":4.9,"gml_id":"bldg_bd6c8c39-4e66-484d-ba64-369d110c7b7d"},"geometry":{"type":"Polygon","coordinates":[[[139.74803193514265,35.77982598900463],[139.74799100392661,35.779829835798765],[139.74798858265913,35.77981838685027],[139.7480301788996,35.779813278629284],[139.74803193514265,35.77982598900463]]]}},{"type":"Feature","properties":{"height":12.5,"gml_id":"bldg_8618eed5-2fdd-40bd-b953-974f08182379"},"geometry":{"type":"Polygon","coordinates":[[[139.74698234897434,35.778572444136],[139.74710834716117,35.778664653213156],[139.74705121658516,35.778715268494594],[139.7469239991164,35.77862540201018],[139.74698234897434,35.778572444136]]]}},{"type":"Feature","properties":{"height":4.4,"gml_id":"bldg_ff0f2f85-49bd-40f2-9262-56a65796d828"},"geometry":{"type":"Polygon","coordinates":[[[139.73993699945922,35.77717530365534],[139.73996138835707,35.77712854216234],[139.7400161182714,35.77714742300403],[139.73999172939975,35.77719418450803],[139.73993699945922,35.77717530365534]]]}},{"type":"Feature","properties":{"height":6.7,"gml_id":"bldg_23d62977-9b58-405b-a042-574e368ac65f"},"geometry":{"type":"Polygon","coordinates":[[[139.74973288060735,35.779473581213814],[139.74973856352054,35.77953947434411],[139.749676173736,35.77954312652275],[139.74967060120397,35.7794775038734],[139.74973288060735,35.779473581213814]]]}},{"type":"Feature","properties":{"height":7.1,"gml_id":"bldg_69dd4fe7-9b0e-4442-9e8e-3dde69a922d0"},"geometry":{"type":"Polygon","coordinates":[[[139.7400229790062,35.77610356663786],[139.7400939461074,35.77604620522378],[139.74010764840392,35.77605748281129],[139.74014595521837,35.77602641567534],[139.7401762330147,35.776051226455635],[139.7400669590983,35.77613965504078],[139.7400229790062,35.77610356663786]]]}},{"type":"Feature","properties":{"height":1.2,"gml_id":"bldg_ae49c6ca-2139-422c-9d6c-b53b2822402e"},"geometry":{"type":"Polygon","coordinates":[[[139.74574756667946,35.781414339987805],[139.74573774312287,35.781394953668986],[139.74576939191653,35.78138343935501],[139.7457796581406,35.78140264572229],[139.74574756667946,35.781414339987805]]]}},{"type":"Feature","properties":{"height":7.5,"gml_id":"bldg_8e2a09e2-2435-4d27-9ad8-1e08b96b790a"},"geometry":{"type":"Polygon","coordinates":[[[139.74824997019067,35.780849814190276],[139.74815472787,35.780852270566875],[139.74815103849352,35.78078520702547],[139.74826519763437,35.78078114159267],[139.74826801831713,35.780833061726],[139.74825219978035,35.78083359134965],[139.74824997019067,35.780849814190276]]]}},{"type":"Feature","properties":{"height":2.4,"gml_id":"bldg_732cb09d-6b4c-4246-913d-c7e40741e71b"},"geometry":{"type":"Polygon","coordinates":[[[139.74132584650658,35.77561621507616],[139.74143635210797,35.7757051733939],[139.7414197450391,35.77571895146938],[139.74130912893318,35.7756299029163],[139.74132584650658,35.77561621507616]]]}},{"type":"Feature","properties":{"height":9.8,"gml_id":"bldg_f6ad5067-3b8f-40b0-9ee0-2721ac3a9870"},"geometry":{"type":"Polygon","coordinates":[[[139.7403529421375,35.77732353864436],[139.74040133046864,35.777374232310066],[139.74031853276466,35.777426717414784],[139.74027014434935,35.77737611385186],[139.7403529421375,35.77732353864436]]]}},{"type":"Feature","properties":{"height":9.2,"gml_id":"bldg_ed7cbbed-e157-49ef-88b7-fda45244f8f2"},"geometry":{"type":"Polygon","coordinates":[[[139.7481972294399,35.78041352027503],[139.7482298581318,35.78041597703251],[139.7482305284473,35.780409758146185],[139.74827753597097,35.78041321655746],[139.74826837810596,35.780495323667864],[139.7481887418117,35.78048940849318],[139.7481972294399,35.78041352027503]]]}},{"type":"Feature","properties":{"height":6.5,"gml_id":"bldg_59e4165d-e288-4301-8cbd-b03fe961c6c0"},"geometry":{"type":"Polygon","coordinates":[[[139.74893672100757,35.78268482883801],[139.7489242823844,35.782626953033954],[139.74897429039416,35.782618605511054],[139.7489886089813,35.78267702344237],[139.74893672100757,35.78268482883801]]]}},{"type":"Feature","properties":{"height":8.3,"gml_id":"bldg_c479ee7b-fbf1-4150-8092-95856d9937de"},"geometry":{"type":"Polygon","coordinates":[[[139.75003026647923,35.7819634246151],[139.749945306186,35.78196976536302],[139.7499357638733,35.781891881552255],[139.75002238323898,35.781885632095964],[139.75003026647923,35.7819634246151]]]}},{"type":"Feature","properties":{"height":9.2,"gml_id":"bldg_6253f42a-b77d-446f-bcd5-f322352edf72"},"geometry":{"type":"Polygon","coordinates":[[[139.74590614089973,35.781055084545756],[139.74590956326688,35.781061216257996],[139.7459220678413,35.78105662842954],[139.74595629016858,35.78111920744093],[139.7459016243998,35.78113899755262],[139.74586806441735,35.781077680906726],[139.74587758119534,35.78107417253762],[139.7458736070364,35.78106686865972],[139.74590614089973,35.781055084545756]]]}},{"type":"Feature","properties":{"height":6.7,"gml_id":"bldg_26ece4a5-d4de-41cc-a96f-80736d034874"},"geometry":{"type":"Polygon","coordinates":[[[139.74915768404287,35.77811636748423],[139.74916686535477,35.77811583309599],[139.749171894012,35.77817226156159],[139.7491160318201,35.77817546734057],[139.74911473309487,35.77814833558637],[139.74910068630368,35.778147514527475],[139.7490975165085,35.77811154816409],[139.74915713820675,35.77810951678917],[139.74915768404287,35.77811636748423]]]}},{"type":"Feature","properties":{"height":7.4,"gml_id":"bldg_94acd594-4959-4133-b16c-fbd98d0d422b"},"geometry":{"type":"Polygon","coordinates":[[[139.74662166070246,35.78222330984576],[139.74661094964674,35.78220599608032],[139.74670789356165,35.78216604572982],[139.7467549326246,35.78224332584308],[139.74665090738267,35.78228489356826],[139.74661192199852,35.78222735892679],[139.74662166070246,35.78222330984576]]]}},{"type":"Feature","properties":{"height":1.9,"gml_id":"bldg_4a161e05-aa35-4258-ba3d-5297491bc45b"},"geometry":{"type":"Polygon","coordinates":[[[139.73941358217039,35.77661966007118],[139.73942042627067,35.776631292922715],[139.7394042698977,35.776637589805205],[139.73939742579924,35.77662595695279],[139.73941358217039,35.77661966007118]]]}},{"type":"Feature","properties":{"height":5.4,"gml_id":"bldg_8a55b927-fe92-4b8c-82b5-1f1f4c4e2e97"},"geometry":{"type":"Polygon","coordinates":[[[139.7479555356952,35.77782780690434],[139.74792125603886,35.77781867885768],[139.7479346757212,35.77778524804254],[139.74796895526842,35.777794466221046],[139.7479555356952,35.77782780690434]]]}},{"type":"Feature","properties":{"height":4.5,"gml_id":"bldg_6c81afc8-a4a1-48ce-970e-fc3b36411e2b"},"geometry":{"type":"Polygon","coordinates":[[[139.73985742805286,35.77683380777646],[139.73981635613458,35.77676986962784],[139.73983561273224,35.77676087102907],[139.73989007548064,35.77681878048382],[139.73985742805286,35.77683380777646]]]}},{"type":"Feature","properties":{"height":3.9,"gml_id":"bldg_4d99513e-dd4d-4219-922b-313f1e786de5"},"geometry":{"type":"Polygon","coordinates":[[[139.74878896864163,35.78108662014589],[139.74876335119953,35.78104378769844],[139.7488291951219,35.78101760450892],[139.74885492330182,35.78106034688469],[139.74878896864163,35.78108662014589]]]}},{"type":"Feature","properties":{"height":9.4,"gml_id":"bldg_4af14e42-4282-4ede-a1bf-7f97356f48a4"},"geometry":{"type":"Polygon","coordinates":[[[139.74927445933253,35.782768711253425],[139.7492948428907,35.78284543091845],[139.7492869655849,35.78286768891303],[139.74917024295644,35.78288725684605],[139.74914345355626,35.78280115857081],[139.74919147243128,35.78279100685276],[139.74917405913374,35.78272997284764],[139.74923767705494,35.78271793917848],[139.7492533271577,35.78277266244785],[139.74927445933253,35.782768711253425]]]}},{"type":"Feature","properties":{"height":7.6,"gml_id":"bldg_3e2a900a-f4ca-4bb2-992d-b8c7b38755a8"},"geometry":{"type":"Polygon","coordinates":[[[139.74821780557173,35.77978916507471],[139.7483566406818,35.77977520209171],[139.74836752679232,35.779835961226],[139.74822835877663,35.779850825342486],[139.74821780557173,35.77978916507471]]]}},{"type":"Feature","properties":{"height":4.0,"gml_id":"bldg_57aef3cb-f20c-4708-b673-add66925f720"},"geometry":{"type":"Polygon","coordinates":[[[139.74956279189888,35.78313098725795],[139.749543986694,35.78313106429234],[139.74954211857442,35.78311925522415],[139.74956158833731,35.78311836743237],[139.74956279189888,35.78313098725795]]]}},{"type":"Feature","properties":{"height":6.6,"gml_id":"bldg_a7c593af-97b5-47b5-9fab-7fe96e3af207"},"geometry":{"type":"Polygon","coordinates":[[[139.7472305856979,35.778756048244226],[139.74723800245064,35.77875073554859],[139.74729027939676,35.778790342528495],[139.74724182937348,35.77879202043251],[139.7471942559822,35.778801360478184],[139.74713425441394,35.77874489254681],[139.74718185578362,35.77870959346698],[139.7472305856979,35.778756048244226]]]}},{"type":"Feature","properties":{"height":7.3,"gml_id":"bldg_1482d9b3-64fa-48ea-8cb4-32f0795eb5a5"},"geometry":{"type":"Polygon","coordinates":[[[139.73950263187115,35.77689428295455],[139.73942538607668,35.77692847423137],[139.73939557383926,35.77688392390913],[139.73939103651261,35.77688590335055],[139.73937171387144,35.77685695469304],[139.7393877606361,35.77684984650818],[139.7393762776016,35.776832531481446],[139.73944201400258,35.77680337885042],[139.73950263187115,35.77689428295455]]]}},{"type":"Feature","properties":{"height":7.7,"gml_id":"bldg_3ebaf86f-0eed-4d78-bd28-4653385cf07e"},"geometry":{"type":"Polygon","coordinates":[[[139.746954576445,35.77847841266712],[139.74705057498207,35.77838771493909],[139.74712440853602,35.778438784690024],[139.74702431864674,35.778528307776085],[139.746954576445,35.77847841266712]]]}},{"type":"Feature","properties":{"height":8.5,"gml_id":"bldg_458e052c-221e-434d-88b3-2c8855d1ff7c"},"geometry":{"type":"Polygon","coordinates":[[[139.7484170062298,35.780947188624395],[139.74841627505737,35.780906627063466],[139.74833652043486,35.78090756221299],[139.74833484711317,35.78081688456073],[139.74847300727242,35.78081517941918],[139.74847310936224,35.780823201564644],[139.7484806312845,35.78082311673656],[139.74848282327173,35.78094633372412],[139.7484170062298,35.780947188624395]]]}},{"type":"Feature","properties":{"height":7.2,"gml_id":"bldg_a35cf801-ca19-49df-9e00-3e1270fc23aa"},"geometry":{"type":"Polygon","coordinates":[[[139.74194592236532,35.775222884840524],[139.74187840270466,35.775169202752465],[139.7419214700853,35.775133271335804],[139.74198887913735,35.77518695331598],[139.74194592236532,35.775222884840524]]]}},{"type":"Feature","properties":{"height":7.4,"gml_id":"bldg_24851e91-5ef6-45b4-8de9-973276c05d23"},"geometry":{"type":"Polygon","coordinates":[[[139.73929056789316,35.77644596255704],[139.73926562291635,35.77640123573369],[139.73933732891263,35.77637461162669],[139.739334128044,35.77636884043912],[139.73936776789012,35.77635633786276],[139.7393902847087,35.77639664611854],[139.73935963256358,35.776408069407104],[139.73936526174217,35.776418169005666],[139.73929056789316,35.77644596255704]]]}},{"type":"Feature","properties":{"height":6.8,"gml_id":"bldg_cddd9f6d-d7b0-4965-9533-ce58c0b20fbf"},"geometry":{"type":"Polygon","coordinates":[[[139.7395326039764,35.775484313284274],[139.73957901602955,35.77552112485154],[139.7393147350039,35.77574211161366],[139.73926843355255,35.775705300032264],[139.7395326039764,35.775484313284274]]]}},{"type":"Feature","properties":{"height":7.9,"gml_id":"bldg_a884b72b-9288-4fa1-b240-50044996a3ca"},"geometry":{"type":"Polygon","coordinates":[[[139.74035805073896,35.77502562255317],[139.74041695146346,35.77497600328199],[139.74043396931586,35.77498944665343],[139.74043950511688,35.77498476387104],[139.74046215879642,35.77500262824257],[139.7404557373008,35.775008031427916],[139.74049739800995,35.775040873001984],[139.74043938298314,35.77508977191025],[139.74035805073896,35.77502562255317]]]}},{"type":"Feature","properties":{"height":8.3,"gml_id":"bldg_5e08ee3e-76f1-46c9-9639-ad46b2a08e5c"},"geometry":{"type":"Polygon","coordinates":[[[139.74064572737464,35.77494111701073],[139.7406761193918,35.774962592735186],[139.7406688114895,35.774969347285115],[139.7407153387657,35.77500237280497],[139.74065344219292,35.77506028240135],[139.74057663349268,35.775005781201436],[139.74064572737464,35.77494111701073]]]}},{"type":"Feature","properties":{"height":4.2,"gml_id":"bldg_816f9032-7a4b-43cc-a18f-319d3bfea019"},"geometry":{"type":"Polygon","coordinates":[[[139.7481530336712,35.777462987486174],[139.74813856274227,35.77744513036593],[139.7481725397478,35.7774267667462],[139.74813730147704,35.77738320624154],[139.74814847956202,35.777377175067265],[139.74813920041046,35.777365811395136],[139.74818645811158,35.77734042659319],[139.74824544649633,35.77741320785883],[139.7481530336712,35.777462987486174]]]}},{"type":"Feature","properties":{"height":20.9,"gml_id":"bldg_e02143bf-f03e-4b14-b904-385f4d2a8013"},"geometry":{"type":"Polygon","coordinates":[[[139.73985162524912,35.77810588839937],[139.73961185830157,35.77816726446266],[139.73943177932648,35.77769986056048],[139.73967143439683,35.7776384847634],[139.73970639156235,35.77772927862966],[139.7397113539371,35.777742171897366],[139.73985162524912,35.77810588839937]]]}},{"type":"Feature","properties":{"height":3.1,"gml_id":"bldg_1800a608-604d-4705-841b-5b47edf78164"},"geometry":{"type":"Polygon","coordinates":[[[139.73816200840983,35.77534451760259],[139.7381863140284,35.775368062259666],[139.73814923022013,35.77539345119149],[139.73812492460476,35.77536990652704],[139.73816200840983,35.77534451760259]]]}},{"type":"Feature","properties":{"height":7.7,"gml_id":"bldg_6e411b83-f3c6-46c7-8f71-dcc4e1810078"},"geometry":{"type":"Polygon","coordinates":[[[139.74962140856917,35.78134787479109],[139.74960742628994,35.781179491661966],[139.74971561466367,35.781173527847116],[139.74972970778583,35.781341911041025],[139.74962140856917,35.78134787479109]]]}},{"type":"Feature","properties":{"height":9.2,"gml_id":"bldg_f7058851-58e4-4b04-b4f8-3620a3d21ae7"},"geometry":{"type":"Polygon","coordinates":[[[139.74817543587199,35.78228282805304],[139.74819824212298,35.78226490720949],[139.74820332599256,35.782269147183285],[139.7482254680506,35.782251676542536],[139.74828205310692,35.7822994884616],[139.74823699417868,35.782334879889454],[139.74817543587199,35.78228282805304]]]}},{"type":"Feature","properties":{"height":9.3,"gml_id":"bldg_fdba7bce-3737-4375-a54d-9269dd61fbe0"},"geometry":{"type":"Polygon","coordinates":[[[139.73748949964482,35.77931986927093],[139.73747804880222,35.779275783801594],[139.73750725677797,35.7792706693453],[139.73751489847822,35.7792628336307],[139.73756734066743,35.77925314075026],[139.73758121812395,35.77930299682633],[139.73748949964482,35.77931986927093]]]}},{"type":"Feature","properties":{"height":5.0,"gml_id":"bldg_e2e87eb3-f093-4380-b5e3-94a618241ba4"},"geometry":{"type":"Polygon","coordinates":[[[139.73867015767112,35.77570257721557],[139.73864951170114,35.77567074305189],[139.73867131268076,35.775661295962266],[139.73869206915816,35.77569322034498],[139.73867015767112,35.77570257721557]]]}},{"type":"Feature","properties":{"height":3.2,"gml_id":"bldg_e9d07de5-6ffd-44d1-b1f4-c5f6a34d7f44"},"geometry":{"type":"Polygon","coordinates":[[[139.7376271147776,35.77829423485078],[139.73764973636477,35.77833914042249],[139.73760967885937,35.77835253876218],[139.737587057291,35.778307633183076],[139.7376271147776,35.77829423485078]]]}},{"type":"Feature","properties":{"height":6.5,"gml_id":"bldg_b8ceb473-da03-4a50-b52c-fca5dc015a7e"},"geometry":{"type":"Polygon","coordinates":[[[139.74785480205364,35.78007040130264],[139.74780944826543,35.7800722619065],[139.7477968519735,35.78005945368315],[139.74779393307864,35.7799962665039],[139.74784791558022,35.77999360081876],[139.74785480205364,35.78007040130264]]]}},{"type":"Feature","properties":{"height":2.8,"gml_id":"bldg_54965724-bb40-4512-83b5-c60824f612c4"},"geometry":{"type":"Polygon","coordinates":[[[139.73816968771365,35.77586172247839],[139.73819237409697,35.775851915633694],[139.73822141091355,35.77589655578354],[139.73819861391286,35.77590636254614],[139.73816968771365,35.77586172247839]]]}},{"type":"Feature","properties":{"height":6.6,"gml_id":"bldg_f4771316-22d7-4887-8a4d-bacdc4a2f264"},"geometry":{"type":"Polygon","coordinates":[[[139.74889781155235,35.78234453951691],[139.74893196492425,35.78247507988838],[139.74887078216395,35.782485763072295],[139.74883662888755,35.7823552226838],[139.74889781155235,35.78234453951691]]]}},{"type":"Feature","properties":{"height":3.5,"gml_id":"bldg_a12b6e1c-f964-4fef-9aeb-2434a1eefd66"},"geometry":{"type":"Polygon","coordinates":[[[139.73783875436052,35.779093726298974],[139.73785501528482,35.77909301812461],[139.73785881937548,35.779149355940646],[139.73784255843972,35.7791500641155],[139.73783875436052,35.779093726298974]]]}},{"type":"Feature","properties":{"height":9.0,"gml_id":"bldg_1a8e8920-cb96-4f69-8458-d506932c4932"},"geometry":{"type":"Polygon","coordinates":[[[139.7460851689131,35.7809061301959],[139.74609079266074,35.780922268557745],[139.74611170228593,35.78091921911274],[139.74610838924457,35.780914259248874],[139.74613782165167,35.780906258519764],[139.74616433289404,35.78093962793085],[139.74602423475625,35.780993697826865],[139.74599331678814,35.780944010631735],[139.7460851689131,35.7809061301959]]]}},{"type":"Feature","properties":{"height":6.8,"gml_id":"bldg_7db9ac68-bcc5-4b92-935e-37c5b2804109"},"geometry":{"type":"Polygon","coordinates":[[[139.74986733750785,35.78121356334053],[139.74985826645997,35.78121409785829],[139.74985575349046,35.78118426121322],[139.749902104158,35.781181679444764],[139.74990079362897,35.781165544253824],[139.74997878212514,35.7811612718238],[139.74998326062936,35.78121562672602],[139.74986799243956,35.78122194641066],[139.74986733750785,35.78121356334053]]]}},{"type":"Feature","properties":{"height":7.3,"gml_id":"bldg_9ce4a62b-72c2-45cc-b7ab-30e1a2c7513d"},"geometry":{"type":"Polygon","coordinates":[[[139.74939908074714,35.778286351855016],[139.74944011887592,35.778285208725535],[139.74944184671472,35.77832514004365],[139.7493587749102,35.778327425594625],[139.749356614998,35.77827766918288],[139.74939864862705,35.77827652676266],[139.74939908074714,35.778286351855016]]]}},{"type":"Feature","properties":{"height":6.6,"gml_id":"bldg_62022704-5167-4a02-a218-ea21bd17623f"},"geometry":{"type":"Polygon","coordinates":[[[139.73902629106806,35.77609810215065],[139.73903092885664,35.77610468569486],[139.73901587779352,35.77611170447825],[139.73901123989933,35.776105211069094],[139.73902629106806,35.77609810215065]]]}},{"type":"Feature","properties":{"height":4.4,"gml_id":"bldg_a3b8ead0-84fe-4bd7-9573-f83ce781cd43"},"geometry":{"type":"Polygon","coordinates":[[[139.749566803975,35.77983382807688],[139.74955944022975,35.77978866497565],[139.74957902026668,35.77978732657851],[139.7495836187742,35.77983239761719],[139.749566803975,35.77983382807688]]]}},{"type":"Feature","properties":{"height":4.9,"gml_id":"bldg_ac552e4d-5814-4885-b088-d051d6f929e2"},"geometry":{"type":"Polygon","coordinates":[[[139.74844126580575,35.78205893881085],[139.74848554566867,35.78202778312999],[139.7484973697874,35.78203896829108],[139.74845297930605,35.782070123898144],[139.74844126580575,35.78205893881085]]]}},{"type":"Feature","properties":{"height":7.4,"gml_id":"bldg_8a0a7506-dc3e-40a7-83ad-dd1e5f95d3a5"},"geometry":{"type":"Polygon","coordinates":[[[139.7462885708904,35.78234466217774],[139.74626195991544,35.78230083699593],[139.7463541444431,35.782263767825576],[139.74638075545644,35.78230759298731],[139.7462885708904,35.78234466217774]]]}},{"type":"Feature","properties":{"height":4.8,"gml_id":"bldg_ffac77eb-e2f3-496e-8fe9-286363126e66"},"geometry":{"type":"Polygon","coordinates":[[[139.74484588581043,35.780560996640794],[139.74484345847947,35.78055540644395],[139.74484169833318,35.78054666198998],[139.7448418187369,35.78053782878411],[139.74484381949017,35.78052908709753],[139.74484592626308,35.78052449172917],[139.74484758957826,35.780520797391034],[139.74485312880094,35.78051313993566],[139.74486021562893,35.78050638497517],[139.7448686285332,35.78050080275331],[139.74487814628458,35.780496393107086],[139.74488832602552,35.780493516253145],[139.74489905734148,35.78049199183884],[139.74491000808968,35.78049209002676],[139.74492073591207,35.78049372035599],[139.7449309089654,35.780496882582675],[139.74494019560578,35.78050139619182],[139.74494848531864,35.78050717096678],[139.74495544645973,35.78051402639271],[139.7449607473845,35.780521781954825],[139.74496438849158,35.78053007711099],[139.74496614865097,35.780538821563184],[139.7449660281613,35.78054774490479],[139.74496402752064,35.78055639645783],[139.74496014672846,35.780564776222235],[139.74495460761221,35.780572343546886],[139.74494763140106,35.78057909859415],[139.74493921839425,35.78058477095706],[139.7449297007355,35.78058909047246],[139.7449194102693,35.7805920573841],[139.7449086790401,35.7805934916646],[139.74489783889274,35.78059339355787],[139.7448871110574,35.78059176322662],[139.74487693799375,35.78058860099628],[139.74486754073206,35.78058408730093],[139.7448592510171,35.780578312520454],[139.74485240049341,35.78057145717041],[139.74484709947603,35.78056379173918],[139.74484588581043,35.780560996640794]]]}},{"type":"Feature","properties":{"height":9.3,"gml_id":"bldg_04dfccfe-5dc5-43ad-95b8-4137c5a0e406"},"geometry":{"type":"Polygon","coordinates":[[[139.7490378577073,35.78171143490393],[139.7490914078226,35.78180512336112],[139.74898174282674,35.78184677929155],[139.74892830342876,35.78175309086395],[139.7490378577073,35.78171143490393]]]}},{"type":"Feature","properties":{"height":7.9,"gml_id":"bldg_f8eb2ac5-3bfc-4c82-ac65-77b7370cf291"},"geometry":{"type":"Polygon","coordinates":[[[139.74728085183577,35.780251074531975],[139.74726149647074,35.780249077696],[139.74725538110667,35.780278367409714],[139.7471910092992,35.780273003313106],[139.74720104343723,35.78019991047652],[139.74728852909413,35.780209437348304],[139.74728085183577,35.780251074531975]]]}},{"type":"Feature","properties":{"height":7.5,"gml_id":"bldg_1f937bbe-b8a8-46e7-a0e6-1199eb0213f0"},"geometry":{"type":"Polygon","coordinates":[[[139.74646177025448,35.781454697987165],[139.74659919689353,35.781416489532894],[139.7466322981842,35.78149339910766],[139.74649509168032,35.781532509114584],[139.74646177025448,35.781454697987165]]]}},{"type":"Feature","properties":{"height":6.7,"gml_id":"bldg_46b4ee82-4525-4756-9980-883a7988ad32"},"geometry":{"type":"Polygon","coordinates":[[[139.73831569794987,35.776320448464524],[139.738254056104,35.776347891140794],[139.73823926070304,35.77632588632833],[139.73824922075656,35.77632147755328],[139.7382348670457,35.776300104039386],[139.73828665942514,35.77627707023911],[139.73831569794987,35.776320448464524]]]}},{"type":"Feature","properties":{"height":6.8,"gml_id":"bldg_64a92e4c-1757-443b-8d5d-28509cbb469c"},"geometry":{"type":"Polygon","coordinates":[[[139.74734043362264,35.779055016769895],[139.74732081855024,35.77898631935245],[139.74743565570517,35.77896657158023],[139.7474536114885,35.779035448065684],[139.74734043362264,35.779055016769895]]]}},{"type":"Feature","properties":{"height":2.8,"gml_id":"bldg_dc2deabf-db3f-490e-bbf4-2f03e40ae5fa"},"geometry":{"type":"Polygon","coordinates":[[[139.73942979847772,35.779008178500746],[139.73941421048224,35.77900104560975],[139.73942927943816,35.778979244543244],[139.73944486743073,35.778986377432304],[139.73942979847772,35.779008178500746]]]}},{"type":"Feature","properties":{"height":9.9,"gml_id":"bldg_8c88a304-9a41-4c00-a055-37eeb4683b84"},"geometry":{"type":"Polygon","coordinates":[[[139.74914650613098,35.78158460002531],[139.74913765837238,35.781478233768595],[139.74921177536893,35.78147422953278],[139.7492206233208,35.78158050564867],[139.74914650613098,35.78158460002531]]]}},{"type":"Feature","properties":{"height":5.6,"gml_id":"bldg_55137dc5-5287-423d-be90-885c7d43654f"},"geometry":{"type":"Polygon","coordinates":[[[139.73947199339,35.77538809117221],[139.739514865387,35.77542535068053],[139.73946626490266,35.77546253881455],[139.7394233930144,35.77542518915348],[139.73947199339,35.77538809117221]]]}},{"type":"Feature","properties":{"height":7.2,"gml_id":"bldg_cd40ecfb-02d1-4011-aa4f-066bb3d5f802"},"geometry":{"type":"Polygon","coordinates":[[[139.74762139676704,35.77987310846919],[139.7476266648817,35.77980857508372],[139.74772787060854,35.77981405530826],[139.74772260257532,35.7798785886982],[139.74762139676704,35.77987310846919]]]}},{"type":"Feature","properties":{"height":7.0,"gml_id":"bldg_90b646f5-00a9-483f-8657-62e33ee726c3"},"geometry":{"type":"Polygon","coordinates":[[[139.7491982806498,35.779269141216986],[139.74920406204063,35.77934612113194],[139.74913647442492,35.77934895817337],[139.74913024922162,35.77927332997973],[139.7491982806498,35.779269141216986]]]}},{"type":"Feature","properties":{"height":3.4,"gml_id":"bldg_ade66654-5b91-4789-b894-d46cdd48afd1"},"geometry":{"type":"Polygon","coordinates":[[[139.7461995739983,35.77956183972222],[139.74619829237233,35.779519925705266],[139.74628490267193,35.77951989829195],[139.74628408593233,35.77955883631193],[139.7461995739983,35.77956183972222]]]}},{"type":"Feature","properties":{"height":9.1,"gml_id":"bldg_75f96c22-b173-4ace-97d8-917c66896e20"},"geometry":{"type":"Polygon","coordinates":[[[139.74633536720438,35.78244141157312],[139.74629561374257,35.782378287865896],[139.74640584013326,35.7823309562511],[139.7464364299846,35.7823779390232],[139.74641208271078,35.78238846729641],[139.7464229051499,35.782405060074474],[139.74633536720438,35.78244141157312]]]}},{"type":"Feature","properties":{"height":7.6,"gml_id":"bldg_01370199-8338-4689-b265-878f7a6c1a58"},"geometry":{"type":"Polygon","coordinates":[[[139.7468007899208,35.78320699883205],[139.74692982851641,35.78315391159962],[139.7469753263456,35.78322506128502],[139.74684662020397,35.78327751785535],[139.7468007899208,35.78320699883205]]]}},{"type":"Feature","properties":{"height":7.4,"gml_id":"bldg_8656d7c8-ad88-4e23-b258-536666131243"},"geometry":{"type":"Polygon","coordinates":[[[139.7385004525337,35.7761955760517],[139.73854041562495,35.77626068554518],[139.7384706982833,35.77628911346037],[139.73845148951293,35.77625782121367],[139.73843345150547,35.77626519811024],[139.73841269712594,35.77623147097322],[139.7385004525337,35.7761955760517]]]}},{"type":"Feature","properties":{"height":8.2,"gml_id":"bldg_d1e2e1de-a1d5-41b1-ba92-3f2d0def9e67"},"geometry":{"type":"Polygon","coordinates":[[[139.74886616601773,35.78287586683114],[139.7488516196686,35.782823668085456],[139.7489529655443,35.78280490089367],[139.7489675119563,35.78285709962736],[139.74886616601773,35.78287586683114]]]}},{"type":"Feature","properties":{"height":4.9,"gml_id":"bldg_0083cf2b-f28c-4360-979e-6bc06955f10a"},"geometry":{"type":"Polygon","coordinates":[[[139.74004949197067,35.7780258212757],[139.73997143545142,35.77799583565484],[139.73998949762418,35.77796799774647],[139.73994814962043,35.77795038918643],[139.74003513812403,35.77781453207589],[139.7401529910826,35.77786455862137],[139.74004949197067,35.7780258212757]]]}},{"type":"Feature","properties":{"height":4.1,"gml_id":"bldg_20c96677-dcc1-4ae8-a3c9-4194bd9294d5"},"geometry":{"type":"Polygon","coordinates":[[[139.7395085164931,35.77546302246282],[139.73952365555368,35.775475112460285],[139.7392615901905,35.77569312635659],[139.7392464511284,35.7756810363266],[139.7395085164931,35.77546302246282]]]}},{"type":"Feature","properties":{"height":6.7,"gml_id":"bldg_0c91dee8-7002-46b9-aeb6-eb2816eb4c11"},"geometry":{"type":"Polygon","coordinates":[[[139.74990261768565,35.777831607088366],[139.7499011603804,35.777744264581194],[139.74996055905754,35.777743674824194],[139.74996180320423,35.77782335564822],[139.74994156121312,35.777823521885324],[139.74994166391784,35.77783109335553],[139.74990261768565,35.777831607088366]]]}},{"type":"Feature","properties":{"height":7.5,"gml_id":"bldg_496acca6-7bd9-44f1-b8b7-2443428aabfc"},"geometry":{"type":"Polygon","coordinates":[[[139.74801169637655,35.77816621617297],[139.7478531362431,35.77811319392262],[139.74789713148942,35.77803606902869],[139.7479960902088,35.77807201329707],[139.7480017429417,35.77806120102438],[139.74805603295817,35.77808007789395],[139.74801169637655,35.77816621617297]]]}},{"type":"Feature","properties":{"height":2.1,"gml_id":"bldg_70579de6-e5a1-42a8-96ae-1cc49dd0efdb"},"geometry":{"type":"Polygon","coordinates":[[[139.7375900853925,35.77808842560274],[139.7376051354408,35.7780826688993],[139.73761705639387,35.778103589867484],[139.73760200645054,35.778109256436764],[139.7375900853925,35.77808842560274]]]}}]}