{"type":"FeatureCollection","crs":{"type":"name","properties":{"name":"urn:ogc:def:crs:OGC:1.3:CRS84"}},"features":[{"type":"Feature","properties":{"height":25.4,"gml_id":"bldg_e4250f28-6144-4ee2-84de-2a00d881a6ba"},"geometry":{"type":"Polygon","coordinates":[[[139.75980974219578,35.699034067626656],[139.75979438196478,35.699046578257956],[139.75973963138318,35.69909117157188],[139.7597134178458,35.69906975704459],[139.75967946393766,35.699042019179515],[139.759670685614,35.69903484792501],[139.7596443396106,35.699013325137194],[139.75971445042276,35.698956221246746],[139.75980974219578,35.699034067626656]]]}},{"type":"Feature","properties":{"height":111.3,"gml_id":"bldg_3ac59ce2-7714-4763-8eb9-fcf69ef8dcab"},"geometry":{"type":"Polygon","coordinates":[[[139.75032786284754,35.695538973227066],[139.7509772694374,35.695632801135105],[139.75090066358536,35.695985184113646],[139.75042912902398,35.69591707731716],[139.75043412520944,35.69589409584018],[139.7502563609625,35.69586837440076],[139.75032786284754,35.695538973227066]]]}},{"type":"Feature","properties":{"height":7.7,"gml_id":"bldg_36870e8a-957f-45a8-bf4b-1a3968177f71"},"geometry":{"type":"Polygon","coordinates":[[[139.75926657883565,35.69472152110194],[139.75923432486348,35.69472167341401],[139.75923397263728,35.694672420561346],[139.75926623763752,35.6946722700589],[139.75926657883565,35.69472152110194]]]}},{"type":"Feature","properties":{"height":6.6,"gml_id":"bldg_c1bdb617-db0b-432c-bb92-7732720dad8f"},"geometry":{"type":"Polygon","coordinates":[[[139.76249220824778,35.69987791525765],[139.76243660765192,35.6998976215983],[139.7624214938455,35.69986921957814],[139.76242934204663,35.69986643085938],[139.76245893304858,35.6998559473394],[139.76247709442532,35.69984951324435],[139.76249220824778,35.69987791525765]]]}},{"type":"Feature","properties":{"height":3.3,"gml_id":"bldg_de20b01b-b2ca-4db8-b9c4-c30270ede402"},"geometry":{"type":"Polygon","coordinates":[[[139.75030102248388,35.69957943173067],[139.75033416080174,35.69959153292633],[139.75030814377533,35.699638656570706],[139.75027511603824,35.69962646530738],[139.75030102248388,35.69957943173067]]]}},{"type":"Feature","properties":{"height":4.7,"gml_id":"bldg_89cbba99-7e8d-40bd-a735-f64311df372b"},"geometry":{"type":"Polygon","coordinates":[[[139.7561181252204,35.69540718942167],[139.75611706105119,35.69545656485535],[139.75606563633943,35.69545586484468],[139.75606680006769,35.695406406549395],[139.7561181252204,35.69540718942167]]]}},{"type":"Feature","properties":{"height":39.8,"gml_id":"bldg_b2d42f06-d434-4ede-bd0d-eadff1942efd"},"geometry":{"type":"Polygon","coordinates":[[[139.7561994152408,35.696167347408135],[139.75622692839784,35.69616826640391],[139.75621711628688,35.69636325334141],[139.75621453652175,35.696414512560374],[139.7559903423414,35.69640697659303],[139.75596824335278,35.69640624219815],[139.75597083430767,35.696355001019086],[139.7559781343464,35.696210299881905],[139.75598119865916,35.6961494504081],[139.75599887774052,35.69615009272559],[139.7560032735744,35.69606058957476],[139.75608581345196,35.69606280585635],[139.75608130816835,35.69615131743373],[139.75609721936965,35.69615186756391],[139.75610105156582,35.696073812339826],[139.7562039218712,35.69607730259813],[139.7561994152408,35.696167347408135]]]}},{"type":"Feature","properties":{"height":12.1,"gml_id":"bldg_acd74613-1224-42f9-9062-dd1ca8ec795e"},"geometry":{"type":"Polygon","coordinates":[[[139.76217433329234,35.69535186313713],[139.76213961335918,35.6953787124325],[139.76198901063725,35.695249267733516],[139.76202384113367,35.69522233742324],[139.76217433329234,35.69535186313713]]]}},{"type":"Feature","properties":{"height":21.9,"gml_id":"bldg_60ae58e8-1662-4ae0-a7f1-12bb8ecebc69"},"geometry":{"type":"Polygon","coordinates":[[[139.76208306797648,35.6925010742437],[139.76208036207328,35.69248732675093],[139.76223156784607,35.69246695505596],[139.76227051159205,35.6926595016493],[139.76213525161157,35.692677673566706],[139.76213486658253,35.6926757633362],[139.76203115613916,35.69268973628233],[139.76202809775916,35.6926747537033],[139.76184277814582,35.692699710887666],[139.76184515469822,35.69271103440609],[139.761742007709,35.69272496958004],[139.76170515199743,35.692534128551415],[139.76178791029727,35.692522955709386],[139.76179147474565,35.69254034525326],[139.76208306797648,35.6925010742437]]]}},{"type":"Feature","properties":{"height":12.3,"gml_id":"bldg_f42a1822-d4a4-4c76-9082-a2ef9ab295fd"},"geometry":{"type":"Polygon","coordinates":[[[139.75587113519427,35.69981326455089],[139.7558862456198,35.69984274903277],[139.7558784954932,35.69985815655072],[139.75588214122567,35.699859061166684],[139.75586298380676,35.69990078221252],[139.75576058056527,35.699866374113085],[139.7557622302319,35.69986310320756],[139.7557834433841,35.69982104098184],[139.75579711677793,35.69979392760368],[139.75587113519427,35.69981326455089]]]}},{"type":"Feature","properties":{"height":11.8,"gml_id":"bldg_83d07f9d-3315-439e-bc4f-148b70d4dbbb"},"geometry":{"type":"Polygon","coordinates":[[[139.760594521481,35.694782695553215],[139.76059433619946,35.69479204264361],[139.76059290160615,35.69486300660184],[139.76055654873193,35.69486253394489],[139.76055760174427,35.69481025514738],[139.76055816864323,35.69478222289679],[139.760594521481,35.694782695553215]]]}},{"type":"Feature","properties":{"height":9.5,"gml_id":"bldg_cee9af03-15fb-4297-84e0-96ceed6123be"},"geometry":{"type":"Polygon","coordinates":[[[139.75669776847138,35.69946354879317],[139.75676442148952,35.699488982769644],[139.75671129155853,35.69958160967699],[139.75664463848028,35.69955617567141],[139.75660127092294,35.69953962594381],[139.7566127603106,35.6995195868246],[139.7566544009531,35.6994469990845],[139.75669776847138,35.69946354879317]]]}},{"type":"Feature","properties":{"height":19.6,"gml_id":"bldg_1b4d8f06-2642-4945-a5a5-d080510486b5"},"geometry":{"type":"Polygon","coordinates":[[[139.7597020340536,35.69740120782755],[139.75974514394096,35.69742102825615],[139.75971526930405,35.697464185572024],[139.7596721815257,35.69744433810531],[139.75959984579262,35.69741102428357],[139.75962972038883,35.697367957132876],[139.7597020340536,35.69740120782755]]]}},{"type":"Feature","properties":{"height":37.0,"gml_id":"bldg_c5f96eba-39e4-478e-a298-b110f06ed7d7"},"geometry":{"type":"Polygon","coordinates":[[[139.76026387099998,35.692531144132154],[139.76024972027363,35.69278171636845],[139.75980510976564,35.6927650406935],[139.7598192617968,35.69251455864736],[139.76026387099998,35.692531144132154]]]}},{"type":"Feature","properties":{"height":12.6,"gml_id":"bldg_dd26d3cf-6885-4be2-bc85-58fa8725ad3b"},"geometry":{"type":"Polygon","coordinates":[[[139.75679089350416,35.698175470719455],[139.7568211379118,35.69818672100527],[139.75678903778538,35.69824411780421],[139.75675879335972,35.69823286841179],[139.75669901150087,35.69821061973341],[139.7567311116783,35.6981532229582],[139.75679089350416,35.698175470719455]]]}},{"type":"Feature","properties":{"height":38.4,"gml_id":"bldg_253a3257-5c7d-4274-ae22-907d095e2998"},"geometry":{"type":"Polygon","coordinates":[[[139.75438465393208,35.69634145115905],[139.75429825865257,35.69633798729009],[139.75430070760783,35.6962973551704],[139.75430613257114,35.69620826739045],[139.75430901913916,35.69616086627344],[139.75431043438385,35.69613758483312],[139.75431268064222,35.69610079241205],[139.75431980155338,35.6959838705553],[139.7544135000731,35.695987629437944],[139.7543944064951,35.69630111226544],[139.75438710284368,35.69630081903755],[139.75438465393208,35.69634145115905]]]}},{"type":"Feature","properties":{"height":8.6,"gml_id":"bldg_384964a7-76fe-406e-9029-c62632a6e615"},"geometry":{"type":"Polygon","coordinates":[[[139.7617028361377,35.696347425435086],[139.76177747439013,35.6962894126265],[139.76181368498777,35.69632621001491],[139.761720573992,35.696406024995206],[139.7617028361377,35.696347425435086]]]}},{"type":"Feature","properties":{"height":9.2,"gml_id":"bldg_38fb4f0c-4547-4ef3-8f51-c3d27758742c"},"geometry":{"type":"Polygon","coordinates":[[[139.75776654600108,35.699749570817154],[139.75773457914315,35.69978290139028],[139.75764943254384,35.69972858458152],[139.7576812889116,35.69969525486262],[139.75776654600108,35.699749570817154]]]}},{"type":"Feature","properties":{"height":19.1,"gml_id":"bldg_51f20cba-1566-46f7-b617-43319c2b65d0"},"geometry":{"type":"Polygon","coordinates":[[[139.75907843473868,35.69627357239174],[139.75911536253392,35.69627437034273],[139.75906588691385,35.69636375566523],[139.75903872692462,35.696363189070304],[139.7590236110405,35.69636286426082],[139.7589952797943,35.69636226989197],[139.75899539405705,35.69635821380062],[139.7589272179085,35.69635672858726],[139.75892995007752,35.69627037999637],[139.75907843473868,35.69627357239174]]]}},{"type":"Feature","properties":{"height":35.0,"gml_id":"bldg_631ca2be-0476-4748-8c30-070ee7c8579b"},"geometry":{"type":"Polygon","coordinates":[[[139.76206971887206,35.69209289899012],[139.7619445165085,35.692108959330795],[139.76191185161932,35.69193913086422],[139.76221408240352,35.69190054187027],[139.76222123087487,35.691938312594914],[139.7623323987233,35.691924136566165],[139.76236693391888,35.692104071280916],[139.7622031653837,35.69212497744864],[139.76222747166983,35.69225181366021],[139.7621032636848,35.69226769357743],[139.76206971887206,35.69209289899012]]]}},{"type":"Feature","properties":{"height":18.0,"gml_id":"bldg_b84ab38f-9b82-467b-b3f2-0121f874f4ce"},"geometry":{"type":"Polygon","coordinates":[[[139.75794749230252,35.69793252540173],[139.7579417809227,35.69794267033914],[139.75792826618306,35.69796669237338],[139.7578964661556,35.69802317026181],[139.75788486768778,35.69801880938012],[139.75785349660524,35.69800700881961],[139.75787109558996,35.697975831582674],[139.75788534078035,35.697950612093265],[139.75789889971335,35.69792660811888],[139.7579046332069,35.69791645328225],[139.75794749230252,35.69793252540173]]]}},{"type":"Feature","properties":{"height":33.1,"gml_id":"bldg_f98c7fe4-936c-43dd-b31f-a55b1d75a889"},"geometry":{"type":"Polygon","coordinates":[[[139.76010138382767,35.6962615438296],[139.76018931416309,35.69631455273876],[139.76021454916142,35.69632975614273],[139.76011201372506,35.69644290580379],[139.76010438248267,35.6964383041782],[139.76008681185192,35.696427711412454],[139.76005372473725,35.6964077710133],[139.7600162643113,35.69638519594304],[139.75998357481132,35.6963654901227],[139.76000097378986,35.69634629344435],[139.7600861103296,35.69625234056968],[139.76010138382767,35.6962615438296]]]}},{"type":"Feature","properties":{"height":11.5,"gml_id":"bldg_4a91a506-0549-4ad1-bba1-975fc0b0f6a6"},"geometry":{"type":"Polygon","coordinates":[[[139.75005928945205,35.69857748340708],[139.75009142718554,35.69859499219259],[139.75003455699007,35.69866462866863],[139.75000236399043,35.69864711982988],[139.74997017100486,35.69862961098247],[139.75002715173267,35.698559974612955],[139.75005928945205,35.69857748340708]]]}},{"type":"Feature","properties":{"height":9.3,"gml_id":"bldg_a0370de1-64d2-49a0-89e2-eda8326d102d"},"geometry":{"type":"Polygon","coordinates":[[[139.75866911815652,35.69680455020987],[139.75866575351765,35.69681041603667],[139.75865590310764,35.6968275719966],[139.75863834942814,35.69685816259131],[139.75859096224144,35.69684001565589],[139.75860670074968,35.6968126418294],[139.75861838842752,35.69679229616669],[139.75862173091045,35.69678649342329],[139.75866911815652,35.69680455020987]]]}},{"type":"Feature","properties":{"height":29.0,"gml_id":"bldg_974b75ac-7edf-4b9b-a985-a550060c9724"},"geometry":{"type":"Polygon","coordinates":[[[139.7540425773316,35.69898254421106],[139.75387025587602,35.69892032626149],[139.75391077366214,35.69884563042146],[139.75391475905604,35.69883824092455],[139.75396130793206,35.698854992020316],[139.75400058839722,35.69886912433813],[139.75399649250872,35.698876512863656],[139.7540987808152,35.69891335608863],[139.75408029337618,35.69894732642676],[139.7540646075461,35.698941816846656],[139.7540425773316,35.69898254421106]]]}},{"type":"Feature","properties":{"height":26.0,"gml_id":"bldg_102b7c60-e19e-4321-bde1-5c9cfccf96a8"},"geometry":{"type":"Polygon","coordinates":[[[139.76082679340516,35.693698686297594],[139.7608294264771,35.69373166900169],[139.76083102168778,35.693751572205876],[139.76083140417742,35.69375625955876],[139.76083387346054,35.693787087890186],[139.76083426676342,35.69379203664678],[139.76072256208687,35.693797989569106],[139.76071189847178,35.693664860743915],[139.760717887576,35.69366453986368],[139.76075774494802,35.69366240962602],[139.76082360296428,35.69365890692977],[139.76082679340516,35.693698686297594]]]}},{"type":"Feature","properties":{"height":22.1,"gml_id":"bldg_b68c5d17-af20-4643-890f-9937c91db436"},"geometry":{"type":"Polygon","coordinates":[[[139.7561858200749,35.69835117590009],[139.7561471791482,35.69841859155698],[139.7561309191719,35.6984469562253],[139.75608701110866,35.69843015357982],[139.7560459750337,35.69841445243249],[139.75610087601584,35.69831867214561],[139.7561858200749,35.69835117590009]]]}},{"type":"Feature","properties":{"height":21.4,"gml_id":"bldg_2717a323-970c-42fe-a62a-d2a6e6a9aadb"},"geometry":{"type":"Polygon","coordinates":[[[139.7590478697432,35.69899132566317],[139.75909690439013,35.69902182218325],[139.758999156809,35.699126202574675],[139.75896184740296,35.699166047976796],[139.7589210625351,35.69914061318208],[139.75891301158143,35.69913559659379],[139.75886388865905,35.69910496473945],[139.7589988351336,35.69896082912303],[139.7590478697432,35.69899132566317]]]}},{"type":"Feature","properties":{"height":14.2,"gml_id":"bldg_70372a7c-38a6-449d-b720-2c9e110ccdac"},"geometry":{"type":"Polygon","coordinates":[[[139.759524406802,35.69675227455842],[139.75956297718017,35.69676949722857],[139.7595275688525,35.69682229576224],[139.75948900955547,35.6968050199069],[139.7594598608956,35.69679196822283],[139.75949526917137,35.69673925984572],[139.759524406802,35.69675227455842]]]}},{"type":"Feature","properties":{"height":9.1,"gml_id":"bldg_eb461345-cb30-4551-8174-5be7f21eb1db"},"geometry":{"type":"Polygon","coordinates":[[[139.75478253512713,35.69364980842096],[139.75484144298585,35.69374809523957],[139.75432889001928,35.69393921086338],[139.75427329696328,35.69384146589484],[139.75478253512713,35.69364980842096]]]}},{"type":"Feature","properties":{"height":17.4,"gml_id":"bldg_5c9b3ab3-5f0a-4801-b830-8a821af2e364"},"geometry":{"type":"Polygon","coordinates":[[[139.75802056543276,35.69742816408676],[139.75800325452087,35.69745870966899],[139.7579935918313,35.697475767440984],[139.7579848146311,35.697491237554],[139.75794491620175,35.69747618674952],[139.75790196906027,35.697459998296246],[139.75791955666799,35.697429020244776],[139.7579204532103,35.69742743439675],[139.75793783049775,35.6973968347857],[139.75802056543276,35.69742816408676]]]}},{"type":"Feature","properties":{"height":7.6,"gml_id":"bldg_1cde47d2-7e00-4ad0-aa51-260f03d71927"},"geometry":{"type":"Polygon","coordinates":[[[139.75432977941944,35.69897516155221],[139.7543162204755,35.69899791221685],[139.75430266152384,35.69902066287988],[139.75422412530128,35.6989895140649],[139.75423757367986,35.69896685257347],[139.75425113272894,35.69894401268211],[139.75432977941944,35.69897516155221]]]}},{"type":"Feature","properties":{"height":13.2,"gml_id":"bldg_ceb96d6f-ff14-41b2-a5b6-9cb78f46f54a"},"geometry":{"type":"Polygon","coordinates":[[[139.75920307666246,35.69510363565476],[139.7592022701535,35.69513932939041],[139.75906514628014,35.69513654076062],[139.75906605757973,35.695107067441526],[139.7590830794932,35.69510121813881],[139.75920307666246,35.69510363565476]]]}},{"type":"Feature","properties":{"height":13.0,"gml_id":"bldg_fb88a96d-340c-44a7-a054-fc799f1bb328"},"geometry":{"type":"Polygon","coordinates":[[[139.76049418446516,35.69673401043101],[139.7604850897834,35.69674684042589],[139.76042602961326,35.69683014437028],[139.76039642301686,35.696822285423906],[139.7604586918637,35.69673438465047],[139.76046778654828,35.69672155465754],[139.76049418446516,35.69673401043101]]]}},{"type":"Feature","properties":{"height":49.6,"gml_id":"bldg_dd9a63e4-7cb6-44d6-b713-11238815ad22"},"geometry":{"type":"Polygon","coordinates":[[[139.75952497161157,35.69376484889858],[139.75935768375518,35.69376339415922],[139.75935935270394,35.69363125438429],[139.75935966228823,35.693607106879504],[139.75924630682852,35.69360604566269],[139.75924704358667,35.69355015217891],[139.75928128557877,35.69355044365864],[139.75928440632634,35.69330617437421],[139.7593635416308,35.69330688102595],[139.7593655645951,35.69315031433692],[139.759428192085,35.69315086658262],[139.75943009635898,35.693003043102784],[139.75958596870075,35.69300440962472],[139.75958406952722,35.69314700516546],[139.75962454313247,35.69314738058689],[139.75961944375973,35.69353772555923],[139.75957873786993,35.6935374031745],[139.75957765880932,35.693617299926814],[139.7595268758897,35.69361684515827],[139.75952497161157,35.69376484889858]]]}},{"type":"Feature","properties":{"height":13.1,"gml_id":"bldg_880e45a5-fa8e-49f7-9fbe-b25484107ccc"},"geometry":{"type":"Polygon","coordinates":[[[139.75589408037658,35.699625524195476],[139.755877802808,35.69966030655823],[139.75596661789123,35.69969064966667],[139.75595986162412,35.69970677982543],[139.7559200669624,35.699720815592556],[139.75585169500727,35.69970180680261],[139.7558248389414,35.699694344206556],[139.75583723287284,35.699664742221515],[139.75585784511654,35.69961549568499],[139.75589408037658,35.699625524195476]]]}},{"type":"Feature","properties":{"height":14.6,"gml_id":"bldg_9db0d5ba-acf5-45e5-90d5-48a723c521ee"},"geometry":{"type":"Polygon","coordinates":[[[139.75648839737494,35.69959192256586],[139.75646681281944,35.69962994654826],[139.75635833833158,35.69958895598781],[139.7563798123381,35.69955102209084],[139.75648839737494,35.69959192256586]]]}},{"type":"Feature","properties":{"height":7.9,"gml_id":"bldg_cba53982-21a0-41b4-88d1-16b2115fc2eb"},"geometry":{"type":"Polygon","coordinates":[[[139.7557966075634,35.698596341556275],[139.75582257744142,35.69860566942288],[139.75577540797659,35.69869320703386],[139.75576014235352,35.69872154525029],[139.7557081141768,35.69870285337305],[139.75572336873833,35.698674542197075],[139.7557705493253,35.69858697757237],[139.7557966075634,35.698596341556275]]]}},{"type":"Feature","properties":{"height":5.1,"gml_id":"bldg_59e57f33-21c3-43c3-a42b-c7b027ea5f75"},"geometry":{"type":"Polygon","coordinates":[[[139.75464793028,35.693335051444066],[139.75459830067507,35.69335304638887],[139.75458991835464,35.69333753734663],[139.75463954786244,35.693319633443515],[139.75464793028,35.693335051444066]]]}},{"type":"Feature","properties":{"height":48.9,"gml_id":"bldg_9bd25600-2395-434f-bd7a-48588c39dd2c"},"geometry":{"type":"Polygon","coordinates":[[[139.7566323328082,35.693412588046876],[139.75666846090513,35.69341630667652],[139.75671873089775,35.69342147558675],[139.75670575632918,35.69350498013585],[139.7566962727341,35.693566041897505],[139.75662319882446,35.69355852299985],[139.75662117697377,35.693558314396405],[139.7565143613737,35.69354732168015],[139.75649344681813,35.69354517208582],[139.75646978122805,35.693542732293025],[139.75646878029136,35.693549491926824],[139.7563903258658,35.69354141961663],[139.75628272587906,35.69353035408389],[139.75630585199104,35.69338137156553],[139.75632063466483,35.693382896226076],[139.75641335233522,35.69339243791544],[139.75641368606827,35.69339009456734],[139.7566323328082,35.693412588046876]]]}},{"type":"Feature","properties":{"height":17.3,"gml_id":"bldg_c43d7286-6aa2-4a8f-a304-eea73647abb0"},"geometry":{"type":"Polygon","coordinates":[[[139.76094094617926,35.696351197081626],[139.7609292172049,35.69636905516752],[139.7608697977213,35.69645949886552],[139.76080926845225,35.69643305229239],[139.7608686217254,35.696342564416945],[139.7608803064709,35.69632474957598],[139.76094094617926,35.696351197081626]]]}},{"type":"Feature","properties":{"height":17.6,"gml_id":"bldg_ae6776fa-d15a-4b55-b1e2-4ada13c607e2"},"geometry":{"type":"Polygon","coordinates":[[[139.7524769480035,35.69256005728739],[139.75275597820462,35.69285490217302],[139.75265392905806,35.69291801984573],[139.75236925866835,35.69262830874155],[139.7524769480035,35.69256005728739]]]}},{"type":"Feature","properties":{"height":21.2,"gml_id":"bldg_b25ca728-4292-4823-b7ea-dae7d295454f"},"geometry":{"type":"Polygon","coordinates":[[[139.7607823146926,35.69679033883651],[139.76074100637916,35.69677012326129],[139.76073658094828,35.69677615976653],[139.76059829733242,35.69670883414327],[139.7606017269709,35.69670423923223],[139.76055997691603,35.6966838430539],[139.76062164537808,35.69659969242864],[139.76065611946387,35.69655266177018],[139.7607070920678,35.69657752525814],[139.7608255496537,35.69663530233034],[139.76087834479378,35.69666105018519],[139.76084747745878,35.69670321568432],[139.7608571970343,35.696707998793826],[139.76084325704886,35.69672691915478],[139.76083265388888,35.69672168482735],[139.7607823146926,35.69679033883651]]]}},{"type":"Feature","properties":{"height":12.4,"gml_id":"bldg_a101b67a-a2a4-41c7-8d76-37bc3c8a8232"},"geometry":{"type":"Polygon","coordinates":[[[139.7607339029482,35.69960880143384],[139.7606941100691,35.69962184637397],[139.760662895089,35.699558641577305],[139.76070279844532,35.699545595812644],[139.7607339029482,35.69960880143384]]]}},{"type":"Feature","properties":{"height":19.2,"gml_id":"bldg_1b5a7193-2c81-4cc8-adb1-6587bb8bbedf"},"geometry":{"type":"Polygon","coordinates":[[[139.753392713142,35.69655955883138],[139.75345291041313,35.6965730652492],[139.753408091547,35.69664009737102],[139.7533570831383,35.69662012520509],[139.75332778048127,35.69660744059411],[139.7533641936638,35.69654825474556],[139.753392713142,35.69655955883138]]]}},{"type":"Feature","properties":{"height":6.7,"gml_id":"bldg_7e7d643f-e112-4258-87dd-1e1780b92bd9"},"geometry":{"type":"Polygon","coordinates":[[[139.7504923673762,35.69342708758378],[139.75057099834123,35.693466801935095],[139.75048259319217,35.6935829276756],[139.75045752408653,35.693570201107036],[139.75043650140447,35.69359794881808],[139.75038293955708,35.6935708708321],[139.7504923673762,35.69342708758378]]]}},{"type":"Feature","properties":{"height":27.6,"gml_id":"bldg_428a9be9-4cf3-4ba5-a6dd-ef0a55b64b35"},"geometry":{"type":"Polygon","coordinates":[[[139.75208642030407,35.695251617589385],[139.75205625321394,35.69534015677112],[139.75197632702475,35.69532203933673],[139.75200649419634,35.695233500174844],[139.75208642030407,35.695251617589385]]]}},{"type":"Feature","properties":{"height":27.0,"gml_id":"bldg_731f2bdc-7c23-484e-9227-2dfa492e81af"},"geometry":{"type":"Polygon","coordinates":[[[139.75943013623336,35.698912186415285],[139.75938178713898,35.69896492285882],[139.759337268857,35.698937773309595],[139.75931131552548,35.69892193832795],[139.75929217632043,35.6989102718567],[139.7593405254407,35.6988575354487],[139.75938777943995,35.6988059791414],[139.75948695824633,35.69885018907735],[139.75951094577022,35.69886481498135],[139.75947414476735,35.698904966420066],[139.75945015723735,35.69889034141019],[139.75943013623336,35.698912186415285]]]}},{"type":"Feature","properties":{"height":20.1,"gml_id":"bldg_ee84cdc6-5aed-4bb1-bfa2-d2c77a143ec4"},"geometry":{"type":"Polygon","coordinates":[[[139.7568209190376,35.69760611299335],[139.75684358540644,35.69761476341583],[139.75686808541238,35.69762411626399],[139.75682846042722,35.69769313596017],[139.75675356861208,35.69766451493845],[139.7567733258883,35.69763000506915],[139.75678133947503,35.69761601190333],[139.75679308314747,35.69759549519639],[139.7568209190376,35.69760611299335]]]}},{"type":"Feature","properties":{"height":7.9,"gml_id":"bldg_ae95f9d4-e7af-4c60-a869-edd2b17404c9"},"geometry":{"type":"Polygon","coordinates":[[[139.75642732585064,35.69656166202424],[139.75637561823987,35.69654414241439],[139.756345252048,35.69653384738753],[139.75635953391182,35.69650519297791],[139.75639599731034,35.696506388068656],[139.75643246070993,35.69650758314838],[139.75644847486856,35.69651606624892],[139.75644441116953,35.69652481594902],[139.75642732585064,35.69656166202424]]]}},{"type":"Feature","properties":{"height":16.4,"gml_id":"bldg_04e924c6-49d8-43fe-b3dd-b9a50347576b"},"geometry":{"type":"Polygon","coordinates":[[[139.7532646524615,35.6923403791262],[139.75367565732915,35.69270255178867],[139.75360765281582,35.69275388485024],[139.75357177396862,35.692722223002555],[139.75356115853077,35.69273032829701],[139.75349304387626,35.692670342047435],[139.75350598128796,35.69266061583297],[139.75343941228994,35.69260198263211],[139.7534284651953,35.69261026796889],[139.75336068195065,35.692550553175636],[139.75337417236514,35.692540285619245],[139.7533012006425,35.69247596945788],[139.7532911382154,35.692483534274594],[139.75322699829294,35.6924269757205],[139.75323739255825,35.69241905058191],[139.75320195552797,35.692387839601324],[139.7532646524615,35.6923403791262]]]}},{"type":"Feature","properties":{"height":12.4,"gml_id":"bldg_877849ed-101a-4030-8d95-b14d892b2d9b"},"geometry":{"type":"Polygon","coordinates":[[[139.75576701485087,35.69858535283073],[139.75575668654196,35.698604473224236],[139.755708786621,35.69869311902211],[139.75565554348137,35.698673886418604],[139.7557033991801,35.698585311821276],[139.75571377176965,35.69856611935134],[139.75576701485087,35.69858535283073]]]}},{"type":"Feature","properties":{"height":12.9,"gml_id":"bldg_bd5bfdbf-51f0-437b-9d96-56f2f872af3a"},"geometry":{"type":"Polygon","coordinates":[[[139.75798260674696,35.697265812759845],[139.75804069884373,35.69728675186048],[139.7580170107539,35.69733051744345],[139.75800206732924,35.697358116128775],[139.75793291782702,35.69733328518302],[139.75796456478832,35.69727475206074],[139.75797154947588,35.69726183079984],[139.75798260674696,35.697265812759845]]]}},{"type":"Feature","properties":{"height":5.3,"gml_id":"bldg_fb1e04fc-0ba9-484b-a867-edfc99041337"},"geometry":{"type":"Polygon","coordinates":[[[139.75905231812257,35.69324131303801],[139.75904577214183,35.693270242968616],[139.75899130607775,35.69326209701709],[139.7589978520775,35.69323316708942],[139.75905231812257,35.69324131303801]]]}},{"type":"Feature","properties":{"height":20.0,"gml_id":"bldg_b5a80427-5611-4a13-b6e2-6f3eaaf746e4"},"geometry":{"type":"Polygon","coordinates":[[[139.75217175910257,35.696340150759895],[139.75218959092885,35.696342731683735],[139.75217815270707,35.69639887927821],[139.75202049949732,35.69637227263246],[139.75202551102524,35.696354437919794],[139.75202637603226,35.69635136483486],[139.752004169894,35.69634738380916],[139.7520049702867,35.69634265216127],[139.75200939452148,35.69631665064677],[139.75217175910257,35.696340150759895]]]}},{"type":"Feature","properties":{"height":8.7,"gml_id":"bldg_84704fb6-0645-4d6c-9539-5defebef9984"},"geometry":{"type":"Polygon","coordinates":[[[139.75993124452552,35.69630326374122],[139.75996749075722,35.69631230043226],[139.75993529891548,35.69635248097858],[139.75989652301664,35.69634261437627],[139.75980394698507,35.69631905015195],[139.75983337642367,35.69627886705253],[139.75993124452552,35.69630326374122]]]}},{"type":"Feature","properties":{"height":9.2,"gml_id":"bldg_0c4e661c-8c7e-4a7a-a163-061bfbc15f35"},"geometry":{"type":"Polygon","coordinates":[[[139.7609663161605,35.69673085105805],[139.76098821887282,35.69674106772356],[139.76106001298098,35.696774551649675],[139.76104054011094,35.69680230213],[139.76096871277124,35.69676889028198],[139.76094684317093,35.69675870968766],[139.76092025724492,35.696746344938674],[139.7609398407233,35.696718504407166],[139.7609663161605,35.69673085105805]]]}},{"type":"Feature","properties":{"height":21.1,"gml_id":"bldg_bbb1d68a-a81b-4bdf-b1e1-fbb5dbe27799"},"geometry":{"type":"Polygon","coordinates":[[[139.76046226496706,35.69671785570112],[139.76044177416568,35.69674686738551],[139.76038813509976,35.69682282032206],[139.7603295956009,35.69679538320882],[139.76038323476135,35.69671936720222],[139.7604037256023,35.696690327585266],[139.76046226496706,35.69671785570112]]]}},{"type":"Feature","properties":{"height":8.1,"gml_id":"bldg_e3d0069e-3642-4ea4-814c-1133dedf02bc"},"geometry":{"type":"Polygon","coordinates":[[[139.7570598558552,35.696292374780434],[139.75705899570409,35.69632536435217],[139.7570581355522,35.696358353923706],[139.75697482116607,35.69635685891288],[139.75697654153765,35.69629087977087],[139.7570598558552,35.696292374780434]]]}},{"type":"Feature","properties":{"height":20.2,"gml_id":"bldg_bb48c4e8-b554-4013-ac9c-6b8ee3294183"},"geometry":{"type":"Polygon","coordinates":[[[139.76229995343098,35.69399808020642],[139.76226820673736,35.69399969294842],[139.76226545415867,35.693963735686374],[139.7622462602857,35.693964715860155],[139.7622408207618,35.69389357655112],[139.76229176126105,35.69389099265193],[139.76229995343098,35.69399808020642]]]}},{"type":"Feature","properties":{"height":20.5,"gml_id":"bldg_1ba1b40b-15bc-426b-ad60-b3668c9bd40a"},"geometry":{"type":"Polygon","coordinates":[[[139.7581326272993,35.69800069366542],[139.7581346040398,35.698013764751735],[139.75808999751146,35.698093327765],[139.7580382791922,35.69807400612824],[139.7579937851001,35.69805739309807],[139.75803949831968,35.697976118211],[139.75806634056136,35.69798614019439],[139.7580710999642,35.69797776043791],[139.7581326272993,35.69800069366542]]]}},{"type":"Feature","properties":{"height":17.2,"gml_id":"bldg_a22d65a3-2225-4b40-8197-6e34a1db407e"},"geometry":{"type":"Polygon","coordinates":[[[139.7609363087242,35.6955404485813],[139.76099593021763,35.69554360316207],[139.76093622309185,35.69558629217988],[139.76091099638037,35.69556203016741],[139.7608857696842,35.69553776814959],[139.7609363087242,35.6955404485813]]]}},{"type":"Feature","properties":{"height":19.4,"gml_id":"bldg_5fde10bb-a607-469a-9ff2-167fac4c398f"},"geometry":{"type":"Polygon","coordinates":[[[139.75983325646033,35.69773421772762],[139.75977372983607,35.69781855041617],[139.75974772925207,35.6978063380994],[139.75966592797604,35.697767916783306],[139.75969888888375,35.697721309126166],[139.75971491014587,35.69769865940723],[139.75972556517536,35.69768358511637],[139.75983325646033,35.69773421772762]]]}},{"type":"Feature","properties":{"height":19.8,"gml_id":"bldg_d0cbb738-f1d1-4adc-a2f5-c4067e6eefa4"},"geometry":{"type":"Polygon","coordinates":[[[139.75458424814423,35.69496923798537],[139.7545432659034,35.69496830979922],[139.75453150934013,35.6949680407066],[139.75453485307483,35.69487132594796],[139.75453560389622,35.69484942316035],[139.75460177865875,35.69485094470491],[139.75460099470743,35.69487284656991],[139.75459985839026,35.69490474619491],[139.7545867983514,35.69490409767995],[139.75458649107065,35.694913192297236],[139.75458615958155,35.694913192080385],[139.75458424814423,35.69496923798537]]]}},{"type":"Feature","properties":{"height":11.2,"gml_id":"bldg_e3a23085-28c2-4337-95b8-3cccec7f93b2"},"geometry":{"type":"Polygon","coordinates":[[[139.75708658005203,35.69770258383444],[139.75708978121196,35.69770610120154],[139.75708955643628,35.697710067083214],[139.7570554642547,35.69777106817259],[139.757051041753,35.697773679340465],[139.7570461796535,35.69777376639613],[139.75687783878664,35.69770912156577],[139.75687507800197,35.697707317074055],[139.75687452894263,35.697703711248906],[139.75691194148303,35.69763721396659],[139.75708658005203,35.69770258383444]]]}},{"type":"Feature","properties":{"height":19.9,"gml_id":"bldg_1fac25f1-9249-441d-a2b9-46d3122284c8"},"geometry":{"type":"Polygon","coordinates":[[[139.7572411372163,35.69855123044608],[139.7571862383795,35.698646019745524],[139.75710770054124,35.69861577417743],[139.7571625994501,35.69852098491342],[139.7572411372163,35.69855123044608]]]}},{"type":"Feature","properties":{"height":25.3,"gml_id":"bldg_04047455-4132-48b9-9a38-44b0b035d9c8"},"geometry":{"type":"Polygon","coordinates":[[[139.75831995635994,35.697944646241794],[139.75846004309716,35.6979982837941],[139.75845425452732,35.69800832144484],[139.75842152632757,35.698065141414666],[139.75834322043096,35.698035122136424],[139.75831473252256,35.69802419782021],[139.7582623519078,35.698004109703035],[139.75827419471722,35.69798358390085],[139.75830086869627,35.6979373422697],[139.75831995635994,35.697944646241794]]]}},{"type":"Feature","properties":{"height":39.3,"gml_id":"bldg_0227a885-1049-4c68-bc25-8c52cc419b05"},"geometry":{"type":"Polygon","coordinates":[[[139.7591643264656,35.69566345235906],[139.75916299274152,35.69570762765243],[139.75915942492264,35.69582560569554],[139.75915056314653,35.69582545601566],[139.759138342301,35.695825241168976],[139.75911716023165,35.69582487657742],[139.75909777924042,35.69582454914765],[139.7590883649931,35.695824381095115],[139.7590888106629,35.6958084902275],[139.7590890848633,35.6957987736345],[139.75909013615356,35.695761322384215],[139.75909168993076,35.695706285726345],[139.7590929352628,35.695662146434024],[139.7591643264656,35.69566345235906]]]}},{"type":"Feature","properties":{"height":13.7,"gml_id":"bldg_48bb1578-f656-45b4-88d0-b852a6a3264a"},"geometry":{"type":"Polygon","coordinates":[[[139.76137119229247,35.69491387896314],[139.7615014740013,35.694906727790936],[139.76150497205944,35.694948913973],[139.7613746902985,35.69495604712146],[139.76137119229247,35.69491387896314]]]}},{"type":"Feature","properties":{"height":27.1,"gml_id":"bldg_547a3f89-1d8e-4c08-9849-faf3a2b7e401"},"geometry":{"type":"Polygon","coordinates":[[[139.75913429371406,35.69778624859822],[139.75906956300076,35.69776196185191],[139.75908527994528,35.697734029104915],[139.75901811903674,35.69770892959957],[139.7590123635732,35.69771911241855],[139.75899369555898,35.69771206931078],[139.75898384472308,35.697729639924496],[139.75886509826566,35.69768512902495],[139.75891900087692,35.69758934682122],[139.7590323787812,35.69763184430147],[139.7591253213639,35.6976666755534],[139.75918830673902,35.69769028606959],[139.75913429371406,35.69778624859822]]]}},{"type":"Feature","properties":{"height":13.4,"gml_id":"bldg_952b04df-9f5a-4c09-ac01-8f692658c245"},"geometry":{"type":"Polygon","coordinates":[[[139.76230842828204,35.69378636157517],[139.76230289319628,35.69367340856971],[139.76236178869013,35.69367137015614],[139.762367323866,35.6937843150467],[139.76230842828204,35.69378636157517]]]}},{"type":"Feature","properties":{"height":19.3,"gml_id":"bldg_5b4ec47e-da2f-49d7-be80-9946b326228e"},"geometry":{"type":"Polygon","coordinates":[[[139.75927969099124,35.69757018981858],[139.75924837162646,35.69762190913525],[139.7591711609043,35.697590701260225],[139.75915658034697,35.69758480633594],[139.75918228876233,35.69754242177093],[139.75918789967298,35.69753317717975],[139.75927969099124,35.69757018981858]]]}},{"type":"Feature","properties":{"height":12.0,"gml_id":"bldg_5370f6cc-75fe-45b7-8824-d3e50b99157e"},"geometry":{"type":"Polygon","coordinates":[[[139.7568894443435,35.69620077769745],[139.7568592350903,35.696199776017096],[139.7567926509884,35.69619756139848],[139.75679364227736,35.69617777697207],[139.7567960300958,35.696130412433305],[139.75681031353542,35.69609986419216],[139.75682578273884,35.69610041484644],[139.7568264570049,35.69608860733664],[139.75686472125213,35.696089893566835],[139.75689496360476,35.696090904280545],[139.7568894443435,35.69620077769745]]]}},{"type":"Feature","properties":{"height":12.0,"gml_id":"bldg_d123338e-c500-4e59-8852-adfdf8759a22"},"geometry":{"type":"Polygon","coordinates":[[[139.75987319786532,35.69791980696572],[139.75992908772514,35.69794537684645],[139.7598962251764,35.697993220401905],[139.75977903327234,35.69793951558638],[139.75980593185616,35.69790042341772],[139.75981189578457,35.697891764002144],[139.75987319786532,35.69791980696572]]]}},{"type":"Feature","properties":{"height":37.1,"gml_id":"bldg_8cbe0fe8-6ff9-49f0-9bc4-e5a414f8c981"},"geometry":{"type":"Polygon","coordinates":[[[139.75939022159258,35.696579562866106],[139.7593844769517,35.696578162214855],[139.75925935427043,35.69654769111293],[139.75911525229608,35.696512602183624],[139.75910709193988,35.696494750040046],[139.75915222593122,35.69641629563689],[139.7591871997502,35.69635548376923],[139.75923226717788,35.69627714556978],[139.7593060780091,35.696279355171065],[139.75930818513953,35.696271063869],[139.75951127949696,35.696272720917406],[139.75954061351385,35.696216313182696],[139.7595619396601,35.69621632625403],[139.75958442879727,35.69615333431688],[139.75969525538898,35.69615664709335],[139.75970143557603,35.69616503360875],[139.75961219430022,35.69630031959493],[139.7595531499324,35.69638983356118],[139.75952295272182,35.69643560641291],[139.75951466949084,35.69643109358576],[139.759511538671,35.6964351207866],[139.759501670468,35.696447851082766],[139.75948867143975,35.696464608578296],[139.75947309763285,35.696457568343035],[139.75939022159258,35.696579562866106]]]}},{"type":"Feature","properties":{"height":23.7,"gml_id":"bldg_9f7b39a6-fd96-4246-a01c-f78fcdb815c0"},"geometry":{"type":"Polygon","coordinates":[[[139.75200932122831,35.699610262033545],[139.75206603262876,35.699630752392245],[139.752043005127,35.69967301103889],[139.7519863709997,35.69965257480379],[139.75194414119818,35.699637340166454],[139.75196705833054,35.69959499132704],[139.75200932122831,35.699610262033545]]]}},{"type":"Feature","properties":{"height":22.8,"gml_id":"bldg_5e6e8c32-66ae-41d6-a32c-5a7969ba34e6"},"geometry":{"type":"Polygon","coordinates":[[[139.75446985310708,35.6985698176629],[139.7544371056252,35.69863189241194],[139.75438615758978,35.698728493870604],[139.7543749344986,35.69872455744224],[139.75419218390124,35.69866040327875],[139.75425234308145,35.6985463484363],[139.75427587973115,35.698501727204494],[139.75446985310708,35.6985698176629]]]}},{"type":"Feature","properties":{"height":20.5,"gml_id":"bldg_7e583875-57e8-4011-a3ac-08f52f2f529c"},"geometry":{"type":"Polygon","coordinates":[[[139.76108416332832,35.69502793759715],[139.76113451476994,35.69502999588813],[139.76113352828054,35.69504566109884],[139.76113103949294,35.69508533789251],[139.76108076540493,35.695083234578036],[139.76103049131956,35.69508113124257],[139.76103207193879,35.69505607411922],[139.76103396658448,35.69502587937801],[139.76108416332832,35.69502793759715]]]}},{"type":"Feature","properties":{"height":13.0,"gml_id":"bldg_d3d53955-34c4-4ffe-b323-38fab6b8615a"},"geometry":{"type":"Polygon","coordinates":[[[139.75584306701296,35.69960806790713],[139.7558548655516,35.69961134656933],[139.7558425713047,35.69964072417979],[139.7558201979917,35.69969416094437],[139.75577512491864,35.69968160288504],[139.75580968201595,35.69959878935308],[139.75584306701296,35.69960806790713]]]}},{"type":"Feature","properties":{"height":21.9,"gml_id":"bldg_71082bd7-3b56-4e9d-8495-e568f4007c23"},"geometry":{"type":"Polygon","coordinates":[[[139.75985314313579,35.69658156794815],[139.7599517255384,35.69663479985853],[139.75991367100772,35.6966816478568],[139.75981511065606,35.696628433956505],[139.759774621876,35.69660656904403],[139.75981267645216,35.69655972108919],[139.75985314313579,35.69658156794815]]]}},{"type":"Feature","properties":{"height":22.2,"gml_id":"bldg_08c3ff07-4a8d-4b7a-8fa2-96b8b7e419f1"},"geometry":{"type":"Polygon","coordinates":[[[139.75792467220364,35.69987090408361],[139.75787720983692,35.699919106584034],[139.75784533226042,35.699951481790706],[139.75779976121584,35.699997766431885],[139.75777734069348,35.70002052904803],[139.75772146051696,35.699983898388005],[139.75774383682742,35.69996115288037],[139.75779945123605,35.699904635914855],[139.75780966046935,35.699894267566144],[139.7578686815607,35.699834273421814],[139.75792467220364,35.69987090408361]]]}},{"type":"Feature","properties":{"height":24.7,"gml_id":"bldg_d98e2381-97a8-4655-9c17-3d44d0772aa4"},"geometry":{"type":"Polygon","coordinates":[[[139.75547470031208,35.698851879182875],[139.755472021104,35.69885708736224],[139.75546235603355,35.69887586563836],[139.75542775882496,35.69894306734522],[139.7553504331965,35.698916607166254],[139.7553430320271,35.69891407943966],[139.75538997359445,35.69882289040864],[139.75547470031208,35.698851879182875]]]}},{"type":"Feature","properties":{"height":34.6,"gml_id":"bldg_534d52db-805b-4eaf-8d84-df5e083de85a"},"geometry":{"type":"Polygon","coordinates":[[[139.7516660345608,35.69830817444005],[139.75159408514355,35.69832110441654],[139.7515659168538,35.69831180118534],[139.7515518368569,35.698259800657816],[139.75154361339838,35.698229473018046],[139.75152628589962,35.698165482072646],[139.75162266037523,35.69814815110916],[139.7516660345608,35.69830817444005]]]}},{"type":"Feature","properties":{"height":24.7,"gml_id":"bldg_5a59b078-d3db-47d3-91e6-81709b8b7cb4"},"geometry":{"type":"Polygon","coordinates":[[[139.75385436275656,35.69619498122514],[139.75388915113297,35.696202548650255],[139.75392036014367,35.6962093394278],[139.75397260349095,35.69622070319229],[139.75396676949347,35.69627615158518],[139.75396211788086,35.69632038772295],[139.75376069112784,35.696308536941665],[139.7537374025928,35.69628175087712],[139.75379805399146,35.69618272957862],[139.75385436275656,35.69619498122514]]]}},{"type":"Feature","properties":{"height":45.7,"gml_id":"bldg_f5c9101e-947a-4a03-9184-cb3dd9ddd227"},"geometry":{"type":"Polygon","coordinates":[[[139.7592841431522,35.69733221307357],[139.75924584940375,35.697314351415095],[139.75925951415303,35.69729485419561],[139.75928217439022,35.69726251799778],[139.75928848119213,35.697253517199215],[139.75931021197763,35.69722251354915],[139.75932003730543,35.6972084861738],[139.75933577108236,35.69718604274017],[139.7593628128051,35.697147462731294],[139.75938611470332,35.6971142084121],[139.759519319813,35.69717633140888],[139.7594153686155,35.697324641101424],[139.75933905720845,35.69728905323072],[139.7593163969867,35.69732138943913],[139.75929780789525,35.69731271584981],[139.7592841431522,35.69733221307357]]]}},{"type":"Feature","properties":{"height":27.0,"gml_id":"bldg_68b88043-7420-4749-87d0-4bddcc19a4aa"},"geometry":{"type":"Polygon","coordinates":[[[139.75520228987534,35.69990661969463],[139.75522538831586,35.69991462081238],[139.75528642080343,35.699935761442795],[139.75531678792814,35.699946282074436],[139.7553361636852,35.69995299180073],[139.75530526437515,35.700012335920604],[139.75529518970973,35.70003168177638],[139.75528877955463,35.70004399933109],[139.75514616766336,35.69999469204903],[139.75519355201453,35.6999035944374],[139.75520228987534,35.69990661969463]]]}},{"type":"Feature","properties":{"height":26.3,"gml_id":"bldg_7cde7164-aa05-4ed9-8829-c4ff4c5bce01"},"geometry":{"type":"Polygon","coordinates":[[[139.75636300657905,35.69544412122078],[139.75636185163668,35.69547312655064],[139.75633851522252,35.695472507709205],[139.75617964637797,35.69546832278693],[139.75618123179726,35.69542839313718],[139.75620020367577,35.695428892034535],[139.75620685543464,35.695429067556724],[139.7562523907935,35.695429600588234],[139.75625265373952,35.69542045275818],[139.75625312144555,35.69539372655241],[139.75626382887518,35.69539345488494],[139.7562655747483,35.695347495174666],[139.7562671504514,35.69530613233928],[139.75626766078193,35.69529252198722],[139.75643627487477,35.69529695638861],[139.75643573159684,35.69531038644647],[139.75643406758314,35.69535174922765],[139.7564331053327,35.69537573405394],[139.7563658143055,35.695373978446185],[139.7563641726049,35.69541507984305],[139.75636300657905,35.69544412122078]]]}},{"type":"Feature","properties":{"height":23.4,"gml_id":"bldg_70852046-e5c2-43f3-a162-375f9fc45179"},"geometry":{"type":"Polygon","coordinates":[[[139.75974521638696,35.695417735006586],[139.75974511180564,35.695423323433324],[139.75974492638198,35.69543271558974],[139.75974336032652,35.695513639581876],[139.7597694373756,35.695513970999905],[139.75979551442495,35.69551430241227],[139.759795293938,35.69552578572431],[139.75979443627355,35.695569339371815],[139.7597941232517,35.69558532857305],[139.7597147539701,35.69558427142753],[139.7597046767327,35.69558413907253],[139.75967313011955,35.69558372317047],[139.75967354706492,35.6955628927779],[139.75967648804078,35.69541679160329],[139.75974521638696,35.695417735006586]]]}},{"type":"Feature","properties":{"height":15.0,"gml_id":"bldg_75b9a7c5-9904-4ba1-9912-6459ed2348d9"},"geometry":{"type":"Polygon","coordinates":[[[139.75713926948904,35.696677309756765],[139.75709942249375,35.69674813215139],[139.75707079138417,35.69673739673568],[139.7569485145268,35.69668970888321],[139.75696344512053,35.696664227633995],[139.75698532714466,35.69667240791999],[139.75700378009597,35.69663799633031],[139.7570584454783,35.696659501596464],[139.75706371526158,35.696648958915155],[139.7571107157314,35.69666659242677],[139.75713926948904,35.696677309756765]]]}},{"type":"Feature","properties":{"height":15.4,"gml_id":"bldg_55d81819-f9e1-4ce0-985d-6947a5ac650c"},"geometry":{"type":"Polygon","coordinates":[[[139.75810194119606,35.69773017362929],[139.7580918237001,35.697749087043114],[139.75807950335619,35.69777213636308],[139.75806275524005,35.69780343134165],[139.75798068086868,35.697774264869274],[139.75799740696917,35.697742907693744],[139.7580096609651,35.697719929548725],[139.7580197563843,35.697701008015585],[139.75810194119606,35.69773017362929]]]}},{"type":"Feature","properties":{"height":30.5,"gml_id":"bldg_ca0589f2-c385-43c3-a535-22361d1c4def"},"geometry":{"type":"Polygon","coordinates":[[[139.75336663122695,35.69919795687804],[139.7533115989846,35.699321696275405],[139.7532013501093,35.69928908441974],[139.75321608005476,35.69925597703205],[139.75322534995286,35.69923513544156],[139.75323362306472,35.69921655382005],[139.7532497595425,35.69918026643309],[139.7532563935325,35.69916536220564],[139.75328489472693,35.69917376389279],[139.75330339021028,35.699132132949735],[139.7533851377057,35.699156343957256],[139.75336663122695,35.69919795687804]]]}},{"type":"Feature","properties":{"height":7.7,"gml_id":"bldg_94e58191-e303-48b4-966d-f2caf39ddf97"},"geometry":{"type":"Polygon","coordinates":[[[139.75913977667858,35.697581136421434],[139.75919774537127,35.697604652802546],[139.7592442816218,35.697623529082406],[139.75922137340436,35.69766101193612],[139.75906894051607,35.69759908406835],[139.75909184870346,35.69756169138019],[139.75913977667858,35.697581136421434]]]}},{"type":"Feature","properties":{"height":15.3,"gml_id":"bldg_7e6ca55b-3eab-4d11-810d-2d5200e320b0"},"geometry":{"type":"Polygon","coordinates":[[[139.7591047003317,35.69514062131998],[139.7591029081515,35.69528601111324],[139.75906235604626,35.695285715689394],[139.759063598639,35.6951849523614],[139.75906413674898,35.69514086671138],[139.75906414838363,35.69514023575991],[139.7591047003317,35.69514062131998]]]}},{"type":"Feature","properties":{"height":16.5,"gml_id":"bldg_d41b6e20-e2ff-4a1a-9be2-d716a8028eb7"},"geometry":{"type":"Polygon","coordinates":[[[139.7581189077891,35.697313210869964],[139.75809654901687,35.69735347908531],[139.7580776215421,35.697387548021645],[139.75800692618134,35.69736145423524],[139.7580258205724,35.69732734022073],[139.75804810198073,35.69728711703844],[139.7581189077891,35.697313210869964]]]}},{"type":"Feature","properties":{"height":14.1,"gml_id":"bldg_21f9d089-4c49-4161-bbf3-7f2f09785a93"},"geometry":{"type":"Polygon","coordinates":[[[139.75448331570624,35.69533346038489],[139.75440452360056,35.695330100722934],[139.75440655491033,35.6952983197683],[139.75442523916155,35.695299116208716],[139.75442949246488,35.695232652013566],[139.7544897107352,35.69523521530399],[139.7544880614574,35.69526058777382],[139.75448555948415,35.69529908362411],[139.75448331570624,35.69533346038489]]]}},{"type":"Feature","properties":{"height":17.1,"gml_id":"bldg_126c5a9d-2e4d-4ce9-baf3-c37a53dceed2"},"geometry":{"type":"Polygon","coordinates":[[[139.75984308149484,35.6949865435717],[139.75984232363714,35.69500565214298],[139.75984026545513,35.69505703796277],[139.75984650836241,35.69505720402053],[139.75984589761518,35.69507253594313],[139.7597962858047,35.69507124372909],[139.75979689658624,35.695055884765665],[139.7597989437464,35.69500449893989],[139.75979970160617,35.694985399382595],[139.75980107015442,35.69495104001212],[139.75980897045835,35.69495125215268],[139.7598094337367,35.69494009257946],[139.75979613029943,35.694939724806915],[139.7597971020162,35.69491636190215],[139.75984585179287,35.694917725699156],[139.75984518512865,35.69493378769731],[139.75984308149484,35.6949865435717]]]}},{"type":"Feature","properties":{"height":133.6,"gml_id":"bldg_61542095-6a58-4eb7-8353-adfb94080499"},"geometry":{"type":"Polygon","coordinates":[[[139.75327103656272,35.69822425265056],[139.75331108554204,35.6983977928103],[139.75332263792018,35.6984480968779],[139.7531596897793,35.69847309158392],[139.7531692948421,35.69851475925398],[139.75301160719619,35.69853894603026],[139.75300200221253,35.69849727834788],[139.75283469944048,35.698522945734204],[139.75274283206275,35.698124118628094],[139.75323076810707,35.69804936027301],[139.75327103656272,35.69822425265056]]]}},{"type":"Feature","properties":{"height":11.6,"gml_id":"bldg_96dae1a0-558d-4d96-b089-bd1e4d69ac1a"},"geometry":{"type":"Polygon","coordinates":[[[139.75011267489072,35.69888380457712],[139.7501027492655,35.698896896407035],[139.75007339286498,35.698935607024275],[139.7500099980673,35.6989035645637],[139.75003937651292,35.698864925185134],[139.75004939061907,35.6988517631148],[139.75011267489072,35.69888380457712]]]}},{"type":"Feature","properties":{"height":29.0,"gml_id":"bldg_32d89ef4-9e21-494c-9869-81a5ce4c7558"},"geometry":{"type":"Polygon","coordinates":[[[139.76140869823405,35.693630152703975],[139.76149312007277,35.69362578640274],[139.76149498760896,35.69365023266457],[139.76146622451384,35.69365171177022],[139.76147553086304,35.69377188793794],[139.7614198388945,35.693774739064345],[139.76140869823405,35.693630152703975]]]}},{"type":"Feature","properties":{"height":15.3,"gml_id":"bldg_522eb49b-09ac-4f00-81fe-0c78b2cf985c"},"geometry":{"type":"Polygon","coordinates":[[[139.75962088617047,35.69641311326066],[139.75965909188648,35.696430199570834],[139.7596806633845,35.696439839395545],[139.75970448812066,35.69645049914191],[139.7596468396336,35.69653609395061],[139.75956116120292,35.696497670182595],[139.75953936883127,35.69648789499576],[139.75959690681685,35.69640239030713],[139.75962088617047,35.69641311326066]]]}},{"type":"Feature","properties":{"height":9.4,"gml_id":"bldg_9fdfbd40-9ae8-4939-b83a-752daac41c29"},"geometry":{"type":"Polygon","coordinates":[[[139.7563679659989,35.698884524348],[139.7564125924505,35.698901516636454],[139.75639455034127,35.69893305301784],[139.75634989067342,35.69891611478368],[139.75630076837913,35.698897479103586],[139.7563189211057,35.698865852669954],[139.7563679659989,35.698884524348]]]}},{"type":"Feature","properties":{"height":23.5,"gml_id":"bldg_7d26d4c1-2731-4b5a-88e4-a6ac3585cc8d"},"geometry":{"type":"Polygon","coordinates":[[[139.75727874902896,35.698577538135126],[139.75728557559464,35.698580093322285],[139.75731579808078,35.698591389439166],[139.75729815432302,35.6986227991164],[139.75728407474196,35.69864784827924],[139.75727539674358,35.69866330127402],[139.75726953024088,35.698673744433336],[139.7571919856587,35.69864476056314],[139.7571978521685,35.698634318308926],[139.75722405220662,35.69858768001977],[139.75723825356147,35.69856240559847],[139.75727874902896,35.698577538135126]]]}},{"type":"Feature","properties":{"height":10.9,"gml_id":"bldg_4f20144c-1b7b-4a65-bdae-475526b0d03a"},"geometry":{"type":"Polygon","coordinates":[[[139.76064558279035,35.69730220702766],[139.76063350125787,35.6973065172901],[139.76064488557694,35.6973277333819],[139.76065944074298,35.697410397723424],[139.76067471913794,35.697438881198416],[139.7602310831719,35.69759726258577],[139.76008835032366,35.69733122685164],[139.7599261926553,35.69702898911889],[139.7599188884206,35.69700512542111],[139.75991649824144,35.696984716964096],[139.75991835175324,35.69696374323258],[139.75992476781414,35.69694393504972],[139.76004149877087,35.6967753419654],[139.76020552855192,35.696854518848994],[139.76015002851344,35.6969351666811],[139.76014801416738,35.69693873487863],[139.76014801166374,35.69694147503957],[139.76015031599863,35.6969470559161],[139.76031334583203,35.69725089831765],[139.76032583316498,35.69727418825797],[139.7605815571217,35.69718289016393],[139.76064558279035,35.69730220702766]]]}},{"type":"Feature","properties":{"height":38.3,"gml_id":"bldg_b8f2371e-ef3f-4d39-a1a5-dc1771cb9863"},"geometry":{"type":"Polygon","coordinates":[[[139.75180002932427,35.69531094137813],[139.75170534505625,35.695299519955604],[139.75168777981875,35.69529581242877],[139.75167452423656,35.695291837412064],[139.75166303798312,35.69528651244155],[139.75165232677352,35.69527965386508],[139.7516406239429,35.69527000127084],[139.75163245637006,35.695260982033496],[139.7516249568368,35.69524700571716],[139.75162099338635,35.695232852428134],[139.7516187964163,35.69522014072643],[139.75161836822167,35.69520661989421],[139.75162058983403,35.69519517401041],[139.75173378726558,35.69493042844827],[139.75198001465927,35.69499855836188],[139.75195594527338,35.695056130588306],[139.75188311666847,35.6952302799929],[139.75188110072344,35.69523510095534],[139.75183359948275,35.69522290031754],[139.75180002932427,35.69531094137813]]]}},{"type":"Feature","properties":{"height":3.5,"gml_id":"bldg_48223a5f-2362-49a1-92a1-0caf0a6176a8"},"geometry":{"type":"Polygon","coordinates":[[[139.76039682052124,35.69869136375946],[139.76027283716354,35.69881306442028],[139.76023760890502,35.69878915585462],[139.7603615922783,35.698667456131],[139.76039682052124,35.69869136375946]]]}},{"type":"Feature","properties":{"height":24.3,"gml_id":"bldg_1cd5fe3a-15de-4835-a689-cb327ea621b6"},"geometry":{"type":"Polygon","coordinates":[[[139.75833665474852,35.69614893088359],[139.75840405554902,35.696116766929705],[139.7584293150946,35.696117107142946],[139.75842827082246,35.69617035038028],[139.75842664644398,35.69625312211541],[139.75833385166345,35.6962513337073],[139.75824981924313,35.696249712939895],[139.75819957658635,35.69624874416711],[139.75819019125697,35.69624125694343],[139.7582131238945,35.696177814855524],[139.75822860309563,35.69616772917761],[139.75829904480497,35.696168656448414],[139.75833622697627,35.69616914833141],[139.75833634025932,35.69616617388316],[139.75833665474852,35.69614893088359]]]}},{"type":"Feature","properties":{"height":32.8,"gml_id":"bldg_18d307ea-9773-4dab-bddb-43fe5983eb5f"},"geometry":{"type":"Polygon","coordinates":[[[139.76141307670017,35.69379925228081],[139.76133782607118,35.69380326256175],[139.7613297386524,35.69370401781973],[139.76136907671116,35.69370187805536],[139.76136601759922,35.6936632065637],[139.7614020406349,35.69366124598197],[139.76141307670017,35.69379925228081]]]}},{"type":"Feature","properties":{"height":14.6,"gml_id":"bldg_2e8eb4ad-33ad-45ba-9000-80ae63c42f0a"},"geometry":{"type":"Polygon","coordinates":[[[139.7604075569275,35.6950308196069],[139.7604052525559,35.69507386761918],[139.76040395973723,35.695098149730704],[139.76033114476027,35.69509558176027],[139.76033240446841,35.69507128160207],[139.7603346315151,35.695028251571685],[139.7604075569275,35.6950308196069]]]}},{"type":"Feature","properties":{"height":16.7,"gml_id":"bldg_90610c35-504e-437f-ae41-f6bd94d00270"},"geometry":{"type":"Polygon","coordinates":[[[139.7545220390338,35.69483403691639],[139.75451937062437,35.69496311128235],[139.75440346138407,35.69496150301067],[139.7544061299802,35.69483242864748],[139.7545220390338,35.69483403691639]]]}},{"type":"Feature","properties":{"height":20.5,"gml_id":"bldg_666245d9-0e45-4d2a-a281-46b4b0b70915"},"geometry":{"type":"Polygon","coordinates":[[[139.75774328859387,35.69851648357192],[139.75768299904507,35.69858666234067],[139.75754779407296,35.69853619076775],[139.75756933282136,35.698497842062416],[139.7575908505368,35.698459511367126],[139.75774328859387,35.69851648357192]]]}},{"type":"Feature","properties":{"height":27.0,"gml_id":"bldg_b4266bf1-9d93-431f-8083-a9617b70deb8"},"geometry":{"type":"Polygon","coordinates":[[[139.75861571517814,35.69612803941732],[139.75861259372675,35.69620490625724],[139.75861028640594,35.69626188939415],[139.75856067387969,35.69626059667026],[139.7585629812787,35.696203567564524],[139.7585652093468,35.69614865842962],[139.75856610281883,35.69612665655884],[139.75861571517814,35.69612803941732]]]}},{"type":"Feature","properties":{"height":39.9,"gml_id":"bldg_a558d520-4cf4-4cdb-8413-b1adf9c72ad7"},"geometry":{"type":"Polygon","coordinates":[[[139.7575370802149,35.69654487934376],[139.75756867173533,35.69655661703215],[139.75757364246869,35.69655842289915],[139.75755211327805,35.69659773608909],[139.757469040274,35.69674944730496],[139.75746163940838,35.69674673943413],[139.75744769272345,35.696771877943476],[139.7572541663222,35.69670045657923],[139.7572679882369,35.696678761243774],[139.75726954859732,35.69667631140675],[139.7572585011156,35.69667377969022],[139.75732989354046,35.69654661544408],[139.75733088971458,35.69654483857285],[139.75734027764835,35.69654953342273],[139.7573540040167,35.69652367188769],[139.75738073407618,35.69653486573528],[139.75739056563242,35.69653784555544],[139.75739091088616,35.69652333462923],[139.75748339675113,35.69652492526842],[139.7575370802149,35.69654487934376]]]}},{"type":"Feature","properties":{"height":9.5,"gml_id":"bldg_0792ef49-e606-48fb-986b-88e63ac24f06"},"geometry":{"type":"Polygon","coordinates":[[[139.7597894769753,35.69498943127189],[139.7597858637916,35.69507361697753],[139.75968409908293,35.69507067037707],[139.75968771229054,35.694986574811466],[139.7597894769753,35.69498943127189]]]}},{"type":"Feature","properties":{"height":7.9,"gml_id":"bldg_d1d8177d-70cd-4ca5-820a-072d90215f3a"},"geometry":{"type":"Polygon","coordinates":[[[139.75413307616608,35.696459338233836],[139.75419344848416,35.69648585115523],[139.754183710096,35.696500537071444],[139.75412340411378,35.69647397912041],[139.75411280087474,35.69646930305004],[139.75412253918296,35.696454707276345],[139.75413307616608,35.696459338233836]]]}},{"type":"Feature","properties":{"height":18.9,"gml_id":"bldg_13c94e0f-3c6d-4f88-9152-ead0ae335e1e"},"geometry":{"type":"Polygon","coordinates":[[[139.75758986051108,35.695089381279416],[139.75758373768784,35.69523098257291],[139.75753193850963,35.69522912920013],[139.7575336441225,35.69518991168815],[139.75753529356416,35.695151667619555],[139.75753806108395,35.695087887555545],[139.7575487568731,35.695088192642885],[139.75754966057772,35.69506733642301],[139.75759076428258,35.69506844303463],[139.75758986051108,35.695089381279416]]]}},{"type":"Feature","properties":{"height":36.0,"gml_id":"bldg_ae67a816-c215-4891-b88a-493e08cf3c3a"},"geometry":{"type":"Polygon","coordinates":[[[139.7554874512982,35.694429977207406],[139.75548641487262,35.69445155532492],[139.75541564348444,35.694449220058964],[139.75541664782392,35.694427705017176],[139.75536187683034,35.694425902869305],[139.75536273403026,35.69440799321093],[139.75537439764403,35.69416307160303],[139.75540026345897,35.69415290287446],[139.75543684599631,35.69414409312987],[139.7554795031384,35.69413799141184],[139.75552547057978,35.69413657894041],[139.75556436203354,35.694139578591496],[139.75561098238902,35.69414853225989],[139.755646661271,35.69416000268462],[139.75568620243172,35.694176704435236],[139.75567923411194,35.69429802338866],[139.7554944996314,35.69428348216536],[139.7554874512982,35.694429977207406]]]}},{"type":"Feature","properties":{"height":17.2,"gml_id":"bldg_f907b3b3-a1b5-4a54-96e1-04bc1cbcd739"},"geometry":{"type":"Polygon","coordinates":[[[139.7539450056862,35.69964976325045],[139.7539048758924,35.69972283778535],[139.75389408235995,35.699742481403334],[139.75385106807744,35.69972674124935],[139.75382570577935,35.699717467442504],[139.7538443259552,35.69968365136972],[139.75386346643592,35.69964887117275],[139.75387673967074,35.69962475029256],[139.7539450056862,35.69964976325045]]]}},{"type":"Feature","properties":{"height":35.0,"gml_id":"bldg_d71e8f09-7f65-4a7a-a10f-8c6f655af20b"},"geometry":{"type":"Polygon","coordinates":[[[139.7506382490724,35.69789428430591],[139.75055919997897,35.69793416062244],[139.75051503239288,35.69790258322858],[139.7505718859827,35.697848088603095],[139.7506382490724,35.69789428430591]]]}},{"type":"Feature","properties":{"height":17.8,"gml_id":"bldg_83bd8447-cd51-46bd-8815-4c612967785d"},"geometry":{"type":"Polygon","coordinates":[[[139.75885112773514,35.69488419632596],[139.75885059499115,35.694922387023425],[139.75884967052875,35.69498970072753],[139.75879475428474,35.694989125914155],[139.75879567872616,35.69492188432003],[139.75879620042997,35.69488371164337],[139.75885112773514,35.69488419632596]]]}},{"type":"Feature","properties":{"height":33.2,"gml_id":"bldg_ecec7635-a222-4193-8ffe-5beed4f6f939"},"geometry":{"type":"Polygon","coordinates":[[[139.76211495204495,35.69515316618243],[139.76219566947347,35.69509147009727],[139.76234538722875,35.69522207678592],[139.7622646698635,35.695283682833214],[139.76211495204495,35.69515316618243]]]}},{"type":"Feature","properties":{"height":7.2,"gml_id":"bldg_14904b4d-c320-432b-939f-826747cbd906"},"geometry":{"type":"Polygon","coordinates":[[[139.75479024881938,35.69547427467179],[139.75478645493786,35.69552325261038],[139.7547842055185,35.69555223918283],[139.75479348684468,35.695552695923446],[139.7547906887961,35.69558901928486],[139.75478145167347,35.695588553559205],[139.75477938548025,35.695588444046564],[139.75470218480277,35.69558454479625],[139.7547072434509,35.69551917177737],[139.75471102635746,35.695470166793],[139.75479024881938,35.69547427467179]]]}},{"type":"Feature","properties":{"height":22.6,"gml_id":"bldg_104d121f-1529-494e-8eaa-58e57c37742b"},"geometry":{"type":"Polygon","coordinates":[[[139.7521518877483,35.69755402926241],[139.75225564348384,35.697568728411305],[139.75224420824418,35.69762289299054],[139.75214035190382,35.69760817573664],[139.7520952743213,35.69760179067133],[139.75210671076363,35.697547626106925],[139.7521518877483,35.69755402926241]]]}},{"type":"Feature","properties":{"height":8.5,"gml_id":"bldg_948d4c9d-3317-4932-b2a5-7cd50d28d5de"},"geometry":{"type":"Polygon","coordinates":[[[139.75615921738577,35.69882662196111],[139.75617209736677,35.6988313263502],[139.75615195069338,35.6988679991493],[139.7561390817579,35.69886329476519],[139.75606346986976,35.698835673376905],[139.75608361657547,35.69879900059245],[139.75615921738577,35.69882662196111]]]}},{"type":"Feature","properties":{"height":9.3,"gml_id":"bldg_1dc8e02e-7f4d-4802-89bc-c58b9078c8d2"},"geometry":{"type":"Polygon","coordinates":[[[139.75881452898048,35.69740477192902],[139.7588323129943,35.69741172257811],[139.75880944758612,35.697450558336264],[139.75878981387137,35.69748389683797],[139.75875424582384,35.697469993722],[139.75877389062512,35.697436628191824],[139.75879674497054,35.69739782037594],[139.75881452898048,35.69740477192902]]]}},{"type":"Feature","properties":{"height":15.3,"gml_id":"bldg_d89f4430-6bac-41a9-b461-328d57a44847"},"geometry":{"type":"Polygon","coordinates":[[[139.75140530273487,35.69705938388147],[139.75142788419427,35.69706389708044],[139.75145953580787,35.697070219182926],[139.7514729255992,35.69707289634198],[139.7514537438874,35.69713679036892],[139.75144471791802,35.697134991405875],[139.75135608223897,35.69711734356176],[139.75137515361595,35.69705336023954],[139.75140530273487,35.69705938388147]]]}},{"type":"Feature","properties":{"height":23.0,"gml_id":"bldg_224c89dd-08fa-4819-b079-3fc1ca916a8c"},"geometry":{"type":"Polygon","coordinates":[[[139.76020419902287,35.69677367423284],[139.76018431431766,35.6967680736617],[139.76017745827997,35.69677365798473],[139.76011078641784,35.69675803277342],[139.76006797724693,35.69674799341466],[139.76007906124835,35.69673486630872],[139.7600901452535,35.696721731089404],[139.76014054310332,35.69666204602921],[139.7601804919503,35.69668239618999],[139.7602221858848,35.696703639752926],[139.76024789808145,35.69671673423472],[139.76022969936713,35.69674044722328],[139.76020419902287,35.69677367423284]]]}},{"type":"Feature","properties":{"height":13.5,"gml_id":"bldg_569cfaea-8a70-4862-8c1b-3ffd67c6c708"},"geometry":{"type":"Polygon","coordinates":[[[139.76185666488706,35.694423624841804],[139.7619199823659,35.69448177372003],[139.76182973976822,35.69454439238008],[139.76175352975176,35.69447129108133],[139.76175970770524,35.69445753985433],[139.76185666488706,35.694423624841804]]]}},{"type":"Feature","properties":{"height":15.4,"gml_id":"bldg_32be0c76-8a01-45f7-999f-6d3bdef8c5d5"},"geometry":{"type":"Polygon","coordinates":[[[139.75148338868348,35.696890250008245],[139.75152758201708,35.696896445414716],[139.7515191987715,35.696936154043364],[139.7514749833629,35.69692991355038],[139.751441562168,35.69692520369883],[139.7514500227173,35.696885576251354],[139.75148338868348,35.696890250008245]]]}},{"type":"Feature","properties":{"height":41.4,"gml_id":"bldg_fe1257bc-9e6d-45a0-b99a-1ce503bcf44f"},"geometry":{"type":"Polygon","coordinates":[[[139.75863474437799,35.69527337275107],[139.7585188353565,35.69527095720935],[139.75852376919178,35.695193893184964],[139.75850012356003,35.69519315739239],[139.7585034921835,35.695135652112924],[139.75853299471126,35.69513576058566],[139.75853515459133,35.69510653141628],[139.7585378072549,35.695070234013244],[139.7586496267725,35.695073548369045],[139.7586583542384,35.69507544665925],[139.7586655294592,35.69508302261393],[139.75867104840836,35.695089335623614],[139.7586691348627,35.69511514064558],[139.75866668434472,35.6951480120712],[139.7586443652737,35.695146646171125],[139.75863474437799,35.69527337275107]]]}},{"type":"Feature","properties":{"height":7.2,"gml_id":"bldg_1df56c8f-af4c-4deb-b351-7458992f6cfd"},"geometry":{"type":"Polygon","coordinates":[[[139.75807864813004,35.69676533440501],[139.7580601642323,35.69679786137654],[139.75795997729438,35.69675994117798],[139.75797846122487,35.6967274133203],[139.75807864813004,35.69676533440501]]]}},{"type":"Feature","properties":{"height":6.5,"gml_id":"bldg_36b98b70-f46b-4a26-a319-2ce66364bf88"},"geometry":{"type":"Polygon","coordinates":[[[139.75917856178793,35.69472892124096],[139.7591780991934,35.694751184784096],[139.75914218836365,35.694750711972375],[139.75914276146509,35.694728447596106],[139.75917856178793,35.69472892124096]]]}},{"type":"Feature","properties":{"height":10.8,"gml_id":"bldg_c9f1076c-f450-4e03-9670-a3f88672ddac"},"geometry":{"type":"Polygon","coordinates":[[[139.75215649824605,35.69769315868892],[139.75208745639029,35.69768353957007],[139.75209059878594,35.69766851586857],[139.75209575092336,35.69764393901107],[139.75210089199845,35.6976193711595],[139.75221609425978,35.6976354211062],[139.75224717357779,35.69763975058984],[139.7522434760382,35.69765741493294],[139.752239778497,35.69767507927588],[139.75223859042327,35.69768073005958],[139.75220580111585,35.69768456582507],[139.7521896372133,35.69768231142258],[139.75218852684313,35.69768760982284],[139.75215854130616,35.69768343429443],[139.75215649824605,35.69769315868892]]]}},{"type":"Feature","properties":{"height":16.1,"gml_id":"bldg_94898fda-0cdf-442f-9119-3f39d18b650a"},"geometry":{"type":"Polygon","coordinates":[[[139.75941812733495,35.69500566283511],[139.7594169440369,35.69504265431357],[139.75928523465177,35.69503986925909],[139.75928545116926,35.695032757586816],[139.75928657938798,35.6949956488977],[139.75928683001234,35.69498750067139],[139.75935622046381,35.69498898642698],[139.7593588384633,35.69490606113773],[139.75942126774203,35.69490736140258],[139.75941962945345,35.69495845002174],[139.75941812733495,35.69500566283511]]]}},{"type":"Feature","properties":{"height":13.3,"gml_id":"bldg_59780524-dd2d-42bd-a21e-63403b4fb1a2"},"geometry":{"type":"Polygon","coordinates":[[[139.762039238244,35.69530374020895],[139.76208058637758,35.69534081999008],[139.76205912472807,35.695356753412426],[139.76195972365673,35.69526762028292],[139.76198631572666,35.69524790506835],[139.76204435763714,35.69529993856018],[139.762039238244,35.69530374020895]]]}},{"type":"Feature","properties":{"height":27.0,"gml_id":"bldg_4f37b80a-1c15-49ae-9595-c93384df72b7"},"geometry":{"type":"Polygon","coordinates":[[[139.75888531716606,35.696261338707785],[139.75884211319732,35.696260410610876],[139.75884475254736,35.69617891042882],[139.7588457764512,35.69614727299845],[139.7588463225832,35.696130345620055],[139.75889836624194,35.69613136931871],[139.75889665901622,35.6961849096021],[139.75888770883586,35.69618472379344],[139.75888531716606,35.696261338707785]]]}},{"type":"Feature","properties":{"height":28.7,"gml_id":"bldg_9a0022da-c0eb-4f82-be14-0e8dbd5e33f8"},"geometry":{"type":"Polygon","coordinates":[[[139.75589596844685,35.698015591274334],[139.75588238410637,35.698042379335014],[139.75586408341093,35.69807848541603],[139.75580597896126,35.69805888829965],[139.75580068435096,35.6980491501039],[139.75581696826896,35.69801891965982],[139.7559203503379,35.697827039648075],[139.75606615840707,35.69788148588396],[139.75601050607997,35.697977472994395],[139.755979492133,35.69803096734889],[139.75596303286312,35.69802544039232],[139.7559240829545,35.698012355414974],[139.75591685855738,35.698009925184856],[139.75589596844685,35.698015591274334]]]}},{"type":"Feature","properties":{"height":20.8,"gml_id":"bldg_d1e1f6ee-8aa3-4888-9b3f-fbdb4d77b006"},"geometry":{"type":"Polygon","coordinates":[[[139.75801924306998,35.698070641126634],[139.75805830291853,35.6980847179022],[139.75808668096465,35.698094948156154],[139.75806210710428,35.69814036179226],[139.75804784970288,35.69814332739396],[139.75803359230045,35.69814629299397],[139.75796344802623,35.69812100986042],[139.7579798307202,35.69809064488152],[139.75797474938184,35.698088838962434],[139.7579902464491,35.698060185127304],[139.75801924306998,35.698070641126634]]]}},{"type":"Feature","properties":{"height":3.6,"gml_id":"bldg_47d7eb0b-ea75-4df0-bfcb-16f7e9ccf59b"},"geometry":{"type":"Polygon","coordinates":[[[139.75057902401264,35.69286415164709],[139.7506002279703,35.69287462211099],[139.75056537352248,35.69292201020218],[139.75054405906332,35.69291153965626],[139.75057902401264,35.69286415164709]]]}},{"type":"Feature","properties":{"height":34.2,"gml_id":"bldg_2d9babc2-1752-49eb-b7d0-328515116785"},"geometry":{"type":"Polygon","coordinates":[[[139.75957964490274,35.69174806734709],[139.75957043557705,35.69186186868106],[139.7595662555388,35.69191359574344],[139.75956377443308,35.69194419573401],[139.75946820401765,35.69193827822651],[139.75949887931836,35.691743601125296],[139.75957964490274,35.69174806734709]]]}},{"type":"Feature","properties":{"height":8.5,"gml_id":"bldg_88339a1f-9ffc-4b28-a09a-316502a8773e"},"geometry":{"type":"Polygon","coordinates":[[[139.75099370034548,35.6946223862415],[139.75117828855045,35.69470409531359],[139.75113936702544,35.69476260368019],[139.7509547787256,35.69468089454907],[139.75099370034548,35.6946223862415]]]}},{"type":"Feature","properties":{"height":27.3,"gml_id":"bldg_0e5afdde-5766-4b03-8531-952442bc031d"},"geometry":{"type":"Polygon","coordinates":[[[139.76059595226312,35.69370589320126],[139.76062186325552,35.693705926882046],[139.7606432329237,35.6937059488014],[139.76064315612285,35.69379058737152],[139.7604875794112,35.693790493327924],[139.76048761310824,35.69377773896691],[139.760487637591,35.69376296643348],[139.76048770780542,35.6937343560998],[139.76048776297782,35.693710136328804],[139.76056967663817,35.6937058592945],[139.76059595226312,35.69370589320126]]]}},{"type":"Feature","properties":{"height":11.9,"gml_id":"bldg_4ec4cee7-01c4-4d67-b8d4-a248149d284d"},"geometry":{"type":"Polygon","coordinates":[[[139.75425602674187,35.69557628443219],[139.75424329804366,35.69557568116612],[139.754220819888,35.69556752702984],[139.75418530772862,35.69555464114458],[139.75420357725895,35.695516706404725],[139.75428556236665,35.695520617228965],[139.75428292905204,35.69555773389187],[139.75425743850326,35.69555653635598],[139.75425602674187,35.69557628443219]]]}},{"type":"Feature","properties":{"height":11.9,"gml_id":"bldg_01b827d0-44a0-4482-b2dd-cb393deb4958"},"geometry":{"type":"Polygon","coordinates":[[[139.75465806643714,35.696290017759516],[139.7546553806583,35.69632444831113],[139.75461295143572,35.69632225728574],[139.7546156372327,35.696287826735066],[139.75465806643714,35.696290017759516]]]}},{"type":"Feature","properties":{"height":20.4,"gml_id":"bldg_14e47368-ee65-4ee4-8a30-d16f14da5cad"},"geometry":{"type":"Polygon","coordinates":[[[139.76006643566708,35.696500475570055],[139.76002683486408,35.69654669170558],[139.75995196689718,35.69650402033539],[139.7599243897874,35.69648831068174],[139.7598884523224,35.69646782767754],[139.75992805324952,35.69642152054875],[139.76006643566708,35.696500475570055]]]}},{"type":"Feature","properties":{"height":18.2,"gml_id":"bldg_ff1c0bcd-74eb-45d9-897b-4792fa19bc4d"},"geometry":{"type":"Polygon","coordinates":[[[139.75164306956262,35.69731421830825],[139.75163500892157,35.69734099341567],[139.7516244535551,35.69737607564959],[139.75161135915283,35.69741956683378],[139.75155534716257,35.69740835181765],[139.7515684416026,35.697364851625835],[139.7515784869464,35.697331480750364],[139.75158705764153,35.69730300330677],[139.75164306956262,35.69731421830825]]]}},{"type":"Feature","properties":{"height":13.4,"gml_id":"bldg_5f37dc2d-cc49-41b9-9768-1cd6e1478456"},"geometry":{"type":"Polygon","coordinates":[[[139.7560054680441,35.699624784571256],[139.75598609740103,35.6996585725546],[139.75592324440254,35.6996345746695],[139.75590046710207,35.69962587983793],[139.7558335491432,35.699600337048906],[139.7558512595061,35.69956943059858],[139.75587077858208,35.699576438684524],[139.75591800217285,35.69959338775741],[139.75594101194002,35.69960165007816],[139.7560054680441,35.699624784571256]]]}},{"type":"Feature","properties":{"height":8.1,"gml_id":"bldg_f1974951-806d-440f-bf9f-21938f1d6b96"},"geometry":{"type":"Polygon","coordinates":[[[139.7574742856472,35.69821138121372],[139.75744130077405,35.69827004044706],[139.75736486118765,35.69824141793077],[139.75739795660493,35.6981827596892],[139.7574742856472,35.69821138121372]]]}},{"type":"Feature","properties":{"height":8.1,"gml_id":"bldg_dec45a60-4aa5-442b-9cee-3c32aaa319bb"},"geometry":{"type":"Polygon","coordinates":[[[139.75922585587696,35.69472705658789],[139.75922479684965,35.69476101142859],[139.75922385132964,35.69479171059214],[139.7592228947493,35.694822420565146],[139.75918046494274,35.69482158320346],[139.75918142156354,35.69479084709109],[139.75918236711732,35.69476012899914],[139.75918342612005,35.69472622012866],[139.75922585587696,35.69472705658789]]]}},{"type":"Feature","properties":{"height":9.5,"gml_id":"bldg_2d56f66b-b1bc-409a-b8b8-9202c1cda485"},"geometry":{"type":"Polygon","coordinates":[[[139.7590992813533,35.697148715653064],[139.7591413882404,35.69716548003842],[139.75911139627607,35.697215757950396],[139.7590692341099,35.697199003435635],[139.75905097526064,35.697191744260024],[139.75908107775328,35.6971414664311],[139.7590992813533,35.697148715653064]]]}},{"type":"Feature","properties":{"height":8.5,"gml_id":"bldg_f4674f9d-607b-408b-a0be-cc1a7ee08baf"},"geometry":{"type":"Polygon","coordinates":[[[139.75761611098028,35.69815576590142],[139.75759199198507,35.69819896235924],[139.75758345790803,35.69821424420788],[139.75753551731367,35.69819645706009],[139.75754404037343,35.6981811481668],[139.75756805991284,35.698137978696934],[139.75761611098028,35.69815576590142]]]}},{"type":"Feature","properties":{"height":36.1,"gml_id":"bldg_bd182a9b-52ee-438d-a32c-88f170f7bac3"},"geometry":{"type":"Polygon","coordinates":[[[139.75699187781373,35.69608312386788],[139.75698709903358,35.69620458035492],[139.75698542308407,35.69624715096506],[139.75698395102134,35.69628448474846],[139.75689909042606,35.6962822676091],[139.7569071279295,35.696080906804454],[139.75699187781373,35.69608312386788]]]}},{"type":"Feature","properties":{"height":43.3,"gml_id":"bldg_5f3142bb-cf7c-41c5-a5e3-66256168d99c"},"geometry":{"type":"Polygon","coordinates":[[[139.75988084457595,35.69970301687289],[139.75987701610794,35.69969648862641],[139.75987422473142,35.69969174572295],[139.75985565361816,35.69969894533875],[139.75983755941988,35.699668106577214],[139.75985866802276,35.699653301861545],[139.75990611536406,35.69962001622193],[139.7598870282084,35.69958746516231],[139.7599786668166,35.69954076703987],[139.76002942233302,35.699514901632526],[139.76005700501446,35.69956191579817],[139.7600629297866,35.69957200572203],[139.76007252857366,35.69958836239516],[139.76008420158655,35.69960825369554],[139.76008913448712,35.69961665655338],[139.7600915385931,35.69962076014576],[139.76001780686082,35.69964946892599],[139.76001549001296,35.69964541135509],[139.75994286631624,35.699670785699496],[139.75993910789487,35.69967222559806],[139.75994285904778,35.69967871774073],[139.75988084457595,35.69970301687289]]]}},{"type":"Feature","properties":{"height":6.7,"gml_id":"bldg_f67dd988-ca72-45f4-b49d-26500d10cdce"},"geometry":{"type":"Polygon","coordinates":[[[139.75893903980895,35.696358269123124],[139.75893767037942,35.69640504934405],[139.758781207377,35.69640197802578],[139.7587825768979,35.696355197806724],[139.75893903980895,35.696358269123124]]]}},{"type":"Feature","properties":{"height":29.0,"gml_id":"bldg_d5cfdc04-a6a1-429e-8df8-6e1f9925627c"},"geometry":{"type":"Polygon","coordinates":[[[139.75065490847098,35.69909717259554],[139.75049410390298,35.69901341500969],[139.75050052256486,35.69900418940964],[139.75051114656307,35.6989889104054],[139.75049822398643,35.69898295157752],[139.750515381429,35.69895429985335],[139.7505252116267,35.69895863318679],[139.7505282896748,35.69895274035186],[139.75054228485496,35.69892591622713],[139.7505544309745,35.69890264222245],[139.75057791494598,35.698857625980594],[139.75063259272477,35.69887761986563],[139.75069830551737,35.69890164140691],[139.75075049799352,35.69892073216326],[139.75075376762229,35.698921924213266],[139.75065490847098,35.69909717259554]]]}},{"type":"Feature","properties":{"height":7.5,"gml_id":"bldg_0ad8cf79-0170-479b-b86e-5df276264ec9"},"geometry":{"type":"Polygon","coordinates":[[[139.75743633442167,35.69709735520741],[139.75742279727478,35.69712169265334],[139.75740921585148,35.69714610217927],[139.75724860608256,35.69708660144301],[139.75726216541136,35.69706222707443],[139.75727572473104,35.697037853605586],[139.75743633442167,35.69709735520741]]]}},{"type":"Feature","properties":{"height":19.1,"gml_id":"bldg_4f031d75-6ae7-42f3-b20d-5fb686c1d130"},"geometry":{"type":"Polygon","coordinates":[[[139.75919729313125,35.69514437399457],[139.7591957364444,35.695250401129044],[139.7591951707963,35.6952885016686],[139.75915262982892,35.6952881149133],[139.7591528065174,35.69527629806832],[139.75915284178663,35.69527400861159],[139.75915326682033,35.69524458817364],[139.75915475224042,35.69514398724009],[139.75919729313125,35.69514437399457]]]}},{"type":"Feature","properties":{"height":26.0,"gml_id":"bldg_4b8b8df1-7ee1-46ff-acf5-b8a4deb82589"},"geometry":{"type":"Polygon","coordinates":[[[139.7613098973237,35.69414252230726],[139.76142238664804,35.69413691092834],[139.7614269729179,35.694197665983],[139.76131437301316,35.694203277299955],[139.7613098973237,35.69414252230726]]]}},{"type":"Feature","properties":{"height":39.7,"gml_id":"bldg_6546916f-5e14-45cf-a381-7e04f5ed5fa5"},"geometry":{"type":"Polygon","coordinates":[[[139.7566917207126,35.69924754992509],[139.75664999082213,35.69932116518424],[139.75677569728296,35.69936865720152],[139.75672134898457,35.699464347994365],[139.75657246733678,35.699408106880476],[139.75649235985713,35.699377850899786],[139.756518881102,35.69933111382474],[139.75658843833494,35.69920854498549],[139.7566917207126,35.69924754992509]]]}},{"type":"Feature","properties":{"height":8.1,"gml_id":"bldg_7cef5d09-080f-4a92-97b6-863c44375041"},"geometry":{"type":"Polygon","coordinates":[[[139.75627976453956,35.69683873870306],[139.7562624964244,35.69687018543424],[139.75619666216062,35.69684607670759],[139.7562139302096,35.69681472012261],[139.75627976453956,35.69683873870306]]]}},{"type":"Feature","properties":{"height":36.8,"gml_id":"bldg_9c4ad08d-68e2-4623-a3b8-5b3ce9a94ec3"},"geometry":{"type":"Polygon","coordinates":[[[139.752792491674,35.697596120863196],[139.7528554471236,35.69760360827781],[139.75295495167683,35.697615437628],[139.75293874212588,35.69769168262738],[139.7527886639306,35.697710420914895],[139.7527292586292,35.697666845025026],[139.75274303773617,35.69759023787887],[139.752792491674,35.697596120863196]]]}},{"type":"Feature","properties":{"height":17.2,"gml_id":"bldg_dab92ae2-6982-494b-b8e0-60c76822568c"},"geometry":{"type":"Polygon","coordinates":[[[139.75011018979177,35.69904217426954],[139.74998317867,35.69897844974877],[139.7500251166642,35.6989229535573],[139.7500757001933,35.69894831792121],[139.7501128800655,35.69889903875429],[139.7501893075737,35.69893739974545],[139.75011018979177,35.69904217426954]]]}},{"type":"Feature","properties":{"height":31.1,"gml_id":"bldg_61577dca-86f5-42dd-b06b-68c22a002e90"},"geometry":{"type":"Polygon","coordinates":[[[139.76104034824033,35.69517839493295],[139.76103756534005,35.69521333034359],[139.76103545295243,35.69523991857377],[139.76105313163092,35.69524083055958],[139.76104743187014,35.6953122174035],[139.76104282738564,35.69536984730171],[139.7609791841243,35.695366473998234],[139.76098380010296,35.69530840243829],[139.76098924306586,35.69524001790484],[139.76098150869527,35.695239562571714],[139.76098384436654,35.69521045875441],[139.7609866493488,35.69517556842676],[139.76104034824033,35.69517839493295]]]}},{"type":"Feature","properties":{"height":17.8,"gml_id":"bldg_b524d8d3-04ea-41b5-a9af-d03fe78f218d"},"geometry":{"type":"Polygon","coordinates":[[[139.76169087859554,35.69390298531031],[139.76174822822955,35.69389995477044],[139.76175773562863,35.69401822012745],[139.7617003859103,35.694021250671696],[139.76169087859554,35.69390298531031]]]}},{"type":"Feature","properties":{"height":43.1,"gml_id":"bldg_fdebf1dc-f9bc-4dd0-a32d-5cda4afb105f"},"geometry":{"type":"Polygon","coordinates":[[[139.7601348306991,35.69196978267713],[139.7601116616395,35.691968479627945],[139.75993954553127,35.691958757199345],[139.7599401822737,35.6919511860797],[139.75994412567093,35.69190422710748],[139.75997495143304,35.691905957597506],[139.75998645632868,35.69177030932411],[139.76016170983098,35.69178023189416],[139.76021505266974,35.69178324784006],[139.76020645238685,35.69188446556598],[139.76017132867923,35.691882516194475],[139.76014231598413,35.691880912147504],[139.7601348306991,35.69196978267713]]]}},{"type":"Feature","properties":{"height":39.5,"gml_id":"bldg_85d517df-f390-4169-83d7-7ba9ae25a772"},"geometry":{"type":"Polygon","coordinates":[[[139.75544000114334,35.69528559856807],[139.755437218753,35.695340219756176],[139.75543306226956,35.69542160171303],[139.75542037762787,35.69542116084642],[139.7554091956937,35.695420775033405],[139.75540761839534,35.69545196139462],[139.75519848730067,35.69544488528908],[139.75490827612396,35.6954350609301],[139.75478587144787,35.69543091594637],[139.75478733698827,35.69540126184843],[139.75477664120277,35.69540092136234],[139.754763691331,35.69540052532191],[139.75477124129137,35.6952509930591],[139.75544060940487,35.69527369187117],[139.75544000114334,35.69528559856807]]]}},{"type":"Feature","properties":{"height":37.7,"gml_id":"bldg_42a43071-6ac6-483a-aba2-428cfcb1e388"},"geometry":{"type":"Polygon","coordinates":[[[139.75200234322682,35.697275792850185],[139.7519098701729,35.69726085774514],[139.7519281790975,35.69718560580518],[139.75194243114962,35.6971879590022],[139.75194964393043,35.69715812856017],[139.75197947392888,35.69716292598044],[139.75198102732958,35.697156617446254],[139.75201008392472,35.69716132419935],[139.75200475789438,35.69718304359748],[139.75202674363126,35.69718666392613],[139.7520230818676,35.69720171431744],[139.75203236227082,35.69720325291327],[139.7520169382345,35.69726687915595],[139.75200489570042,35.69726497814517],[139.75200234322682,35.697275792850185]]]}},{"type":"Feature","properties":{"height":9.7,"gml_id":"bldg_98841ad3-b78d-465e-b205-928bd5abc3f1"},"geometry":{"type":"Polygon","coordinates":[[[139.75801009248133,35.69769582811021],[139.75797007121108,35.697764244016675],[139.7578872484063,35.69773200424461],[139.75792726973106,35.69766358836538],[139.75801009248133,35.69769582811021]]]}},{"type":"Feature","properties":{"height":33.9,"gml_id":"bldg_afaff950-7c0c-4385-b4fb-7d3f8d16da4a"},"geometry":{"type":"Polygon","coordinates":[[[139.7581760091306,35.69934394078749],[139.75812437014923,35.69930985481877],[139.75808633667103,35.69928475496748],[139.75814761296112,35.699223048587406],[139.75818561331158,35.69924811324554],[139.75820779951937,35.69926274729732],[139.75823018639656,35.69924015493565],[139.7582406498221,35.69922959742029],[139.75827013569477,35.69924908537876],[139.75825968333768,35.69925962487618],[139.7581760091306,35.69934394078749]]]}},{"type":"Feature","properties":{"height":15.0,"gml_id":"bldg_9e9850db-1711-4d5e-9274-b888cf9143b5"},"geometry":{"type":"Polygon","coordinates":[[[139.75861287181206,35.696404307351],[139.75865037455705,35.69640478130861],[139.75864913395844,35.696467271571215],[139.75864875135346,35.69648653359568],[139.75858123750322,35.6964856813585],[139.75858159800788,35.69646643734792],[139.75858225009318,35.696430761555995],[139.75858275027812,35.69640392810242],[139.75861287181206,35.696404307351]]]}},{"type":"Feature","properties":{"height":7.5,"gml_id":"bldg_2f992413-94f7-40e6-979f-ef79c4bbf459"},"geometry":{"type":"Polygon","coordinates":[[[139.75919656468935,35.69688654026058],[139.7591861523058,35.696902110409155],[139.75917100401395,35.696924742571184],[139.7590845189456,35.696886110654376],[139.7590998109626,35.69686341459451],[139.75911019006537,35.696847998566945],[139.75919656468935,35.69688654026058]]]}},{"type":"Feature","properties":{"height":4.9,"gml_id":"bldg_bab017df-69d9-40cb-815e-120185ede660"},"geometry":{"type":"Polygon","coordinates":[[[139.7528235498597,35.69851194157634],[139.7527866367999,35.69851750536954],[139.75274373373637,35.69832620615986],[139.7527807572129,35.698320641552115],[139.7528235498597,35.69851194157634]]]}},{"type":"Feature","properties":{"height":6.9,"gml_id":"bldg_2939ae86-935d-4ba6-a3f7-ae387d3de663"},"geometry":{"type":"Polygon","coordinates":[[[139.7567520577767,35.69635536534743],[139.75675025291864,35.696393942805145],[139.75665544796203,35.69639108820853],[139.75667559507383,35.69635306325585],[139.7567520577767,35.69635536534743]]]}},{"type":"Feature","properties":{"height":2.7,"gml_id":"bldg_d88f122a-7910-4a2c-aba7-c88be8abff60"},"geometry":{"type":"Polygon","coordinates":[[[139.75374178014644,35.692654462375515],[139.75377224969372,35.692681253200924],[139.753714639339,35.69272484141179],[139.75368416988408,35.69269796043507],[139.75374178014644,35.692654462375515]]]}},{"type":"Feature","properties":{"height":22.1,"gml_id":"bldg_7077b3ce-2824-40fe-ad29-86729fd24cfa"},"geometry":{"type":"Polygon","coordinates":[[[139.7622960379395,35.6964197873557],[139.7622229413362,35.696359622862964],[139.7623524276636,35.69625505030414],[139.76242541377067,35.696315214654206],[139.7622960379395,35.6964197873557]]]}},{"type":"Feature","properties":{"height":38.3,"gml_id":"bldg_c7d1f588-a740-4b2f-b4a6-d1602eb94d32"},"geometry":{"type":"Polygon","coordinates":[[[139.7544603744954,35.6963006146853],[139.75440335960843,35.696298323891426],[139.75442189231546,35.69599331266512],[139.75459271534103,35.69600018479436],[139.75458328056973,35.69615575496848],[139.7545776785391,35.6961555259612],[139.75453487329796,35.69615375830584],[139.7545123436466,35.696152824159185],[139.75451245618467,35.696150751083444],[139.75449687657868,35.69615010992266],[139.75448923982995,35.69627494456999],[139.75446194783095,35.6962738450481],[139.7544603744954,35.6963006146853]]]}},{"type":"Feature","properties":{"height":80.2,"gml_id":"bldg_36c99d3d-466c-4ba0-a061-19b6cce42050"},"geometry":{"type":"Polygon","coordinates":[[[139.75367968486248,35.69809743072367],[139.75368167737176,35.698093916702945],[139.75369119773356,35.69807652658012],[139.75369252607243,35.69807418389951],[139.75372949996043,35.69800714740187],[139.75378000993675,35.69799591277931],[139.75379373680656,35.69797095392807],[139.75384918805773,35.69799118122214],[139.7538683394488,35.69795613061084],[139.7540281762738,35.69801428418672],[139.75356754409492,35.69885648940457],[139.75341234528904,35.69880005090476],[139.7534311649308,35.698765631105964],[139.75337107389063,35.698743687938666],[139.75338719234958,35.698714223881105],[139.75342986858843,35.69863619366769],[139.75349258201885,35.69852153608207],[139.75371713117613,35.698110976031955],[139.75367968486248,35.69809743072367]]]}},{"type":"Feature","properties":{"height":29.5,"gml_id":"bldg_a66494da-ba85-4301-b161-1061e3310f15"},"geometry":{"type":"Polygon","coordinates":[[[139.75790541322183,35.699082915376884],[139.7578749173606,35.69911519231132],[139.75781869296287,35.69917470959382],[139.7576618728571,35.69907609239373],[139.75769439299359,35.69904168144218],[139.75772691310377,35.6990072686789],[139.75790541322183,35.699082915376884]]]}},{"type":"Feature","properties":{"height":7.7,"gml_id":"bldg_ef0116e8-30a5-43f5-8820-fadc7860522a"},"geometry":{"type":"Polygon","coordinates":[[[139.75986376991722,35.69517551930469],[139.75986216763275,35.69519970207035],[139.75982061145362,35.695197873960986],[139.75982095880784,35.69519262820265],[139.75977925899588,35.695190790977605],[139.75978169046024,35.69515410672468],[139.75978602175718,35.69515429865863],[139.7597887670685,35.695112756215444],[139.75983172645226,35.69511464828846],[139.75983141281048,35.69511928113621],[139.75986738908367,35.695120870579174],[139.75986376991722,35.69517551930469]]]}},{"type":"Feature","properties":{"height":25.7,"gml_id":"bldg_f9c4c355-6488-4c66-938a-63fded24e39a"},"geometry":{"type":"Polygon","coordinates":[[[139.75562713503098,35.698410360978485],[139.7556708795858,35.698424739003634],[139.75570917818442,35.69843731977685],[139.75575697688097,35.69845302539735],[139.75574414456088,35.69847905767647],[139.75572818996437,35.6985114155514],[139.75566946616473,35.69849208838175],[139.7556481130745,35.69848505293877],[139.75557618862203,35.6984613816188],[139.75560497554386,35.69840308163757],[139.75562713503098,35.698410360978485]]]}},{"type":"Feature","properties":{"height":8.2,"gml_id":"bldg_85eb667f-141c-4c16-beab-5a4b292bc4a5"},"geometry":{"type":"Polygon","coordinates":[[[139.75975733163799,35.69953863091626],[139.75971841946443,35.699567172405345],[139.75969490201223,35.699545794677825],[139.7595739300602,35.69963468571569],[139.7595498620216,35.69961123537576],[139.75966983869412,35.699523154984625],[139.75964422345723,35.699499883990065],[139.759639358104,35.69950339635001],[139.75961219708944,35.69947877234894],[139.75957487831616,35.69944494815555],[139.7595710274932,35.699426738144965],[139.75968824538378,35.69934623655425],[139.75973482737737,35.699388711405945],[139.75965587516234,35.69944671036011],[139.75970872878705,35.69949458735783],[139.7597260301694,35.69951025471571],[139.75973375893156,35.699517254063835],[139.75975733163799,35.69953863091626]]]}},{"type":"Feature","properties":{"height":15.8,"gml_id":"bldg_2ce30e54-4329-4a32-a7dc-2aa1087e59be"},"geometry":{"type":"Polygon","coordinates":[[[139.7578291235523,35.6977220707675],[139.75779542049875,35.697781143380894],[139.75778296860352,35.69780298475319],[139.75764643897338,35.69775125143846],[139.7576589130753,35.697729328069485],[139.75769248352995,35.69767033743513],[139.7578291235523,35.6977220707675]]]}},{"type":"Feature","properties":{"height":14.4,"gml_id":"bldg_995d244d-47c4-48a5-8f65-f31c8be4f015"},"geometry":{"type":"Polygon","coordinates":[[[139.75692075298898,35.696369804321634],[139.7569672611953,35.6963704197251],[139.75697060925307,35.69637046691751],[139.75696933258726,35.69643464360144],[139.75688380781025,35.696433507673085],[139.75688508454456,35.696369330990116],[139.75692075298898,35.696369804321634]]]}},{"type":"Feature","properties":{"height":10.5,"gml_id":"bldg_8e0ec3c5-c924-4b3b-9e8b-319bc4e0944d"},"geometry":{"type":"Polygon","coordinates":[[[139.75973242859757,35.696587794772356],[139.75969281637157,35.69664617927544],[139.75965955218228,35.69665057563083],[139.75957747126938,35.69662916291512],[139.75963523006456,35.69654392875628],[139.75973242859757,35.696587794772356]]]}},{"type":"Feature","properties":{"height":33.9,"gml_id":"bldg_eb2e0594-a7d3-487c-b86f-277d5e27406e"},"geometry":{"type":"Polygon","coordinates":[[[139.75006892575732,35.696004531939415],[139.75015255868317,35.69601802016156],[139.75013935251783,35.69607281428884],[139.75005560903912,35.696059325981125],[139.75006892575732,35.696004531939415]]]}},{"type":"Feature","properties":{"height":7.1,"gml_id":"bldg_80d877d6-03bf-4910-a09a-ae758de53abd"},"geometry":{"type":"Polygon","coordinates":[[[139.75811030525182,35.69670739524736],[139.7580973568221,35.69672874960656],[139.75804497712554,35.69670864336418],[139.7580561997006,35.69668950529969],[139.75811030525182,35.69670739524736]]]}},{"type":"Feature","properties":{"height":39.8,"gml_id":"bldg_a237fbb6-eafc-4515-9755-2882796abab5"},"geometry":{"type":"Polygon","coordinates":[[[139.75826801465482,35.69640689605512],[139.758312576906,35.69640880769715],[139.75831116884623,35.696437452336006],[139.75830908501246,35.69647974328464],[139.75812941855486,35.69647521356321],[139.75812821669544,35.69646070166811],[139.75813749873873,35.69646052719285],[139.7581369599544,35.69644592467369],[139.75816097906687,35.69640231340134],[139.75826801465482,35.69640689605512]]]}},{"type":"Feature","properties":{"height":16.7,"gml_id":"bldg_499e5183-c032-4c56-abee-4b4f7f66da25"},"geometry":{"type":"Polygon","coordinates":[[[139.7566843464226,35.697484828015874],[139.75667896697453,35.69749438811685],[139.75661273098672,35.697612145850144],[139.75656545388279,35.69759444887437],[139.75658118275152,35.69756648040689],[139.75663168992537,35.6974766911668],[139.75663706937786,35.6974671310679],[139.7566843464226,35.697484828015874]]]}},{"type":"Feature","properties":{"height":50.3,"gml_id":"bldg_5b1f1965-ebb7-4d7d-84a4-be15a90c7809"},"geometry":{"type":"Polygon","coordinates":[[[139.75831366643658,35.6938650165708],[139.75818123116753,35.69448496901333],[139.7579302470765,35.69445383199099],[139.75793571103907,35.6944245409015],[139.75792772313386,35.69442354439158],[139.75803875658502,35.69382797080356],[139.75831366643658,35.6938650165708]]]}},{"type":"Feature","properties":{"height":28.5,"gml_id":"bldg_f6ba3584-d460-4a16-988d-7b04b0e7a035"},"geometry":{"type":"Polygon","coordinates":[[[139.75747500686018,35.69966664178641],[139.75741936946764,35.69972402390376],[139.75738754139206,35.699704083576314],[139.75730672331696,35.69965346576899],[139.7573319789121,35.69961255957358],[139.75734789368002,35.69958678957133],[139.75747500686018,35.69966664178641]]]}},{"type":"Feature","properties":{"height":34.4,"gml_id":"bldg_a3357b05-4eb8-47f8-960f-51edbff5338c"},"geometry":{"type":"Polygon","coordinates":[[[139.7525777700369,35.699752970867245],[139.7525677836755,35.699771793760554],[139.75255406625536,35.69979765383916],[139.75244536981376,35.69975936281069],[139.7524590319745,35.69973353876195],[139.75246904057556,35.69971459871456],[139.7525305091557,35.69959834539312],[139.75266273417805,35.699644944709],[139.75269007881002,35.69970463364449],[139.75266073959742,35.69976013830107],[139.75258761248529,35.69973440025975],[139.7525777700369,35.699752970867245]]]}},{"type":"Feature","properties":{"height":11.7,"gml_id":"bldg_b38f3ba7-b075-457e-8bae-ab5bfc9c4114"},"geometry":{"type":"Polygon","coordinates":[[[139.7575630913839,35.6981337391351],[139.75754542596195,35.6981648973555],[139.75753187803508,35.69818879313168],[139.75748890855508,35.69817254142289],[139.75750243435772,35.69814868169232],[139.75752012192706,35.69811748743733],[139.7575630913839,35.6981337391351]]]}},{"type":"Feature","properties":{"height":13.2,"gml_id":"bldg_6e45be7b-d4f7-46f9-ab61-5d453e25f142"},"geometry":{"type":"Polygon","coordinates":[[[139.75622826043752,35.69887096758764],[139.75626969359914,35.69888769738796],[139.75628717925187,35.69889476629973],[139.75626769996308,35.69892693270046],[139.75625017012163,35.698919845730224],[139.75619015775516,35.69889560643125],[139.7562096370683,35.69886343914156],[139.75622826043752,35.69887096758764]]]}},{"type":"Feature","properties":{"height":23.3,"gml_id":"bldg_95fddb9f-9ec7-4e91-960b-98f93002571d"},"geometry":{"type":"Polygon","coordinates":[[[139.75527048493956,35.699313518199055],[139.75524969373308,35.69935335423053],[139.7552118089287,35.69942597096375],[139.755172836794,35.69941244315952],[139.75510487861192,35.69938885525968],[139.75511794220571,35.69936398596894],[139.75510733757628,35.69936028256421],[139.75515306053907,35.69927279025576],[139.75527048493956,35.699313518199055]]]}},{"type":"Feature","properties":{"height":14.1,"gml_id":"bldg_646ada70-f116-41db-b484-95ddd6f87c07"},"geometry":{"type":"Polygon","coordinates":[[[139.75922580591947,35.69705033705425],[139.75922248604445,35.69705562604764],[139.75921446304207,35.697068374580894],[139.75919061532377,35.697106290412414],[139.7592299379302,35.69712272044672],[139.7591937513091,35.69718029475513],[139.7591337622455,35.697155199729174],[139.75909168929223,35.697137597088684],[139.75912378147913,35.69708650924343],[139.7591181482664,35.697084072073665],[139.7591573228045,35.697021720568706],[139.75922580591947,35.69705033705425]]]}},{"type":"Feature","properties":{"height":26.9,"gml_id":"bldg_ef0ab0d0-865c-47ed-8639-68c5d8222e4a"},"geometry":{"type":"Polygon","coordinates":[[[139.7579611384843,35.69318892319726],[139.7578253115518,35.69319703243035],[139.75737666920926,35.69322381742044],[139.75735455808868,35.69322513659289],[139.7572529640506,35.69323120264458],[139.7572584081251,35.69326956838249],[139.75674305804802,35.69330978521529],[139.75672038341554,35.693311059745575],[139.75669261446725,35.69331288987764],[139.7566811554903,35.69331364874601],[139.75648081687464,35.6933267711498],[139.75647994130912,35.693318027304215],[139.75647773128753,35.69331817011244],[139.7563827112626,35.69332445505376],[139.75637834467864,35.69328059161011],[139.7563518244466,35.69328228725637],[139.7563467684219,35.69323150085057],[139.7564683196519,35.693223466196194],[139.75646066040636,35.69314495199804],[139.75667458995048,35.693131180282656],[139.75672763032586,35.693127761800795],[139.7571692796419,35.693099333410345],[139.75716492439992,35.69305472186357],[139.75723014220787,35.69305016612491],[139.75799347288608,35.69299685342148],[139.75809957597602,35.6929894474228],[139.75810014774723,35.69298065942444],[139.75814828791613,35.692982752735844],[139.7581487587403,35.692975560098745],[139.75820100911153,35.69297782811767],[139.75820134550412,35.69297259136899],[139.75825183909276,35.69297478615979],[139.75825216423834,35.692969756719],[139.758305342722,35.69297206132628],[139.7583538364618,35.69297416469091],[139.75835453142687,35.69296358304208],[139.7584101296199,35.692965997274534],[139.75841021942264,35.692964492042826],[139.75841037628874,35.69296216660633],[139.75851409256043,35.69296666585202],[139.75851394674672,35.69296899129555],[139.75850901432258,35.693044685266905],[139.7584980958313,35.69321209890593],[139.75849334266837,35.69328511591679],[139.75839536040255,35.693280863592626],[139.75838961493622,35.69328061664606],[139.7583899288218,35.693275804428254],[139.75833420887176,35.69327338920925],[139.75833444430168,35.69326976584943],[139.75828607191858,35.69326767156633],[139.7582864418857,35.693261975140004],[139.75823212517182,35.693259615732096],[139.75823256227574,35.69325302699173],[139.7581832065505,35.69325088698533],[139.75818344195338,35.69324729968058],[139.75813308077932,35.69324511395748],[139.75813364138088,35.69323645214413],[139.75809214148143,35.69323465141571],[139.7580933239242,35.693258014757994],[139.75800321665636,35.69324550958791],[139.7580088127821,35.69321773377444],[139.7579867266942,35.69321477157224],[139.7579832495096,35.69318768413521],[139.7579611384843,35.69318892319726]]]}},{"type":"Feature","properties":{"height":20.6,"gml_id":"bldg_bb4d700c-74c5-4896-b474-521524932f06"},"geometry":{"type":"Polygon","coordinates":[[[139.75491022619417,35.69470728656663],[139.75490818034606,35.694765423568576],[139.7547028830043,35.69476069356207],[139.7547049290013,35.694702556563755],[139.75491022619417,35.69470728656663]]]}},{"type":"Feature","properties":{"height":12.1,"gml_id":"bldg_b7ab857a-efb2-402a-adc9-0d781e62c626"},"geometry":{"type":"Polygon","coordinates":[[[139.75931674841007,35.69841189302276],[139.75933636520318,35.69842080159543],[139.75934520159453,35.69842481811914],[139.75932063709143,35.69846076764129],[139.75930826045015,35.69846130085217],[139.75925413750693,35.698436750319686],[139.75928180048314,35.698396024560004],[139.75931674841007,35.69841189302276]]]}},{"type":"Feature","properties":{"height":15.2,"gml_id":"bldg_ecda74a6-a82a-4a26-b66f-ab5de5ae83b6"},"geometry":{"type":"Polygon","coordinates":[[[139.75993085852713,35.69575982791239],[139.75993073031418,35.69576710188535],[139.75993042756645,35.6957839663224],[139.75992923968138,35.69585032441347],[139.75988824546158,35.695849848724215],[139.75988943338885,35.695783481619884],[139.75988986435362,35.69575935222375],[139.75993085852713,35.69575982791239]]]}},{"type":"Feature","properties":{"height":24.0,"gml_id":"bldg_4e2f8ba1-4800-4dbd-93ba-ea8e49e77d13"},"geometry":{"type":"Polygon","coordinates":[[[139.75586885729857,35.69754122654881],[139.7559061375809,35.69755517758807],[139.75587049503557,35.697618791316096],[139.75575181669882,35.69757435941414],[139.7557296584192,35.697566060647624],[139.7557654114654,35.69750253716891],[139.75586885729857,35.69754122654881]]]}},{"type":"Feature","properties":{"height":38.4,"gml_id":"bldg_00d254d9-4a0e-4645-bf82-3fbc06010125"},"geometry":{"type":"Polygon","coordinates":[[[139.7523256668586,35.6965312906312],[139.75237710980613,35.69653646304355],[139.75242232125856,35.69654101831451],[139.75243303853907,35.696542098147034],[139.75242375003913,35.69660333994396],[139.7524046391685,35.69672922133681],[139.75240035641968,35.696757467368556],[139.75239610709076,35.69678544301173],[139.75228568562918,35.6967743269443],[139.75226993007985,35.69677273893915],[139.75230686190548,35.696529394113156],[139.7523256668586,35.6965312906312]]]}},{"type":"Feature","properties":{"height":16.0,"gml_id":"bldg_ce17efe2-209a-43c8-835c-dc72b2f8411e"},"geometry":{"type":"Polygon","coordinates":[[[139.76053221494823,35.69580143976291],[139.76053331731913,35.695804306784304],[139.76054101194114,35.69582424071507],[139.76055293972635,35.695855128842986],[139.76049015046624,35.695872171814244],[139.7603093256894,35.69586690642419],[139.76031169750493,35.69581056326166],[139.76031280425954,35.69578437013802],[139.76048676526185,35.69579148819037],[139.76052480696063,35.695782236114084],[139.76053221494823,35.69580143976291]]]}},{"type":"Feature","properties":{"height":32.1,"gml_id":"bldg_0f30a89a-9d0f-488d-b779-4db4f6b1cd37"},"geometry":{"type":"Polygon","coordinates":[[[139.76015371751467,35.695667032411365],[139.7599128381158,35.69566147842059],[139.75991414265155,35.69562458526415],[139.75991448319087,35.69561471457519],[139.75989248362453,35.69561420630375],[139.75989378825065,35.695577223911734],[139.75992201971258,35.69557789011774],[139.7599789909254,35.69557922281962],[139.7599814084285,35.69550943125669],[139.7599843253534,35.69542518203108],[139.76017067478836,35.695429549897526],[139.76016394782792,35.69562056402228],[139.76015534026658,35.69562035958737],[139.76015371751467,35.695667032411365]]]}},{"type":"Feature","properties":{"height":35.8,"gml_id":"bldg_20a6582b-0bf4-4c74-a3d3-c7774ceb1d2c"},"geometry":{"type":"Polygon","coordinates":[[[139.75950304047092,35.69562084642995],[139.7594989597932,35.69573234242309],[139.75935161459975,35.69572876365819],[139.759293549433,35.695727357876976],[139.75928559378858,35.69572716369591],[139.75928956418315,35.6956157568778],[139.75950304047092,35.69562084642995]]]}},{"type":"Feature","properties":{"height":21.3,"gml_id":"bldg_a76ed855-b59a-4a0a-9d40-7a00db4efe99"},"geometry":{"type":"Polygon","coordinates":[[[139.7587583998807,35.69931033041478],[139.75883008519583,35.69935532607038],[139.75888472997545,35.69938962992392],[139.75883353443118,35.69942493190853],[139.75881916288856,35.6994315931425],[139.75880137096323,35.699432663770054],[139.758783581051,35.699431571111006],[139.75876922141921,35.69942543290863],[139.75864464728775,35.69934729713419],[139.75870880332556,35.69927919343802],[139.7587583998807,35.69931033041478]]]}},{"type":"Feature","properties":{"height":35.6,"gml_id":"bldg_2e344a15-8869-474e-87b4-93472234edd6"},"geometry":{"type":"Polygon","coordinates":[[[139.75475612858452,35.696013631840806],[139.7547418368118,35.6961645117362],[139.7546705698864,35.6961600475755],[139.75467400889667,35.69612372644193],[139.75467751497612,35.69608661755508],[139.75467793931958,35.69608208484601],[139.75463639465124,35.69607944372216],[139.75464331716174,35.69600652656716],[139.75475612858452,35.696013631840806]]]}},{"type":"Feature","properties":{"height":12.7,"gml_id":"bldg_8a8d1fd3-e37b-4f22-b782-75913cd3c8a7"},"geometry":{"type":"Polygon","coordinates":[[[139.7610380025385,35.694692176765834],[139.76110069680487,35.694693548428404],[139.7611055394075,35.69472712735079],[139.76103690052958,35.69472563494268],[139.76097977513749,35.69472438377222],[139.76098087717838,35.694690916582225],[139.7610380025385,35.694692176765834]]]}},{"type":"Feature","properties":{"height":8.5,"gml_id":"bldg_344df420-77eb-4a23-afd4-f48d1a1a615f"},"geometry":{"type":"Polygon","coordinates":[[[139.75874963722305,35.698170941444204],[139.75878849796263,35.698185431587746],[139.7587730021633,35.698213003883104],[139.75881862327816,35.698229977870255],[139.75880467701884,35.69825483800793],[139.7587907307341,35.698279716171236],[139.75870671284025,35.69824835055315],[139.7586746344991,35.69823637940975],[139.75868635598965,35.698215528098295],[139.7586980553563,35.698194695700685],[139.75871802283535,35.69815915808446],[139.75874963722305,35.698170941444204]]]}},{"type":"Feature","properties":{"height":10.3,"gml_id":"bldg_52c9d571-f302-4e6d-9115-eacd391c6475"},"geometry":{"type":"Polygon","coordinates":[[[139.75584632412958,35.69713230683367],[139.755763539276,35.69726781943853],[139.75574619765655,35.697260768569244],[139.7556427002657,35.69721870702707],[139.7556998641884,35.69712494743128],[139.75572537486065,35.697083104296304],[139.75584632412958,35.69713230683367]]]}},{"type":"Feature","properties":{"height":29.2,"gml_id":"bldg_d1411b85-6afd-459d-aefc-75898beb0fb1"},"geometry":{"type":"Polygon","coordinates":[[[139.761573886217,35.69338516884902],[139.76124238419362,35.69340633324681],[139.76122213244824,35.693195580860674],[139.76147639386855,35.693179327970334],[139.76148112296187,35.69322866276249],[139.76155844016372,35.69322367022899],[139.761573886217,35.69338516884902]]]}},{"type":"Feature","properties":{"height":19.3,"gml_id":"bldg_1e34caa9-eb0d-4e21-b09b-0380af11dc3c"},"geometry":{"type":"Polygon","coordinates":[[[139.7537942209934,35.69670443957786],[139.75377031528416,35.6967426427362],[139.75364536279517,35.696942844321235],[139.75364330836285,35.696941986660455],[139.75362407838966,35.69693400582485],[139.75342837697326,35.69685271679576],[139.75339695301577,35.69683965312022],[139.7536708747299,35.69640077775108],[139.7536909771051,35.69640917378691],[139.75370702491264,35.69638349537894],[139.75395541223668,35.69639681941638],[139.75391135433048,35.69647701222092],[139.7539310149347,35.69648522765125],[139.7537942209934,35.69670443957786]]]}},{"type":"Feature","properties":{"height":25.9,"gml_id":"bldg_b25b6cd5-2741-474b-841d-090de36221b8"},"geometry":{"type":"Polygon","coordinates":[[[139.76213195123213,35.691691736024595],[139.76226797951446,35.69167748461885],[139.7622917114787,35.6918289378044],[139.7621557934435,35.69184318028794],[139.76213195123213,35.691691736024595]]]}},{"type":"Feature","properties":{"height":17.5,"gml_id":"bldg_a26293cf-385f-4a2d-8db8-04c3204bf1d7"},"geometry":{"type":"Polygon","coordinates":[[[139.75123109254713,35.697562986305805],[139.75122383625995,35.69759184319432],[139.75121309606092,35.69763455174817],[139.75120235585038,35.697677260300765],[139.75117448142143,35.69767259922831],[139.75114766761217,35.69766811914736],[139.75116905965905,35.69758272001765],[139.75117629388362,35.69755384508998],[139.75123109254713,35.697562986305805]]]}},{"type":"Feature","properties":{"height":39.3,"gml_id":"bldg_4ed58502-b09c-4947-b382-cf623b945fd1"},"geometry":{"type":"Polygon","coordinates":[[[139.76127684382035,35.6990238318964],[139.76132436588676,35.69911530421149],[139.76132765315464,35.69912164280142],[139.76133636774867,35.69913842158822],[139.76134633990705,35.69915760958413],[139.7613546904663,35.69917370401278],[139.76137021130984,35.69920356663087],[139.76115389090103,35.69927825073088],[139.7610604574767,35.69909855184625],[139.7610830069555,35.69909076042958],[139.761122435373,35.69907713556068],[139.76112860331622,35.699075003917656],[139.76113850739318,35.69907158465622],[139.76120968188536,35.69904699291006],[139.76119313531328,35.69901507543604],[139.7612266942075,35.69900345796911],[139.76126023097459,35.69899185940828],[139.76127684382035,35.6990238318964]]]}},{"type":"Feature","properties":{"height":31.6,"gml_id":"bldg_ba034c6a-217a-4796-adb9-37c9e8061297"},"geometry":{"type":"Polygon","coordinates":[[[139.75239735588207,35.69627131184801],[139.7524156414898,35.69627315392067],[139.75244915220708,35.69627653854945],[139.75249263991728,35.69628092137568],[139.75248351874222,35.69634067603302],[139.7523882567914,35.69633101243085],[139.75233148854952,35.69632525054984],[139.75234060974506,35.696265586040894],[139.75239735588207,35.69627131184801]]]}},{"type":"Feature","properties":{"height":7.0,"gml_id":"bldg_db106349-86c7-44be-9c2f-4561f764d0d2"},"geometry":{"type":"Polygon","coordinates":[[[139.7562200790056,35.69660287524824],[139.7562669348332,35.69662132022897],[139.7562462378286,35.69665637024074],[139.75619934884435,35.69663791621711],[139.7561563258777,35.69662097895421],[139.75617702291245,35.69658592895773],[139.7562200790056,35.69660287524824]]]}},{"type":"Feature","properties":{"height":42.4,"gml_id":"bldg_bef7843b-b155-4556-ac6f-c052cf0d2383"},"geometry":{"type":"Polygon","coordinates":[[[139.7563647709526,35.6978742228676],[139.75616598746146,35.697798209337186],[139.7560723839468,35.69776241001128],[139.7560339108659,35.697747702009266],[139.75605261680718,35.69771517459582],[139.7560114153634,35.6976994643152],[139.75609974271612,35.69754583758662],[139.7565136347325,35.69770402229928],[139.75642696818736,35.69785485614483],[139.75638502656585,35.69783881201293],[139.7563647709526,35.6978742228676]]]}},{"type":"Feature","properties":{"height":22.4,"gml_id":"bldg_e23251aa-ce9d-404c-9062-2b9673d199a8"},"geometry":{"type":"Polygon","coordinates":[[[139.76248833434343,35.699697639213085],[139.76251497689697,35.699747320313314],[139.76249720240355,35.699753645576244],[139.76245075436483,35.6997701772804],[139.76243672152836,35.6997440112928],[139.7624241118436,35.69972049616617],[139.7623821347594,35.69964223261565],[139.76235682160726,35.69965123138105],[139.76236211696101,35.699661149560555],[139.76233647213206,35.69967032839986],[139.76232665375187,35.699651845448585],[139.76231095738322,35.69965742377382],[139.76226219571757,35.699566537013524],[139.7623929619613,35.69951983310675],[139.76248833434343,35.699697639213085]]]}},{"type":"Feature","properties":{"height":15.7,"gml_id":"bldg_fa5d2c2a-a9a3-4f61-9df7-4c3b2c9736c6"},"geometry":{"type":"Polygon","coordinates":[[[139.76048505520112,35.69655401858695],[139.76049633245623,35.69655914518868],[139.7604750330752,35.696590346717635],[139.76045771695408,35.696615700767516],[139.760441894532,35.69663888341929],[139.7603783839383,35.696610091264816],[139.76039416216537,35.696586917608194],[139.76043271148953,35.696530262858815],[139.76048505520112,35.69655401858695]]]}},{"type":"Feature","properties":{"height":28.3,"gml_id":"bldg_dbcbd0f8-26a8-4582-a000-b80ec013b15e"},"geometry":{"type":"Polygon","coordinates":[[[139.761011406098,35.69553667191606],[139.76095425955967,35.69553372614605],[139.76092565313886,35.69553225773779],[139.760920560558,35.69553199327734],[139.76089140058076,35.69553048757179],[139.7609128741841,35.69550164044524],[139.760922873732,35.695502141312474],[139.7609328732792,35.695502643080246],[139.760935220767,35.69547271902608],[139.7610159905181,35.69547682373836],[139.761011406098,35.69553667191606]]]}},{"type":"Feature","properties":{"height":9.5,"gml_id":"bldg_e0e732eb-84d7-47bd-9f25-3abdff350163"},"geometry":{"type":"Polygon","coordinates":[[[139.75719315986822,35.69752580267574],[139.7571773306912,35.69755490688511],[139.75706200927073,35.697513370891286],[139.75707783746222,35.69748417655935],[139.75719315986822,35.69752580267574]]]}},{"type":"Feature","properties":{"height":22.4,"gml_id":"bldg_bf6c465a-365e-4434-b198-51ccacd39ddb"},"geometry":{"type":"Polygon","coordinates":[[[139.75853540601545,35.69941663470479],[139.7585238473825,35.6994285255907],[139.75845112189373,35.69950338412208],[139.75842669341574,35.69948763102298],[139.75839921691255,35.69946991103739],[139.75842175908764,35.69944668777935],[139.7584719314196,35.699394998447985],[139.75848350113853,35.6993830724205],[139.75853540601545,35.69941663470479]]]}},{"type":"Feature","properties":{"height":23.8,"gml_id":"bldg_af8f4cf2-ecb2-4698-b3bb-1c5701389eef"},"geometry":{"type":"Polygon","coordinates":[[[139.7577761428635,35.69847900724882],[139.75763176982352,35.698423752758664],[139.75765302191246,35.69838581758571],[139.75766263125422,35.69839033137319],[139.75768720627005,35.698344015551044],[139.75770091002337,35.69834231156096],[139.75772005675006,35.698310506164816],[139.75787326812386,35.698367478692056],[139.7577761428635,35.69847900724882]]]}},{"type":"Feature","properties":{"height":63.7,"gml_id":"bldg_6028223a-0602-4308-a242-49b0eba41f03"},"geometry":{"type":"Polygon","coordinates":[[[139.75514357004,35.69359983626872],[139.755097344393,35.693526524878],[139.755080984497,35.69353339169544],[139.755022951056,35.69355775403542],[139.75492862462426,35.69340815540053],[139.75498170581542,35.693385863032624],[139.7550016913992,35.693377466259236],[139.75495833444754,35.693308664429296],[139.75540480268245,35.69312146756465],[139.7554456335553,35.693186204226805],[139.75552355253123,35.69315354390688],[139.75561754873075,35.69330269118438],[139.75554422809643,35.693333407577086],[139.7555931345304,35.6934113806115],[139.75514357004,35.69359983626872]]]}},{"type":"Feature","properties":{"height":21.3,"gml_id":"bldg_e2da62e2-d6cf-4c55-987f-c59ac6b0c606"},"geometry":{"type":"Polygon","coordinates":[[[139.7583692020106,35.698362650758355],[139.75833029747557,35.698430319336154],[139.7582913928747,35.698497987900524],[139.75822235424576,35.698471615853265],[139.758196395739,35.69846169360761],[139.75823227882697,35.69839924211503],[139.75823528937764,35.69839399802566],[139.75827420508443,35.69832626638932],[139.7583692020106,35.698362650758355]]]}},{"type":"Feature","properties":{"height":19.9,"gml_id":"bldg_88bf172a-9f55-459a-8e22-36e8f03f717f"},"geometry":{"type":"Polygon","coordinates":[[[139.75131850260556,35.6964794198849],[139.75131023310192,35.69650511228754],[139.75130353767588,35.696525920340896],[139.75124200341284,35.69651276256927],[139.75120455258119,35.69650476080727],[139.75121951756432,35.696458260363485],[139.75131850260556,35.6964794198849]]]}},{"type":"Feature","properties":{"height":38.9,"gml_id":"bldg_7321a217-b080-425c-b7ab-38cb518b754b"},"geometry":{"type":"Polygon","coordinates":[[[139.7573280024442,35.69506930497848],[139.75732053954854,35.6952136455759],[139.757181329123,35.695208860554786],[139.75718878121853,35.69506452086057],[139.7573280024442,35.69506930497848]]]}},{"type":"Feature","properties":{"height":25.9,"gml_id":"bldg_0280181b-2b11-426d-84be-957f062a24e7"},"geometry":{"type":"Polygon","coordinates":[[[139.75628471702987,35.69731899137701],[139.75628305676003,35.697321874695604],[139.75634325760123,35.69734426716906],[139.75633197828745,35.69736443259601],[139.7563168469544,35.69739148201761],[139.7563117109237,35.69740067269669],[139.75632573937116,35.69740590961293],[139.756304542157,35.69744385270495],[139.75628894585046,35.69747178516687],[139.7562802455667,35.6974873642703],[139.75620435929432,35.69745910281725],[139.75621304851373,35.69744355075321],[139.75622551226456,35.69742125886524],[139.75625250966462,35.69737296276977],[139.75618996711,35.69734965836751],[139.75616237417088,35.69733937408662],[139.75619126433716,35.69728774415177],[139.75621885727094,35.69729801941241],[139.75623832035143,35.697305260859835],[139.7562399807093,35.697302287405],[139.75628471702987,35.69731899137701]]]}},{"type":"Feature","properties":{"height":11.0,"gml_id":"bldg_ac91005b-e045-44ce-bbeb-7dbb737e282f"},"geometry":{"type":"Polygon","coordinates":[[[139.75933520932233,35.69692096773661],[139.75931418799811,35.69694961835397],[139.75928652038627,35.696936152909075],[139.75924386478695,35.696915395170464],[139.75923444344704,35.696910810415694],[139.75925535437383,35.69688206960722],[139.75933520932233,35.69692096773661]]]}},{"type":"Feature","properties":{"height":33.4,"gml_id":"bldg_661f88fe-074f-4e2b-aa78-af869d2e9479"},"geometry":{"type":"Polygon","coordinates":[[[139.75255235213336,35.699437420655045],[139.75255474917597,35.69943827856403],[139.75257224367053,35.69944733103198],[139.7525771972838,35.699466181977144],[139.7525715509971,35.69947674223137],[139.75258771175484,35.699482485778645],[139.75261593937094,35.69954309472103],[139.75259016574486,35.69959127362458],[139.75231397483344,35.69949297405161],[139.75237589600872,35.699377234889745],[139.75238510861107,35.699380513054194],[139.75252217100112,35.699429297091335],[139.75252334454666,35.69942709944066],[139.75255235213336,35.699437420655045]]]}},{"type":"Feature","properties":{"height":15.2,"gml_id":"bldg_412621eb-3763-4696-9899-56dbf5fdf3f7"},"geometry":{"type":"Polygon","coordinates":[[[139.76033692473405,35.69493685409189],[139.7603364372705,35.69495038335305],[139.7603346573895,35.69499985844732],[139.76027337732629,35.69499840612079],[139.76024891392174,35.69499782340823],[139.76025118133367,35.69493481905449],[139.76033692473405,35.69493685409189]]]}},{"type":"Feature","properties":{"height":11.5,"gml_id":"bldg_6aa22113-8267-493a-8e32-95b45fd54d80"},"geometry":{"type":"Polygon","coordinates":[[[139.75860980173258,35.69678143835105],[139.7586016998301,35.69679577410627],[139.75858313851066,35.696828598561844],[139.75858290607496,35.69682901394873],[139.75858986507342,35.69683163224068],[139.75854083287516,35.696918493780046],[139.7583959089469,35.69686396094648],[139.75839326919757,35.696850889449195],[139.75845989830992,35.69673465427787],[139.75847691808568,35.6967315100705],[139.75860980173258,35.69678143835105]]]}},{"type":"Feature","properties":{"height":35.2,"gml_id":"bldg_8ccbeb1d-fda3-4467-b443-6bdca15fc372"},"geometry":{"type":"Polygon","coordinates":[[[139.76021522111202,35.69220400744814],[139.76015091695135,35.69220117412701],[139.7601590633562,35.69207681706624],[139.76019148051876,35.69207828797218],[139.7601928152443,35.69205652971211],[139.7602248567332,35.69205799136713],[139.76021522111202,35.69220400744814]]]}},{"type":"Feature","properties":{"height":26.4,"gml_id":"bldg_4f15655d-ddf6-465c-af51-0d7e893e250c"},"geometry":{"type":"Polygon","coordinates":[[[139.75426051249727,35.69620356833932],[139.7542959359584,35.69620586305361],[139.75428852502813,35.69628069888052],[139.75428298910109,35.696336643237146],[139.75422122454745,35.69633254559792],[139.75422671629047,35.696276629157545],[139.75423108067366,35.696232175590374],[139.7542340609169,35.69620185638669],[139.75426051249727,35.69620356833932]]]}},{"type":"Feature","properties":{"height":41.6,"gml_id":"bldg_ef9b3540-506a-4a70-bb0c-6a93037f3186"},"geometry":{"type":"Polygon","coordinates":[[[139.76101101957445,35.696209543941826],[139.76096023252504,35.696162912622725],[139.76096310734863,35.69616084120156],[139.76093075824448,35.69613113064234],[139.7609081249381,35.69611033054819],[139.760888768055,35.69613213294047],[139.7608737483111,35.696123289579326],[139.76080605462639,35.69619932528794],[139.76075579634548,35.69617901418635],[139.76075536358266,35.69616882755035],[139.7608960654589,35.69606603090259],[139.7610418421764,35.6959595225929],[139.76115173836888,35.69587923055696],[139.76117808733085,35.69585997597717],[139.76124585594943,35.695810468302795],[139.76129502135012,35.69585406993244],[139.76130006707328,35.695858543744144],[139.7613107410163,35.69590785503716],[139.76125494618626,35.695949682137865],[139.76123721036484,35.6959629748277],[139.76119724213558,35.69592743692933],[139.76109264051962,35.696005793338145],[139.76112317982387,35.69603288879767],[139.76117975376502,35.696083092940526],[139.76101101957445,35.696209543941826]]]}},{"type":"Feature","properties":{"height":19.6,"gml_id":"bldg_ae7a9cd5-4dfb-4fc4-a6dd-62305bbdf8df"},"geometry":{"type":"Polygon","coordinates":[[[139.75456830019357,35.698579707042406],[139.75450533573837,35.69868147544812],[139.75448756089276,35.69871020756068],[139.7544777659174,35.69872603008428],[139.75444943373145,35.69871435682052],[139.75440873038588,35.69869759171857],[139.75441833720788,35.6986820845563],[139.75442567514648,35.69867022825289],[139.75449396321346,35.698559927411566],[139.7544992646671,35.69855135886488],[139.75456830019357,35.698579707042406]]]}},{"type":"Feature","properties":{"height":40.9,"gml_id":"bldg_47594d8c-0ffa-48a3-99f0-a9f3f2ffa0de"},"geometry":{"type":"Polygon","coordinates":[[[139.752481438139,35.696267249094134],[139.75242054969164,35.69626015857344],[139.75234718746472,35.696251619242474],[139.75235043274827,35.696233089273214],[139.75234739440398,35.69623273569513],[139.75239307303215,35.69597162170161],[139.75240009986416,35.69597244667225],[139.7524012445934,35.69596591341562],[139.75251994957532,35.69597972913206],[139.752518949293,35.69598547919685],[139.75253348910633,35.695987175419184],[139.7524876775475,35.696249063652516],[139.75248468339217,35.69624871912127],[139.752481438139,35.696267249094134]]]}},{"type":"Feature","properties":{"height":7.6,"gml_id":"bldg_93b451c3-562e-4e2a-969e-c8c89f193df5"},"geometry":{"type":"Polygon","coordinates":[[[139.75932279718958,35.69696016966742],[139.75927809493052,35.69702567171733],[139.75918641890775,35.69698415229921],[139.7591929914973,35.6969745026831],[139.75920751977156,35.696953194248096],[139.75922084197938,35.69693363372503],[139.7592311213019,35.69691856014608],[139.75932279718958,35.69696016966742]]]}},{"type":"Feature","properties":{"height":24.0,"gml_id":"bldg_1fc2f662-c588-45af-bf06-d4ef04d725c6"},"geometry":{"type":"Polygon","coordinates":[[[139.75235679112666,35.69633771458166],[139.7524669360773,35.696348506806956],[139.75246265267947,35.69637743788296],[139.75245836927851,35.69640636895865],[139.75242303536476,35.696402901983824],[139.75234826844792,35.69639557765661],[139.75232224863737,35.696393027300985],[139.75233081553304,35.69633516515898],[139.75235679112666,35.69633771458166]]]}},{"type":"Feature","properties":{"height":17.3,"gml_id":"bldg_cef17a6b-a4bb-4862-9f93-171b666065be"},"geometry":{"type":"Polygon","coordinates":[[[139.75495093095893,35.69601925719498],[139.75494811385562,35.69605252490281],[139.75494433537054,35.69609713121052],[139.75489538740857,35.6960943952179],[139.75489916593838,35.69604977088439],[139.75490198304425,35.69601652120506],[139.75495093095893,35.69601925719498]]]}},{"type":"Feature","properties":{"height":35.4,"gml_id":"bldg_4d6199e7-7453-468d-9a61-233c26f0def0"},"geometry":{"type":"Polygon","coordinates":[[[139.75746518014108,35.69475841001366],[139.75746428134306,35.69477406623618],[139.75746313555163,35.694793841561776],[139.75746270858872,35.69480131364615],[139.75746955909764,35.69480158837446],[139.75746607762818,35.69486080615877],[139.75735790569095,35.69485659163632],[139.75736037678826,35.694814228827845],[139.75733794690922,35.69481331330037],[139.7573414288988,35.694753644834925],[139.75746518014108,35.69475841001366]]]}},{"type":"Feature","properties":{"height":9.1,"gml_id":"bldg_6e71d9f3-6746-473c-a647-ad34e871058e"},"geometry":{"type":"Polygon","coordinates":[[[139.75596307506487,35.699651860588794],[139.75598333439223,35.69965902236492],[139.75596794488442,35.69968965901388],[139.75594751947233,35.69968283243763],[139.7558785768514,35.69965976623503],[139.7558947413021,35.699627687905796],[139.75596307506487,35.699651860588794]]]}},{"type":"Feature","properties":{"height":15.6,"gml_id":"bldg_f119b54b-06b1-46a8-a459-1f1bf80d2e81"},"geometry":{"type":"Polygon","coordinates":[[[139.7559444922387,35.69877880168801],[139.75587765894767,35.698894954169695],[139.75581039926013,35.69886919481664],[139.75578015506034,35.698857610771704],[139.7557687444491,35.698853240794044],[139.75582652373052,35.69875268523897],[139.7558604351842,35.69876568678198],[139.75592983628673,35.69864512826435],[139.7559864804912,35.69866687865283],[139.75600483905032,35.69867393013933],[139.7559444922387,35.69877880168801]]]}},{"type":"Feature","properties":{"height":17.3,"gml_id":"bldg_fff35453-0b35-41f3-a78e-d2da8ff0174d"},"geometry":{"type":"Polygon","coordinates":[[[139.75844378801267,35.69734873808477],[139.75848110229472,35.6973621646529],[139.75849597057478,35.69736751000287],[139.75847182881876,35.697412175860634],[139.7584569605312,35.69740683140909],[139.75841964623322,35.69739340393219],[139.7583982938004,35.69738571999042],[139.75842244663096,35.69734106316781],[139.75844378801267,35.69734873808477]]]}},{"type":"Feature","properties":{"height":21.0,"gml_id":"bldg_8a9bb339-6d54-4e83-bcb5-9a724cf5d66d"},"geometry":{"type":"Polygon","coordinates":[[[139.7622604444764,35.692150185641225],[139.7622631401336,35.69216304978211],[139.7622208051444,35.69216897382316],[139.7622168442142,35.692150042714005],[139.7622460068173,35.69214598574614],[139.76224203484102,35.692127045617504],[139.7623688076605,35.692109300331346],[139.7623767295898,35.69214716344117],[139.76227257737546,35.69216173033935],[139.76227186219592,35.692158322738706],[139.76228685789303,35.692156240411364],[139.76228487741224,35.692146783871564],[139.7622604444764,35.692150185641225]]]}},{"type":"Feature","properties":{"height":26.4,"gml_id":"bldg_c9aeb9ae-0127-4a7b-93d0-24c9f94702d0"},"geometry":{"type":"Polygon","coordinates":[[[139.7604908295282,35.69179585393159],[139.7604841608682,35.69187534171688],[139.7604812454487,35.69191006072481],[139.7604806645858,35.691916991908506],[139.76031471370467,35.69190760725403],[139.7603249893075,35.6917865585938],[139.7604908295282,35.69179585393159]]]}},{"type":"Feature","properties":{"height":38.0,"gml_id":"bldg_d3279315-f956-4d20-ba07-80a2e70086d8"},"geometry":{"type":"Polygon","coordinates":[[[139.76042123984183,35.699299982853894],[139.76044975849754,35.6993507922612],[139.7604899715239,35.69942243035958],[139.76047018475364,35.699429899745574],[139.76048430620537,35.699455064596236],[139.7605073638902,35.69949617285605],[139.76040036075628,35.69953621898484],[139.76037992873486,35.69949988143877],[139.76035950779047,35.69946353488206],[139.76029301568371,35.69934524397229],[139.76034112755636,35.69929777101631],[139.76042123984183,35.699299982853894]]]}},{"type":"Feature","properties":{"height":33.4,"gml_id":"bldg_40a10d6d-0cd3-4a52-abdd-0d0af6bea484"},"geometry":{"type":"Polygon","coordinates":[[[139.7574546305369,35.69609693698978],[139.75745270449244,35.696135496356135],[139.75745121766292,35.69616532173023],[139.7574493139026,35.69620368280887],[139.7574491337753,35.6962071980357],[139.75744719634258,35.6962461089281],[139.75736200479287,35.69624335108485],[139.7573639423353,35.69620436808435],[139.75736943923104,35.696094089015034],[139.7574546305369,35.69609693698978]]]}},{"type":"Feature","properties":{"height":19.9,"gml_id":"bldg_825aece7-5677-44cf-b83a-ccd5c35820c9"},"geometry":{"type":"Polygon","coordinates":[[[139.75664061555824,35.697456497171494],[139.7565770360552,35.697569551431556],[139.7565631335543,35.697594267120735],[139.75648835173484,35.6975663670991],[139.75650228747313,35.697541579330114],[139.75650897309208,35.6975296774124],[139.75652094962433,35.69750837578784],[139.7565349739152,35.697483407797485],[139.75656583392663,35.69742850706062],[139.75664061555824,35.697456497171494]]]}},{"type":"Feature","properties":{"height":47.0,"gml_id":"bldg_0f4dbc8e-dff7-44a8-b7c8-165b51ea9cca"},"geometry":{"type":"Polygon","coordinates":[[[139.76074263264627,35.69907238314985],[139.76069097625583,35.69898337786081],[139.7607198494918,35.69897223633428],[139.7607120271122,35.698958765163376],[139.76082372844849,35.69891562988786],[139.76083153979252,35.698929101044946],[139.76084912680568,35.698922306300965],[139.76090078333186,35.699011312424574],[139.76087133528506,35.69902268710297],[139.76088359296554,35.69904380544283],[139.76082412202712,35.69906677166747],[139.7608118643662,35.69904564520933],[139.76074263264627,35.69907238314985]]]}},{"type":"Feature","properties":{"height":8.8,"gml_id":"bldg_07f85098-2e60-445f-a234-2957b1e91afc"},"geometry":{"type":"Polygon","coordinates":[[[139.7572450199728,35.69737201682357],[139.75726832670819,35.69738120658993],[139.75727650063376,35.697384431445336],[139.75725226222778,35.6974254284245],[139.75719493423765,35.697402857047706],[139.7572192831658,35.69736186014982],[139.7572450199728,35.69737201682357]]]}},{"type":"Feature","properties":{"height":27.6,"gml_id":"bldg_0a72f97c-5637-439f-96d0-1d5a2ad90eb9"},"geometry":{"type":"Polygon","coordinates":[[[139.7585958388703,35.695805814569304],[139.75857666461414,35.695820774408915],[139.75856396749265,35.695809941076675],[139.75858313069884,35.6957949812322],[139.7585958388703,35.695805814569304]]]}},{"type":"Feature","properties":{"height":22.4,"gml_id":"bldg_72dbafa5-e853-4e9c-8c67-932db9b494f7"},"geometry":{"type":"Polygon","coordinates":[[[139.75627585560878,35.6965027958813],[139.75629732469767,35.69650362085488],[139.75632362240054,35.69650462918766],[139.75634992010328,35.69650563841605],[139.75630807290338,35.69658750014331],[139.75629500948313,35.696613045602255],[139.7562616718321,35.69660173911911],[139.75620365682374,35.69658207013819],[139.75622430376728,35.69654162991302],[139.75624379935368,35.696503424342495],[139.75624472929385,35.6965016041721],[139.75627585560878,35.6965027958813]]]}},{"type":"Feature","properties":{"height":14.0,"gml_id":"bldg_6bb67527-2a98-4792-a725-f676dcd306f5"},"geometry":{"type":"Polygon","coordinates":[[[139.75505580922345,35.697586175558435],[139.75503147196792,35.697625333231066],[139.75502062588757,35.6976427856948],[139.75499605617702,35.697682321783695],[139.7549712540301,35.69772222727729],[139.75492088621948,35.697701462989166],[139.75494568844675,35.697661494410035],[139.75497022500812,35.6976219763371],[139.75498106005543,35.697604514856984],[139.75500533097633,35.69756541123339],[139.75505580922345,35.697586175558435]]]}},{"type":"Feature","properties":{"height":28.5,"gml_id":"bldg_0343aeaa-41f8-4e4c-b04b-39024d93cdc8"},"geometry":{"type":"Polygon","coordinates":[[[139.75502975467933,35.69959666206369],[139.75501614801365,35.69962310838592],[139.7549479374806,35.69975561026741],[139.75491190383488,35.69974287659599],[139.75487095451948,35.69972840187068],[139.7548370307711,35.69971641858956],[139.75490303400102,35.69959254143142],[139.75491696086564,35.69956639278216],[139.75502975467933,35.69959666206369]]]}},{"type":"Feature","properties":{"height":36.6,"gml_id":"bldg_260dc974-0b18-4ebe-916f-5f89147e052b"},"geometry":{"type":"Polygon","coordinates":[[[139.75427299997315,35.6972435222751],[139.75425470150353,35.69727682485933],[139.75422981644047,35.6973221203357],[139.75437779962888,35.697376219416704],[139.75434519890146,35.69743557031212],[139.7542995040657,35.69744993518414],[139.75412793717706,35.69737646899819],[139.75417176288622,35.69729670863107],[139.7542130313744,35.69722159763093],[139.75427299997315,35.6972435222751]]]}},{"type":"Feature","properties":{"height":37.0,"gml_id":"bldg_f4424699-88cb-4507-8699-315d86d669c6"},"geometry":{"type":"Polygon","coordinates":[[[139.7540629973231,35.695566747178084],[139.75401295473804,35.69566550429947],[139.7539199074345,35.69565172410988],[139.7539427717359,35.695548983080336],[139.7540629973231,35.695566747178084]]]}},{"type":"Feature","properties":{"height":19.2,"gml_id":"bldg_0b171471-4936-48be-b1b5-a6bafcc73452"},"geometry":{"type":"Polygon","coordinates":[[[139.75565019080253,35.69861006514131],[139.75561830664722,35.69867160805993],[139.75560945843,35.69866855572003],[139.75555070233892,35.69864825499358],[139.75549049919792,35.6986274494374],[139.7555224939351,35.698565906623706],[139.75565019080253,35.69861006514131]]]}},{"type":"Feature","properties":{"height":20.3,"gml_id":"bldg_e97d243f-18e9-4e6c-96d1-6fd495036314"},"geometry":{"type":"Polygon","coordinates":[[[139.7543029269484,35.69830371420098],[139.75427381726516,35.69836342880854],[139.75426206931107,35.69838751468495],[139.7542426383717,35.698381210364126],[139.75420897944875,35.69837028167942],[139.75417944090805,35.698360689720914],[139.75419118888303,35.698336603852454],[139.75422029861804,35.69827688926468],[139.7543029269484,35.69830371420098]]]}},{"type":"Feature","properties":{"height":11.6,"gml_id":"bldg_1e4cdb12-c95a-45a9-9b88-de2fbe807a13"},"geometry":{"type":"Polygon","coordinates":[[[139.75163822857968,35.69608020541591],[139.75167113992185,35.69608611278721],[139.75170409544884,35.69609203910823],[139.75172961583465,35.69609661733991],[139.7517149747192,35.69615095998261],[139.7516894322081,35.696146390746556],[139.75165648767387,35.69614049958242],[139.75162354314259,35.696134610212006],[139.75159355943072,35.696129244735914],[139.7516082007165,35.69607481197104],[139.75163822857968,35.69608020541591]]]}},{"type":"Feature","properties":{"height":23.4,"gml_id":"bldg_623a10ae-b90d-4a55-b627-5b42246ef6b2"},"geometry":{"type":"Polygon","coordinates":[[[139.75927899987715,35.69489943205168],[139.7592785824911,35.69490867984634],[139.75927810872432,35.69491915256751],[139.75927633725613,35.69495882165211],[139.75927526529762,35.69498287944663],[139.75927359538343,35.69502026632563],[139.75927229776414,35.695049370748954],[139.75923118309606,35.69504815563901],[139.7592315779796,35.695039350403306],[139.7590668983792,35.69503445273126],[139.75907320598273,35.69489331116858],[139.75927899987715,35.69489943205168]]]}},{"type":"Feature","properties":{"height":26.9,"gml_id":"bldg_4535f078-dadb-40f8-af9a-37124e446672"},"geometry":{"type":"Polygon","coordinates":[[[139.75312934716797,35.69615461475813],[139.7531198352335,35.69627403985203],[139.753095769965,35.69627277992403],[139.7530689313363,35.69627137392296],[139.7529733221767,35.69626637063141],[139.75298283432866,35.69614694554922],[139.75312934716797,35.69615461475813]]]}},{"type":"Feature","properties":{"height":15.7,"gml_id":"bldg_74b2d336-de97-46e4-a2d3-a39fe9fd0301"},"geometry":{"type":"Polygon","coordinates":[[[139.75170279999986,35.69617051144095],[139.7516993817589,35.696185129332825],[139.75168792837482,35.69623415605437],[139.75168271219272,35.696256488447204],[139.75165299286402,35.69625187130183],[139.75163720516326,35.69624941787747],[139.751577865959,35.696240192638165],[139.75158966343645,35.6961897149563],[139.7515945356142,35.69616883443961],[139.7515979538745,35.69615421564934],[139.75170279999986,35.69617051144095]]]}},{"type":"Feature","properties":{"height":11.8,"gml_id":"bldg_23f0b78d-47ae-4201-8485-e6c55b29e597"},"geometry":{"type":"Polygon","coordinates":[[[139.75810993668287,35.6987353042431],[139.7580529489323,35.698713942227535],[139.75806483663493,35.69869284861411],[139.7580790155414,35.69866768224415],[139.7580900288288,35.69864812040865],[139.75814617556304,35.69867072577073],[139.75810993668287,35.6987353042431]]]}},{"type":"Feature","properties":{"height":32.0,"gml_id":"bldg_9eb009b0-18b6-46ae-99c0-6186ae167cc7"},"geometry":{"type":"Polygon","coordinates":[[[139.75941284095518,35.692615813034216],[139.75959973375825,35.69262293129453],[139.75965475747887,35.692625029120855],[139.75964948367545,35.69274872088027],[139.7596277911486,35.69276362527183],[139.75937683793882,35.692752141141305],[139.75938154153292,35.69266009614017],[139.75938385947896,35.69261483076889],[139.75941284095518,35.692615813034216]]]}},{"type":"Feature","properties":{"height":15.3,"gml_id":"bldg_9cba80d5-0f87-4b8f-b05a-c46c63426510"},"geometry":{"type":"Polygon","coordinates":[[[139.75728981210574,35.698144924057594],[139.75725516678702,35.698206555807985],[139.75715862337006,35.69817034985443],[139.7571932687473,35.69810871813152],[139.75728981210574,35.698144924057594]]]}},{"type":"Feature","properties":{"height":29.8,"gml_id":"bldg_d575b925-5c91-443f-bb13-409f1ede42e0"},"geometry":{"type":"Polygon","coordinates":[[[139.7587305425947,35.69503889581651],[139.75861085808083,35.69503309788796],[139.7585439222698,35.69502985555723],[139.7585494628695,35.694953784313476],[139.75855500456436,35.69487771216784],[139.7586220164668,35.69488098067937],[139.75874018697965,35.6948867506176],[139.75873391851692,35.694973368344776],[139.75875767416292,35.69497455484434],[139.75875442839367,35.69501899035074],[139.75873210910527,35.695017894877665],[139.7587305425947,35.69503889581651]]]}},{"type":"Feature","properties":{"height":52.0,"gml_id":"bldg_6a6928a3-a102-449b-bc5a-e319dbff04d5"},"geometry":{"type":"Polygon","coordinates":[[[139.7577492378428,35.69542052742206],[139.7577912589926,35.695421491223584],[139.75779080455112,35.695434696000795],[139.75781069337964,35.69543539442241],[139.75780772321778,35.69549164612445],[139.75787037324122,35.69549366842778],[139.75786648285916,35.695564973324686],[139.7578662913962,35.69556881303842],[139.7579145758177,35.695571907955156],[139.75795181119366,35.695574274838506],[139.75794548213997,35.695606900448155],[139.7579268277129,35.6957034254284],[139.75778761960657,35.69580068604073],[139.7577165055449,35.6957983248711],[139.75764397716955,35.69579590868803],[139.7576687992898,35.69548716020002],[139.75767023384176,35.69545408985696],[139.75767179245088,35.6954183605518],[139.7576750342934,35.6953436390617],[139.7577408224304,35.695345537212994],[139.75773992994868,35.69536625913638],[139.75773814416718,35.69542027708619],[139.7577492378428,35.69542052742206]]]}},{"type":"Feature","properties":{"height":15.0,"gml_id":"bldg_89bac50e-0420-4f17-b90f-7b11cbdae11c"},"geometry":{"type":"Polygon","coordinates":[[[139.7588086339737,35.69780245233851],[139.75878174926603,35.697849892773796],[139.75876502517025,35.69787940225254],[139.75872172418778,35.69786306064068],[139.7587384040959,35.69783355114051],[139.75876522252352,35.69778611067371],[139.7588086339737,35.69780245233851]]]}},{"type":"Feature","properties":{"height":16.0,"gml_id":"bldg_e984666f-9732-412d-88bb-0c9b7ae6f4aa"},"geometry":{"type":"Polygon","coordinates":[[[139.76145506753625,35.696382151724166],[139.7613547176552,35.696401381065876],[139.76134546454506,35.69636937692159],[139.76138630075738,35.69636154139503],[139.76143159081434,35.696352852214154],[139.76144570388905,35.69635014842281],[139.76145506753625,35.696382151724166]]]}},{"type":"Feature","properties":{"height":5.6,"gml_id":"bldg_91506757-75cf-46ae-9e48-d6dbd31f09d1"},"geometry":{"type":"Polygon","coordinates":[[[139.75414411310317,35.693521575019815],[139.75406806439116,35.69355036879976],[139.7540600123875,35.69353612185629],[139.75413595059445,35.69350732800864],[139.75414411310317,35.693521575019815]]]}},{"type":"Feature","properties":{"height":36.4,"gml_id":"bldg_bbfe2621-7fb5-4be9-89ae-f1e175b83877"},"geometry":{"type":"Polygon","coordinates":[[[139.75291110551535,35.697042858672326],[139.75296038584722,35.69704523514595],[139.75300601419028,35.69705310841575],[139.75304876757434,35.697062960960274],[139.75308941786963,35.69707641756436],[139.75313900806594,35.697100427932746],[139.7531326697765,35.69711812660036],[139.75310609775485,35.69719225642183],[139.75304111475515,35.697179439792556],[139.75282404826044,35.6971366330084],[139.75283872666876,35.6970446130331],[139.75287000014163,35.69704247065544],[139.75291110551535,35.697042858672326]]]}},{"type":"Feature","properties":{"height":22.4,"gml_id":"bldg_dacf0a7d-b2b0-4f9a-86b6-a9fb7c7b52fd"},"geometry":{"type":"Polygon","coordinates":[[[139.75548246898967,35.69927210238215],[139.75545093070383,35.69934119894402],[139.75541325742017,35.699423757975985],[139.75525285512379,35.699374980119686],[139.7552905284882,35.699292484233226],[139.7553220668667,35.699223414754],[139.75548246898967,35.69927210238215]]]}},{"type":"Feature","properties":{"height":16.3,"gml_id":"bldg_020d0f0b-f5a0-48e2-9549-d154ec88f7d6"},"geometry":{"type":"Polygon","coordinates":[[[139.75468458824184,35.69470094785193],[139.75468725113504,35.69470101268754],[139.7546855053889,35.69474593580445],[139.7546850972832,35.694756446407865],[139.75451891507942,35.69475228065568],[139.75451932333905,35.694741635748855],[139.75452106904527,35.6946968478398],[139.75457050379418,35.69469808802979],[139.7545718873952,35.69465069492475],[139.75468609394937,35.69465291485295],[139.75468458824184,35.69470094785193]]]}},{"type":"Feature","properties":{"height":32.6,"gml_id":"bldg_39dea934-b3d1-41d9-a5f1-0916e2a0d725"},"geometry":{"type":"Polygon","coordinates":[[[139.7530551108866,35.6973489696213],[139.75297866000574,35.697334046021396],[139.75297699699425,35.69733954326294],[139.75295578521272,35.69733538280322],[139.75300024683173,35.69718461342614],[139.7530979092357,35.69720378758787],[139.7530551108866,35.6973489696213]]]}},{"type":"Feature","properties":{"height":17.4,"gml_id":"bldg_8b6d9418-a39e-4917-97c4-531ab0580d6e"},"geometry":{"type":"Polygon","coordinates":[[[139.7564893362729,35.69826781313377],[139.7564450687312,35.69833773110117],[139.75639204959725,35.698315433409434],[139.75643631717367,35.698245514559936],[139.7564893362729,35.69826781313377]]]}},{"type":"Feature","properties":{"height":31.7,"gml_id":"bldg_67fed8d2-520d-42bb-a369-f143605a46ed"},"geometry":{"type":"Polygon","coordinates":[[[139.75711220590813,35.69608761682789],[139.75711088930424,35.69614743987725],[139.7571098154833,35.696195977935766],[139.75710887990277,35.69623858507129],[139.75710781742072,35.69628681667066],[139.75699080131176,35.6962851200516],[139.75699519009007,35.6960859202134],[139.75711220590813,35.69608761682789]]]}},{"type":"Feature","properties":{"height":20.5,"gml_id":"bldg_08876907-41d1-4a8b-8da0-9095edb96b2c"},"geometry":{"type":"Polygon","coordinates":[[[139.76117341409392,35.69646009588155],[139.76121586067046,35.69648011369009],[139.7612250502537,35.6964844457679],[139.76125043206264,35.69649641312655],[139.76124286434816,35.69650708982098],[139.7611702185332,35.696609667188056],[139.76115019362098,35.69660021784539],[139.76109317842491,35.69657331382432],[139.76107405923764,35.696564288656035],[139.76105126201173,35.696553530647186],[139.76113136515437,35.69644027659775],[139.76117341409392,35.69646009588155]]]}},{"type":"Feature","properties":{"height":14.1,"gml_id":"bldg_75540f63-7ed4-4815-9a3a-336cd8d2ae48"},"geometry":{"type":"Polygon","coordinates":[[[139.75767663891358,35.69783293356151],[139.75767134808845,35.69784235855668],[139.75766212789756,35.69785876669194],[139.75762760468473,35.697920245396716],[139.75758717581758,35.69790507696306],[139.75762163270352,35.697843652310155],[139.7576308308094,35.697827235150406],[139.7576360994956,35.69781785521151],[139.75767663891358,35.69783293356151]]]}},{"type":"Feature","properties":{"height":35.0,"gml_id":"bldg_4b6c0069-2169-45e2-aab8-5032a59e3ddd"},"geometry":{"type":"Polygon","coordinates":[[[139.75564720065537,35.69462925603993],[139.75548986534625,35.69461788728211],[139.75549209523638,35.69459733659683],[139.7553566367096,35.69458751503875],[139.75536221139984,35.694536257762785],[139.7553670056468,35.69449215685504],[139.75545020309627,35.69449824988707],[139.75545098357756,35.69449103943545],[139.75550295719165,35.69449477767876],[139.75550412836813,35.69449485955923],[139.75552497695057,35.69430351227363],[139.7556814276831,35.69431488041519],[139.75564720065537,35.69462925603993]]]}},{"type":"Feature","properties":{"height":15.4,"gml_id":"bldg_c68be952-7667-44d3-912d-aca5f98e349b"},"geometry":{"type":"Polygon","coordinates":[[[139.7523686565531,35.69901802642398],[139.7522838207433,35.69898858380563],[139.75230452482705,35.698948847376805],[139.75238936060336,35.69897828907934],[139.752382385433,35.69899168774392],[139.7523953094451,35.69899636642677],[139.75238593248258,35.699013620433945],[139.75237332880474,35.69900906004487],[139.7523686565531,35.69901802642398]]]}},{"type":"Feature","properties":{"height":42.4,"gml_id":"bldg_668b1437-11de-43f6-8ead-3265cc7f0b70"},"geometry":{"type":"Polygon","coordinates":[[[139.75889669237276,35.697504532219966],[139.75888469964454,35.69750827359766],[139.75883820695708,35.697490245393844],[139.75884815677588,35.697473179619344],[139.75884389301464,35.69747152657405],[139.75883879459155,35.697464349421935],[139.75884008951087,35.697462123841476],[139.75883035797565,35.69745835009576],[139.75883448621067,35.69745126788923],[139.75882505291685,35.697447612407025],[139.75886312565413,35.69738225876051],[139.75887349785415,35.6973862762696],[139.75887639757272,35.69738130340683],[139.7588811234544,35.69737319310605],[139.75890545598764,35.69737268535917],[139.7589640440043,35.697395400017896],[139.75897812781267,35.69741260684176],[139.75897425415948,35.69741923942731],[139.75897066824203,35.6974254016758],[139.75897996898948,35.697429003883975],[139.75894282604062,35.69749272576203],[139.75893235440694,35.69748867214278],[139.75892784988434,35.69749639409212],[139.75892038277703,35.69749349608142],[139.75891757159022,35.69749832568218],[139.75890348790767,35.69749287270523],[139.75889669237276,35.697504532219966]]]}},{"type":"Feature","properties":{"height":32.2,"gml_id":"bldg_e9c53744-96e6-44e8-bc7c-1e9164a18d45"},"geometry":{"type":"Polygon","coordinates":[[[139.76249637832768,35.69507536869182],[139.76247145551363,35.69509443601627],[139.76249325076833,35.6951134226728],[139.76245319076128,35.695143991573275],[139.7623007124812,35.69501122010122],[139.762365617934,35.6949615929211],[139.76249637832768,35.69507536869182]]]}},{"type":"Feature","properties":{"height":17.1,"gml_id":"bldg_2bbf453f-e5c8-4f04-9139-f7fa88222156"},"geometry":{"type":"Polygon","coordinates":[[[139.761071642764,35.696572715008394],[139.76114082961234,35.69660550326768],[139.76115350945446,35.6966115139909],[139.7611697679305,35.6966192214324],[139.76106255876695,35.69676977592103],[139.76104634444508,35.69676209643417],[139.76103359831305,35.69675605771756],[139.7609644665785,35.696723324414066],[139.76093962599842,35.69671156373462],[139.76104694581338,35.69656100942055],[139.761071642764,35.696572715008394]]]}},{"type":"Feature","properties":{"height":15.1,"gml_id":"bldg_fba8f761-14c1-4408-bd85-9bd64010b7ea"},"geometry":{"type":"Polygon","coordinates":[[[139.75662290371048,35.695528276723294],[139.7566220332355,35.69554879133665],[139.75662119657386,35.695568611917004],[139.75662062002044,35.695582204200385],[139.75661962513988,35.69560570226702],[139.7565912280806,35.695604899975564],[139.75656426745243,35.69560413464824],[139.75656659818742,35.695547277751814],[139.75656743549288,35.6955267991725],[139.75662290371048,35.695528276723294]]]}},{"type":"Feature","properties":{"height":12.9,"gml_id":"bldg_0a413209-8d6c-41a8-b1c5-22cd7c31ad57"},"geometry":{"type":"Polygon","coordinates":[[[139.76055982034777,35.698193996855544],[139.76052070573394,35.69819099868418],[139.76052527346957,35.69815007929202],[139.76053599131347,35.69815089700635],[139.76054289782348,35.698089877596125],[139.76076819354978,35.69810691519313],[139.76075952755164,35.69818310269524],[139.76075889257567,35.69818875389637],[139.76064264248964,35.698179977428566],[139.7605621591291,35.69817389773963],[139.76055982034777,35.698193996855544]]]}},{"type":"Feature","properties":{"height":22.2,"gml_id":"bldg_ede33e3a-fa27-4970-a7c1-2c4f3a36096b"},"geometry":{"type":"Polygon","coordinates":[[[139.75596325179356,35.69745561302322],[139.75590614115333,35.697551481976994],[139.75588441411813,35.697542868938484],[139.75576696448738,35.69749631872269],[139.7557843966227,35.69746699940287],[139.7558076947899,35.69742781386645],[139.7558239647548,35.69740044976308],[139.75596325179356,35.69745561302322]]]}},{"type":"Feature","properties":{"height":15.0,"gml_id":"bldg_dd960608-e0dc-4469-9c41-8abacb6d26fc"},"geometry":{"type":"Polygon","coordinates":[[[139.7591471259985,35.69896389512382],[139.75909823283735,35.69901920903266],[139.75900391747138,35.69896164259211],[139.7590474987129,35.698914799212346],[139.7590644073407,35.69891282663434],[139.7591471259985,35.69896389512382]]]}},{"type":"Feature","properties":{"height":7.9,"gml_id":"bldg_c0a51ac6-5934-4f2a-9cce-6a7dd57ec4a8"},"geometry":{"type":"Polygon","coordinates":[[[139.7567011522089,35.69839855743577],[139.75669318361935,35.698411621311585],[139.7566496346734,35.69842358178435],[139.75658523855503,35.69839631940029],[139.7565839104681,35.698398481839114],[139.7565659054296,35.69839152981664],[139.756568451103,35.698387204868915],[139.75649411097956,35.6983588535499],[139.75651215283253,35.69832740818857],[139.7567011522089,35.69839855743577]]]}},{"type":"Feature","properties":{"height":7.5,"gml_id":"bldg_5ee1cb54-ebdb-4a78-b2db-2ee6ebf47338"},"geometry":{"type":"Polygon","coordinates":[[[139.7564977091581,35.69875482813605],[139.75648559958069,35.698776390164454],[139.7564734678618,35.69879798823216],[139.7562870078956,35.698728283348835],[139.75629912858662,35.69870670332002],[139.7563112492711,35.698685123289884],[139.7564977091581,35.69875482813605]]]}},{"type":"Feature","properties":{"height":20.1,"gml_id":"bldg_b5f74297-4172-408a-acb1-d8a04826d746"},"geometry":{"type":"Polygon","coordinates":[[[139.75888888943416,35.69538998712333],[139.75888206681043,35.69554986781654],[139.7588812082483,35.695570075988265],[139.75884180497823,35.6955699894169],[139.75883728564895,35.69556997670512],[139.7588217054925,35.69555813208165],[139.75882933304646,35.6953883278126],[139.75888888943416,35.69538998712333]]]}},{"type":"Feature","properties":{"height":19.1,"gml_id":"bldg_93faaf3e-d386-45a8-9bad-74560816f8db"},"geometry":{"type":"Polygon","coordinates":[[[139.75693900936704,35.69475719390552],[139.75701070810175,35.694759564918684],[139.75700740201168,35.694831510138926],[139.75700642035665,35.694852853946955],[139.7569035515022,35.69484945361116],[139.75690454399347,35.69482836219431],[139.7569054686471,35.694808884185775],[139.7569079498631,35.694756164656795],[139.75693900936704,35.69475719390552]]]}},{"type":"Feature","properties":{"height":16.3,"gml_id":"bldg_b9cd9d00-67c3-4437-a5f2-b55b7c7e4aab"},"geometry":{"type":"Polygon","coordinates":[[[139.76039337653754,35.6919160376824],[139.7603885727285,35.69196171620264],[139.7603863547921,35.691982734806686],[139.7603251459022,35.69197846126219],[139.76032736387094,35.69195742463189],[139.76033065191953,35.69192612204624],[139.76033216769818,35.69191176414149],[139.76039337653754,35.6919160376824]]]}},{"type":"Feature","properties":{"height":17.8,"gml_id":"bldg_1af41d14-9ae0-4fb5-894a-58f58d0132c8"},"geometry":{"type":"Polygon","coordinates":[[[139.75866671669507,35.699499190576205],[139.75866668341763,35.699534885662956],[139.75863374428894,35.69955669637957],[139.75857977450266,35.69959242919054],[139.7585517250488,35.699572852064414],[139.75859239660397,35.699530359756984],[139.7586393286705,35.69948132738264],[139.75866671669507,35.699499190576205]]]}},{"type":"Feature","properties":{"height":9.5,"gml_id":"bldg_d057efc0-6352-4e79-b7b3-2115ceed5921"},"geometry":{"type":"Polygon","coordinates":[[[139.75514458575904,35.69550253793366],[139.7551429978705,35.69552182620779],[139.75513787620952,35.69558419764414],[139.75507555908777,35.69558073194408],[139.7550807691948,35.695518360567874],[139.7550823791096,35.69549916244583],[139.75514458575904,35.69550253793366]]]}},{"type":"Feature","properties":{"height":17.6,"gml_id":"bldg_bee658e8-ac21-4aca-94b1-40f1a17b51ca"},"geometry":{"type":"Polygon","coordinates":[[[139.75887418484882,35.69516135467467],[139.75884704747702,35.69516067087255],[139.75884824826144,35.695128925381894],[139.75884858824173,35.695119794719226],[139.7588488941938,35.695111609572095],[139.75885008356582,35.695080252564374],[139.75887043657,35.69508076992283],[139.75898401344762,35.69508361634289],[139.7589950111718,35.69509196080285],[139.75899277960528,35.69515099011336],[139.75897734350968,35.69515066510038],[139.7589601837076,35.69515029395198],[139.75891566560236,35.69514917578215],[139.75887468330873,35.69514814991988],[139.75887418484882,35.69516135467467]]]}},{"type":"Feature","properties":{"height":20.7,"gml_id":"bldg_a169a06e-7c32-4ba4-8c70-a0c77630e75b"},"geometry":{"type":"Polygon","coordinates":[[[139.76149163594314,35.69380218357285],[139.76148499697305,35.693689328121245],[139.76159538470029,35.69368544595541],[139.7616020238255,35.69379830140119],[139.76149163594314,35.69380218357285]]]}},{"type":"Feature","properties":{"height":35.4,"gml_id":"bldg_7f425f16-cd67-4876-8822-dd89e557f8b3"},"geometry":{"type":"Polygon","coordinates":[[[139.7538432935173,35.69907608303011],[139.75387572425313,35.69908888585246],[139.7538680412127,35.69910318640601],[139.7538350949131,35.699164483874135],[139.7537875923869,35.69915093195959],[139.75377610669406,35.699144344376286],[139.7537684919821,35.69913433414893],[139.75376540866668,35.6991235156845],[139.75376553054127,35.69911206838046],[139.75376929782206,35.699101795265534],[139.75379497880493,35.69905701420448],[139.7538432935173,35.69907608303011]]]}},{"type":"Feature","properties":{"height":30.8,"gml_id":"bldg_8794aefd-c42c-4afc-9282-9efb817f0bf8"},"geometry":{"type":"Polygon","coordinates":[[[139.75727578626706,35.6954951149888],[139.75717807529298,35.6954932964441],[139.7571680317936,35.695480940427196],[139.757172151783,35.69533149597975],[139.75731237000574,35.69533410844622],[139.7573109518703,35.6953846563496],[139.7573094310434,35.695438620377885],[139.7573087677555,35.695462226824645],[139.75730848170892,35.69547255633774],[139.7572889251632,35.695472183437424],[139.75727643809591,35.69547195020617],[139.75727578626706,35.6954951149888]]]}},{"type":"Feature","properties":{"height":12.2,"gml_id":"bldg_e0e3b5ea-699b-47f4-8c41-005146c209b0"},"geometry":{"type":"Polygon","coordinates":[[[139.75882721641153,35.6975451229587],[139.7588213169342,35.69755568335335],[139.75881540641367,35.69756623472715],[139.75878263283192,35.697624794413926],[139.7587751062893,35.69763825620703],[139.7587694392513,35.69764838408576],[139.7587235975617,35.697631319804906],[139.75872926461267,35.69762118291463],[139.758736791153,35.69760773013804],[139.75876956476208,35.69754916956224],[139.7587754642449,35.6975386100715],[139.75878137476863,35.6975280586996],[139.75882721641153,35.6975451229587]]]}},{"type":"Feature","properties":{"height":16.3,"gml_id":"bldg_b7266eb2-4cbc-4628-8c8a-40ffb278e5c3"},"geometry":{"type":"Polygon","coordinates":[[[139.76192470181175,35.69602974342985],[139.76188568041403,35.69599769462148],[139.76186781103473,35.69601216902015],[139.7617416818257,35.69590856278528],[139.76184440856477,35.695825337302544],[139.76201069649116,35.695961903269406],[139.76200857463192,35.69598705923194],[139.76192232395422,35.69605694534719],[139.76190683243232,35.696044217834235],[139.76192470181175,35.69602974342985]]]}},{"type":"Feature","properties":{"height":44.5,"gml_id":"bldg_0dc05a1f-4c26-4bb4-956a-066cde2107bf"},"geometry":{"type":"Polygon","coordinates":[[[139.75386416996093,35.69547610056781],[139.75388891801074,35.69547945196984],[139.75385538108225,35.695647535225234],[139.7536680020199,35.69562280398033],[139.75370153995829,35.69545408981878],[139.75359183069432,35.69543959528386],[139.75358583388,35.695469697049695],[139.75353423845877,35.69546290258734],[139.75355489451766,35.69535889824745],[139.7536443212796,35.695379598840084],[139.75387283201337,35.69543248000612],[139.75386416996093,35.69547610056781]]]}},{"type":"Feature","properties":{"height":9.0,"gml_id":"bldg_9f56fd37-2dfd-4acc-a708-c8e6aa8acc5e"},"geometry":{"type":"Polygon","coordinates":[[[139.7558589779883,35.69836437835432],[139.7558963920645,35.69837749030651],[139.7558365560308,35.698491312728805],[139.75581004213146,35.69854175429114],[139.75573564462073,35.69851573791456],[139.75576162833553,35.698465106739256],[139.755821387175,35.698351212194545],[139.7558589779883,35.69836437835432]]]}},{"type":"Feature","properties":{"height":7.8,"gml_id":"bldg_f1473611-8fdd-404c-8465-759c6cb37f54"},"geometry":{"type":"Polygon","coordinates":[[[139.76182327303354,35.695983244668035],[139.76187936453385,35.69602969759815],[139.76186664810487,35.69603996656154],[139.76190452100374,35.69607126655778],[139.761852991948,35.6961126989619],[139.76175902754332,35.69603495410232],[139.76182327303354,35.695983244668035]]]}},{"type":"Feature","properties":{"height":39.4,"gml_id":"bldg_20c5616f-eece-4794-b002-005385fd62c4"},"geometry":{"type":"Polygon","coordinates":[[[139.76018983356258,35.696169279357726],[139.7602105407921,35.69616941812979],[139.76027657409745,35.696169854826],[139.7603132592711,35.69617009341327],[139.76033267785766,35.69620201366592],[139.76033219115652,35.696202572219754],[139.76022571566236,35.69632300265496],[139.76021155819583,35.696313773047734],[139.76019544608153,35.69630326230679],[139.7601771584479,35.69629133509174],[139.76016517651564,35.69628352195098],[139.7601014790588,35.69624198417289],[139.76012603256154,35.69621694103992],[139.76011841107143,35.69621378161197],[139.7601468500308,35.69616900084898],[139.76018983356258,35.696169279357726]]]}},{"type":"Feature","properties":{"height":36.7,"gml_id":"bldg_a155601f-01e0-4622-a65b-a87231d02a6c"},"geometry":{"type":"Polygon","coordinates":[[[139.75923951533403,35.69572821698622],[139.7592377551038,35.695767641800686],[139.75923701036163,35.69578435273103],[139.75923500171442,35.69582952812894],[139.75916207519646,35.69582741006733],[139.75916658890816,35.695726098927416],[139.75923951533403,35.69572821698622]]]}},{"type":"Feature","properties":{"height":21.8,"gml_id":"bldg_378b6dbd-3810-45b8-ba87-6f4a54a78332"},"geometry":{"type":"Polygon","coordinates":[[[139.75594584832893,35.69705503338121],[139.75592348626367,35.6970976537655],[139.75611270816876,35.697163665386526],[139.75604971786862,35.697283957745576],[139.75602131795844,35.69727405058785],[139.7559726040017,35.697257065438585],[139.75592387902526,35.69724007034742],[139.75584542865204,35.69721270838738],[139.75582393268263,35.69720521318405],[139.75588808559436,35.69708275840368],[139.7559092853406,35.697042300564355],[139.75594584832893,35.69705503338121]]]}},{"type":"Feature","properties":{"height":31.3,"gml_id":"bldg_c606212a-e7d0-4495-87e8-159e2badf12b"},"geometry":{"type":"Polygon","coordinates":[[[139.7605521990108,35.69529612610775],[139.7605500508857,35.695325383262364],[139.7603671863315,35.69531661941257],[139.76036929048036,35.69528719097434],[139.76037653181302,35.69518598058294],[139.7603788262703,35.69515383913705],[139.76056279542144,35.695162603636945],[139.7605605010459,35.69519473607269],[139.7605582066677,35.69522686940961],[139.76056605161412,35.69522723379847],[139.76056269429347,35.69527392270863],[139.7605538548715,35.69527355681693],[139.7605521990108,35.69529612610775]]]}},{"type":"Feature","properties":{"height":49.4,"gml_id":"bldg_48d70091-e935-4357-908f-3926572da464"},"geometry":{"type":"Polygon","coordinates":[[[139.75815372377602,35.69459623492615],[139.75813741013866,35.69467157923271],[139.75809708145113,35.69485727221604],[139.7580913550697,35.69488364270946],[139.75798054073726,35.69486924161915],[139.75797931077864,35.69488465426822],[139.7579110240482,35.69488461240449],[139.75791635104085,35.69486000655102],[139.75786155235238,35.69485204105681],[139.75786754522093,35.69482437276915],[139.75786025348802,35.694823286554275],[139.75792062505596,35.694545432154705],[139.75792603858937,35.694546246778565],[139.7579320314974,35.694518488349324],[139.7579865206689,35.69452635536876],[139.75799121610595,35.69452703433477],[139.75808626283452,35.69454075944866],[139.7581633785366,35.694551893572175],[139.75815723055513,35.694580138655546],[139.75815372377602,35.69459623492615]]]}},{"type":"Feature","properties":{"height":21.1,"gml_id":"bldg_313cd89f-2458-4c20-a8c5-2d73f8eca32b"},"geometry":{"type":"Polygon","coordinates":[[[139.75769490038968,35.69756830306833],[139.7576972073567,35.69758263628698],[139.75768215381012,35.697609667900956],[139.75765694654768,35.69760027781765],[139.75762264833136,35.69758750187737],[139.75751613062792,35.697547819662226],[139.7575357235883,35.69751141668823],[139.75769490038968,35.69756830306833]]]}},{"type":"Feature","properties":{"height":12.2,"gml_id":"bldg_b1509b58-7553-4445-99e8-f1c24d5268dd"},"geometry":{"type":"Polygon","coordinates":[[[139.7621951555118,35.69614300739051],[139.7622178143657,35.69617275695426],[139.76208812754388,35.69627907790758],[139.762033072868,35.69623438155814],[139.7621922620643,35.696103877236155],[139.76221769144817,35.6961245155931],[139.7621951555118,35.69614300739051]]]}},{"type":"Feature","properties":{"height":9.3,"gml_id":"bldg_c76eccca-730c-4113-a93e-72d3a63b1a3a"},"geometry":{"type":"Polygon","coordinates":[[[139.7563206165493,35.69890686604045],[139.7563575547396,35.69892107721394],[139.75639454817662,35.698935306438734],[139.75637562099772,35.69896792389407],[139.75633868274798,35.69895374878095],[139.75630171137811,35.698939555607915],[139.75627399666334,35.698928919743175],[139.75629292396107,35.698896212166815],[139.7563206165493,35.69890686604045]]]}},{"type":"Feature","properties":{"height":11.4,"gml_id":"bldg_d8bbcaec-45de-4b4e-ad7a-726b1d75152d"},"geometry":{"type":"Polygon","coordinates":[[[139.75189151727866,35.696162130340596],[139.75187384058594,35.69623522844314],[139.75185447341937,35.696232105611735],[139.75185955582654,35.69621088180503],[139.75185330264958,35.69620987705267],[139.7518313833591,35.69620638292862],[139.75183715356434,35.69618250054903],[139.75178368111082,35.69617399056316],[139.75179045012214,35.696145873327985],[139.75189151727866,35.696162130340596]]]}},{"type":"Feature","properties":{"height":3.4,"gml_id":"bldg_a05e996f-0087-40e4-aaf1-8db7043b1eeb"},"geometry":{"type":"Polygon","coordinates":[[[139.7582589103503,35.699907438169724],[139.75823535042122,35.699931670293466],[139.7581170735214,35.699854799824315],[139.75814074396666,35.69983056779247],[139.7582589103503,35.699907438169724]]]}},{"type":"Feature","properties":{"height":11.5,"gml_id":"bldg_005e132d-0767-4886-8cb5-3d0b388bf43d"},"geometry":{"type":"Polygon","coordinates":[[[139.7616068112459,35.694621778444116],[139.7616352282354,35.69459998132713],[139.761693856278,35.69465067320295],[139.76166554978406,35.69467246859663],[139.7616068112459,35.694621778444116]]]}},{"type":"Feature","properties":{"height":27.1,"gml_id":"bldg_a1144f28-bdb8-4f00-8749-eb5c7e586f06"},"geometry":{"type":"Polygon","coordinates":[[[139.7617335659229,35.696458483404314],[139.76185199259425,35.696365802882404],[139.76192795979503,35.69642831286325],[139.76176024027606,35.696532681961635],[139.7617335659229,35.696458483404314]]]}},{"type":"Feature","properties":{"height":35.8,"gml_id":"bldg_878f5cb7-0375-42e1-acbd-1ac6689b69af"},"geometry":{"type":"Polygon","coordinates":[[[139.75117764500862,35.6979602733174],[139.75118164346,35.6979403557909],[139.75116108990025,35.6979407924465],[139.75117863764606,35.69785436313398],[139.75111765964851,35.697836565432894],[139.7511296540069,35.69777780256004],[139.75126529641074,35.697796256902414],[139.75130742434158,35.69780199128274],[139.75130000542953,35.69783859082391],[139.7512799920657,35.69793735821576],[139.75117764500862,35.6979602733174]]]}},{"type":"Feature","properties":{"height":12.3,"gml_id":"bldg_f2b3330f-4b43-4f96-bf4a-594d53cc5814"},"geometry":{"type":"Polygon","coordinates":[[[139.75934354846905,35.69806120483439],[139.75932749389492,35.69808383735594],[139.75929630309255,35.698127786958366],[139.75923246148068,35.69809764194882],[139.7592636523063,35.69805369236275],[139.7592797068924,35.698031059849605],[139.75934354846905,35.69806120483439]]]}},{"type":"Feature","properties":{"height":21.8,"gml_id":"bldg_5c11d341-9127-4757-8f2c-acdc173a3287"},"geometry":{"type":"Polygon","coordinates":[[[139.7602860068426,35.69222373634087],[139.7605423640062,35.69223259885741],[139.76054190318123,35.69224118863431],[139.76053714771413,35.6923310162866],[139.76053708037827,35.6923321609857],[139.76053415740438,35.69238735911234],[139.76027797652688,35.69237850569895],[139.76028094569875,35.69232130656534],[139.7602839148663,35.692264107431114],[139.76024297862202,35.692262649405386],[139.76024514792266,35.69222232343131],[139.7602860068426,35.69222373634087]]]}},{"type":"Feature","properties":{"height":24.1,"gml_id":"bldg_54b76960-1f9e-4fbb-8d99-6ff989dfb5e7"},"geometry":{"type":"Polygon","coordinates":[[[139.75033719374207,35.6986481533751],[139.75036827223468,35.698664228179645],[139.75030503613755,35.69874567734131],[139.75027244985628,35.69878764963705],[139.75014433661363,35.698721400690395],[139.75024015910978,35.69859797933377],[139.75033719374207,35.6986481533751]]]}},{"type":"Feature","properties":{"height":6.8,"gml_id":"bldg_924d9fb7-33d6-4856-87ac-55c391039882"},"geometry":{"type":"Polygon","coordinates":[[[139.75817474937637,35.69680036667093],[139.75813423063732,35.696869647646345],[139.75809439800662,35.69693777528356],[139.7580043757781,35.696900943118656],[139.75804192028247,35.69683372356131],[139.75808526463737,35.69675610761874],[139.75811373283202,35.69670514396606],[139.75827082171946,35.69674841761115],[139.75823418903292,35.6968097780084],[139.75818691035155,35.69679388440463],[139.75817474937637,35.69680036667093]]]}},{"type":"Feature","properties":{"height":6.2,"gml_id":"bldg_b889a633-913e-4261-98f3-c4d736a89218"},"geometry":{"type":"Polygon","coordinates":[[[139.76154537380893,35.69315633011314],[139.7615036488037,35.69315908144271],[139.76149889858732,35.69309632524162],[139.76149530737493,35.69309650337255],[139.76149451891598,35.69308858887502],[139.7615383765454,35.693085694601294],[139.76154537380893,35.69315633011314]]]}},{"type":"Feature","properties":{"height":18.7,"gml_id":"bldg_83633283-bb43-4daa-80b2-af6265528db9"},"geometry":{"type":"Polygon","coordinates":[[[139.76126911851932,35.69634776057137],[139.76132965792783,35.69637531740679],[139.7613197663742,35.69638976855234],[139.7613107710206,35.696402923162815],[139.76129458381277,35.696426583435155],[139.76119462353748,35.696381184696044],[139.76121083293023,35.69635745234071],[139.7612296977785,35.696329827658204],[139.76126911851932,35.69634776057137]]]}},{"type":"Feature","properties":{"height":7.9,"gml_id":"bldg_377eaca9-aabf-4c38-9bf2-de4604c9c4cf"},"geometry":{"type":"Polygon","coordinates":[[[139.7523631424024,35.69511576034888],[139.75234996377213,35.69511217304707],[139.752312780828,35.695102043675284],[139.7523093691072,35.69511037093412],[139.7522743071211,35.69510081895308],[139.7522777188351,35.695092501610254],[139.75227166528165,35.69509085704159],[139.75229420714632,35.69503570840779],[139.75237249447645,35.69505708658575],[139.75238576145858,35.69506071090068],[139.7523631424024,35.69511576034888]]]}},{"type":"Feature","properties":{"height":13.0,"gml_id":"bldg_cc8f674b-c4dc-4bff-b476-e80d1df34ec8"},"geometry":{"type":"Polygon","coordinates":[[[139.76196471784863,35.69361840527429],[139.76175530571567,35.69364613326548],[139.76174551559328,35.69359700279288],[139.76187547255248,35.693579863843176],[139.7618582793734,35.693493421290064],[139.76193773425817,35.69348292241326],[139.76196471784863,35.69361840527429]]]}},{"type":"Feature","properties":{"height":13.2,"gml_id":"bldg_c9937dcb-17b4-49c1-a93f-f1341240aa42"},"geometry":{"type":"Polygon","coordinates":[[[139.7571714846765,35.69742766591962],[139.75723621474793,35.69745173735847],[139.75721684557837,35.69748507577044],[139.75715282198206,35.6974617438911],[139.75703767679806,35.69741979335513],[139.75705704731388,35.69738510291878],[139.7571714846765,35.69742766591962]]]}},{"type":"Feature","properties":{"height":9.4,"gml_id":"bldg_2a81c33b-d750-4e8c-8ecf-c2bc20a071dc"},"geometry":{"type":"Polygon","coordinates":[[[139.757644521585,35.69837706986323],[139.75763866656868,35.69838712455824],[139.75762692348184,35.69840712756508],[139.75762216422763,35.698415273848866],[139.7575962059927,35.698405162186425],[139.75761867377554,35.69836704841187],[139.757644521585,35.69837706986323]]]}},{"type":"Feature","properties":{"height":34.2,"gml_id":"bldg_ca847c1c-c55b-462b-a069-f0916a19ef71"},"geometry":{"type":"Polygon","coordinates":[[[139.76188032145646,35.69557631025065],[139.76172684109622,35.6954521906134],[139.76181276052537,35.69538149320159],[139.76189312228928,35.69544653867321],[139.76186994507907,35.69546559789406],[139.76191116405272,35.6954988288081],[139.76190889718876,35.69550070231159],[139.7619408078996,35.69552650040769],[139.76188032145646,35.69557631025065]]]}},{"type":"Feature","properties":{"height":41.8,"gml_id":"bldg_b4caba03-544a-487a-b066-505b5d02dc4e"},"geometry":{"type":"Polygon","coordinates":[[[139.7579132112407,35.699767176396634],[139.7579072383879,35.69977321182508],[139.75791187663935,35.69977627037158],[139.75783872014168,35.69985023590296],[139.75777353059487,35.6998072898456],[139.75774205677342,35.69978653860257],[139.7577832806248,35.699744849135406],[139.7577576156514,35.69972795038673],[139.75778785604692,35.69969735888482],[139.7578012075758,35.69970614659565],[139.75780879532186,35.69969847169442],[139.7579132112407,35.699767176396634]]]}},{"type":"Feature","properties":{"height":34.0,"gml_id":"bldg_c7fd024b-9ee9-4692-83a6-b2e80deb5a4e"},"geometry":{"type":"Polygon","coordinates":[[[139.761387576518,35.695125692569015],[139.76137468624995,35.694960553966744],[139.76147866849422,35.6949549365497],[139.76148063891424,35.69497557998969],[139.7616071689894,35.69508607321517],[139.7615079863653,35.69516091788434],[139.761387576518,35.695125692569015]]]}},{"type":"Feature","properties":{"height":10.0,"gml_id":"bldg_e1092ae1-4d2b-4e71-95bb-c2138f1bf135"},"geometry":{"type":"Polygon","coordinates":[[[139.75600277889941,35.69850724766771],[139.7560320632123,35.698517199563085],[139.75598777903045,35.69860379267415],[139.7559585388833,35.69859384981022],[139.75581147664266,35.69854382836361],[139.7558151854786,35.69853655670452],[139.75583356357353,35.698500531806815],[139.75585565048047,35.69845723524562],[139.75600277889941,35.69850724766771]]]}},{"type":"Feature","properties":{"height":18.3,"gml_id":"bldg_94b99da5-24f1-4efd-97b0-03f1e96b4dbc"},"geometry":{"type":"Polygon","coordinates":[[[139.7582631103758,35.69778435639432],[139.7582373201926,35.697830850953025],[139.7582119912195,35.69782148795136],[139.75818967785443,35.697813254439616],[139.758140555359,35.69779509633115],[139.75816645608708,35.69774860186195],[139.7582631103758,35.69778435639432]]]}},{"type":"Feature","properties":{"height":9.2,"gml_id":"bldg_f1860dd4-de52-486b-9659-0a2e28957077"},"geometry":{"type":"Polygon","coordinates":[[[139.75348004042127,35.69551748963314],[139.75347789551498,35.69552983697112],[139.75346659324214,35.695594728069544],[139.75342074217062,35.69558937956072],[139.75343194497032,35.69552455059502],[139.75343407880595,35.69551223119296],[139.75348004042127,35.69551748963314]]]}},{"type":"Feature","properties":{"height":12.0,"gml_id":"bldg_0d9f88a1-5d6c-4afa-bc1b-5d358b130df3"},"geometry":{"type":"Polygon","coordinates":[[[139.7606346308626,35.69478353101517],[139.76063453934074,35.69478697419162],[139.76063279166544,35.69484987070384],[139.76063234616853,35.694865914812816],[139.76059820338259,35.69486526322927],[139.76060048802987,35.694782969569204],[139.7606346308626,35.69478353101517]]]}},{"type":"Feature","properties":{"height":17.0,"gml_id":"bldg_13ca8a7b-5a35-49ca-9ac5-788cd94ce719"},"geometry":{"type":"Polygon","coordinates":[[[139.7565768040558,35.69474432629866],[139.75657584691697,35.694763029106326],[139.75657305470222,35.694817199634905],[139.7565726830252,35.69482454555957],[139.75657207511685,35.694836262975805],[139.75652356872982,35.694834699707066],[139.75652415464106,35.69482288312639],[139.7565245041455,35.694815618311],[139.7565271752189,35.69476106011735],[139.75652807681854,35.69474267275398],[139.7565768040558,35.69474432629866]]]}},{"type":"Feature","properties":{"height":23.2,"gml_id":"bldg_e4b70f6e-6a59-45bd-8d48-f4cb4b21220d"},"geometry":{"type":"Polygon","coordinates":[[[139.75638051060398,35.69505172121533],[139.75639853209742,35.69505224741632],[139.75641655358416,35.69505278082557],[139.75641593211753,35.695067085162336],[139.7564146894008,35.69509546759214],[139.75641075781127,35.695185342433554],[139.75641052048033,35.695190848748005],[139.7563668754787,35.6951895589333],[139.7563671127962,35.695184069744954],[139.75637290865768,35.69505149101311],[139.75638051060398,35.69505172121533]]]}},{"type":"Feature","properties":{"height":6.3,"gml_id":"bldg_2c4e27be-3230-476d-ac42-dee2e9387b7e"},"geometry":{"type":"Polygon","coordinates":[[[139.7557116063352,35.6998883359399],[139.75569533396384,35.699917619930304],[139.75564087552854,35.699897303995996],[139.75565714782826,35.69986811014969],[139.7557116063352,35.6998883359399]]]}},{"type":"Feature","properties":{"height":35.6,"gml_id":"bldg_b2e64776-e62a-41ea-992f-4d5809b0842c"},"geometry":{"type":"Polygon","coordinates":[[[139.75509247977857,35.69558841359669],[139.75510096562712,35.69558877064592],[139.75509254978957,35.695720365107874],[139.75499288521354,35.695716063852394],[139.75499512941852,35.69568103809849],[139.75499520793034,35.695679848341996],[139.75499692480045,35.69565299766508],[139.75500130112533,35.69558456043579],[139.75509247977857,35.69558841359669]]]}},{"type":"Feature","properties":{"height":28.1,"gml_id":"bldg_7980bfc9-830d-411e-b5fb-d4f5ef7f5b82"},"geometry":{"type":"Polygon","coordinates":[[[139.7500851521402,35.69633967226079],[139.7500902339385,35.69634075741817],[139.7500988453139,35.69634797432686],[139.75010388403032,35.696390522439465],[139.75017361262726,35.6963866046055],[139.750179616677,35.696457276101874],[139.75008260978976,35.696446843306155],[139.75007343257326,35.69634615401402],[139.75007841108732,35.69634029855722],[139.7500851521402,35.69633967226079]]]}},{"type":"Feature","properties":{"height":6.0,"gml_id":"bldg_7dad05d5-b9a3-4f3c-a0b2-648571bb64ef"},"geometry":{"type":"Polygon","coordinates":[[[139.7593065871227,35.69716323818334],[139.75928522680977,35.6971999107718],[139.75920945141308,35.6971703893627],[139.75923081175281,35.69713371678754],[139.7593065871227,35.69716323818334]]]}},{"type":"Feature","properties":{"height":8.7,"gml_id":"bldg_daf18117-92c6-44da-af67-d74db582b1cf"},"geometry":{"type":"Polygon","coordinates":[[[139.7576745451484,35.69817779604768],[139.75765319280634,35.69821664965781],[139.75764155915968,35.69823780558644],[139.75758842652826,35.69821839363199],[139.75760007125407,35.69819721878665],[139.75762141254958,35.69815838320628],[139.7576745451484,35.69817779604768]]]}},{"type":"Feature","properties":{"height":32.2,"gml_id":"bldg_f7a81ba8-85be-4a65-bc10-29e924f5141d"},"geometry":{"type":"Polygon","coordinates":[[[139.75820636363972,35.69996887873583],[139.75800803938978,35.700172644405],[139.75782808348742,35.700056119885446],[139.75778440602468,35.700027834569596],[139.75782472360444,35.69998640591812],[139.75784990963578,35.69996051637626],[139.75788826935403,35.69992108841527],[139.75793382976264,35.699874262912004],[139.75797653637113,35.69983037496818],[139.7580157410853,35.699855818105014],[139.75802193528145,35.69984942226224],[139.75820636363972,35.69996887873583]]]}},{"type":"Feature","properties":{"height":16.2,"gml_id":"bldg_f7528ce7-b54b-4519-bbaa-23d47878235b"},"geometry":{"type":"Polygon","coordinates":[[[139.76008477323916,35.694693601557084],[139.7600843649116,35.69470512982544],[139.76008353693445,35.69472848380715],[139.7600819378341,35.694773434134234],[139.7600792160023,35.694849895657256],[139.75998761648154,35.694847766731414],[139.75999276558917,35.6947029648489],[139.75999317389693,35.694691472635625],[139.76008477323916,35.694693601557084]]]}},{"type":"Feature","properties":{"height":16.6,"gml_id":"bldg_60cdfd3f-e14b-4e29-9d16-a6ac7d455dbe"},"geometry":{"type":"Polygon","coordinates":[[[139.75956598993847,35.69577781343741],[139.75956383594755,35.69583703118574],[139.75952615708147,35.69583610672016],[139.75952831110106,35.69577688807114],[139.75956598993847,35.69577781343741]]]}},{"type":"Feature","properties":{"height":36.8,"gml_id":"bldg_06ef9d76-c6ea-479f-af09-bb2d0ca52737"},"geometry":{"type":"Polygon","coordinates":[[[139.7563513787133,35.69366564041903],[139.7564680284737,35.693676638658104],[139.756577154252,35.69368692981999],[139.75651852640883,35.69410107178651],[139.7564114330132,35.694090962144465],[139.7562904295622,35.69407952840725],[139.75614376042415,35.694065678647895],[139.75620105460928,35.69366154121179],[139.75621873218898,35.693663175002634],[139.7562201781636,35.693653260862185],[139.7563513787133,35.69366564041903]]]}},{"type":"Feature","properties":{"height":35.5,"gml_id":"bldg_3ad81456-3024-4b4d-b52f-1b067d9b83c8"},"geometry":{"type":"Polygon","coordinates":[[[139.76237585947936,35.69450172019815],[139.76226705850738,35.69458405021231],[139.7620889677607,35.69442745816558],[139.76204418683878,35.69446132315228],[139.76196303598368,35.69438997672978],[139.76216475629803,35.694316093709055],[139.76237585947936,35.69450172019815]]]}},{"type":"Feature","properties":{"height":26.2,"gml_id":"bldg_b40ecbca-6f3d-4b17-aab2-194f8cc1937e"},"geometry":{"type":"Polygon","coordinates":[[[139.75372940536852,35.69521145959748],[139.7537243484193,35.695240985116456],[139.75372150320072,35.69525758555863],[139.75371494581984,35.69529588131069],[139.7537624430842,35.69530129389166],[139.75375957841254,35.69531523618325],[139.7537583237086,35.69532136466601],[139.75374770537067,35.695365425597906],[139.7535726071788,35.69532673109621],[139.75356167800894,35.69531554687323],[139.7535632872873,35.695308445148505],[139.75358498439073,35.695213076609924],[139.75360366803378,35.69520335419596],[139.75372940536852,35.69521145959748]]]}},{"type":"Feature","properties":{"height":11.0,"gml_id":"bldg_8bc24ef8-ae62-4258-aaa7-23a3e9bcfc78"},"geometry":{"type":"Polygon","coordinates":[[[139.7598428073316,35.696646334035165],[139.75991576693258,35.696685525022986],[139.7598944163646,35.69671201225591],[139.75980803801366,35.69668940726825],[139.75973146965183,35.69666936810584],[139.7597319269695,35.69665269305387],[139.75976909677513,35.696606745941516],[139.7598428073316,35.696646334035165]]]}},{"type":"Feature","properties":{"height":18.0,"gml_id":"bldg_d6c7de93-cba6-403f-a055-0a5c5e07d1bb"},"geometry":{"type":"Polygon","coordinates":[[[139.7549124161832,35.69822645987282],[139.75492435648923,35.69823141616691],[139.7549537820041,35.698243630853085],[139.75501845410957,35.69827047064633],[139.75498713313135,35.698320746655014],[139.75488107308203,35.69827670879876],[139.7548708227572,35.69827244765613],[139.75488465701076,35.698250373132254],[139.75487394274407,35.698245949441095],[139.7548758906335,35.69824281394657],[139.7548914295255,35.69821774798775],[139.7549124161832,35.69822645987282]]]}},{"type":"Feature","properties":{"height":18.2,"gml_id":"bldg_402e2b9a-1ef0-4693-9be1-c8be22dc759a"},"geometry":{"type":"Polygon","coordinates":[[[139.76033241491743,35.698066675986226],[139.76032097204748,35.69813391117824],[139.76024705456956,35.69812557372596],[139.76025849749954,35.69805833944232],[139.76033241491743,35.698066675986226]]]}},{"type":"Feature","properties":{"height":30.7,"gml_id":"bldg_cc7830ee-e2c9-4c01-883d-d650379146f7"},"geometry":{"type":"Polygon","coordinates":[[[139.75952729340702,35.69467478297333],[139.75952498856398,35.69474182542853],[139.7595985553795,35.694743511004894],[139.75959611412378,35.69481476277296],[139.75957698510433,35.69482905578885],[139.75941695666592,35.69482539722308],[139.75942015864894,35.69473220659085],[139.75935192869363,35.69473065037721],[139.75935397287253,35.69467082773536],[139.75952729340702,35.69467478297333]]]}},{"type":"Feature","properties":{"height":64.1,"gml_id":"bldg_68d2fa04-f6ce-468e-920d-bdc441190fc5"},"geometry":{"type":"Polygon","coordinates":[[[139.75243464507525,35.693780663780096],[139.7524906796053,35.693843797299394],[139.752008964368,35.694128214597114],[139.7519529741709,35.694065126856515],[139.75175520462034,35.69384231864361],[139.75175437682674,35.69384141671299],[139.75160864623138,35.6936886168335],[139.75219533912878,35.693580515833716],[139.75223968507552,35.69355427078887],[139.75243464507525,35.693780663780096]]]}},{"type":"Feature","properties":{"height":104.3,"gml_id":"bldg_74ced382-a5a4-4dfc-bd0b-5ede9b959d1a"},"geometry":{"type":"Polygon","coordinates":[[[139.75879282287158,35.694238581313584],[139.7587930253925,35.694222806569044],[139.75879335939635,35.69419635157705],[139.7587935740133,35.694179451930566],[139.7587940978849,35.694138944703134],[139.7588056224608,35.69413904197557],[139.75880515792667,35.69417515956963],[139.75915940178837,35.694179948307934],[139.7591603971918,35.69413119383706],[139.75876933167652,35.694131583202726],[139.75877128562232,35.694121669346856],[139.75874855951355,35.69411868074856],[139.75877217304563,35.69399923685579],[139.75879488807192,35.694002225442816],[139.75952955624282,35.69400569769057],[139.75952908653102,35.69407177681287],[139.75955047832878,35.694071871049424],[139.75955013761856,35.694119075569624],[139.7595482820008,35.69438102957428],[139.75954798922882,35.694422971024274],[139.75952255321985,35.694422847266495],[139.75952212036873,35.69448488827097],[139.75870267126683,35.694473990241136],[139.75873907524635,35.694288852558],[139.75880370415115,35.694288803352904],[139.75880384685104,35.69427794193727],[139.75879232225518,35.69427784466465],[139.75879282287158,35.694238581313584]]]}},{"type":"Feature","properties":{"height":34.0,"gml_id":"bldg_09662cf5-6eab-4dca-9d0e-9c749db17387"},"geometry":{"type":"Polygon","coordinates":[[[139.7539941695742,35.699102033828034],[139.75396290863588,35.699090746108645],[139.75395835861082,35.6990992069621],[139.75391737689773,35.69908447860514],[139.7538952953754,35.699076550016144],[139.75391167971824,35.699046274833385],[139.75381612953464,35.69901186959748],[139.75384679485805,35.69895519374783],[139.7538579566273,35.69895411857377],[139.75402873192007,35.699015525191385],[139.75402319673339,35.6990257070129],[139.754033359261,35.699029409320666],[139.7539941695742,35.699102033828034]]]}},{"type":"Feature","properties":{"height":14.8,"gml_id":"bldg_37b1dd2d-cef7-4f6e-be10-f452dc22717f"},"geometry":{"type":"Polygon","coordinates":[[[139.7603158549276,35.69196476381714],[139.76031431634001,35.6919798968859],[139.76026570267715,35.69197662155584],[139.76015764727902,35.69196988668554],[139.7601591868675,35.6919536900028],[139.76016322565258,35.69191103061619],[139.76024849877032,35.69191632838928],[139.7602637900328,35.691917284110176],[139.7602716124477,35.69191776658403],[139.7602725708189,35.691908843602754],[139.7602987558827,35.69191060814948],[139.76032122863865,35.69191211805546],[139.7603158549276,35.69196476381714]]]}},{"type":"Feature","properties":{"height":18.3,"gml_id":"bldg_6c99ed5a-00d7-4718-9770-1dd8283bb233"},"geometry":{"type":"Polygon","coordinates":[[[139.75799035095545,35.69677435505946],[139.75802172131304,35.696786435010466],[139.75805585316314,35.696799571282234],[139.75803714850355,35.696831828602576],[139.7580030277181,35.69681866529142],[139.75797161319358,35.69680654023951],[139.75794027599386,35.696794451282535],[139.7579589805989,35.696762284113966],[139.75799035095545,35.69677435505946]]]}},{"type":"Feature","properties":{"height":17.0,"gml_id":"bldg_8bfc2ffb-e08d-4818-9b4d-2c50aeb7b21a"},"geometry":{"type":"Polygon","coordinates":[[[139.75278057985207,35.69989235020309],[139.75280023806536,35.69993662957555],[139.75270877437572,35.69990375942754],[139.75272560224022,35.699872599563754],[139.75275095473864,35.699825638100705],[139.75278057985207,35.69989235020309]]]}},{"type":"Feature","properties":{"height":32.7,"gml_id":"bldg_cefe032c-24fe-4a9f-a7b9-11017d0f5a7f"},"geometry":{"type":"Polygon","coordinates":[[[139.75448902975558,35.695579060253486],[139.7545412199795,35.69558792784552],[139.75453315903752,35.69569479793793],[139.7544417059746,35.69568898730062],[139.7544524353304,35.695576728773865],[139.75448902975558,35.695579060253486]]]}},{"type":"Feature","properties":{"height":26.0,"gml_id":"bldg_1bb6c261-4974-46af-a728-60d6e5050fc7"},"geometry":{"type":"Polygon","coordinates":[[[139.75203276039412,35.697028748113986],[139.75198337481945,35.69702123338525],[139.75198963497905,35.696993664732815],[139.75201278871666,35.696891636371845],[139.75206913465092,35.69690014729377],[139.75208756130232,35.696926479712126],[139.7520671383782,35.697016242296186],[139.75203664525068,35.69701162472353],[139.75203276039412,35.697028748113986]]]}},{"type":"Feature","properties":{"height":8.6,"gml_id":"bldg_caa2cdc8-f3e1-41d0-90a9-27012748b1b7"},"geometry":{"type":"Polygon","coordinates":[[[139.75242183097052,35.69498075663675],[139.75240463129109,35.694976175131664],[139.75236872958675,35.69496661540244],[139.7523284534108,35.694955888149586],[139.75234632166368,35.69491121027311],[139.75236153292903,35.694915258641096],[139.75238933773724,35.69484578175277],[139.75248301345397,35.69487072340429],[139.75245520871917,35.69494019941272],[139.75245411509616,35.694939910239704],[139.7524491855653,35.69495222864841],[139.75243478070286,35.69494838814842],[139.75242183097052,35.69498075663675]]]}},{"type":"Feature","properties":{"height":18.5,"gml_id":"bldg_805a0a08-dd60-42d0-93b3-b4278ed19a34"},"geometry":{"type":"Polygon","coordinates":[[[139.76091796821632,35.6965404437759],[139.76096075695153,35.696560866594766],[139.76092845068882,35.69660582639644],[139.7608857061137,35.69658542973254],[139.76082330128634,35.69655564697174],[139.76085560758693,35.696510688099316],[139.76091796821632,35.6965404437759]]]}},{"type":"Feature","properties":{"height":31.6,"gml_id":"bldg_e0d52bec-786d-404d-8187-d569c9fcb6eb"},"geometry":{"type":"Polygon","coordinates":[[[139.7619968200963,35.699842865911535],[139.76192290575872,35.699866221618976],[139.76184790452976,35.69970825728408],[139.7619218076849,35.699684910629095],[139.7620361441616,35.69964878844678],[139.76205758575486,35.69969394169627],[139.76208422237065,35.69974999556582],[139.76210860894417,35.69980134295239],[139.7620956764722,35.69980539055779],[139.7621000884192,35.69981458803208],[139.76205366402542,35.69982925286196],[139.76205189934424,35.69982546606794],[139.7619968200963,35.699842865911535]]]}},{"type":"Feature","properties":{"height":18.0,"gml_id":"bldg_78b4c200-b720-48c8-a4bb-0d534dad50d8"},"geometry":{"type":"Polygon","coordinates":[[[139.7520310407936,35.697035507221315],[139.7520675557751,35.69704048940856],[139.75204823321974,35.69713475957629],[139.75196050877207,35.69712280223453],[139.7519760664137,35.69704732308336],[139.751979941927,35.697028532155514],[139.7520310407936,35.697035507221315]]]}},{"type":"Feature","properties":{"height":34.5,"gml_id":"bldg_1f37a25a-908e-4e93-a7f6-27cad65fa7d0"},"geometry":{"type":"Polygon","coordinates":[[[139.75876300342776,35.697439803281],[139.75873859169045,35.69743041391669],[139.7587336112224,35.69743897383722],[139.75869947903053,35.697425792690126],[139.75870423816582,35.69741759318145],[139.75868082060444,35.69740856496942],[139.75873693450197,35.697311432160404],[139.75875217800103,35.697317301406784],[139.75875693720923,35.69730901085762],[139.75881117317633,35.69732986607413],[139.75880641397333,35.697338155724054],[139.75881900649637,35.697342940776274],[139.75876300342776,35.697439803281]]]}},{"type":"Feature","properties":{"height":10.5,"gml_id":"bldg_c6f98c5d-25fa-4753-8872-9daf9fb1b388"},"geometry":{"type":"Polygon","coordinates":[[[139.75668442365935,35.69659580762547],[139.75667348756537,35.69661546944017],[139.75664036932295,35.696675009923865],[139.75660678951874,35.696662639766394],[139.75663990784227,35.69660303529464],[139.75665084396778,35.69658334734328],[139.75668442365935,35.69659580762547]]]}},{"type":"Feature","properties":{"height":8.8,"gml_id":"bldg_65c018c7-3e43-41b2-9e14-e92d6c653907"},"geometry":{"type":"Polygon","coordinates":[[[139.75867960182302,35.69907185958493],[139.75863900728436,35.699115010873676],[139.75858213181553,35.699079461632884],[139.75862272644997,35.6990362211276],[139.75867960182302,35.69907185958493]]]}},{"type":"Feature","properties":{"height":19.4,"gml_id":"bldg_f8724334-e457-435c-a411-757448749e95"},"geometry":{"type":"Polygon","coordinates":[[[139.7589901986683,35.69503878604349],[139.75897779571036,35.695044429969904],[139.75892925601636,35.69504284962252],[139.7589299206968,35.695029122175654],[139.75893056254097,35.69501618791982],[139.7589356086385,35.69491298422807],[139.75893684752162,35.69488776467418],[139.75900087824797,35.69488985033825],[139.75899396258563,35.69503120785032],[139.7589905704425,35.69503109759113],[139.7589901986683,35.69503878604349]]]}},{"type":"Feature","properties":{"height":13.5,"gml_id":"bldg_e925d867-f157-48c2-a4d4-f78dfd49bf6a"},"geometry":{"type":"Polygon","coordinates":[[[139.75578915479446,35.6997998724101],[139.7557761564969,35.69982592170577],[139.75575862980978,35.699861054780186],[139.75574110309856,35.69989619686552],[139.7557008928522,35.69988283068138],[139.75571841956938,35.69984769761553],[139.75573594626243,35.699812573560585],[139.75574894458927,35.6997865053405],[139.75578915479446,35.6997998724101]]]}},{"type":"Feature","properties":{"height":7.6,"gml_id":"bldg_cd666cd3-dfc9-44d8-a28c-8d2278451248"},"geometry":{"type":"Polygon","coordinates":[[[139.76009959832962,35.69576101232967],[139.76000291421957,35.69575960141731],[139.76000360488885,35.69572936089419],[139.76000429555756,35.695699120370925],[139.76010097959465,35.69570053128211],[139.76010079581064,35.695708174783],[139.76014736990035,35.69570885209361],[139.76015882678297,35.69572282127082],[139.76015837715124,35.69574328208325],[139.7601000241629,35.69574242635141],[139.76009959832962,35.69576101232967]]]}},{"type":"Feature","properties":{"height":35.7,"gml_id":"bldg_44c8f3e5-a537-4d28-acd3-ebb019c78d00"},"geometry":{"type":"Polygon","coordinates":[[[139.75741909029355,35.69815320811478],[139.75729592601823,35.698106619735604],[139.75733577300483,35.69803633811365],[139.7572553572822,35.69800600131665],[139.75727029994766,35.697979600646235],[139.75739136527034,35.6980253755948],[139.75740852149568,35.6979951905537],[139.7575852594852,35.698061913974],[139.75755238593894,35.69811985131279],[139.75745827291018,35.69808427808736],[139.75741909029355,35.69815320811478]]]}},{"type":"Feature","properties":{"height":8.1,"gml_id":"bldg_de0d8972-9333-49a5-8d1b-4b22992672ee"},"geometry":{"type":"Polygon","coordinates":[[[139.75917111359507,35.69692573414484],[139.7591568377956,35.6969488445682],[139.75914256198618,35.69697195679253],[139.75905397530698,35.69693557698183],[139.7590683838422,35.69691234857316],[139.75908263745305,35.69688935442309],[139.75917111359507,35.69692573414484]]]}},{"type":"Feature","properties":{"height":12.1,"gml_id":"bldg_19a83ea3-660b-4cd4-af73-1fe190066782"},"geometry":{"type":"Polygon","coordinates":[[[139.75806155053746,35.69743918642572],[139.75805818538686,35.69744552094651],[139.75803994269378,35.6974798877564],[139.75802634921192,35.69750550517768],[139.7580097134304,35.69749963586975],[139.75799000677085,35.69749268299451],[139.7580035671198,35.697467057444236],[139.7580217656434,35.6974326716834],[139.75802509762093,35.69742636418394],[139.75806155053746,35.69743918642572]]]}},{"type":"Feature","properties":{"height":9.3,"gml_id":"bldg_580ee119-b426-4dc2-96d3-06a9e40e3a7c"},"geometry":{"type":"Polygon","coordinates":[[[139.75882823062776,35.696621084945434],[139.75879329835487,35.696684330428646],[139.75872273583622,35.69665839037484],[139.7587301738954,35.696644929429276],[139.75871933767104,35.69664094677319],[139.75874683192518,35.69659117217332],[139.75882823062776,35.696621084945434]]]}},{"type":"Feature","properties":{"height":38.1,"gml_id":"bldg_8fe2abab-1566-4e20-9aad-1785227c4dad"},"geometry":{"type":"Polygon","coordinates":[[[139.75329216052728,35.695552067577346],[139.75321438021092,35.69554228104535],[139.75318326572082,35.695496560904054],[139.753159771912,35.69545449637623],[139.75315350651127,35.695410550444265],[139.75314313372684,35.69540765915271],[139.7532053918408,35.695248968551994],[139.75322975332327,35.69525205032284],[139.7534207230692,35.695276243812856],[139.75341056951603,35.69533050041342],[139.7533913954231,35.69543301755219],[139.753390951051,35.695435405886045],[139.75331615389615,35.6954259819485],[139.75329216052728,35.695552067577346]]]}},{"type":"Feature","properties":{"height":24.0,"gml_id":"bldg_32a5cea0-5be2-456f-bf77-ef74f7d10963"},"geometry":{"type":"Polygon","coordinates":[[[139.75554430534504,35.69897712432539],[139.75543571338514,35.69894469495717],[139.7554590355965,35.6988927641574],[139.7554764663264,35.69885395257227],[139.75559025027908,35.69888791758464],[139.75558249834904,35.69890521976229],[139.75560647034368,35.698912356058166],[139.75559679154455,35.698933919565974],[139.75558864096544,35.69895208589921],[139.75558144275578,35.69896813463007],[139.75557671463727,35.698966725440485],[139.75555389150784,35.69895994141496],[139.75555227864345,35.69895946264729],[139.75554430534504,35.69897712432539]]]}},{"type":"Feature","properties":{"height":6.6,"gml_id":"bldg_192723b2-24e6-4523-a554-f527aba9ff34"},"geometry":{"type":"Polygon","coordinates":[[[139.7608639771049,35.69516192001423],[139.76085994515554,35.69520946482818],[139.76079661160003,35.69520589331332],[139.7608006325379,35.69515834759349],[139.7608639771049,35.69516192001423]]]}},{"type":"Feature","properties":{"height":34.5,"gml_id":"bldg_ed1d255a-f49b-4946-8106-30e4f175a1a6"},"geometry":{"type":"Polygon","coordinates":[[[139.75237022727347,35.69691756633227],[139.7523327632887,35.69714081027184],[139.7522562289509,35.697132249822886],[139.7522588858804,35.69711645061113],[139.75222383938961,35.69711256012811],[139.7522260072708,35.697099581872955],[139.75221632861258,35.69709850272196],[139.75221744027985,35.69709191356114],[139.75221546255955,35.69709169680119],[139.7522411424966,35.696939022166],[139.75224689903695,35.69692857016129],[139.75225298497364,35.69692019242864],[139.75226559035826,35.69691181728366],[139.75228029102647,35.69690759074781],[139.75237022727347,35.69691756633227]]]}},{"type":"Feature","properties":{"height":12.5,"gml_id":"bldg_1e98c0ed-7d70-4332-a5d1-749bd3ce3a2d"},"geometry":{"type":"Polygon","coordinates":[[[139.7579522828085,35.698595574553316],[139.7579462169958,35.698606549428675],[139.75793724003827,35.69862278557375],[139.75791717193187,35.698659081045705],[139.75791360771382,35.69866552360069],[139.75790590367473,35.698679462951326],[139.7578732065073,35.69866745425128],[139.7578809105424,35.698653523916406],[139.7578844858382,35.69864705432825],[139.75790455395548,35.698610759763056],[139.75791353091918,35.698594522719006],[139.75791958566833,35.69858356586573],[139.7579522828085,35.698595574553316]]]}},{"type":"Feature","properties":{"height":21.8,"gml_id":"bldg_caf9d97c-68c5-4581-a659-433c30c51df0"},"geometry":{"type":"Polygon","coordinates":[[[139.75730703984414,35.695024196225035],[139.75733443174258,35.69502441182282],[139.75733395298394,35.69506317040915],[139.75730656107223,35.69506295481123],[139.75718820903543,35.695061996664045],[139.75718857736805,35.6950232380085],[139.75730703984414,35.695024196225035]]]}},{"type":"Feature","properties":{"height":7.3,"gml_id":"bldg_07bd940a-66a4-4e93-be9d-8b915724609b"},"geometry":{"type":"Polygon","coordinates":[[[139.7573631687466,35.697229720187224],[139.75734601130048,35.69726134741568],[139.7572361031592,35.69722026568843],[139.7572238163831,35.69724270201292],[139.75716558125168,35.69722137483882],[139.75715157477848,35.69721624619849],[139.75718168267085,35.697161552139875],[139.75719562273392,35.69716678889905],[139.7572539235855,35.6971886929766],[139.7573631687466,35.697229720187224]]]}},{"type":"Feature","properties":{"height":20.6,"gml_id":"bldg_43e2f81c-0169-4c67-90c9-286893a1031a"},"geometry":{"type":"Polygon","coordinates":[[[139.75671271063473,35.699726920245425],[139.75674570894344,35.69973628843977],[139.75677600066805,35.69974488874021],[139.75676426132264,35.69977210261083],[139.75673408006622,35.69976352941881],[139.75670108174762,35.69975416122131],[139.75658871962858,35.6997222352628],[139.7566003485233,35.69969502133873],[139.75671271063473,35.699726920245425]]]}},{"type":"Feature","properties":{"height":4.5,"gml_id":"bldg_08e62385-fae1-448e-8b22-1e58e7547c2e"},"geometry":{"type":"Polygon","coordinates":[[[139.75156112705625,35.69867396797325],[139.7515417563343,35.698706223819876],[139.7514539433302,35.69867119100666],[139.751473314079,35.698638935174],[139.75156112705625,35.69867396797325]]]}},{"type":"Feature","properties":{"height":3.1,"gml_id":"bldg_3b3bd1d4-acc8-4bff-b504-c1cc47183926"},"geometry":{"type":"Polygon","coordinates":[[[139.759090295334,35.69327667016121],[139.75906256523976,35.693272416618],[139.75906378585597,35.69326682887843],[139.75905384280802,35.69326529041499],[139.75905550648756,35.693258531168176],[139.7590653391242,35.69325997942638],[139.75906844565904,35.69324628142358],[139.7590961758289,35.69325044392716],[139.759090295334,35.69327667016121]]]}},{"type":"Feature","properties":{"height":37.7,"gml_id":"bldg_a58d4277-da40-4327-84b3-aad57d799b44"},"geometry":{"type":"Polygon","coordinates":[[[139.75404638325526,35.69748203774276],[139.75404769774423,35.69749366627011],[139.7540460286462,35.69750538296916],[139.754040604335,35.69751529355505],[139.7540302085042,35.69752421116225],[139.75401439978015,35.697531501836195],[139.75355000942872,35.69760096090712],[139.75351491862668,35.69744166572358],[139.75353019140337,35.69741778956808],[139.75366247868232,35.69739876817028],[139.75368986533076,35.69741618271717],[139.75369648343582,35.69743925313146],[139.7536980140872,35.69744458123557],[139.75377991051533,35.697461860550824],[139.75384240724077,35.69747505281274],[139.75388645825595,35.69740243244462],[139.75401933639628,35.69745615063129],[139.75403380331142,35.697464813306034],[139.75404186212853,35.697472570389074],[139.75404638325526,35.69748203774276]]]}},{"type":"Feature","properties":{"height":8.4,"gml_id":"bldg_0766c4d6-204e-4ef1-a127-1e346ba262fc"},"geometry":{"type":"Polygon","coordinates":[[[139.7590797927229,35.69539271900215],[139.75912302912516,35.69539391744446],[139.75911966944068,35.69547802215705],[139.75911895678195,35.69549585981905],[139.75903221867563,35.69549346275219],[139.75903293127004,35.69547571522764],[139.75903629112912,35.69539152038065],[139.7590797927229,35.69539271900215]]]}},{"type":"Feature","properties":{"height":27.3,"gml_id":"bldg_191aafef-56d9-4837-b9a9-05908b32b5c3"},"geometry":{"type":"Polygon","coordinates":[[[139.751584553521,35.69649767330977],[139.75162318803592,35.6965043877004],[139.75161930540546,35.69651926667105],[139.75158152173907,35.69666410907929],[139.75157784277425,35.69666347562227],[139.75151921139303,35.69665333955093],[139.7514872828719,35.69664782039552],[139.75149529226627,35.69661710717787],[139.7515130527058,35.69654898475094],[139.75152505571546,35.69650291491335],[139.7515289494401,35.69648800891218],[139.751584553521,35.69649767330977]]]}},{"type":"Feature","properties":{"height":26.2,"gml_id":"bldg_1ecc7500-d3ca-47e5-a4c2-d3e255a099a4"},"geometry":{"type":"Polygon","coordinates":[[[139.75628237951406,35.6947175838598],[139.75631204682196,35.69471853125591],[139.7563558019582,35.694719929325224],[139.7564284288694,35.694722238182834],[139.75642380384505,35.69482085406898],[139.7564232396894,35.69483301318347],[139.7562499867724,35.6948274941503],[139.75625055084154,35.69481545221462],[139.75625253633996,35.69477308911799],[139.75625517619162,35.69471671915735],[139.75628237951406,35.6947175838598]]]}},{"type":"Feature","properties":{"height":18.1,"gml_id":"bldg_7f729534-132a-43ba-8b67-161fc88ae53a"},"geometry":{"type":"Polygon","coordinates":[[[139.76156989125764,35.69352767302775],[139.76158689900936,35.69353705741097],[139.7615915827072,35.69361250485039],[139.76147456458128,35.69361730155091],[139.76146933757644,35.69353175934283],[139.76156989125764,35.69352767302775]]]}},{"type":"Feature","properties":{"height":25.2,"gml_id":"bldg_f7be6723-c6de-4c8d-9617-6cb55b24c11a"},"geometry":{"type":"Polygon","coordinates":[[[139.75501716804774,35.69813920344047],[139.75507955395568,35.69816477979726],[139.75502034188108,35.698261006598585],[139.75491264649568,35.69821695057983],[139.7549239577078,35.69819855199306],[139.75497185875597,35.698120632792666],[139.75501716804774,35.69813920344047]]]}},{"type":"Feature","properties":{"height":9.9,"gml_id":"bldg_c5cbabd1-8292-4e71-b512-19634dbc87a4"},"geometry":{"type":"Polygon","coordinates":[[[139.75875687964367,35.69794050101637],[139.75878175588412,35.6979496292669],[139.75878616768492,35.697958465416114],[139.75875130131982,35.69802146844521],[139.75874377461702,35.69803505642702],[139.7587147228746,35.69802437432432],[139.75867329930063,35.69800914344449],[139.75868084814664,35.697995519426],[139.75870578591181,35.6979504835615],[139.7587190129808,35.697926604579145],[139.75875687964367,35.69794050101637]]]}},{"type":"Feature","properties":{"height":24.5,"gml_id":"bldg_5769b712-9798-42f0-ac31-d14ca142f58a"},"geometry":{"type":"Polygon","coordinates":[[[139.75599175367154,35.69559760280829],[139.75602460405048,35.695598110649335],[139.7560235896561,35.69564164614019],[139.75602322084052,35.695657419867864],[139.75599037043727,35.695656912026415],[139.75593847056476,35.69565610259039],[139.75593985383657,35.69559679427428],[139.75599175367154,35.69559760280829]]]}},{"type":"Feature","properties":{"height":50.6,"gml_id":"bldg_a26d3fa5-eb01-4c61-8205-63d1aaeaf745"},"geometry":{"type":"Polygon","coordinates":[[[139.7530590266896,35.69963814291142],[139.7529832713739,35.69966570129327],[139.75291900325138,35.6995332202603],[139.75291758933145,35.69953270643688],[139.75287543461747,35.699442612595426],[139.7528236291248,35.69933451284941],[139.75290124272237,35.69930486463237],[139.75294182673278,35.699319412795326],[139.75298348639308,35.699242094150954],[139.75299152381695,35.69922719087507],[139.7529980963443,35.69922954783437],[139.75300763941576,35.69921183329143],[139.75308110814768,35.6992381662108],[139.7530705576482,35.69925774592125],[139.75333882775962,35.69935392929554],[139.75318988103166,35.699630343128156],[139.75308373690095,35.699592279716526],[139.7530590266896,35.69963814291142]]]}},{"type":"Feature","properties":{"height":9.9,"gml_id":"bldg_000d5c2d-504d-47e7-b840-35c8b18ed3c5"},"geometry":{"type":"Polygon","coordinates":[[[139.75846351711107,35.695203752762964],[139.75846193652882,35.69522790758071],[139.7584758254199,35.69522851202357],[139.7584731015736,35.69527000036679],[139.75845372119971,35.69526915905314],[139.75843036310792,35.69526813498749],[139.75840902771412,35.69524283829625],[139.75841609380362,35.695201686163465],[139.75846351711107,35.695203752762964]]]}},{"type":"Feature","properties":{"height":9.3,"gml_id":"bldg_f202f987-f988-4d59-b6eb-dab3b2f675d4"},"geometry":{"type":"Polygon","coordinates":[[[139.75927739568326,35.69706488084797],[139.75924640918143,35.69711533755511],[139.75920421434043,35.69709809632789],[139.75923509036363,35.69704763866208],[139.75927739568326,35.69706488084797]]]}},{"type":"Feature","properties":{"height":15.0,"gml_id":"bldg_e6caadda-f3ff-4e39-83dc-9466a145cce2"},"geometry":{"type":"Polygon","coordinates":[[[139.75694832427405,35.69690080042389],[139.75700610581038,35.69692239782722],[139.7569916058538,35.696948167791874],[139.75693383534414,35.69692657940234],[139.75682227098181,35.69688487429943],[139.75683677098132,35.69685910435495],[139.75694832427405,35.69690080042389]]]}},{"type":"Feature","properties":{"height":48.7,"gml_id":"bldg_78cded2b-da0b-4c99-802b-ffddc69ca594"},"geometry":{"type":"Polygon","coordinates":[[[139.75303999841307,35.69335454093219],[139.75320258578964,35.69352518841698],[139.75319958801342,35.69353960833667],[139.75317062917497,35.69354887316407],[139.7530046976079,35.69360587333786],[139.75274817305367,35.69369398203489],[139.75258996105907,35.693787257917776],[139.75257780917548,35.69378472593141],[139.75257532589586,35.69378189396479],[139.7525276138053,35.693727527384134],[139.75244373438002,35.69363184474207],[139.7524330397982,35.69361961498252],[139.75242947494743,35.69361552938209],[139.7524290443482,35.693604261971664],[139.75286300520327,35.69344600191199],[139.75290611154836,35.69342152157547],[139.75302596673365,35.69335344992868],[139.75303999841307,35.69335454093219]]]}},{"type":"Feature","properties":{"height":3.3,"gml_id":"bldg_7fd04ce4-e5ef-457d-8239-d1392d874182"},"geometry":{"type":"Polygon","coordinates":[[[139.7612371855404,35.696113323225056],[139.761228332797,35.69612764969557],[139.76123970995948,35.69613225259225],[139.76122908656686,35.69614955342258],[139.7611847930755,35.69613149859461],[139.76120426922142,35.69609987310277],[139.7612371855404,35.696113323225056]]]}},{"type":"Feature","properties":{"height":12.9,"gml_id":"bldg_b84ea92f-ef9a-4fd5-99d1-b4aedf80b852"},"geometry":{"type":"Polygon","coordinates":[[[139.7580858316341,35.69864613477325],[139.7580775744501,35.69866078587063],[139.75806097154472,35.698690223213575],[139.7580381259141,35.69873074258608],[139.7579609125008,35.698701761221216],[139.75800035003212,35.698631812636194],[139.758008618285,35.69861715343864],[139.7580858316341,35.69864613477325]]]}},{"type":"Feature","properties":{"height":15.7,"gml_id":"bldg_bb86fb78-8661-494f-a508-2fc12e897467"},"geometry":{"type":"Polygon","coordinates":[[[139.75507052995764,35.69800243736823],[139.75512302972584,35.69802415842922],[139.75513184412227,35.69802780568677],[139.7550954321768,35.698086371013375],[139.75503866876718,35.69806288859646],[139.75500380882187,35.698048471955474],[139.75499635304078,35.69804538442154],[139.75503276503994,35.697986819124566],[139.75507052995764,35.69800243736823]]]}},{"type":"Feature","properties":{"height":15.2,"gml_id":"bldg_1a1521bd-ff80-4d5f-81c9-511ca590febd"},"geometry":{"type":"Polygon","coordinates":[[[139.7588471808538,35.69900976984506],[139.7588492680699,35.699023021259656],[139.75879905040327,35.69907644135201],[139.75877505223173,35.69906145475254],[139.75874849190689,35.69904487113775],[139.75871279838975,35.69902257619041],[139.75873730995323,35.698996487739095],[139.7587630271722,35.698969111072],[139.75877009525445,35.69896158901994],[139.7588471808538,35.69900976984506]]]}},{"type":"Feature","properties":{"height":3.7,"gml_id":"bldg_693b8345-ec65-41ca-815d-8d847df1f67b"},"geometry":{"type":"Polygon","coordinates":[[[139.75652009266778,35.6947377461819],[139.756514337156,35.694793960927264],[139.7564348623897,35.69478854703604],[139.75644230228133,35.69471583830769],[139.75646379237816,35.69471730323735],[139.7564621191077,35.69473379723149],[139.75652009266778,35.6947377461819]]]}},{"type":"Feature","properties":{"height":20.5,"gml_id":"bldg_c5f0eb78-7b6f-4d32-8eca-69f024eb409b"},"geometry":{"type":"Polygon","coordinates":[[[139.75729953280523,35.69552931893259],[139.75729924910152,35.695537178694806],[139.75729803436266,35.69557133081504],[139.75729663776184,35.69561081892713],[139.75719991048524,35.69560856656137],[139.7571879438822,35.695608288581646],[139.75718809156356,35.69560404412648],[139.75715346246747,35.695603219998],[139.75715619894854,35.69552593831547],[139.75729953280523,35.69552931893259]]]}},{"type":"Feature","properties":{"height":23.7,"gml_id":"bldg_820d5649-dd5e-47b8-a023-97820eef5b23"},"geometry":{"type":"Polygon","coordinates":[[[139.75327103656272,35.69822425265056],[139.7533040813816,35.698219226958145],[139.75334402001891,35.698392676896866],[139.75331108554204,35.6983977928103],[139.75327103656272,35.69822425265056]]]}},{"type":"Feature","properties":{"height":8.4,"gml_id":"bldg_e828a5fa-d79f-4350-ba5a-f8b12dd85b9a"},"geometry":{"type":"Polygon","coordinates":[[[139.7601189640097,35.69469002589212],[139.76018488555778,35.69469050763855],[139.76018428146952,35.69474702314345],[139.7601182604861,35.694746478240326],[139.76008914495074,35.69474624419991],[139.76008985951975,35.69468981889968],[139.7601189640097,35.69469002589212]]]}},{"type":"Feature","properties":{"height":11.3,"gml_id":"bldg_04bb63e1-4fa6-48c6-b31f-38c49feab6d4"},"geometry":{"type":"Polygon","coordinates":[[[139.76167406084915,35.69457044944189],[139.76167443683437,35.694570115257584],[139.76167483489377,35.69456980902887],[139.7616752440108,35.69456949379305],[139.76167566415324,35.69456920560488],[139.76172158446204,35.694534151625916],[139.7617750229148,35.69458068506159],[139.76177081327177,35.69459276992545],[139.7616977256536,35.694648422081634],[139.76163887709427,35.69459719826829],[139.76167406084915,35.69457044944189]]]}},{"type":"Feature","properties":{"height":21.3,"gml_id":"bldg_e732dfcd-ebc6-4673-97b2-0e5d4106b460"},"geometry":{"type":"Polygon","coordinates":[[[139.75468555795683,35.69966654613233],[139.7547551722028,35.69969175781277],[139.75474222002572,35.699715526564155],[139.75472831579702,35.69974104515049],[139.75469707550633,35.69979840588216],[139.7546805586666,35.6998287171363],[139.75457876629355,35.69979176657064],[139.75457145359525,35.69978911176183],[139.75456412984713,35.69978645694533],[139.75463874345422,35.69964958783003],[139.75468555795683,35.69966654613233]]]}},{"type":"Feature","properties":{"height":17.7,"gml_id":"bldg_108601ad-3fa8-4760-b1ba-99f0d87a2db0"},"geometry":{"type":"Polygon","coordinates":[[[139.75572736518023,35.69662553541053],[139.75576271138175,35.69663938429581],[139.75569895935914,35.69674741736929],[139.7556185466885,35.69671590769541],[139.7556394542892,35.69668048836664],[139.75568229879434,35.69660787466405],[139.75572736518023,35.69662553541053]]]}},{"type":"Feature","properties":{"height":31.1,"gml_id":"bldg_7c44cd21-b8c7-4199-b806-3d7173787ff9"},"geometry":{"type":"Polygon","coordinates":[[[139.75220888995653,35.69594402398104],[139.7522244901154,35.69594613468381],[139.752239548909,35.695948172910285],[139.75219874312202,35.69618711644607],[139.75218303243707,35.696184987638134],[139.7521665373169,35.69618275914861],[139.75213735874192,35.696178819415714],[139.7521005237052,35.69617383613183],[139.75205904838376,35.696168228660376],[139.75210735635125,35.695930299767525],[139.75220888995653,35.69594402398104]]]}},{"type":"Feature","properties":{"height":12.5,"gml_id":"bldg_4c42207b-c746-46eb-9a58-2894a7ae4929"},"geometry":{"type":"Polygon","coordinates":[[[139.75157832410179,35.69711211443348],[139.75165663322366,35.6971247597199],[139.75164864362338,35.69715774440936],[139.75157727266622,35.69714624856902],[139.75157949213076,35.697136965974195],[139.75157253181672,35.69713583543679],[139.75155054606938,35.69713225919226],[139.7515563162415,35.69710855710371],[139.75157832410179,35.69711211443348]]]}},{"type":"Feature","properties":{"height":25.1,"gml_id":"bldg_24911efc-f3ee-421e-92c8-0b940fcdd95f"},"geometry":{"type":"Polygon","coordinates":[[[139.75651773136687,35.69953903184071],[139.75650187025354,35.69956619798781],[139.75648906402327,35.69958813814379],[139.7564490658468,35.69957260004546],[139.75642697351134,35.69956402292885],[139.75638235805852,35.699546697147944],[139.75641102545262,35.699497590869996],[139.75651773136687,35.69953903184071]]]}},{"type":"Feature","properties":{"height":24.2,"gml_id":"bldg_f18c574f-ef7b-4823-bdbf-6424f8decc7d"},"geometry":{"type":"Polygon","coordinates":[[[139.75909051709135,35.697329317591304],[139.75911635259683,35.69729282807134],[139.75914008783573,35.69725714758201],[139.75909977193706,35.6972393666551],[139.75911174467942,35.69722136468157],[139.75913342175105,35.69718876740944],[139.75914812762315,35.697166655971934],[139.75918845447003,35.6971845189142],[139.75920048293546,35.69718985341441],[139.75921154823408,35.69717327503527],[139.75924255279173,35.697186967893124],[139.75927572226647,35.6972016184276],[139.7592506702937,35.69723931539793],[139.75916894141662,35.69736226590944],[139.75909051709135,35.697329317591304]]]}},{"type":"Feature","properties":{"height":43.6,"gml_id":"bldg_0dd83a5c-d2eb-478d-88c9-a05d2e5fee77"},"geometry":{"type":"Polygon","coordinates":[[[139.7511317461593,35.69789263930572],[139.75114477799895,35.69789967888266],[139.75115402471127,35.697934116591185],[139.7511361202969,35.69793735019643],[139.75114294524676,35.69796277256168],[139.75101529357585,35.69798558100923],[139.7509940483196,35.6979064262787],[139.75108931722204,35.69788945643407],[139.7511317461593,35.69789263930572]]]}},{"type":"Feature","properties":{"height":2.9,"gml_id":"bldg_30c20461-f1ef-4e99-bc6a-dc2fe61ec621"},"geometry":{"type":"Polygon","coordinates":[[[139.75377005116263,35.69177979171186],[139.75379544902762,35.69179522192147],[139.75374213391962,35.69185350532044],[139.7537167360464,35.69183807509972],[139.75377005116263,35.69177979171186]]]}},{"type":"Feature","properties":{"height":24.9,"gml_id":"bldg_4ffef31a-6e8d-4345-a52f-843247c83342"},"geometry":{"type":"Polygon","coordinates":[[[139.75938052045092,35.69905623976589],[139.75924441606767,35.698971418379294],[139.75927332984506,35.698940546258925],[139.7592665268442,35.6989363056392],[139.7592857621279,35.69891576626167],[139.75938162266553,35.69897550482897],[139.75944707118404,35.69890562583178],[139.75949659179864,35.69893649204908],[139.75948580723193,35.69894801394199],[139.75949428891101,35.69895330116702],[139.75948162397162,35.69896681393138],[139.75949074619817,35.69897249815198],[139.75938052045092,35.69905623976589]]]}},{"type":"Feature","properties":{"height":25.5,"gml_id":"bldg_5c4e6e43-6942-46f9-8872-d7dd83e14c78"},"geometry":{"type":"Polygon","coordinates":[[[139.75888037165515,35.69895466265556],[139.75887088508583,35.69894868972527],[139.7588656310898,35.69895422989396],[139.75876643637488,35.69889173066149],[139.75881158762328,35.69884404916474],[139.75891163268483,35.69890708069389],[139.7589072082626,35.698911756063126],[139.75891584445148,35.698917205670874],[139.75888037165515,35.69895466265556]]]}},{"type":"Feature","properties":{"height":12.5,"gml_id":"bldg_d6b9e129-f0ef-4251-8993-feb24cb0989a"},"geometry":{"type":"Polygon","coordinates":[[[139.75699852127295,35.69570942935323],[139.75704470757225,35.69571118024793],[139.75705886179955,35.69571171201152],[139.75705481848544,35.69578039379733],[139.75704079684306,35.695779862117305],[139.75699455525546,35.69577811118604],[139.7569481921226,35.695776360159876],[139.75695234602543,35.695707678447796],[139.75699852127295,35.69570942935323]]]}},{"type":"Feature","properties":{"height":4.3,"gml_id":"bldg_20d72bc6-52e9-4124-bfdf-1642304e956f"},"geometry":{"type":"Polygon","coordinates":[[[139.75367968486248,35.69809743072367],[139.75365174592832,35.69807956512619],[139.75362809303974,35.69797426956436],[139.75372601115382,35.6979596420451],[139.75373580207986,35.6980035451918],[139.7536785542441,35.698012070328886],[139.75369252607243,35.69807418389951],[139.75369119773356,35.69807652658012],[139.75368167737176,35.698093916702945],[139.75367968486248,35.69809743072367]]]}},{"type":"Feature","properties":{"height":17.5,"gml_id":"bldg_13d074ab-49b7-417b-a8c1-41e3e2718255"},"geometry":{"type":"Polygon","coordinates":[[[139.76048099422334,35.69544252042203],[139.7604805530792,35.69545374130347],[139.7604754518891,35.69558321993776],[139.76040705570406,35.6955813757831],[139.76041215695537,35.695451951233956],[139.76041259807627,35.695440766407515],[139.76048099422334,35.69544252042203]]]}},{"type":"Feature","properties":{"height":16.6,"gml_id":"bldg_f9b736db-c121-4b93-9ecf-f391d2bc50b8"},"geometry":{"type":"Polygon","coordinates":[[[139.75519238193812,35.694986534955085],[139.75518482689796,35.69514210642357],[139.755131569173,35.69514035923541],[139.75513901381993,35.69498478769857],[139.75519238193812,35.694986534955085]]]}},{"type":"Feature","properties":{"height":30.8,"gml_id":"bldg_b1cef77e-50e5-41ff-96fb-f7c81d600e21"},"geometry":{"type":"Polygon","coordinates":[[[139.75158306886277,35.69568954965212],[139.75154844605166,35.69583410577855],[139.7515350996145,35.69583245621799],[139.75148893950325,35.695826755229525],[139.75144492277556,35.69582132609223],[139.75149231797252,35.695721306326085],[139.7515638457153,35.69568620243059],[139.75158306886277,35.69568954965212]]]}},{"type":"Feature","properties":{"height":15.5,"gml_id":"bldg_17a61dbe-f83c-45c5-a3dc-23323c5c5643"},"geometry":{"type":"Polygon","coordinates":[[[139.7617735987619,35.69368869780637],[139.7617757978754,35.69370076755298],[139.76167780050557,35.693712635283596],[139.76166857529196,35.6936619998541],[139.761818400224,35.693643845230895],[139.76182542640188,35.69368241901583],[139.7617735987619,35.69368869780637]]]}},{"type":"Feature","properties":{"height":15.1,"gml_id":"bldg_b14ce9a2-560e-435c-80e5-ae236144d22c"},"geometry":{"type":"Polygon","coordinates":[[[139.76118810359574,35.696737555168504],[139.76126642946377,35.69676971787329],[139.76121784966642,35.69684828817934],[139.76117720104924,35.696831578574184],[139.76113960109126,35.69681612458833],[139.76110805425586,35.69680315388955],[139.76115652363453,35.69672458356106],[139.76118810359574,35.696737555168504]]]}},{"type":"Feature","properties":{"height":12.9,"gml_id":"bldg_c2b9b327-d1c1-499c-ae96-3a8c6dc19f5a"},"geometry":{"type":"Polygon","coordinates":[[[139.7589853299343,35.69516525419163],[139.7589913186388,35.695165492246296],[139.75898399013482,35.69528730780613],[139.75893625722296,35.695285402565446],[139.7589408473391,35.69520917658512],[139.75894239603386,35.6951835074405],[139.75894358559762,35.6951638042385],[139.75894550817264,35.695163878437505],[139.7589459346234,35.69515681106282],[139.75898574513027,35.69515840403991],[139.7589853299343,35.69516525419163]]]}},{"type":"Feature","properties":{"height":29.2,"gml_id":"bldg_fb34d479-d065-4c9f-a61f-305e4b739435"},"geometry":{"type":"Polygon","coordinates":[[[139.7604075186981,35.695436931608924],[139.76040711147976,35.69544728809733],[139.76040635253756,35.69546773069691],[139.76040550434374,35.69548911066656],[139.76040463380386,35.69551076103344],[139.76040181821526,35.69558128157175],[139.7603246929276,35.69557923468151],[139.76028568831384,35.69557819157022],[139.76025947897202,35.69557750143867],[139.76024184402516,35.695577030132526],[139.76024218325728,35.6955685475507],[139.76021789653123,35.695567902744564],[139.76020441617646,35.69556755203568],[139.76020984408726,35.6954316738881],[139.7604075186981,35.695436931608924]]]}},{"type":"Feature","properties":{"height":15.4,"gml_id":"bldg_41e55312-d3d1-4b75-aea7-6d349cac8c12"},"geometry":{"type":"Polygon","coordinates":[[[139.7610147262042,35.69638765674977],[139.76101004587932,35.6963945674406],[139.76098648935778,35.696429328113716],[139.76096050966513,35.696467665761354],[139.7609464599557,35.69646134772837],[139.76092573884424,35.69645203313492],[139.7608932433762,35.69643742942872],[139.76094285703073,35.696364277099704],[139.7609475705417,35.69635733037665],[139.7610147262042,35.69638765674977]]]}},{"type":"Feature","properties":{"height":31.2,"gml_id":"bldg_27bec3ea-735f-450e-bb80-89b5129c0597"},"geometry":{"type":"Polygon","coordinates":[[[139.75150013862236,35.69834123125091],[139.75143673100365,35.69832162842156],[139.7514607686995,35.69826395715895],[139.7514332607313,35.6982681207983],[139.75141158811553,35.69827140506118],[139.75134299708643,35.69824197373267],[139.7513376068089,35.69821826405687],[139.75136217546307,35.698181685209036],[139.75151844807436,35.69815790524621],[139.75154012017876,35.69825247358089],[139.75150013862236,35.69834123125091]]]}},{"type":"Feature","properties":{"height":66.3,"gml_id":"bldg_57a05240-81e6-42a6-8052-677ce33d2425"},"geometry":{"type":"Polygon","coordinates":[[[139.75780998513477,35.69458096689077],[139.75779165708872,35.69468299042566],[139.7573661517287,35.694632038645246],[139.7573217705071,35.69462672860396],[139.75733110147814,35.69457476242756],[139.75734009914706,35.69452469612667],[139.75780998513477,35.69458096689077]]]}},{"type":"Feature","properties":{"height":15.5,"gml_id":"bldg_5d0a28ec-7f17-409e-b60b-15c06a156164"},"geometry":{"type":"Polygon","coordinates":[[[139.75823668094026,35.69759337584923],[139.75829141432405,35.6976141144313],[139.75834546287177,35.697634600178475],[139.7582876868841,35.697735878061046],[139.75813282052707,35.69767719242063],[139.75819059666796,35.69757591461158],[139.75823668094026,35.69759337584923]]]}},{"type":"Feature","properties":{"height":40.0,"gml_id":"bldg_6c9c7f5d-8de4-4c9e-8cb4-5d8eab6a75e1"},"geometry":{"type":"Polygon","coordinates":[[[139.7622582139631,35.694589534331456],[139.76218711655875,35.69464412434394],[139.76206246265102,35.694536058416276],[139.76205461222477,35.694541920782925],[139.761958113539,35.69445802721794],[139.76199393880486,35.69443037640669],[139.76204903413384,35.694477640812856],[139.76209315167964,35.69444423513038],[139.7622582139631,35.694589534331456]]]}},{"type":"Feature","properties":{"height":41.6,"gml_id":"bldg_6a37a117-b45a-4de7-8a9f-5e6d6dc1f1fb"},"geometry":{"type":"Polygon","coordinates":[[[139.75572814604385,35.69308219735086],[139.75553679376034,35.69301283962789],[139.7554336730846,35.692975465246086],[139.75553050512218,35.692934785952716],[139.75556021740798,35.69294562158983],[139.75570344887558,35.69268494774976],[139.75570797735352,35.692686753409625],[139.7557103022541,35.69268206778555],[139.75571880665643,35.69268576888531],[139.7558089042829,35.692752888856866],[139.75578109234795,35.692833544444134],[139.7558370927558,35.69285404070124],[139.7558268911526,35.692891449994576],[139.75582068145624,35.692914241638924],[139.75582028272865,35.69291522387529],[139.75579686836363,35.692973085751866],[139.75576607433408,35.69302954574531],[139.7557639933508,35.69303336621235],[139.75575626149296,35.69303056698361],[139.75572814604385,35.69308219735086]]]}},{"type":"Feature","properties":{"height":32.0,"gml_id":"bldg_5b7c802e-934e-4078-9c3e-eaba9e80eeb9"},"geometry":{"type":"Polygon","coordinates":[[[139.76110533751856,35.69185048666971],[139.76109778296725,35.6917735051379],[139.76114666243973,35.6917269336279],[139.76116699564324,35.691723971297705],[139.7611885278794,35.691861893815954],[139.76114377562863,35.69186511191991],[139.76114003554608,35.691846631591964],[139.76110533751856,35.69185048666971]]]}},{"type":"Feature","properties":{"height":11.3,"gml_id":"bldg_6fdf6910-6e22-44e5-bcab-f41e7892f767"},"geometry":{"type":"Polygon","coordinates":[[[139.76017033315134,35.69513820904522],[139.7601693080554,35.69517173936771],[139.76016699871496,35.69517169289564],[139.76014105457745,35.69517113630222],[139.76009925444853,35.695170254578684],[139.7601002795738,35.69513672425683],[139.76017033315134,35.69513820904522]]]}},{"type":"Feature","properties":{"height":13.6,"gml_id":"bldg_50484213-6401-40ab-b7e4-6e98bb691031"},"geometry":{"type":"Polygon","coordinates":[[[139.76144272496455,35.69634509807416],[139.76134392218523,35.69636423819404],[139.76133235558666,35.69632448088869],[139.76143126881794,35.696305340844134],[139.76144272496455,35.69634509807416]]]}},{"type":"Feature","properties":{"height":11.9,"gml_id":"bldg_24e98b87-853d-4764-9c19-f8566adff67e"},"geometry":{"type":"Polygon","coordinates":[[[139.75954493339466,35.6976323668974],[139.75959232908025,35.69765402880008],[139.7595751785649,35.697678986217255],[139.7595277828692,35.6976573243079],[139.75944959273494,35.697621582124334],[139.7594667432771,35.69759662472485],[139.75954493339466,35.6976323668974]]]}},{"type":"Feature","properties":{"height":22.0,"gml_id":"bldg_23a0234b-53b6-41e0-84ba-e9e56253d7b2"},"geometry":{"type":"Polygon","coordinates":[[[139.75681887166397,35.69448606676356],[139.756847179132,35.694487707218016],[139.75684374999733,35.69452636478042],[139.75684117558222,35.69452621892545],[139.7566375759652,35.694514551850204],[139.75664297231728,35.69445250500624],[139.75662729383677,35.6944515936473],[139.75668240493346,35.69380931275033],[139.7566991771878,35.69381022479842],[139.75670156788647,35.69378293284627],[139.7567047965026,35.693746014799025],[139.75691181935102,35.69375785519439],[139.75690854576334,35.693795683602005],[139.75690848996555,35.69379626044317],[139.75686570869348,35.69379379957724],[139.75686342918206,35.693820424589696],[139.75693491548532,35.693824526142706],[139.75687975176524,35.69446616714905],[139.756820860718,35.69446279466516],[139.75681887166397,35.69448606676356]]]}},{"type":"Feature","properties":{"height":17.9,"gml_id":"bldg_f654d7dc-5463-44a4-aeff-c2abd383b9d1"},"geometry":{"type":"Polygon","coordinates":[[[139.75192491440754,35.697136118431224],[139.75190380790704,35.6972458909168],[139.7517958637768,35.69723211703739],[139.75181697042154,35.697122344570694],[139.75192491440754,35.697136118431224]]]}},{"type":"Feature","properties":{"height":19.2,"gml_id":"bldg_f37b95a9-f37e-4cf1-823c-d626cec4a34a"},"geometry":{"type":"Polygon","coordinates":[[[139.7516758217076,35.69602434512434],[139.75169652592402,35.696027387768105],[139.75171951710945,35.69603076456415],[139.7517308966925,35.69603244071337],[139.7517189074491,35.69608687529172],[139.75170750575805,35.69608520002773],[139.75168451455846,35.69608182232806],[139.7516638103193,35.696078788695914],[139.75159063844103,35.69606803977676],[139.75160273826657,35.69601360528615],[139.7516758217076,35.69602434512434]]]}},{"type":"Feature","properties":{"height":38.7,"gml_id":"bldg_3112b717-a63f-44a6-abc0-c7e32ddbc565"},"geometry":{"type":"Polygon","coordinates":[[[139.7577701063449,35.697475031554674],[139.75777818095418,35.697478146346626],[139.757754207534,35.69751961230463],[139.75775732250173,35.6975208130813],[139.75774981835602,35.697533788085174],[139.75769572613555,35.697512977550026],[139.75770323028806,35.69750000254949],[139.75772720373726,35.69745852758785],[139.75759339284707,35.697406984304074],[139.75766323216052,35.69728642503325],[139.75785377498178,35.69735982597393],[139.75781880004266,35.697420285908485],[139.7578048821646,35.69741486896173],[139.7577701063449,35.697475031554674]]]}},{"type":"Feature","properties":{"height":16.0,"gml_id":"bldg_467f2096-075b-4610-97a3-1b1778ba3d2c"},"geometry":{"type":"Polygon","coordinates":[[[139.7591482558859,35.698698442665766],[139.75911521641947,35.698733647798356],[139.75908122565684,35.69876987989546],[139.75894991783707,35.69868507014464],[139.75899848139937,35.69862759280382],[139.7591482558859,35.698698442665766]]]}},{"type":"Feature","properties":{"height":11.4,"gml_id":"bldg_9529bc56-3dfd-473e-83f1-179e8c700624"},"geometry":{"type":"Polygon","coordinates":[[[139.75698743443996,35.69935373882156],[139.75700077551758,35.69938493464458],[139.75695495741363,35.69945836714159],[139.75687498508682,35.699425236134815],[139.7569316493415,35.69933414372299],[139.75698743443996,35.69935373882156]]]}},{"type":"Feature","properties":{"height":30.7,"gml_id":"bldg_74f58a0c-ab91-49cf-8dc2-34dc7c862c94"},"geometry":{"type":"Polygon","coordinates":[[[139.7571038802945,35.699947678558935],[139.75711173437674,35.69995052374552],[139.75712675270685,35.699961169405874],[139.75713569026993,35.69997505614278],[139.7571397672315,35.699987317338646],[139.75713776702295,35.699999033866355],[139.757130241644,35.700010746896375],[139.75711652695668,35.70002362778648],[139.75710348223473,35.700029208012396],[139.7570898881687,35.700031452824554],[139.75707475022946,35.70003036159271],[139.7569064966101,35.69998509630745],[139.756923048139,35.69995232403347],[139.7569385036085,35.69992171434646],[139.7569529958743,35.699893005934214],[139.7571038802945,35.699947678558935]]]}},{"type":"Feature","properties":{"height":10.3,"gml_id":"bldg_da4db5fd-4ebf-4717-abb7-fcbc00ee3721"},"geometry":{"type":"Polygon","coordinates":[[[139.75556018205825,35.695042027091894],[139.75560204727194,35.69504403714541],[139.7555970751229,35.695112150426624],[139.75559499212895,35.695140750436366],[139.7555819987969,35.695151016755425],[139.75556900546064,35.695161283974436],[139.75550967153418,35.69515836124785],[139.75551338891293,35.695108040193226],[139.75551840524392,35.69504001708098],[139.75556018205825,35.695042027091894]]]}},{"type":"Feature","properties":{"height":30.6,"gml_id":"bldg_03f6e2e3-a4ad-4469-9f66-956e8c48e390"},"geometry":{"type":"Polygon","coordinates":[[[139.75922576355475,35.69543598455078],[139.75922573374723,35.69557569679636],[139.7591254021312,35.69557572512484],[139.75912538728986,35.69553210784864],[139.75912537539227,35.695509167989016],[139.75912535021848,35.6954647764296],[139.75912534374945,35.69543597677024],[139.75912533052414,35.69541447008686],[139.75922577243526,35.69541444182622],[139.75922576355475,35.69543598455078]]]}},{"type":"Feature","properties":{"height":21.6,"gml_id":"bldg_2db3494a-f400-4fba-ba3e-a8b8611091ce"},"geometry":{"type":"Polygon","coordinates":[[[139.76030580804633,35.69514387078446],[139.76030528143122,35.69515185659881],[139.7603041721725,35.69516868359313],[139.7603035556879,35.695178283705694],[139.76029626121365,35.695289201809885],[139.76029586868867,35.69529554721289],[139.76029465865466,35.69531382625182],[139.7602939080107,35.69532513798333],[139.76023800982972,35.695322670356575],[139.76024999837236,35.695141421244344],[139.76030580804633,35.69514387078446]]]}},{"type":"Feature","properties":{"height":12.5,"gml_id":"bldg_ceff14eb-0198-4b16-a9ce-1155ee5c05c5"},"geometry":{"type":"Polygon","coordinates":[[[139.75893810642924,35.696411449335635],[139.75893950955617,35.69645925883063],[139.7589399809488,35.69647519533115],[139.75894056987255,35.6964954575755],[139.7588978319975,35.696492241209974],[139.7588258803405,35.69648682543714],[139.75882924149303,35.696437161167765],[139.75878559635905,35.69643524127125],[139.75878727833094,35.69640892232918],[139.7588312548621,35.696410932567105],[139.7588315902147,35.69640678557448],[139.75889871532033,35.69640972139668],[139.75893810642924,35.696411449335635]]]}},{"type":"Feature","properties":{"height":13.6,"gml_id":"bldg_06f6b5cb-19de-4941-a40c-b250c1583a27"},"geometry":{"type":"Polygon","coordinates":[[[139.7591417117023,35.69825974234109],[139.75911938278824,35.69829190654972],[139.75914960295404,35.698305870257684],[139.75913163360028,35.69833174740192],[139.75911229219344,35.69835959589279],[139.75908966018872,35.698349144082854],[139.75907333510304,35.69834160758155],[139.75909069591071,35.698316605300036],[139.75898852617598,35.69826940965551],[139.7590307940748,35.698208512220404],[139.7591417117023,35.69825974234109]]]}},{"type":"Feature","properties":{"height":38.0,"gml_id":"bldg_785f32f2-34f6-470d-8f65-51802c0d5e03"},"geometry":{"type":"Polygon","coordinates":[[[139.75175297574413,35.69723518868894],[139.75165416288672,35.69721752695588],[139.75165513902348,35.69721385904584],[139.75164824511356,35.69721261859085],[139.75165023058236,35.697205238626275],[139.75164448565576,35.69720420716699],[139.75166779008458,35.69711743915828],[139.75169463655797,35.69712224363872],[139.75170289958967,35.69711368623549],[139.7517633759836,35.697124498592565],[139.75176456891637,35.69713580257005],[139.75179078568354,35.69714048041066],[139.75176732606678,35.6972278522551],[139.75176244286826,35.69722698363178],[139.75176059048513,35.697233895877794],[139.75175365237106,35.697232656300244],[139.75175297574413,35.69723518868894]]]}},{"type":"Feature","properties":{"height":11.0,"gml_id":"bldg_dd67e0bc-68aa-4813-906a-43986556282f"},"geometry":{"type":"Polygon","coordinates":[[[139.76065553834812,35.695804786253404],[139.7606181217804,35.69583139912334],[139.7605679763555,35.695784470571766],[139.76056170542418,35.69577859886609],[139.76058616330118,35.695761199192006],[139.7605991219859,35.695751986013434],[139.76065553834812,35.695804786253404]]]}},{"type":"Feature","properties":{"height":10.3,"gml_id":"bldg_6bca3fae-3477-40ad-80d5-ba314bed2beb"},"geometry":{"type":"Polygon","coordinates":[[[139.7584866750036,35.699061194664786],[139.7584603492164,35.69908930100261],[139.758347592199,35.699019104313045],[139.75837391800258,35.69899099799956],[139.7584866750036,35.699061194664786]]]}},{"type":"Feature","properties":{"height":28.6,"gml_id":"bldg_82ef98f9-b1d2-4f6f-89b5-68d0f9680d83"},"geometry":{"type":"Polygon","coordinates":[[[139.75150727033198,35.69654139129153],[139.75149950658843,35.696569616898266],[139.75149048952582,35.696602420607945],[139.75147811184482,35.696647453611924],[139.75145497771229,35.69664322758299],[139.75140784773694,35.69663460636929],[139.75141222871662,35.696618691170336],[139.75143701737147,35.696528535059635],[139.75145579862829,35.69653197303883],[139.75147709348096,35.69645455990326],[139.7515185226754,35.696462159569734],[139.75151626519823,35.69650866868842],[139.75150727033198,35.69654139129153]]]}},{"type":"Feature","properties":{"height":3.7,"gml_id":"bldg_aff569dd-66c7-45a2-9949-5d07043317ec"},"geometry":{"type":"Polygon","coordinates":[[[139.75188315220524,35.69466284088937],[139.75186391832287,35.69471373722423],[139.75184098518815,35.694707970964],[139.7518602080341,35.6946570746253],[139.75188315220524,35.69466284088937]]]}},{"type":"Feature","properties":{"height":44.8,"gml_id":"bldg_e5af4068-2811-461b-8df0-48389b7d9d20"},"geometry":{"type":"Polygon","coordinates":[[[139.75073784821387,35.69882168107148],[139.75076095525202,35.6988313244455],[139.75080044266886,35.69884780962069],[139.75076358499157,35.698906553594874],[139.75072409754412,35.698890077421424],[139.7507009905028,35.698880425026715],[139.75063184614717,35.69885153373726],[139.7506685933939,35.69879278972709],[139.75073784821387,35.69882168107148]]]}},{"type":"Feature","properties":{"height":16.4,"gml_id":"bldg_b4cfc28e-e408-4cf9-a7ff-df8bc734285a"},"geometry":{"type":"Polygon","coordinates":[[[139.75665602258664,35.697903180444754],[139.75668885154928,35.69791551405344],[139.75664687856073,35.697989850268705],[139.75660485533314,35.698001198767265],[139.7565489731675,35.69798019728996],[139.7565668825719,35.69794848142318],[139.75658258926381,35.69792066527445],[139.75652942448673,35.69790069308115],[139.75653135046218,35.6978972871349],[139.75652454608752,35.6978947229052],[139.75654137072968,35.697864934378046],[139.756548175111,35.69786748959312],[139.7565504331478,35.69786349796848],[139.75665602258664,35.697903180444754]]]}},{"type":"Feature","properties":{"height":25.2,"gml_id":"bldg_3b3b1d1f-920a-4908-b4d5-5985da5a279d"},"geometry":{"type":"Polygon","coordinates":[[[139.7573421423606,35.69726287730095],[139.75727462667484,35.697379652103436],[139.75714215273177,35.697328658997556],[139.75709590342757,35.697310854715546],[139.75710749177762,35.697290860672545],[139.75712263300767,35.69726472244143],[139.75714936255864,35.697218588358275],[139.75719553449667,35.697236366431376],[139.75722580032237,35.697248021345395],[139.75723996756065,35.69722351306033],[139.7573421423606,35.69726287730095]]]}},{"type":"Feature","properties":{"height":41.1,"gml_id":"bldg_f898c53f-1059-4530-96cb-d0ca84fca7f8"},"geometry":{"type":"Polygon","coordinates":[[[139.75552607029223,35.69977563519455],[139.7555792059913,35.69979243498852],[139.7556665882066,35.69982016342264],[139.7555578518361,35.70004786909888],[139.7553730365198,35.69998925071125],[139.75537790866946,35.69997897826293],[139.75534057003674,35.69996714614519],[139.75535108935557,35.69994506942615],[139.75524349236167,35.69991092793294],[139.75533672649783,35.69971548059335],[139.7554456488664,35.69975007444755],[139.755456474833,35.69975350665349],[139.75552607029223,35.69977563519455]]]}},{"type":"Feature","properties":{"height":39.4,"gml_id":"bldg_ab4a306e-ece6-4920-95a2-0cd9af3b5d4e"},"geometry":{"type":"Polygon","coordinates":[[[139.75072979913418,35.698022503811245],[139.75072797333888,35.6980142460182],[139.7506976252456,35.69801870499238],[139.7506783556127,35.69793140318702],[139.7506682543302,35.69793288441082],[139.75066356894658,35.6979116260102],[139.7506912424804,35.69790756181072],[139.75068980167623,35.69790101688242],[139.75075483003943,35.697891470943816],[139.75075738173666,35.697903028245214],[139.7508501720227,35.69788940908097],[139.75085333967743,35.697903743019026],[139.75088510233792,35.69789907765949],[139.75090490008768,35.69798881258896],[139.7508767955174,35.697992941440816],[139.750878511367,35.69800067455955],[139.75072979913418,35.698022503811245]]]}},{"type":"Feature","properties":{"height":9.1,"gml_id":"bldg_e8743361-b8a1-4f8f-a0b0-293586025b61"},"geometry":{"type":"Polygon","coordinates":[[[139.7556671559222,35.69786611314802],[139.75566160987717,35.6978763941906],[139.75567931694673,35.69788275125299],[139.75566448322698,35.69791023343921],[139.75555541300898,35.69787106162489],[139.7555757928133,35.697833298413556],[139.7556671559222,35.69786611314802]]]}},{"type":"Feature","properties":{"height":28.5,"gml_id":"bldg_f2fa25f8-67b8-4f88-8a0e-6154f950d9a0"},"geometry":{"type":"Polygon","coordinates":[[[139.75027760410748,35.69669431371822],[139.75031671601246,35.69669884754384],[139.75028369824273,35.69689135722764],[139.7501258136999,35.696873310950025],[139.75013092764735,35.69684347916504],[139.75010960386754,35.69684103072761],[139.75011972070573,35.69678190790305],[139.75018811149226,35.69678970693584],[139.75019533798792,35.69674725743807],[139.75026715384388,35.69675541933914],[139.75027760410748,35.69669431371822]]]}},{"type":"Feature","properties":{"height":9.5,"gml_id":"bldg_ccbc0130-a4cd-406f-a934-221c01377e81"},"geometry":{"type":"Polygon","coordinates":[[[139.75488885751534,35.69566507775065],[139.75488626107395,35.695709955240474],[139.75483720205813,35.69570803038426],[139.75483975426616,35.6956632159625],[139.75484237388258,35.69561726585886],[139.75484955594402,35.69561754095244],[139.75485056613982,35.69560149723576],[139.75489244311868,35.69560305685901],[139.75488885751534,35.69566507775065]]]}},{"type":"Feature","properties":{"height":17.7,"gml_id":"bldg_e2ace1b5-ff4f-4030-9154-b141c5808a3d"},"geometry":{"type":"Polygon","coordinates":[[[139.75688012407636,35.696356798806484],[139.75687816125557,35.696410438046726],[139.75687728745473,35.696434495038126],[139.75679728837738,35.696432551325415],[139.75679816220227,35.696408494334605],[139.75680012507655,35.696354855095706],[139.75688012407636,35.696356798806484]]]}},{"type":"Feature","properties":{"height":16.6,"gml_id":"bldg_3dad9ea6-c92a-446c-ad1b-6c4c2179d287"},"geometry":{"type":"Polygon","coordinates":[[[139.75547303151816,35.69943181883701],[139.75544214165555,35.699504485234634],[139.75543321471994,35.69952547233758],[139.75542206157996,35.69955169495169],[139.75541525007762,35.69956770786651],[139.75540912524218,35.699582125802614],[139.75535952299913,35.699568212602216],[139.7553836899649,35.699511451032926],[139.75539261692066,35.69949045491993],[139.75542353994723,35.699417815597386],[139.75547303151816,35.69943181883701]]]}},{"type":"Feature","properties":{"height":7.9,"gml_id":"bldg_da8a5143-9bee-41ef-8900-b15935d810cb"},"geometry":{"type":"Polygon","coordinates":[[[139.75871606191657,35.6968242291675],[139.75870161802905,35.69684972896285],[139.75868706346526,35.6968754089616],[139.75864111198845,35.69685807416856],[139.75865571083904,35.69683231307954],[139.7586701104628,35.69680689438539],[139.75871606191657,35.6968242291675]]]}},{"type":"Feature","properties":{"height":30.0,"gml_id":"bldg_9485eb18-623e-407c-990c-7295f5efe91c"},"geometry":{"type":"Polygon","coordinates":[[[139.75602528049424,35.69489720619008],[139.75602420320024,35.69491433242035],[139.75602213840244,35.69494714004308],[139.75599482477836,35.69494599578638],[139.75592181167153,35.69494292926838],[139.75592506432287,35.69489299458775],[139.75602528049424,35.69489720619008]]]}},{"type":"Feature","properties":{"height":9.0,"gml_id":"bldg_934c30e4-e668-4f53-a134-9e7df91bc14d"},"geometry":{"type":"Polygon","coordinates":[[[139.75783150362128,35.69636938659384],[139.75779882245047,35.69645860345467],[139.75770258013293,35.696456559111795],[139.757703320151,35.69643349443786],[139.75770399161516,35.69641281744806],[139.75770552827962,35.696365225212965],[139.75770588101142,35.69635443604399],[139.75783150362128,35.69636938659384]]]}},{"type":"Feature","properties":{"height":44.6,"gml_id":"bldg_8b8d13e1-9838-40df-ac21-f5c784dc3e04"},"geometry":{"type":"Polygon","coordinates":[[[139.75238181790405,35.69977184911383],[139.75225533780562,35.69972642513944],[139.752279915627,35.69968083243199],[139.7522567184068,35.69967252421703],[139.75231672331958,35.69956151598462],[139.7523361647869,35.699568469607804],[139.75235564963762,35.69953251810262],[139.7524872107956,35.69957974812323],[139.75247115795068,35.699609392373546],[139.75250297121264,35.69962086112402],[139.75246200870703,35.699696548587696],[139.75242886974993,35.699684718388006],[139.75238181790405,35.69977184911383]]]}},{"type":"Feature","properties":{"height":27.4,"gml_id":"bldg_44747343-09c2-4e90-96fc-87601470312c"},"geometry":{"type":"Polygon","coordinates":[[[139.75992070698294,35.69654002900612],[139.75995027284574,35.69655600126996],[139.7599892375178,35.696577044948896],[139.75997607340025,35.69659317143768],[139.75998336268185,35.69659714190439],[139.75995382608804,35.696633629358956],[139.7598165441528,35.69655945304057],[139.75985924491383,35.69650683914456],[139.75992070698294,35.69654002900612]]]}},{"type":"Feature","properties":{"height":12.2,"gml_id":"bldg_413a8a5f-c7f4-4a14-b02d-c1b36a001940"},"geometry":{"type":"Polygon","coordinates":[[[139.75874580225886,35.69728160233578],[139.75873170036851,35.697307616125116],[139.75871713356412,35.69733449493891],[139.75866152667456,35.697314441048185],[139.758641024818,35.69730704611514],[139.7586613917981,35.697269471656476],[139.75868913493017,35.697261196266616],[139.75874580225886,35.69728160233578]]]}},{"type":"Feature","properties":{"height":33.9,"gml_id":"bldg_6155e592-ec43-40f0-bced-27aa13275857"},"geometry":{"type":"Polygon","coordinates":[[[139.7510371682941,35.69743063205112],[139.75103197598958,35.69745098141546],[139.75102875851783,35.697463607396614],[139.75092449766564,35.697446166682354],[139.75084315058504,35.697432563387146],[139.75086119537454,35.69740021660074],[139.7509330519487,35.69741239823818],[139.7509658204965,35.697417955071],[139.75098778888062,35.697330987982134],[139.75107473713464,35.69734564960932],[139.75106985505914,35.697365205982756],[139.75105449818926,35.69736267165352],[139.75104548929315,35.6973980171918],[139.7510371682941,35.69743063205112]]]}},{"type":"Feature","properties":{"height":5.4,"gml_id":"bldg_6a3c5e79-dc45-477a-a675-2a278846056b"},"geometry":{"type":"Polygon","coordinates":[[[139.75884295539686,35.693453546385825],[139.75888843442408,35.693501618428044],[139.75886798055663,35.69351494514821],[139.758863234759,35.69350906528173],[139.7588055258737,35.693542127864774],[139.7587714209173,35.693501454970274],[139.75883023488194,35.69346823084073],[139.7588265925916,35.69346390201171],[139.75884295539686,35.693453546385825]]]}},{"type":"Feature","properties":{"height":16.9,"gml_id":"bldg_c59ab8e4-fa7b-4fc1-8a98-514970726009"},"geometry":{"type":"Polygon","coordinates":[[[139.7562128742366,35.694720900558565],[139.7562499779314,35.694721853635215],[139.75624660956987,35.69481187125379],[139.7562462128926,35.69482220069457],[139.75624600864742,35.69482776201376],[139.75617164649992,35.694825820593934],[139.75617186171218,35.69482035032022],[139.75617226953545,35.6948099307499],[139.75617391199006,35.69476813529747],[139.75615777998476,35.69476767427149],[139.7561595942949,35.69471954230128],[139.7562128742366,35.694720900558565]]]}},{"type":"Feature","properties":{"height":7.1,"gml_id":"bldg_916aacc5-5b1c-4d15-bf11-dc1d71423a38"},"geometry":{"type":"Polygon","coordinates":[[[139.7573637431531,35.696787202351295],[139.75738225599076,35.69679437090512],[139.75739549168242,35.69681988800484],[139.7573483437791,35.69689926888198],[139.75730709917278,35.69688263961896],[139.75726771024873,35.696866768664535],[139.7573241548363,35.6967718901382],[139.7573637431531,35.696787202351295]]]}},{"type":"Feature","properties":{"height":35.1,"gml_id":"bldg_75cd0d7a-5bd8-41b4-bb3b-2babff72c245"},"geometry":{"type":"Polygon","coordinates":[[[139.75545032295648,35.694602268012154],[139.75544508451227,35.69464868515477],[139.7553502858815,35.694641502960955],[139.7553556349638,35.694594995757164],[139.75545032295648,35.694602268012154]]]}},{"type":"Feature","properties":{"height":27.3,"gml_id":"bldg_708d1fcd-3177-43b9-a4ff-580b115c4f0a"},"geometry":{"type":"Polygon","coordinates":[[[139.75972967112287,35.69694311284826],[139.75968773674268,35.6970031183908],[139.75964968601855,35.69698541024128],[139.75961600921323,35.696969732839094],[139.7595773952157,35.69695176292463],[139.75961932956855,35.69689184755695],[139.75972967112287,35.69694311284826]]]}},{"type":"Feature","properties":{"height":15.8,"gml_id":"bldg_8d4d4541-30d7-4b63-96fa-faa337ad68d3"},"geometry":{"type":"Polygon","coordinates":[[[139.75298812386842,35.69450880027984],[139.75287820300764,35.69457438262252],[139.75267633074856,35.69435106843031],[139.75271889661724,35.694326183087796],[139.75275223064435,35.69430669976825],[139.7527855867725,35.69428719842679],[139.75298812386842,35.69450880027984]]]}},{"type":"Feature","properties":{"height":15.5,"gml_id":"bldg_479aad63-2a3b-4929-9cc1-81c030e86b5c"},"geometry":{"type":"Polygon","coordinates":[[[139.75966923519567,35.697656239173675],[139.7596594979333,35.69767063709311],[139.75962619207655,35.697719848584],[139.75957427854348,35.69769638208979],[139.75960757329847,35.69764725082813],[139.75961732160903,35.69763286193329],[139.75966923519567,35.697656239173675]]]}},{"type":"Feature","properties":{"height":29.7,"gml_id":"bldg_baa8427d-c668-411b-8834-3e92d3f08f6c"},"geometry":{"type":"Polygon","coordinates":[[[139.75469810877377,35.69497536961964],[139.75474710179122,35.69497652832536],[139.75474347736207,35.695078038190736],[139.7547430570726,35.69508971065108],[139.7547427844081,35.69509732704513],[139.75473456728415,35.69510468586881],[139.7546600611033,35.69510291558271],[139.75465372463538,35.69509676410154],[139.7546540540794,35.695087597389296],[139.75465446333212,35.69507592492205],[139.75465476990644,35.695067542386276],[139.7546553950429,35.69504982187087],[139.754658087874,35.69497441505947],[139.75469810877377,35.69497536961964]]]}},{"type":"Feature","properties":{"height":23.7,"gml_id":"bldg_9e603eb0-4385-4e90-ab05-b86aeab49354"},"geometry":{"type":"Polygon","coordinates":[[[139.75227578945703,35.69578709557613],[139.75228825725893,35.69580531163175],[139.7522811738218,35.69583860344635],[139.7522696049549,35.69589295724138],[139.7522609449443,35.6959336482348],[139.75220272093267,35.695925407448115],[139.75221135886417,35.695884724556294],[139.7522229056699,35.695830370751956],[139.75223336441866,35.69578111796354],[139.75227578945703,35.69578709557613]]]}},{"type":"Feature","properties":{"height":23.2,"gml_id":"bldg_c0a1e7ea-5995-4ec2-9a86-9b7e9ac0117f"},"geometry":{"type":"Polygon","coordinates":[[[139.75570937516784,35.696489542342675],[139.75570719953362,35.696533924362576],[139.755703513496,35.69660896999023],[139.7556385566114,35.69659207157604],[139.7556027560893,35.69659096772217],[139.75560567657303,35.6965306139222],[139.75560783016368,35.6964862318899],[139.75570937516784,35.696489542342675]]]}},{"type":"Feature","properties":{"height":7.8,"gml_id":"bldg_32c36a16-910d-4926-95d5-312af1a76c87"},"geometry":{"type":"Polygon","coordinates":[[[139.75667833135378,35.69822782271424],[139.75666527050086,35.69825052889553],[139.75665220964052,35.69827323507531],[139.75656174241368,35.698238654978304],[139.75657482542871,35.69821591276757],[139.75658786416687,35.69819324263664],[139.75667833135378,35.69822782271424]]]}},{"type":"Feature","properties":{"height":27.2,"gml_id":"bldg_f72a47cd-87ff-44c7-b8ee-9925baf4d316"},"geometry":{"type":"Polygon","coordinates":[[[139.75386447559552,35.69739556662749],[139.75385586389262,35.69741049662832],[139.7538288332905,35.69745737701365],[139.75378840952703,35.69744915686282],[139.75378012371218,35.69744746582696],[139.75373428655945,35.69743814240991],[139.75371327372838,35.697433865037254],[139.75370932037555,35.69740907477151],[139.75372658808604,35.697379160737334],[139.75374385578363,35.69734924670053],[139.75386447559552,35.69739556662749]]]}},{"type":"Feature","properties":{"height":43.5,"gml_id":"bldg_4ac633b4-f4f4-4e8c-9804-49498bc93e13"},"geometry":{"type":"Polygon","coordinates":[[[139.75512055702163,35.694988759761344],[139.75511538025586,35.695084950549465],[139.75511234178393,35.69514133824954],[139.75476649904604,35.69512903467588],[139.75476951561743,35.69507269203873],[139.75477551478497,35.69496083600041],[139.75474909605407,35.694959836264196],[139.75475202210302,35.69490566586733],[139.7547807501809,35.69490667612358],[139.75478378900078,35.6948501622383],[139.75530829689043,35.694868891285346],[139.7553025568303,35.69497642094676],[139.75522249383036,35.69497357477699],[139.75512156981284,35.69496999390646],[139.75512055702163,35.694988759761344]]]}},{"type":"Feature","properties":{"height":39.3,"gml_id":"bldg_e0c4ccc7-29d1-4439-b2a8-a5da63cebb79"},"geometry":{"type":"Polygon","coordinates":[[[139.75764767668986,35.696441381600174],[139.7576431402903,35.69644768833292],[139.75748557287002,35.69644398367766],[139.75748811395326,35.6963626997954],[139.7574883188759,35.69635633625722],[139.75749036999503,35.69629069983635],[139.7574919539182,35.69624000782376],[139.7574649939808,35.69623827823337],[139.7574670485136,35.69616905436383],[139.75749268373067,35.69616943106516],[139.75749506282003,35.69610750758909],[139.75773019850578,35.69611198297053],[139.75772986037586,35.69611901343904],[139.7577399152711,35.696119470438326],[139.757739122305,35.69614011129827],[139.7577840943343,35.69614086062682],[139.75778144609683,35.69625407095276],[139.7577366950004,35.69625332176195],[139.75773703534207,35.696243947734736],[139.75772941122062,35.69624367343714],[139.75772637331892,35.69630135826421],[139.75772305581805,35.69630406028844],[139.75768603991452,35.696302955389385],[139.75768344405702,35.696360551257015],[139.7576730575516,35.696360184181515],[139.75767283417096,35.696362707875174],[139.75767780651222,35.696362801137276],[139.75767690890441,35.69637722158065],[139.7576842016267,35.69637740733909],[139.75768196526863,35.69640534838204],[139.75766394763934,35.696412097327155],[139.75764869936665,35.696411546919464],[139.75764767668986,35.696441381600174]]]}},{"type":"Feature","properties":{"height":15.9,"gml_id":"bldg_5ea2930d-18d8-4754-ab1c-64fb8a65f569"},"geometry":{"type":"Polygon","coordinates":[[[139.75593019781408,35.6980309086207],[139.75594931874772,35.69803788759564],[139.755936179227,35.69806177534269],[139.75592929398394,35.69807429093143],[139.75591200338127,35.69810571956378],[139.75590802941585,35.698112945987404],[139.7558628505536,35.698096421866374],[139.75590402941774,35.69802136432026],[139.75593019781408,35.6980309086207]]]}},{"type":"Feature","properties":{"height":20.0,"gml_id":"bldg_ba10849a-2fcc-417e-8c28-683cf2957d1e"},"geometry":{"type":"Polygon","coordinates":[[[139.7545618708082,35.69837563290103],[139.75452909223446,35.69844699986958],[139.75441265893,35.69841140965117],[139.7544490919407,35.69833211306176],[139.7545618708082,35.69837563290103]]]}},{"type":"Feature","properties":{"height":10.4,"gml_id":"bldg_b79e6ccb-f0f9-46ff-be25-df66142345eb"},"geometry":{"type":"Polygon","coordinates":[[[139.75286292537444,35.697485218446545],[139.75285575772085,35.69752543274409],[139.7528501458818,35.69755686874617],[139.75282618129495,35.697554004394654],[139.7527924717707,35.69754997976613],[139.75279324971174,35.697545563578075],[139.7527504913872,35.69754039715807],[139.752762492843,35.69747334333056],[139.75286292537444,35.697485218446545]]]}},{"type":"Feature","properties":{"height":34.9,"gml_id":"bldg_aba72f79-ffdf-409c-b1d7-d7a05991de6a"},"geometry":{"type":"Polygon","coordinates":[[[139.751644704928,35.69592737272809],[139.75158029430852,35.69591795476047],[139.75160060994105,35.695825307788034],[139.7516499950181,35.695832552263646],[139.7516512160987,35.695827054739226],[139.7516803831492,35.69583131096291],[139.7516881761879,35.6957958924334],[139.7516962467037,35.69575925724274],[139.75170724793912,35.69570928377206],[139.75180844864772,35.69572404467266],[139.75176959427543,35.69590104729236],[139.75168165114394,35.69588818822832],[139.75167465726068,35.69592009195858],[139.7516471473684,35.695916107268886],[139.751644704928,35.69592737272809]]]}},{"type":"Feature","properties":{"height":16.6,"gml_id":"bldg_3fda96e1-f2c5-4392-9503-5f22c07a1d7c"},"geometry":{"type":"Polygon","coordinates":[[[139.76117230103935,35.696236005784954],[139.761173455424,35.69624249633625],[139.7611634754268,35.69625698437242],[139.76112219444434,35.69631696377299],[139.76110637246052,35.696339939198744],[139.7610325900783,35.69630609355613],[139.7610326602154,35.696289599440746],[139.76109783707273,35.6962228552135],[139.76111565555638,35.69621601459623],[139.7611248452087,35.69622023040526],[139.76113354284516,35.696218649212184],[139.76117230103935,35.696236005784954]]]}},{"type":"Feature","properties":{"height":3.8,"gml_id":"bldg_7a489288-0231-4a62-8889-01aa6dee6619"},"geometry":{"type":"Polygon","coordinates":[[[139.75435591247498,35.69230756903873],[139.75443608326142,35.69235530407556],[139.75438000148105,35.69241809278773],[139.75429983066533,35.69237035771405],[139.75435591247498,35.69230756903873]]]}},{"type":"Feature","properties":{"height":25.0,"gml_id":"bldg_4a0f0c91-d5e3-4d51-a537-f27b2d1c71ae"},"geometry":{"type":"Polygon","coordinates":[[[139.7618498964277,35.69326651359626],[139.76182186388237,35.69313055325399],[139.76189055602532,35.69312036259156],[139.76192078781096,35.69325599342005],[139.76190302904868,35.69325863200972],[139.7619051421046,35.69326808863271],[139.7618241170524,35.69328010987075],[139.76182351174856,35.69327740540179],[139.76181506887127,35.6932786623039],[139.7618154427166,35.69328071764913],[139.76179649045505,35.693283527675625],[139.76179598738102,35.693277705429175],[139.76173516821237,35.69328125582198],[139.7617361526307,35.69329247756003],[139.76172765450264,35.69329373532452],[139.7617243418992,35.69327888779355],[139.76163962581214,35.69329145744863],[139.7616274765912,35.693125236719084],[139.76176735923534,35.69310354286492],[139.76177493087624,35.69313751098076],[139.76180873545877,35.69313250142694],[139.76183559659128,35.69326863323811],[139.7618498964277,35.69326651359626]]]}},{"type":"Feature","properties":{"height":20.0,"gml_id":"bldg_ab52a94c-fed9-40a1-b1cc-cb6e1756afa2"},"geometry":{"type":"Polygon","coordinates":[[[139.7540142578212,35.695219940226984],[139.75398877008274,35.695294106135464],[139.75390900679642,35.69527845984356],[139.75391120082753,35.695272214800895],[139.75391818185128,35.69525232618292],[139.7539308363275,35.6952162797526],[139.7540142578212,35.695219940226984]]]}},{"type":"Feature","properties":{"height":34.1,"gml_id":"bldg_5d3a1b53-293c-4411-bdc8-280e85e3a1e8"},"geometry":{"type":"Polygon","coordinates":[[[139.75864042253048,35.69581996669964],[139.7585963786593,35.695819425582286],[139.75859655851843,35.69579245672165],[139.75856336549973,35.695791949369614],[139.75856387226872,35.69576990218888],[139.75856493218396,35.695723473309194],[139.75860194858913,35.695723766705775],[139.75860160549178,35.69573620539061],[139.75865121819817,35.695736957276004],[139.75864937729168,35.69581519499785],[139.7586405375668,35.6958150993763],[139.75864042253048,35.69581996669964]]]}},{"type":"Feature","properties":{"height":11.6,"gml_id":"bldg_75581722-5660-47fc-a795-ea4a357717eb"},"geometry":{"type":"Polygon","coordinates":[[[139.7601693069028,35.69517300128431],[139.76016782796424,35.69521951015012],[139.76009777431483,35.69521802626158],[139.7600992532957,35.69517151559393],[139.7601693069028,35.69517300128431]]]}},{"type":"Feature","properties":{"height":26.7,"gml_id":"bldg_75af90a7-7293-43c5-ac02-304784a23b86"},"geometry":{"type":"Polygon","coordinates":[[[139.76154010339357,35.693402751556604],[139.76154191737123,35.693425323838895],[139.76157761981455,35.69342341619413],[139.76158219990023,35.69347882612375],[139.7615662751411,35.693493959643],[139.7612534497142,35.69351125931362],[139.76124525177306,35.69341219386758],[139.76154514833783,35.693395607604266],[139.76154569467042,35.69340245834036],[139.76154010339357,35.693402751556604]]]}},{"type":"Feature","properties":{"height":22.3,"gml_id":"bldg_267bf06e-b478-4f63-9785-ab20a93a7d88"},"geometry":{"type":"Polygon","coordinates":[[[139.7625062580115,35.69318682476832],[139.76245717036556,35.69319381844948],[139.76245448542187,35.69318125988578],[139.7623329266173,35.69319858468959],[139.76231543038512,35.69311700040067],[139.76255125414386,35.69308343707404],[139.76257733371096,35.69320513733131],[139.76246306846832,35.69322137589567],[139.7624620560936,35.69321666113556],[139.76251119907107,35.69320958726308],[139.76251048353737,35.69320655823956],[139.7625062580115,35.69318682476832]]]}},{"type":"Feature","properties":{"height":12.2,"gml_id":"bldg_6dd8fe00-1376-4c9a-8ca2-4b306739a3b0"},"geometry":{"type":"Polygon","coordinates":[[[139.75653487817678,35.69791747103902],[139.7565714293097,35.697931564724016],[139.75655151741304,35.697965822076405],[139.75654121280246,35.69798355444611],[139.75649537200272,35.69796585836003],[139.7564900776606,35.697955759646966],[139.75651642036368,35.6979103465583],[139.75653487817678,35.69791747103902]]]}},{"type":"Feature","properties":{"height":12.7,"gml_id":"bldg_0733eeb4-a901-451e-ae11-24e30a88d75a"},"geometry":{"type":"Polygon","coordinates":[[[139.7572669352233,35.69675202387102],[139.75725588875278,35.69677168476707],[139.75723538968674,35.69680815923676],[139.75718193822985,35.696788142078596],[139.75715607962377,35.69677845402542],[139.75717899343852,35.6967358337585],[139.75720364188456,35.6967282778478],[139.7572669352233,35.69675202387102]]]}},{"type":"Feature","properties":{"height":13.2,"gml_id":"bldg_adf4d3d1-2cac-4efb-9774-ac6354a7312c"},"geometry":{"type":"Polygon","coordinates":[[[139.75681838107297,35.69818077021737],[139.75673266282777,35.698148897373954],[139.75671595142236,35.69817583767239],[139.75667188776023,35.698159999605345],[139.75661896498875,35.698140983057556],[139.7566498502052,35.69808304470766],[139.75666941358045,35.69807809963902],[139.7567087823897,35.698092393377685],[139.75683278759524,35.698137424424885],[139.75683708937993,35.69814553857863],[139.75681838107297,35.69818077021737]]]}},{"type":"Feature","properties":{"height":11.6,"gml_id":"bldg_d01cf2fd-90b2-482b-a727-5185614d0d13"},"geometry":{"type":"Polygon","coordinates":[[[139.7538637314929,35.699738115870645],[139.7538800801898,35.69974392156279],[139.75389076208467,35.6997477062496],[139.75387338073722,35.699780324326525],[139.75386269884598,35.69977653242727],[139.75384633908624,35.699770733936425],[139.75374071322042,35.69973327536399],[139.75375809461164,35.699700657306025],[139.7538637314929,35.699738115870645]]]}},{"type":"Feature","properties":{"height":22.6,"gml_id":"bldg_d35200f7-79d6-4036-a9ea-10a2a81e482f"},"geometry":{"type":"Polygon","coordinates":[[[139.75936080366893,35.69800681781615],[139.7593533128269,35.69801758457302],[139.759324926236,35.69800449727225],[139.75931994687753,35.698011885437126],[139.75920838877553,35.69796043875572],[139.7592317355846,35.69792674192654],[139.75933313198848,35.69797343212509],[139.75937168032257,35.69799118574617],[139.75936080366893,35.69800681781615]]]}},{"type":"Feature","properties":{"height":21.6,"gml_id":"bldg_8b168ba3-35be-4034-9e13-9b5e8fcf0339"},"geometry":{"type":"Polygon","coordinates":[[[139.75703580729157,35.69915036659339],[139.7570881229894,35.69916946369384],[139.7571586431753,35.69919520636806],[139.7570877234316,35.699275770885635],[139.7570844158329,35.6992795265973],[139.75707468612933,35.69928529009582],[139.75705877026502,35.699288975624064],[139.75704462312456,35.69929194117609],[139.75703114294762,35.69929076085248],[139.75702853601837,35.69928978572159],[139.75691504629015,35.69924733136237],[139.7569377599657,35.699206883331314],[139.75698079630212,35.69913028526848],[139.75703580729157,35.69915036659339]]]}},{"type":"Feature","properties":{"height":15.7,"gml_id":"bldg_9388ed92-35f9-4625-95ab-5592642e3167"},"geometry":{"type":"Polygon","coordinates":[[[139.75349615159024,35.69221289890179],[139.75390436592687,35.692603912775716],[139.7538348177795,35.69265218029064],[139.75342660362725,35.6922610760472],[139.75349615159024,35.69221289890179]]]}},{"type":"Feature","properties":{"height":15.7,"gml_id":"bldg_38f0f472-d5e1-46fc-b2cf-9880bd097e24"},"geometry":{"type":"Polygon","coordinates":[[[139.75043244007026,35.69880344374703],[139.75041658016139,35.698795572886574],[139.75040223336347,35.698788442188985],[139.75030940441846,35.69874233627566],[139.75033208873097,35.69871197578744],[139.75034699888027,35.698719287155626],[139.75040231535462,35.69864522374066],[139.75041084686214,35.69863379124662],[139.75050770697703,35.69868190089526],[139.75051343954266,35.698694974688685],[139.75043244007026,35.69880344374703]]]}},{"type":"Feature","properties":{"height":30.6,"gml_id":"bldg_021cbaec-6c1d-400e-8f34-e257da59be88"},"geometry":{"type":"Polygon","coordinates":[[[139.75908254529978,35.69782317282241],[139.75904856717713,35.697881921123624],[139.75892485103816,35.69783407215143],[139.75893724684025,35.69781280840385],[139.75893238649942,35.69781100176033],[139.75894932009322,35.69778189800351],[139.7589637996531,35.6977775803784],[139.75908254529978,35.69782317282241]]]}},{"type":"Feature","properties":{"height":33.9,"gml_id":"bldg_76540f96-0533-4265-89f1-205ad302f8ae"},"geometry":{"type":"Polygon","coordinates":[[[139.75389104945197,35.69706270042857],[139.75406385507048,35.69713412076178],[139.75397476015092,35.697278281122884],[139.75373165019383,35.69717779821872],[139.7538006575365,35.69706613715129],[139.75382074543845,35.69703363803555],[139.75389104945197,35.69706270042857]]]}},{"type":"Feature","properties":{"height":13.6,"gml_id":"bldg_856b189f-da58-463e-ae9a-045687f71e02"},"geometry":{"type":"Polygon","coordinates":[[[139.75659430815242,35.697822315352674],[139.75663539001806,35.69783615141105],[139.75661324798,35.697879942936666],[139.75657214400348,35.697866098744385],[139.7565486260389,35.69785817873823],[139.75657076810708,35.69781438632303],[139.75659430815242,35.697822315352674]]]}},{"type":"Feature","properties":{"height":7.5,"gml_id":"bldg_74e3f05b-e528-4c8f-98c4-c6ff34b93150"},"geometry":{"type":"Polygon","coordinates":[[[139.7554737787394,35.69741275280071],[139.75545885948566,35.69743730455737],[139.7554440066086,35.69746176802085],[139.75537022164485,35.69743197507411],[139.75538516298084,35.69740746841121],[139.75540010430944,35.69738295994357],[139.7554737787394,35.69741275280071]]]}},{"type":"Feature","properties":{"height":8.8,"gml_id":"bldg_78232354-1eb6-4c09-84aa-979bfa9adcf9"},"geometry":{"type":"Polygon","coordinates":[[[139.75889128395957,35.69756931928905],[139.7588783011578,35.69759206181644],[139.75884978987176,35.69764201608241],[139.75883955191867,35.6976599560063],[139.75883240194645,35.69767248962577],[139.75877485166058,35.697650640861056],[139.75878201268986,35.6976381072518],[139.7587922506614,35.69762015831907],[139.7588207619755,35.69757020406656],[139.75883373373165,35.69754747055217],[139.75889128395957,35.69756931928905]]]}},{"type":"Feature","properties":{"height":32.5,"gml_id":"bldg_7ae05005-edfb-4bfb-9aeb-8b1f5d15882c"},"geometry":{"type":"Polygon","coordinates":[[[139.761045952633,35.69827370038354],[139.76095004003798,35.698271118914306],[139.76095309304608,35.6981942339704],[139.76093861775416,35.69819386471801],[139.76094133258744,35.69812437079636],[139.76097227207936,35.69812520063129],[139.76097464577012,35.69806634265805],[139.76100101062318,35.69806704444532],[139.76100352049852,35.69800419258636],[139.76102388528585,35.698004736629066],[139.76102423576285,35.69799595840611],[139.76116126437387,35.69799960916159],[139.76116258715123,35.69796640441892],[139.76125406842922,35.69796885597234],[139.76130722901445,35.69797027590111],[139.7613062121375,35.697995153079454],[139.76136996954074,35.69799681367672],[139.76136533591443,35.69811155518992],[139.76135450708037,35.69811127830451],[139.76135269872742,35.69815616540256],[139.76130960445053,35.698154967845824],[139.76130745686837,35.698208417745896],[139.76125706966488,35.698207036433956],[139.7612559391056,35.69823542798073],[139.76112265179168,35.698261037115195],[139.76112276546195,35.698257521844134],[139.76104674257266,35.698255493203256],[139.761045952633,35.69827370038354]]]}},{"type":"Feature","properties":{"height":15.8,"gml_id":"bldg_4da59815-d737-4820-93d5-752f9a96744a"},"geometry":{"type":"Polygon","coordinates":[[[139.7594028496014,35.69474997096952],[139.75940280266627,35.694800826211015],[139.75940277805898,35.69482748870718],[139.75932443621707,35.69482744056814],[139.75932445180655,35.694810566939765],[139.75932450783532,35.69474992283061],[139.7594028496014,35.69474997096952]]]}},{"type":"Feature","properties":{"height":24.7,"gml_id":"bldg_85df48fa-a096-44db-a3e7-d62878f98357"},"geometry":{"type":"Polygon","coordinates":[[[139.75823499478264,35.69783607744301],[139.75816692453412,35.69795591704418],[139.7580180225783,35.6978996686788],[139.75802034486836,35.6978977772567],[139.75790690119138,35.6978548911953],[139.75793975212795,35.69779710697551],[139.75795438450882,35.6977713640242],[139.758009957523,35.697792337615404],[139.7580724454501,35.69781591144743],[139.7581242738923,35.697835466593645],[139.75814353277593,35.697801588048456],[139.75819136253241,35.69781962726936],[139.75823499478264,35.69783607744301]]]}},{"type":"Feature","properties":{"height":15.6,"gml_id":"bldg_68070d73-0d27-4be4-9744-bc3af5a32405"},"geometry":{"type":"Polygon","coordinates":[[[139.75673581346607,35.69756973369335],[139.75678866857174,35.69758981376388],[139.75676390820271,35.69763321696673],[139.75674738284408,35.697662167443376],[139.75667856617787,35.6976360740734],[139.7567197415404,35.69756363021007],[139.75673581346607,35.69756973369335]]]}},{"type":"Feature","properties":{"height":6.8,"gml_id":"bldg_89d81408-beff-4d50-8360-9b84920fb072"},"geometry":{"type":"Polygon","coordinates":[[[139.75991298039438,35.69912273520424],[139.75984718884172,35.699169295829556],[139.759767806364,35.69909452385919],[139.75983359790126,35.69904796327666],[139.75991298039438,35.69912273520424]]]}},{"type":"Feature","properties":{"height":16.2,"gml_id":"bldg_86247529-770c-45d4-a98f-506694ed7eda"},"geometry":{"type":"Polygon","coordinates":[[[139.75967598440084,35.69684170301125],[139.75975187691077,35.69687590230617],[139.75977226661357,35.696885090706814],[139.7597562223869,35.69690887704912],[139.75973576638873,35.696899679591574],[139.7596598738134,35.69686553436874],[139.75958667635854,35.69683260759755],[139.75960283120213,35.69680873120837],[139.75967598440084,35.69684170301125]]]}},{"type":"Feature","properties":{"height":8.1,"gml_id":"bldg_d32179fb-8f02-42fc-9105-d36af8df4392"},"geometry":{"type":"Polygon","coordinates":[[[139.7575145996182,35.69811459957824],[139.757482719824,35.6981732586186],[139.75743588351628,35.69815628335901],[139.75746787383872,35.69809762440056],[139.7575145996182,35.69811459957824]]]}},{"type":"Feature","properties":{"height":34.8,"gml_id":"bldg_a056909d-b534-4392-90a7-cc1286d7f115"},"geometry":{"type":"Polygon","coordinates":[[[139.76114367661248,35.69870631700328],[139.76115678150035,35.6987315181246],[139.7611710777518,35.698759009435804],[139.76119815903223,35.698811079725395],[139.76126216141841,35.69893417295201],[139.7611993767631,35.69895585833598],[139.76120114170956,35.6989592845956],[139.76111924527507,35.698987557405594],[139.7610940319013,35.69899626662689],[139.76109579790102,35.69899852110903],[139.7610579944197,35.69901156826623],[139.76103030658203,35.69895819059755],[139.76107043131518,35.69894433361043],[139.76104232419547,35.698890279665534],[139.76102941787113,35.698865466240335],[139.76100323021603,35.69881509102392],[139.76098383768343,35.698777798749454],[139.76098836870733,35.69876506512922],[139.7609895540959,35.69876172176276],[139.76099934732176,35.69873418181233],[139.7610500060474,35.698716680616634],[139.76113398033246,35.69868766186373],[139.76114367661248,35.69870631700328]]]}},{"type":"Feature","properties":{"height":12.7,"gml_id":"bldg_1372b284-7b08-420f-9aeb-65bde5c5cfe2"},"geometry":{"type":"Polygon","coordinates":[[[139.75902744218783,35.69549670473391],[139.75902705858843,35.69550523055068],[139.75907016236954,35.69550651996844],[139.7590686950114,35.69553984269144],[139.75906717098263,35.69557469770731],[139.75900326106253,35.69557281856659],[139.75897932798713,35.69557211964678],[139.7589808744212,35.69553697620766],[139.75898269200403,35.69549541518534],[139.75902744218783,35.69549670473391]]]}},{"type":"Feature","properties":{"height":3.4,"gml_id":"bldg_a63dc654-981e-4aad-81a2-97ff9ff88f97"},"geometry":{"type":"Polygon","coordinates":[[[139.75903218171095,35.69672455299167],[139.75906034905876,35.696735207433065],[139.7590116495965,35.69682134737445],[139.75898348222407,35.69681069382317],[139.75903218171095,35.69672455299167]]]}},{"type":"Feature","properties":{"height":6.1,"gml_id":"bldg_c2374a93-d83e-428c-97b5-b01eef71d5a1"},"geometry":{"type":"Polygon","coordinates":[[[139.75417545070778,35.69401221114249],[139.75409464998185,35.69404127222261],[139.7540847235197,35.69402296788473],[139.75416552423073,35.693993906811144],[139.75417545070778,35.69401221114249]]]}},{"type":"Feature","properties":{"height":5.3,"gml_id":"bldg_ef879fa3-c431-4481-8d34-f4a2d5a823e1"},"geometry":{"type":"Polygon","coordinates":[[[139.75342625393702,35.69881466231485],[139.7534204975044,35.69882502423588],[139.7534093323303,35.69882952366762],[139.75339761653532,35.69883212985795],[139.75338369313363,35.698832300884874],[139.75333045073285,35.69881279594211],[139.75334572760747,35.69878513406897],[139.75342625393702,35.69881466231485]]]}},{"type":"Feature","properties":{"height":18.6,"gml_id":"bldg_b986c35f-5a90-4584-b261-60ecd02b740d"},"geometry":{"type":"Polygon","coordinates":[[[139.7519223131446,35.699825810627026],[139.75194902264303,35.69983582486788],[139.75192400367231,35.6998803355656],[139.75192400193149,35.699882048165016],[139.7518741618354,35.699863383155225],[139.7518208312023,35.69984339976275],[139.7518325990223,35.69982244189401],[139.75183870989332,35.69981153856817],[139.751844831802,35.69980064606588],[139.75184662520772,35.699797447420906],[139.7519223131446,35.699825810627026]]]}},{"type":"Feature","properties":{"height":29.8,"gml_id":"bldg_f9664deb-7b19-4b96-b32c-cda1c57fde4d"},"geometry":{"type":"Polygon","coordinates":[[[139.7519486703553,35.699725777419964],[139.75200646273873,35.69974825064715],[139.7519555426947,35.69983546872845],[139.75189767289308,35.699813012550756],[139.7518529257177,35.6997956489484],[139.7518789393111,35.69975105781471],[139.751891835406,35.699728946951325],[139.7519038459397,35.699708340773235],[139.7519486703553,35.699725777419964]]]}},{"type":"Feature","properties":{"height":105.5,"gml_id":"bldg_cf610f6d-11e0-441a-8745-e4f38aebb9eb"},"geometry":{"type":"Polygon","coordinates":[[[139.75169218949435,35.699056850275035],[139.7516369698963,35.69903682856148],[139.75163368183377,35.69904285738891],[139.75144810705206,35.698975579311906],[139.7513365428979,35.698933679851635],[139.7510905465329,35.698844546921826],[139.7511977142178,35.69864767098911],[139.7517416232488,35.69884471958647],[139.75170387149038,35.69891401827264],[139.75175909103066,35.698934030040775],[139.75169218949435,35.699056850275035]]]}},{"type":"Feature","properties":{"height":86.2,"gml_id":"bldg_9e18d22c-18d0-43d1-9998-425bc632da4a"},"geometry":{"type":"Polygon","coordinates":[[[139.75187521722765,35.694229529148586],[139.7518366513577,35.694286731000496],[139.75180629661529,35.69433174287048],[139.75173163631376,35.694297639442595],[139.7517294784754,35.6943007558172],[139.75172423239994,35.69429833659037],[139.7515194796789,35.69460559166552],[139.75154404266183,35.69461668618835],[139.7515131011355,35.6946625448704],[139.75147281956657,35.69472223321501],[139.75144373709512,35.69476535297928],[139.7513702562253,35.69473381813361],[139.7513604737687,35.69474808015185],[139.75124865969158,35.694697067568534],[139.75122973430604,35.69472687196546],[139.75117828855045,35.69470409531359],[139.75099370034548,35.6946223862415],[139.75094142637568,35.69459924837379],[139.75097259956,35.69455405701035],[139.75092120718713,35.69453327231126],[139.7510256547101,35.69437609985387],[139.75099385049614,35.69435805972654],[139.75144109365272,35.69384914506701],[139.75145388321957,35.69385585094322],[139.75153331503176,35.693771158170364],[139.75172204235284,35.69387753971888],[139.7516967750829,35.69390718666108],[139.751814893737,35.69397286838759],[139.75173568487557,35.694087190415004],[139.751835471513,35.69413226159401],[139.7518299910187,35.69414304817903],[139.75183661762725,35.69414610830834],[139.75183289951988,35.694151477953945],[139.75190717649383,35.69418213873003],[139.75187521722765,35.694229529148586]]]}},{"type":"Feature","properties":{"height":22.6,"gml_id":"bldg_1a115ef6-93a5-4416-9bad-beceeadcb4a1"},"geometry":{"type":"Polygon","coordinates":[[[139.75235616953424,35.70000195130169],[139.75234748723227,35.69999871856054],[139.7523384956492,35.69999535941903],[139.75229773523046,35.69998018899095],[139.75236338272373,35.699862514410896],[139.75247991989957,35.69990585844459],[139.75246101178763,35.69993967411123],[139.7524141621294,35.70002344287645],[139.75237415273963,35.70000863442804],[139.75235616953424,35.70000195130169]]]}},{"type":"Feature","properties":{"height":7.9,"gml_id":"bldg_b6c72dde-acf6-4b0f-bd7c-d48b456f2237"},"geometry":{"type":"Polygon","coordinates":[[[139.76049109484822,35.695028075939966],[139.76048813091094,35.69506741892604],[139.76048516697074,35.695106761911774],[139.76040693887904,35.69510283865699],[139.7604099028567,35.695063496574576],[139.76041286683306,35.695024152689086],[139.76049109484822,35.695028075939966]]]}},{"type":"Feature","properties":{"height":12.2,"gml_id":"bldg_4bcb67cd-e391-4f58-b5b0-b2916c262d86"},"geometry":{"type":"Polygon","coordinates":[[[139.758524379422,35.69513205961707],[139.75842393828725,35.69513163660842],[139.7584263805086,35.6951195597769],[139.75842991640147,35.6951195619771],[139.7584375751393,35.69508270072981],[139.75843459265815,35.69508170736772],[139.75843880492857,35.69506737821337],[139.75846954424304,35.69506828968998],[139.75852295684237,35.69506987325114],[139.75852896769655,35.6950700482467],[139.758524379422,35.69513205961707]]]}},{"type":"Feature","properties":{"height":24.7,"gml_id":"bldg_5d32ad1a-a820-4b61-885d-3e334a10c8ab"},"geometry":{"type":"Polygon","coordinates":[[[139.7567244606713,35.69736641364697],[139.7566216989366,35.697328571822695],[139.7565469501402,35.697301041418754],[139.75658192857753,35.69723787774782],[139.756620037548,35.697251873262125],[139.75666632856567,35.69716822865348],[139.75669154396172,35.697122661569594],[139.75672875811762,35.697136377956944],[139.75676114515878,35.69714831466362],[139.7567930351343,35.69716007077169],[139.75683094523157,35.697174039051895],[139.7567244606713,35.69736641364697]]]}},{"type":"Feature","properties":{"height":8.8,"gml_id":"bldg_4f429700-a206-4306-829f-3f6473116d5e"},"geometry":{"type":"Polygon","coordinates":[[[139.75756679548485,35.696659398988906],[139.75758926332387,35.69666746235587],[139.75766357070162,35.696694136438424],[139.75764309247666,35.696732160444974],[139.7575687519285,35.69670547821673],[139.75754628408092,35.696697414845964],[139.75751606185736,35.69668656135627],[139.75753654013263,35.696648535568364],[139.75756679548485,35.696659398988906]]]}},{"type":"Feature","properties":{"height":20.5,"gml_id":"bldg_44573a10-8eba-4e78-8f1b-5746615cde8d"},"geometry":{"type":"Polygon","coordinates":[[[139.75767939553427,35.69875167369143],[139.75770752563434,35.69876723096838],[139.75768901765892,35.698789501179405],[139.75765849552357,35.698826221792956],[139.7576484394742,35.6988383208554],[139.75761491438666,35.69882539216863],[139.75760758804077,35.698802096186576],[139.75765890816433,35.6987403486332],[139.75767939553427,35.69875167369143]]]}},{"type":"Feature","properties":{"height":75.5,"gml_id":"bldg_26924488-8f57-4a54-b229-c038acf28aa6"},"geometry":{"type":"Polygon","coordinates":[[[139.7518141445631,35.69783604670858],[139.7514866732904,35.697785077418345],[139.75149100186755,35.69776642202205],[139.7514292419778,35.6977568264053],[139.75148551163517,35.69751610809813],[139.75150131063916,35.69751855343736],[139.7515060830406,35.69749809470186],[139.7517512437004,35.6975362087435],[139.75175723695378,35.69751043364918],[139.75194815079666,35.69754012778295],[139.7518810064602,35.69782707827925],[139.75181847306675,35.69781739130059],[139.7518141445631,35.69783604670858]]]}},{"type":"Feature","properties":{"height":30.8,"gml_id":"bldg_c0ce7e4e-c0f9-4e67-8ff0-6c4278a28fda"},"geometry":{"type":"Polygon","coordinates":[[[139.76245814967078,35.70002941530365],[139.7622544286443,35.70010050331331],[139.76223851389383,35.70006567403879],[139.76222428657056,35.700034550384544],[139.7621606939549,35.6998953495711],[139.76214216543087,35.699854813974],[139.76205293107344,35.699659506650434],[139.76204675492872,35.69964599958636],[139.76221388718648,35.69958769064919],[139.76221653637293,35.69959093714224],[139.76222254960035,35.69958883059025],[139.76223864381984,35.69958319842933],[139.76229358140134,35.69968787978711],[139.76227766401658,35.6996934588789],[139.7622815250635,35.69970085238248],[139.76217983077,35.69973630624456],[139.76226124442817,35.69989138977841],[139.76236636559997,35.699854675952615],[139.76245814967078,35.70002941530365]]]}},{"type":"Feature","properties":{"height":11.3,"gml_id":"bldg_ed36bffd-53f9-464e-999d-4db9388a2922"},"geometry":{"type":"Polygon","coordinates":[[[139.75574784016965,35.6997858736705],[139.75570023393934,35.69987859382322],[139.75565604725566,35.69986351155741],[139.75567174625422,35.69983294815984],[139.75568113466178,35.69981465643058],[139.75570365352718,35.69977079232334],[139.75574784016965,35.6997858736705]]]}},{"type":"Feature","properties":{"height":23.9,"gml_id":"bldg_5af3601b-6466-415a-b6e9-9fda3d3219c0"},"geometry":{"type":"Polygon","coordinates":[[[139.75642564164326,35.69493223657341],[139.75650524166699,35.69493392879592],[139.75650148133957,35.6950527268965],[139.7564218590977,35.695051035558635],[139.75638325236451,35.69505021768094],[139.75638712336354,35.69493141965483],[139.75642564164326,35.69493223657341]]]}},{"type":"Feature","properties":{"height":20.0,"gml_id":"bldg_ed67b594-2cd3-4426-8851-ab92d5a5ae1a"},"geometry":{"type":"Polygon","coordinates":[[[139.75739591461416,35.696362118874276],[139.75745294174342,35.6963632905606],[139.75745111763422,35.696422545428504],[139.7574503198428,35.6964481978957],[139.75736855259055,35.69644643372184],[139.75736981619707,35.69640734213294],[139.7573712849992,35.696361607581515],[139.75739591461416,35.696362118874276]]]}},{"type":"Feature","properties":{"height":25.8,"gml_id":"bldg_bfaef1a1-4f2e-4afc-acce-80ca8933a234"},"geometry":{"type":"Polygon","coordinates":[[[139.7575943509654,35.695341947832354],[139.75760716128414,35.69534970766894],[139.75760049402322,35.69550618121037],[139.75752204307017,35.695503969444026],[139.75752259681695,35.69549096213046],[139.75752320810201,35.695476702850925],[139.75752556866115,35.6954214684181],[139.75752824687876,35.69535866268133],[139.75752904905568,35.695340013852416],[139.7575943509654,35.695341947832354]]]}},{"type":"Feature","properties":{"height":20.9,"gml_id":"bldg_c57978d9-a021-4719-b6f9-51c8edebef2f"},"geometry":{"type":"Polygon","coordinates":[[[139.75072250166411,35.696666136594],[139.7507647068031,35.6966713934922],[139.7507922925776,35.69670917978055],[139.75078051309467,35.69677379987457],[139.75070438892092,35.69676446354256],[139.75072250166411,35.696666136594]]]}},{"type":"Feature","properties":{"height":14.1,"gml_id":"bldg_1e265aaa-37e9-4d23-bbed-7b80cb7a739e"},"geometry":{"type":"Polygon","coordinates":[[[139.75544000114334,35.69528559856807],[139.75546939236526,35.6952865910617],[139.75546659894525,35.695341212243385],[139.755437218753,35.695340219756176],[139.75544000114334,35.69528559856807]]]}},{"type":"Feature","properties":{"height":39.9,"gml_id":"bldg_d830fb69-805a-41bd-975b-0ae3100c33be"},"geometry":{"type":"Polygon","coordinates":[[[139.76135571040822,35.6978789060739],[139.76135442969561,35.697951466421785],[139.76128150013338,35.697950521421795],[139.76128289133146,35.69787805127776],[139.76135571040822,35.6978789060739]]]}},{"type":"Feature","properties":{"height":4.4,"gml_id":"bldg_8a55073b-1a6f-45a1-a75d-52d6cb023ad0"},"geometry":{"type":"Polygon","coordinates":[[[139.757103213306,35.69636424137866],[139.75710230590047,35.69638884818593],[139.75702363275792,35.696386995600236],[139.75702386131132,35.69637906369529],[139.7570040825307,35.696378599569435],[139.7570047614102,35.696361925569214],[139.757103213306,35.69636424137866]]]}},{"type":"Feature","properties":{"height":5.7,"gml_id":"bldg_80a4fa5a-e97e-4221-b6c6-3722f05ac408"},"geometry":{"type":"Polygon","coordinates":[[[139.75961444023898,35.699562871435944],[139.7595787266741,35.69958583356275],[139.7595632709741,35.6995698707647],[139.75959898453712,35.69954690774103],[139.75961444023898,35.699562871435944]]]}},{"type":"Feature","properties":{"height":9.7,"gml_id":"bldg_8c436a27-42d6-4a7f-be85-92e483013903"},"geometry":{"type":"Polygon","coordinates":[[[139.76112993533755,35.69496184960472],[139.76112744737915,35.69502512425368],[139.76102579293317,35.69502244926444],[139.76102817039396,35.69495926468817],[139.76112993533755,35.69496184960472]]]}},{"type":"Feature","properties":{"height":8.2,"gml_id":"bldg_ac8abbb8-3790-46c9-989e-a3818d9b025f"},"geometry":{"type":"Polygon","coordinates":[[[139.75584559243205,35.69604966273167],[139.75584200923214,35.69613278470507],[139.75583780439302,35.6962302650902],[139.75578297668207,35.69622869655186],[139.75578718158695,35.69613121707007],[139.75579076485238,35.69604808608465],[139.75584559243205,35.69604966273167]]]}},{"type":"Feature","properties":{"height":5.1,"gml_id":"bldg_9af4c7ee-a3e7-4dbc-a376-12c80e2b3842"},"geometry":{"type":"Polygon","coordinates":[[[139.75249660457598,35.69848387016034],[139.75247447677884,35.698620592966854],[139.7524092879267,35.69861360861894],[139.75243141583312,35.698476885824405],[139.75249660457598,35.69848387016034]]]}},{"type":"Feature","properties":{"height":41.4,"gml_id":"bldg_54ca0b83-41ff-4628-b319-474e9c024b01"},"geometry":{"type":"Polygon","coordinates":[[[139.75068545340392,35.6948757212316],[139.75082759686995,35.694939185012615],[139.75087000799482,35.69495814283196],[139.75088061082556,35.694962837216],[139.75088591047867,35.69496689700848],[139.7508920941038,35.69497095740608],[139.75089838535044,35.69497781212242],[139.750969149559,35.695072351121205],[139.75103278562733,35.69515736674255],[139.75103565205876,35.69516367828831],[139.75103586582895,35.6951707091161],[139.75103431304092,35.695176386681965],[139.7510311005792,35.695184226399775],[139.751027007755,35.695188550174734],[139.75101761164203,35.69519233040297],[139.7510072239311,35.69519331390432],[139.750930185186,35.6951829305982],[139.75081085417077,35.69516684143304],[139.75074980213412,35.69515861513033],[139.7507246125143,35.695155083407336],[139.75071588671813,35.69515174054936],[139.75070616617094,35.695148670122904],[139.75069114550516,35.69514198967799],[139.7506770109543,35.695133236689934],[139.75066442642918,35.695121510245535],[139.7506562596327,35.695111859983726],[139.75064732001323,35.6951015782319],[139.75064081364732,35.69508904472729],[139.75063299360824,35.69506461224308],[139.7506252723387,35.69503013857039],[139.75062056473763,35.6950091685809],[139.75060998807157,35.694979146611445],[139.7506085661392,35.694965084270635],[139.75060781453942,35.69494390157164],[139.75060784153428,35.69491776187553],[139.7506090686297,35.69490649560037],[139.7506140499004,35.69489784587643],[139.75061726090215,35.69489144835956],[139.75062478144457,35.69488487443113],[139.75063417968022,35.69487902108501],[139.75064180708847,35.6948759616685],[139.75064866018474,35.69487371295219],[139.750659932574,35.69487200809231],[139.75067120356755,35.69487165528466],[139.75068512210103,35.694875540730244],[139.75068545340392,35.6948757212316]]]}},{"type":"Feature","properties":{"height":17.5,"gml_id":"bldg_9efe0b74-097a-4b87-9f81-13cc5138d873"},"geometry":{"type":"Polygon","coordinates":[[[139.75538028146963,35.69629211007931],[139.7553746025571,35.696302742559396],[139.7553605768926,35.69632896332179],[139.75533700466272,35.69632061939853],[139.75530346893407,35.69630873564495],[139.75532306312192,35.69627179220323],[139.75538028146963,35.69629211007931]]]}},{"type":"Feature","properties":{"height":17.1,"gml_id":"bldg_2132f0f6-d8ee-464a-af1f-da1424dc37d9"},"geometry":{"type":"Polygon","coordinates":[[[139.7564325595344,35.6982461440191],[139.75638895487413,35.69831615342787],[139.75630401337094,35.69828094480974],[139.7563475075844,35.69821093626212],[139.7564325595344,35.6982461440191]]]}},{"type":"Feature","properties":{"height":8.5,"gml_id":"bldg_f5af5750-00ea-401c-a405-aa422659b0f8"},"geometry":{"type":"Polygon","coordinates":[[[139.75746034477035,35.69687695943182],[139.75749680792765,35.69689027670374],[139.75754270445373,35.69690705304987],[139.7575300192555,35.69693029137463],[139.75751569582948,35.69695652121193],[139.75746963361743,35.69693965461429],[139.75743323675195,35.696926326559606],[139.75739683989687,35.69691300029663],[139.75742384849428,35.696863622297826],[139.75746034477035,35.69687695943182]]]}},{"type":"Feature","properties":{"height":39.4,"gml_id":"bldg_b324da46-fe32-4ffa-8125-7115d738e6a5"},"geometry":{"type":"Polygon","coordinates":[[[139.7574923649392,35.695222362030755],[139.7573749768155,35.695218421141405],[139.75733944217816,35.69521720890619],[139.75734438459844,35.69512063929982],[139.75734642233775,35.695080845123016],[139.75738509494968,35.69508213144552],[139.75738712063531,35.69504337383508],[139.75734513331682,35.69504190514698],[139.75734963756685,35.69495294281967],[139.75750565364723,35.69495817900301],[139.7574923649392,35.695222362030755]]]}},{"type":"Feature","properties":{"height":13.9,"gml_id":"bldg_6fff263b-a226-46ea-8aea-a054410a04aa"},"geometry":{"type":"Polygon","coordinates":[[[139.7583414116357,35.69929427937151],[139.7583240228364,35.69931329643389],[139.75830663403812,35.69933230357864],[139.75830198820512,35.69933734924986],[139.7582402524812,35.699299813807734],[139.7582797422194,35.69925675300436],[139.7583414116357,35.69929427937151]]]}},{"type":"Feature","properties":{"height":14.6,"gml_id":"bldg_905476fb-b9b3-4935-a96c-20ef58b286ec"},"geometry":{"type":"Polygon","coordinates":[[[139.7565509547958,35.69552106496566],[139.7565503390077,35.69554099385082],[139.75654960908446,35.695564717428375],[139.7565486508315,35.69559609258513],[139.75654850257018,35.695600906704584],[139.75647565310305,35.69559939098227],[139.7564775006188,35.69553950517777],[139.7564781054099,35.69551954023119],[139.7565509547958,35.69552106496566]]]}},{"type":"Feature","properties":{"height":9.3,"gml_id":"bldg_862c19ef-9f85-4e7a-8095-6f08cb8af149"},"geometry":{"type":"Polygon","coordinates":[[[139.75876179652593,35.695531513599555],[139.7587615669724,35.69554070742562],[139.7587801302559,35.69554098933462],[139.7587788725041,35.69558641757507],[139.75876173333972,35.695599386678715],[139.758725380144,35.69559891256707],[139.7587256473585,35.69558487931205],[139.7587266589135,35.69553095100578],[139.75876179652593,35.695531513599555]]]}},{"type":"Feature","properties":{"height":35.7,"gml_id":"bldg_ab8cfc4a-727d-4741-8ee2-a9a552e63c6d"},"geometry":{"type":"Polygon","coordinates":[[[139.75661241869827,35.69965702732375],[139.75660215483705,35.69967814886624],[139.75659981861358,35.699682960686395],[139.75657976698548,35.69972421256596],[139.75654565216306,35.69971532133935],[139.75644034698914,35.69968788856038],[139.75647259200616,35.69963006831787],[139.75648410412768,35.69960941629501],[139.756510747993,35.699561651741455],[139.75663815707887,35.69960853205648],[139.75679121607803,35.69966485686705],[139.75679043187577,35.699676033341554],[139.75677804512213,35.69968693202685],[139.75662018026793,35.69964104198784],[139.75661241869827,35.69965702732375]]]}},{"type":"Feature","properties":{"height":22.0,"gml_id":"bldg_15217da2-d566-485d-8798-34507567e3aa"},"geometry":{"type":"Polygon","coordinates":[[[139.76094520828653,35.69615902770067],[139.76091934449755,35.69619146144162],[139.7609087135559,35.696204805227474],[139.76089397848293,35.696223283446585],[139.7608829271766,35.696237138954906],[139.76083289213312,35.6962143041858],[139.76084649809013,35.6961980877313],[139.76082948945293,35.6961891539315],[139.76083470000916,35.69618242384067],[139.7608516370672,35.6961605578058],[139.7608543916913,35.69615699905541],[139.76087539982964,35.69612987056978],[139.76088909433184,35.69613790190075],[139.76090446774407,35.69612222732476],[139.76094520828653,35.69615902770067]]]}},{"type":"Feature","properties":{"height":18.6,"gml_id":"bldg_0e549440-682b-4c9c-a125-901772290c4f"},"geometry":{"type":"Polygon","coordinates":[[[139.7551876273419,35.698047942443075],[139.75523280375185,35.698066810375444],[139.755195064358,35.69812690719792],[139.75513030408436,35.698099887167864],[139.7551002932407,35.698087365678674],[139.7551323884059,35.698036224827185],[139.7551417956048,35.698021232157366],[139.75515405616162,35.69802637792436],[139.7552026413004,35.69794916214183],[139.75523986486868,35.697964689844206],[139.7551876273419,35.698047942443075]]]}},{"type":"Feature","properties":{"height":35.3,"gml_id":"bldg_c7b1cfae-9aa8-4826-b630-4bd05c005cf3"},"geometry":{"type":"Polygon","coordinates":[[[139.75273717569962,35.6994625584326],[139.75261425808017,35.69950087257778],[139.75260121366094,35.69947303857485],[139.75257610622205,35.699419454286115],[139.75249625078996,35.6993927742503],[139.75243435706219,35.699372100336944],[139.75239306513657,35.69935830867685],[139.75240225542328,35.69933992693224],[139.75239330773022,35.699336946398915],[139.75247190452578,35.69919827855916],[139.75246815554843,35.699190253857985],[139.75259173586633,35.699151848364636],[139.75273717569962,35.6994625584326]]]}},{"type":"Feature","properties":{"height":18.7,"gml_id":"bldg_7711032c-959c-45b6-ac6c-0450a1511551"},"geometry":{"type":"Polygon","coordinates":[[[139.75935077356107,35.6949046139902],[139.7593496568535,35.694929292801724],[139.75934705133946,35.69498672556532],[139.75933285293354,35.69498629409565],[139.75930920733953,35.694985575588056],[139.7592862799463,35.69498488636141],[139.75928780274322,35.694951248187415],[139.75928888550467,35.69492745269782],[139.75929000223093,35.69490277388687],[139.75935077356107,35.6949046139902]]]}},{"type":"Feature","properties":{"height":51.5,"gml_id":"bldg_ba744731-0441-4999-b155-9089b9454e8e"},"geometry":{"type":"Polygon","coordinates":[[[139.76078288620639,35.69198679624374],[139.7605589485606,35.69197761132165],[139.76056152877538,35.691934797807086],[139.7605368899015,35.69193379140331],[139.76053834756277,35.691910392719805],[139.76054052294657,35.69187535778351],[139.76054136401285,35.6918617385914],[139.7605416556667,35.69185692455057],[139.76056631661467,35.69185793186808],[139.76056937637478,35.69181023321693],[139.7607944619863,35.69182017596216],[139.76079065603062,35.69187453529368],[139.76084380064128,35.69187691988252],[139.76083829060948,35.69195849054891],[139.76078460455713,35.69195607859022],[139.76078288620639,35.69198679624374]]]}},{"type":"Feature","properties":{"height":6.7,"gml_id":"bldg_17ea7271-2985-4097-b99b-21457dadc5ab"},"geometry":{"type":"Polygon","coordinates":[[[139.75343006417452,35.69920441674768],[139.75337737258673,35.69918635438251],[139.7533897755595,35.69915959196538],[139.7534242411881,35.69917070168715],[139.75343780976385,35.69919396601026],[139.75343006417452,35.69920441674768]]]}},{"type":"Feature","properties":{"height":8.6,"gml_id":"bldg_dba4e36d-10d2-485f-8f1b-6defb3a270c9"},"geometry":{"type":"Polygon","coordinates":[[[139.75655880604185,35.69865057873215],[139.75652582118252,35.69870833543955],[139.75633881025803,35.698637188093635],[139.75637190572328,35.698579432408955],[139.75655880604185,35.69865057873215]]]}},{"type":"Feature","properties":{"height":31.3,"gml_id":"bldg_f716f700-c411-42ce-b0f5-414d88cf9edd"},"geometry":{"type":"Polygon","coordinates":[[[139.75931608801375,35.695730518418124],[139.75931405766372,35.6957753143279],[139.7593353831096,35.69577595839746],[139.7593328999526,35.69583247273244],[139.75931147505216,35.695831819587575],[139.75923920054106,35.69582962085038],[139.75924371407203,35.69572839984439],[139.75931608801375,35.695730518418124]]]}},{"type":"Feature","properties":{"height":18.9,"gml_id":"bldg_f8cf3eeb-f4a6-446d-9639-59d51b2f5a33"},"geometry":{"type":"Polygon","coordinates":[[[139.75604512162272,35.6952907568478],[139.75604460776694,35.69530798168816],[139.75604428826972,35.69531845539607],[139.7560423822039,35.695381432855505],[139.7559960848284,35.695380501751096],[139.7559979909306,35.695317524292406],[139.7559982993842,35.69530705057755],[139.7559988242996,35.69528982574449],[139.75604512162272,35.6952907568478]]]}},{"type":"Feature","properties":{"height":79.0,"gml_id":"bldg_e48da647-0373-4f61-a341-b18c070437f2"},"geometry":{"type":"Polygon","coordinates":[[[139.7535837658132,35.69610409656418],[139.75363136583817,35.69610665282514],[139.75361919335222,35.69625767820587],[139.7532238075051,35.69623647692146],[139.7531540537043,35.69623273486675],[139.7531619305247,35.696135076749165],[139.75316798361257,35.69605999671648],[139.75335561022982,35.6960700636241],[139.75335318238217,35.69610014971885],[139.7534211240089,35.69610379130458],[139.75343400171948,35.695944005098355],[139.75361400415545,35.69595366092635],[139.75361012197746,35.69600179057649],[139.75360273790037,35.6960934288066],[139.7535847055809,35.69609246141024],[139.7535837658132,35.69610409656418]]]}},{"type":"Feature","properties":{"height":13.0,"gml_id":"bldg_daac6977-9518-4582-b907-c6c1b740f6e7"},"geometry":{"type":"Polygon","coordinates":[[[139.75754875453,35.696702409986976],[139.75756576531373,35.69670880238946],[139.75764176154993,35.69673738754976],[139.7576206210759,35.696774600804815],[139.75751270201386,35.69673397126277],[139.75753373202846,35.69669675795688],[139.75754875453,35.696702409986976]]]}},{"type":"Feature","properties":{"height":5.6,"gml_id":"bldg_7b7e65e5-ee51-4dca-a6f9-92d1c1965d7c"},"geometry":{"type":"Polygon","coordinates":[[[139.75492884241072,35.6936372206276],[139.75492576431373,35.69363241432231],[139.75492171852653,35.69363413330323],[139.75491159064404,35.69361827161286],[139.75489811574195,35.69362399644655],[139.7548174899424,35.69349779629514],[139.75483478953296,35.693490443386615],[139.75485997066255,35.69347973440594],[139.75486578480002,35.6934888411287],[139.75487908281914,35.69348318919415],[139.7549640224355,35.69361614156939],[139.75494303076624,35.6936250703905],[139.7549460978057,35.693629885701874],[139.75492884241072,35.6936372206276]]]}},{"type":"Feature","properties":{"height":7.7,"gml_id":"bldg_7d0272dc-3d92-495c-a596-8860671a3d83"},"geometry":{"type":"Polygon","coordinates":[[[139.75857907027668,35.696676680162916],[139.75857155434278,35.6966906737599],[139.7585627433233,35.69670707320791],[139.7585535006225,35.69672425657829],[139.75847805499964,35.6966973488826],[139.7585045085117,35.696649953306334],[139.75857907027668,35.696676680162916]]]}},{"type":"Feature","properties":{"height":11.2,"gml_id":"bldg_84b1424d-ae3b-4de2-8a9e-93a801f01b58"},"geometry":{"type":"Polygon","coordinates":[[[139.75296742137894,35.69862335678066],[139.75296653393028,35.6986267813901],[139.75296454182856,35.69862984471444],[139.75296177693988,35.69863218642762],[139.75295846026725,35.69863380667716],[139.75295525500053,35.698634525632066],[139.7529518292735,35.69863470361833],[139.75294807276578,35.698634160288435],[139.75294442766426,35.69863271566389],[139.75294122538304,35.69863046010294],[139.7529390183391,35.69862748411145],[139.7529379165815,35.69862423844745],[139.75293791974815,35.6986210836583],[139.75293537694768,35.69862234387649],[139.75292996083743,35.698623872586104],[139.75292377248357,35.69862413886314],[139.75291747507617,35.698622962876684],[139.75291195262733,35.69862034521737],[139.75290753618907,35.698616736790925],[139.75290477772566,35.69861267878766],[139.75290444721693,35.698611687060996],[139.7529040037629,35.69861312895499],[139.75290123724372,35.69861709312978],[139.75289736634326,35.6986204256083],[139.75289217005852,35.698623126242715],[139.75288586975452,35.69862483463328],[139.75287890798066,35.698625010254204],[139.75287227934112,35.698623563633326],[139.75286653607188,35.69862076555053],[139.75286223013714,35.698617157196296],[139.75285947158542,35.69861318932884],[139.75285781841075,35.69860886165273],[139.7528574919781,35.698603813768464],[139.7528589338402,35.698598496655684],[139.75286214336273,35.69859354127217],[139.75286700940916,35.69858957940313],[139.752872868702,35.69858687831156],[139.7528788370463,35.698585620384264],[139.75288436211724,35.69858562407695],[139.75288977560038,35.69858670933755],[139.75289529840916,35.6985889655492],[139.75290026735158,35.69859257524664],[139.75290390901094,35.69859744507219],[139.75290457002734,35.69859942942689],[139.7529071156343,35.69859537406614],[139.7529115395833,35.69859150113543],[139.75291706727913,35.69858889085845],[139.7529230356229,35.69858763292898],[139.7529287816968,35.69858763676726],[139.75293375317497,35.6985887217306],[139.75293828174284,35.698590707766904],[139.75294258822245,35.69859377529742],[139.75294600951483,35.69859801401628],[139.75294788306365,35.69860297279659],[139.75294798822767,35.69860829094355],[139.75294676945495,35.69861153505783],[139.75295008531276,35.6986107260401],[139.7529542845489,35.6986105485704],[139.75295826169668,35.69861145259502],[139.7529615752931,35.6986128969978],[139.75296400433533,35.69861488163126],[139.75296588059902,35.6986171363063],[139.75296709313048,35.698620111633325],[139.75296742137894,35.69862335678066]]]}},{"type":"Feature","properties":{"height":7.4,"gml_id":"bldg_c2d5eba3-d64f-43d8-b726-9d2881c524eb"},"geometry":{"type":"Polygon","coordinates":[[[139.7592668626752,35.69472525294658],[139.75926602159302,35.694750571900016],[139.75926366885503,35.69482137303077],[139.75922753730094,35.694820575615644],[139.75922989007168,35.69474977358425],[139.75923072011398,35.694724456427004],[139.7592668626752,35.69472525294658]]]}},{"type":"Feature","properties":{"height":8.9,"gml_id":"bldg_421928a6-2573-4912-adea-57d713ef53ef"},"geometry":{"type":"Polygon","coordinates":[[[139.76125393664282,35.69669091269147],[139.7612946616549,35.69670862193532],[139.76127825204475,35.69673376933043],[139.7612617981598,35.69675898880622],[139.76122100688684,35.696741216415845],[139.7611567548661,35.69671322644683],[139.7611731865937,35.69668809710886],[139.76118961832725,35.69666294974117],[139.76125393664282,35.69669091269147]]]}},{"type":"Feature","properties":{"height":30.6,"gml_id":"bldg_9181e281-b756-4949-8bd2-8be6de6db585"},"geometry":{"type":"Polygon","coordinates":[[[139.75193507464786,35.69663068343127],[139.75195968978005,35.696634620128236],[139.7519445981446,35.69669740831904],[139.75195634227262,35.696699282093164],[139.75194989504695,35.69672609256727],[139.75193815091424,35.69672421969387],[139.75182936033613,35.696706812753476],[139.75166414723145,35.696680380797055],[139.75172574567623,35.696424668065674],[139.75173717522958,35.69637734491385],[139.7517457212614,35.69637292498331],[139.75185451137702,35.69639032298595],[139.75185260269936,35.69639828979828],[139.75185185924263,35.69640135395053],[139.75198135346554,35.69642207387625],[139.75197275349893,35.69645784340971],[139.75195659019025,35.696455254568036],[139.75195511435172,35.69646136485386],[139.75201784524396,35.696471403430515],[139.7520113758835,35.696498286904884],[139.75200204026729,35.69649679333848],[139.75199774581506,35.69651467360271],[139.75201480403817,35.69651739824877],[139.75200479479508,35.69655902573196],[139.75198918388614,35.696567388904135],[139.75198521762607,35.69656675526543],[139.75195173091163,35.69656139742657],[139.75193507464786,35.69663068343127]]]}},{"type":"Feature","properties":{"height":15.4,"gml_id":"bldg_62abbfab-a885-43ec-af75-4dc384a3ef8d"},"geometry":{"type":"Polygon","coordinates":[[[139.75603875643975,35.698852531136595],[139.7559960523381,35.698927596752014],[139.75597578263967,35.6989199220917],[139.75594910617022,35.69890982764075],[139.75599186564426,35.69883467194046],[139.75599237376963,35.6988348615544],[139.75603875643975,35.698852531136595]]]}},{"type":"Feature","properties":{"height":23.1,"gml_id":"bldg_d7006b13-2a2d-4095-801e-9b671494fa40"},"geometry":{"type":"Polygon","coordinates":[[[139.75033125718505,35.699077200868324],[139.75037340316877,35.69909809661112],[139.75041553811496,35.69911900134519],[139.7503873210291,35.69915667714962],[139.75036762439115,35.69918296641945],[139.75033808020348,35.699168315935275],[139.75032556672966,35.69916210588918],[139.75028351019415,35.69914124624633],[139.75027462927565,35.69913684143879],[139.75032254304506,35.69907287730247],[139.75033125718505,35.699077200868324]]]}},{"type":"Feature","properties":{"height":32.5,"gml_id":"bldg_427fa386-1958-4fab-9b3d-892d273de8bb"},"geometry":{"type":"Polygon","coordinates":[[[139.76000569324933,35.69803483934847],[139.75996232397452,35.69809268081572],[139.7599117377633,35.69806741163782],[139.7599551070609,35.69800957018859],[139.76000569324933,35.69803483934847]]]}},{"type":"Feature","properties":{"height":38.0,"gml_id":"bldg_6ec04379-b90f-42d3-8cc2-48859dafd643"},"geometry":{"type":"Polygon","coordinates":[[[139.75526800047137,35.69710083593515],[139.75506353940796,35.6970257092496],[139.75508910982145,35.69697957577042],[139.75496130809796,35.69693262143324],[139.7550254006905,35.69681647665303],[139.75515021993593,35.69686225720596],[139.75517767215996,35.696812609588896],[139.75546210555677,35.69691717157852],[139.75543786355962,35.69696105257417],[139.75546393207762,35.69697062485523],[139.75543814035825,35.69701729909252],[139.75533508141203,35.696979374852795],[139.75526800047137,35.69710083593515]]]}},{"type":"Feature","properties":{"height":8.6,"gml_id":"bldg_8c3605bd-6dbd-4a92-9cf3-4e13361b6633"},"geometry":{"type":"Polygon","coordinates":[[[139.76010403493336,35.69576691899831],[139.7601005061155,35.69585583694333],[139.76001630878676,35.695853713443356],[139.7600197161771,35.69576476658305],[139.76010403493336,35.69576691899831]]]}},{"type":"Feature","properties":{"height":14.8,"gml_id":"bldg_228f226d-b4b1-4aa6-9a15-2458e2f03cad"},"geometry":{"type":"Polygon","coordinates":[[[139.76067204105203,35.69515321426184],[139.76068738479123,35.695170097159604],[139.76069070878535,35.695257550034235],[139.7606838025771,35.695257717126665],[139.76068273322065,35.69527936737644],[139.7606693966318,35.695278935683156],[139.76058599603684,35.69527619021638],[139.76059534596973,35.695164588295356],[139.76059657478285,35.695149887701206],[139.76067204105203,35.69515321426184]]]}},{"type":"Feature","properties":{"height":10.6,"gml_id":"bldg_e9f0ae1b-6e6c-40e2-afe7-3bf0fec810d2"},"geometry":{"type":"Polygon","coordinates":[[[139.75544518827402,35.6974965616336],[139.75543007968977,35.69752261043794],[139.7554149711132,35.6975486412129],[139.7553295866576,35.697515685940864],[139.75534469526443,35.69748964616283],[139.7553598038614,35.69746360638278],[139.75544518827402,35.6974965616336]]]}},{"type":"Feature","properties":{"height":35.6,"gml_id":"bldg_778adc65-6a43-4fa7-9794-2dd36ed3011d"},"geometry":{"type":"Polygon","coordinates":[[[139.75420490138873,35.698460334772975],[139.75426904662365,35.698483515063494],[139.75423139661024,35.698552877710675],[139.75420007875738,35.6986105627666],[139.75416585758538,35.69859821855137],[139.75415771652513,35.698595283747785],[139.75410448483964,35.698576085619095],[139.7540656463893,35.698562070803604],[139.75413461451592,35.69843493303987],[139.75420490138873,35.698460334772975]]]}},{"type":"Feature","properties":{"height":17.0,"gml_id":"bldg_25522d90-99a9-489a-8a30-8ca377186cd2"},"geometry":{"type":"Polygon","coordinates":[[[139.76067244866317,35.69528856415154],[139.76069008345186,35.69528914265746],[139.76069257232209,35.695347102217085],[139.76063986673933,35.69534544793593],[139.76064185976935,35.69530441880069],[139.7606426816762,35.695287581715014],[139.76067244866317,35.69528856415154]]]}},{"type":"Feature","properties":{"height":7.7,"gml_id":"bldg_8f0e5114-9476-46e6-a79f-d9713c0c74b7"},"geometry":{"type":"Polygon","coordinates":[[[139.75919151648878,35.696729608765125],[139.7591579932608,35.69677501712349],[139.75904886988204,35.69672149863565],[139.7590813982424,35.69667654037827],[139.75919151648878,35.696729608765125]]]}},{"type":"Feature","properties":{"height":15.6,"gml_id":"bldg_1e8a629e-0327-488b-bd1a-af1020a8d160"},"geometry":{"type":"Polygon","coordinates":[[[139.75410526282405,35.6919131451352],[139.75411422240887,35.69190332609902],[139.75414812311345,35.69192398977476],[139.75417743517116,35.69189201041877],[139.7542871985055,35.69195887405502],[139.75422691515055,35.69202472459899],[139.7541423288694,35.691973200762234],[139.75413989527664,35.69197599340814],[139.75408070697966,35.69193998979609],[139.75410526282405,35.6919131451352]]]}},{"type":"Feature","properties":{"height":7.3,"gml_id":"bldg_6c66a690-7ce6-4823-a44b-e34c4428747f"},"geometry":{"type":"Polygon","coordinates":[[[139.7584624503068,35.695139277139845],[139.7584995098403,35.695140426895655],[139.7584971404845,35.69519279499014],[139.7584600146288,35.69519164519234],[139.75842288877413,35.69519049538311],[139.75842536867506,35.695138127358895],[139.7584624503068,35.695139277139845]]]}},{"type":"Feature","properties":{"height":7.2,"gml_id":"bldg_8f3ca298-0ab2-49e7-becf-f0c5687be94d"},"geometry":{"type":"Polygon","coordinates":[[[139.7574415832071,35.69925478529543],[139.75740149717282,35.69922699785431],[139.75740846514174,35.69922033211987],[139.75739156538256,35.69921284009753],[139.75737552793197,35.699228243386386],[139.7573457450064,35.69920761929653],[139.75732627623253,35.6991941405539],[139.7573829050219,35.69913973361719],[139.7574023847996,35.699153257426175],[139.75743216767685,35.699173926570616],[139.75744463518103,35.69918258757263],[139.75746211041906,35.69916583312735],[139.7575039632854,35.699194883578016],[139.7574415832071,35.69925478529543]]]}},{"type":"Feature","properties":{"height":24.6,"gml_id":"bldg_dcacb4fd-46e8-45a5-a167-71415c4133e9"},"geometry":{"type":"Polygon","coordinates":[[[139.76101564763948,35.696223788358004],[139.76096366560952,35.69627675763549],[139.76088833702315,35.696242189879115],[139.76094929068842,35.69616570028878],[139.76101564763948,35.696223788358004]]]}},{"type":"Feature","properties":{"height":9.3,"gml_id":"bldg_229b3bc3-e020-4897-a19e-81b9d9403ada"},"geometry":{"type":"Polygon","coordinates":[[[139.75938083780005,35.69573245018815],[139.759376640202,35.695826775917524],[139.75937588438018,35.69584354993765],[139.7593443933901,35.695842620203024],[139.75934514921852,35.695825846183105],[139.7593493468461,35.69573152856717],[139.75938083780005,35.69573245018815]]]}},{"type":"Feature","properties":{"height":30.5,"gml_id":"bldg_7285da52-fe49-40bf-a312-daacb3831b77"},"geometry":{"type":"Polygon","coordinates":[[[139.75695221307706,35.69665826155541],[139.756935417607,35.696657891250844],[139.75693918166897,35.696534586324105],[139.7570006177738,35.696535797077495],[139.7569984172125,35.69660708497763],[139.75699753947686,35.69663530629263],[139.7569566666982,35.69663454124373],[139.75695289875998,35.696634466743426],[139.75695221307706,35.69665826155541]]]}},{"type":"Feature","properties":{"height":5.9,"gml_id":"bldg_e8e7a42a-9bf8-4883-b6ba-3506f7e68846"},"geometry":{"type":"Polygon","coordinates":[[[139.7605629515738,35.697167889147956],[139.7604337014275,35.69721516888104],[139.7603852281865,35.69712701264886],[139.76045612615363,35.69710107813176],[139.76044760969998,35.69708557843867],[139.76050596176452,35.69706422426431],[139.7605629515738,35.697167889147956]]]}},{"type":"Feature","properties":{"height":9.3,"gml_id":"bldg_a3bb808b-f739-4d95-97c8-15d9a13c8d3c"},"geometry":{"type":"Polygon","coordinates":[[[139.75679625772125,35.69635476159856],[139.75679342101748,35.696432458729525],[139.75675463692033,35.69643153269363],[139.75675747366174,35.696353835563606],[139.75679625772125,35.69635476159856]]]}},{"type":"Feature","properties":{"height":14.6,"gml_id":"bldg_4cad8878-2d54-407f-b688-90987f2dfb05"},"geometry":{"type":"Polygon","coordinates":[[[139.76185579039458,35.69379382831955],[139.76178629933307,35.69379475240514],[139.76178544248503,35.693752026069724],[139.7617831331201,35.69375205173823],[139.76178189527766,35.69369053341986],[139.76185370666138,35.69368958367342],[139.76185579039458,35.69379382831955]]]}},{"type":"Feature","properties":{"height":9.2,"gml_id":"bldg_e25a8e07-a04a-4938-b9ae-90cd07163cff"},"geometry":{"type":"Polygon","coordinates":[[[139.75717600417687,35.697555446867355],[139.757162886842,35.697579712438184],[139.75714589518896,35.69761113242619],[139.7570694332147,35.697583583236046],[139.75704323157515,35.69757414732579],[139.75696694641144,35.69754666127831],[139.7569970555853,35.69749088562688],[139.75717600417687,35.697555446867355]]]}},{"type":"Feature","properties":{"height":25.9,"gml_id":"bldg_bdbe2645-5905-47da-981a-fc43933978f6"},"geometry":{"type":"Polygon","coordinates":[[[139.75573677042567,35.69893910261679],[139.75584178239393,35.69897136716249],[139.7558016857521,35.69906941027886],[139.7557446283519,35.699051895972204],[139.75570455010097,35.69903959258666],[139.75566691323013,35.69902804070193],[139.7556805668129,35.698998466583525],[139.7557115392837,35.69893135260408],[139.75573677042567,35.69893910261679]]]}},{"type":"Feature","properties":{"height":12.1,"gml_id":"bldg_59df03ed-f181-4a20-97c5-f786384fd099"},"geometry":{"type":"Polygon","coordinates":[[[139.75986112466785,35.69542123101045],[139.75985972100764,35.69546979594011],[139.7598590153552,35.6954922215814],[139.75985839954697,35.69551306988089],[139.7598578181443,35.69553254811975],[139.7598076533144,35.695531525983625],[139.7598100686273,35.69545224300197],[139.75981095982485,35.69542029901264],[139.75986112466785,35.69542123101045]]]}},{"type":"Feature","properties":{"height":15.1,"gml_id":"bldg_5fe90b6e-6ead-4045-96e5-c2f03ded95fb"},"geometry":{"type":"Polygon","coordinates":[[[139.75843408927966,35.69691995973802],[139.7584270272123,35.69693302519749],[139.75839018925254,35.69700123591866],[139.75836829452265,35.69704180192744],[139.75836678913382,35.6970445772071],[139.7582986342821,35.69701974708968],[139.75836338535564,35.69690333143206],[139.75837930034945,35.696900005375326],[139.75843408927966,35.69691995973802]]]}},{"type":"Feature","properties":{"height":58.1,"gml_id":"bldg_adc1698b-bf5a-47de-b935-cb216dd69804"},"geometry":{"type":"Polygon","coordinates":[[[139.75944895275984,35.691966028608064],[139.75929046896766,35.6927241636113],[139.75902697619009,35.692687495777825],[139.75918535190974,35.691929361051685],[139.75944895275984,35.691966028608064]]]}},{"type":"Feature","properties":{"height":28.4,"gml_id":"bldg_0380698a-68f6-4906-bb96-4b4780a075ad"},"geometry":{"type":"Polygon","coordinates":[[[139.7557276218622,35.69751249998178],[139.75571842383945,35.69752846631225],[139.7557349927219,35.69753478657816],[139.75571938576047,35.697562088000474],[139.75554717996556,35.69749635717288],[139.75557199606178,35.69745309757337],[139.7555844483807,35.697431384423545],[139.755609662918,35.6973874220052],[139.7556410426736,35.69733272915537],[139.75581810835308,35.69740035585511],[139.7558024682963,35.69742765726754],[139.75579124465185,35.697447236789365],[139.75577892518447,35.69746874543538],[139.755769757099,35.69746522328731],[139.75575237928325,35.69749549809131],[139.75574011833248,35.69749080306914],[139.7557276218622,35.69751249998178]]]}},{"type":"Feature","properties":{"height":21.1,"gml_id":"bldg_9160ba91-41b4-4e0c-8801-8aa69255324c"},"geometry":{"type":"Polygon","coordinates":[[[139.76097757929074,35.69484336323488],[139.76097681287,35.69486002008356],[139.76097586624337,35.69488045356231],[139.7607573104689,35.69487374199638],[139.76075922589956,35.69483291111045],[139.76077785506314,35.694833481189285],[139.76080211938952,35.69483421690723],[139.76081774314508,35.69483468601839],[139.76083123437186,35.69483509976098],[139.76087266935426,35.694836359585715],[139.76088632631786,35.69483678243558],[139.7608871377953,35.69481919720387],[139.7608884331203,35.69479197662269],[139.76097981104013,35.69479473568859],[139.76097854887058,35.69482198333177],[139.76097757929074,35.69484336323488]]]}},{"type":"Feature","properties":{"height":13.2,"gml_id":"bldg_92e9f9b1-a38d-46de-8650-3f3b967592a5"},"geometry":{"type":"Polygon","coordinates":[[[139.75721742844945,35.696522865412305],[139.75721685086077,35.696549274265536],[139.7571888501532,35.69659612775895],[139.75712224457487,35.696569674588005],[139.7571231743588,35.69652154295874],[139.75721742844945,35.696522865412305]]]}},{"type":"Feature","properties":{"height":20.6,"gml_id":"bldg_dca47cff-0bec-4791-87b1-670daf15061a"},"geometry":{"type":"Polygon","coordinates":[[[139.75861341089396,35.69685696632031],[139.75866268790725,35.69687481696731],[139.75870126119125,35.696888785070655],[139.75875178646413,35.69690708713963],[139.75871548061644,35.6969737659628],[139.75856069032668,35.696917694884014],[139.75855420621556,35.69691534729618],[139.7585755581177,35.696876123955704],[139.75859051217,35.696848669422494],[139.75861341089396,35.69685696632031]]]}},{"type":"Feature","properties":{"height":7.9,"gml_id":"bldg_abdaf53f-e701-4a0f-a963-8262107bedee"},"geometry":{"type":"Polygon","coordinates":[[[139.75757906883396,35.693823400897735],[139.75752075527618,35.69381741514747],[139.75751457921103,35.69381678029901],[139.7575196932811,35.693783703252286],[139.7575841055314,35.693790323799604],[139.75757906883396,35.693823400897735]]]}},{"type":"Feature","properties":{"height":20.3,"gml_id":"bldg_b363ed4c-1ed4-4d9c-b775-7b4b96e1d184"},"geometry":{"type":"Polygon","coordinates":[[[139.75614602911716,35.6986258335735],[139.75615418134714,35.698628723181336],[139.75621990735053,35.698652011609866],[139.7562343670797,35.69865713163412],[139.75619041853724,35.69873957873565],[139.75618225524448,35.69873668912322],[139.75610212468433,35.69870829869885],[139.7560752046268,35.698698762967965],[139.75611915326527,35.69861631590805],[139.75614602911716,35.6986258335735]]]}},{"type":"Feature","properties":{"height":9.5,"gml_id":"bldg_9a9c8e84-b8c0-489f-b8e7-e4fc2a95bf82"},"geometry":{"type":"Polygon","coordinates":[[[139.76092243227117,35.69690724065953],[139.7609065032817,35.69692615983069],[139.76083987111602,35.69696404933913],[139.76081308335122,35.69697928437133],[139.7607957385649,35.69697530789611],[139.760801003008,35.69694573714366],[139.7608082888801,35.69690473824671],[139.7608310841717,35.696868876581],[139.76092243227117,35.69690724065953]]]}},{"type":"Feature","properties":{"height":10.6,"gml_id":"bldg_d42ce9fa-baf7-4f1d-838e-fb2b92e8c5e0"},"geometry":{"type":"Polygon","coordinates":[[[139.75672337925752,35.6980002737382],[139.75688844176793,35.698061743880764],[139.75688373746956,35.698070141652664],[139.756877383913,35.69808146782624],[139.75687148416495,35.69809200108296],[139.75686641460814,35.69810102958046],[139.75670149584852,35.69803938823944],[139.75669829247596,35.69803818737925],[139.7566870264101,35.69803295226582],[139.75668515203822,35.69802862540228],[139.7566846050563,35.6980228553907],[139.75670319796808,35.69799276240336],[139.75672337925752,35.6980002737382]]]}},{"type":"Feature","properties":{"height":15.3,"gml_id":"bldg_53601dbc-60bd-41d2-914b-8b8709b3488a"},"geometry":{"type":"Polygon","coordinates":[[[139.7512613519144,35.69837823212323],[139.7513226968843,35.69840499141042],[139.7512904353653,35.69845420129709],[139.75123332381054,35.69843700930705],[139.7512289575629,35.69842764110562],[139.75123011963646,35.69842587521508],[139.75121733804454,35.69840099772708],[139.75123873138136,35.698368364735515],[139.7512613519144,35.69837823212323]]]}},{"type":"Feature","properties":{"height":39.5,"gml_id":"bldg_eb3ec942-281f-421a-a490-43561b59b25f"},"geometry":{"type":"Polygon","coordinates":[[[139.75219632560555,35.69992628192391],[139.7521031933319,35.69989365265932],[139.7520929828874,35.699871805604054],[139.7521276924911,35.699805893901214],[139.7521400280911,35.69980249504858],[139.7521489314884,35.69980561077597],[139.75215073616997,35.69980217777817],[139.75222531039242,35.699828313661904],[139.7522185677886,35.69984110855468],[139.7522412018708,35.69984903782253],[139.7522134342521,35.69990176721156],[139.75220988834914,35.69990052994671],[139.75219632560555,35.69992628192391]]]}},{"type":"Feature","properties":{"height":7.6,"gml_id":"bldg_b79640a1-8f88-42b1-a2ea-e9cc2d9cac66"},"geometry":{"type":"Polygon","coordinates":[[[139.75759251352991,35.69825507290925],[139.75759402687336,35.69825562369656],[139.75756292127053,35.69831356214869],[139.75753413451383,35.698303169267845],[139.7575059221822,35.698292975043145],[139.7575370278182,35.69823503660559],[139.75759251352991,35.69825507290925]]]}},{"type":"Feature","properties":{"height":11.1,"gml_id":"bldg_7511025d-93bf-4bbc-852e-e38c9d9f8cf9"},"geometry":{"type":"Polygon","coordinates":[[[139.76060441810125,35.69528590909723],[139.76063903576966,35.69528703869166],[139.76063611033322,35.695344904845776],[139.76058285235018,35.69534316006912],[139.7605844739505,35.69530963911814],[139.76058566732812,35.69528529384956],[139.76060441810125,35.69528590909723]]]}},{"type":"Feature","properties":{"height":12.5,"gml_id":"bldg_8df34364-adb7-4454-807d-275c1756cac0"},"geometry":{"type":"Polygon","coordinates":[[[139.76244315775926,35.69426985456759],[139.762397824819,35.69422860011643],[139.7624787772259,35.69419975889401],[139.7625151189291,35.694237538653965],[139.76244315775926,35.69426985456759]]]}},{"type":"Feature","properties":{"height":26.5,"gml_id":"bldg_4560722f-9621-4479-8764-f0d43f8b9fcf"},"geometry":{"type":"Polygon","coordinates":[[[139.7517547067503,35.69684837629952],[139.75175169551838,35.696864779178036],[139.75173859495996,35.69693615873814],[139.7516577196081,35.69692627896696],[139.7516713424954,35.6968520424296],[139.7516738314841,35.69683849744051],[139.7517547067503,35.69684837629952]]]}},{"type":"Feature","properties":{"height":28.6,"gml_id":"bldg_07599733-2ae5-4364-b817-8d943411ad13"},"geometry":{"type":"Polygon","coordinates":[[[139.76228551740084,35.69644592085724],[139.76244055084263,35.696316575623754],[139.7625532901308,35.696406598625714],[139.76254706860365,35.69644463275302],[139.76207905827874,35.69662390940079],[139.7619628828437,35.696422123139286],[139.7620927909296,35.6963407974264],[139.76217160315593,35.69631055803286],[139.76221363818485,35.696383593791225],[139.7622688578707,35.696416895944836],[139.76228551740084,35.69644592085724]]]}},{"type":"Feature","properties":{"height":24.1,"gml_id":"bldg_4a4a602a-148d-4454-a1aa-f2e55558dc88"},"geometry":{"type":"Polygon","coordinates":[[[139.75725305410444,35.699034732277134],[139.7572212445041,35.699018938212255],[139.75721903112284,35.69902245215144],[139.75716457667968,35.69899817088292],[139.75723758747154,35.6988796780338],[139.7572519085081,35.6988564227542],[139.7572657978946,35.69883388829517],[139.75727066748834,35.69882597735309],[139.7572858738726,35.69880129756437],[139.75741588416832,35.69885438102462],[139.75742392474416,35.69888187784773],[139.757289302971,35.699030337573355],[139.75726533763827,35.69901599156698],[139.75725305410444,35.699034732277134]]]}},{"type":"Feature","properties":{"height":8.6,"gml_id":"bldg_5367492f-97e9-49b2-9344-0aad4c109f14"},"geometry":{"type":"Polygon","coordinates":[[[139.75499661117973,35.69557822886927],[139.75499364446154,35.69561763480889],[139.75495209949418,35.695615534615385],[139.7549549890787,35.6955759303253],[139.75489911334432,35.69557309968633],[139.7549015740972,35.69554265303106],[139.7549413623223,35.69554454478302],[139.75494195611626,35.695536208404036],[139.75494826521717,35.69553650906297],[139.75494940775064,35.69552070880112],[139.7549520513287,35.69548407886937],[139.75500349629638,35.69548667224472],[139.75500071991596,35.695523536447226],[139.75499661117973,35.69557822886927]]]}},{"type":"Feature","properties":{"height":8.1,"gml_id":"bldg_6feea30f-50fe-4efe-96a2-55e711990d27"},"geometry":{"type":"Polygon","coordinates":[[[139.75862129034368,35.69903576955181],[139.75860093805812,35.69905709232009],[139.7585803645388,35.699078649303395],[139.75852348971117,35.69904246907688],[139.75854400787605,35.699021029246744],[139.75856452602991,35.69899958941303],[139.75862129034368,35.69903576955181]]]}},{"type":"Feature","properties":{"height":9.8,"gml_id":"bldg_5a4d051c-ce15-49ff-a3d6-8ade121ee567"},"geometry":{"type":"Polygon","coordinates":[[[139.75592835779807,35.6960586485501],[139.75592580576668,35.69618393724597],[139.75589486664356,35.6961835567991],[139.75589741915897,35.69605781741953],[139.75592835779807,35.6960586485501]]]}},{"type":"Feature","properties":{"height":16.9,"gml_id":"bldg_86ddf3bf-c54a-49f5-b745-47fa80b932e4"},"geometry":{"type":"Polygon","coordinates":[[[139.75878852418106,35.696851225003044],[139.75875864143762,35.69690276481427],[139.758743022487,35.69689671596323],[139.75872190266614,35.69688853556798],[139.7586893834418,35.696875951221756],[139.75870677064339,35.69684612668036],[139.7587193766348,35.69682450163292],[139.75878852418106,35.696851225003044]]]}},{"type":"Feature","properties":{"height":15.6,"gml_id":"bldg_3eeec6c7-deb1-45f8-9c0c-cc62db2804ef"},"geometry":{"type":"Polygon","coordinates":[[[139.75667188401638,35.696397480371495],[139.7567502474032,35.696399711565135],[139.75674877860618,35.69643351197911],[139.75667043735504,35.696431208689084],[139.75664072517998,35.696418750866755],[139.7566532323853,35.69639694569764],[139.75667188401638,35.696397480371495]]]}},{"type":"Feature","properties":{"height":12.2,"gml_id":"bldg_6e43bc26-54c8-4559-865f-f4d2ef49b144"},"geometry":{"type":"Polygon","coordinates":[[[139.75740921422815,35.69714781477969],[139.7573830914875,35.697195120182634],[139.7573574755339,35.697185738791916],[139.75732300060685,35.69717310687305],[139.75729803638322,35.697163969250845],[139.75732416035441,35.69711657372999],[139.75740921422815,35.69714781477969]]]}},{"type":"Feature","properties":{"height":10.3,"gml_id":"bldg_04e5cc9c-9386-49ef-86c2-068f2adc8d39"},"geometry":{"type":"Polygon","coordinates":[[[139.7590008781531,35.699986145561525],[139.75903774872862,35.700014733602046],[139.75900423951109,35.70004346657846],[139.7589736299742,35.70001973266108],[139.75893589811176,35.69999047795714],[139.7589044162681,35.69996606655488],[139.7589379254873,35.69993733540862],[139.7590008781531,35.699986145561525]]]}},{"type":"Feature","properties":{"height":40.7,"gml_id":"bldg_ae190e90-d907-4ed1-90ec-85baa64f70dc"},"geometry":{"type":"Polygon","coordinates":[[[139.75846936098665,35.69559541855198],[139.75840655590952,35.695593676789734],[139.75832969593358,35.69559154676187],[139.75837087634528,35.69539291058821],[139.75840021264023,35.695393640934945],[139.75840404543638,35.69537156878272],[139.75845090591608,35.695372986050835],[139.75851624098283,35.69537496461978],[139.75853774310227,35.69537561795412],[139.75852509868514,35.69554506755303],[139.75848782814342,35.69554485509807],[139.7584848359993,35.69558966031206],[139.7584695876246,35.695589380419136],[139.75846936098665,35.69559541855198]]]}},{"type":"Feature","properties":{"height":7.9,"gml_id":"bldg_0c10d45c-89b3-4368-ac5e-3c594138a91c"},"geometry":{"type":"Polygon","coordinates":[[[139.75147281956657,35.69472223321501],[139.7515131011355,35.6946625448704],[139.7515242119428,35.69466753699519],[139.75148394142926,35.694727225351],[139.75147281956657,35.69472223321501]]]}},{"type":"Feature","properties":{"height":26.6,"gml_id":"bldg_332bcc0b-e464-4f93-8adf-6f4d46e1df54"},"geometry":{"type":"Polygon","coordinates":[[[139.75410526282405,35.6919131451352],[139.75407080994174,35.69189221067283],[139.7541072012709,35.69185239407607],[139.75402603955519,35.691802945560944],[139.75398511210557,35.69184762654144],[139.75402839896515,35.69187397506809],[139.75400406435924,35.69190054944826],[139.7539607774933,35.69187420091297],[139.75391797056352,35.69192104391872],[139.75381185159347,35.69185643577792],[139.75394889979668,35.69170671854127],[139.75391963703623,35.69168894225235],[139.7539992773448,35.69160201255875],[139.75469992945915,35.692028639978425],[139.75459318967611,35.69214520747773],[139.75458446599305,35.69213988368889],[139.75443428616407,35.69204838644406],[139.7543674783286,35.69200769085557],[139.7543350690508,35.692043183567534],[139.75430105775519,35.6920225198722],[139.75433357744302,35.6919871173787],[139.7542871985055,35.69195887405502],[139.75417743517116,35.69189201041877],[139.75414812311345,35.69192398977476],[139.75411422240887,35.69190332609902],[139.75410526282405,35.6919131451352]]]}},{"type":"Feature","properties":{"height":27.4,"gml_id":"bldg_327d3868-3683-4b7a-a64a-dbde2870b77e"},"geometry":{"type":"Polygon","coordinates":[[[139.7527139743887,35.69978766571413],[139.75274367422995,35.69981301406405],[139.75272403497996,35.69984876722591],[139.75269750976204,35.69989708085196],[139.7526184184293,35.69986827418061],[139.75264494374068,35.69981990558833],[139.75267410383836,35.69976672724893],[139.75269133596072,35.69977304837597],[139.7526972033313,35.699762416155245],[139.75272272018955,35.69977171734431],[139.7527139743887,35.69978766571413]]]}},{"type":"Feature","properties":{"height":24.1,"gml_id":"bldg_2cfa7ae5-7b7e-427e-8544-d24497cea32b"},"geometry":{"type":"Polygon","coordinates":[[[139.7624177705882,35.69320358322062],[139.76242268822625,35.69320284699423],[139.76242443816386,35.693210662901265],[139.76245223107261,35.693206541981674],[139.76245749192077,35.69323001674898],[139.7625704867901,35.69321344393638],[139.76259065980176,35.69330466540325],[139.76235640466524,35.69333795931942],[139.76232750369437,35.69320841543567],[139.76241593266315,35.69319530756304],[139.7624177705882,35.69320358322062]]]}},{"type":"Feature","properties":{"height":39.8,"gml_id":"bldg_f53d2a2b-afc9-4651-a803-0ed17f275907"},"geometry":{"type":"Polygon","coordinates":[[[139.75485835350267,35.69904419161614],[139.7548891751367,35.69905282879233],[139.7549054144923,35.6990573822732],[139.75477079095933,35.6990899240386],[139.75475809789486,35.699074953030305],[139.75475202514255,35.699069992438616],[139.75485835350267,35.69904419161614]]]}},{"type":"Feature","properties":{"height":12.5,"gml_id":"bldg_e59a2bda-ed5b-4f20-87ed-98751d79aade"},"geometry":{"type":"Polygon","coordinates":[[[139.75753150464757,35.6982330501158],[139.75751875261062,35.698256630912255],[139.75749718927267,35.698296484880835],[139.7574444982153,35.69827752292439],[139.75746606157432,35.698237668965135],[139.75747881362375,35.698214088174225],[139.75753150464757,35.6982330501158]]]}},{"type":"Feature","properties":{"height":8.2,"gml_id":"bldg_768b56fe-3b56-4e8b-b2e2-b9fd1d5e6437"},"geometry":{"type":"Polygon","coordinates":[[[139.75598411635,35.694729939645136],[139.75602769498846,35.69473103125465],[139.75602437222807,35.6948193362939],[139.7559808045825,35.69481825370395],[139.7559378778067,35.69481718142532],[139.75594078132528,35.694739745734196],[139.75594118962317,35.694728865565],[139.75598411635,35.694729939645136]]]}},{"type":"Feature","properties":{"height":18.0,"gml_id":"bldg_a8e531bf-b179-4654-ba4b-3da8bf8955a7"},"geometry":{"type":"Polygon","coordinates":[[[139.75820829331929,35.69813546043207],[139.75823050789995,35.6981430809474],[139.75822015712993,35.6981632741692],[139.75820732657803,35.69818832422154],[139.75819685400853,35.69820876974848],[139.75815984804743,35.69819612657617],[139.7581539318563,35.69817725812882],[139.75815235640562,35.698172237420714],[139.75817682175375,35.69812466041293],[139.75820829331929,35.69813546043207]]]}},{"type":"Feature","properties":{"height":4.9,"gml_id":"bldg_eb86008f-87a6-4073-9efa-1f90826a9f66"},"geometry":{"type":"Polygon","coordinates":[[[139.7551236805816,35.693600274033294],[139.75506520501222,35.69362475328416],[139.7550361898677,35.693578764561025],[139.7550946654123,35.69355428532402],[139.7551236805816,35.693600274033294]]]}},{"type":"Feature","properties":{"height":15.6,"gml_id":"bldg_3b2b818c-19a4-4acf-9cbd-683ad6021aa7"},"geometry":{"type":"Polygon","coordinates":[[[139.75913401389923,35.69514193736403],[139.75915232306622,35.695142092867236],[139.7591516956808,35.69518717898277],[139.7591513871454,35.695210118646166],[139.75915030972823,35.69528775293579],[139.75910456435184,35.69528736418873],[139.75910564179662,35.69520974792697],[139.7591058553243,35.695193956065175],[139.759106577773,35.69514170412104],[139.75913401389923,35.69514193736403]]]}},{"type":"Feature","properties":{"height":39.7,"gml_id":"bldg_e5eed2e1-2e4e-4b1d-9966-d40731c92517"},"geometry":{"type":"Polygon","coordinates":[[[139.75678246379363,35.69506366825793],[139.75678006415708,35.695111862958626],[139.75677634661199,35.69518631371364],[139.75677613260214,35.695190568041475],[139.75677581722405,35.69519683235876],[139.75675872391048,35.69519626263756],[139.75674163060577,35.69519568390026],[139.75668150017086,35.69519366261392],[139.75666320249584,35.695193038030105],[139.75664489376368,35.695192421548796],[139.75664517525132,35.695186942303074],[139.75664916217443,35.69510824627351],[139.75664979288052,35.69509578974895],[139.75666272057026,35.6950962306408],[139.75666375770635,35.695074742652714],[139.75669530348105,35.69507580832883],[139.75669868457317,35.69507591864567],[139.75669967560358,35.69505641364071],[139.75678268904196,35.69505921563586],[139.75678246379363,35.69506366825793]]]}},{"type":"Feature","properties":{"height":7.1,"gml_id":"bldg_03975d22-f7e6-4b41-8a15-b80642193a1d"},"geometry":{"type":"Polygon","coordinates":[[[139.75405244213215,35.696161175289745],[139.75404756861823,35.69621754371638],[139.75403835804698,35.696324133582344],[139.75400476848165,35.696322174408834],[139.75397117891976,35.696320213423206],[139.75398034532708,35.69621367761544],[139.75401421202895,35.696158896681865],[139.75405244213215,35.696161175289745]]]}},{"type":"Feature","properties":{"height":12.3,"gml_id":"bldg_5a641f58-4d12-48f1-b210-7450081e9668"},"geometry":{"type":"Polygon","coordinates":[[[139.75382018225596,35.69901459440862],[139.75386231253813,35.699029926572905],[139.75390946887265,35.69904708460665],[139.75389374906123,35.699075827900565],[139.75380018752813,35.69904178541348],[139.75381590736728,35.69901304123027],[139.75382018225596,35.69901459440862]]]}},{"type":"Feature","properties":{"height":31.6,"gml_id":"bldg_077f3f84-710b-4e09-a4c5-285370d40e2c"},"geometry":{"type":"Polygon","coordinates":[[[139.7598924331425,35.69176421282204],[139.7599600522819,35.69176641734277],[139.7599508255031,35.69185160921149],[139.75994760504943,35.691881334430796],[139.75994701440422,35.69188683242769],[139.7598794749874,35.691881923838295],[139.75988042089813,35.691874587263705],[139.7598833846579,35.69184768317766],[139.7598924331425,35.69176421282204]]]}},{"type":"Feature","properties":{"height":18.6,"gml_id":"bldg_8db31d82-8a0e-4123-92c7-3e1ed0ab2111"},"geometry":{"type":"Polygon","coordinates":[[[139.75441165347826,35.69557397089424],[139.75444009403688,35.69557544975541],[139.75443828134368,35.695598432585726],[139.75443277630762,35.695668042637216],[139.7544316012844,35.695683067694745],[139.7544051053446,35.69568168925725],[139.75438595711066,35.69568069420815],[139.7543944609739,35.695573076279295],[139.75441165347826,35.69557397089424]]]}},{"type":"Feature","properties":{"height":16.3,"gml_id":"bldg_576b9010-b7d0-4fe1-a155-71109a111c12"},"geometry":{"type":"Polygon","coordinates":[[[139.75158647706348,35.697070666003],[139.7516039662647,35.697073463109305],[139.7516631953324,35.697082940643504],[139.7516552059229,35.697115745059946],[139.75159606523138,35.69710626758185],[139.75157858707416,35.69710346958054],[139.751556325076,35.69709990396587],[139.75156420402598,35.69706709857954],[139.75158647706348,35.697070666003]]]}},{"type":"Feature","properties":{"height":12.1,"gml_id":"bldg_4b15c99b-78fe-43b8-9b3c-13ed084c58ad"},"geometry":{"type":"Polygon","coordinates":[[[139.75829042511944,35.69693618504585],[139.75825390049533,35.69700006934831],[139.75821811150377,35.696986436345945],[139.75825452556654,35.696922642122175],[139.75829042511944,35.69693618504585]]]}},{"type":"Feature","properties":{"height":45.1,"gml_id":"bldg_f0b517f3-e858-41e1-9f4e-8e94e7402943"},"geometry":{"type":"Polygon","coordinates":[[[139.75799964809133,35.69699315023132],[139.75798990838854,35.69700990960297],[139.75799333261077,35.697011245772565],[139.75803817894024,35.69702868828547],[139.7579137877343,35.697242144775885],[139.75787913427507,35.69730161342456],[139.75769356268708,35.6972296578379],[139.75786245806498,35.69693997364994],[139.75799964809133,35.69699315023132]]]}},{"type":"Feature","properties":{"height":15.6,"gml_id":"bldg_77380879-ea03-44fa-a312-7d7be0e00bb2"},"geometry":{"type":"Polygon","coordinates":[[[139.75875378735185,35.69905416843359],[139.75879462704725,35.69907995395174],[139.75872682258375,35.699151480636644],[139.75871698763476,35.69915174495125],[139.75870715268567,35.69915200926505],[139.75865348012624,35.6991181746447],[139.75868334507382,35.69908669032624],[139.75872902732905,35.6990385395782],[139.75875378735185,35.69905416843359]]]}},{"type":"Feature","properties":{"height":23.3,"gml_id":"bldg_0ea71bb4-7041-4610-92e9-e3e2ccea7e01"},"geometry":{"type":"Polygon","coordinates":[[[139.76243104111953,35.697822307322745],[139.7624235390628,35.69780878236693],[139.762438043014,35.69777670216921],[139.7625431635585,35.69773746434058],[139.76256313272916,35.697772990026074],[139.76243104111953,35.697822307322745]]]}},{"type":"Feature","properties":{"height":3.3,"gml_id":"bldg_ac6684b5-02e5-4c25-a140-b069445cb6c0"},"geometry":{"type":"Polygon","coordinates":[[[139.7592443688519,35.69310893002969],[139.75922437179437,35.69310639388532],[139.7592281431277,35.69309067631756],[139.75923191445952,35.69307495874962],[139.7592566499511,35.69297183923865],[139.75917345087194,35.69296890362995],[139.75917367503007,35.69296547856271],[139.7591745743325,35.69294889391189],[139.75928285278638,35.69295472933299],[139.7592443688519,35.69310893002969]]]}},{"type":"Feature","properties":{"height":4.0,"gml_id":"bldg_72082112-7b1c-4526-8f0b-6c9f7b940739"},"geometry":{"type":"Polygon","coordinates":[[[139.75058026732577,35.69337198421499],[139.75060029396155,35.69334567798472],[139.75065484962204,35.69337329737934],[139.75063482299723,35.69339960361858],[139.75058026732577,35.69337198421499]]]}},{"type":"Feature","properties":{"height":34.6,"gml_id":"bldg_6ca05cb1-e249-4b64-bfde-41ed2671634d"},"geometry":{"type":"Polygon","coordinates":[[[139.7592443688519,35.69310893002969],[139.75920987531646,35.69324934220947],[139.7591955136728,35.693246539119244],[139.75919384683542,35.69325672357125],[139.75899233356392,35.693226494446584],[139.75896399421234,35.69335484912439],[139.7589866650997,35.69335758526466],[139.7589897526488,35.69334055128288],[139.75906292481747,35.69334937579105],[139.75906577912565,35.69333362160847],[139.7591426524432,35.693342890022706],[139.75912853000128,35.69341583818686],[139.75916671197567,35.693421107688806],[139.75916239588756,35.69344039434235],[139.75915150758792,35.693505024857906],[139.7590958468109,35.693498176190126],[139.75907958266015,35.693569013820635],[139.75907513385684,35.693588400440746],[139.75904703204768,35.6937108242642],[139.75902360976954,35.69370800654833],[139.75902062221047,35.69372444568765],[139.75900469064365,35.693722524948],[139.75900245895127,35.69372219907692],[139.75894900877591,35.69371444132294],[139.75893481211372,35.6937123774269],[139.75893840803016,35.693695271652075],[139.75889511076525,35.69368921472325],[139.7589454869922,35.693449427431986],[139.75893238401991,35.69344763462234],[139.75892158434203,35.69349992541991],[139.7588955103394,35.69349702491662],[139.75888843442408,35.693501618428044],[139.75884295539686,35.693453546385825],[139.75884859387662,35.69345003543407],[139.75885170020618,35.69343660604537],[139.7588172308378,35.69343135676909],[139.7589132309555,35.69297658496014],[139.75891633206356,35.69296874495974],[139.75892241331877,35.69296433200676],[139.75893125624543,35.6929606418562],[139.75894097977252,35.69296055772846],[139.7589509238685,35.69296092442115],[139.75898064574693,35.69296193428911],[139.75898959540015,35.6929623003644],[139.75901909629223,35.692963310086384],[139.75902904038892,35.69296367677263],[139.75905809922375,35.692964776349186],[139.7590702531944,35.69296514439548],[139.75909887005562,35.69296624368955],[139.75911025057093,35.692966611254846],[139.75913842554195,35.69296762013009],[139.7591492535892,35.69296798735119],[139.75917345087194,35.69296890362995],[139.7592566499511,35.69297183923865],[139.75923191445952,35.69307495874962],[139.7592281431277,35.69309067631756],[139.75922437179437,35.69310639388532],[139.7592443688519,35.69310893002969]]]}},{"type":"Feature","properties":{"height":24.9,"gml_id":"bldg_8597f824-e7f9-4f8f-bf6e-3bfecacdc86a"},"geometry":{"type":"Polygon","coordinates":[[[139.75490911305022,35.69956855095458],[139.75489793073953,35.69959052805378],[139.75483294039378,35.699718218659655],[139.75470233936736,35.699670613255215],[139.75464073392328,35.69964814694124],[139.75465293370038,35.69962539535412],[139.7547103677461,35.699518306100764],[139.75490911305022,35.69956855095458]]]}},{"type":"Feature","properties":{"height":26.4,"gml_id":"bldg_baa910e2-9563-4194-b377-dc3481ec7b2f"},"geometry":{"type":"Polygon","coordinates":[[[139.75473824960574,35.69824378777162],[139.75471703123725,35.698279774593665],[139.75469048888115,35.698324789650904],[139.75466484304164,35.69836829098793],[139.754642728059,35.69840579241136],[139.75436039619456,35.69829491940338],[139.7543824559393,35.698257508131846],[139.75440810189644,35.698214006854315],[139.75443464438322,35.69816898284501],[139.7544559181793,35.698132914985244],[139.75473824960574,35.69824378777162]]]}},{"type":"Feature","properties":{"height":40.8,"gml_id":"bldg_52e08f3a-8caf-464f-9ec1-32ece581ab9a"},"geometry":{"type":"Polygon","coordinates":[[[139.75996552451957,35.69810908768339],[139.76001999987471,35.69813493608345],[139.7600745304982,35.69816080342116],[139.76004070698716,35.69820821196962],[139.76000426120333,35.69825928838414],[139.7600015061884,35.69826315357898],[139.7600231549777,35.69827344237248],[139.7600100991082,35.69829173221185],[139.76002269078066,35.69829768891675],[139.76000874957825,35.698317420407164],[139.76001670218972,35.698321211001065],[139.76000386756067,35.698339230563676],[139.76001303510859,35.69834365285623],[139.75999964722672,35.698362483313446],[139.76000980895722,35.69836726675952],[139.75999487199107,35.698388349695065],[139.7600038187068,35.69839259157994],[139.75999065214714,35.69841106162322],[139.76000048254468,35.69841566459435],[139.7599689491636,35.69845990259817],[139.7598884397718,35.698421707566624],[139.75983395322248,35.69839585008764],[139.75961306931922,35.69829103903049],[139.75979906120426,35.69803011631626],[139.75996552451957,35.69810908768339]]]}},{"type":"Feature","properties":{"height":25.7,"gml_id":"bldg_ecf4b5c1-9bca-4f01-b1d5-a996d7618ff4"},"geometry":{"type":"Polygon","coordinates":[[[139.75841440578634,35.6973963481479],[139.75846522890464,35.697415461753366],[139.75841763532546,35.697499529884226],[139.75838533650548,35.697487368336326],[139.75830253492362,35.69745619157602],[139.75831449980674,35.697435008745934],[139.75832784821952,35.697411383164905],[139.7583500180971,35.69737212432271],[139.75841440578634,35.6973963481479]]]}},{"type":"Feature","properties":{"height":2.9,"gml_id":"bldg_29dc3a88-34f3-42a8-a700-a8ac1fe5e22e"},"geometry":{"type":"Polygon","coordinates":[[[139.75054005059704,35.693368891905216],[139.75055915622403,35.69337845956267],[139.7505166683871,35.69343458567272],[139.7504975627518,35.69342501800859],[139.75054005059704,35.693368891905216]]]}},{"type":"Feature","properties":{"height":14.7,"gml_id":"bldg_16dab946-9b4c-4500-8678-414a5222d652"},"geometry":{"type":"Polygon","coordinates":[[[139.75945675594014,35.69776231728119],[139.75949397886106,35.69777934895498],[139.75948003703718,35.697799711343826],[139.75944275886795,35.697782670618196],[139.75936118877274,35.69774537594824],[139.75937524111754,35.697725013640884],[139.75945675594014,35.69776231728119]]]}},{"type":"Feature","properties":{"height":33.0,"gml_id":"bldg_ebfd56c0-13d0-4a80-86e7-9b708ab717ab"},"geometry":{"type":"Polygon","coordinates":[[[139.75936545977183,35.69558535527747],[139.75935705111903,35.695585142795395],[139.7592638598584,35.69558275094328],[139.75926413150214,35.69557577541237],[139.7592687059813,35.69557589540502],[139.75926896628403,35.69556923444505],[139.7592394531467,35.6955684762587],[139.75924018884587,35.69554959302184],[139.75923434367493,35.695549445204854],[139.75923921160668,35.69542344576612],[139.759240038145,35.695401921572184],[139.75937241052347,35.69540533804226],[139.75936545977183,35.69558535527747]]]}},{"type":"Feature","properties":{"height":28.1,"gml_id":"bldg_9abc37e3-ffdd-43ca-b202-a82162588277"},"geometry":{"type":"Polygon","coordinates":[[[139.75283497847352,35.69913587677445],[139.75277559546205,35.699156956120156],[139.7527326057607,35.69917222357165],[139.7526406331593,35.69898729119845],[139.7526400891858,35.698978817966335],[139.7526434116909,35.69897142896876],[139.75264942875387,35.69896571832334],[139.75265635013406,35.69896179299408],[139.75266497110084,35.698959996034006],[139.75267392175752,35.69896000203198],[139.7526823189969,35.69896090902738],[139.7529615222108,35.69904019990486],[139.75297340884856,35.69904357896044],[139.75296680695376,35.699059492727145],[139.75294233776827,35.69911853407588],[139.75293851619628,35.69912774441469],[139.7528968439355,35.69914060524863],[139.75288692200647,35.69911743343845],[139.75283497847352,35.69913587677445]]]}},{"type":"Feature","properties":{"height":29.8,"gml_id":"bldg_d2cd39ea-cbd0-4601-9f09-3e98e38e88e1"},"geometry":{"type":"Polygon","coordinates":[[[139.76084150769663,35.69841563319507],[139.76079554246905,35.69841199101525],[139.76039168947432,35.69838002779852],[139.76040059769048,35.698305219567004],[139.76041805554365,35.69830667233363],[139.76043230846477,35.69818715943145],[139.7608186473216,35.69821776892306],[139.76086455719644,35.69822140204711],[139.76084150769663,35.69841563319507]]]}},{"type":"Feature","properties":{"height":41.0,"gml_id":"bldg_631cbb9c-cff4-4217-aa5f-7de91faa39ff"},"geometry":{"type":"Polygon","coordinates":[[[139.75061355472303,35.6966613746576],[139.75070735635992,35.696672886468335],[139.75068691037808,35.696783560570545],[139.7505931086146,35.69677204874393],[139.75061355472303,35.6966613746576]]]}},{"type":"Feature","properties":{"height":11.8,"gml_id":"bldg_9c1beaaa-c93d-40ac-9792-6e39a5d35407"},"geometry":{"type":"Polygon","coordinates":[[[139.75030055392207,35.69896550910577],[139.75030794390995,35.69897867418852],[139.75024565014576,35.69905687002292],[139.75015221679533,35.69900732034408],[139.75021971093514,35.69892263829235],[139.75030055392207,35.69896550910577]]]}},{"type":"Feature","properties":{"height":9.8,"gml_id":"bldg_a8b9fdd7-7898-442d-abb9-1f0c0a65f28e"},"geometry":{"type":"Polygon","coordinates":[[[139.75653878077355,35.69685513788225],[139.75657244957404,35.696866958279884],[139.75654112130655,35.69692642866692],[139.75650740830338,35.69691459020506],[139.75640381710537,35.696878207881085],[139.75643514545493,35.69681873843078],[139.75653878077355,35.69685513788225]]]}},{"type":"Feature","properties":{"height":31.7,"gml_id":"bldg_25e1e622-df65-49f6-a193-175dbcf5d006"},"geometry":{"type":"Polygon","coordinates":[[[139.7537722282863,35.697041628164115],[139.75370936119788,35.69714569473539],[139.75363866972043,35.697117344963154],[139.7537015369679,35.69701318829154],[139.7537722282863,35.697041628164115]]]}},{"type":"Feature","properties":{"height":19.0,"gml_id":"bldg_809c291f-4476-47bc-95bb-ee9e056ceb54"},"geometry":{"type":"Polygon","coordinates":[[[139.75685832887686,35.6978433500709],[139.7569852933046,35.69789036495324],[139.75695197550203,35.69795028485967],[139.7568159973711,35.697899902106656],[139.75681942865515,35.69789386511498],[139.75676706995563,35.6978744523877],[139.75679706699694,35.697820659730176],[139.75685832887686,35.6978433500709]]]}},{"type":"Feature","properties":{"height":39.6,"gml_id":"bldg_331b9bfa-96bf-4838-aebd-93df2ef7d2b3"},"geometry":{"type":"Polygon","coordinates":[[[139.75678132463904,35.69475256885803],[139.7567772651142,35.69483801610833],[139.75663594462821,35.694833509440606],[139.7566401147997,35.69474806226559],[139.75678132463904,35.69475256885803]]]}},{"type":"Feature","properties":{"height":5.0,"gml_id":"bldg_b3459a03-eaea-452b-a68b-ef3d4791953e"},"geometry":{"type":"Polygon","coordinates":[[[139.75815237824054,35.69497030244744],[139.75815069203043,35.695000947957865],[139.7580784297836,35.6949982888331],[139.7580802265178,35.69496764339278],[139.75815237824054,35.69497030244744]]]}},{"type":"Feature","properties":{"height":11.9,"gml_id":"bldg_d8dd1072-2c9e-4398-8e40-5ad052427ab8"},"geometry":{"type":"Polygon","coordinates":[[[139.75873004820377,35.69895092805345],[139.75875039106077,35.69896339757809],[139.75873852217947,35.69897629782652],[139.7586991436222,35.69901904337244],[139.75871480388363,35.69902863463272],[139.7586829028005,35.699063262572736],[139.75861877086163,35.699023960055264],[139.75870191940325,35.69893369356901],[139.75873004820377,35.69895092805345]]]}},{"type":"Feature","properties":{"height":31.0,"gml_id":"bldg_210aca26-7434-42ab-aa4f-64155dddb705"},"geometry":{"type":"Polygon","coordinates":[[[139.75558360164237,35.697313312631586],[139.7555783993203,35.69732241309973],[139.7556118684795,35.69733505388211],[139.7555864877212,35.6973795200593],[139.75557412385277,35.69740119000095],[139.7555038718228,35.69737455420998],[139.75551339100284,35.69735788503519],[139.75545274908652,35.697334770766204],[139.7554817494194,35.697283952305376],[139.7555152184596,35.69729668325152],[139.7555196458895,35.69728902357446],[139.75558360164237,35.697313312631586]]]}},{"type":"Feature","properties":{"height":15.9,"gml_id":"bldg_0d5854e6-5a55-4dea-aa89-00471efed9b6"},"geometry":{"type":"Polygon","coordinates":[[[139.75528438412533,35.697977518158524],[139.755274379359,35.697993429848516],[139.75523739269246,35.69805223821544],[139.75523247884163,35.698060049896895],[139.7551955866437,35.69804461344583],[139.755200489448,35.698036800857324],[139.75523740986048,35.697977965417564],[139.7552473814557,35.697962080750145],[139.75528438412533,35.697977518158524]]]}},{"type":"Feature","properties":{"height":30.7,"gml_id":"bldg_7cea0d6e-b140-4885-9eac-e014cb37d7b6"},"geometry":{"type":"Polygon","coordinates":[[[139.7612592324287,35.69617192543589],[139.76122968513147,35.69622112340934],[139.76116109045307,35.69619367977312],[139.76119063770025,35.6961445728546],[139.7612592324287,35.69617192543589]]]}},{"type":"Feature","properties":{"height":14.9,"gml_id":"bldg_26ed913b-2fff-4be0-98f0-53f49f7f92e0"},"geometry":{"type":"Polygon","coordinates":[[[139.75393116568455,35.695552851313884],[139.75391429021005,35.69563342260546],[139.75388324474557,35.69562907644755],[139.75390012016183,35.69554859439582],[139.75393116568455,35.695552851313884]]]}},{"type":"Feature","properties":{"height":23.8,"gml_id":"bldg_a0a01834-4087-457b-8039-c0f8e4e2f388"},"geometry":{"type":"Polygon","coordinates":[[[139.75998463666195,35.69577303871339],[139.7600078750896,35.69577339539121],[139.7600071609695,35.695803906310644],[139.7600060335763,35.69585253540449],[139.75993111715047,35.695851407201566],[139.75993295763195,35.69577226809021],[139.75998463666195,35.69577303871339]]]}},{"type":"Feature","properties":{"height":11.9,"gml_id":"bldg_29df5035-d955-4100-b147-e89c10bff553"},"geometry":{"type":"Polygon","coordinates":[[[139.76175850571212,35.694022006337995],[139.76176178094462,35.69406635567359],[139.76170443143374,35.69406911580895],[139.76170115623373,35.69402476557048],[139.76175850571212,35.694022006337995]]]}},{"type":"Feature","properties":{"height":14.3,"gml_id":"bldg_160d7a82-21b1-4c68-bf96-0dcc69b50298"},"geometry":{"type":"Polygon","coordinates":[[[139.75985101500476,35.69784137431525],[139.75987157071515,35.69785056279907],[139.75991103636272,35.69786820864337],[139.75990240542822,35.6978811830936],[139.75996735311634,35.69791024678019],[139.759945001621,35.697943404439044],[139.7598591668677,35.69790495285343],[139.75982689187427,35.697890493216285],[139.75982006574924,35.69788743340652],[139.75981322857473,35.697884373589616],[139.75984421096572,35.69783833344906],[139.75985101500476,35.69784137431525]]]}},{"type":"Feature","properties":{"height":15.0,"gml_id":"bldg_f4951ca3-1b7f-474a-8558-38944313ede5"},"geometry":{"type":"Polygon","coordinates":[[[139.75819182911994,35.69732227010313],[139.75815152184373,35.69730726508134],[139.75801962027919,35.697258165271634],[139.7580852567945,35.69714084805201],[139.7582171471403,35.69718996490968],[139.75822965446014,35.69716770889487],[139.75826997274686,35.69718269677167],[139.75819182911994,35.69732227010313]]]}},{"type":"Feature","properties":{"height":3.5,"gml_id":"bldg_c1fcbd95-3a26-432a-87ec-324ae2b109e3"},"geometry":{"type":"Polygon","coordinates":[[[139.75904703204768,35.6937108242642],[139.75907513385684,35.693588400440746],[139.75909817997018,35.693591703752965],[139.75909707134943,35.69359566909611],[139.7591403775333,35.69360398839587],[139.75911674582412,35.693707991894726],[139.75907653126558,35.693702018054935],[139.7590742022707,35.693711300726335],[139.75906503237968,35.693710033151746],[139.7590456785289,35.69371673641427],[139.75904703204768,35.6937108242642]]]}},{"type":"Feature","properties":{"height":30.7,"gml_id":"bldg_70f489d3-334a-4fa4-8bc9-8f9015773df7"},"geometry":{"type":"Polygon","coordinates":[[[139.758840599601,35.695167030551275],[139.75889264137734,35.69516940630527],[139.75889330231257,35.69515971699192],[139.75893109060442,35.69516144394199],[139.75893041862406,35.69517113324873],[139.7589355896531,35.69517137080076],[139.75893172513238,35.69522776710122],[139.75892755837975,35.69528834556856],[139.75885875485199,35.695285202310465],[139.75885953902326,35.695273701321085],[139.7588332085332,35.695272703437105],[139.7588357176227,35.6952361896109],[139.75883659136778,35.69522342675975],[139.7588368938418,35.69521898319536],[139.75883912287122,35.69518657132801],[139.75884054349763,35.69516794991343],[139.758840599601,35.695167030551275]]]}},{"type":"Feature","properties":{"height":27.0,"gml_id":"bldg_84a63b12-8ab2-4bb5-8749-c8cb422518c0"},"geometry":{"type":"Polygon","coordinates":[[[139.75149648462693,35.6983485298554],[139.75146700194517,35.698414345796664],[139.75144711053892,35.69845873370142],[139.75143645598806,35.69848252259318],[139.75131107516685,35.698445210686955],[139.75132492197915,35.698422649842776],[139.75136072883677,35.698364319605695],[139.75138241215654,35.69832900070632],[139.75138988344585,35.69831681928411],[139.75149648462693,35.6983485298554]]]}},{"type":"Feature","properties":{"height":12.1,"gml_id":"bldg_9ffcc60c-a0f3-40bd-9028-6612c971d129"},"geometry":{"type":"Polygon","coordinates":[[[139.75710358408315,35.69713572354938],[139.7570989135951,35.69714350842139],[139.7570958810546,35.69714860825043],[139.75709528341386,35.69714959937802],[139.75710909061334,35.697155105572456],[139.75709824433633,35.69717330726272],[139.75708439294408,35.697167791124],[139.75697988902849,35.697126144722795],[139.75697490739526,35.69712415855067],[139.75696934033883,35.69712193765096],[139.7569828429185,35.697099231712414],[139.75700085861217,35.6970947362919],[139.75710358408315,35.69713572354938]]]}},{"type":"Feature","properties":{"height":30.1,"gml_id":"bldg_dbcc40d4-0d6e-429c-b4b7-1b5058c3b883"},"geometry":{"type":"Polygon","coordinates":[[[139.7610195494749,35.69496169320748],[139.76101562481173,35.69502514726493],[139.7610310937553,35.69502578841697],[139.76102761686195,35.695082842118126],[139.76114009834745,35.69508741557414],[139.76113707074435,35.69513644916144],[139.76093939935032,35.695128398395205],[139.7609428751689,35.69507260571239],[139.7609352511484,35.69507233071653],[139.7609422047364,35.69495858206374],[139.7610195494749,35.69496169320748]]]}},{"type":"Feature","properties":{"height":21.2,"gml_id":"bldg_ee95de89-894f-4b00-a8cb-3e3cc9623e17"},"geometry":{"type":"Polygon","coordinates":[[[139.7585855865383,35.695377541448835],[139.75857593077984,35.6955414936539],[139.75853029710575,35.69553966256682],[139.75853690016496,35.695426336588284],[139.75853844986037,35.69539973903995],[139.7585398423762,35.69537580043372],[139.7585855865383,35.695377541448835]]]}},{"type":"Feature","properties":{"height":21.9,"gml_id":"bldg_0bdeacf9-fe17-4197-9ba2-b26c2f9c8d6f"},"geometry":{"type":"Polygon","coordinates":[[[139.75789290653293,35.69831805992485],[139.75788866658206,35.69832629578032],[139.75783699082376,35.69830860556234],[139.75780504421354,35.69829766994302],[139.75782078041368,35.698273333838415],[139.75783481240842,35.69825162866035],[139.75786140149017,35.69826066803798],[139.75793032104187,35.69828409274172],[139.75791361584947,35.698316567615706],[139.75789665939544,35.69831076118777],[139.75789290653293,35.69831805992485]]]}},{"type":"Feature","properties":{"height":29.5,"gml_id":"bldg_cfd596ac-7687-436b-8f4b-9067aff20af3"},"geometry":{"type":"Polygon","coordinates":[[[139.75912876203697,35.69920084467675],[139.7590849822749,35.699247157054906],[139.75907474466595,35.69924072397958],[139.759056157956,35.69922903077116],[139.7589637214205,35.699170917428006],[139.7589666526182,35.69916780861491],[139.75900920464406,35.69912277456363],[139.75908300415142,35.69904466331188],[139.75913009107884,35.69899482861907],[139.75915607348477,35.698967325839746],[139.75917900034776,35.69898175285483],[139.7593062689267,35.699061791626484],[139.75918935356574,35.699185567756096],[139.75917488619868,35.69917645501818],[139.75916041883494,35.699167342278514],[139.75912876203697,35.69920084467675]]]}},{"type":"Feature","properties":{"height":26.5,"gml_id":"bldg_a1f92ce4-75c1-48e2-a80a-1ebd9cc9bfdb"},"geometry":{"type":"Polygon","coordinates":[[[139.7597134969149,35.697468961744576],[139.75970301837273,35.69748440480286],[139.7596814084313,35.69751626399578],[139.75965449075107,35.697504115094375],[139.7595639957034,35.697463281730066],[139.75959608423418,35.6974159804112],[139.7597134969149,35.697468961744576]]]}},{"type":"Feature","properties":{"height":12.6,"gml_id":"bldg_764e43c3-1773-431e-892f-6880f0d41c26"},"geometry":{"type":"Polygon","coordinates":[[[139.76207898897903,35.69185710608732],[139.76200671818947,35.69186707841095],[139.76199043438746,35.69178954102544],[139.76206281567246,35.69177948855492],[139.76207898897903,35.69185710608732]]]}},{"type":"Feature","properties":{"height":9.1,"gml_id":"bldg_0a4f0252-6c19-4abe-935d-3077adc1a60b"},"geometry":{"type":"Polygon","coordinates":[[[139.75897229204296,35.69558107491284],[139.75888661451398,35.69557879557425],[139.75889371909363,35.695400869639386],[139.7589167839747,35.695384524044364],[139.75898177675637,35.695386249765605],[139.75900022773502,35.695400349565105],[139.7589989719755,35.695431860665884],[139.7590253248945,35.69543256197691],[139.75902313023565,35.695487553172306],[139.75897607062453,35.69548630726411],[139.75897229204296,35.69558107491284]]]}},{"type":"Feature","properties":{"height":22.8,"gml_id":"bldg_f698c1f6-40e3-45a6-90de-af05c699afa8"},"geometry":{"type":"Polygon","coordinates":[[[139.75084629157607,35.69642122932686],[139.75089998397883,35.69643082062117],[139.75088477109796,35.69650328028961],[139.75083170134744,35.69653280884016],[139.75082165934705,35.69651982224036],[139.75084629157607,35.69642122932686]]]}},{"type":"Feature","properties":{"height":11.8,"gml_id":"bldg_e7f36376-5273-41cc-9691-18751e326e14"},"geometry":{"type":"Polygon","coordinates":[[[139.75399521212412,35.69481431140883],[139.75399488311479,35.69482296433928],[139.75399339713624,35.69486181238574],[139.75391825041842,35.69485994206778],[139.75390036149943,35.694859497607595],[139.75390184757757,35.694820594578836],[139.75390217654243,35.694811996632126],[139.75399521212412,35.69481431140883]]]}},{"type":"Feature","properties":{"height":29.3,"gml_id":"bldg_04676d61-e615-4174-b50b-e55a227b67bd"},"geometry":{"type":"Polygon","coordinates":[[[139.76134499719376,35.694110652843676],[139.7613076811267,35.6941126495906],[139.76130377993584,35.694064279759836],[139.76142798253142,35.694057683876984],[139.76143377437913,35.69412943636224],[139.76134688773365,35.694134054432126],[139.76134499719376,35.694110652843676]]]}},{"type":"Feature","properties":{"height":8.5,"gml_id":"bldg_2f3db44e-4e1a-4e94-aad7-d25ba4d3a40a"},"geometry":{"type":"Polygon","coordinates":[[[139.75466890985487,35.69796287589013],[139.75463149335334,35.69803135457839],[139.75460365710973,35.698021241943756],[139.75464107363115,35.69795276236269],[139.75466890985487,35.69796287589013]]]}},{"type":"Feature","properties":{"height":36.3,"gml_id":"bldg_427c5c4b-c2af-4d69-a021-5a619a926f9a"},"geometry":{"type":"Polygon","coordinates":[[[139.75384558182066,35.6950666231981],[139.75384365371588,35.69510553404499],[139.7538072683422,35.69510433823279],[139.75367040057364,35.69509983102516],[139.75368235287567,35.69485881273368],[139.75374223997844,35.694860745220204],[139.7537447207792,35.694810540578814],[139.75385808622738,35.694814311092095],[139.75384558182066,35.6950666231981]]]}},{"type":"Feature","properties":{"height":11.6,"gml_id":"bldg_13a5d3b8-3754-4dbd-9c0d-0031ed4dd29a"},"geometry":{"type":"Polygon","coordinates":[[[139.7598895430843,35.69576025339715],[139.75988592484538,35.69585002758221],[139.75984515220017,35.69584892105491],[139.75984687094427,35.69580621522195],[139.75984843131846,35.695767511372196],[139.75984877040207,35.695759237008],[139.7598895430843,35.69576025339715]]]}},{"type":"Feature","properties":{"height":34.3,"gml_id":"bldg_93263c6f-c8a3-4aeb-b6fe-0ee93245ab1a"},"geometry":{"type":"Polygon","coordinates":[[[139.75348339620987,35.69503309592199],[139.75341604656947,35.694979690155336],[139.75354709438724,35.69486981000618],[139.75359924058785,35.69491123544441],[139.75362979080208,35.694935503416524],[139.7536343175855,35.69493909296287],[139.75361098338087,35.69495863722969],[139.7535911097284,35.6949428501004],[139.75348339620987,35.69503309592199]]]}},{"type":"Feature","properties":{"height":8.1,"gml_id":"bldg_faab4660-c0ab-4098-b8f6-61e0e6b6679c"},"geometry":{"type":"Polygon","coordinates":[[[139.75872325477977,35.69556741830329],[139.75872184003126,35.69560341812142],[139.75868897889188,35.695602578404426],[139.75858208627687,35.695599843119695],[139.7585688158523,35.6955995103854],[139.7584977566879,35.69559769143446],[139.7584985039075,35.6955784918288],[139.75849925110063,35.69555932016551],[139.75849968145718,35.69554811641101],[139.75858398891899,35.69555024194142],[139.75858489384072,35.695527798404406],[139.7586917421449,35.69553055078516],[139.75872466954462,35.695531399556145],[139.75872325477977,35.69556741830329]]]}},{"type":"Feature","properties":{"height":22.3,"gml_id":"bldg_816b1e0c-45bd-4af9-bc95-ac4030cf7a2e"},"geometry":{"type":"Polygon","coordinates":[[[139.76202001323338,35.693365820153616],[139.76201589922903,35.69334505917027],[139.76206782670607,35.69333806825187],[139.76206306379925,35.69330148784603],[139.76200870509675,35.693308900965775],[139.7619882888938,35.69320613271046],[139.76222568023326,35.69317463508825],[139.7622573938644,35.693334457669096],[139.76202001323338,35.693365820153616]]]}},{"type":"Feature","properties":{"height":29.5,"gml_id":"bldg_4576a7f8-a4f5-49ff-93bb-4764cb7c76a2"},"geometry":{"type":"Polygon","coordinates":[[[139.75852080704396,35.69908707615677],[139.75847536809462,35.699134848401684],[139.75862767186715,35.6992312173303],[139.75862408807734,35.69923498282801],[139.75863118918198,35.6992394850658],[139.75860012963778,35.699272140408375],[139.75856912922774,35.69927693356624],[139.75840232507767,35.69917137960349],[139.7584007086555,35.69916286967497],[139.75849083447204,35.69906811075054],[139.75852080704396,35.69908707615677]]]}},{"type":"Feature","properties":{"height":15.1,"gml_id":"bldg_c0d2c853-34ae-4386-a430-d4e5457104ad"},"geometry":{"type":"Polygon","coordinates":[[[139.75487679102946,35.696014971559414],[139.75487356319823,35.6960501327748],[139.75486986625847,35.69609041256053],[139.75482357034298,35.69608758813039],[139.75482732255483,35.69604730838212],[139.7548306056543,35.6960121481054],[139.75487679102946,35.696014971559414]]]}},{"type":"Feature","properties":{"height":14.9,"gml_id":"bldg_23dc4ad7-9424-4dc3-9129-2801939bf04c"},"geometry":{"type":"Polygon","coordinates":[[[139.75833637466442,35.699433817146605],[139.75830934009178,35.69941622360732],[139.75827774456303,35.69939565270092],[139.7582302353234,35.69936474217119],[139.75819733670087,35.699343323143765],[139.75822963165513,35.6993132375777],[139.75826210061544,35.6993332682204],[139.7583088354743,35.69934149981453],[139.75834969413376,35.69937063858638],[139.75838774048347,35.699334878838116],[139.75843224777415,35.69936185656837],[139.7583606859121,35.69943311119598],[139.7583463290974,35.69942399842775],[139.75833637466442,35.699433817146605]]]}},{"type":"Feature","properties":{"height":14.9,"gml_id":"bldg_a8191476-821f-45de-ade8-ef07f17ef1e4"},"geometry":{"type":"Polygon","coordinates":[[[139.7568598003072,35.69681143655518],[139.75684203199506,35.69684621811817],[139.75682426366748,35.69688099967831],[139.75674428827793,35.69685381760701],[139.7567620566342,35.69681903605855],[139.7567798249741,35.69678425540864],[139.7568598003072,35.69681143655518]]]}},{"type":"Feature","properties":{"height":33.6,"gml_id":"bldg_ef5c27d1-8537-443e-bb27-4d412a8a1f9c"},"geometry":{"type":"Polygon","coordinates":[[[139.76250495957817,35.69441794181084],[139.76245081056595,35.69443731642677],[139.76241379150176,35.69446564269795],[139.7622261820797,35.69430221286107],[139.76226147454108,35.69427711343215],[139.76226365970578,35.69428009735442],[139.76232451957537,35.694256391192845],[139.76250495957817,35.69441794181084]]]}},{"type":"Feature","properties":{"height":26.1,"gml_id":"bldg_2ef4d797-ab26-4863-8619-80cc1697af07"},"geometry":{"type":"Polygon","coordinates":[[[139.7525802126558,35.69907297085967],[139.752599269914,35.69913211344007],[139.7525008958724,35.69915890821221],[139.7524731692822,35.69914951535408],[139.75252255039086,35.699053282321415],[139.7525802126558,35.69907297085967]]]}},{"type":"Feature","properties":{"height":20.4,"gml_id":"bldg_2c0d3133-fe37-4bea-9f3f-9e34a156719e"},"geometry":{"type":"Polygon","coordinates":[[[139.76222726429526,35.69634439227481],[139.76214754120068,35.69628052820684],[139.76227304916623,35.69617640406399],[139.7623527721697,35.69624036720051],[139.76222726429526,35.69634439227481]]]}},{"type":"Feature","properties":{"height":54.8,"gml_id":"bldg_a9eab070-87e6-4e44-b729-fbb5d087dfbc"},"geometry":{"type":"Polygon","coordinates":[[[139.7576791483905,35.69393584660684],[139.7578151224815,35.693948795430984],[139.75775727291563,35.694352707028294],[139.75759040632119,35.694336846210575],[139.75753961605346,35.69433200994256],[139.75755950408208,35.69419308534962],[139.7575773009485,35.6940687345814],[139.7575974335887,35.69392806057143],[139.7576791483905,35.69393584660684]]]}},{"type":"Feature","properties":{"height":34.3,"gml_id":"bldg_193fe0c4-4431-4758-b866-d3761b8ca31a"},"geometry":{"type":"Polygon","coordinates":[[[139.75618519594352,35.69497227568477],[139.75618239296296,35.69502586931886],[139.7561801417343,35.695068746022805],[139.75609832170562,35.69506590832309],[139.75591296981437,35.69505947065828],[139.75591871071643,35.694950228367226],[139.75603240778378,35.69495417732013],[139.7560353347043,35.69489820415301],[139.75630493693413,35.69490757093799],[139.75633969794342,35.694908782983724],[139.7563368841315,35.694962259437084],[139.75632815519953,35.69496195640165],[139.7563111723925,35.69496143175608],[139.75630212303926,35.694961109584966],[139.75618599511296,35.69495707009339],[139.75618519594352,35.69497227568477]]]}},{"type":"Feature","properties":{"height":23.5,"gml_id":"bldg_4b7affd1-1663-4907-b7c4-f224661536eb"},"geometry":{"type":"Polygon","coordinates":[[[139.75848599475015,35.69890227388781],[139.75850535419943,35.69891462566449],[139.75853712667805,35.698934899170936],[139.75855442098566,35.6989459336578],[139.7585875408139,35.698967064288304],[139.7585793335847,35.6989756131828],[139.75854300937777,35.699013457127485],[139.75852906148512,35.69902799655481],[139.75851940526044,35.699038049830726],[139.75848594310887,35.69901665757186],[139.75847267973555,35.69900817555488],[139.75839748385317,35.698960095718405],[139.758465508862,35.69888920031225],[139.75848599475015,35.69890227388781]]]}},{"type":"Feature","properties":{"height":8.0,"gml_id":"bldg_32501de5-faaa-4f40-8140-2832208af590"},"geometry":{"type":"Polygon","coordinates":[[[139.7566811554903,35.69331364874601],[139.75669261446725,35.69331288987764],[139.75672038341554,35.693311059745575],[139.75666846090513,35.69341630667652],[139.7566323328082,35.693412588046876],[139.7566811554903,35.69331364874601]]]}},{"type":"Feature","properties":{"height":32.4,"gml_id":"bldg_62308f8b-13ae-4a92-a053-03f597df9bc9"},"geometry":{"type":"Polygon","coordinates":[[[139.75783763659877,35.693848351000845],[139.75782445654713,35.69394001203052],[139.75759880167524,35.693918543869785],[139.7576019272486,35.69389668762153],[139.75760615393799,35.69386719656326],[139.7576119267681,35.69382684677527],[139.75783763659877,35.693848351000845]]]}},{"type":"Feature","properties":{"height":39.9,"gml_id":"bldg_8d493bd0-a876-49e5-b532-d228f1e54c88"},"geometry":{"type":"Polygon","coordinates":[[[139.75026776688543,35.698508402316925],[139.75026468668455,35.69849505993114],[139.75025241907832,35.69849694433953],[139.75024251884662,35.6984536717971],[139.75018350183282,35.69846264473414],[139.75014550410387,35.69844846698835],[139.75014330381597,35.69843909123079],[139.7501375568168,35.69843998862785],[139.75012391534796,35.698381569589785],[139.75014966622913,35.698377622265525],[139.7501473557224,35.69836797602105],[139.7504208899205,35.698325710261805],[139.75042551715595,35.69833905370951],[139.7504519311093,35.69833501573896],[139.75046248194937,35.69839036705696],[139.75044798204758,35.69841379266638],[139.75043759335122,35.69841531783984],[139.75043935353392,35.69842289055112],[139.75041592354972,35.698426479889854],[139.7504181237759,35.69843594577933],[139.75040364587815,35.69843809909134],[139.75040760591028,35.698455498240065],[139.7503872705098,35.69845854888365],[139.75039266089533,35.69848189805341],[139.75038614029367,35.698482885066205],[139.7503877904384,35.69849000701786],[139.75026776688543,35.698508402316925]]]}},{"type":"Feature","properties":{"height":23.2,"gml_id":"bldg_32afff1e-4ff7-4a60-8b38-a46b059cb8b8"},"geometry":{"type":"Polygon","coordinates":[[[139.75008175235394,35.695464440298224],[139.7501816288247,35.69547694822737],[139.7501594111931,35.69559077583076],[139.75005942399298,35.695578357943646],[139.75008175235394,35.695464440298224]]]}},{"type":"Feature","properties":{"height":11.2,"gml_id":"bldg_4e7f8f08-adca-4ad4-8840-7702c222df05"},"geometry":{"type":"Polygon","coordinates":[[[139.75603128926858,35.696823120913635],[139.75599578646637,35.69681110989882],[139.75603706989807,35.696729932060684],[139.75604172037825,35.69673151244293],[139.75604602696836,35.69672303332349],[139.7560555599152,35.69672625733192],[139.75606270063912,35.69671221858305],[139.7560840089289,35.696719425185684],[139.75603128926858,35.696823120913635]]]}},{"type":"Feature","properties":{"height":12.2,"gml_id":"bldg_0f84615f-3318-4daf-bb60-ad4fa6d5d5a6"},"geometry":{"type":"Polygon","coordinates":[[[139.76149045672273,35.694735117577665],[139.7614852369769,35.69465370366319],[139.76154855361762,35.69465103732821],[139.76154746376247,35.69463418106697],[139.76160348740044,35.69463178977839],[139.76165093933497,35.694675669674496],[139.76157138682407,35.69473211110851],[139.76149045672273,35.694735117577665]]]}},{"type":"Feature","properties":{"height":22.6,"gml_id":"bldg_d21c4332-4ae1-458e-9438-ef3f3dceac16"},"geometry":{"type":"Polygon","coordinates":[[[139.75943661173162,35.69778626330739],[139.75947089672974,35.69780179691196],[139.75947682812193,35.69780448663127],[139.75944418619653,35.697852509572144],[139.75939080364233,35.69782832010092],[139.75934985825702,35.69780977180746],[139.75932467470952,35.69779835400766],[139.75935731668437,35.697750331098824],[139.75943661173162,35.69778626330739]]]}},{"type":"Feature","properties":{"height":14.7,"gml_id":"bldg_83858c9c-7b7b-494c-a1f7-b06ac12dc93d"},"geometry":{"type":"Polygon","coordinates":[[[139.75929653022135,35.69686593338884],[139.75935655979785,35.69689484115157],[139.7593387467103,35.69691943758338],[139.75927869497198,35.6968905838804],[139.75925966442165,35.696881441301024],[139.7592774776083,35.696856754743905],[139.75929653022135,35.69686593338884]]]}},{"type":"Feature","properties":{"height":25.4,"gml_id":"bldg_afb5e851-d39d-4c09-bf5c-a7ea639c0844"},"geometry":{"type":"Polygon","coordinates":[[[139.7520547209223,35.69618600074103],[139.75210128850634,35.69619329721099],[139.75213216785033,35.69619813135686],[139.75219160645304,35.69620743841464],[139.7521866241221,35.69622812959364],[139.75220948259553,35.69623169639548],[139.7522001609432,35.69627098981391],[139.7521606861576,35.696264815863216],[139.75204060463903,35.69624602240352],[139.75202836337934,35.69624410323327],[139.75203541047824,35.696214092395564],[139.75204245757183,35.69618408155729],[139.7520547209223,35.69618600074103]]]}},{"type":"Feature","properties":{"height":17.9,"gml_id":"bldg_a5b7870b-9941-45ed-8866-c27f3468a88a"},"geometry":{"type":"Polygon","coordinates":[[[139.7608769721338,35.696468336603374],[139.7608528527078,35.69650230370606],[139.76078083842313,35.696468278700756],[139.7608049578693,35.69643431161234],[139.7608769721338,35.696468336603374]]]}},{"type":"Feature","properties":{"height":8.9,"gml_id":"bldg_8d8e3aa1-08e4-4c4e-8808-c25a09448a30"},"geometry":{"type":"Polygon","coordinates":[[[139.75865435667535,35.69802400338238],[139.7586423148711,35.69804472739958],[139.75863026201057,35.698065451408645],[139.75856343322673,35.69803954062487],[139.7585754971423,35.69801882564298],[139.75858757210165,35.697998110666646],[139.75860052142238,35.69797588193183],[139.75864533484975,35.69789897789464],[139.75868099139345,35.69791296222],[139.75871625029887,35.69792678404185],[139.75867153660982,35.69800343578365],[139.75866279308556,35.698018420127745],[139.75865870632626,35.69801652471755],[139.75865435667535,35.69802400338238]]]}},{"type":"Feature","properties":{"height":43.4,"gml_id":"bldg_7f56a19b-10f0-4b1d-be6e-6aab14051260"},"geometry":{"type":"Polygon","coordinates":[[[139.7582330586839,35.69834533172119],[139.75823039132226,35.69834989999791],[139.75824137120273,35.69835409821381],[139.75817637888574,35.698467089325455],[139.75802333430624,35.69840857594807],[139.75809092779943,35.69829107969892],[139.7582330586839,35.69834533172119]]]}},{"type":"Feature","properties":{"height":29.4,"gml_id":"bldg_e3822c3f-8e25-461a-83b6-8a5269e30a26"},"geometry":{"type":"Polygon","coordinates":[[[139.75854484842895,35.6977066525751],[139.75850334229838,35.697779999126794],[139.7583978515117,35.697740363399525],[139.75843935771735,35.69766701778521],[139.75854484842895,35.6977066525751]]]}},{"type":"Feature","properties":{"height":35.3,"gml_id":"bldg_81af907e-9f1e-4bc9-b152-8a094d0823d8"},"geometry":{"type":"Polygon","coordinates":[[[139.76235548031894,35.69393226790241],[139.76236885035974,35.69393211443966],[139.76236860831912,35.69391845764462],[139.76238095075482,35.69391830267336],[139.7623804246336,35.69388854814929],[139.76243742959142,35.69388789669393],[139.76243916525885,35.69398676895856],[139.76235644772555,35.69398773876392],[139.76235548031894,35.69393226790241]]]}},{"type":"Feature","properties":{"height":44.3,"gml_id":"bldg_2b502405-f7f7-43f4-9881-4b105d5d4639"},"geometry":{"type":"Polygon","coordinates":[[[139.7598993565073,35.6984346218311],[139.7596349172778,35.69880537355502],[139.75934077988512,35.69866584056767],[139.75939543845885,35.69858916855479],[139.75940102601191,35.69858133909027],[139.75943372146577,35.6985355335677],[139.75948441869798,35.69846451877663],[139.75951271041765,35.69842488490761],[139.75951415986106,35.698422848702535],[139.75955266410134,35.698368790168274],[139.75960910562378,35.698395505272565],[139.75966166150133,35.69832180456229],[139.7598993565073,35.6984346218311]]]}},{"type":"Feature","properties":{"height":2.6,"gml_id":"bldg_2990a046-b76f-4837-b20f-64cf8c1d2ebe"},"geometry":{"type":"Polygon","coordinates":[[[139.75064045645573,35.69286608673867],[139.75065724235486,35.69287493169196],[139.75064485089055,35.69289060701523],[139.75062806498946,35.69288176206022],[139.75064045645573,35.69286608673867]]]}},{"type":"Feature","properties":{"height":17.2,"gml_id":"bldg_ee56482c-816b-460d-b11c-c7f3668e66d9"},"geometry":{"type":"Polygon","coordinates":[[[139.75896128476364,35.69655883843936],[139.75891313972159,35.69664290643801],[139.7588913018256,35.696634599436514],[139.75883714340563,35.69661401471272],[139.75885039172627,35.696590767583494],[139.75886204628586,35.69657028667044],[139.75886352938969,35.69656768263073],[139.75887034723434,35.69655571666424],[139.75896128476364,35.69655883843936]]]}},{"type":"Feature","properties":{"height":17.9,"gml_id":"bldg_69668a82-8f69-40db-b22b-9e7e6d80b667"},"geometry":{"type":"Polygon","coordinates":[[[139.7567227173424,35.69967425062201],[139.75679980490057,35.699696680646916],[139.75681626527776,35.69970146836605],[139.756786612577,35.69974110974005],[139.756778890449,35.69973897759882],[139.75670438685805,35.69971839701169],[139.75666416333206,35.69970728456243],[139.7566051040364,35.69969096821051],[139.75662514089788,35.69965357417556],[139.7566799353266,35.69966929289851],[139.75668336712823,35.699662805228456],[139.7567227173424,35.69967425062201]]]}},{"type":"Feature","properties":{"height":18.2,"gml_id":"bldg_e5ab9898-860a-4b91-bf3f-4b80cfa7798d"},"geometry":{"type":"Polygon","coordinates":[[[139.757405364158,35.69787547863764],[139.7574736952273,35.697901400025174],[139.75745819937237,35.69792861160472],[139.75738985721773,35.69790270822887],[139.75732553588682,35.697878321653114],[139.75734114227745,35.697851110160244],[139.757405364158,35.69787547863764]]]}},{"type":"Feature","properties":{"height":4.7,"gml_id":"bldg_9f1f003e-4dfd-4e09-a28d-dcba030135f9"},"geometry":{"type":"Polygon","coordinates":[[[139.75778329691883,35.69862640359441],[139.75773830734408,35.69867788858543],[139.75772473414787,35.69866999308225],[139.7577697126767,35.698618508089304],[139.75778329691883,35.69862640359441]]]}},{"type":"Feature","properties":{"height":69.8,"gml_id":"bldg_3ce93b54-f7ce-4f94-851b-756ef1d61d41"},"geometry":{"type":"Polygon","coordinates":[[[139.75831544388035,35.69370145603458],[139.75774634107793,35.69364242087157],[139.75779681117845,35.69331841012997],[139.7583692262907,35.693377718431215],[139.75835977742295,35.69343846396684],[139.75837922257008,35.693440459089224],[139.75834709666302,35.69364667157562],[139.7583243369649,35.69364431473633],[139.75831544388035,35.69370145603458]]]}},{"type":"Feature","properties":{"height":39.7,"gml_id":"bldg_59b701f3-e2bd-4e71-8379-afde1b23aabf"},"geometry":{"type":"Polygon","coordinates":[[[139.7543744401171,35.69807151439202],[139.7544593734394,35.69810272138713],[139.7544403001194,35.698137267376254],[139.75435443127347,35.698292751302915],[139.75424385980668,35.6982521171],[139.75434880218134,35.69806208727958],[139.7543744401171,35.69807151439202]]]}},{"type":"Feature","properties":{"height":8.5,"gml_id":"bldg_9ce5123f-1b37-4277-b79f-65e7305403fc"},"geometry":{"type":"Polygon","coordinates":[[[139.75603875643975,35.698852531136595],[139.75599237376963,35.6988348615544],[139.75604267193057,35.698745613268365],[139.7560681002362,35.698755139035235],[139.75609352853922,35.69876467381043],[139.75611734410592,35.69877360362854],[139.7561000763776,35.69880414895731],[139.75607632711356,35.698795210164704],[139.7560430091236,35.69885422844082],[139.75603875643975,35.698852531136595]]]}},{"type":"Feature","properties":{"height":20.8,"gml_id":"bldg_30cec12c-666e-4f96-a527-0dd473132029"},"geometry":{"type":"Polygon","coordinates":[[[139.75558946592125,35.69810219464668],[139.755605789155,35.698134024416035],[139.75553427369536,35.6982698136254],[139.75550338860302,35.69825848959136],[139.75547173028258,35.69824688742758],[139.75542745725352,35.69823066118121],[139.7554165215541,35.69822665202474],[139.75551247693141,35.69807122794082],[139.75558946592125,35.69810219464668]]]}},{"type":"Feature","properties":{"height":29.8,"gml_id":"bldg_bff9909b-d476-44ca-a34d-89229c0b23a6"},"geometry":{"type":"Polygon","coordinates":[[[139.76143771198355,35.691711874647716],[139.76159717874884,35.69169430292668],[139.7616305771854,35.691895508611886],[139.76147101058376,35.691913080316766],[139.76143771198355,35.691711874647716]]]}},{"type":"Feature","properties":{"height":18.0,"gml_id":"bldg_76399d23-a26f-4db1-995e-3e0000ebc41c"},"geometry":{"type":"Polygon","coordinates":[[[139.75995685282797,35.697792611712785],[139.75995047937843,35.69780202713472],[139.75992175453354,35.697844509173194],[139.75991060097107,35.69786099742505],[139.75987055000567,35.69784299067573],[139.7598631716125,35.69783967814801],[139.75985117621332,35.697834280638844],[139.75989742810546,35.69776589494915],[139.75995685282797,35.697792611712785]]]}},{"type":"Feature","properties":{"height":15.0,"gml_id":"bldg_f3b04a47-35b7-427b-829f-f11edb529157"},"geometry":{"type":"Polygon","coordinates":[[[139.7590560300281,35.69719833638794],[139.75907077600627,35.697204501837554],[139.75909184011238,35.69721331219394],[139.7590799328142,35.697232233602435],[139.75903241423202,35.69730773901851],[139.7589858014425,35.69728824066389],[139.75903332006533,35.697212726252324],[139.75904522736326,35.69719381386207],[139.7590560300281,35.69719833638794]]]}},{"type":"Feature","properties":{"height":39.3,"gml_id":"bldg_471355e5-569b-4af6-88e4-4286476e6817"},"geometry":{"type":"Polygon","coordinates":[[[139.75208780675135,35.69592190383984],[139.75207404468148,35.69598138492639],[139.75194213097927,35.69596092486054],[139.7519608869672,35.69588035512231],[139.75197867425638,35.69588316138975],[139.75199088245708,35.695830529670204],[139.751984695506,35.69582962412001],[139.75200234187005,35.695753559569084],[139.75215027492186,35.695776464972646],[139.75212907760084,35.695867488979424],[139.75208780675135,35.69592190383984]]]}},{"type":"Feature","properties":{"height":59.7,"gml_id":"bldg_72a351ef-290e-434a-894a-98b799c08dfc"},"geometry":{"type":"Polygon","coordinates":[[[139.76107470613485,35.699595268735656],[139.76110908574333,35.69966639835623],[139.76112770392265,35.69970491600227],[139.76115319362412,35.69975767939319],[139.7611926029301,35.699839231827404],[139.76121533529795,35.69988626084593],[139.7611271944371,35.69991458309584],[139.7609333594958,35.69997685941368],[139.76091066034644,35.699929910584494],[139.76082712156463,35.69975708682265],[139.76079272008366,35.69968593908219],[139.76078721630694,35.69967454156191],[139.76106919128935,35.69958385409544],[139.76107470613485,35.699595268735656]]]}},{"type":"Feature","properties":{"height":11.8,"gml_id":"bldg_7adfbed7-062c-4067-b50b-3e0afb703c3c"},"geometry":{"type":"Polygon","coordinates":[[[139.75866175683356,35.69707940917538],[139.7586339655399,35.69712754307538],[139.75860414276335,35.69713827789962],[139.75859666463438,35.69713539788922],[139.7586349482312,35.69706910791982],[139.75866175683356,35.69707940917538]]]}},{"type":"Feature","properties":{"height":15.6,"gml_id":"bldg_0ecef0f9-1d2c-458d-8b69-bb1aa0f8efbe"},"geometry":{"type":"Polygon","coordinates":[[[139.76014847115067,35.69203612278696],[139.760147112734,35.692059611662536],[139.7601402967694,35.692178993969634],[139.7601391381487,35.69220148244538],[139.76008749568143,35.69219949506223],[139.76008878689944,35.692177015681345],[139.76009568028533,35.69205763342428],[139.76009703871702,35.692034144549275],[139.76014847115067,35.69203612278696]]]}},{"type":"Feature","properties":{"height":2.9,"gml_id":"bldg_4d374e52-6961-47a4-98b0-1ac319e2a9f1"},"geometry":{"type":"Polygon","coordinates":[[[139.7511005718266,35.69596810468807],[139.7510828956953,35.695964667408354],[139.75110218875074,35.69589996227171],[139.7511197542784,35.69590348961001],[139.7511005718266,35.69596810468807]]]}},{"type":"Feature","properties":{"height":31.2,"gml_id":"bldg_c7eb3496-3142-48ef-95dd-bc1a34f3fda7"},"geometry":{"type":"Polygon","coordinates":[[[139.75564962300447,35.6968029098852],[139.75559818142645,35.696887018592086],[139.75555831633423,35.69695220780538],[139.7554786778837,35.69691979717008],[139.7555008127437,35.696883756715636],[139.75540836158274,35.696846109806934],[139.7554776440135,35.69673294266181],[139.75564962300447,35.6968029098852]]]}},{"type":"Feature","properties":{"height":31.2,"gml_id":"bldg_5ead0ece-e16f-4978-90fa-16b12d045451"},"geometry":{"type":"Polygon","coordinates":[[[139.75608153755164,35.69843403496753],[139.75604079612296,35.69851377996874],[139.75589133689343,35.69846293683418],[139.75590949342939,35.698427434575876],[139.75589016199297,35.698420932283746],[139.75591274701728,35.698376689594504],[139.75608153755164,35.69843403496753]]]}},{"type":"Feature","properties":{"height":11.6,"gml_id":"bldg_d404a638-466a-45cd-a015-92b12532838e"},"geometry":{"type":"Polygon","coordinates":[[[139.75463381567286,35.69600516920306],[139.75462655820664,35.696081600577536],[139.75466556151096,35.69608414990708],[139.75466215609774,35.69612001316696],[139.7546578575603,35.69616517797416],[139.7545864802296,35.69616062355457],[139.7545907677209,35.69611549569883],[139.75459418429543,35.696079551325006],[139.7545969087449,35.696050763370664],[139.7546014418366,35.69600307488407],[139.75463381567286,35.69600516920306]]]}},{"type":"Feature","properties":{"height":13.5,"gml_id":"bldg_564ec1be-788a-4aaa-b694-396f1eff96f8"},"geometry":{"type":"Polygon","coordinates":[[[139.7557683015938,35.69953873243411],[139.75574958253742,35.69958423859421],[139.75571613189936,35.699665519594234],[139.75564962671615,35.69964736008115],[139.75567448207977,35.69958702857653],[139.75570190709578,35.69952048108127],[139.7557683015938,35.69953873243411]]]}},{"type":"Feature","properties":{"height":23.7,"gml_id":"bldg_b4fd1904-1ba6-4f7a-9681-1851d325f9a7"},"geometry":{"type":"Polygon","coordinates":[[[139.7533827288952,35.69636651495954],[139.7533814594718,35.696387344760346],[139.75337633703222,35.696471204754545],[139.75337419137438,35.696506401798835],[139.75334706506015,35.696505302134234],[139.75331993874752,35.69650420156216],[139.75332211757782,35.69646900544227],[139.7533272953241,35.69638514458575],[139.75332858686033,35.69636431570159],[139.7533827288952,35.69636651495954]]]}},{"type":"Feature","properties":{"height":16.0,"gml_id":"bldg_4c1cb1f8-0208-471c-beeb-3d4ba1743ed1"},"geometry":{"type":"Polygon","coordinates":[[[139.76095864151745,35.696505152587726],[139.76099129112865,35.69652041436836],[139.7609659543774,35.69655645391124],[139.76093331580623,35.69654119213046],[139.76085572330533,35.696504919405456],[139.76088106008976,35.696468879885494],[139.76095864151745,35.696505152587726]]]}},{"type":"Feature","properties":{"height":7.4,"gml_id":"bldg_5c9f585e-1cf0-4550-b9e2-5431cf969fa7"},"geometry":{"type":"Polygon","coordinates":[[[139.7571408352903,35.697331281147925],[139.75719872888826,35.697351616611584],[139.75721453613122,35.69735717002855],[139.75719206407047,35.69739988071408],[139.75717620158792,35.69739430923186],[139.75711829689772,35.69737399177785],[139.75707088621755,35.697357350418606],[139.75708218858645,35.697335985214536],[139.7570934688314,35.69731463892409],[139.7571408352903,35.697331281147925]]]}},{"type":"Feature","properties":{"height":41.2,"gml_id":"bldg_17aff366-b9b3-4a34-9cd0-9ae5ac57b606"},"geometry":{"type":"Polygon","coordinates":[[[139.75180522030118,35.69697431376932],[139.7517790036907,35.6970780616288],[139.7516912821938,35.69706330984842],[139.75171746574486,35.696959580012816],[139.75173536358054,35.696962566664645],[139.75175744168615,35.696875419228654],[139.75182726525773,35.69688709418865],[139.75180522030118,35.69697431376932]]]}},{"type":"Feature","properties":{"height":30.9,"gml_id":"bldg_afe47cec-0dbe-456a-92dc-3843a5462a88"},"geometry":{"type":"Polygon","coordinates":[[[139.75585377966317,35.69559340383774],[139.75585292204002,35.695623274667895],[139.75584932012714,35.695748616777564],[139.75584255780146,35.69574848623292],[139.75577133237059,35.69574713337624],[139.75576567499408,35.6957470305803],[139.75576918865735,35.69562167038891],[139.7557700241075,35.69559190770942],[139.75585377966317,35.69559340383774]]]}},{"type":"Feature","properties":{"height":28.1,"gml_id":"bldg_999d5935-7754-4ffd-b31e-da4e65ac56c1"},"geometry":{"type":"Polygon","coordinates":[[[139.7551375313498,35.6979974963405],[139.75512433782293,35.6980198687625],[139.75508722380113,35.69800531457432],[139.75506425950317,35.69799631299547],[139.75503199461986,35.69798366383177],[139.7550823557835,35.697898336931054],[139.75519800555324,35.69794375091854],[139.7551821223766,35.697970745624424],[139.75516646055988,35.697997361896824],[139.75514304340516,35.69798815272404],[139.7551375313498,35.6979974963405]]]}},{"type":"Feature","properties":{"height":40.2,"gml_id":"bldg_1fbfb97f-710c-49ae-9b88-665b4c56c0a1"},"geometry":{"type":"Polygon","coordinates":[[[139.7514933505709,35.69644105041825],[139.75146908920016,35.69643703184186],[139.75140844684307,35.69642697637327],[139.75135193644113,35.69641760872888],[139.751371785939,35.696348937908034],[139.75126893619003,35.69632525196151],[139.75129447071274,35.69631607539989],[139.7513182322736,35.69631176501899],[139.75134143921846,35.69630952740492],[139.75136420140177,35.696309993591335],[139.75155300826003,35.69634410363045],[139.75154888165372,35.69635983873427],[139.75153104416813,35.69642773577401],[139.75149823174954,35.69642221511931],[139.7514933505709,35.69644105041825]]]}},{"type":"Feature","properties":{"height":28.2,"gml_id":"bldg_c7dc8118-24be-482f-adf1-e50543d40437"},"geometry":{"type":"Polygon","coordinates":[[[139.76091648408342,35.69495533969064],[139.76093037314266,35.694955726620364],[139.7609293789152,35.69497990976704],[139.76092845281818,35.69500206487313],[139.7609266136928,35.6950441396965],[139.7609297092179,35.69509124712959],[139.76093111918718,35.69512055240197],[139.76089893300275,35.69511888263155],[139.76077064130362,35.69511221635607],[139.76075878377105,35.695089188230504],[139.76075886477113,35.694950999317065],[139.76091648408342,35.69495533969064]]]}},{"type":"Feature","properties":{"height":22.4,"gml_id":"bldg_8c45d74a-532f-47d5-8a83-eb59d0f40d2b"},"geometry":{"type":"Polygon","coordinates":[[[139.75932185936455,35.697843573964334],[139.7594073619352,35.69788241241665],[139.75939496907608,35.697900611559355],[139.75940667721878,35.697905937729324],[139.75939505894118,35.69792296556786],[139.75938333974506,35.697917641192724],[139.759368660378,35.69791097105628],[139.7593295154055,35.69789319002613],[139.75927466387893,35.69786826859013],[139.75928502076937,35.697853078780085],[139.75929867505107,35.69783304073006],[139.75932185936455,35.697843573964334]]]}},{"type":"Feature","properties":{"height":22.3,"gml_id":"bldg_13bb1cee-730b-48b3-8548-3e6154378305"},"geometry":{"type":"Polygon","coordinates":[[[139.75231056867855,35.69985607915503],[139.75230515529773,35.699865738184094],[139.7522638740912,35.69993937925551],[139.75225521708518,35.69995483189851],[139.7522261214591,35.69994400488612],[139.7522035209865,35.69993559791277],[139.75221221117877,35.69992011825476],[139.7522448685849,35.699861920852015],[139.7522535366332,35.69984646821697],[139.7522589832246,35.69983675513047],[139.75231056867855,35.69985607915503]]]}},{"type":"Feature","properties":{"height":22.9,"gml_id":"bldg_a1bc1fae-7bb8-41cb-9ac3-f84e2c8fb0dc"},"geometry":{"type":"Polygon","coordinates":[[[139.76135951659353,35.69474980469562],[139.7613521917549,35.69466254774072],[139.76148114708818,35.69465541382429],[139.7614884721475,35.69474258063469],[139.76135951659353,35.69474980469562]]]}},{"type":"Feature","properties":{"height":8.1,"gml_id":"bldg_4f53e7b1-d9d7-471a-add5-6f1c642b7b2c"},"geometry":{"type":"Polygon","coordinates":[[[139.7562806724427,35.69911118080778],[139.75625255553663,35.699162450695674],[139.75603317546006,35.69908217832214],[139.75605520408172,35.699042081550694],[139.7562806724427,35.69911118080778]]]}},{"type":"Feature","properties":{"height":2.0,"gml_id":"bldg_9576b1c6-f0dd-4d2d-9422-8d0db3838135"},"geometry":{"type":"Polygon","coordinates":[[[139.75490955648854,35.691779547930345],[139.7549338618255,35.69178253828256],[139.75493008489562,35.69180317719514],[139.75490566906046,35.691800186770195],[139.75490955648854,35.691779547930345]]]}},{"type":"Feature","properties":{"height":11.7,"gml_id":"bldg_b63c419d-e2de-4f9a-bf16-5ce948e53b72"},"geometry":{"type":"Polygon","coordinates":[[[139.75892785507614,35.6998578996656],[139.75886217585457,35.69991311295592],[139.75884859542415,35.699924533909375],[139.75882387192786,35.699904967919366],[139.75875288166105,35.69984878670787],[139.75883215236695,35.69978215343448],[139.75892785507614,35.6998578996656]]]}},{"type":"Feature","properties":{"height":17.3,"gml_id":"bldg_4335d79f-014e-4fa4-a826-f3ae40288dfa"},"geometry":{"type":"Polygon","coordinates":[[[139.75183375749356,35.69734823904254],[139.75183136172993,35.69735705281043],[139.75182930982652,35.69736457785325],[139.7518186065616,35.697403915367516],[139.7518122400402,35.69742732862554],[139.7518058069766,35.69745097619401],[139.75172670368582,35.697436590824346],[139.75173312565735,35.69741300634836],[139.7517522363621,35.697342731439626],[139.75175465429913,35.69733385369112],[139.75183375749356,35.69734823904254]]]}},{"type":"Feature","properties":{"height":8.7,"gml_id":"bldg_261b25e7-3a91-4f88-9278-b0558373b1e1"},"geometry":{"type":"Polygon","coordinates":[[[139.75977745946665,35.695106052131145],[139.75977438488923,35.69518006170231],[139.75968112804568,35.69517739070869],[139.75968420160416,35.69510338113933],[139.75977745946665,35.695106052131145]]]}},{"type":"Feature","properties":{"height":18.0,"gml_id":"bldg_bda2fc57-7a70-45f5-b2c4-348f88c427fe"},"geometry":{"type":"Polygon","coordinates":[[[139.75142891151233,35.696534703923945],[139.7514199499691,35.696567219228115],[139.75140905859683,35.6966067188296],[139.7514019936096,35.6966323489619],[139.75135359312435,35.69662351864591],[139.7513607244615,35.6965978534082],[139.7513716048074,35.69655835290216],[139.7513806104396,35.69652596382328],[139.75142891151233,35.696534703923945]]]}},{"type":"Feature","properties":{"height":2.5,"gml_id":"bldg_75d0c05d-0875-472b-be56-d416ef625a63"},"geometry":{"type":"Polygon","coordinates":[[[139.7506120236008,35.69290095021454],[139.7506242824313,35.69290672740426],[139.75059971720418,35.69294123298631],[139.75058745846331,35.69293536565721],[139.7506120236008,35.69290095021454]]]}},{"type":"Feature","properties":{"height":9.8,"gml_id":"bldg_612fc160-196c-4f27-93a6-6a427034ec91"},"geometry":{"type":"Polygon","coordinates":[[[139.75759993521342,35.69838784022055],[139.75759079092336,35.69840569960064],[139.75752848830408,35.6983844782105],[139.75753759942964,35.698366645855266],[139.75758050912063,35.698282665274704],[139.75759004091094,35.69826400392042],[139.75769211105023,35.698298770810204],[139.75768259038918,35.69831736908365],[139.7576534748178,35.69837428124859],[139.75761381769075,35.69836073577429],[139.75759993521342,35.69838784022055]]]}},{"type":"Feature","properties":{"height":30.4,"gml_id":"bldg_53c8af44-4ad4-44ef-afdf-378de59639bf"},"geometry":{"type":"Polygon","coordinates":[[[139.75751811011324,35.69533973655263],[139.75751742135694,35.69535529375568],[139.757516043818,35.6953864352027],[139.75751269044093,35.695462094041865],[139.7575108837944,35.695502970007894],[139.7573655949876,35.69549873210777],[139.75736740174233,35.69545782008923],[139.7573707442067,35.69538216124725],[139.75737212180212,35.69535101980194],[139.75737281055237,35.695335498654515],[139.75751811011324,35.69533973655263]]]}},{"type":"Feature","properties":{"height":33.6,"gml_id":"bldg_6e4c78f1-d312-4624-8339-d615058ce69b"},"geometry":{"type":"Polygon","coordinates":[[[139.75881731793598,35.69612915588889],[139.75884378171486,35.696129713089235],[139.75884045743092,35.696234810697256],[139.75883968315844,35.696259417600835],[139.75878675551542,35.69625830319244],[139.75878743872124,35.69623658061465],[139.75878752980412,35.6962336962892],[139.75879085415747,35.69612859868271],[139.75881731793598,35.69612915588889]]]}},{"type":"Feature","properties":{"height":7.6,"gml_id":"bldg_f83e13e6-f8f9-4b25-9e23-d34955e08c91"},"geometry":{"type":"Polygon","coordinates":[[[139.7528156161055,35.69277345824649],[139.75284089364524,35.692798803642425],[139.75277698547714,35.69284148582237],[139.75275159736006,35.692816230476176],[139.7528156161055,35.69277345824649]]]}},{"type":"Feature","properties":{"height":9.0,"gml_id":"bldg_1aa11847-a75d-4f0b-96f8-184930050ac8"},"geometry":{"type":"Polygon","coordinates":[[[139.75941475961656,35.69573346343055],[139.7594126948323,35.69577971142697],[139.75941024621912,35.69583477367865],[139.75937776082824,35.69583376221884],[139.75938020942294,35.69577874413493],[139.75938227426755,35.69573245107062],[139.75941475961656,35.69573346343055]]]}},{"type":"Feature","properties":{"height":23.1,"gml_id":"bldg_8e9c0836-b9f3-442e-9270-0f30dbf31844"},"geometry":{"type":"Polygon","coordinates":[[[139.75475202514255,35.699069992438616],[139.75475809789486,35.699074953030305],[139.75477079095933,35.6990899240386],[139.75477399180753,35.699093711876905],[139.7547820426386,35.69910985163375],[139.75478291251156,35.69912427410336],[139.75466039978505,35.69908940125568],[139.7546598616179,35.699074798728134],[139.75462649264162,35.699072072807525],[139.75461842714034,35.69907089575403],[139.75461224088363,35.69906899883387],[139.75460738118383,35.69906656195967],[139.7546030746159,35.699063493587474],[139.75459921085226,35.69905961607549],[139.75459634435546,35.69905294407081],[139.75459612804772,35.69904816667425],[139.75459745752826,35.699044652205224],[139.7546002235353,35.69904113867578],[139.75460343084063,35.69903834743141],[139.75460829550096,35.699035735741894],[139.75462255354216,35.699032410001074],[139.75464056927132,35.699028455756945],[139.75465371910192,35.69902837421593],[139.75465990686166,35.69902873880785],[139.75466609462146,35.69902910339943],[139.7546762590383,35.69903091277952],[139.75469006798724,35.69903479768831],[139.75470288197667,35.69903913263004],[139.75472419852147,35.699049692568565],[139.7547414255221,35.69906124133904],[139.75475202514255,35.699069992438616]]]}},{"type":"Feature","properties":{"height":14.4,"gml_id":"bldg_4b0721c5-5e56-4d90-bd7d-fb81c268a2ea"},"geometry":{"type":"Polygon","coordinates":[[[139.76244861063356,35.6960742922856],[139.76236877295858,35.696139864936754],[139.76233509525537,35.69611253358645],[139.76241493293057,35.696046960957325],[139.76244861063356,35.6960742922856]]]}},{"type":"Feature","properties":{"height":8.0,"gml_id":"bldg_b73c9bbe-573c-41d7-a38a-ba5b72e66180"},"geometry":{"type":"Polygon","coordinates":[[[139.75823380155268,35.69922652759235],[139.75822253032604,35.69923829333872],[139.75820946720034,35.69925193191162],[139.75815568479,35.69921755618006],[139.7581623214423,35.69921061978436],[139.75817690905623,35.69920923177146],[139.75820287942022,35.6992067692192],[139.75823380155268,35.69922652759235]]]}},{"type":"Feature","properties":{"height":61.3,"gml_id":"bldg_ffb7f82f-a8c0-4784-8386-ec96c1cc31fb"},"geometry":{"type":"Polygon","coordinates":[[[139.7538214552381,35.69676385870312],[139.75384525042958,35.69672565636315],[139.75391807127835,35.696612131903436],[139.75406983253737,35.69667686010285],[139.75400675065922,35.696775338205576],[139.75403911319256,35.69678914957546],[139.75406246441813,35.69675284067692],[139.75412491415324,35.69677951724599],[139.75413094485467,35.69678209011637],[139.7541986745701,35.69667649418717],[139.7542571039582,35.696701320238056],[139.75422976855543,35.696744027179484],[139.75428565750582,35.69676786004068],[139.7542452631652,35.69683086625742],[139.7540596697415,35.697120327057355],[139.75405838849267,35.697119776378386],[139.75403580088692,35.69711014389188],[139.7539017664818,35.697052980826044],[139.7538822384567,35.69704464830113],[139.75384445260585,35.697028542929424],[139.75369263564107,35.69696378737142],[139.75374729550816,35.69687895961227],[139.75380823023264,35.69678438315769],[139.7538214552381,35.69676385870312]]]}},{"type":"Feature","properties":{"height":9.9,"gml_id":"bldg_3ed2eb68-b9f4-4c40-8a0b-75aed327ac75"},"geometry":{"type":"Polygon","coordinates":[[[139.7597598495941,35.69921548270265],[139.75952874976883,35.699378128448764],[139.75936402376232,35.69922236093186],[139.75959512338852,35.699059805634484],[139.7597598495941,35.69921548270265]]]}},{"type":"Feature","properties":{"height":9.6,"gml_id":"bldg_6225cd8e-9ddb-4e04-abe8-83b9a20876e7"},"geometry":{"type":"Polygon","coordinates":[[[139.75554131404832,35.69739341702766],[139.75551519344225,35.69743617010987],[139.7554892952635,35.69747856278228],[139.75544754277988,35.697461590035076],[139.7554582672717,35.69744405633039],[139.7554995604054,35.697376534434426],[139.75554131404832,35.69739341702766]]]}},{"type":"Feature","properties":{"height":61.8,"gml_id":"bldg_442e0e8e-b104-4c1a-9795-0741e1fcee44"},"geometry":{"type":"Polygon","coordinates":[[[139.757183107608,35.69880087295033],[139.7570546020385,35.69902451135265],[139.75713877406235,35.69905665339475],[139.75710899959168,35.69910855339249],[139.757024805485,35.69907634822001],[139.75683351874935,35.69900318888295],[139.75674922543857,35.69897095641316],[139.75690750617275,35.698695509430365],[139.757183107608,35.69880087295033]]]}},{"type":"Feature","properties":{"height":3.9,"gml_id":"bldg_aaa0cab7-2fcd-495f-963e-09aff27c4d32"},"geometry":{"type":"Polygon","coordinates":[[[139.75815372377602,35.69459623492615],[139.75818001825542,35.694600037097004],[139.75816304234243,35.694674659897885],[139.75813741013866,35.69467157923271],[139.75815372377602,35.69459623492615]]]}},{"type":"Feature","properties":{"height":9.1,"gml_id":"bldg_8923a49b-d7ec-49ac-9a3d-7fd07d2921e6"},"geometry":{"type":"Polygon","coordinates":[[[139.75853467052386,35.69499776195558],[139.75853342333127,35.69503174281127],[139.75844657499644,35.69502961566493],[139.758454120441,35.69499572886496],[139.75853467052386,35.69499776195558]]]}},{"type":"Feature","properties":{"height":32.4,"gml_id":"bldg_a3c3f331-0a09-4294-882a-6aaf66af27ee"},"geometry":{"type":"Polygon","coordinates":[[[139.76151418613617,35.692559388336726],[139.7614134043386,35.692572767594],[139.76138447392935,35.692428793419744],[139.76145994967044,35.69241874226117],[139.7614694093786,35.69246633122667],[139.76149482583182,35.69246293020472],[139.76151418613617,35.692559388336726]]]}},{"type":"Feature","properties":{"height":17.8,"gml_id":"bldg_debdee0a-45f3-43a2-b527-8e5a84f986ff"},"geometry":{"type":"Polygon","coordinates":[[[139.75425077324937,35.695603600586104],[139.7542460635791,35.695639689223874],[139.7542416545179,35.69567347866544],[139.75419359224338,35.695669300778356],[139.75420904018813,35.69563533832101],[139.75422449916954,35.69560137586875],[139.75425077324937,35.695603600586104]]]}},{"type":"Feature","properties":{"height":18.8,"gml_id":"bldg_7b91abf0-f49b-4874-8457-afe34533c10e"},"geometry":{"type":"Polygon","coordinates":[[[139.75343006417452,35.69920441674768],[139.75340017071773,35.699262354917515],[139.7533474790977,35.69924429344076],[139.75337737258673,35.69918635438251],[139.75343006417452,35.69920441674768]]]}},{"type":"Feature","properties":{"height":35.3,"gml_id":"bldg_6df77381-88b2-4b7f-b1ff-4fbbeb2fcfdc"},"geometry":{"type":"Polygon","coordinates":[[[139.75199218790576,35.69574192594494],[139.75192483570225,35.696017609295716],[139.75188282028932,35.6960107674236],[139.75183037561223,35.69600222209893],[139.75183420374552,35.69598654086458],[139.75184472271619,35.695943516614214],[139.75189772812766,35.69572653880071],[139.75199218790576,35.69574192594494]]]}},{"type":"Feature","properties":{"height":12.4,"gml_id":"bldg_a96760d0-1175-4716-89a4-48208c8cc0fe"},"geometry":{"type":"Polygon","coordinates":[[[139.7592643802522,35.69823439927763],[139.7592525079778,35.69825117456182],[139.7592334880094,35.698278024553495],[139.7592002057737,35.69832503659539],[139.75913205625343,35.69829299690679],[139.7591653938088,35.69824593894778],[139.7591844137832,35.69821909888178],[139.75919634136844,35.698202268654796],[139.7592643802522,35.69823439927763]]]}},{"type":"Feature","properties":{"height":40.2,"gml_id":"bldg_31465f8e-3862-4672-a47d-3a7303fcb839"},"geometry":{"type":"Polygon","coordinates":[[[139.75606695577767,35.698944931442185],[139.75602926621607,35.69893071879571],[139.75602759776666,35.698919135133714],[139.75602468157828,35.698918033590786],[139.75602273413443,35.6989092890616],[139.75601918831202,35.698907952758226],[139.75605963454515,35.69883661735224],[139.756085095954,35.698846224259874],[139.7561268394259,35.69886197091505],[139.7561263560377,35.698881971981315],[139.75612786935676,35.69888254982805],[139.7560968539718,35.698937252038],[139.75609299885457,35.69893579836038],[139.75608201123504,35.69893965818202],[139.75608060837453,35.69893912457269],[139.75606695577767,35.698944931442185]]]}},{"type":"Feature","properties":{"height":30.8,"gml_id":"bldg_197773f0-bef0-44bd-bd5d-806f5800e4ad"},"geometry":{"type":"Polygon","coordinates":[[[139.75207683480534,35.69948320561411],[139.7520961325701,35.699490168192824],[139.75212914976134,35.699502080426825],[139.7520754335868,35.69960087836377],[139.7520609527901,35.69962750403498],[139.75200051886682,35.69960561403708],[139.75195921702792,35.69959065855489],[139.75197256863498,35.69956608815474],[139.75202730353277,35.699465325065944],[139.75207683480534,35.69948320561411]]]}},{"type":"Feature","properties":{"height":39.4,"gml_id":"bldg_7ba98b31-e66d-4f73-83b2-fc11c7e89342"},"geometry":{"type":"Polygon","coordinates":[[[139.75249883079795,35.69540200028156],[139.75236925122297,35.6953688329409],[139.75251793011012,35.69498044261545],[139.75272793015728,35.695033943585955],[139.75262057648428,35.695314288591184],[139.7525402656899,35.695293953904404],[139.75249883079795,35.69540200028156]]]}},{"type":"Feature","properties":{"height":17.2,"gml_id":"bldg_00b79b38-0458-4f33-9009-78267503c167"},"geometry":{"type":"Polygon","coordinates":[[[139.75651884786666,35.699872719281686],[139.75646779195898,35.69999139695585],[139.75641918571236,35.699975501817555],[139.75647278057346,35.69985962002813],[139.75651884786666,35.699872719281686]]]}},{"type":"Feature","properties":{"height":15.2,"gml_id":"bldg_01390c24-61b0-4005-ab59-c93b70fecbd2"},"geometry":{"type":"Polygon","coordinates":[[[139.7588507962657,35.696571631763966],[139.75883603114028,35.69659807781557],[139.75882445367594,35.69661882017081],[139.75879872740617,35.69660925874376],[139.7587889295514,35.69660562015855],[139.75880772358784,35.69657192959813],[139.75881786216104,35.69655377328346],[139.75886104552043,35.696553268199224],[139.7588507962657,35.696571631763966]]]}},{"type":"Feature","properties":{"height":41.3,"gml_id":"bldg_78dbf87e-2648-46f5-95d1-27280a590baa"},"geometry":{"type":"Polygon","coordinates":[[[139.75652009266778,35.6947377461819],[139.7564621191077,35.69473379723149],[139.75646379237816,35.69471730323735],[139.75644230228133,35.69471583830769],[139.7561589866284,35.69469653896093],[139.75611230507468,35.694693363244895],[139.7560836663654,35.694691406925735],[139.75595355469204,35.69468254402077],[139.75597575248548,35.69446604931852],[139.75656609298343,35.69450635790495],[139.75655010946645,35.694662284645794],[139.75654222360626,35.69473925657495],[139.75652009266778,35.6947377461819]]]}},{"type":"Feature","properties":{"height":12.3,"gml_id":"bldg_0d1709b2-a0f5-496b-9cd0-ec4126568538"},"geometry":{"type":"Polygon","coordinates":[[[139.75756827203813,35.69686236123125],[139.75754447423057,35.69690516128876],[139.7574552997025,35.69687195275123],[139.75742396215395,35.69686028730334],[139.75743352520965,35.6968434737836],[139.75744133945628,35.69682974184329],[139.75746532320505,35.69682398819853],[139.75756827203813,35.69686236123125]]]}},{"type":"Feature","properties":{"height":31.7,"gml_id":"bldg_db0f3210-0627-4d77-a55e-a71d25204b91"},"geometry":{"type":"Polygon","coordinates":[[[139.7557924566057,35.69775908424002],[139.75566973396423,35.69771447658996],[139.755651690344,35.697747546094064],[139.75558519263103,35.69772334556976],[139.75566013406515,35.69758647688521],[139.75584924370318,35.69765528308736],[139.7557924566057,35.69775908424002]]]}},{"type":"Feature","properties":{"height":13.8,"gml_id":"bldg_af8b992e-e990-4e7d-b35f-d132ec0eb200"},"geometry":{"type":"Polygon","coordinates":[[[139.75716783050518,35.696784987374414],[139.75718817661345,35.696793202706345],[139.75723637989591,35.696812666708915],[139.75721557336615,35.69684708585876],[139.7571673258685,35.69682762181998],[139.75714695764614,35.6968194145829],[139.75713162625897,35.69681323140075],[139.7571525433149,35.69677881233519],[139.75716783050518,35.696784987374414]]]}},{"type":"Feature","properties":{"height":3.3,"gml_id":"bldg_bf4af820-a99b-4c8b-803e-1b6f97943a79"},"geometry":{"type":"Polygon","coordinates":[[[139.7536078426145,35.69211905017861],[139.7536741885577,35.69217948588307],[139.75362741620648,35.69221361684328],[139.75356118085273,35.692153091049676],[139.7536078426145,35.69211905017861]]]}},{"type":"Feature","properties":{"height":6.5,"gml_id":"bldg_a845b418-182a-4525-a864-4c25e3928cd0"},"geometry":{"type":"Polygon","coordinates":[[[139.75487770642292,35.69383933658851],[139.7548255327881,35.693859764566724],[139.7548126262652,35.693837943003],[139.75486491038305,35.693817516003676],[139.75487770642292,35.69383933658851]]]}},{"type":"Feature","properties":{"height":5.0,"gml_id":"bldg_f7552352-4d7a-441b-817b-25268c900d5d"},"geometry":{"type":"Polygon","coordinates":[[[139.75129687972745,35.69498884670205],[139.75126871550583,35.69503067808943],[139.75125007952875,35.69505834643953],[139.75118700389055,35.695030082436865],[139.75120563989296,35.69500240418136],[139.75123381517795,35.69496058182979],[139.75129687972745,35.69498884670205]]]}},{"type":"Feature","properties":{"height":28.7,"gml_id":"bldg_ec7fed70-1b4e-4abf-a3e0-55d1d6e7a1db"},"geometry":{"type":"Polygon","coordinates":[[[139.76098399588037,35.69517727943408],[139.76098219117074,35.695193512014164],[139.76098037541888,35.69520973557386],[139.76097673321328,35.69524179509772],[139.76098875445396,35.6952427036923],[139.76097479817508,35.69536560604725],[139.76087213132058,35.69535785560942],[139.76088848256953,35.69521379956555],[139.76089156787467,35.6951866611866],[139.76089339458773,35.69517055481281],[139.76098399588037,35.69517727943408]]]}},{"type":"Feature","properties":{"height":16.0,"gml_id":"bldg_e0d38132-dda5-445e-b6ff-5b1de419f754"},"geometry":{"type":"Polygon","coordinates":[[[139.76176976098935,35.69601800572568],[139.76169081279465,35.69595333058038],[139.76173913538258,35.69591414976108],[139.76181797299947,35.69597891494638],[139.76176976098935,35.69601800572568]]]}},{"type":"Feature","properties":{"height":31.3,"gml_id":"bldg_42fba807-110d-455f-b7b0-99dd1986c30e"},"geometry":{"type":"Polygon","coordinates":[[[139.75563111848015,35.69480528313125],[139.75534416815893,35.69479653455799],[139.75534925955768,35.694685579266846],[139.75535026429537,35.69466367663784],[139.75536668352942,35.69466417401285],[139.75546241450846,35.694667084305195],[139.75546399501138,35.69463256287389],[139.75549450195956,35.694633601151565],[139.75555658762556,35.69463572344468],[139.75564973270957,35.694638902328165],[139.75563111848015,35.69480528313125]]]}},{"type":"Feature","properties":{"height":32.0,"gml_id":"bldg_9e64503b-25ee-403c-9578-a4632cf3c517"},"geometry":{"type":"Polygon","coordinates":[[[139.76150501348974,35.69453302207619],[139.76150207124218,35.69448714060748],[139.76165655023996,35.69448065268894],[139.76166038234913,35.69452004482262],[139.76156617715424,35.694590025114806],[139.7615468628773,35.69460188463614],[139.76154572587572,35.69460064908176],[139.7613441734992,35.694609181866255],[139.7613397052988,35.69454004414592],[139.76150501348974,35.69453302207619]]]}},{"type":"Feature","properties":{"height":30.9,"gml_id":"bldg_8ddb9391-ffaa-418f-b6e4-f555618a2205"},"geometry":{"type":"Polygon","coordinates":[[[139.75972287313613,35.6956950907501],[139.75977435287936,35.69569623090313],[139.7598165399704,35.69569716705804],[139.7598451140491,35.695697797436566],[139.75984761124192,35.695697853043185],[139.7598426120771,35.69584747731315],[139.75984013697914,35.69584742171991],[139.75978862398847,35.69584628157465],[139.7597066363507,35.695844464772314],[139.75965863712295,35.69584339883008],[139.75966174093693,35.69574855864098],[139.75966352613284,35.69569377540182],[139.75972287313613,35.6956950907501]]]}},{"type":"Feature","properties":{"height":5.4,"gml_id":"bldg_7d725d58-c37d-42af-ad45-177348c6ce57"},"geometry":{"type":"Polygon","coordinates":[[[139.75101805734877,35.6983069209448],[139.75103688819786,35.698316253975534],[139.751005509491,35.698366492852],[139.7509263095928,35.69833786526241],[139.7509894928123,35.69825317981742],[139.75100473360547,35.698261302562955],[139.7509834882276,35.69828968115315],[139.75101805734877,35.6983069209448]]]}},{"type":"Feature","properties":{"height":37.6,"gml_id":"bldg_d2da775a-bd9c-4699-b558-05e722a93c39"},"geometry":{"type":"Polygon","coordinates":[[[139.75429840339586,35.694489026310556],[139.75432127530922,35.69448976242057],[139.75430943406002,35.69473222305566],[139.75429374405758,35.69473176207002],[139.754293068007,35.69474501175818],[139.75427781998667,35.694744551060666],[139.7542771432217,35.69475852184386],[139.75402864516226,35.69475051557565],[139.75404026279196,35.69451157106478],[139.75406689147738,35.69451239983458],[139.75406768046636,35.694496717425125],[139.75410215408112,35.69449782086198],[139.75410294252904,35.69448267837227],[139.75425509038837,35.69448764581131],[139.75429840339586,35.694489026310556]]]}},{"type":"Feature","properties":{"height":23.5,"gml_id":"bldg_de36e226-de5d-4874-9a6b-b27351e9ccac"},"geometry":{"type":"Polygon","coordinates":[[[139.76138839538757,35.69642844227826],[139.7613833717295,35.69643626316139],[139.76136825648524,35.696459797892516],[139.7613398360906,35.69644768542366],[139.7613223066905,35.69644021069928],[139.76134244560586,35.69640885509262],[139.76138839538757,35.69642844227826]]]}},{"type":"Feature","properties":{"height":10.0,"gml_id":"bldg_e8e9bcae-3055-41ea-ac5b-ce68cdeb5c3b"},"geometry":{"type":"Polygon","coordinates":[[[139.75056886087827,35.698850769352156],[139.75054263189273,35.69888951017698],[139.75048111099804,35.698861795823625],[139.75050745050595,35.69882305508809],[139.75056886087827,35.698850769352156]]]}},{"type":"Feature","properties":{"height":8.9,"gml_id":"bldg_b768a7da-250a-4664-89a4-c0a7a6ecd83b"},"geometry":{"type":"Polygon","coordinates":[[[139.7594007988938,35.69792954998906],[139.75938475426392,35.697953426414216],[139.75925541154123,35.697895569128626],[139.75927134569756,35.697871692652534],[139.7594007988938,35.69792954998906]]]}},{"type":"Feature","properties":{"height":17.4,"gml_id":"bldg_6cd9f29a-d6d7-4dac-9ef8-3bdb3fa2d041"},"geometry":{"type":"Polygon","coordinates":[[[139.7578357397184,35.697443687063334],[139.7579085894617,35.697470187915954],[139.75787219435836,35.69753675825776],[139.757853022701,35.69757182842568],[139.75775846707705,35.697537426032994],[139.75777763876664,35.69750235678133],[139.75778652725697,35.69748609264711],[139.7578140339337,35.697435785566434],[139.7578357397184,35.697443687063334]]]}},{"type":"Feature","properties":{"height":36.9,"gml_id":"bldg_9e323ef9-c20a-4089-905e-e077654e4d23"},"geometry":{"type":"Polygon","coordinates":[[[139.75763826587198,35.697747099100035],[139.75761087109237,35.697737256947136],[139.75760633419023,35.69774401436133],[139.75744804366644,35.69768442431702],[139.75744208323243,35.697677480017234],[139.75746731927785,35.6976331485646],[139.75747704482467,35.69763153222931],[139.7575845359591,35.69767022358509],[139.75761970726694,35.69768288290726],[139.757638099303,35.697689502411016],[139.7576303506586,35.6977039194439],[139.7576565303534,35.6977133092426],[139.75763826587198,35.697747099100035]]]}},{"type":"Feature","properties":{"height":12.8,"gml_id":"bldg_777d4d0f-8e26-475b-a555-f3818ff0687c"},"geometry":{"type":"Polygon","coordinates":[[[139.75513951909699,35.697489440948935],[139.75521254169215,35.697519116364035],[139.75522968450832,35.697526077044],[139.7551951529466,35.697583021161506],[139.75517238624383,35.69758679213121],[139.75509230549557,35.69755420068239],[139.7551332562336,35.6974868950196],[139.75513951909699,35.697489440948935]]]}},{"type":"Feature","properties":{"height":7.5,"gml_id":"bldg_310b63e5-3e5a-4d6c-ab8c-a4527c092cb1"},"geometry":{"type":"Polygon","coordinates":[[[139.75773669895716,35.698122400901326],[139.75775901246277,35.69813052723381],[139.7577741458859,35.6981360350852],[139.75778927931108,35.69814154293467],[139.75776239228705,35.69819067771154],[139.7577571787054,35.698200201908996],[139.75768239530737,35.69817293358871],[139.75768757572035,35.69816343641468],[139.75771438545607,35.69811427456471],[139.75773669895716,35.698122400901326]]]}},{"type":"Feature","properties":{"height":16.7,"gml_id":"bldg_183ecae6-b35d-4078-a259-2c9b8b91a2a2"},"geometry":{"type":"Polygon","coordinates":[[[139.76197050852835,35.695800534327944],[139.762052554857,35.69573640543615],[139.76218240185202,35.69584690000817],[139.7621003555138,35.69591102898729],[139.76197050852835,35.695800534327944]]]}},{"type":"Feature","properties":{"height":3.2,"gml_id":"bldg_c228fcd5-24b1-4385-bd8a-619b5057df3e"},"geometry":{"type":"Polygon","coordinates":[[[139.75354615728077,35.699781883571404],[139.75353664732128,35.699799688314215],[139.75343327512337,35.69976293403386],[139.75344279615175,35.699745129306464],[139.75354615728077,35.699781883571404]]]}},{"type":"Feature","properties":{"height":14.9,"gml_id":"bldg_5cba0d66-5622-48a2-beee-c4839a8484fb"},"geometry":{"type":"Polygon","coordinates":[[[139.76086643455213,35.69634179603498],[139.76079664302966,35.696440219584964],[139.76078172877936,35.69646124855675],[139.76074086181268,35.6964419346158],[139.7607565823331,35.69642132076499],[139.76074299682307,35.696414912851196],[139.76081278839746,35.69631648031826],[139.76083000773272,35.69632461202845],[139.7608428629569,35.69630769205442],[139.76087864915834,35.69632456920595],[139.76086643455213,35.69634179603498]]]}},{"type":"Feature","properties":{"height":35.2,"gml_id":"bldg_31dbc961-a8d7-44d7-88fb-ac0c990f4d88"},"geometry":{"type":"Polygon","coordinates":[[[139.7586569439094,35.69773792756599],[139.758470186716,35.69766762285213],[139.75847289843503,35.69766284728227],[139.75847040200756,35.69766190830584],[139.75846686325963,35.69765301860548],[139.7584881808031,35.69761534561898],[139.7585002864181,35.69761026942339],[139.75850338927924,35.69761143411848],[139.7585049056483,35.69760873996741],[139.75867996485616,35.69767464860759],[139.75869184267538,35.69769939044316],[139.75867156561412,35.697735233429945],[139.75866077352015,35.69773117057476],[139.7586569439094,35.69773792756599]]]}},{"type":"Feature","properties":{"height":30.8,"gml_id":"bldg_609381e4-2549-4eb7-b1b6-56628eff087d"},"geometry":{"type":"Polygon","coordinates":[[[139.75956141876586,35.69558212243348],[139.75944120029035,35.69557925355258],[139.7594416540108,35.69556653640972],[139.75944324212142,35.69552192861093],[139.75937650322197,35.69552035529886],[139.7593785325842,35.69546461585898],[139.7593848639283,35.69546477298132],[139.7593864953353,35.695421174742926],[139.75940912462863,35.695421737575714],[139.75940923811118,35.695418502630424],[139.75940957908526,35.69540822722797],[139.75953052656766,35.69541111371334],[139.75956641055276,35.6954410611742],[139.75956141876586,35.69558212243348]]]}},{"type":"Feature","properties":{"height":3.6,"gml_id":"bldg_6a28fd2f-17c3-41b8-ae1a-bee657190cc1"},"geometry":{"type":"Polygon","coordinates":[[[139.76170523448383,35.693418147071306],[139.76165119622382,35.693425425014624],[139.76163958466043,35.69331274687721],[139.76168268141663,35.69330826568712],[139.76170523448383,35.693418147071306]]]}},{"type":"Feature","properties":{"height":16.2,"gml_id":"bldg_d237c853-b83b-4624-ac29-4d2ef05c2b63"},"geometry":{"type":"Polygon","coordinates":[[[139.75751104475424,35.69841464505834],[139.75745701947034,35.69850924574644],[139.75704434667546,35.69835244416237],[139.7570454424565,35.698350533954546],[139.7570218148065,35.698341559370114],[139.75707359358788,35.698250878407],[139.75709722121695,35.698259852981366],[139.75709837234032,35.69825784365747],[139.75751104475424,35.69841464505834]]]}},{"type":"Feature","properties":{"height":14.3,"gml_id":"bldg_3cfb7ac8-e12a-4b83-9543-3b0632040a55"},"geometry":{"type":"Polygon","coordinates":[[[139.75659617966468,35.698048757580295],[139.75660378486913,35.69806895399624],[139.75656631991183,35.69813201692828],[139.75654966265893,35.69816004789476],[139.7565281452545,35.69815152524379],[139.7564737773842,35.698129983876825],[139.75649041250531,35.69810200698875],[139.75652181221704,35.69804921581704],[139.75653029024323,35.698034961568325],[139.7565362005202,35.69802501422485],[139.75659617966468,35.698048757580295]]]}},{"type":"Feature","properties":{"height":28.1,"gml_id":"bldg_b1662ce0-06b5-48c3-a114-af061026bbdd"},"geometry":{"type":"Polygon","coordinates":[[[139.75354551748535,35.69966983399516],[139.75359644062823,35.69968865226381],[139.75354917092884,35.69977389042798],[139.75353498754484,35.69976865308736],[139.75349819249143,35.699755072102874],[139.75342589483952,35.69972837966985],[139.75347327514595,35.699643141626915],[139.75354551748535,35.69966983399516]]]}},{"type":"Feature","properties":{"height":9.6,"gml_id":"bldg_8ca00d43-8b78-4bd7-ac75-ac8c2a73c186"},"geometry":{"type":"Polygon","coordinates":[[[139.75614003448075,35.69873467904353],[139.75612954114933,35.698753114322365],[139.75611900354292,35.698771621681345],[139.75604510496737,35.698743541682],[139.75605563148477,35.698725088404444],[139.75606613584486,35.69870668919381],[139.75614003448075,35.69873467904353]]]}},{"type":"Feature","properties":{"height":85.3,"gml_id":"bldg_be6ee405-f0f7-4377-89fd-6c6e39be6b29"},"geometry":{"type":"Polygon","coordinates":[[[139.75298812386842,35.69450880027984],[139.7527855867725,35.69428719842679],[139.75268768498645,35.694180140309044],[139.75293081279176,35.69403229805112],[139.7532740775651,35.69440785713054],[139.75303094925076,35.694555700071845],[139.75298812386842,35.69450880027984]]]}},{"type":"Feature","properties":{"height":19.3,"gml_id":"bldg_50e50659-1cae-4ddb-95c2-2f277162b123"},"geometry":{"type":"Polygon","coordinates":[[[139.75641726673808,35.69961486294151],[139.7564651526811,35.699632649594555],[139.75645060750153,35.69965878991571],[139.75643094826665,35.69969410200086],[139.7563717728973,35.699672142891615],[139.75632192067673,35.69965365097454],[139.7563416241335,35.69961835696263],[139.7563562356594,35.69959219957091],[139.75641726673808,35.69961486294151]]]}},{"type":"Feature","properties":{"height":21.0,"gml_id":"bldg_5b804f2f-e8a7-4b29-a6b7-9ad1bbdaabd6"},"geometry":{"type":"Polygon","coordinates":[[[139.76011508600115,35.698001834705494],[139.76012020004646,35.69800417236192],[139.76010113657784,35.698066896053135],[139.76008517588403,35.69805960328],[139.75999918699634,35.69802032334289],[139.76003647553907,35.69796590336168],[139.76011508600115,35.698001834705494]]]}},{"type":"Feature","properties":{"height":26.0,"gml_id":"bldg_54067542-88a6-4a42-8f34-9bf1fe6713e3"},"geometry":{"type":"Polygon","coordinates":[[[139.76011262065944,35.69493275184132],[139.76011044747563,35.69497717001005],[139.7601078350474,35.695030673716005],[139.7601065739287,35.69505644310343],[139.76010516648563,35.69508514185266],[139.75984849030777,35.69507687311323],[139.75984989786744,35.695048147326],[139.75985115911817,35.69502232385918],[139.75985258927957,35.69499304825005],[139.75985333245526,35.69497789668194],[139.75985377171753,35.694968820158905],[139.75985594496902,35.694924483118136],[139.76011262065944,35.69493275184132]]]}},{"type":"Feature","properties":{"height":25.6,"gml_id":"bldg_5a8ab510-cf81-43ca-970c-711b12e293e2"},"geometry":{"type":"Polygon","coordinates":[[[139.75442161818077,35.69716887826246],[139.75437423123662,35.69715126958875],[139.75438175861373,35.69713766475298],[139.7543496150136,35.69712574559345],[139.75438094152028,35.6970697911184],[139.75445311539332,35.69709663613997],[139.75452100349878,35.69712189190254],[139.7544995288224,35.69716027616726],[139.75443888672768,35.69713779234533],[139.75442161818077,35.69716887826246]]]}},{"type":"Feature","properties":{"height":14.4,"gml_id":"bldg_f01b41af-b133-41a5-b865-fae2bc7560f3"},"geometry":{"type":"Polygon","coordinates":[[[139.75624779299648,35.695419277865376],[139.75618555064545,35.695418570978255],[139.75618671282476,35.695347697043786],[139.7561876639891,35.69528940609085],[139.75626324316133,35.69529017559841],[139.7562622920086,35.695348511620445],[139.75626163505004,35.695388188581454],[139.7562483313385,35.69538804575902],[139.75624779299648,35.695419277865376]]]}},{"type":"Feature","properties":{"height":69.6,"gml_id":"bldg_f2ea4b2a-a649-4682-98f6-f2d7b3aaa738"},"geometry":{"type":"Polygon","coordinates":[[[139.75206405862247,35.6982001894051],[139.75205780691402,35.69826291956425],[139.75209029200522,35.69826510477908],[139.75206037408756,35.69856433907755],[139.75191220162426,35.69855450415988],[139.7519185651632,35.69849060140605],[139.75189458794247,35.698489052859465],[139.75190390957286,35.698395839588436],[139.75191591053775,35.698275740290896],[139.75192439485048,35.69819090016655],[139.75206405862247,35.6982001894051]]]}},{"type":"Feature","properties":{"height":27.2,"gml_id":"bldg_c701034d-1e24-4433-bf2f-7a8ea59857b8"},"geometry":{"type":"Polygon","coordinates":[[[139.7624942150786,35.69348567585015],[139.76263245845823,35.693468902407936],[139.76264070560796,35.693514155112325],[139.76235957730097,35.6935483408953],[139.76234385335698,35.69346170097568],[139.7623855915526,35.693456677911044],[139.76237698333173,35.69339510026792],[139.76247552175113,35.69338309798159],[139.7624942150786,35.69348567585015]]]}},{"type":"Feature","properties":{"height":25.9,"gml_id":"bldg_bb4e6d8c-4748-4273-9fa2-7185f7b92450"},"geometry":{"type":"Polygon","coordinates":[[[139.76244269825486,35.693890099138784],[139.76252170335837,35.693888784569864],[139.7625235428799,35.693957786404084],[139.76248500158235,35.69395846589422],[139.7624852368599,35.69396729855435],[139.7625038666311,35.69396696789809],[139.76250424065222,35.69398134496481],[139.7624450474746,35.693982391765864],[139.76244269825486,35.693890099138784]]]}},{"type":"Feature","properties":{"height":30.5,"gml_id":"bldg_ec93d3f5-f253-4385-b45f-94a5529ffd64"},"geometry":{"type":"Polygon","coordinates":[[[139.75194216001017,35.6971285585921],[139.7518547256619,35.69711387022088],[139.75181179291238,35.6971066572412],[139.75180935210983,35.69711630023814],[139.75178681399703,35.69711258935865],[139.75183418790493,35.696925226792224],[139.75186004029936,35.69692957086458],[139.75187058016073,35.69688784460455],[139.75199752199566,35.696909202756494],[139.75194216001017,35.6971285585921]]]}},{"type":"Feature","properties":{"height":17.8,"gml_id":"bldg_aae46ac1-7514-42f9-8f49-3e24d64cf9c2"},"geometry":{"type":"Polygon","coordinates":[[[139.75446388214192,35.69722713440864],[139.75442214886385,35.6973031826141],[139.75434504783902,35.69727500932911],[139.75438667067604,35.697198961077646],[139.75446388214192,35.69722713440864]]]}},{"type":"Feature","properties":{"height":17.3,"gml_id":"bldg_8d7b89f8-3bd2-4f72-ba96-ae7b79240640"},"geometry":{"type":"Polygon","coordinates":[[[139.7623029626287,35.69608736642481],[139.76222456554476,35.69602368256018],[139.76230738873997,35.6959557691059],[139.7623269327904,35.695971644737206],[139.76240809710188,35.695905172425505],[139.76246695005656,35.69595306890062],[139.7623029626287,35.69608736642481]]]}},{"type":"Feature","properties":{"height":13.2,"gml_id":"bldg_bfeab9c7-f3ff-4a76-9d39-b8e2a548e7fb"},"geometry":{"type":"Polygon","coordinates":[[[139.76066063996097,35.696807211183405],[139.76065052621206,35.69682278975164],[139.76061637842207,35.696875418106465],[139.7605464476573,35.696858701412516],[139.7605055790705,35.696841008955175],[139.76054652109693,35.69677788378803],[139.7605565906198,35.69676235027016],[139.76066063996097,35.696807211183405]]]}},{"type":"Feature","properties":{"height":7.9,"gml_id":"bldg_8598e9d9-53b4-4693-a33f-59e4b554eb87"},"geometry":{"type":"Polygon","coordinates":[[[139.76130986981255,35.69629918402726],[139.761322428241,35.69630500537275],[139.76133895040647,35.696363514125174],[139.76133386091854,35.69637081217274],[139.76127801618273,35.69634493559798],[139.76125683141498,35.69633512593203],[139.76123566874477,35.696325324387885],[139.7612675334578,35.696279553906116],[139.76130986981255,35.69629918402726]]]}},{"type":"Feature","properties":{"height":18.6,"gml_id":"bldg_34a6bc93-f70c-44b7-9414-b84548fa2092"},"geometry":{"type":"Polygon","coordinates":[[[139.7550427510456,35.69806928285941],[139.75509600165637,35.69809161735127],[139.75512502938744,35.69810378666885],[139.75508983564032,35.698159559441876],[139.75499197197024,35.69811852766712],[139.75495441709694,35.698102774330515],[139.75498961091327,35.69804700159663],[139.7550427510456,35.69806928285941]]]}},{"type":"Feature","properties":{"height":14.5,"gml_id":"bldg_5e281d35-ed67-4ef5-a594-33a3b4515844"},"geometry":{"type":"Polygon","coordinates":[[[139.7580638742874,35.69671843503819],[139.7580772397541,35.696723653308965],[139.7580809842937,35.696725115868084],[139.75809514506668,35.6967306410996],[139.75807610877376,35.69676307759159],[139.75806194799554,35.69675755325923],[139.75798034131674,35.696725701895645],[139.7579993776395,35.696693265418624],[139.7580638742874,35.69671843503819]]]}},{"type":"Feature","properties":{"height":8.5,"gml_id":"bldg_92f63a70-9b9d-4840-a623-d79fc08ae4c9"},"geometry":{"type":"Polygon","coordinates":[[[139.7597943315854,35.69644163140673],[139.7598401647195,35.696467527795555],[139.75981029793647,35.696502572823185],[139.7597644979259,35.696476693569416],[139.75971863167894,35.69645077820284],[139.75974849848265,35.69641573319766],[139.7597943315854,35.69644163140673]]]}},{"type":"Feature","properties":{"height":45.1,"gml_id":"bldg_d11eb641-e102-4aef-8ecb-7e09815a1d66"},"geometry":{"type":"Polygon","coordinates":[[[139.75986004095347,35.697205040248626],[139.7598889534816,35.69724688142287],[139.7598733504714,35.69727147928082],[139.759916980473,35.697290434651265],[139.75991773992564,35.69730575839051],[139.75992215801244,35.697307834234095],[139.75986904814582,35.69738414780216],[139.75972601189738,35.69731771965208],[139.75973829359515,35.69730006032558],[139.75969775745483,35.69728128705686],[139.75976414499326,35.6971857834162],[139.75977817189212,35.697192911903386],[139.7597925551185,35.69717300043212],[139.75986004095347,35.697205040248626]]]}},{"type":"Feature","properties":{"height":13.3,"gml_id":"bldg_adb72ead-e2e9-4627-82c7-ffcf5962d032"},"geometry":{"type":"Polygon","coordinates":[[[139.75461802000407,35.69798974758754],[139.75458561803248,35.69804917258419],[139.75438546222716,35.69797657140735],[139.75441579427175,35.69792088668985],[139.75453774338007,35.69796513366122],[139.7545577800636,35.6979284610551],[139.75459763447296,35.69794290903482],[139.7546359866205,35.69795681519777],[139.75461802000407,35.69798974758754]]]}},{"type":"Feature","properties":{"height":4.8,"gml_id":"bldg_116a4fde-630a-406c-9a0f-def89a1c4e2d"},"geometry":{"type":"Polygon","coordinates":[[[139.7547378174401,35.6986841963685],[139.75473460015743,35.69869717398047],[139.75471659362034,35.6986918441449],[139.754667781689,35.698774017102004],[139.75464171197058,35.698765166646815],[139.75456556023602,35.6988938323211],[139.7545244694243,35.698877670922364],[139.75466204657053,35.69865034643766],[139.75473859404676,35.69868104208429],[139.7547378174401,35.6986841963685]]]}},{"type":"Feature","properties":{"height":18.3,"gml_id":"bldg_fad1f69b-ff51-44a0-8097-45fa6453f5a1"},"geometry":{"type":"Polygon","coordinates":[[[139.75688694544687,35.697545528855855],[139.75683315140589,35.697525123738735],[139.75682440718566,35.697540531593376],[139.7567518349793,35.69751299368718],[139.75676375583265,35.69749207057798],[139.7568258835971,35.697383063343814],[139.75684989756263,35.69739217341876],[139.75692535269835,35.69742080375298],[139.75695224969215,35.6974310062941],[139.75688694544687,35.697545528855855]]]}},{"type":"Feature","properties":{"height":27.5,"gml_id":"bldg_d37efbeb-4289-4618-9337-e58966b85ff1"},"geometry":{"type":"Polygon","coordinates":[[[139.7506069982716,35.69799178194733],[139.750617652619,35.69804326555166],[139.75056405215818,35.698050620835176],[139.75055344201746,35.697999163396304],[139.7505456905939,35.697961552950254],[139.75056648938028,35.697937680973865],[139.7505950025177,35.6979338246887],[139.7506069982716,35.69799178194733]]]}},{"type":"Feature","properties":{"height":14.4,"gml_id":"bldg_a8f75445-c543-4985-8b41-df5698e7c025"},"geometry":{"type":"Polygon","coordinates":[[[139.7581986884428,35.696901082586315],[139.75821365593234,35.69690657225249],[139.75817845733562,35.696970367222924],[139.75814310977466,35.69695736543227],[139.7581640851602,35.69691924160043],[139.75817819789467,35.69689357040307],[139.7581986884428,35.696901082586315]]]}},{"type":"Feature","properties":{"height":111.4,"gml_id":"bldg_28349c1f-842e-481e-be63-819660f9a129"},"geometry":{"type":"Polygon","coordinates":[[[139.76062518377336,35.69445446231448],[139.75995029622464,35.69444382225123],[139.75995079027334,35.694423172174616],[139.75991244880427,35.69442256290556],[139.75991465444514,35.694330777782525],[139.75995299587024,35.69433138705084],[139.75995344371287,35.69431292727386],[139.75987493772098,35.694311689585405],[139.75979643173162,35.69431045184575],[139.75979974166285,35.69417138244754],[139.75980317820847,35.69402677691083],[139.76077839492473,35.69404224123921],[139.76077497236474,35.694185547939156],[139.7607747198778,35.694195922551664],[139.76084654089905,35.694197046562394],[139.76084309441558,35.69422039086235],[139.76083666879563,35.694239045344474],[139.7608275932394,35.69425553494302],[139.76081487426592,35.69426877741534],[139.7608029321028,35.69427832473879],[139.76078977513924,35.69428715023327],[139.7607751834455,35.694294081985305],[139.76077472219552,35.69431535403067],[139.76070663578687,35.69431426738367],[139.76062853863104,35.69431301240593],[139.76062518377336,35.69445446231448]]]}},{"type":"Feature","properties":{"height":3.8,"gml_id":"bldg_9a81ef01-da59-4b9e-b908-54ea7335c578"},"geometry":{"type":"Polygon","coordinates":[[[139.75055410683805,35.693025389567275],[139.7505361826303,35.69304881285414],[139.75046892753787,35.69301433425329],[139.750486962158,35.69299100118928],[139.75055410683805,35.693025389567275]]]}},{"type":"Feature","properties":{"height":57.9,"gml_id":"bldg_4ab3fa55-e8c2-4b2f-9da5-67d2a06678fa"},"geometry":{"type":"Polygon","coordinates":[[[139.7501104968213,35.696087937347045],[139.75042836075255,35.6961255635086],[139.7504193580707,35.69617612412502],[139.7508036238013,35.69622163692651],[139.75076227922867,35.696453711158604],[139.75066030151288,35.69644165295392],[139.7506527436099,35.696484282528154],[139.75023754097424,35.69643505228063],[139.75026866159465,35.69626047853419],[139.75006039806348,35.696235727263115],[139.75006840031173,35.69619111501946],[139.75009160210416,35.69619383517377],[139.7501104968213,35.696087937347045]]]}},{"type":"Feature","properties":{"height":4.9,"gml_id":"bldg_70d99975-07bc-4a8a-9d12-fc90a467662f"},"geometry":{"type":"Polygon","coordinates":[[[139.7576922525896,35.698183999581296],[139.7577034424303,35.698188134882464],[139.75774612512782,35.6982038905816],[139.75773378323726,35.698226173687125],[139.75771358237643,35.69826263940291],[139.7577033977262,35.69825888330929],[139.75769321308547,35.69825511820113],[139.7576485199522,35.6982386220967],[139.7576585041791,35.69822059197962],[139.75767170946975,35.698196750056084],[139.7576810627415,35.69817987329279],[139.7576922525896,35.698183999581296]]]}},{"type":"Feature","properties":{"height":8.0,"gml_id":"bldg_0ad032d5-1cce-4fd6-9663-4a306395b92a"},"geometry":{"type":"Polygon","coordinates":[[[139.74997123696676,35.692827407097774],[139.7501564617971,35.69257830646977],[139.75034398304007,35.69267118684382],[139.7503786157762,35.69262451975783],[139.7504835306121,35.69267651090969],[139.75044856559518,35.69272398902952],[139.75061400008914,35.69280594719758],[139.75042910856646,35.69305414738051],[139.74997123696676,35.692827407097774]]]}},{"type":"Feature","properties":{"height":45.6,"gml_id":"bldg_91b94fd2-d26d-425b-88b8-777646d8b83f"},"geometry":{"type":"Polygon","coordinates":[[[139.75429769699272,35.69597771862039],[139.75429586079701,35.69600207241434],[139.75430969445213,35.69600276743853],[139.7543032455497,35.696088130992784],[139.75425681657782,35.696085792996776],[139.75425892136371,35.696058014176764],[139.75420919972362,35.696055520766635],[139.7542153911964,35.69597358134995],[139.75429769699272,35.69597771862039]]]}},{"type":"Feature","properties":{"height":35.4,"gml_id":"bldg_f62668f6-cf7a-479c-90fa-9594819305bb"},"geometry":{"type":"Polygon","coordinates":[[[139.75143307424088,35.69692675729288],[139.75141559634883,35.69692374384081],[139.75136438899025,35.69691492964669],[139.7513162861323,35.69690664034018],[139.75126379723716,35.69689759988781],[139.75125985890176,35.696912839355505],[139.75123957484104,35.6969093372252],[139.7512031939196,35.69690303887923],[139.75121516398343,35.696856996094],[139.75122969665804,35.69680110308981],[139.75124053513147,35.69675942215638],[139.75144041465794,35.69679386441382],[139.7514663000184,35.6967983257712],[139.7514569480102,35.696834464315295],[139.75143307424088,35.69692675729288]]]}},{"type":"Feature","properties":{"height":32.9,"gml_id":"bldg_3f21ec6e-71eb-4921-b009-e79f03ba74dc"},"geometry":{"type":"Polygon","coordinates":[[[139.75436911729213,35.69707059459477],[139.75432683879924,35.69713925118434],[139.75437577032002,35.69715929368522],[139.75435828332323,35.697187764577905],[139.75437407844126,35.69719417556201],[139.75433069311316,35.69726463416374],[139.75415518017437,35.69719276986183],[139.75425833122145,35.69702518300048],[139.75436911729213,35.69707059459477]]]}},{"type":"Feature","properties":{"height":41.0,"gml_id":"bldg_7f4b771c-667e-4e8b-93b7-0ff80e6a099f"},"geometry":{"type":"Polygon","coordinates":[[[139.7562658398535,35.6950834301449],[139.7562651538135,35.69509591367308],[139.75626047492878,35.69518137041925],[139.75624534844764,35.69518081901046],[139.75603343409298,35.69517309358712],[139.75602023019613,35.695172607381814],[139.75600998749835,35.69517224025522],[139.7560105163254,35.695162406653935],[139.75601454306587,35.695088894446926],[139.7560154543063,35.6950720926036],[139.7560233103434,35.695072377073735],[139.7561993364492,35.69507871755508],[139.75620492553975,35.69497755232534],[139.7562054090668,35.694968836392036],[139.7563189513069,35.69497296524899],[139.75633293967147,35.69497347896441],[139.75633246732053,35.69498207772736],[139.7563303978981,35.69501982575833],[139.75627152738753,35.69501767888144],[139.75627056025166,35.69503520989901],[139.7562438431103,35.69503423734088],[139.75624339324864,35.69504242058644],[139.75624294338516,35.69505060563471],[139.75626758326612,35.69505150475366],[139.7562658398535,35.6950834301449]]]}},{"type":"Feature","properties":{"height":7.1,"gml_id":"bldg_6553bc67-9eea-4594-9c73-77c8725de060"},"geometry":{"type":"Polygon","coordinates":[[[139.75999247653886,35.69569451618665],[139.75999134395826,35.69572466630369],[139.75999021137682,35.69575481642057],[139.75985441296913,35.69575139943986],[139.75985554557852,35.695721274562636],[139.7598566783168,35.69569100817034],[139.75999247653886,35.69569451618665]]]}},{"type":"Feature","properties":{"height":8.1,"gml_id":"bldg_e29496fd-197d-45db-ac28-db54c788327b"},"geometry":{"type":"Polygon","coordinates":[[[139.75662594174042,35.69779050817268],[139.75666083686212,35.69780299633855],[139.75664345775596,35.697834893733166],[139.75660875045648,35.69782242370938],[139.7565740873507,35.697809971731175],[139.75659146639353,35.697778163581965],[139.75662594174042,35.69779050817268]]]}},{"type":"Feature","properties":{"height":33.6,"gml_id":"bldg_032ac801-b761-41ca-9abb-fd4d72be4f8e"},"geometry":{"type":"Polygon","coordinates":[[[139.76086636740806,35.692067663358095],[139.7608973361197,35.69240019736963],[139.760680554269,35.692394297965755],[139.7606495864595,35.69206176389919],[139.76086636740806,35.692067663358095]]]}},{"type":"Feature","properties":{"height":8.7,"gml_id":"bldg_680023f3-20c7-4a81-bed7-aaf994dced61"},"geometry":{"type":"Polygon","coordinates":[[[139.75840805691732,35.69839521437059],[139.7584357935623,35.698406138196695],[139.75839008404145,35.698483626579694],[139.75836222584812,35.698472677429145],[139.7583343013988,35.69846168857062],[139.75838012146303,35.698384199376015],[139.75840805691732,35.69839521437059]]]}},{"type":"Feature","properties":{"height":27.3,"gml_id":"bldg_a4ab1fa6-5b3b-4604-b162-a75c492fb45f"},"geometry":{"type":"Polygon","coordinates":[[[139.75979338476097,35.69468062355036],[139.75979292141574,35.69469185523352],[139.75979211177648,35.69470717802158],[139.75978623106454,35.69481801584361],[139.75978497160034,35.6948418743261],[139.75972966901145,35.69484097521019],[139.75972176864403,35.694840844187645],[139.75969869339966,35.69482073043536],[139.7597001435206,35.69478181829738],[139.7597035873358,35.6946896373386],[139.75970406198255,35.69467814516688],[139.75979338476097,35.69468062355036]]]}},{"type":"Feature","properties":{"height":18.0,"gml_id":"bldg_8fd5efd9-bfb2-49ed-a308-2a3eb8734a94"},"geometry":{"type":"Polygon","coordinates":[[[139.7576037900581,35.699873812356955],[139.7576266280204,35.69988874437612],[139.75760251513378,35.6999132464388],[139.75757969925345,35.699898331555026],[139.75751902628872,35.69985866107261],[139.7575431391844,35.69983415902645],[139.7576037900581,35.699873812356955]]]}},{"type":"Feature","properties":{"height":15.2,"gml_id":"bldg_207adc44-fbfd-443f-91d1-15459eff4d13"},"geometry":{"type":"Polygon","coordinates":[[[139.75888235230798,35.69663364656261],[139.75891048641233,35.696644346087105],[139.75886986717134,35.696715529139375],[139.75884176615432,35.6967048755958],[139.75879486487128,35.6966870895886],[139.75883548424827,35.69661581642449],[139.75888235230798,35.69663364656261]]]}},{"type":"Feature","properties":{"height":9.6,"gml_id":"bldg_ce6b01a7-527f-465d-8a57-1a39fe496c19"},"geometry":{"type":"Polygon","coordinates":[[[139.75772909473469,35.69657898171622],[139.75768725447978,35.69665494085982],[139.75755547515683,35.69660654458322],[139.7575789399244,35.69656527663954],[139.75772909473469,35.69657898171622]]]}},{"type":"Feature","properties":{"height":3.9,"gml_id":"bldg_84eb8ba0-45ec-4090-90c9-dc2c3fcc8ab6"},"geometry":{"type":"Polygon","coordinates":[[[139.75060771167762,35.69322453899228],[139.7506528566824,35.693163096591626],[139.75075865653923,35.69321490783353],[139.7507135116792,35.6932762601365],[139.75060771167762,35.69322453899228]]]}},{"type":"Feature","properties":{"height":5.1,"gml_id":"bldg_4173694e-4221-4d71-a7fb-5b1062c99d3f"},"geometry":{"type":"Polygon","coordinates":[[[139.7509218696698,35.69631663212152],[139.75094705753037,35.69632223785227],[139.75091889905866,35.696411544270696],[139.75086079016435,35.696398614892814],[139.750879965305,35.69634139108072],[139.7509113396853,35.69634835311018],[139.7509218696698,35.69631663212152]]]}},{"type":"Feature","properties":{"height":10.4,"gml_id":"bldg_7fdbb56d-06fe-4cad-958c-471f53d3c211"},"geometry":{"type":"Polygon","coordinates":[[[139.7564436589912,35.695386007393374],[139.75644206580333,35.69542265605723],[139.75644081179726,35.69545129176322],[139.75644034859252,35.695461882558185],[139.75643981754055,35.69547408676108],[139.7563692559839,35.69547204964154],[139.7563697870553,35.69545983642528],[139.75637025026936,35.69544924563059],[139.75637149325087,35.69542060991829],[139.75637309758133,35.69538389816665],[139.7564436589912,35.695386007393374]]]}},{"type":"Feature","properties":{"height":37.0,"gml_id":"bldg_d4dc7fa0-d7d9-4003-91fe-0ee563fc50ed"},"geometry":{"type":"Polygon","coordinates":[[[139.7610907369253,35.69479619943207],[139.76107840569438,35.694796029784634],[139.76098118117605,35.69479475544085],[139.76098148200592,35.69477976494445],[139.76075895626295,35.69477683674757],[139.76075894456818,35.69477754882247],[139.7607498508383,35.694777426161636],[139.76075080012785,35.69472972625651],[139.76075989385234,35.69472984891728],[139.76076068133634,35.69468999082945],[139.76096672100368,35.694692710812156],[139.76096586430347,35.69473591294086],[139.76097005206523,35.69473596142817],[139.7610225592243,35.694736659092385],[139.76109189476543,35.69473756603654],[139.7610907369253,35.69479619943207]]]}},{"type":"Feature","properties":{"height":24.0,"gml_id":"bldg_a442de21-3acc-49fb-b260-31cc1534435c"},"geometry":{"type":"Polygon","coordinates":[[[139.75212335423157,35.699343723143365],[139.75216340779014,35.69935819008753],[139.7522098350386,35.699374950790784],[139.75214451658007,35.69949523858685],[139.75209813347578,35.69947847878986],[139.7520300777191,35.69945387955597],[139.75205196507628,35.69941350400117],[139.752095285814,35.69933359084543],[139.75212335423157,35.699343723143365]]]}},{"type":"Feature","properties":{"height":19.3,"gml_id":"bldg_0e5a7316-1f53-42a4-801b-7735c7fca098"},"geometry":{"type":"Polygon","coordinates":[[[139.7585094244624,35.69824817399925],[139.7584995954533,35.69826585274951],[139.7584842431819,35.698293434110184],[139.75847322982062,35.698313230338904],[139.75842462613124,35.69829526285916],[139.75843562848564,35.69827543057324],[139.75845090338595,35.69824788522531],[139.7584607103042,35.69823020556386],[139.7585094244624,35.69824817399925]]]}},{"type":"Feature","properties":{"height":31.1,"gml_id":"bldg_53bc089f-4ce7-4de4-b00a-007f558f2739"},"geometry":{"type":"Polygon","coordinates":[[[139.7518499554168,35.69837058277436],[139.7518150562393,35.69856886031419],[139.7516095879377,35.698505715304826],[139.7516671646073,35.6983811581506],[139.75167935767874,35.698354783352656],[139.7517415866914,35.69833824035977],[139.7518499554168,35.69837058277436]]]}},{"type":"Feature","properties":{"height":8.7,"gml_id":"bldg_6ca1d249-6ecf-4eec-8ae9-16637a58a3b4"},"geometry":{"type":"Polygon","coordinates":[[[139.75682017935839,35.69664528902603],[139.7567989277348,35.69668280943341],[139.75677766504307,35.69672032802703],[139.75677612650725,35.696723049183674],[139.75673260564508,35.69670661657699],[139.75673413311497,35.69670391344124],[139.75675539692853,35.696666393954565],[139.7567766585294,35.69662885643511],[139.75682017935839,35.69664528902603]]]}},{"type":"Feature","properties":{"height":27.7,"gml_id":"bldg_bdd65c39-bfcf-423b-9dfd-ca0d6c5831e0"},"geometry":{"type":"Polygon","coordinates":[[[139.7586750329481,35.69878100392698],[139.75870019030236,35.69879704586744],[139.75868012576444,35.69881798123976],[139.7586581587205,35.69884091556612],[139.7585674906882,35.69878308243687],[139.75857337511692,35.698776938755415],[139.7585988263603,35.698750373189284],[139.7586095222901,35.69873921186808],[139.7586750329481,35.69878100392698]]]}},{"type":"Feature","properties":{"height":22.2,"gml_id":"bldg_42f23e58-e81c-44f5-950b-67bb7f8c7700"},"geometry":{"type":"Polygon","coordinates":[[[139.75868554994142,35.69612808274324],[139.75868147878018,35.69621626118123],[139.75867934729428,35.69626247306498],[139.75861404469012,35.696260450437464],[139.75861617619768,35.696214255680914],[139.7586202474475,35.69612605921782],[139.75868554994142,35.69612808274324]]]}},{"type":"Feature","properties":{"height":49.1,"gml_id":"bldg_0a864f08-d7da-4cbf-bb80-6cc19d91394a"},"geometry":{"type":"Polygon","coordinates":[[[139.76010771098996,35.70000115663418],[139.76008717677277,35.69995575120913],[139.7600768639679,35.699958854655634],[139.76001234981567,35.69981648924365],[139.76030493216086,35.69972833296241],[139.76037326252094,35.69987910129028],[139.76041047155763,35.69996122140852],[139.76033221367118,35.69998478893409],[139.7603167742622,35.699950707829665],[139.76020137702506,35.699985430610255],[139.7601963922819,35.69997446693729],[139.76010771098996,35.70000115663418]]]}},{"type":"Feature","properties":{"height":8.3,"gml_id":"bldg_38cd3439-0992-4ffe-a761-e630a1288270"},"geometry":{"type":"Polygon","coordinates":[[[139.75083353790006,35.698290029160766],[139.75080125423816,35.69830686263012],[139.7507629214392,35.69829611005118],[139.750760842921,35.6982757376867],[139.75083156856522,35.698270918788864],[139.75083353790006,35.698290029160766]]]}},{"type":"Feature","properties":{"height":23.1,"gml_id":"bldg_c3d12429-6b57-47c2-ac1f-4cb6b55a8e7c"},"geometry":{"type":"Polygon","coordinates":[[[139.76182753517375,35.695367783135275],[139.76186692037396,35.695338475960995],[139.76195122872025,35.69541386244514],[139.76191185456344,35.6954431696532],[139.76182753517375,35.695367783135275]]]}},{"type":"Feature","properties":{"height":3.1,"gml_id":"bldg_26a7b0f8-f55b-457a-8d50-dfc06faff6cf"},"geometry":{"type":"Polygon","coordinates":[[[139.7536608319446,35.69738795065087],[139.75357882496152,35.6974041209894],[139.75355165530075,35.69739076272209],[139.75357766098153,35.697352381630395],[139.7536608319446,35.69738795065087]]]}},{"type":"Feature","properties":{"height":9.7,"gml_id":"bldg_c88de601-9e29-4976-be82-5fe45a06f148"},"geometry":{"type":"Polygon","coordinates":[[[139.7546144218405,35.696287735803345],[139.7546116255447,35.69632216628172],[139.75453030296345,35.696317876636805],[139.75453298879577,35.696283446088],[139.7546144218405,35.696287735803345]]]}},{"type":"Feature","properties":{"height":11.7,"gml_id":"bldg_4d02f799-9a5d-48c3-a873-4f6b95a53dfd"},"geometry":{"type":"Polygon","coordinates":[[[139.76052754614733,35.6957713492283],[139.76049701460047,35.6957846620122],[139.7603338562405,35.69578197624991],[139.76033540041863,35.69576078599143],[139.76021854887458,35.69576114773232],[139.7602174650523,35.695750078257625],[139.76021088542285,35.69574347623695],[139.76019701851124,35.695742890936366],[139.76020726568828,35.69558110134942],[139.76047244916444,35.69559228589691],[139.76048380562406,35.695583071760694],[139.7605489084851,35.69558547272958],[139.7605524466462,35.695437064388464],[139.7607269043411,35.6954439750791],[139.7607267053096,35.69550507879468],[139.76087757793536,35.69550543109696],[139.76087747528723,35.69553340143068],[139.7609460920041,35.695596862164656],[139.76073546083563,35.69575653910682],[139.760670188585,35.69569708956452],[139.76058183548966,35.69575713140047],[139.76052754614733,35.6957713492283]]]}},{"type":"Feature","properties":{"height":12.0,"gml_id":"bldg_a0d86aeb-1250-44a4-a660-b13b425bf448"},"geometry":{"type":"Polygon","coordinates":[[[139.75928963214324,35.69661807964066],[139.75922891387705,35.696712749146734],[139.75922323708807,35.69672160611178],[139.75917496811167,35.696701025165915],[139.75918064490452,35.69669216820312],[139.75923726900717,35.69660371564908],[139.75928963214324,35.69661807964066]]]}},{"type":"Feature","properties":{"height":48.3,"gml_id":"bldg_ecb78b56-37ca-446c-aa67-31dd58bceb8b"},"geometry":{"type":"Polygon","coordinates":[[[139.75916152896247,35.698445887255716],[139.75912855675236,35.698492107164114],[139.75921868628282,35.698534887581275],[139.7591760879263,35.698594622109475],[139.75888957325913,35.698458789225654],[139.7588958801242,35.698449869572784],[139.758888479808,35.69844634965722],[139.75895210089323,35.69835715255348],[139.7589599430402,35.69836085391336],[139.75896558587957,35.69835301458786],[139.75916152896247,35.698445887255716]]]}},{"type":"Feature","properties":{"height":8.1,"gml_id":"bldg_a576cb16-927d-402e-9df6-539d7c2291e3"},"geometry":{"type":"Polygon","coordinates":[[[139.7588158652245,35.69644355261016],[139.75881305940814,35.69649015166593],[139.75877692772693,35.69648868710197],[139.75877984414666,35.6964419979786],[139.7588158652245,35.69644355261016]]]}},{"type":"Feature","properties":{"height":38.3,"gml_id":"bldg_e0888daa-f3c1-4c25-aef3-99ae338c6e9f"},"geometry":{"type":"Polygon","coordinates":[[[139.76142625644732,35.69168448418413],[139.761457553805,35.69185018369792],[139.76144673541037,35.691851529293224],[139.76145132119385,35.69187576085728],[139.76145515570937,35.69187527640705],[139.761467043484,35.69193819011665],[139.76131534246815,35.69195726258452],[139.76126758307402,35.691704426756914],[139.76142625644732,35.69168448418413]]]}},{"type":"Feature","properties":{"height":47.0,"gml_id":"bldg_c6e91322-170d-45d8-afbf-31cd5293ffd0"},"geometry":{"type":"Polygon","coordinates":[[[139.76066167949463,35.699363855032665],[139.76068325903722,35.69940217623588],[139.76053977779958,35.69945590127435],[139.7605182093779,35.699417562025154],[139.76050596337637,35.699395795572265],[139.76046637904034,35.69932544681699],[139.76044126927937,35.699280822868275],[139.76040650621866,35.69921903100229],[139.76042897901831,35.69921060780229],[139.76054987661854,35.699165306053345],[139.76066167949463,35.699363855032665]]]}},{"type":"Feature","properties":{"height":19.3,"gml_id":"bldg_b93b8c36-948f-4040-b41e-bff80c33f961"},"geometry":{"type":"Polygon","coordinates":[[[139.75282358119645,35.699580063708055],[139.75279987136,35.699586997401006],[139.75270974077333,35.699613365199355],[139.75266341535303,35.69962691778989],[139.75264597394764,35.69958705658594],[139.75263596335242,35.69956416412172],[139.75270128977175,35.699545053811875],[139.7527311895887,35.69953630441972],[139.7527550320565,35.6995293338729],[139.75277229767678,35.6995242797368],[139.7527961290863,35.69951731007579],[139.75282358119645,35.699580063708055]]]}},{"type":"Feature","properties":{"height":7.7,"gml_id":"bldg_360cb8ac-d6e4-446b-a14b-589c60789192"},"geometry":{"type":"Polygon","coordinates":[[[139.7585869854963,35.69817674362136],[139.75861090060113,35.69818569103625],[139.7586506891596,35.69820057930391],[139.758632160599,35.698233494817785],[139.75861862390008,35.69825753494221],[139.75860508718455,35.69828158407868],[139.75851749044367,35.69824880997107],[139.75853103824684,35.69822474282384],[139.758544586025,35.698200693702354],[139.75856309248852,35.698167805229126],[139.7585869854963,35.69817674362136]]]}},{"type":"Feature","properties":{"height":27.8,"gml_id":"bldg_3efad90a-10fb-48ca-97e0-8c5caa99f49a"},"geometry":{"type":"Polygon","coordinates":[[[139.75455600659967,35.695237512130866],[139.75455025338258,35.695301190117284],[139.75454773985285,35.695328995719514],[139.75452455896254,35.69532759243683],[139.75448619670038,35.69532525981007],[139.75448871021584,35.69529749026389],[139.7544944635171,35.69523377622568],[139.75455600659967,35.695237512130866]]]}},{"type":"Feature","properties":{"height":19.5,"gml_id":"bldg_d5b8d119-a0ff-4b1c-919e-e901a5102079"},"geometry":{"type":"Polygon","coordinates":[[[139.76208666356322,35.69363895662964],[139.7621110967988,35.69377244591797],[139.76210136572215,35.69378091303564],[139.76203197489073,35.69378097110607],[139.76201453782838,35.69363312712699],[139.76203763288652,35.69363124793087],[139.76203999660015,35.69364464368513],[139.76208666356322,35.69363895662964]]]}},{"type":"Feature","properties":{"height":30.3,"gml_id":"bldg_540a8e97-a623-44a6-be5f-0c904521200b"},"geometry":{"type":"Polygon","coordinates":[[[139.7622998265144,35.693891988918004],[139.76235308611916,35.69389085756652],[139.76235685161845,35.69400578442329],[139.7623035918574,35.69400700591325],[139.7622998265144,35.693891988918004]]]}},{"type":"Feature","properties":{"height":35.6,"gml_id":"bldg_ff2b2af3-58b9-452e-90c4-1ed52b30024e"},"geometry":{"type":"Polygon","coordinates":[[[139.7512038528607,35.696842332114244],[139.75119419740443,35.69687254843502],[139.75118762366972,35.696893158262434],[139.7510996413405,35.69687445787562],[139.75108926773765,35.696872251447736],[139.75107872842386,35.696870008850965],[139.75110814943577,35.69677790901984],[139.7511152640581,35.696779383111206],[139.75114353744468,35.69676106856937],[139.751161202012,35.69675440959554],[139.7511792046743,35.69675208823845],[139.75118154372586,35.696744752689455],[139.75123162199128,35.69675539597092],[139.75122905016636,35.69676344344376],[139.75122634531814,35.69677190455428],[139.7512038528607,35.696842332114244]]]}},{"type":"Feature","properties":{"height":29.6,"gml_id":"bldg_d91d34dc-8d6a-47a4-9575-a1a04aec7388"},"geometry":{"type":"Polygon","coordinates":[[[139.7552991031479,35.69466517581237],[139.75529456388384,35.69478775912655],[139.75515909872718,35.69478442630124],[139.75516029026056,35.69475232930611],[139.755161357239,35.69472331491374],[139.75516363819833,35.69466184299236],[139.7552991031479,35.69466517581237]]]}},{"type":"Feature","properties":{"height":3.3,"gml_id":"bldg_ff91100a-b695-46e0-8de8-05b9baa9da4d"},"geometry":{"type":"Polygon","coordinates":[[[139.75455623185343,35.69658145398302],[139.7545371910597,35.69661704560611],[139.75449179197216,35.696600881370635],[139.75451072228356,35.696565289682276],[139.75455623185343,35.69658145398302]]]}},{"type":"Feature","properties":{"height":31.8,"gml_id":"bldg_58a0061e-70b1-42e0-8527-8203a39b5fbe"},"geometry":{"type":"Polygon","coordinates":[[[139.7605051553063,35.69208096592638],[139.7605045908642,35.69209414361382],[139.76050313437213,35.692128395692585],[139.76049934103227,35.692217258559914],[139.76045587432117,35.692216024418045],[139.76040943543302,35.6922147073368],[139.76041028374541,35.692193156095215],[139.76041296371585,35.69212581636931],[139.76041443129483,35.692091565199696],[139.76041499575095,35.69207838841408],[139.7605051553063,35.69208096592638]]]}},{"type":"Feature","properties":{"height":4.5,"gml_id":"bldg_e892e51f-0917-4b38-bfb0-1ce2d1b7c0d9"},"geometry":{"type":"Polygon","coordinates":[[[139.76167985452295,35.69297275613184],[139.76167473084152,35.692944441055246],[139.76174674733204,35.692935785683396],[139.7617518710464,35.6929640917433],[139.76167985452295,35.69297275613184]]]}},{"type":"Feature","properties":{"height":31.1,"gml_id":"bldg_b1ab9f07-958f-4c0e-8a61-d5a8795f239f"},"geometry":{"type":"Polygon","coordinates":[[[139.7580861489788,35.698884682263774],[139.75810007486243,35.698893632548035],[139.7581299917716,35.69891286842793],[139.75814590549757,35.698923099892625],[139.75816921839785,35.69893808618989],[139.75818753962056,35.69894987040823],[139.7581249356907,35.69901472897052],[139.75808448296905,35.69902308641995],[139.75795778760704,35.69896937570183],[139.7580574468737,35.69886623132356],[139.7580861489788,35.698884682263774]]]}},{"type":"Feature","properties":{"height":12.2,"gml_id":"bldg_0cb5b895-10e5-4a1c-b852-7a65a996e999"},"geometry":{"type":"Polygon","coordinates":[[[139.75052597104465,35.69907914672545],[139.75051635555081,35.699091579000424],[139.7504937165292,35.69912084889631],[139.750481932283,35.699136082933],[139.75044421590454,35.699116622553724],[139.75043908029662,35.69911396989419],[139.75047347038145,35.69906951101932],[139.75048311907653,35.699057033702125],[139.75052597104465,35.69907914672545]]]}},{"type":"Feature","properties":{"height":26.3,"gml_id":"bldg_470c751d-8667-49fc-affe-7ec21011fd3a"},"geometry":{"type":"Polygon","coordinates":[[[139.75932630164587,35.69734110757137],[139.7593716529703,35.69736264301465],[139.75941102889405,35.6973813435709],[139.75936954103884,35.697435941057215],[139.75925399537724,35.69739566894103],[139.7592973744494,35.69732737184598],[139.75932630164587,35.69734110757137]]]}},{"type":"Feature","properties":{"height":15.1,"gml_id":"bldg_0f0ea413-5120-41d1-9ad0-ad55bb84a641"},"geometry":{"type":"Polygon","coordinates":[[[139.75904447779544,35.696369763601815],[139.75906687554917,35.69637006586038],[139.7590438530136,35.696411965327364],[139.75902042760444,35.6964116714438],[139.7589825270511,35.69641120636948],[139.7589833397794,35.696368932650806],[139.75904447779544,35.696369763601815]]]}},{"type":"Feature","properties":{"height":3.9,"gml_id":"bldg_681df624-2d5c-40ef-b513-d92295cd86e0"},"geometry":{"type":"Polygon","coordinates":[[[139.7579611384843,35.69318892319726],[139.7579631072521,35.69321031393484],[139.75796506496306,35.693231713679104],[139.75782925979556,35.69324010055205],[139.75782729118,35.69321858542349],[139.7578253115518,35.69319703243035],[139.7579611384843,35.69318892319726]]]}},{"type":"Feature","properties":{"height":18.3,"gml_id":"bldg_7ce50a96-49d9-4789-9c67-935273d84275"},"geometry":{"type":"Polygon","coordinates":[[[139.75890182430226,35.697761047018446],[139.75886917325133,35.69781853417342],[139.75884528038583,35.69780952372728],[139.75883220172886,35.69780458514451],[139.75879410351013,35.69779021176307],[139.75873647569927,35.697768471096666],[139.75871264913863,35.69775948770631],[139.75873021439813,35.69772851042529],[139.75874530036248,35.69770190955511],[139.75890182430226,35.697761047018446]]]}},{"type":"Feature","properties":{"height":14.7,"gml_id":"bldg_45a2c2fb-bcbc-470b-a37b-6b9ae137e8c6"},"geometry":{"type":"Polygon","coordinates":[[[139.75954110162746,35.69200393365395],[139.7595392804846,35.692025772731974],[139.759532318352,35.69209894167766],[139.75950991182106,35.69209746771984],[139.75947872129638,35.69209581710893],[139.7594909326307,35.69200983390533],[139.75950363557064,35.69200184744631],[139.75954110162746,35.69200393365395]]]}},{"type":"Feature","properties":{"height":31.9,"gml_id":"bldg_b155c1ce-0ea4-4dd1-89e3-c49b725000d4"},"geometry":{"type":"Polygon","coordinates":[[[139.7614450348875,35.699126985968775],[139.76146351131902,35.699163421319504],[139.76137618807041,35.69919284391388],[139.7613577337399,35.699156444617905],[139.76126941123732,35.69898231039387],[139.76135673437633,35.698952797738876],[139.7614450348875,35.699126985968775]]]}},{"type":"Feature","properties":{"height":23.3,"gml_id":"bldg_5cb45bc5-d548-471b-ba97-cc5802df9fba"},"geometry":{"type":"Polygon","coordinates":[[[139.75579563394487,35.699624874931764],[139.75578623097468,35.69964684424586],[139.75578111416783,35.69965879309965],[139.7557731620515,35.69967738321436],[139.7557715893484,35.69968105978568],[139.75572629563385,35.69966814101837],[139.7557340484017,35.69965001858864],[139.75574092619976,35.69963395341931],[139.7557503181402,35.699611974186546],[139.7557797896894,35.699543066406534],[139.75584132280144,35.69956059168905],[139.7558250419085,35.69959879924437],[139.75580880253028,35.69959410166885],[139.75579563394487,35.699624874931764]]]}},{"type":"Feature","properties":{"height":20.0,"gml_id":"bldg_262bd6c9-e031-4879-b65f-8a0620fcff39"},"geometry":{"type":"Polygon","coordinates":[[[139.75530541024133,35.695677057266124],[139.75521453600967,35.69572350898827],[139.7551549366093,35.69572045972287],[139.75510382299646,35.695717848600225],[139.75511366973484,35.695591933694445],[139.7551646064368,35.695594580752825],[139.7551721035996,35.695498410406145],[139.75530436210525,35.69550527360541],[139.75539298747836,35.69550986490793],[139.75539562822945,35.69551000182311],[139.75530541024133,35.695677057266124]]]}},{"type":"Feature","properties":{"height":28.7,"gml_id":"bldg_745e4318-692c-4cae-aeb3-5cd45f9fd42d"},"geometry":{"type":"Polygon","coordinates":[[[139.75401567775052,35.694678668782096],[139.7539536145054,35.694676230229724],[139.7539129203732,35.69467463500556],[139.7539169781862,35.694605133077516],[139.75391865316158,35.69457629937075],[139.75396685785893,35.6945475765719],[139.75400111023285,35.69454895210543],[139.75400234728932,35.69452713977745],[139.7540245560573,35.694528055780715],[139.75401567775052,35.694678668782096]]]}},{"type":"Feature","properties":{"height":20.6,"gml_id":"bldg_9994f402-5588-4fca-9dc3-df380121abe7"},"geometry":{"type":"Polygon","coordinates":[[[139.75800831337335,35.69795438472004],[139.75803453697856,35.69796421703592],[139.75802458637446,35.69798186863104],[139.75800360045798,35.69801907302858],[139.75799970433266,35.69802598409101],[139.75798362174888,35.69805450235565],[139.75793995624736,35.69803808812539],[139.75790364750983,35.698024436678736],[139.75793187227148,35.69797442837883],[139.75795456272473,35.697934242430684],[139.75800831337335,35.69795438472004]]]}},{"type":"Feature","properties":{"height":40.8,"gml_id":"bldg_3c81b131-7696-4a85-8da8-34cea1fbf5da"},"geometry":{"type":"Polygon","coordinates":[[[139.75034077503818,35.6966208956969],[139.75044242171714,35.69663268353333],[139.75042563649,35.696729208615984],[139.75046861550751,35.69673410560329],[139.75044582715444,35.69686559967883],[139.75036926037663,35.69685680365171],[139.75036559159454,35.69687834384649],[139.7503371966994,35.696875079343236],[139.75033241609867,35.69690319876533],[139.75029275169103,35.69689857442685],[139.75034077503818,35.6966208956969]]]}},{"type":"Feature","properties":{"height":36.0,"gml_id":"bldg_f8d4e6c6-08b0-4d1b-9d38-1ec5743c2a34"},"geometry":{"type":"Polygon","coordinates":[[[139.7555291878438,35.69633882523541],[139.75552680908459,35.69639883686526],[139.75528128776966,35.69639236833501],[139.7552788591764,35.69638993306323],[139.75526616372048,35.69637775634522],[139.75529881843468,35.69631855755568],[139.75536432743033,35.69633554574696],[139.75538447470205,35.69629797169514],[139.75549346745242,35.69630086441027],[139.7555306602354,35.696301852018465],[139.7555291878438,35.69633882523541]]]}},{"type":"Feature","properties":{"height":11.6,"gml_id":"bldg_7a4214a4-a037-43b4-83b6-67ea01401fd9"},"geometry":{"type":"Polygon","coordinates":[[[139.75729507868041,35.69676432731456],[139.7573190702595,35.69677360043045],[139.75727092439357,35.69685658522324],[139.75722563640045,35.69683907003537],[139.75723980348056,35.69681465188545],[139.7572602350484,35.69677943928934],[139.75726714148968,35.69676753656605],[139.75727378230357,35.696756084359144],[139.75729507868041,35.69676432731456]]]}},{"type":"Feature","properties":{"height":24.6,"gml_id":"bldg_7a467d1e-63e7-497a-9b67-f9bcd7d58e9b"},"geometry":{"type":"Polygon","coordinates":[[[139.75817159438282,35.69757193672395],[139.7581434807093,35.69762162967378],[139.7581153670008,35.69767132261659],[139.7579661339401,35.697615254251595],[139.75799518868416,35.69756374116655],[139.75800117670488,35.697553144813135],[139.75801465809246,35.69752923992612],[139.75802225105247,35.69751577822194],[139.75817159438282,35.69757193672395]]]}},{"type":"Feature","properties":{"height":7.9,"gml_id":"bldg_e405a2ee-ec3c-4310-924f-3933fed644ef"},"geometry":{"type":"Polygon","coordinates":[[[139.75704183518806,35.6975784369578],[139.75702514304888,35.6976085861881],[139.75701618818485,35.69762475107301],[139.75701228079757,35.697631815329515],[139.75700396793718,35.69764681785432],[139.7569942382147,35.69766439739562],[139.75691304734423,35.69763631329954],[139.75693629148716,35.69759531575925],[139.75695953560626,35.697554318214166],[139.75697069249765,35.697558111042625],[139.7569729052477,35.69755522806512],[139.75704183518806,35.6975784369578]]]}},{"type":"Feature","properties":{"height":12.1,"gml_id":"bldg_b3fed8e7-35ca-4529-8f40-d8712c83a2b6"},"geometry":{"type":"Polygon","coordinates":[[[139.75975071878247,35.69624811591534],[139.75983427157527,35.69626669911309],[139.75971443613284,35.696447080022864],[139.75964010093597,35.696414117432866],[139.75959779727629,35.696395360171934],[139.75970302643182,35.69623750467703],[139.75975071878247,35.69624811591534]]]}},{"type":"Feature","properties":{"height":21.9,"gml_id":"bldg_60b7a990-f934-4eb1-b90c-5d8de3ce6956"},"geometry":{"type":"Polygon","coordinates":[[[139.75741054890972,35.69853754557091],[139.7573253132518,35.698695142113834],[139.7572718488047,35.69867581904701],[139.7573026997843,35.698618745827176],[139.75732646620187,35.698574765016886],[139.75735697395854,35.69851831441138],[139.75741054890972,35.69853754557091]]]}},{"type":"Feature","properties":{"height":12.3,"gml_id":"bldg_209e5c48-4cc6-41ea-81ac-5768858c93f3"},"geometry":{"type":"Polygon","coordinates":[[[139.7613803844283,35.69612070999633],[139.76135296561222,35.69612542579332],[139.76126445398094,35.69614065104531],[139.76125619533795,35.696108737625124],[139.76134471798528,35.696093512385694],[139.76137212574113,35.696088796583915],[139.7613803844283,35.69612070999633]]]}},{"type":"Feature","properties":{"height":8.2,"gml_id":"bldg_12dc2e95-7f79-4502-a556-b4f2a7152a4f"},"geometry":{"type":"Polygon","coordinates":[[[139.75407152432422,35.69497832079198],[139.7540685125993,35.69502927322589],[139.75402761940057,35.695027668895726],[139.75401028316708,35.6950269814462],[139.75401122656496,35.69501160470449],[139.7540134606736,35.694976029122984],[139.75407152432422,35.69497832079198]]]}},{"type":"Feature","properties":{"height":27.7,"gml_id":"bldg_27fa03c2-1b48-46d3-bc9b-f13724073fec"},"geometry":{"type":"Polygon","coordinates":[[[139.75484398240596,35.6955544405589],[139.75483917796603,35.69563113584998],[139.75483667474515,35.695671064881836],[139.7548344410351,35.695706586392795],[139.75480504986163,35.69570539544287],[139.75480538559552,35.69570106908883],[139.7547938943032,35.69570061090729],[139.75480321060175,35.695552702267264],[139.75484398240596,35.6955544405589]]]}},{"type":"Feature","properties":{"height":23.8,"gml_id":"bldg_376fc0c6-6fdc-4ebd-b9d9-514f226ec240"},"geometry":{"type":"Polygon","coordinates":[[[139.75869421239202,35.698251335347955],[139.7587023646426,35.69825426083821],[139.75873876258407,35.6982673081816],[139.75875825950544,35.698274305872026],[139.75876728443336,35.69827753836399],[139.75878641683218,35.69828440061867],[139.75874270865927,35.698349091838146],[139.75863600300627,35.698307833105815],[139.75867285967985,35.69824367759536],[139.75869421239202,35.698251335347955]]]}},{"type":"Feature","properties":{"height":30.4,"gml_id":"bldg_63133d6b-0674-4c97-8fa0-56b9178bcc3f"},"geometry":{"type":"Polygon","coordinates":[[[139.75773226838677,35.695195003139574],[139.75772988691787,35.69523625732496],[139.75758915177553,35.69523125639053],[139.7575915668493,35.69518959661281],[139.7575940268692,35.69514714365791],[139.75760010393134,35.695147417892144],[139.75760584505068,35.69504720724342],[139.7576020993455,35.69504706968159],[139.75757301766816,35.695045978752816],[139.75754983630253,35.695045107860366],[139.75755546467002,35.69494733985276],[139.7577461415835,35.6949546075923],[139.757744894626,35.694976275732486],[139.75774416450827,35.69498887641982],[139.75774317591043,35.69500607392933],[139.75774201884556,35.6950261557154],[139.75773735709942,35.69510683437199],[139.75773226838677,35.695195003139574]]]}},{"type":"Feature","properties":{"height":15.9,"gml_id":"bldg_9f548403-f36a-48be-95aa-c2d85852bb60"},"geometry":{"type":"Polygon","coordinates":[[[139.75575427580077,35.69945055059577],[139.75586659214935,35.69948336064619],[139.75583624752352,35.699552476102305],[139.75579245658548,35.699539685420156],[139.75573923139393,35.699524137663296],[139.75570511779006,35.699514173570165],[139.75572205103794,35.699475605903636],[139.7557354625144,35.69944505814679],[139.75575427580077,35.69945055059577]]]}},{"type":"Feature","properties":{"height":8.9,"gml_id":"bldg_4e78f043-a12b-4b20-8695-c222725e2628"},"geometry":{"type":"Polygon","coordinates":[[[139.75698161408752,35.69560621183361],[139.75705794457994,35.695607368907744],[139.7570562143346,35.69568380393731],[139.7569798837694,35.695682646862004],[139.75696554140134,35.695682430449075],[139.75696652171402,35.695639336599676],[139.75696727173315,35.695605995420905],[139.75698161408752,35.69560621183361]]]}},{"type":"Feature","properties":{"height":24.4,"gml_id":"bldg_f748e537-3dac-4e52-b19c-56682a87a5e6"},"geometry":{"type":"Polygon","coordinates":[[[139.75021394357506,35.69660052737974],[139.75027073559312,35.69660471287941],[139.7502569083916,35.69672557694835],[139.7502248661581,35.69672321127055],[139.75022218940157,35.696747095706215],[139.7501974396183,35.69674518574041],[139.75021394357506,35.69660052737974]]]}},{"type":"Feature","properties":{"height":6.9,"gml_id":"bldg_2e0084f5-ea75-4901-8cf8-2cf803cc59cc"},"geometry":{"type":"Polygon","coordinates":[[[139.76015930470246,35.69862271556758],[139.76007458388878,35.69870649135153],[139.76002080269242,35.698670313712725],[139.76009966167302,35.69859230316153],[139.76012671796786,35.6986104371358],[139.76013246931663,35.69860467187191],[139.76015930470246,35.69862271556758]]]}},{"type":"Feature","properties":{"height":26.1,"gml_id":"bldg_9da674e9-6ae1-47bd-b210-db7134bcd07c"},"geometry":{"type":"Polygon","coordinates":[[[139.76143826147765,35.694300699276184],[139.76131980427408,35.69430729860628],[139.76131608688956,35.69426339968089],[139.76140079706119,35.69425861898771],[139.76140220745503,35.69427532221],[139.761435954503,35.69427342155162],[139.76143826147765,35.694300699276184]]]}},{"type":"Feature","properties":{"height":33.5,"gml_id":"bldg_2f5e8f07-6e0d-4dc6-8ede-1d9ee43d2e5a"},"geometry":{"type":"Polygon","coordinates":[[[139.75656985705257,35.69576719593726],[139.7565270955417,35.695766087017844],[139.75653287757288,35.695613128319856],[139.7566002793885,35.695614793767966],[139.75659812503176,35.69567210957386],[139.75659682130802,35.695706559982625],[139.75659495044272,35.69575630536681],[139.7565704205968,35.695755658768455],[139.75656985705257,35.69576719593726]]]}},{"type":"Feature","properties":{"height":25.2,"gml_id":"bldg_2eae0392-9f35-4f1f-8b15-60f361c2dd2b"},"geometry":{"type":"Polygon","coordinates":[[[139.75797800590317,35.696812051607566],[139.75803198719976,35.696832888989746],[139.7580388025148,35.69683552525104],[139.7580034958542,35.696896615995726],[139.75790353041205,35.69685806493092],[139.75793894763075,35.69679697428445],[139.75797800590317,35.696812051607566]]]}},{"type":"Feature","properties":{"height":12.5,"gml_id":"bldg_24ced1f7-ba1b-44e6-bffd-e96d07d71168"},"geometry":{"type":"Polygon","coordinates":[[[139.75615107565872,35.69676017404074],[139.75613655035988,35.69678905361054],[139.75612051935357,35.696820951799545],[139.75610628186027,35.696849281714776],[139.7560398160509,35.69682700227665],[139.75608449940316,35.69673790356987],[139.75615107565872,35.69676017404074]]]}},{"type":"Feature","properties":{"height":27.0,"gml_id":"bldg_354c8b16-3da2-495e-9947-25aac83450fc"},"geometry":{"type":"Polygon","coordinates":[[[139.75697660005503,35.6991273080894],[139.7569102983018,35.699243542598786],[139.75687003476017,35.69922826586799],[139.75662088716177,35.699133752052376],[139.75665497896165,35.69907410315354],[139.7567791384392,35.699121142597704],[139.75681145906756,35.699064648220435],[139.75689752013184,35.699097305412096],[139.75697660005503,35.6991273080894]]]}},{"type":"Feature","properties":{"height":33.3,"gml_id":"bldg_02a252dd-aa71-420b-a5f8-2eb056b9555f"},"geometry":{"type":"Polygon","coordinates":[[[139.76114822802182,35.695225493132234],[139.7611608507732,35.69535594689336],[139.76113773919352,35.69537558288926],[139.7610559756344,35.695370846703334],[139.76106673458622,35.69523995628588],[139.7610394100476,35.69523847064677],[139.7610409519134,35.69521962393654],[139.76114822802182,35.695225493132234]]]}},{"type":"Feature","properties":{"height":22.4,"gml_id":"bldg_1b6a72af-1c88-4551-8611-fa6a7f6e6a2b"},"geometry":{"type":"Polygon","coordinates":[[[139.7527756856328,35.69951774708039],[139.752755689781,35.699523610621334],[139.75273561654717,35.699529501148184],[139.75263375811062,35.69955938538872],[139.75261082586434,35.699507451169765],[139.7527127394856,35.69947757599898],[139.7527328016496,35.699471693580804],[139.75275286380892,35.69946581296199],[139.7527756856328,35.69951774708039]]]}},{"type":"Feature","properties":{"height":6.9,"gml_id":"bldg_b342a2b9-31ba-497c-9dea-dfa4d679bb61"},"geometry":{"type":"Polygon","coordinates":[[[139.75449665104583,35.69716514167607],[139.7544794919501,35.69719730931603],[139.75442315700377,35.697177171867516],[139.7544404266172,35.69714500430792],[139.75449665104583,35.69716514167607]]]}},{"type":"Feature","properties":{"height":20.6,"gml_id":"bldg_96f4ffdb-750b-425f-a8e6-b339e6e9a7ad"},"geometry":{"type":"Polygon","coordinates":[[[139.75459077372633,35.69808766441441],[139.75454494990294,35.698165422576565],[139.75445735646497,35.69813111318966],[139.75450318044233,35.698053264923644],[139.75459077372633,35.69808766441441]]]}},{"type":"Feature","properties":{"height":39.2,"gml_id":"bldg_7ec4e929-058a-42c0-b3d3-875dcda4818f"},"geometry":{"type":"Polygon","coordinates":[[[139.75818041848825,35.69935539092504],[139.75816095143716,35.69937520888437],[139.75834460446532,35.69949565617659],[139.75822502598808,35.69961716726456],[139.7581137981083,35.69973018444314],[139.75806100457459,35.699783827051924],[139.7580267034376,35.69976134258567],[139.75797122089142,35.699724974587134],[139.757937383628,35.69970279775244],[139.75781075910757,35.69961980055523],[139.7578122128126,35.699601594718516],[139.75796487473363,35.69944663693453],[139.7580884019204,35.69932126169761],[139.75812009665407,35.69934201298969],[139.7581356924816,35.699326069406034],[139.75818041848825,35.69935539092504]]]}},{"type":"Feature","properties":{"height":26.3,"gml_id":"bldg_f1a81634-ed1d-4473-87ac-3db0ec2e0343"},"geometry":{"type":"Polygon","coordinates":[[[139.7550911886885,35.69976075113153],[139.75511036523855,35.6997677041344],[139.7550883357678,35.699807981000895],[139.75506924756849,35.699801073120426],[139.75499175703703,35.69977301718444],[139.75495191267896,35.699758587372926],[139.7549628390333,35.69973845790871],[139.7549738317898,35.69971822032239],[139.7550911886885,35.69976075113153]]]}},{"type":"Feature","properties":{"height":16.7,"gml_id":"bldg_ced34c26-3c07-456f-9161-925aea9b39ce"},"geometry":{"type":"Polygon","coordinates":[[[139.7566581780572,35.69711750341831],[139.7566384742955,35.697153906181065],[139.7566618921555,35.697162303832364],[139.7566210452523,35.697238082956076],[139.75641779589566,35.69716521276663],[139.75647823636834,35.697052940770114],[139.7566581780572,35.69711750341831]]]}},{"type":"Feature","properties":{"height":27.1,"gml_id":"bldg_393a7cdd-9467-4c58-81b0-d4c0a8f9320c"},"geometry":{"type":"Polygon","coordinates":[[[139.76004877585117,35.69203388082212],[139.76008576731374,35.69203542665071],[139.76008351345064,35.692071480078056],[139.76007659503279,35.69218196579754],[139.76007556369746,35.6921981537742],[139.75999159251998,35.6921945873022],[139.75999224277595,35.69218432109464],[139.7600019178315,35.69203187828736],[139.76004877585117,35.69203388082212]]]}},{"type":"Feature","properties":{"height":14.8,"gml_id":"bldg_87a8c2f6-3077-47e7-a804-018b9809f935"},"geometry":{"type":"Polygon","coordinates":[[[139.75459600275855,35.698444980421236],[139.75464289645953,35.69845933293719],[139.75462528902727,35.698497719743635],[139.7545624326694,35.69847847856738],[139.75456753771567,35.69846735991625],[139.7545800401266,35.698440092671404],[139.75459600275855,35.698444980421236]]]}},{"type":"Feature","properties":{"height":13.7,"gml_id":"bldg_babbe75f-f526-493f-b0bd-d91ad3f0abc4"},"geometry":{"type":"Polygon","coordinates":[[[139.75516184343485,35.6976332057939],[139.75515132960368,35.69764991936251],[139.75512189084424,35.69769672636313],[139.75501883628633,35.6976535739186],[139.75504819774878,35.69760675787891],[139.75505867843694,35.69759005331133],[139.75516184343485,35.6976332057939]]]}},{"type":"Feature","properties":{"height":15.7,"gml_id":"bldg_dd38b3c3-6bf2-4df2-992f-dd524e2570a8"},"geometry":{"type":"Polygon","coordinates":[[[139.75473861872047,35.69496214594365],[139.75473290617913,35.69496201602208],[139.75471411114424,35.69496158911856],[139.7546100810024,35.6949592406668],[139.75459540739675,35.694958906576886],[139.75459702328712,35.69491125222839],[139.75466781645133,35.694913182373625],[139.7546699781071,35.69484981841118],[139.75474246206915,35.69485148731884],[139.75473861872047,35.69496214594365]]]}},{"type":"Feature","properties":{"height":19.4,"gml_id":"bldg_264ff7e3-4614-4773-be32-f32e55166ba3"},"geometry":{"type":"Polygon","coordinates":[[[139.75689010497837,35.69667796301864],[139.75691262754782,35.69668650427229],[139.7569188242953,35.69668885176618],[139.75696796748005,35.69670748721344],[139.75694738031297,35.69674352892127],[139.75692679312738,35.69677957062534],[139.7568273800706,35.69674183024944],[139.75684547698842,35.69671005856872],[139.75686844399445,35.69666974680098],[139.75689010497837,35.69667796301864]]]}},{"type":"Feature","properties":{"height":17.7,"gml_id":"bldg_effdda96-1b81-4a4b-9d51-a0b89137b201"},"geometry":{"type":"Polygon","coordinates":[[[139.75971805580156,35.69767853285716],[139.75971048734846,35.69768966915077],[139.75968025778974,35.6977341332241],[139.7596682633215,35.6977517837054],[139.759638529043,35.69773829003721],[139.7596255175446,35.697732378103034],[139.75966777466158,35.697670353720355],[139.7596754205518,35.69765912733987],[139.75971805580156,35.69767853285716]]]}},{"type":"Feature","properties":{"height":11.3,"gml_id":"bldg_b036bb6f-ffb4-46d3-8758-9536d2f9dd04"},"geometry":{"type":"Polygon","coordinates":[[[139.7607961792356,35.69856297972143],[139.7607271488144,35.698648478020985],[139.76046041794592,35.69850508930753],[139.76048696810435,35.69847229644734],[139.76046543085178,35.69846074498708],[139.76050470305958,35.69841209482726],[139.76052612980433,35.698423645312374],[139.7605294484458,35.69841968129592],[139.7607961792356,35.69856297972143]]]}},{"type":"Feature","properties":{"height":8.2,"gml_id":"bldg_d7f2a07b-0b7d-4bea-a9de-49e5c0182fea"},"geometry":{"type":"Polygon","coordinates":[[[139.7533708929125,35.69925700838225],[139.75339906218488,35.699265870421236],[139.7533931156319,35.69927846670725],[139.75336827737448,35.69933110817678],[139.75334708961225,35.69932447805239],[139.75331657834812,35.69931493931926],[139.7533414167064,35.69926222575084],[139.75334736328435,35.699249611439974],[139.7533708929125,35.69925700838225]]]}},{"type":"Feature","properties":{"height":8.3,"gml_id":"bldg_55cfc8cb-43d9-4ce7-bc5b-92a23522e902"},"geometry":{"type":"Polygon","coordinates":[[[139.75880626481566,35.69517072294159],[139.7588059215513,35.695183377956724],[139.75883206465255,35.69518385383777],[139.75882943427732,35.695279488413355],[139.75877026417595,35.695278405287596],[139.75877324894017,35.69517011660655],[139.75880626481566,35.69517072294159]]]}},{"type":"Feature","properties":{"height":31.3,"gml_id":"bldg_443fd92e-4fb2-4436-9a8b-4fe1651306b3"},"geometry":{"type":"Polygon","coordinates":[[[139.76137430801228,35.69242941740101],[139.76140147205814,35.69257166980713],[139.76134246199607,35.69257911590255],[139.7613746845216,35.692748322295365],[139.76130456731718,35.692758456827995],[139.76123058216038,35.692769328126374],[139.76117097776716,35.69245507486737],[139.76137430801228,35.69242941740101]]]}},{"type":"Feature","properties":{"height":9.8,"gml_id":"bldg_03d358ac-0c0e-4047-b727-6440ba1db608"},"geometry":{"type":"Polygon","coordinates":[[[139.75652316776112,35.69870977593672],[139.75649892752986,35.69875185439626],[139.7563797400629,35.69870616899134],[139.7564040908444,35.69866409062619],[139.75652316776112,35.69870977593672]]]}},{"type":"Feature","properties":{"height":9.2,"gml_id":"bldg_12be6cd2-9f39-4ef7-9c9d-9e8dfa643009"},"geometry":{"type":"Polygon","coordinates":[[[139.75507567527788,35.69549573288407],[139.7550730015217,35.69552937926611],[139.75506931824606,35.69557842038106],[139.75500261425796,35.69557508699645],[139.75500630880913,35.695525856603304],[139.75500898259318,35.69549221022275],[139.75507567527788,35.69549573288407]]]}},{"type":"Feature","properties":{"height":8.7,"gml_id":"bldg_84318077-10b8-48fd-bb6e-7d384b1c7eb8"},"geometry":{"type":"Polygon","coordinates":[[[139.75986038988634,35.69188529232913],[139.7599071263083,35.691887258790025],[139.75990230987554,35.69195846408116],[139.75985588278235,35.69195650682089],[139.75980894744345,35.691954531204914],[139.75981365346675,35.69188332585011],[139.75986038988634,35.69188529232913]]]}},{"type":"Feature","properties":{"height":33.2,"gml_id":"bldg_0cb97c90-57af-4b98-8a06-cd7f947ee834"},"geometry":{"type":"Polygon","coordinates":[[[139.75888540740175,35.69937412679848],[139.75886356246545,35.69936070993086],[139.75884776961138,35.69935101855643],[139.75884016032327,35.69934635467196],[139.75875642515535,35.699294951838404],[139.75872637461956,35.699276500223355],[139.75880845025574,35.69918749582022],[139.75883850078552,35.699205938401356],[139.7588693133677,35.69922484114448],[139.75890681859528,35.69924784924634],[139.7589211425931,35.699256637434914],[139.75893995043677,35.69926817756809],[139.75894566016137,35.69927167840795],[139.75897653905378,35.69929062623289],[139.7589482218073,35.699321435552825],[139.7589391657982,35.69931584056788],[139.75888540740175,35.69937412679848]]]}},{"type":"Feature","properties":{"height":71.9,"gml_id":"bldg_1862a95a-06ab-4c55-8365-22629f0ed7b8"},"geometry":{"type":"Polygon","coordinates":[[[139.75346273721007,35.69757800825737],[139.75315936726304,35.69762512756048],[139.75313780156716,35.69753290403828],[139.7531647777057,35.697452546924005],[139.7531703303211,35.6974359915699],[139.7532057405707,35.697330501777834],[139.7532425412028,35.69732628983354],[139.75326614295932,35.69726095627211],[139.75338439587668,35.6972426469389],[139.75346273721007,35.69757800825737]]]}},{"type":"Feature","properties":{"height":13.3,"gml_id":"bldg_15671560-bb25-403e-9a7d-91c16b5cde84"},"geometry":{"type":"Polygon","coordinates":[[[139.75701219001039,35.697843060133096],[139.75698761664972,35.69788739190887],[139.75688917317527,35.69785113856266],[139.75687075921815,35.697844357585666],[139.75685594631108,35.69783890480766],[139.75688051972963,35.69779457305847],[139.75701219001039,35.697843060133096]]]}},{"type":"Feature","properties":{"height":45.5,"gml_id":"bldg_d6e24968-a51a-44a5-974f-a2c408a2d13c"},"geometry":{"type":"Polygon","coordinates":[[[139.76065074665667,35.6923296697764],[139.76065613803698,35.69239130870693],[139.7606201168218,35.69239187284527],[139.76054498054796,35.69239304428747],[139.7605528505744,35.69224387232209],[139.76064279620445,35.692238878995845],[139.76065074665667,35.6923296697764]]]}},{"type":"Feature","properties":{"height":31.7,"gml_id":"bldg_7c2bdb8b-40e7-40b1-9784-bb2f387988a6"},"geometry":{"type":"Polygon","coordinates":[[[139.75338452872626,35.69544892216205],[139.75337473576326,35.695496120373676],[139.7533739807566,35.69549975239089],[139.75338254311717,35.69550092985824],[139.753391105478,35.695502107324984],[139.75337378442293,35.695585742901166],[139.75329357438483,35.69557469288928],[139.7533215540268,35.69544022717469],[139.75338452872626,35.69544892216205]]]}},{"type":"Feature","properties":{"height":32.0,"gml_id":"bldg_345d3b23-1af8-417e-8075-3234cce3c1e3"},"geometry":{"type":"Polygon","coordinates":[[[139.75927230576454,35.698028441325945],[139.75922968415844,35.698089753259865],[139.75922151831892,35.698101511098784],[139.75926050850126,35.69811947234206],[139.7592205645035,35.698176955101005],[139.75911382211535,35.69812762140309],[139.75909751916518,35.69812009303076],[139.75918814013616,35.697989630643185],[139.75927230576454,35.698028441325945]]]}},{"type":"Feature","properties":{"height":24.1,"gml_id":"bldg_d6a9bbee-fbc7-44bd-a0cc-7c4224c7af3c"},"geometry":{"type":"Polygon","coordinates":[[[139.75420596951835,35.697233725417895],[139.75418554931497,35.69726714377493],[139.75416543900135,35.697300048551696],[139.75412690063015,35.697363119039345],[139.7541235913398,35.697368525076584],[139.7541197507677,35.69737482311955],[139.7540649649244,35.69735252323746],[139.7540687944319,35.6973462432163],[139.7541357331481,35.69723656360968],[139.75415107324696,35.697211426403285],[139.75420596951835,35.697233725417895]]]}},{"type":"Feature","properties":{"height":35.3,"gml_id":"bldg_f5efb9fe-fff3-41c8-bbb8-06950d6ce187"},"geometry":{"type":"Polygon","coordinates":[[[139.75499394497135,35.69440646482036],[139.75509902458256,35.69440833589635],[139.75511416222423,35.694408616144194],[139.75510720561425,35.69466413186734],[139.7551044208989,35.694766183116535],[139.75495889993184,35.69476356462632],[139.7549616296021,35.69466149531734],[139.75496820400892,35.69466160776172],[139.75496834149803,35.694656605250245],[139.75496176710044,35.6946564837922],[139.75496103783564,35.69465647430371],[139.75492429854086,35.69465581040678],[139.754631168639,35.69465058857609],[139.75463456046984,35.69452727532662],[139.75463470936563,35.69452193030248],[139.75463529388125,35.69450056822597],[139.75463885762392,35.69437096262462],[139.75494121274684,35.694376333761866],[139.75494041074992,35.694405484433275],[139.75499394497135,35.69440646482036]]]}},{"type":"Feature","properties":{"height":44.2,"gml_id":"bldg_0c61bc7e-b294-4a85-b1b2-b6944adf1c50"},"geometry":{"type":"Polygon","coordinates":[[[139.75451967581546,35.699481855331875],[139.75450816313517,35.69950257927616],[139.7545749932409,35.69952705011572],[139.75458359295524,35.699546885855916],[139.75453631944134,35.69963715404582],[139.7544096989652,35.69987893537516],[139.75430792153543,35.70007328482388],[139.75387588740574,35.69992688944232],[139.75398537237447,35.69972788355636],[139.75411690860196,35.699488792883514],[139.75417732954267,35.69937896478543],[139.75426647295058,35.699411562787105],[139.75427676810602,35.699392911214346],[139.75451967581546,35.699481855331875]]]}},{"type":"Feature","properties":{"height":16.7,"gml_id":"bldg_e57d0eb2-1ba1-4d69-bc45-c3836745caca"},"geometry":{"type":"Polygon","coordinates":[[[139.75526200518274,35.69728860527135],[139.75531235002117,35.697310089597124],[139.75534955087974,35.69732596067397],[139.7553301839405,35.697356234128996],[139.75529293888854,35.69734034589155],[139.7552426050784,35.697318869677254],[139.7552349727234,35.69731561078307],[139.75525433968875,35.6972853373432],[139.75526200518274,35.69728860527135]]]}},{"type":"Feature","properties":{"height":10.4,"gml_id":"bldg_75cf18be-86e9-4018-80a0-96f47649e86b"},"geometry":{"type":"Polygon","coordinates":[[[139.75913660546564,35.694741848068674],[139.7591354723182,35.694772277606475],[139.7591508861923,35.694772656667624],[139.7591491865785,35.694818192809954],[139.75907209507582,35.69481628755458],[139.75907031612735,35.69481624229003],[139.75907313790785,35.69474027660487],[139.75909098263185,35.69474072026911],[139.75909145865333,35.69472783999168],[139.75911427559117,35.69472840389693],[139.7591370925294,35.694728967797865],[139.75913660546564,35.694741848068674]]]}},{"type":"Feature","properties":{"height":3.3,"gml_id":"bldg_e5bd8156-67db-4afd-8cc0-e787092eacd0"},"geometry":{"type":"Polygon","coordinates":[[[139.75455888548197,35.69899539420055],[139.75453294774033,35.69904327596618],[139.7544791302015,35.69902387931969],[139.75450506796903,35.698975997565526],[139.75455888548197,35.69899539420055]]]}},{"type":"Feature","properties":{"height":44.7,"gml_id":"bldg_817dfe66-bd84-4b60-8703-6e0b41541b81"},"geometry":{"type":"Polygon","coordinates":[[[139.76143984570376,35.692166076262055],[139.7611570588799,35.692206198284296],[139.76115430801454,35.692193487318626],[139.76116725302725,35.69217420576247],[139.76114227687998,35.69205692255481],[139.7618331632699,35.69195908555404],[139.76185686676166,35.69201777881644],[139.7618894912549,35.69217085981783],[139.7618534329377,35.69217597622157],[139.76186542335128,35.692235708113884],[139.76187291328378,35.69223736206724],[139.76187797504426,35.69226080069057],[139.7614724149492,35.69231833709263],[139.76143984570376,35.692166076262055]]]}},{"type":"Feature","properties":{"height":29.6,"gml_id":"bldg_88273334-9b9f-4d42-b624-e95fb281e082"},"geometry":{"type":"Polygon","coordinates":[[[139.76010013344094,35.698088420136095],[139.76010531368468,35.6980908750114],[139.76008746791848,35.69815116574384],[139.760063455467,35.6981397488117],[139.75998761857784,35.69810369293328],[139.760025235287,35.69805296876947],[139.76010013344094,35.698088420136095]]]}},{"type":"Feature","properties":{"height":12.5,"gml_id":"bldg_877f74d1-2c09-4469-bfb4-4393571ca4c9"},"geometry":{"type":"Polygon","coordinates":[[[139.7595224807415,35.69707970566715],[139.75956003504857,35.69709653021055],[139.7596055310097,35.69711691100123],[139.75959338152012,35.697134994039224],[139.75958118777547,35.69715313113096],[139.75953565865845,35.69713274129716],[139.75949810433954,35.697115916746235],[139.75947216977582,35.69710430021421],[139.75948434140457,35.697086199174564],[139.75949651304447,35.69706808010627],[139.7595224807415,35.69707970566715]]]}},{"type":"Feature","properties":{"height":6.9,"gml_id":"bldg_30676ae8-2f34-4a15-939b-e3fe8d014e7b"},"geometry":{"type":"Polygon","coordinates":[[[139.75915912336032,35.69679563213464],[139.75918802895808,35.69680859360486],[139.7592159846741,35.69682112182602],[139.7592387159549,35.69683131227865],[139.75920109465156,35.696887083871935],[139.759178374418,35.69687688440539],[139.75914556980837,35.69686216286008],[139.75912153519317,35.69685137668271],[139.75911019165233,35.69684628596635],[139.7591311047945,35.6968151835931],[139.75914770250074,35.69679051433305],[139.75915912336032,35.69679563213464]]]}},{"type":"Feature","properties":{"height":13.8,"gml_id":"bldg_c0bbc4ce-fb56-44c2-9649-93f1a8d1f152"},"geometry":{"type":"Polygon","coordinates":[[[139.7589934936583,35.69650089938794],[139.75894498587942,35.69649969764158],[139.75894539315843,35.69648948537915],[139.7589478140526,35.69642894189927],[139.75898328322128,35.696429865181166],[139.75898396210843,35.69641273958366],[139.75902645876118,35.69641389343677],[139.75904186186813,35.696414307658735],[139.7589934936583,35.69650089938794]]]}},{"type":"Feature","properties":{"height":40.0,"gml_id":"bldg_97c5c2c2-6f77-4838-ab5e-1ec10fdab8f3"},"geometry":{"type":"Polygon","coordinates":[[[139.75389712471113,35.69522644298622],[139.75387928546593,35.69527609666949],[139.75391872354982,35.695285496935824],[139.75388082874971,35.69539120256488],[139.75376140968214,35.69536273054917],[139.7537841244896,35.69529937929068],[139.75372679022087,35.69528564057349],[139.75375271830563,35.69521336788747],[139.75379824574875,35.69521060373118],[139.75385248687112,35.69522352913974],[139.75385503536234,35.695216410003695],[139.75389712471113,35.69522644298622]]]}},{"type":"Feature","properties":{"height":25.0,"gml_id":"bldg_98952fbe-1289-46b5-b489-fe1be2645920"},"geometry":{"type":"Polygon","coordinates":[[[139.75429440499394,35.696189637400856],[139.75423010934432,35.696186350237966],[139.7540815962342,35.6961787711888],[139.75408529011358,35.69613082077322],[139.75423379208536,35.69613839981052],[139.75423770980493,35.69608747501821],[139.75425063735617,35.69608820460722],[139.75430193903225,35.69609080720191],[139.75429440499394,35.696189637400856]]]}},{"type":"Feature","properties":{"height":23.1,"gml_id":"bldg_f2ed1ab4-2218-46c5-adc1-eb04ef1c1d9d"},"geometry":{"type":"Polygon","coordinates":[[[139.75856943654927,35.695632978617624],[139.75856741701497,35.69566574214169],[139.75856384934227,35.69572343658184],[139.7585636138227,35.69572715909121],[139.75856234603538,35.69574769059744],[139.75855788081066,35.69581991455374],[139.75847788264036,35.69581761231221],[139.75848195085356,35.69574463096172],[139.75848313085305,35.69572346844318],[139.7584832994217,35.695720448059106],[139.75848651356904,35.695662744387825],[139.7584883342664,35.695629953700426],[139.75856943654927,35.695632978617624]]]}},{"type":"Feature","properties":{"height":15.6,"gml_id":"bldg_097850a5-becc-4e1f-ad73-bcbacff1a727"},"geometry":{"type":"Polygon","coordinates":[[[139.7605494125308,35.696757568673114],[139.76054146833013,35.69676898421808],[139.76051848764573,35.69680203344526],[139.76048889043787,35.69684460433437],[139.76046337031022,35.696838928289495],[139.76043608256276,35.69683285456632],[139.76049533231108,35.69674763892752],[139.76050324332553,35.69673626843395],[139.7605494125308,35.696757568673114]]]}},{"type":"Feature","properties":{"height":35.6,"gml_id":"bldg_261a2e26-0d80-4edc-a0c9-e665574f2bb2"},"geometry":{"type":"Polygon","coordinates":[[[139.7545258680444,35.69711928111677],[139.75438304287334,35.697067899621345],[139.75440496170944,35.69702735238202],[139.7544336813098,35.69703773695516],[139.75445461489352,35.69699899179917],[139.75446921636672,35.69697196029049],[139.75452835676998,35.6969932082388],[139.7545833218039,35.69701295715369],[139.7545258680444,35.69711928111677]]]}},{"type":"Feature","properties":{"height":9.6,"gml_id":"bldg_80158950-71de-4c37-aed2-ff4c390282e8"},"geometry":{"type":"Polygon","coordinates":[[[139.75889459378186,35.696266978002924],[139.7589226597057,35.696267671382074],[139.75892084718646,35.69631562310974],[139.7588928033455,35.69631492974383],[139.75878648427067,35.69631229504702],[139.75878829687025,35.696264343321445],[139.75889459378186,35.696266978002924]]]}},{"type":"Feature","properties":{"height":28.6,"gml_id":"bldg_d51ab959-b97b-4073-b8b1-45e1e2a6aed3"},"geometry":{"type":"Polygon","coordinates":[[[139.75570944441512,35.69774074195938],[139.75574246105913,35.69775303087893],[139.75578482266084,35.697768814108386],[139.75576102371804,35.697811523668484],[139.75571857372438,35.697795713332674],[139.75565752220876,35.69777296756417],[139.75566807124025,35.69775404742283],[139.75568132119434,35.69773025892569],[139.75570944441512,35.69774074195938]]]}},{"type":"Feature","properties":{"height":9.8,"gml_id":"bldg_4d695ae7-7bc0-4601-8152-9f957f18b134"},"geometry":{"type":"Polygon","coordinates":[[[139.75235191645496,35.69516989806042],[139.75233929923706,35.69520118511901],[139.75224019945026,35.69517460011197],[139.75225280565294,35.69514331305623],[139.75235191645496,35.69516989806042]]]}},{"type":"Feature","properties":{"height":6.4,"gml_id":"bldg_4c36481f-93bc-403b-9bc7-4963499e7056"},"geometry":{"type":"Polygon","coordinates":[[[139.75885085983273,35.69564766512198],[139.7588116340172,35.69564682961255],[139.75881310385745,35.6956109560194],[139.75882670492217,35.69560032827918],[139.7588524508805,35.69560025407468],[139.75885085983273,35.69564766512198]]]}},{"type":"Feature","properties":{"height":28.3,"gml_id":"bldg_effaed9d-bca9-477c-acff-5cb290205f87"},"geometry":{"type":"Polygon","coordinates":[[[139.75507563129577,35.69697713331181],[139.7550502819619,35.69702317679498],[139.75493683979494,35.69698163998478],[139.75493640856118,35.69697064299975],[139.7549520167321,35.69694226003409],[139.75496495068936,35.696936589829214],[139.75507563129577,35.69697713331181]]]}},{"type":"Feature","properties":{"height":22.5,"gml_id":"bldg_1ca7d254-168e-4579-b782-ec75d259eef8"},"geometry":{"type":"Polygon","coordinates":[[[139.75974903505835,35.696914190734304],[139.75973276949014,35.6969383365844],[139.75961446235698,35.696885544005355],[139.7595836788918,35.69687180630961],[139.75956510057682,35.69686351134265],[139.75958136626494,35.69683927357534],[139.75974903505835,35.696914190734304]]]}},{"type":"Feature","properties":{"height":14.9,"gml_id":"bldg_2972d892-a5b9-4434-9c2e-e9045a266d4e"},"geometry":{"type":"Polygon","coordinates":[[[139.75917021265136,35.69467645638884],[139.75916883979806,35.694727113413954],[139.75907746093483,35.69472552385191],[139.75907886668472,35.694675201256246],[139.75917021265136,35.69467645638884]]]}},{"type":"Feature","properties":{"height":24.8,"gml_id":"bldg_3d682644-369b-4406-9edd-97fd650e73af"},"geometry":{"type":"Polygon","coordinates":[[[139.75919537573702,35.69614155780742],[139.75913040791391,35.69625536072511],[139.7590927300259,35.69625317420736],[139.7591201295616,35.69613826741292],[139.75919537573702,35.69614155780742]]]}},{"type":"Feature","properties":{"height":14.5,"gml_id":"bldg_4869598e-189e-4ba1-8911-d324b629eefc"},"geometry":{"type":"Polygon","coordinates":[[[139.75948165953173,35.69244435162304],[139.75964286498603,35.69244856065764],[139.75963675226296,35.69260737829102],[139.7595778608038,35.6926058098951],[139.75957978325198,35.69255794833199],[139.7594108432626,35.69255351813482],[139.7594130715426,35.69249763456974],[139.75941491566024,35.692450944741246],[139.75942729827395,35.692442930151756],[139.75948165953173,35.69244435162304]]]}},{"type":"Feature","properties":{"height":2.9,"gml_id":"bldg_b0860622-d21e-4904-a146-4bc123c4fa9f"},"geometry":{"type":"Polygon","coordinates":[[[139.75320343863638,35.69234114962901],[139.753224414333,35.69235910084976],[139.7532009716408,35.69237729291889],[139.7531799958545,35.69235943183104],[139.75320343863638,35.69234114962901]]]}},{"type":"Feature","properties":{"height":15.3,"gml_id":"bldg_71124390-f5e7-42c3-abb3-4e6767c2b05b"},"geometry":{"type":"Polygon","coordinates":[[[139.76192627504136,35.69212039591059],[139.76206573296378,35.69210209060423],[139.76209807156775,35.69226651962559],[139.7619586133664,35.69228482496859],[139.76192627504136,35.69212039591059]]]}},{"type":"Feature","properties":{"height":20.3,"gml_id":"bldg_25af462c-193e-434d-9d03-ccf339b0c1ee"},"geometry":{"type":"Polygon","coordinates":[[[139.75732681808807,35.69804092944186],[139.7573082789376,35.69807282619884],[139.7572897397723,35.698104722952756],[139.75721285942208,35.69807501931935],[139.75723675560465,35.69803390495834],[139.75724993778528,35.69801122583187],[139.75732681808807,35.69804092944186]]]}},{"type":"Feature","properties":{"height":26.0,"gml_id":"bldg_3e1643e9-ccbb-4224-898a-1fc4491270d9"},"geometry":{"type":"Polygon","coordinates":[[[139.75596106335254,35.69919489323877],[139.75595379796238,35.69921190641279],[139.75594329855065,35.69923652506034],[139.7558920395212,35.699221962027885],[139.75583868154263,35.69920680271886],[139.7558746985575,35.69912237665108],[139.7559244045806,35.6990058526151],[139.75593023749244,35.69900750587105],[139.75600361284947,35.69902834761145],[139.75599486343106,35.69904880306422],[139.75602656882378,35.69905783711936],[139.75598304287863,35.69915993425234],[139.75597674599416,35.69915812656676],[139.75596106335254,35.69919489323877]]]}},{"type":"Feature","properties":{"height":19.1,"gml_id":"bldg_94ba6bd8-fa65-4455-a75d-80a5bfda0790"},"geometry":{"type":"Polygon","coordinates":[[[139.75542450176684,35.697077159207694],[139.75546851802935,35.69709542238614],[139.75548126453145,35.69710070364022],[139.75544496393874,35.69715908888019],[139.75537051739732,35.69712812372431],[139.75537472294596,35.6971213751929],[139.7553849933518,35.69710487777421],[139.75540681794246,35.6970698286434],[139.75542450176684,35.697077159207694]]]}},{"type":"Feature","properties":{"height":13.7,"gml_id":"bldg_938d0aa6-ed1a-461c-859c-d9ca4245a025"},"geometry":{"type":"Polygon","coordinates":[[[139.75631121428628,35.69879044822819],[139.75644867420354,35.69884096769645],[139.75641579787018,35.69890061731582],[139.7562782605115,35.698850106774564],[139.7562294470025,35.698832174330626],[139.75626243394805,35.69877252483236],[139.75631121428628,35.69879044822819]]]}},{"type":"Feature","properties":{"height":18.3,"gml_id":"bldg_865090cf-435c-40c3-8048-802cf59230f3"},"geometry":{"type":"Polygon","coordinates":[[[139.75023830745167,35.69926439611472],[139.7502890583642,35.69928846163078],[139.7502721378905,35.69931222806556],[139.75025209671233,35.69934035496903],[139.75016208148764,35.699297658062086],[139.750199043178,35.69924576475117],[139.75023830745167,35.69926439611472]]]}},{"type":"Feature","properties":{"height":10.0,"gml_id":"bldg_0ab60582-fb83-4b2d-b7ad-ba63d47adc58"},"geometry":{"type":"Polygon","coordinates":[[[139.75681567103626,35.697894493684814],[139.75681212890697,35.69790089115354],[139.75695285744354,35.69795244870504],[139.75693304362483,35.69798831061966],[139.75674304912465,35.69791860419086],[139.75676629455685,35.697876434906455],[139.75681567103626,35.697894493684814]]]}},{"type":"Feature","properties":{"height":25.4,"gml_id":"bldg_33425561-0a67-4ecd-8e92-5353b8acab67"},"geometry":{"type":"Polygon","coordinates":[[[139.75144121007085,35.69726958957131],[139.75140307734503,35.69740932991844],[139.75133540845852,35.697397331688016],[139.75127045738765,35.69738582201171],[139.7512763475763,35.697363715442805],[139.75128303643424,35.69733860785876],[139.75129246515348,35.69730322743502],[139.75130771753462,35.69724593689256],[139.75144121007085,35.69726958957131]]]}},{"type":"Feature","properties":{"height":7.4,"gml_id":"bldg_46330320-20c7-408b-a2fa-3634107d615b"},"geometry":{"type":"Polygon","coordinates":[[[139.75681722477262,35.69754043689118],[139.7568040758351,35.69756297177411],[139.75679088262126,35.697585578736906],[139.75672681638648,35.697560660194604],[139.7567399874798,35.69753808927946],[139.7567531585657,35.69751551836277],[139.75681722477262,35.69754043689118]]]}},{"type":"Feature","properties":{"height":4.2,"gml_id":"bldg_f35b33a6-0e33-461e-94c7-6d79a60db246"},"geometry":{"type":"Polygon","coordinates":[[[139.75022990347574,35.6951589423809],[139.7502226861961,35.69519266664236],[139.75008904903987,35.695173628419454],[139.75009626637492,35.69513990326462],[139.75022990347574,35.6951589423809]]]}},{"type":"Feature","properties":{"height":36.6,"gml_id":"bldg_560377bb-bf9b-4d58-ae02-91271189e668"},"geometry":{"type":"Polygon","coordinates":[[[139.75856024768476,35.696125300868],[139.75856013101918,35.69613190783286],[139.75855950030268,35.69616835881734],[139.75855802966353,35.696252302429954],[139.75848765409287,35.696251464587355],[139.758430516073,35.696250780963034],[139.7584307147846,35.696239162436044],[139.75843262101694,35.696126753852006],[139.75843273429635,35.69612377940365],[139.75856024768476,35.696125300868]]]}},{"type":"Feature","properties":{"height":7.2,"gml_id":"bldg_8cbc4143-587a-4de6-958b-1d74a33a8279"},"geometry":{"type":"Polygon","coordinates":[[[139.76036639278624,35.69897762009828],[139.76034941570157,35.69899410485745],[139.76033243860988,35.699010589614154],[139.76027644902743,35.69897224656511],[139.76029351455608,35.698955726716456],[139.76031051371163,35.69893927803322],[139.76036639278624,35.69897762009828]]]}},{"type":"Feature","properties":{"height":11.4,"gml_id":"bldg_14402d61-b7e1-470f-bf01-bf2bf549fbbb"},"geometry":{"type":"Polygon","coordinates":[[[139.76054400402833,35.69658078885986],[139.7605623834572,35.69658911059702],[139.7605152480859,35.69665830725424],[139.76049314488742,35.69666207963252],[139.76044587084664,35.69664068856557],[139.76045741127604,35.69662375882387],[139.76050019826954,35.69656095026632],[139.76054400402833,35.69658078885986]]]}},{"type":"Feature","properties":{"height":9.1,"gml_id":"bldg_24c4f1a8-5164-4513-9933-a7c1a682249e"},"geometry":{"type":"Polygon","coordinates":[[[139.76197222383934,35.69461929060615],[139.76202930428244,35.69467097290767],[139.7620029890483,35.69469024662668],[139.7619459086085,35.694638564312854],[139.76197222383934,35.69461929060615]]]}},{"type":"Feature","properties":{"height":7.5,"gml_id":"bldg_b0958716-7724-4ba1-b7b4-584ee99998d3"},"geometry":{"type":"Polygon","coordinates":[[[139.75518153373994,35.69659213718039],[139.75521411942088,35.69660387613184],[139.7551951900282,35.69663883697288],[139.75516260433582,35.69662709801636],[139.75513001865303,35.69661535905101],[139.75514894806858,35.69658039822012],[139.75518153373994,35.69659213718039]]]}},{"type":"Feature","properties":{"height":14.9,"gml_id":"bldg_1df7901d-a191-49df-b064-daac041e54d4"},"geometry":{"type":"Polygon","coordinates":[[[139.75174901881502,35.697333849871804],[139.75172251415177,35.69742730388224],[139.75163037495747,35.69740993509254],[139.7516345559052,35.69739512843578],[139.75164858480449,35.69734544457584],[139.75165676922273,35.69731648102726],[139.75174901881502,35.697333849871804]]]}},{"type":"Feature","properties":{"height":34.1,"gml_id":"bldg_bf34be2f-2906-4b31-9600-70003c424612"},"geometry":{"type":"Polygon","coordinates":[[[139.7540792599889,35.695971364569125],[139.7540733080727,35.69607907428551],[139.75406992143212,35.6961403651693],[139.7540383532908,35.696139181612395],[139.75403555778843,35.69613908062028],[139.75400065790305,35.696121390786516],[139.75400144692324,35.696105706579],[139.75398067410197,35.69610488255631],[139.7539822506298,35.696075048271005],[139.75392424125715,35.69607293686854],[139.7539300932105,35.69596594818908],[139.7540792599889,35.695971364569125]]]}},{"type":"Feature","properties":{"height":6.4,"gml_id":"bldg_7bd3cef3-877b-49aa-b2a5-87ad48568bf2"},"geometry":{"type":"Polygon","coordinates":[[[139.75875617464627,35.695635717436595],[139.75877896963172,35.695636398569896],[139.75877516659546,35.69572156661058],[139.75875237158664,35.69572088457516],[139.7585766853599,35.69571566573592],[139.7585804886069,35.6956304977017],[139.75875617464627,35.695635717436595]]]}},{"type":"Feature","properties":{"height":18.8,"gml_id":"bldg_992f2ced-b26a-4530-a7d6-e9e8a675f8aa"},"geometry":{"type":"Polygon","coordinates":[[[139.75284461925054,35.697558488416654],[139.75284095218936,35.69757894614163],[139.7528377295714,35.69759697136846],[139.7527773153487,35.69758976506964],[139.7527419374518,35.69758555002298],[139.75274882717684,35.697547066175275],[139.75284461925054,35.697558488416654]]]}},{"type":"Feature","properties":{"height":33.5,"gml_id":"bldg_91f9eb6c-f199-41e3-b540-31a56c62fc60"},"geometry":{"type":"Polygon","coordinates":[[[139.75758829939733,35.69579380141862],[139.75748444460118,35.69579175211134],[139.757489432778,35.69562337043608],[139.75746683648003,35.695622924441224],[139.7574684571908,35.69556839171139],[139.7574910424228,35.69556883860033],[139.75749161312112,35.69554960373635],[139.75749943618078,35.69554976189768],[139.7575338223077,35.69555043344217],[139.75758935721748,35.69555153111314],[139.75759546760435,35.695551652135784],[139.75758829939733,35.69579380141862]]]}},{"type":"Feature","properties":{"height":8.9,"gml_id":"bldg_dfbd4796-61b9-43ce-bce8-31300443e100"},"geometry":{"type":"Polygon","coordinates":[[[139.75771875013584,35.69747060963813],[139.7576939571319,35.697514040054045],[139.75756250917112,35.697464291945714],[139.75758719181624,35.6974207713502],[139.75771875013584,35.69747060963813]]]}},{"type":"Feature","properties":{"height":9.0,"gml_id":"bldg_173dea99-2a84-4a11-b506-3262795bfa1e"},"geometry":{"type":"Polygon","coordinates":[[[139.75863612999507,35.69915509296304],[139.7586865662584,35.69918742029801],[139.7586447558879,35.69923084034314],[139.75859430856391,35.69919851298403],[139.75849003470105,35.699131683801845],[139.75851093990795,35.69910997380766],[139.75853184510348,35.69908826380976],[139.75863612999507,35.69915509296304]]]}},{"type":"Feature","properties":{"height":34.5,"gml_id":"bldg_e4b59f16-d2b3-4524-b587-bec2e4827362"},"geometry":{"type":"Polygon","coordinates":[[[139.75121021595794,35.69691938459187],[139.75120087141644,35.69694811476712],[139.75123060017918,35.696954534768516],[139.75120754345392,35.69702561904026],[139.7511882333983,35.6970851683384],[139.75117580713814,35.69712345903315],[139.7511696438809,35.69714245568809],[139.75101917692177,35.6971099937389],[139.75102347789507,35.69709676458077],[139.75108956661143,35.696893262567556],[139.75121021595794,35.69691938459187]]]}},{"type":"Feature","properties":{"height":85.9,"gml_id":"bldg_88087b6c-3835-4466-8c35-c485cabfebee"},"geometry":{"type":"Polygon","coordinates":[[[139.76244394768054,35.69905820002188],[139.7624640578532,35.69909704283686],[139.76245742573016,35.69909929235434],[139.76247871636355,35.699140317174475],[139.76241604245683,35.69916191312069],[139.76244271625515,35.69921349614803],[139.7624749940234,35.69927591692218],[139.7624853193786,35.69929589733462],[139.7624985901322,35.69932155810344],[139.76254080728864,35.69940319287832],[139.76228351179716,35.69949170894074],[139.76226715239193,35.6994973418526],[139.76214242294384,35.69954024541673],[139.76208557394196,35.69955980844182],[139.7620659978919,35.6995665472046],[139.76201586949594,35.699583787742476],[139.76200631638378,35.69956533106171],[139.76197236207472,35.69949970931166],[139.76193573826222,35.699428921124365],[139.7619859107955,35.699411662618175],[139.76196103532422,35.69936355082792],[139.7618816215723,35.699209927581435],[139.76185601816545,35.69916041010171],[139.76239996571007,35.698973247130844],[139.76244394768054,35.69905820002188]]]}},{"type":"Feature","properties":{"height":27.0,"gml_id":"bldg_6243af85-6668-4633-88ec-9ad23b2a83f9"},"geometry":{"type":"Polygon","coordinates":[[[139.76065988062018,35.69861842184057],[139.7606505881074,35.69862986361616],[139.76078378816962,35.698701423431515],[139.76071088580645,35.698791605603255],[139.76038296653002,35.69861536995926],[139.7601982701287,35.698789312233835],[139.76009501728944,35.69871677939173],[139.76026401441055,35.69855175129779],[139.7602512025821,35.698544802978816],[139.76023275790075,35.698534876720174],[139.76017299491335,35.698502760689784],[139.76015434038948,35.69849273514095],[139.76022912376607,35.69840020998354],[139.76024774514468,35.69841021657208],[139.76063059993692,35.69861596956168],[139.76063801196176,35.69860669083894],[139.76065988062018,35.69861842184057]]]}},{"type":"Feature","properties":{"height":15.4,"gml_id":"bldg_11a5e19a-9f43-47be-8e98-422736b7153c"},"geometry":{"type":"Polygon","coordinates":[[[139.75634138880963,35.69606962169668],[139.75636978607434,35.69607037897878],[139.75636725660058,35.696115409773626],[139.75636562645604,35.69614446887861],[139.75632276580978,35.69614282801527],[139.75629623618752,35.696141811421576],[139.7562983605158,35.69610446814825],[139.7563003950906,35.69606853185473],[139.75634138880963,35.69606962169668]]]}},{"type":"Feature","properties":{"height":34.2,"gml_id":"bldg_c113d840-f46c-4964-ad17-885fc62815ca"},"geometry":{"type":"Polygon","coordinates":[[[139.7619625588398,35.69418140041231],[139.76196693360586,35.69423196894236],[139.76181422094692,35.69424080187027],[139.76180864281994,35.69417680131052],[139.76178179099844,35.69417840781868],[139.76175980780565,35.69392502874714],[139.7621212558298,35.69390405190624],[139.76213974067034,35.694116515675134],[139.76211147455203,35.69411810339302],[139.7621161774482,35.69417254890329],[139.7619625588398,35.69418140041231]]]}},{"type":"Feature","properties":{"height":28.1,"gml_id":"bldg_2d6218b0-28e0-41f4-b5d5-f27544a3485b"},"geometry":{"type":"Polygon","coordinates":[[[139.75648993756224,35.696765708912245],[139.75659947109807,35.696804600757275],[139.7565896742775,35.696823028414016],[139.7565783166194,35.69684437370825],[139.75656980390264,35.69686037659744],[139.75646017085595,35.696821484662195],[139.75644431964076,35.69681585900815],[139.75647409740589,35.69676008326912],[139.75648993756224,35.696765708912245]]]}},{"type":"Feature","properties":{"height":30.6,"gml_id":"bldg_f98dc0cc-d4fd-4270-8e58-4a89452c5ae6"},"geometry":{"type":"Polygon","coordinates":[[[139.7548153535028,35.69601565259695],[139.7548074250022,35.696100467180706],[139.75484852778357,35.696103017820505],[139.75484182759752,35.69617476154836],[139.7547484623637,35.69616893277135],[139.75475134341235,35.696138152889944],[139.75475478288197,35.69610132518465],[139.75475516260724,35.69609721518842],[139.75475952884375,35.696050563161975],[139.75476208609783,35.69602319024443],[139.75476309118937,35.69601237356705],[139.7548153535028,35.69601565259695]]]}},{"type":"Feature","properties":{"height":15.1,"gml_id":"bldg_86447c92-ceaf-4af1-ae22-4d2d30aaa5df"},"geometry":{"type":"Polygon","coordinates":[[[139.75029536912638,35.69914887099433],[139.75033961284984,35.69917153487873],[139.75036298273793,35.699183503140084],[139.7503506451152,35.69919953900056],[139.7503383074875,35.69921557485973],[139.75027068281875,35.699180933678996],[139.7502516092,35.69917116770506],[139.7502762844714,35.69913909600298],[139.75029536912638,35.69914887099433]]]}},{"type":"Feature","properties":{"height":14.8,"gml_id":"bldg_42ee1ab2-63c7-402e-8597-1a9ff693803d"},"geometry":{"type":"Polygon","coordinates":[[[139.75935775106367,35.69836876067952],[139.759380603845,35.69837950101277],[139.75935050815053,35.69842211727369],[139.7593276664279,35.698411358914214],[139.75930885626337,35.69840248689093],[139.75928291082747,35.69839025738276],[139.7592899921505,35.69838025744409],[139.75931300646258,35.69834773127538],[139.75935775106367,35.69836876067952]]]}},{"type":"Feature","properties":{"height":29.3,"gml_id":"bldg_eb716655-f164-443e-a0e7-61893e293c4f"},"geometry":{"type":"Polygon","coordinates":[[[139.7513168826144,35.69634568262492],[139.75136161317457,35.696355691250695],[139.75135490765635,35.69637558891762],[139.7513463179051,35.696401109844935],[139.7512497643792,35.696379501319605],[139.75126505969928,35.69633408273753],[139.7513168826144,35.69634568262492]]]}},{"type":"Feature","properties":{"height":8.5,"gml_id":"bldg_a8570248-7b05-47da-ba4c-6129b419474b"},"geometry":{"type":"Polygon","coordinates":[[[139.75053710475123,35.69889148938691],[139.7505011430879,35.69893842596431],[139.7504458108339,35.698910175030235],[139.75045337937453,35.69890031025243],[139.75046609316826,35.698883760859275],[139.75048177242368,35.698863328605974],[139.75053710475123,35.69889148938691]]]}},{"type":"Feature","properties":{"height":15.4,"gml_id":"bldg_8b6f36ed-11e2-44ec-86ef-a29ca72a2967"},"geometry":{"type":"Polygon","coordinates":[[[139.7564292466836,35.69815180462081],[139.75645264188242,35.69816106761139],[139.75641157993394,35.69822990597223],[139.75638825100305,35.69822066104351],[139.7563504961338,35.69820571023312],[139.7563915581223,35.698136871892885],[139.7564292466836,35.69815180462081]]]}},{"type":"Feature","properties":{"height":18.7,"gml_id":"bldg_a8dd6603-2b17-4549-be65-35042b7a4297"},"geometry":{"type":"Polygon","coordinates":[[[139.75130684636997,35.69832319940456],[139.75136460439268,35.698345690948365],[139.75133151773898,35.6984022022746],[139.75126907630343,35.698377885855656],[139.75124134052876,35.6983670775573],[139.7512744161814,35.69831056624805],[139.75130684636997,35.69832319940456]]]}},{"type":"Feature","properties":{"height":37.1,"gml_id":"bldg_f27afd2c-7303-444e-b33d-e033248afba2"},"geometry":{"type":"Polygon","coordinates":[[[139.75351139014984,35.695327320576425],[139.75344023822015,35.6953191619515],[139.75344979336097,35.69526661755316],[139.75327832757586,35.69524117606565],[139.75323037439676,35.69523870956699],[139.75323017494475,35.6952171676059],[139.7532423299502,35.695216815145784],[139.75324333063952,35.69521059636239],[139.7532731756663,35.695199709644804],[139.7532784795102,35.69519971317212],[139.75328212905563,35.69519656080604],[139.75331506482888,35.695188830926426],[139.7534631264979,35.695192895280954],[139.75353417338738,35.69519546623357],[139.75351139014984,35.695327320576425]]]}},{"type":"Feature","properties":{"height":13.3,"gml_id":"bldg_4e2f2e43-9bc7-4f8d-a409-7fea5810d2f2"},"geometry":{"type":"Polygon","coordinates":[[[139.76076701556403,35.69646771242114],[139.76085052799658,35.69650698942668],[139.76081788921954,35.69655302974065],[139.76073445404768,35.696513814953825],[139.76070843165584,35.69650158570287],[139.76074096005794,35.69645545521474],[139.76076701556403,35.69646771242114]]]}},{"type":"Feature","properties":{"height":33.7,"gml_id":"bldg_3570cd95-386b-4fd1-b9b7-8d9f6ef64624"},"geometry":{"type":"Polygon","coordinates":[[[139.76168593965488,35.69576823057087],[139.7617253598398,35.695737148669416],[139.7617303395229,35.69574135201305],[139.76173785834905,35.695735767994734],[139.76183767544174,35.6958172299927],[139.76172410946057,35.69591215781084],[139.76166603159436,35.6958629986154],[139.7615708750807,35.69588304156226],[139.76156062972527,35.69584851390723],[139.76167196121926,35.695756424225884],[139.76168593965488,35.69576823057087]]]}},{"type":"Feature","properties":{"height":10.7,"gml_id":"bldg_b4b57937-3c85-4fa3-8216-7c346e929c68"},"geometry":{"type":"Polygon","coordinates":[[[139.75068545340392,35.6948757212316],[139.75068799825954,35.69487238791171],[139.75074445814647,35.69487603213858],[139.75075351614794,35.69487865232419],[139.75076444803364,35.69488569140629],[139.7508113705231,35.694923039376654],[139.7508304749747,35.69493413931613],[139.75082759686995,35.694939185012615],[139.75068545340392,35.6948757212316]]]}},{"type":"Feature","properties":{"height":15.4,"gml_id":"bldg_78c72cf8-b586-47cb-8c02-1a668563e7c0"},"geometry":{"type":"Polygon","coordinates":[[[139.7593741094861,35.69703582608247],[139.75930021586484,35.697002880682874],[139.75931384816417,35.69698255417653],[139.75933863414673,35.696945595249275],[139.75937128744724,35.696896887295985],[139.75937880068105,35.696885687892426],[139.7594072159718,35.696843313950914],[139.75942312134498,35.696850354397895],[139.75942429425663,35.696848597448025],[139.75944394590104,35.69681932402539],[139.7594568699416,35.69680007871056],[139.75949123206226,35.69681540504403],[139.75951474764534,35.69682589337754],[139.7593741094861,35.69703582608247]]]}},{"type":"Feature","properties":{"height":9.9,"gml_id":"bldg_13bc5c00-78e1-4cd8-92a5-0ae836f52ddd"},"geometry":{"type":"Polygon","coordinates":[[[139.76055099015804,35.69477807225683],[139.7605466022629,35.694864510944214],[139.7605233987762,35.694863685679465],[139.76052778669637,35.69477724699295],[139.76055099015804,35.69477807225683]]]}},{"type":"Feature","properties":{"height":20.9,"gml_id":"bldg_d3014e3e-556b-4f43-bc4a-2c14fd4417b6"},"geometry":{"type":"Polygon","coordinates":[[[139.7556283776818,35.69790400871842],[139.7556647851028,35.69791799442158],[139.75568256906902,35.69792482925869],[139.7557089688732,35.697934977673896],[139.75568117923558,35.69799066435777],[139.75563763001847,35.698002985012735],[139.75556848498363,35.697973736006055],[139.75561452608116,35.69789868169857],[139.7556283776818,35.69790400871842]]]}},{"type":"Feature","properties":{"height":35.6,"gml_id":"bldg_58176e83-cfb7-4f07-a2c2-5ca54a837b62"},"geometry":{"type":"Polygon","coordinates":[[[139.75908761536678,35.695667506301035],[139.75908667288166,35.695694862281556],[139.75908185864213,35.69583418398104],[139.75901436808095,35.695832637045584],[139.75901847852984,35.69571360473982],[139.75902012494592,35.69566595936891],[139.75908761536678,35.695667506301035]]]}},{"type":"Feature","properties":{"height":11.9,"gml_id":"bldg_839e1d36-dd79-43bb-a61c-c94513c2d4e0"},"geometry":{"type":"Polygon","coordinates":[[[139.75687646139792,35.69754300737746],[139.7569027404092,35.697552389291026],[139.75688879263313,35.697578339864926],[139.75686253570638,35.69756896697606],[139.7568179862168,35.697553057444274],[139.7568329281676,35.6975274671566],[139.75687646139792,35.69754300737746]]]}},{"type":"Feature","properties":{"height":19.8,"gml_id":"bldg_99f3ad18-caaf-43aa-97cd-e8c60e16173e"},"geometry":{"type":"Polygon","coordinates":[[[139.75873784400815,35.69835188306759],[139.7587049794062,35.69840098730806],[139.7586264176444,35.69837233813773],[139.7586024691299,35.698363607034004],[139.75862213579313,35.69833080039608],[139.7586339003759,35.69831116686639],[139.75873784400815,35.69835188306759]]]}},{"type":"Feature","properties":{"height":32.2,"gml_id":"bldg_2f686e2c-9554-402f-833a-f4de7fe68344"},"geometry":{"type":"Polygon","coordinates":[[[139.76162287290254,35.69307149430801],[139.76177607955768,35.69305143084547],[139.76178376368387,35.693095539438424],[139.7616213206652,35.693114470696464],[139.76162287290254,35.69307149430801]]]}},{"type":"Feature","properties":{"height":32.7,"gml_id":"bldg_adb173b8-6319-44cc-b384-71c32b15cba7"},"geometry":{"type":"Polygon","coordinates":[[[139.76131076548847,35.69391429602374],[139.76145485839632,35.69390609855969],[139.76145804014158,35.693943614564844],[139.76143906718028,35.69394467676648],[139.76144168043552,35.693975406019916],[139.76129291321612,35.69398387108173],[139.76128821169291,35.69392853318274],[139.76131196934497,35.69392718633064],[139.76131076548847,35.69391429602374]]]}},{"type":"Feature","properties":{"height":15.1,"gml_id":"bldg_7abd320a-43d9-4f14-a1c4-5008b53f80ed"},"geometry":{"type":"Polygon","coordinates":[[[139.7502640027625,35.69918644544651],[139.7502899909396,35.69919900141859],[139.75032333488628,35.69921512286473],[139.75033377213015,35.6992201687136],[139.75028950822426,35.699280890443085],[139.75021987133167,35.699247257379],[139.75020391173547,35.69923954866862],[139.75024806527458,35.69917873675717],[139.7502640027625,35.69918644544651]]]}},{"type":"Feature","properties":{"height":45.3,"gml_id":"bldg_f5f226dc-c12d-4370-b5e5-a0a30b9a72f3"},"geometry":{"type":"Polygon","coordinates":[[[139.75900596357087,35.69613754708744],[139.75903217327527,35.69613803197995],[139.75902025448494,35.69624096100137],[139.7590117020079,35.69624086558438],[139.75889738174334,35.696239533030806],[139.7589018982429,35.69613560793858],[139.75900596357087,35.69613754708744]]]}},{"type":"Feature","properties":{"height":28.5,"gml_id":"bldg_6dafe54f-4a3e-417e-949d-471b4ee6aefa"},"geometry":{"type":"Polygon","coordinates":[[[139.75515679940034,35.6996310867921],[139.75516463129208,35.69964524336845],[139.7551714704197,35.69965759656202],[139.75511821826163,35.69976022787652],[139.755078372795,35.699746915803395],[139.75505482122304,35.69973904956792],[139.75501753860968,35.699726595441554],[139.75497439021245,35.69971218241641],[139.75501996846867,35.69962612144334],[139.75503461504098,35.699598467962936],[139.75515679940034,35.6996310867921]]]}},{"type":"Feature","properties":{"height":29.3,"gml_id":"bldg_9c1c9e83-16ab-42ef-bd49-994809a47d73"},"geometry":{"type":"Polygon","coordinates":[[[139.75787601837408,35.69795825887322],[139.75786418628718,35.69797902801262],[139.75784855773662,35.698006464901184],[139.75784752838175,35.6980082669938],[139.75798637824604,35.698060903801355],[139.75797004165992,35.6980892506449],[139.7579542806164,35.698116588313155],[139.7576646952919,35.69800681817564],[139.75764797147534,35.698000480050915],[139.75767885189208,35.69794677786677],[139.7576953106007,35.69795300765639],[139.75769968264157,35.69794531271166],[139.7577249075876,35.697900972186304],[139.75774179799163,35.69787128268303],[139.75789290869182,35.69792861441739],[139.75787601837408,35.69795825887322]]]}},{"type":"Feature","properties":{"height":37.9,"gml_id":"bldg_901b92d7-a7f1-42c9-b3e7-049dc21d8dba"},"geometry":{"type":"Polygon","coordinates":[[[139.76129244506427,35.69358293343932],[139.76129174551966,35.693574459243706],[139.7613604986321,35.693570696588914],[139.7613628705388,35.69359944268821],[139.76139411994697,35.693597739750636],[139.7613974645753,35.69363839442607],[139.7613542479857,35.69364075632179],[139.7613585434044,35.69369309241686],[139.76126581166199,35.69369814770373],[139.76125651045683,35.69358489404125],[139.76129244506427,35.69358293343932]]]}},{"type":"Feature","properties":{"height":42.1,"gml_id":"bldg_1f9134ad-16b0-408c-9ce8-344f85e710e0"},"geometry":{"type":"Polygon","coordinates":[[[139.75610052073822,35.69653267207093],[139.75609470871476,35.69654391743031],[139.75614193122655,35.6965601813815],[139.7560823276649,35.696675338137],[139.7560103173963,35.69665054030355],[139.75601586373773,35.696639817571985],[139.7558911300135,35.69659685925567],[139.7559010824397,35.69657763043798],[139.75589488552163,35.69657549922019],[139.75592415928,35.696527024382014],[139.7559356694092,35.69653098879424],[139.75595632701962,35.6964910714158],[139.75597671828584,35.69649808816067],[139.7559802497962,35.696491249037244],[139.75610052073822,35.69653267207093]]]}},{"type":"Feature","properties":{"height":7.1,"gml_id":"bldg_7e1af7db-0160-44b0-b8ab-653754c69d18"},"geometry":{"type":"Polygon","coordinates":[[[139.75623099290328,35.69665230431554],[139.7562245737362,35.696662936360994],[139.7562409211352,35.69666961696389],[139.7562236340741,35.696697809735284],[139.75620639126979,35.6967259304229],[139.75611405045703,35.6966882841258],[139.75613132648735,35.69666010939042],[139.75614658826694,35.696635214344965],[139.75616867933084,35.696644242200534],[139.75617720110543,35.69663036657641],[139.75620411909262,35.69664134357546],[139.75623099290328,35.69665230431554]]]}},{"type":"Feature","properties":{"height":33.6,"gml_id":"bldg_ebe80f3e-d126-43ec-8a4f-1016aca205de"},"geometry":{"type":"Polygon","coordinates":[[[139.75282327094155,35.69966884832569],[139.75281084674393,35.699672490558754],[139.7527892702019,35.69967881274575],[139.7526999132106,35.69970500078016],[139.75266893268847,35.699634673258835],[139.75275828961134,35.699608485247026],[139.7527752899692,35.6996035030425],[139.75279229032492,35.69959852083557],[139.75282327094155,35.69966884832569]]]}},{"type":"Feature","properties":{"height":13.0,"gml_id":"bldg_8f500bc5-1e4f-44d8-a794-d4fc042a1dde"},"geometry":{"type":"Polygon","coordinates":[[[139.75634136417872,35.69875075320083],[139.75647346604535,35.69879988110574],[139.7564511063684,35.698839796568926],[139.75631904863218,35.698790687596734],[139.75626707614632,35.698771356024906],[139.75628943589666,35.698731439694185],[139.75634136417872,35.69875075320083]]]}},{"type":"Feature","properties":{"height":18.5,"gml_id":"bldg_d1209463-aa8b-4af2-9eb2-b066eb7cd5d3"},"geometry":{"type":"Polygon","coordinates":[[[139.75566621505126,35.699975919703945],[139.7556682034996,35.69997655194506],[139.75566543558304,35.69998204940986],[139.75561992289636,35.69996687613856],[139.75565147719473,35.69990416124083],[139.75569798411993,35.69991960465086],[139.75568093366962,35.69995357525485],[139.7556778405382,35.699952581753784],[139.75566621505126,35.699975919703945]]]}},{"type":"Feature","properties":{"height":40.4,"gml_id":"bldg_2b50392f-80af-41b0-9f99-35a0a4584b6c"},"geometry":{"type":"Polygon","coordinates":[[[139.75707841750406,35.69848823896195],[139.7571607229847,35.698518820440455],[139.75713107340965,35.698567431432096],[139.75710405785313,35.69861171571033],[139.75709602749384,35.6986084566827],[139.75703118816722,35.698582140694576],[139.75697393739824,35.69855890315368],[139.75695971142585,35.69852878840483],[139.7569988957386,35.698458686753],[139.75707841750406,35.69848823896195]]]}},{"type":"Feature","properties":{"height":23.0,"gml_id":"bldg_339366f2-8c67-40be-9db2-78529850c02f"},"geometry":{"type":"Polygon","coordinates":[[[139.7585436559328,35.698877242657375],[139.75856342411558,35.69888972988406],[139.75857705201815,35.69889833740788],[139.7586117733786,35.69892025321745],[139.75862271768517,35.69892715458156],[139.75858953439152,35.69896219813404],[139.7585409752498,35.69893157641229],[139.75851041735837,35.698912303279975],[139.75846606592106,35.69888433326648],[139.75849935973733,35.6988492907177],[139.7585436559328,35.698877242657375]]]}},{"type":"Feature","properties":{"height":39.2,"gml_id":"bldg_50bc7d50-69b5-437f-8377-64f7b0779bf6"},"geometry":{"type":"Polygon","coordinates":[[[139.7601133280662,35.69766444216788],[139.76010460680865,35.69766749340542],[139.76009044719606,35.69767245043327],[139.76008853298697,35.697675244414185],[139.76007750136327,35.697691371307194],[139.7600834658848,35.69769409707158],[139.76014719791854,35.69772323203179],[139.76011455692236,35.69777071433443],[139.7598377040035,35.69764400240785],[139.75978186961572,35.697618451446196],[139.75980539338116,35.69758421288891],[139.75982037510866,35.69756240890603],[139.75981529425857,35.697560062243284],[139.75994751785413,35.69736797102111],[139.75995226934367,35.69736797391772],[139.7599721214892,35.69740926872584],[139.75997897346824,35.69740819125852],[139.7601133280662,35.69766444216788]]]}},{"type":"Feature","properties":{"height":11.9,"gml_id":"bldg_41c1d71f-b19e-4b44-af55-a596442d8e76"},"geometry":{"type":"Polygon","coordinates":[[[139.7622985257524,35.692243653141894],[139.76223962634737,35.69225128001699],[139.7622244473996,35.69217348282448],[139.7622833467489,35.692165855956674],[139.7622985257524,35.692243653141894]]]}},{"type":"Feature","properties":{"height":35.6,"gml_id":"bldg_ef0190bb-6c82-4435-a580-064078f0bb12"},"geometry":{"type":"Polygon","coordinates":[[[139.7614739070882,35.693980734329024],[139.76146789348923,35.69390980195795],[139.76160568785272,35.69390194307352],[139.76162558911733,35.69413523841764],[139.76147208120136,35.694143890164085],[139.761463574195,35.694044094449204],[139.76131771302764,35.694052390016196],[139.7613123549228,35.69398992189178],[139.7614739070882,35.693980734329024]]]}},{"type":"Feature","properties":{"height":33.4,"gml_id":"bldg_4a120c10-ea4a-494e-bfa0-c554abe0c618"},"geometry":{"type":"Polygon","coordinates":[[[139.7617929598415,35.69921629356829],[139.76179672096612,35.69922413771304],[139.76185595032297,35.69934786775141],[139.76199019317784,35.699628300148234],[139.7618858929891,35.69966149879579],[139.7618547886169,35.69967139538684],[139.76172397638683,35.69939813076474],[139.76164886453287,35.69924122984351],[139.76178426847656,35.69919813483272],[139.7617929598415,35.69921629356829]]]}},{"type":"Feature","properties":{"height":37.2,"gml_id":"bldg_7bc395f7-9379-43f1-a7e9-17fc59180f23"},"geometry":{"type":"Polygon","coordinates":[[[139.76048166096072,35.699933500553655],[139.76039795140215,35.69975506987722],[139.7605236290988,35.69971584628132],[139.76051094584028,35.69968879844557],[139.76058898303575,35.69966450777129],[139.7606016663151,35.699691557401685],[139.7607235856522,35.69965350220365],[139.76080729583006,35.699831933558755],[139.76067841259692,35.699872147020955],[139.76068480935552,35.69988585168752],[139.7606256733514,35.69990429404267],[139.76061927660146,35.69989058937303],[139.76048166096072,35.699933500553655]]]}},{"type":"Feature","properties":{"height":14.3,"gml_id":"bldg_90a8fbd4-874f-45ac-8043-cfb08527fbba"},"geometry":{"type":"Polygon","coordinates":[[[139.7588333175216,35.69977691630151],[139.75875214581396,35.69984392787417],[139.75869307097173,35.69979629898516],[139.75877424268123,35.699729286550465],[139.7588333175216,35.69977691630151]]]}},{"type":"Feature","properties":{"height":12.6,"gml_id":"bldg_5dcb6417-423b-4cba-9d94-309052fa6b92"},"geometry":{"type":"Polygon","coordinates":[[[139.7581889391309,35.69734038581929],[139.75815876004282,35.69740095701098],[139.75815306962554,35.69741238281802],[139.758088005473,35.697390799441926],[139.75809369588958,35.697379382651626],[139.758123875028,35.69731880156101],[139.7581889391309,35.69734038581929]]]}},{"type":"Feature","properties":{"height":21.1,"gml_id":"bldg_4c5c86ac-7c91-4a15-8c15-5ef61b85fd0f"},"geometry":{"type":"Polygon","coordinates":[[[139.76143204586603,35.69630137528318],[139.76137172542133,35.696313002957794],[139.7613313644237,35.69632078468156],[139.7613199084169,35.69628093730396],[139.76136019203867,35.6962731645514],[139.76142047931367,35.69626152784897],[139.76143204586603,35.69630137528318]]]}},{"type":"Feature","properties":{"height":44.8,"gml_id":"bldg_3c7ab73c-e1dc-48a4-8f76-64f58030777a"},"geometry":{"type":"Polygon","coordinates":[[[139.75384043890094,35.69949171133141],[139.75382667767585,35.69951763462344],[139.75372814375353,35.69948286680174],[139.75374192714173,35.69945690657939],[139.75377120987477,35.69940177208119],[139.75371332679123,35.69938136287308],[139.7537316271947,35.6993468264106],[139.75375012687368,35.699311900685544],[139.7537667997989,35.69928044492138],[139.7540128258422,35.69934397442431],[139.75399484549996,35.69937903393451],[139.75396023551556,35.69944651462896],[139.75394797392505,35.69944227010965],[139.75394454182208,35.69944884783851],[139.7539085304846,35.69943620491924],[139.75391439820524,35.69942503181739],[139.7538819218028,35.69941356300181],[139.75384043890094,35.69949171133141]]]}},{"type":"Feature","properties":{"height":21.0,"gml_id":"bldg_c7d35215-0a4d-4960-89bb-2eb2c33e419a"},"geometry":{"type":"Polygon","coordinates":[[[139.75558999119687,35.699507735606],[139.75561664859694,35.699514864619914],[139.75561991862872,35.69951574105886],[139.75557516780805,35.69962667065958],[139.75552114592014,35.699612213849484],[139.7555489047698,35.69954341228186],[139.7555658968075,35.69950128426868],[139.75558999119687,35.699507735606]]]}},{"type":"Feature","properties":{"height":10.0,"gml_id":"bldg_31650d0f-2fb4-483a-b150-f4d1c3c6ebf6"},"geometry":{"type":"Polygon","coordinates":[[[139.75433192502146,35.69355072342629],[139.75421884706722,35.693593283049765],[139.7542171919637,35.6935909384008],[139.7542083492851,35.69359408738285],[139.7542017331466,35.69358038221454],[139.75433116933934,35.69353269463486],[139.75433866945184,35.69354640037625],[139.75433071153873,35.69354873871519],[139.75433192502146,35.69355072342629]]]}},{"type":"Feature","properties":{"height":10.1,"gml_id":"bldg_c415e662-5a96-457b-b088-7ac475cc381e"},"geometry":{"type":"Polygon","coordinates":[[[139.75403580589375,35.69491736469059],[139.75405904255595,35.69491811010442],[139.7540721580728,35.69491852435707],[139.75406933814463,35.69497665181894],[139.75405641044438,35.69497625571705],[139.7540331737207,35.69497555537116],[139.75400985964993,35.6949748549698],[139.75401256922302,35.69491662828598],[139.75403580589375,35.69491736469059]]]}},{"type":"Feature","properties":{"height":12.1,"gml_id":"bldg_0ea5b794-8b99-4a32-a3dc-576605cd4189"},"geometry":{"type":"Polygon","coordinates":[[[139.75589982280286,35.69949222355431],[139.75604620529123,35.69954999712291],[139.7560234045713,35.699588470929505],[139.7559539799853,35.69956106977759],[139.75590864690827,35.69954318541253],[139.75587701097805,35.69953069822771],[139.75586235285448,35.699524911020575],[139.75588515363353,35.699486437244175],[139.75589982280286,35.69949222355431]]]}},{"type":"Feature","properties":{"height":44.2,"gml_id":"bldg_95524366-24ad-4bbb-a6b1-f64192817ab2"},"geometry":{"type":"Polygon","coordinates":[[[139.75112435025764,35.69733612898966],[139.7510750106122,35.69732682920912],[139.7510737241597,35.69733136221665],[139.7510084204058,35.69731904993936],[139.75101246832685,35.69730476600718],[139.75100819282434,35.69730395185101],[139.75102854329057,35.697232162702655],[139.75104019576773,35.69722650105745],[139.75104383049876,35.69722718858279],[139.7510539274955,35.6972190290804],[139.7511110336816,35.69722980340658],[139.75111040151177,35.697232065411285],[139.75113396651392,35.69723651624126],[139.75114049895822,35.697245417215115],[139.75114741771785,35.69725474209585],[139.75112435025764,35.69733612898966]]]}},{"type":"Feature","properties":{"height":17.8,"gml_id":"bldg_e1d5122c-dcdd-4a9d-aef0-b74b214c336a"},"geometry":{"type":"Polygon","coordinates":[[[139.75215508518158,35.69528224737861],[139.75212395798164,35.69535875264773],[139.75207270156307,35.69534474683227],[139.75210382871506,35.69526833171317],[139.75215508518158,35.69528224737861]]]}},{"type":"Feature","properties":{"height":32.7,"gml_id":"bldg_f3e89b54-ee56-4ae3-89be-110af8d65924"},"geometry":{"type":"Polygon","coordinates":[[[139.75176436808823,35.69832040869366],[139.7517346499299,35.698324733150535],[139.75170421340118,35.69832916527718],[139.75168667427326,35.69833171326997],[139.75164630938747,35.69814636442193],[139.75172389252745,35.69813505979617],[139.75176436808823,35.69832040869366]]]}},{"type":"Feature","properties":{"height":22.7,"gml_id":"bldg_f49b27ce-4b6b-4297-a35e-dad80c9b8fc5"},"geometry":{"type":"Polygon","coordinates":[[[139.7504131496068,35.6988004018607],[139.75043199115945,35.69881011356763],[139.7503457947892,35.69892155440485],[139.75032623231508,35.69892505535374],[139.75023420028091,35.698877588865926],[139.75014841940254,35.6988333544295],[139.75016034749845,35.69881794836263],[139.7501882313633,35.6987819128705],[139.75020761726466,35.6987568682041],[139.75028349142661,35.69879594984931],[139.75029524245377,35.698780769890384],[139.7503180142029,35.69875135590265],[139.750370065869,35.69877818858463],[139.7504131496068,35.6988004018607]]]}},{"type":"Feature","properties":{"height":2.6,"gml_id":"bldg_9bc3c5d1-4610-4296-a63f-4cc9fdbf978e"},"geometry":{"type":"Polygon","coordinates":[[[139.75323384867116,35.69231665260619],[139.7532561494709,35.69233541593606],[139.7532324854467,35.69235396841214],[139.75321029514015,35.692335205151494],[139.75323384867116,35.69231665260619]]]}},{"type":"Feature","properties":{"height":37.5,"gml_id":"bldg_00be8bf8-cdfe-471b-8158-5068cc8c38cb"},"geometry":{"type":"Polygon","coordinates":[[[139.7614985144523,35.692415700622085],[139.76165598542605,35.69239506297727],[139.76168611271265,35.69254795324946],[139.7616288263305,35.69255546360705],[139.76163441402616,35.69258379699118],[139.76169170042,35.692576295644656],[139.7617208819021,35.69272437202558],[139.76138836805492,35.69276798033715],[139.76135916508127,35.6926198948505],[139.76142176688865,35.69261168472816],[139.7614170042995,35.69258743503292],[139.761529422231,35.69257273770006],[139.7614985144523,35.692415700622085]]]}},{"type":"Feature","properties":{"height":25.7,"gml_id":"bldg_dc605671-37d7-4b17-821f-411fa57b6986"},"geometry":{"type":"Polygon","coordinates":[[[139.75852592513087,35.69800848318426],[139.75846613190444,35.69798622726308],[139.758463608261,35.69799075056619],[139.7582910111575,35.69792649265487],[139.75834598877535,35.6978282506446],[139.75836937357508,35.69783695440792],[139.75838501344495,35.69780900367749],[139.7585940076449,35.697886813609216],[139.75852592513087,35.69800848318426]]]}},{"type":"Feature","properties":{"height":13.9,"gml_id":"bldg_5fe390d7-12b6-4c6a-a789-3c1226d41b3f"},"geometry":{"type":"Polygon","coordinates":[[[139.76066332853046,35.694696295768445],[139.76068143631596,35.694711269433256],[139.76068118450397,35.6947452509141],[139.7606412072211,35.694744983410246],[139.76057820267397,35.694744557758895],[139.76057843362344,35.69472142875533],[139.76057868902967,35.69469570382207],[139.76066332853046,35.694696295768445]]]}},{"type":"Feature","properties":{"height":30.5,"gml_id":"bldg_01721d04-38b3-4a69-ac48-82e1c613bc95"},"geometry":{"type":"Polygon","coordinates":[[[139.76165392463523,35.69441422018463],[139.76133272729902,35.69443575240986],[139.76132234177402,35.694311635712204],[139.7614468765699,35.69430467044753],[139.76143594448257,35.69417378504575],[139.76163672470605,35.69416254843885],[139.76165392463523,35.69441422018463]]]}},{"type":"Feature","properties":{"height":35.3,"gml_id":"bldg_2dd33399-49e4-4d9c-962e-a4c912fefa89"},"geometry":{"type":"Polygon","coordinates":[[[139.75531125023068,35.69501320155564],[139.75530636849865,35.69514705266097],[139.7551991891797,35.695144459307194],[139.75520407108974,35.695010609107726],[139.75531125023068,35.69501320155564]]]}},{"type":"Feature","properties":{"height":10.3,"gml_id":"bldg_61e4fdce-f193-4c03-ace1-a54d877faee5"},"geometry":{"type":"Polygon","coordinates":[[[139.7594280462494,35.69809947479061],[139.75941324135698,35.698121017434154],[139.75938135217635,35.69816740933963],[139.75930049970614,35.698130404411074],[139.7593324331199,35.698084011652575],[139.75934719374365,35.69806255912853],[139.7594280462494,35.69809947479061]]]}},{"type":"Feature","properties":{"height":23.1,"gml_id":"bldg_b4ce333e-098b-41cb-b583-8401e46d2d7b"},"geometry":{"type":"Polygon","coordinates":[[[139.7599538426148,35.69650703205228],[139.7600260603838,35.696547772877075],[139.75999807402758,35.69658074594665],[139.7599258783594,35.696539987091356],[139.75988985233974,35.69651964825282],[139.75986366667544,35.69650485883092],[139.7598803479693,35.69648512000952],[139.75989154256183,35.6964718857248],[139.7599538426148,35.69650703205228]]]}},{"type":"Feature","properties":{"height":18.2,"gml_id":"bldg_21fc9142-736a-4fc8-9b08-c155da1a98a8"},"geometry":{"type":"Polygon","coordinates":[[[139.75889349997732,35.695743669312776],[139.7588919230497,35.695787799383616],[139.75889081130697,35.69581885988556],[139.7588113651974,35.695817007990364],[139.75881247699604,35.695785920448124],[139.7588164710819,35.6956735131417],[139.75889591703256,35.69567538306078],[139.75894597129212,35.69567656775505],[139.75894438255818,35.69572154510703],[139.75889432828728,35.695720342384696],[139.75889349997732,35.695743669312776]]]}},{"type":"Feature","properties":{"height":65.2,"gml_id":"bldg_0eae74ba-003a-486d-a3e0-42d386347535"},"geometry":{"type":"Polygon","coordinates":[[[139.75112733346285,35.69895136623507],[139.75141414536049,35.699055525649904],[139.75151848697442,35.69909341805103],[139.75159835045824,35.699122424273526],[139.75147479882003,35.69934858389346],[139.75092536451666,35.69914900558857],[139.7510488068934,35.69892284735255],[139.75112733346285,35.69895136623507]]]}},{"type":"Feature","properties":{"height":9.3,"gml_id":"bldg_2a347dfd-2715-4a47-a6ee-7d2817641f83"},"geometry":{"type":"Polygon","coordinates":[[[139.7567090882511,35.69825780380262],[139.7567670136285,35.69828015855792],[139.75674941509615,35.69831034322458],[139.75669157810182,35.698287989418525],[139.75665784355192,35.69827495126523],[139.75667533160913,35.698244767442844],[139.7567090882511,35.69825780380262]]]}},{"type":"Feature","properties":{"height":35.5,"gml_id":"bldg_81f9beaf-ad24-4364-a1c0-dc4bbda463e6"},"geometry":{"type":"Polygon","coordinates":[[[139.7544553959291,35.69907837855934],[139.75450669989633,35.699091833549424],[139.75490124608976,35.69919531603579],[139.75495155593356,35.699208517805054],[139.75499001193882,35.69921860211636],[139.75491368628477,35.699412166444134],[139.75434949529594,35.69926415335014],[139.754425711669,35.699070589304476],[139.7544553959291,35.69907837855934]]]}},{"type":"Feature","properties":{"height":8.0,"gml_id":"bldg_9912bcd4-d145-4135-ae03-5e493e8bf2d3"},"geometry":{"type":"Polygon","coordinates":[[[139.75837370110358,35.695798618725696],[139.75836220977624,35.695798160884756],[139.75829740932977,35.69573232144479],[139.7583093992853,35.69567229681395],[139.75839251368595,35.695674223433684],[139.75839203676193,35.695687941979244],[139.75837916879064,35.69574165558427],[139.75837370110358,35.695798618725696]]]}},{"type":"Feature","properties":{"height":20.6,"gml_id":"bldg_83f9ef7b-3f5b-4158-9f6b-6bbd430eace7"},"geometry":{"type":"Polygon","coordinates":[[[139.75629437926378,35.697957617572165],[139.75629119145486,35.69796322204749],[139.75624402729727,35.69804617188694],[139.7562349066057,35.69806220140086],[139.75622580804531,35.69807819487345],[139.75615280906257,35.69820657514995],[139.75598711811466,35.69814391378937],[139.756053110709,35.698027868856485],[139.75612552302755,35.69790053384847],[139.7561286887194,35.697894956404355],[139.75629437926378,35.697957617572165]]]}},{"type":"Feature","properties":{"height":23.1,"gml_id":"bldg_050f75da-bda2-483a-b41a-63b4c69d2b34"},"geometry":{"type":"Polygon","coordinates":[[[139.75307774641828,35.699769945423505],[139.75312493641601,35.69978685861278],[139.7530819838199,35.699864077286456],[139.75305757282462,35.69985387644379],[139.75303669685033,35.69981169558817],[139.7530150048377,35.69976785656701],[139.75304507133572,35.69975823197938],[139.75307774641828,35.699769945423505]]]}},{"type":"Feature","properties":{"height":28.4,"gml_id":"bldg_813462e0-da87-4653-905f-fbb6914cae17"},"geometry":{"type":"Polygon","coordinates":[[[139.75301601093236,35.69997670437705],[139.75300051099128,35.70000607865438],[139.75291037182308,35.69997456069551],[139.75289780558379,35.69994354521465],[139.7529866742839,35.6999196281578],[139.75301601093236,35.69997670437705]]]}},{"type":"Feature","properties":{"height":6.7,"gml_id":"bldg_1cd4aa31-5364-426f-8be3-3741a8f14842"},"geometry":{"type":"Polygon","coordinates":[[[139.75057622287005,35.69504086721145],[139.7505919109555,35.695043221556155],[139.75059764774434,35.69505196878287],[139.75059663931071,35.695065488631556],[139.75058713148584,35.695070439628395],[139.7505872459861,35.69506656381845],[139.75057122649972,35.69506411910836],[139.75056351036815,35.69504608641411],[139.75057567876755,35.695032755413685],[139.75057622287005,35.69504086721145]]]}},{"type":"Feature","properties":{"height":28.2,"gml_id":"bldg_a95b7aa7-fb04-4e5b-81ab-200eb7b37725"},"geometry":{"type":"Polygon","coordinates":[[[139.76142636283566,35.69424953042832],[139.76134692342222,35.69425418809975],[139.76134669366596,35.69425164609996],[139.76131384161485,35.6942535734085],[139.76131010080795,35.694211152714736],[139.76142239221886,35.69420455872459],[139.76142636283566,35.69424953042832]]]}},{"type":"Feature","properties":{"height":8.6,"gml_id":"bldg_ed3d6d62-3d85-4dcf-8f67-d6fbe43b3efd"},"geometry":{"type":"Polygon","coordinates":[[[139.75830022229343,35.696822609616056],[139.75834410834835,35.69683887062323],[139.75831355929006,35.69689365483804],[139.75826970635265,35.69687740285421],[139.7582258534331,35.696861150854375],[139.75825640253888,35.696806366661576],[139.75830022229343,35.696822609616056]]]}},{"type":"Feature","properties":{"height":6.4,"gml_id":"bldg_94f4f0af-ded5-4c36-9bea-6517a5e3e054"},"geometry":{"type":"Polygon","coordinates":[[[139.75941903150525,35.69553462305673],[139.75941600091915,35.695585728842985],[139.75937312946598,35.69558408004539],[139.7593762705766,35.69553297432813],[139.75941903150525,35.69553462305673]]]}},{"type":"Feature","properties":{"height":19.1,"gml_id":"bldg_56735849-51f1-46ed-bfe4-8e53dcd5fd62"},"geometry":{"type":"Polygon","coordinates":[[[139.76041941494316,35.694773990552356],[139.76047541339054,35.69477514215603],[139.76047390220103,35.69482086771912],[139.76047292523083,35.69485022473417],[139.760472686629,35.69485743644753],[139.76044129523035,35.69485675944366],[139.76038241288074,35.69485548799705],[139.76038300382945,35.69483751504632],[139.76038513965204,35.69477328474597],[139.76041941494316,35.694773990552356]]]}},{"type":"Feature","properties":{"height":34.6,"gml_id":"bldg_2de326fb-010c-4d80-8953-0bdafa146409"},"geometry":{"type":"Polygon","coordinates":[[[139.7557631493299,35.69565086185232],[139.75576057067252,35.695746342250374],[139.75569521187637,35.69574580436148],[139.75568146389458,35.695702359404414],[139.75567131819147,35.695670263207546],[139.75566772697908,35.69565891264988],[139.75567235536525,35.69564901859995],[139.7557631493299,35.69565086185232]]]}},{"type":"Feature","properties":{"height":26.5,"gml_id":"bldg_bd9ca6ef-8ae7-4123-9065-d2d0bcb50236"},"geometry":{"type":"Polygon","coordinates":[[[139.75693301085613,35.69651664515918],[139.75693143413272,35.696570996725676],[139.75693105702928,35.69658405732703],[139.75693039424735,35.696607005767866],[139.75692983439598,35.69662630372846],[139.75692885194238,35.69666002332886],[139.75692832634041,35.69667816755834],[139.75687869744428,35.696659054060646],[139.75684227936705,35.69664503266034],[139.75684447324474,35.69656931903625],[139.75684605002797,35.69651496656959],[139.75693301085613,35.69651664515918]]]}},{"type":"Feature","properties":{"height":31.5,"gml_id":"bldg_69630f3f-adf3-48b0-b77e-24bd248c210c"},"geometry":{"type":"Polygon","coordinates":[[[139.75911670412265,35.69613826439971],[139.75908930307736,35.69625479455858],[139.7590305190282,35.6962536766452],[139.75905173276894,35.69613660186025],[139.75911670412265,35.69613826439971]]]}},{"type":"Feature","properties":{"height":16.7,"gml_id":"bldg_78eaf623-ff08-4472-864b-f9dd2bd3771c"},"geometry":{"type":"Polygon","coordinates":[[[139.75171217566842,35.69589408585723],[139.7517320288641,35.69589728115068],[139.75177213298687,35.69590373599446],[139.75176083678144,35.69595040935647],[139.75172074368507,35.69594395541781],[139.75168102622328,35.695937564816425],[139.75169018090304,35.695899685571376],[139.75169231142453,35.695890890553],[139.75171217566842,35.69589408585723]]]}},{"type":"Feature","properties":{"height":7.4,"gml_id":"bldg_8d03f04f-f37c-4a76-929e-eadf21985b5e"},"geometry":{"type":"Polygon","coordinates":[[[139.75169406260483,35.69702403907973],[139.75168930993675,35.69704689457835],[139.75168455727513,35.697069741063004],[139.75157354315988,35.69705437759056],[139.75157829586053,35.697031522997946],[139.75158304855844,35.69700866840508],[139.75169406260483,35.69702403907973]]]}},{"type":"Feature","properties":{"height":26.6,"gml_id":"bldg_b60acf11-1387-454b-9e24-b08b869573fa"},"geometry":{"type":"Polygon","coordinates":[[[139.75692125566044,35.699340897391984],[139.75691254455523,35.699356152036565],[139.75688056692766,35.69941213377721],[139.75686768288017,35.69943469586918],[139.75687969015044,35.69943927343613],[139.75690530640603,35.699449034401894],[139.7569312540571,35.69945891996142],[139.7569427973955,35.69946331695382],[139.7569026179299,35.69953350808037],[139.75689108562526,35.69952912010486],[139.7568651379573,35.699519233635385],[139.75683952167475,35.699509482576225],[139.75682473073567,35.69950384863453],[139.75679546920097,35.69949270714098],[139.75673118001262,35.69946823013699],[139.75675203356496,35.69943179205015],[139.7567713706716,35.699398012033036],[139.75681630973776,35.69931950433983],[139.75682504296634,35.6993042407025],[139.75692125566044,35.699340897391984]]]}},{"type":"Feature","properties":{"height":3.9,"gml_id":"bldg_795c6cf3-dd2d-4894-8871-1b95ed788bf7"},"geometry":{"type":"Polygon","coordinates":[[[139.75936076839963,35.69173909962565],[139.75939832652634,35.69174903776846],[139.75943024125456,35.69176798613527],[139.75945342055866,35.69179404995595],[139.7594655464289,35.69182470397708],[139.7594655166758,35.6918569730047],[139.75945333436013,35.691887521971644],[139.75943010696878,35.69191355730718],[139.7593981572457,35.69193246555725],[139.7593605806389,35.69194244858126],[139.75932113489796,35.691942424336226],[139.75928357677356,35.6919323960326],[139.75925166201466,35.69191344762739],[139.75922848274183,35.69188738376845],[139.7592162463773,35.69185681979276],[139.75921627623083,35.69182455076533],[139.7592285692027,35.69179391175323],[139.7592517966255,35.6917678755547],[139.75928374631738,35.69174896734291],[139.75932132275878,35.69173907538081],[139.75936076839963,35.69173909962565]]]}},{"type":"Feature","properties":{"height":7.5,"gml_id":"bldg_6168e3b1-72c8-4cb3-999f-c4cc759f7085"},"geometry":{"type":"Polygon","coordinates":[[[139.7621020348994,35.69427098812949],[139.76205605594328,35.6942853828283],[139.76205113016644,35.69423309957055],[139.76209820378705,35.69423024395421],[139.7621020348994,35.69427098812949]]]}},{"type":"Feature","properties":{"height":17.0,"gml_id":"bldg_d1693a31-526e-4593-acc4-dacc29ba4d8a"},"geometry":{"type":"Polygon","coordinates":[[[139.75585711214447,35.69648918683452],[139.7558559878031,35.696509197410094],[139.75579405488236,35.69661031730368],[139.75577906964634,35.69663479785279],[139.75573434583262,35.69661709317943],[139.75571180168455,35.69660816410261],[139.75571269000605,35.6965922915628],[139.75571407293265,35.69656773915588],[139.75571779476437,35.696501355709174],[139.75571877295832,35.69648395991291],[139.75585711214447,35.69648918683452]]]}},{"type":"Feature","properties":{"height":23.6,"gml_id":"bldg_73d37adc-9418-4ead-973f-4ba555f35299"},"geometry":{"type":"Polygon","coordinates":[[[139.7542816591113,35.699027769903154],[139.75424217880703,35.69909278674727],[139.75415548131306,35.69923554263378],[139.75402746026748,35.699183809921664],[139.7540697410806,35.69911416195722],[139.75406222987925,35.699111181592336],[139.75410665783102,35.699038029604424],[139.75412531888202,35.69900729619268],[139.7541384634511,35.699012532780905],[139.75415927159912,35.69897838458822],[139.75417584030149,35.69898506561474],[139.7542028466864,35.69894064588477],[139.75422604291805,35.698949945230815],[139.7541990364538,35.698994455102756],[139.7542816591113,35.699027769903154]]]}},{"type":"Feature","properties":{"height":30.7,"gml_id":"bldg_9ecebfcd-029b-4d21-bac2-8de7097ea292"},"geometry":{"type":"Polygon","coordinates":[[[139.75366194754196,35.69494433018198],[139.75366117464952,35.69496596343958],[139.75365890202772,35.695028993802026],[139.75365859499075,35.695037736882725],[139.753658276931,35.69504645291506],[139.7536567085869,35.695090177310114],[139.75358002574248,35.6950883237916],[139.75358159650196,35.69506441240155],[139.7535570231176,35.69506334061534],[139.75355939048308,35.69502730543256],[139.75355699281647,35.695027195679295],[139.75355727347429,35.69502276112746],[139.7535590017987,35.69499597357185],[139.7535592375755,35.69499222403106],[139.75363877735407,35.694943403560266],[139.7536625043849,35.694928836008955],[139.75366194754196,35.69494433018198]]]}},{"type":"Feature","properties":{"height":40.6,"gml_id":"bldg_028f761c-b892-4c38-b089-031d35e71163"},"geometry":{"type":"Polygon","coordinates":[[[139.75523366691732,35.69718157634231],[139.7551131641042,35.69739968441743],[139.75508087419195,35.697458134345005],[139.75504902702428,35.697515774220435],[139.75489294665067,35.6974584356755],[139.75494253854444,35.69736860057738],[139.75490531354473,35.697354876420455],[139.75490841309707,35.6973491998143],[139.75488223402198,35.697339628242815],[139.7548929713835,35.697320345940454],[139.7547723491431,35.697276010053734],[139.75489345066345,35.69705660563565],[139.75523366691732,35.69718157634231]]]}},{"type":"Feature","properties":{"height":40.6,"gml_id":"bldg_a7383895-8c50-415d-9aa6-cb39896c1aab"},"geometry":{"type":"Polygon","coordinates":[[[139.75752021219336,35.697765287445925],[139.7576342312119,35.697807037607575],[139.75758220653486,35.69790164863355],[139.75746180268783,35.69785756796544],[139.75735951475787,35.69782011466088],[139.75741153964464,35.69772550373013],[139.75752021219336,35.697765287445925]]]}},{"type":"Feature","properties":{"height":65.4,"gml_id":"bldg_bbe8f273-8279-4871-bf76-287fe64eec01"},"geometry":{"type":"Polygon","coordinates":[[[139.75131423053253,35.69946439062131],[139.75133917283472,35.69947338524706],[139.7513966351538,35.699494101775144],[139.75130983702488,35.699654215893055],[139.7512523856638,35.699633499331505],[139.75089919468894,35.69950611089508],[139.750764486661,35.699457524927205],[139.75085117488365,35.699297682434555],[139.75090739973203,35.699318000845025],[139.75091847093705,35.69929763658897],[139.75090234352362,35.699291857686944],[139.750932789454,35.69923572325473],[139.751353272606,35.69938738623955],[139.75139672828934,35.69940306358983],[139.75136517547122,35.699461271433876],[139.7513239731304,35.699446460020226],[139.75131423053253,35.69946439062131]]]}},{"type":"Feature","properties":{"height":9.3,"gml_id":"bldg_2047078f-e30e-4db6-b2f0-98d779d73fd9"},"geometry":{"type":"Polygon","coordinates":[[[139.75904994334562,35.69830442069021],[139.75907831859664,35.698317886623194],[139.7590858404187,35.69832145167057],[139.7590648178011,35.69835100360568],[139.758968944932,35.698305605554005],[139.7589899676575,35.69827596259724],[139.75904994334562,35.69830442069021]]]}},{"type":"Feature","properties":{"height":16.0,"gml_id":"bldg_f36a4de8-2ca3-4caf-b931-fdbf9c868511"},"geometry":{"type":"Polygon","coordinates":[[[139.75857339635434,35.69944081499074],[139.75853628644674,35.69947964093439],[139.7585202478835,35.69949641355376],[139.75849593560665,35.69952185399827],[139.75849099130005,35.69952702478135],[139.75845841237538,35.69950627303748],[139.7584876136862,35.69947568972579],[139.7584984535673,35.69946433020423],[139.7585407069407,35.699420063200236],[139.75857339635434,35.69944081499074]]]}},{"type":"Feature","properties":{"height":18.3,"gml_id":"bldg_ed22909e-1173-4ee1-9d07-780cf458be0b"},"geometry":{"type":"Polygon","coordinates":[[[139.75787234662894,35.698172692268926],[139.75780261378665,35.698297036558344],[139.75773335397042,35.698271214827635],[139.7578030868985,35.698146869676535],[139.75787234662894,35.698172692268926]]]}},{"type":"Feature","properties":{"height":7.5,"gml_id":"bldg_3ad7785e-b771-42e9-9014-3ddcab2dd32d"},"geometry":{"type":"Polygon","coordinates":[[[139.76146538972915,35.69362153341296],[139.76140494570691,35.693625373202245],[139.76140133297386,35.69358796419919],[139.76137558628722,35.69358957127734],[139.76137087931184,35.6935402644397],[139.76145707002078,35.693534727440365],[139.76146538972915,35.69362153341296]]]}},{"type":"Feature","properties":{"height":33.2,"gml_id":"bldg_066aa59a-4151-40ce-b064-69697c5557f2"},"geometry":{"type":"Polygon","coordinates":[[[139.7532626073388,35.69913967732674],[139.75325689294556,35.699152156582755],[139.75319361377043,35.699290250147534],[139.7531026980223,35.69926251756148],[139.75316334163247,35.699130164909675],[139.75317169173752,35.6991119447923],[139.7532626073388,35.69913967732674]]]}},{"type":"Feature","properties":{"height":3.6,"gml_id":"bldg_cc6f035b-0823-475b-93c0-887dc9652b72"},"geometry":{"type":"Polygon","coordinates":[[[139.7577492378428,35.69542052742206],[139.75775115792277,35.69536469780379],[139.75780954331597,35.69536602340655],[139.75780762326818,35.69542186203948],[139.7577912589926,35.695421491223584],[139.7577492378428,35.69542052742206]]]}},{"type":"Feature","properties":{"height":8.2,"gml_id":"bldg_acc0677a-1f82-4932-bcba-d316877bd197"},"geometry":{"type":"Polygon","coordinates":[[[139.7566985525049,35.6974199375816],[139.75669600652355,35.697424623981625],[139.75671279654776,35.69743085411696],[139.75670252452784,35.697449280577096],[139.75668988375185,35.697471941963045],[139.7565643560539,35.697425558641015],[139.75654816250807,35.69741957223517],[139.75655925382193,35.697399514832505],[139.756568751152,35.69738235882092],[139.7565849888313,35.69738840834803],[139.75658974852612,35.697379848375725],[139.7566985525049,35.6974199375816]]]}},{"type":"Feature","properties":{"height":12.3,"gml_id":"bldg_2891f420-1e7f-44df-9414-e0daa46362c0"},"geometry":{"type":"Polygon","coordinates":[[[139.75916703158578,35.69823145495649],[139.75914689394807,35.698260015945735],[139.7590368827086,35.69820847992377],[139.75905702037255,35.69817991895273],[139.75916703158578,35.69823145495649]]]}},{"type":"Feature","properties":{"height":15.1,"gml_id":"bldg_4e187885-2f26-418c-9fea-c2f513b39df8"},"geometry":{"type":"Polygon","coordinates":[[[139.75545515046025,35.698047124312886],[139.75540733734437,35.69812605329711],[139.75536538555968,35.69810916241859],[139.75534359229005,35.69810038609251],[139.7553104660822,35.69808705140511],[139.75535816876945,35.698008122387364],[139.75545515046025,35.698047124312886]]]}},{"type":"Feature","properties":{"height":37.4,"gml_id":"bldg_cf7175b8-8096-4536-b3f3-714bd927fc96"},"geometry":{"type":"Polygon","coordinates":[[[139.75503450704332,35.696182189023126],[139.7550343077943,35.69618254944123],[139.75490105298755,35.69617642441906],[139.75490672218342,35.69614191378018],[139.7548797612854,35.6961412562397],[139.75488033840637,35.69611610841175],[139.75490597332853,35.696116756074524],[139.75490664708343,35.69610575980771],[139.75494841268235,35.69610849111909],[139.75495271006136,35.69603046237428],[139.75495325000327,35.69602070089592],[139.7550077214938,35.6960247934145],[139.75501319447852,35.696032683055805],[139.75502748384878,35.696053261600184],[139.7550421263,35.69607437218035],[139.75507105816038,35.696116052284026],[139.75503450704332,35.696182189023126]]]}},{"type":"Feature","properties":{"height":29.4,"gml_id":"bldg_b8034709-6312-496e-9ad9-43e655a6d5a9"},"geometry":{"type":"Polygon","coordinates":[[[139.75185787777485,35.69985933400226],[139.7518866638563,35.69987021497642],[139.7518760366651,35.699888775981336],[139.75188471889024,35.69989205382491],[139.75190906447995,35.69990123721575],[139.75184186841486,35.700019721730314],[139.75174156990047,35.69998179630032],[139.7518087218164,35.699863374907],[139.7518192827821,35.699844750767305],[139.75185787777485,35.69985933400226]]]}},{"type":"Feature","properties":{"height":17.1,"gml_id":"bldg_9380a839-b2ab-4c69-8408-db91e9db0b2d"},"geometry":{"type":"Polygon","coordinates":[[[139.7596151940627,35.69670282789197],[139.75961926592947,35.69672085777084],[139.75958219768657,35.696776359412326],[139.75952539314014,35.69674913028583],[139.75950444074527,35.6967390851973],[139.75951191003682,35.69672757027895],[139.75952422605337,35.69670859499447],[139.75953951871745,35.69668502455019],[139.7596151940627,35.69670282789197]]]}},{"type":"Feature","properties":{"height":4.7,"gml_id":"bldg_53fce4c5-0661-4d8f-94f5-72ae613a2d33"},"geometry":{"type":"Polygon","coordinates":[[[139.7513021228669,35.69974155326922],[139.75125871673623,35.69982832458997],[139.7512280073073,35.69981811908167],[139.75127130296354,35.69973134679516],[139.7513021228669,35.69974155326922]]]}},{"type":"Feature","properties":{"height":44.9,"gml_id":"bldg_a5eff8d9-553b-46db-a0d3-b133a73d8bc8"},"geometry":{"type":"Polygon","coordinates":[[[139.76196669967447,35.69697501630696],[139.76188219002142,35.69682615011088],[139.76202223945816,35.696773232645],[139.7620268755992,35.696778643607],[139.76231990660625,35.69666794840955],[139.76232420942705,35.69667543231294],[139.76256794084208,35.696583275625564],[139.7627300120151,35.696868573048],[139.76278516940025,35.696847774742736],[139.76284551893824,35.696953991395006],[139.76210934657783,35.69723217129533],[139.76202505706675,35.69708366588357],[139.76210165886107,35.69705477728439],[139.7620405380238,35.69694711761389],[139.76196669967447,35.69697501630696]]]}},{"type":"Feature","properties":{"height":9.0,"gml_id":"bldg_2b5be9c4-c2f8-4df3-a301-b6491218ab3f"},"geometry":{"type":"Polygon","coordinates":[[[139.7515175262745,35.696031304376454],[139.75151042439342,35.696060684188886],[139.75136989399172,35.69603814358819],[139.75137688542353,35.69600876461014],[139.7515175262745,35.696031304376454]]]}},{"type":"Feature","properties":{"height":24.9,"gml_id":"bldg_0c525af1-5fed-489a-b17e-69d3d5c410e5"},"geometry":{"type":"Polygon","coordinates":[[[139.76009789151175,35.695126095657514],[139.76009677182546,35.69515428080074],[139.76009577631365,35.69517959065068],[139.7600925529098,35.695260793067185],[139.76009146692914,35.69528836529899],[139.7600902793824,35.695318253988425],[139.75986597607204,35.69531216826553],[139.75986715249562,35.695282450831755],[139.75986804602155,35.695259989249514],[139.7598693922807,35.695225810140116],[139.7598724688166,35.695148366350445],[139.75987358864788,35.695120109099854],[139.76009789151175,35.695126095657514]]]}},{"type":"Feature","properties":{"height":45.2,"gml_id":"bldg_c7b86bd2-734e-4905-bd22-cc706f5f2c29"},"geometry":{"type":"Polygon","coordinates":[[[139.75316155018416,35.69697875810981],[139.75290521058886,35.69687207231458],[139.7528960013483,35.69686571240969],[139.75288689410397,35.69685681792207],[139.75288091433612,35.69684757489139],[139.75287670474484,35.69683615173009],[139.75287526833532,35.69682507294251],[139.75289793359366,35.69669113561076],[139.7529022910326,35.69666535936247],[139.7529393260676,35.69666952138698],[139.75293980404396,35.696666700420515],[139.75296138203103,35.696669129597645],[139.75296206007926,35.696665137886036],[139.75302429705022,35.69667214700765],[139.75301453740298,35.696729837140076],[139.75300057603087,35.69681230310674],[139.7531503241617,35.69685663313456],[139.75313897984464,35.6968747701395],[139.75320718466494,35.69690315460568],[139.75320457270234,35.6969073352201],[139.75323155642005,35.69691856621166],[139.75320790490622,35.69695638994946],[139.753182224528,35.696945700642004],[139.75316155018416,35.69697875810981]]]}},{"type":"Feature","properties":{"height":23.4,"gml_id":"bldg_f8256c12-17e8-46da-b8f9-9785fde709b0"},"geometry":{"type":"Polygon","coordinates":[[[139.7624162100965,35.69298176420057],[139.76253323767557,35.69296515774287],[139.76254886263112,35.69303889898442],[139.76243183502726,35.693055415320046],[139.7624162100965,35.69298176420057]]]}},{"type":"Feature","properties":{"height":3.4,"gml_id":"bldg_487048e2-6c50-4d1f-ba3b-fca0c284c8ff"},"geometry":{"type":"Polygon","coordinates":[[[139.7575370802149,35.69654487934376],[139.75754615534368,35.69652983219071],[139.75757874160277,35.696541300091965],[139.75756867173533,35.69655661703215],[139.7575370802149,35.69654487934376]]]}},{"type":"Feature","properties":{"height":22.1,"gml_id":"bldg_ae3ae6f1-cf90-40e9-81ef-d855218c8a3c"},"geometry":{"type":"Polygon","coordinates":[[[139.75946718359435,35.69520195714314],[139.75946565562086,35.69526525037094],[139.759464885967,35.69529705021391],[139.75939096470654,35.695295742913174],[139.75939173428156,35.69526406024867],[139.75939326233845,35.6952007399808],[139.75946718359435,35.69520195714314]]]}},{"type":"Feature","properties":{"height":30.1,"gml_id":"bldg_d44084a8-6613-46b9-9e1f-ee9431f6f93c"},"geometry":{"type":"Polygon","coordinates":[[[139.75189383046757,35.69814725323267],[139.751877143478,35.698246375404814],[139.75186270210338,35.69833219308416],[139.75177475316764,35.69832239874219],[139.75178164553222,35.69828184180804],[139.75176805547014,35.698280300272934],[139.7517666308894,35.69826858241228],[139.75177018840026,35.698247491887315],[139.75175350459313,35.69824567784359],[139.7517322965568,35.698129206595006],[139.75189383046757,35.69814725323267]]]}},{"type":"Feature","properties":{"height":7.4,"gml_id":"bldg_f32c66c5-c324-4729-9744-7238d55c88d4"},"geometry":{"type":"Polygon","coordinates":[[[139.75918883273044,35.69819640513132],[139.75917870846257,35.69821091093637],[139.75916858419106,35.69822541674055],[139.7590612234178,35.69817559497472],[139.75907142512827,35.69816100810403],[139.7590815825678,35.69814649331464],[139.75918883273044,35.69819640513132]]]}},{"type":"Feature","properties":{"height":7.3,"gml_id":"bldg_cfe0b8d7-d03a-4541-a61a-d0560d795fc9"},"geometry":{"type":"Polygon","coordinates":[[[139.7587602442463,35.69518115032726],[139.75875684341398,35.695273447554165],[139.75864756445142,35.69527076673417],[139.75865096541037,35.69517846860908],[139.7587602442463,35.69518115032726]]]}},{"type":"Feature","properties":{"height":50.2,"gml_id":"bldg_767348d3-92df-420c-8bb7-7e03749bd607"},"geometry":{"type":"Polygon","coordinates":[[[139.7589492109557,35.694805666562836],[139.7586620356509,35.69480080164829],[139.75866204077624,35.69479530329723],[139.7586491119631,35.69479610741072],[139.7586522049411,35.69467856983809],[139.75866679125818,35.694677678418124],[139.75866591048333,35.694674251766074],[139.75884827120856,35.694676446904346],[139.7589185348961,35.6946772925787],[139.7589503242728,35.69467767277358],[139.75895042832414,35.69468461338355],[139.75898832813564,35.6946849973439],[139.75896935590984,35.69476836230964],[139.7589502424163,35.694765826666035],[139.7589492109557,35.694805666562836]]]}},{"type":"Feature","properties":{"height":14.4,"gml_id":"bldg_6bdf4c48-2057-4af9-9ae4-c624d8502480"},"geometry":{"type":"Polygon","coordinates":[[[139.75740708755015,35.697992486443454],[139.75739048519554,35.698021229643295],[139.7572695310659,35.69797473276745],[139.7572861334542,35.69794598958412],[139.75740708755015,35.697992486443454]]]}},{"type":"Feature","properties":{"height":34.9,"gml_id":"bldg_4520a47d-00e4-4c2d-8897-1c1134ebb354"},"geometry":{"type":"Polygon","coordinates":[[[139.75978553679812,35.69735525299334],[139.75975522053872,35.69739805040352],[139.75976151637866,35.69740093773156],[139.75974956691522,35.69741778603096],[139.75963359227595,35.6973631822469],[139.75967574746974,35.697303628448026],[139.75978553679812,35.69735525299334]]]}},{"type":"Feature","properties":{"height":35.8,"gml_id":"bldg_1d25d5ae-b023-4300-82a7-a09ae9dc2945"},"geometry":{"type":"Polygon","coordinates":[[[139.75683516009798,35.69576898729069],[139.75669483149542,35.69576547282846],[139.75660621065694,35.695767309251],[139.7566106701952,35.695610563954745],[139.7566298962117,35.69561111702854],[139.75663318720092,35.695520711772815],[139.75672114090344,35.695522931068],[139.75671751421075,35.69561784295956],[139.7568431025893,35.69562095142742],[139.7568712124757,35.695621636299045],[139.75687061104267,35.695638185059394],[139.75686882973648,35.6956868939306],[139.75683833313528,35.69568615255826],[139.75683516009798,35.69576898729069]]]}},{"type":"Feature","properties":{"height":5.9,"gml_id":"bldg_991c7805-75a0-43ca-8011-47df8837825e"},"geometry":{"type":"Polygon","coordinates":[[[139.76237557167156,35.693392088860776],[139.76238347940898,35.69344612162617],[139.76235727806736,35.69344963955034],[139.76234738145817,35.69339559659677],[139.76237557167156,35.693392088860776]]]}},{"type":"Feature","properties":{"height":15.9,"gml_id":"bldg_b6dd73f9-e3fc-4a29-aaae-eca07ab5742e"},"geometry":{"type":"Polygon","coordinates":[[[139.7541852884549,35.69501499124595],[139.75417756230135,35.69511810283391],[139.7541075108194,35.69511463244803],[139.75411523706367,35.69501151996325],[139.7541852884549,35.69501499124595]]]}},{"type":"Feature","properties":{"height":25.9,"gml_id":"bldg_09c48771-296b-4c2a-a7dc-66f7c66ecc95"},"geometry":{"type":"Polygon","coordinates":[[[139.7544440900306,35.69803656891261],[139.7544909146885,35.69805343716428],[139.75446799933323,35.69809578559599],[139.7544211636045,35.69807891822961],[139.75434715435966,35.69805226127592],[139.75437006976716,35.69800991196563],[139.7544440900306,35.69803656891261]]]}},{"type":"Feature","properties":{"height":14.0,"gml_id":"bldg_fa25cdf5-1611-4096-8210-4a620628adcb"},"geometry":{"type":"Polygon","coordinates":[[[139.76188490259696,35.698244727402134],[139.76184886753595,35.69825786509476],[139.76181852925964,35.69820241287775],[139.76185467480235,35.698189274358285],[139.76188490259696,35.698244727402134]]]}},{"type":"Feature","properties":{"height":4.5,"gml_id":"bldg_29539e51-b3b6-4df1-9515-480343dd177d"},"geometry":{"type":"Polygon","coordinates":[[[139.75783235251845,35.69429641944153],[139.757824124788,35.69435058569325],[139.75777297009142,35.69434550592531],[139.7577811978568,35.6942913387757],[139.75783235251845,35.69429641944153]]]}},{"type":"Feature","properties":{"height":20.5,"gml_id":"bldg_a2f4071a-c647-44da-a589-4fb9544fb793"},"geometry":{"type":"Polygon","coordinates":[[[139.75654180223518,35.6981755464278],[139.75649177542334,35.69825934182212],[139.75647095391233,35.6982510719886],[139.75641699473954,35.69822963902156],[139.75645355198816,35.69816841435021],[139.75646702161092,35.69814584365799],[139.75654180223518,35.6981755464278]]]}},{"type":"Feature","properties":{"height":27.7,"gml_id":"bldg_846b7d0b-b70b-4c50-8eb0-3ab751f48513"},"geometry":{"type":"Polygon","coordinates":[[[139.75964600347638,35.697505065350505],[139.7596744454417,35.697517882199705],[139.75966332507372,35.69753431636773],[139.75964888520662,35.69755563392348],[139.75953533819657,35.69750454687159],[139.7595608985518,35.6974667050348],[139.75964600347638,35.697505065350505]]]}},{"type":"Feature","properties":{"height":9.1,"gml_id":"bldg_cef2f500-605b-4ba0-8f2a-b8da3000bec6"},"geometry":{"type":"Polygon","coordinates":[[[139.75786396261603,35.69628134406766],[139.75776518678742,35.69627109662706],[139.75776718612983,35.696260101176435],[139.7577864123106,35.69626065406566],[139.7577884455688,35.696213693999816],[139.75780170415797,35.69621496423684],[139.75780191860972,35.69622190491523],[139.75782291037308,35.696224982740546],[139.7578217996982,35.696231021218324],[139.75788113382637,35.69623466390087],[139.75786396261603,35.69628134406766]]]}},{"type":"Feature","properties":{"height":8.1,"gml_id":"bldg_6ff53d9a-0bd9-44b2-a90b-a3601d297e12"},"geometry":{"type":"Polygon","coordinates":[[[139.75838952529296,35.69849029726373],[139.7583780132502,35.69851156240402],[139.75836650120044,35.698532828444485],[139.75830298428218,35.698509983333686],[139.75831450741165,35.69848870018011],[139.75832600840096,35.6984674530663],[139.75838952529296,35.69849029726373]]]}},{"type":"Feature","properties":{"height":8.3,"gml_id":"bldg_aee6a467-322b-4fa7-9d2a-5ff45ac7e90c"},"geometry":{"type":"Polygon","coordinates":[[[139.75663221404417,35.698337147426],[139.75671709222902,35.6983694515611],[139.75670126400456,35.69839720455207],[139.75661634161526,35.69836488054766],[139.75659665748097,35.698357388440954],[139.75661248573462,35.69832963456222],[139.75663221404417,35.698337147426]]]}},{"type":"Feature","properties":{"height":31.6,"gml_id":"bldg_1b000f1a-d04c-4b4d-af58-cf642a938da6"},"geometry":{"type":"Polygon","coordinates":[[[139.7618067326356,35.69292534742193],[139.7618320708852,35.692923054967565],[139.76186147149517,35.6929250283992],[139.76188728882946,35.69306696440553],[139.7618658727935,35.693069565665766],[139.76187425140117,35.693115559429415],[139.76179134988195,35.69312558660322],[139.7617571541505,35.69293767573449],[139.76178782393885,35.69292895969233],[139.7618067326356,35.69292534742193]]]}},{"type":"Feature","properties":{"height":7.5,"gml_id":"bldg_86878bb3-3677-448c-8abc-bb9840255fcb"},"geometry":{"type":"Polygon","coordinates":[[[139.75976204176226,35.69648006318948],[139.75980753249382,35.69650581606358],[139.75977147097103,35.69654824942701],[139.75972596918626,35.696522486617646],[139.75968046742992,35.69649672469239],[139.7597165289768,35.69645429225723],[139.75976204176226,35.69648006318948]]]}},{"type":"Feature","properties":{"height":3.8,"gml_id":"bldg_7363c8dc-b8d6-431e-891c-8305ab4e0672"},"geometry":{"type":"Polygon","coordinates":[[[139.7523244139537,35.69523530996357],[139.7523137789112,35.69526234388929],[139.75222175960184,35.695238035083506],[139.75223250516888,35.695211001240274],[139.7523244139537,35.69523530996357]]]}},{"type":"Feature","properties":{"height":14.6,"gml_id":"bldg_9310b49a-6ab1-4464-9b2a-eb44271ca55d"},"geometry":{"type":"Polygon","coordinates":[[[139.75883257104147,35.6978114538056],[139.75887756214684,35.697828364285655],[139.75884114766305,35.6978927004109],[139.75881970377893,35.69789998732693],[139.75876911226075,35.697880937111734],[139.75878903508578,35.69784576901547],[139.75881272106113,35.69780398719625],[139.75883257104147,35.6978114538056]]]}},{"type":"Feature","properties":{"height":9.9,"gml_id":"bldg_ee7fc7ba-3241-45b5-a323-22d01d7dc115"},"geometry":{"type":"Polygon","coordinates":[[[139.75768451692122,35.69943647390158],[139.75755796271892,35.699349953028495],[139.75762211320793,35.699287529433825],[139.75774667961264,35.69937269603748],[139.75772787691187,35.69939098201677],[139.75774101829217,35.69939991382173],[139.757716574761,35.699423694606644],[139.75770542114918,35.699416116101226],[139.75768451692122,35.69943647390158]]]}},{"type":"Feature","properties":{"height":9.6,"gml_id":"bldg_7c7cc92f-6270-414b-8e53-e8b55a1711c9"},"geometry":{"type":"Polygon","coordinates":[[[139.75929753549718,35.69715313728157],[139.7592405385377,35.69713065811962],[139.7592739616197,35.69707416283814],[139.7592937444194,35.69707047939382],[139.75933483526998,35.69708663916943],[139.7593401265831,35.697100343233984],[139.7593143399111,35.697143953649956],[139.75930517178847,35.69714034343669],[139.75929753549718,35.69715313728157]]]}},{"type":"Feature","properties":{"height":22.2,"gml_id":"bldg_f48e83c0-c482-4903-834e-e81bd1b05ee3"},"geometry":{"type":"Polygon","coordinates":[[[139.7568379848224,35.69651487220912],[139.75683733713842,35.69654396799774],[139.7568352127841,35.6966394396804],[139.7567691600381,35.69661271715622],[139.75676978364666,35.69658455877705],[139.75677046456326,35.69655424616162],[139.75677135394088,35.69651392757829],[139.7568379848224,35.69651487220912]]]}},{"type":"Feature","properties":{"height":16.1,"gml_id":"bldg_7ef54ca6-3c26-462b-adcc-d25b23a8dec9"},"geometry":{"type":"Polygon","coordinates":[[[139.75896689046027,35.69801905906556],[139.75893866649605,35.6980688873348],[139.7588679707557,35.698042253234874],[139.7588772459461,35.69802587208272],[139.7588867203514,35.698009149434114],[139.75889619475444,35.69799242498199],[139.75896689046027,35.69801905906556]]]}},{"type":"Feature","properties":{"height":7.6,"gml_id":"bldg_b917fe36-103e-43e6-8af0-18333fb1ea22"},"geometry":{"type":"Polygon","coordinates":[[[139.75899443541888,35.697867375663726],[139.75897141400281,35.69790756340696],[139.75889685255385,35.69787912329567],[139.7589198739145,35.69783902660477],[139.75899443541888,35.697867375663726]]]}},{"type":"Feature","properties":{"height":10.1,"gml_id":"bldg_8191444e-3e3a-498c-9099-a50c3f3eafe6"},"geometry":{"type":"Polygon","coordinates":[[[139.7545698791179,35.69214176702275],[139.75455428309564,35.6921586124351],[139.75436424073195,35.69204149010434],[139.75437983677125,35.69202464471631],[139.7545698791179,35.69214176702275]]]}},{"type":"Feature","properties":{"height":19.3,"gml_id":"bldg_f6362edb-d97c-4989-87d1-04bbddcefa9c"},"geometry":{"type":"Polygon","coordinates":[[[139.75633507450536,35.69504010956341],[139.75633074743234,35.6951160021066],[139.75632688124603,35.69518372042378],[139.75632649906692,35.69519047143664],[139.75627879934024,35.69518865530043],[139.75628211490795,35.695130528105125],[139.75628430652662,35.69509213116788],[139.75628737486716,35.69503829433203],[139.75633507450536,35.69504010956341]]]}},{"type":"Feature","properties":{"height":38.9,"gml_id":"bldg_64ca366c-d7d9-411c-ad0b-ef1ee5b81bee"},"geometry":{"type":"Polygon","coordinates":[[[139.75452089620177,35.69498483528594],[139.75451424520566,35.695118684299246],[139.75438795154372,35.69511454537826],[139.75439460275052,35.694980696372106],[139.75452089620177,35.69498483528594]]]}},{"type":"Feature","properties":{"height":16.1,"gml_id":"bldg_0cb21c80-7b0c-4eac-985a-6c4859ca6f93"},"geometry":{"type":"Polygon","coordinates":[[[139.75772966497865,35.697847929604045],[139.75772579099765,35.69785477757589],[139.75773330238817,35.697857577439095],[139.75771542631807,35.6978896089803],[139.75768814177002,35.697938491109596],[139.75763710841034,35.69791953027814],[139.7576643487743,35.697870657146204],[139.75768603255366,35.69783176768534],[139.75772966497865,35.697847929604045]]]}},{"type":"Feature","properties":{"height":22.0,"gml_id":"bldg_6c4b219b-04b0-4a86-9c8b-aae9c6fa8c0a"},"geometry":{"type":"Polygon","coordinates":[[[139.7598238839946,35.69747155303884],[139.7597879241864,35.69752308938927],[139.75971237443488,35.697487979947184],[139.75974401915036,35.69744257029144],[139.75976566785047,35.6974526788586],[139.7597699830576,35.69744646204861],[139.7598238839946,35.69747155303884]]]}},{"type":"Feature","properties":{"height":22.2,"gml_id":"bldg_bbf8bfe1-8bbf-4d6c-b113-43db85122676"},"geometry":{"type":"Polygon","coordinates":[[[139.75099809132877,35.69848817258644],[139.75101043597274,35.6985188275734],[139.7509631822923,35.69858648805427],[139.75092850135545,35.698570419950656],[139.75090122049914,35.69855778210677],[139.75094247635744,35.698498563371764],[139.75096153283306,35.698471201838906],[139.75099809132877,35.69848817258644]]]}},{"type":"Feature","properties":{"height":14.3,"gml_id":"bldg_759d2bd5-f953-4151-811d-c19fcbc1b890"},"geometry":{"type":"Polygon","coordinates":[[[139.75607063085548,35.69473408742142],[139.75606767327542,35.694821878915626],[139.7560316522857,35.69482104455745],[139.75603376811367,35.69475824840227],[139.7560345870232,35.694734064282066],[139.75603460990524,35.69473325306417],[139.75607063085548,35.69473408742142]]]}},{"type":"Feature","properties":{"height":10.0,"gml_id":"bldg_9b32741d-9a20-4cfa-a989-353a0974c1a7"},"geometry":{"type":"Polygon","coordinates":[[[139.75729078713096,35.6956164217492],[139.75732749354134,35.69561729221826],[139.7573252121364,35.69568095359789],[139.75728850570457,35.69568007501578],[139.75728442843524,35.695679982303076],[139.75724660600693,35.6956790750607],[139.75723302617368,35.6956787509973],[139.75723486505015,35.695627365089734],[139.75723530764412,35.6956150977318],[139.75729078713096,35.6956164217492]]]}},{"type":"Feature","properties":{"height":8.8,"gml_id":"bldg_ee0b2284-b657-4483-8c49-5d8031d9598b"},"geometry":{"type":"Polygon","coordinates":[[[139.7596991450005,35.695182909098456],[139.7597316191731,35.69518382131399],[139.759730284212,35.69521766692224],[139.7597267542591,35.69530739609605],[139.7596775843757,35.69530601396633],[139.7596825598622,35.69518243925391],[139.7596991450005,35.695182909098456]]]}},{"type":"Feature","properties":{"height":26.6,"gml_id":"bldg_a792b329-6028-44f0-a36e-39fff3322000"},"geometry":{"type":"Polygon","coordinates":[[[139.753555440807,35.69203654011549],[139.7535905439203,35.69207018447145],[139.75352309684243,35.69211701101063],[139.75348799373702,35.69208336663527],[139.753555440807,35.69203654011549]]]}},{"type":"Feature","properties":{"height":12.3,"gml_id":"bldg_bda46f1e-d385-46fe-addf-09eaccf7ea47"},"geometry":{"type":"Polygon","coordinates":[[[139.76095705790883,35.69647231475168],[139.7610062313089,35.696495094868446],[139.76099162645053,35.69651617813414],[139.7609423977924,35.69649339797825],[139.76088515032853,35.696466899334766],[139.76089986570437,35.69644581614835],[139.76095705790883,35.69647231475168]]]}},{"type":"Feature","properties":{"height":16.3,"gml_id":"bldg_c763cc4a-1992-4c21-9222-791b72674b02"},"geometry":{"type":"Polygon","coordinates":[[[139.7614139196216,35.69298342300005],[139.7614712713566,35.692977327935104],[139.76147880131555,35.69308225187819],[139.76142344138097,35.69308502208177],[139.7614139196216,35.69298342300005]]]}},{"type":"Feature","properties":{"height":18.5,"gml_id":"bldg_2f0af537-3b1a-44b1-9870-97d5600e05fb"},"geometry":{"type":"Polygon","coordinates":[[[139.75826840330154,35.697442470387024],[139.7582368114981,35.69743055260974],[139.75825339195165,35.69740114226325],[139.75825893720878,35.697391311784315],[139.75830366451572,35.697311974116374],[139.75835911586316,35.69733283029402],[139.75831152208684,35.697417042602986],[139.75830875499844,35.6974219443266],[139.75828500589662,35.6974130059679],[139.75826840330154,35.697442470387024]]]}},{"type":"Feature","properties":{"height":10.2,"gml_id":"bldg_39c74428-9877-4d7d-9dc5-d062eab546cb"},"geometry":{"type":"Polygon","coordinates":[[[139.75833665474852,35.69614893088359],[139.75833634025932,35.69616617388316],[139.75824098040349,35.69616611443452],[139.75827992175056,35.696140611940464],[139.7583177131843,35.696115865867355],[139.7583210944239,35.696115867974406],[139.75833727133488,35.69611587805386],[139.75833665474852,35.69614893088359]]]}},{"type":"Feature","properties":{"height":17.2,"gml_id":"bldg_f61e4979-26de-4adb-b15a-9f7bb233ab99"},"geometry":{"type":"Polygon","coordinates":[[[139.75896877017252,35.69638720342075],[139.7589688312414,35.69639283701667],[139.75897438926873,35.69639288641991],[139.75897400801878,35.69642267644002],[139.75894491399526,35.69642242320711],[139.75894536678686,35.6963869996731],[139.7589499745367,35.696387038575196],[139.7589503437495,35.69635832117703],[139.75896899573067,35.69635848593377],[139.75896877017252,35.69638720342075]]]}},{"type":"Feature","properties":{"height":7.0,"gml_id":"bldg_f3212998-0a28-4a50-866a-25d38c322d00"},"geometry":{"type":"Polygon","coordinates":[[[139.75710970407656,35.694768641338776],[139.75709836003847,35.69484579138746],[139.7570825488616,35.69485650767073],[139.75700907158028,35.69485357672357],[139.75701379666958,35.69476515536802],[139.75710970407656,35.694768641338776]]]}},{"type":"Feature","properties":{"height":29.0,"gml_id":"bldg_aa4e4fe0-3214-4187-aae6-0614c3774cb6"},"geometry":{"type":"Polygon","coordinates":[[[139.7595511057378,35.69562204677869],[139.7595505374771,35.695639171548166],[139.75957097899192,35.695639725798614],[139.75956776953288,35.6957291847469],[139.7595661364997,35.69577464881923],[139.75956610242906,35.6957756493184],[139.75952842359183,35.69577472485355],[139.7595298984295,35.695733081589694],[139.75950578835588,35.69573254491251],[139.7595008381676,35.69573243371214],[139.75950491884353,35.69562093681754],[139.7595511057378,35.69562204677869]]]}},{"type":"Feature","properties":{"height":34.9,"gml_id":"bldg_51b8907f-a9a1-40d6-8d6d-157e9a57808c"},"geometry":{"type":"Polygon","coordinates":[[[139.7565268154605,35.69636932827156],[139.75649463361975,35.69643181769401],[139.7564383912033,35.69643042972634],[139.75644245290394,35.696343179773166],[139.75645184483065,35.69634363555518],[139.75645240649195,35.696334082300694],[139.75647233822545,35.69629028757921],[139.75646777481936,35.69629010529288],[139.75640129052627,35.696287448850576],[139.75640300500444,35.696251106735644],[139.75640519341587,35.69620451635416],[139.75640732531184,35.696159241935376],[139.7564113294979,35.696074371557636],[139.75644668798017,35.696075296417526],[139.75644669187437,35.69607123935662],[139.75663795849144,35.69607694985937],[139.75663793173717,35.69610489229184],[139.75666002581653,35.6961106751303],[139.7565268154605,35.69636932827156]]]}},{"type":"Feature","properties":{"height":20.9,"gml_id":"bldg_58b242f3-2a72-46f6-b0f5-8fb65916d37b"},"geometry":{"type":"Polygon","coordinates":[[[139.7556487287179,35.69943391536613],[139.755588940742,35.69941736368898],[139.75554753547792,35.69940590758283],[139.75554100033082,35.69942185758793],[139.7554362719393,35.69939294605754],[139.75544291763367,35.699376969088526],[139.75546123761413,35.69933289499152],[139.7554820164655,35.699282919417094],[139.75568782736318,35.69933983768607],[139.7556487287179,35.69943391536613]]]}},{"type":"Feature","properties":{"height":30.3,"gml_id":"bldg_e55484ed-401a-43cc-96de-bb39aed9c396"},"geometry":{"type":"Polygon","coordinates":[[[139.75524549089045,35.69672766259603],[139.7552855102497,35.69674244486559],[139.755428853259,35.696795375983214],[139.75539830187404,35.69685052000357],[139.7552549146044,35.69679757079392],[139.755122485071,35.69674866666724],[139.7551436497656,35.696710462361],[139.75515303660674,35.69669352271612],[139.75524549089045,35.69672766259603]]]}},{"type":"Feature","properties":{"height":11.2,"gml_id":"bldg_989cbabc-626b-4829-af28-57111b595e1d"},"geometry":{"type":"Polygon","coordinates":[[[139.7565904735247,35.69858375340347],[139.7565553868888,35.69864390642108],[139.75637887112413,35.698575469937296],[139.75640499101337,35.69853222092233],[139.75643469338684,35.69854415599864],[139.75644685490664,35.698549040173326],[139.75650970600867,35.698574291591946],[139.75651180899453,35.69857068655684],[139.7564592305678,35.69854956185773],[139.75650117716881,35.69848018322766],[139.75652426306817,35.698489446006455],[139.7565303935391,35.69849190164169],[139.75653888783083,35.6984953052221],[139.75654716119755,35.69849862843917],[139.75655366722833,35.69850123664416],[139.7565804093344,35.69851196196192],[139.7565963927449,35.69851837187196],[139.75661050721394,35.69854938796163],[139.7565904735247,35.69858375340347]]]}},{"type":"Feature","properties":{"height":17.4,"gml_id":"bldg_0312de20-b62e-404c-bac8-e5fb28d2d562"},"geometry":{"type":"Polygon","coordinates":[[[139.75393365125896,35.69536396197855],[139.7539554032279,35.69536890681466],[139.75398549583838,35.695375759034384],[139.7540406766933,35.695388315415826],[139.754130590033,35.69540878161168],[139.75414677421378,35.69541246984624],[139.7541321466276,35.69545491472281],[139.75411605081075,35.695451252684194],[139.7539709676209,35.695418203957104],[139.75389993400725,35.69540203160639],[139.75390913192052,35.695375149825466],[139.75391445120974,35.69535958668491],[139.75393365125896,35.69536396197855]]]}},{"type":"Feature","properties":{"height":14.0,"gml_id":"bldg_79a1250f-1575-4a4f-aa3c-805e3b4e7d8e"},"geometry":{"type":"Polygon","coordinates":[[[139.75449566454085,35.69660691406721],[139.75452924392363,35.696619356922774],[139.75454955725144,35.69662687862493],[139.75452896804228,35.69666391142383],[139.75450864369265,35.69665635365623],[139.75447503119233,35.69664386570484],[139.75445827465722,35.696637635278734],[139.7544788638035,35.69660069262866],[139.75449566454085,35.69660691406721]]]}},{"type":"Feature","properties":{"height":23.8,"gml_id":"bldg_3b03e1b3-2acc-4bed-b0e0-a122bf893ab1"},"geometry":{"type":"Polygon","coordinates":[[[139.75863009317877,35.697061686638385],[139.75861133110155,35.697096449817394],[139.75860087081224,35.69711584078902],[139.75838778897804,35.69703927220504],[139.75839828248394,35.69701985423131],[139.75842177110422,35.69697637778625],[139.7584117190483,35.69697276605341],[139.7584240610371,35.69694996909311],[139.7584364030189,35.69692717213145],[139.7584670341619,35.696938178876856],[139.75860297997468,35.696987036438486],[139.7586091786948,35.696975502760544],[139.7587017460444,35.69700882071092],[139.7586662143605,35.69707468876576],[139.75863009317877,35.697061686638385]]]}},{"type":"Feature","properties":{"height":8.9,"gml_id":"bldg_ca46f03c-e990-4b94-896f-52b0fb0ed528"},"geometry":{"type":"Polygon","coordinates":[[[139.75859955195733,35.69829248720745],[139.7585670114773,35.698349434423726],[139.75852293719564,35.69833264067533],[139.75855547769925,35.698275694372214],[139.75859955195733,35.69829248720745]]]}},{"type":"Feature","properties":{"height":29.6,"gml_id":"bldg_e5d730d1-e8d4-49bf-a834-9751f5b977e1"},"geometry":{"type":"Polygon","coordinates":[[[139.75293874323896,35.69923181571245],[139.7529440361857,35.699242942138895],[139.75293198763185,35.699246719840964],[139.75293694965066,35.699257269170594],[139.7529309806238,35.699259158058325],[139.75293484006264,35.6992672729557],[139.7528733812464,35.699286647375565],[139.75285258915386,35.69929319544094],[139.75283113382608,35.699299959387695],[139.75281612283325,35.699304690547834],[139.7527915330968,35.69925266511547],[139.7528064998713,35.69924794294248],[139.75282793307773,35.69924118799895],[139.75284873621806,35.699234630931464],[139.75288027254223,35.699224682874004],[139.7529281573318,35.69920958088616],[139.75293874323896,35.69923181571245]]]}},{"type":"Feature","properties":{"height":10.3,"gml_id":"bldg_ac27783c-a359-4ffd-86e1-5f7566b5b26c"},"geometry":{"type":"Polygon","coordinates":[[[139.75655928981652,35.697223621678354],[139.75651102677278,35.69731246588648],[139.75645303451697,35.69729151709804],[139.75650129761232,35.6972026729129],[139.75655928981652,35.697223621678354]]]}},{"type":"Feature","properties":{"height":33.0,"gml_id":"bldg_1b7d944f-42f5-46ba-a2a5-b05e66f7af8f"},"geometry":{"type":"Polygon","coordinates":[[[139.76184072176306,35.693642037722576],[139.762009568781,35.69362951870405],[139.76202513465086,35.693769240234325],[139.7619481146363,35.69377496335253],[139.76193879664336,35.69369185243907],[139.7619055796737,35.69369437369564],[139.76190476710187,35.69367627370923],[139.761899120727,35.69367637942452],[139.76186790575053,35.693676621393244],[139.76186710094873,35.69367459283356],[139.76184455858882,35.69367620191426],[139.76184072176306,35.693642037722576]]]}},{"type":"Feature","properties":{"height":15.2,"gml_id":"bldg_c117c771-198e-47ed-a59a-26e768f753fe"},"geometry":{"type":"Polygon","coordinates":[[[139.75789366936112,35.69764893809182],[139.7578880907809,35.697658885710574],[139.75791249171783,35.69766797778839],[139.75789119565866,35.69770600221987],[139.75787795758515,35.697729609793015],[139.75776020567622,35.697685702344614],[139.75779195057672,35.69762905319424],[139.75779661047827,35.697620735580145],[139.75780602178816,35.69762423969904],[139.75780971872146,35.69761763498293],[139.75789366936112,35.69764893809182]]]}},{"type":"Feature","properties":{"height":8.6,"gml_id":"bldg_59331b73-9fcd-4365-93d1-a45133ec1ebb"},"geometry":{"type":"Polygon","coordinates":[[[139.7598007983971,35.69541560568479],[139.75979885075225,35.69547894372684],[139.75979853191063,35.695489237171195],[139.7597982241187,35.69549953062231],[139.75979806479714,35.69550456918021],[139.759750551918,35.69550354864023],[139.75975339606774,35.69541458521351],[139.7598007983971,35.69541560568479]]]}},{"type":"Feature","properties":{"height":37.4,"gml_id":"bldg_a1d71bcd-e7b8-415c-9024-230ada0eb977"},"geometry":{"type":"Polygon","coordinates":[[[139.7549460483234,35.697542171402745],[139.75499969626884,35.69756459633456],[139.75497808192347,35.69759902358065],[139.75491414632478,35.69770082764024],[139.75463325944384,35.69758346634435],[139.7546193682391,35.69755109811076],[139.754664788091,35.697467940447034],[139.75468147043688,35.69743738592132],[139.7547536525997,35.697467484709264],[139.75481136522967,35.69749155287034],[139.75481413214558,35.69748704782962],[139.7549460483234,35.697542171402745]]]}},{"type":"Feature","properties":{"height":29.2,"gml_id":"bldg_4bf88ccc-ce5e-4f5b-926a-1bb538047e0c"},"geometry":{"type":"Polygon","coordinates":[[[139.75198347336033,35.69965499842891],[139.7520448794683,35.69967715860099],[139.75200790229835,35.69974527710285],[139.75194649617686,35.69972308896968],[139.75190318383832,35.699707438956565],[139.75190598481433,35.69970227600834],[139.75192635563639,35.69966463059962],[139.75194005057685,35.69963932041183],[139.75198347336033,35.69965499842891]]]}},{"type":"Feature","properties":{"height":38.9,"gml_id":"bldg_3df7421b-39f6-46bf-adf3-608b913c87a7"},"geometry":{"type":"Polygon","coordinates":[[[139.75144359263004,35.6958254083905],[139.75154032033487,35.69583815641969],[139.75158224857188,35.6958436832544],[139.75157679504179,35.695871207370274],[139.75156737628606,35.69591876623272],[139.75156014562555,35.69595525776516],[139.75153944111088,35.695952530576974],[139.75141953395269,35.6959367201481],[139.75140204449903,35.69593441876759],[139.75143928380396,35.69582483759654],[139.75144359263004,35.6958254083905]]]}},{"type":"Feature","properties":{"height":26.2,"gml_id":"bldg_825a0cd2-68d0-468c-becf-527c921814bf"},"geometry":{"type":"Polygon","coordinates":[[[139.75123019263285,35.697384470444256],[139.7512503993537,35.69738807978612],[139.7512705950347,35.69739168100475],[139.75132941439668,35.69740218598429],[139.75134374361647,35.697404737605886],[139.75138705164764,35.69741247380177],[139.75138138350007,35.69743358902109],[139.75135854453015,35.69751863567153],[139.75125730083752,35.697500557328155],[139.75117813103822,35.69748642393615],[139.75120663838317,35.69738026210883],[139.75123019263285,35.697384470444256]]]}},{"type":"Feature","properties":{"height":113.3,"gml_id":"bldg_105d0a6a-dcfb-4b98-b340-b066df6e43c7"},"geometry":{"type":"Polygon","coordinates":[[[139.75818522977846,35.69222484091714],[139.75825836628883,35.69223516216716],[139.7582670228927,35.692194425644495],[139.75826779997274,35.69219055023833],[139.75860044958685,35.69223753830468],[139.75853641397916,35.69253882559351],[139.75853108666016,35.69256415167847],[139.75825908838897,35.69252577328929],[139.75824699151295,35.6925824528965],[139.7581830243492,35.69257348941923],[139.7581658220498,35.69265433155669],[139.75811301321605,35.69264690733793],[139.7581004720357,35.69270593922689],[139.7580943678135,35.692734779247274],[139.75799394265684,35.69272056493268],[139.7577039361846,35.69267955103216],[139.75757743816527,35.692661715409024],[139.75760041260824,35.69255347444196],[139.75764913359882,35.69256035459239],[139.7576665584059,35.69247843192516],[139.7576115901334,35.6925347329798],[139.75758526635903,35.69256265888516],[139.75756439774503,35.692664049862294],[139.75760726265543,35.69267092724497],[139.75758805970878,35.69276357598465],[139.75756751117586,35.69276013784818],[139.75755060969396,35.692755890771274],[139.75753558736898,35.692750833642336],[139.75751040707746,35.69273792819625],[139.75749605309417,35.69272719285328],[139.75747971441584,35.69271204044712],[139.75746978162573,35.6926997746566],[139.75746250204276,35.69268606924705],[139.75745688062975,35.692671553649326],[139.75745313760402,35.692657039235314],[139.75745293113147,35.692641715817516],[139.75745438478913,35.69262350906254],[139.75746114766764,35.69259944674966],[139.75746900864488,35.69258259608731],[139.75748294674077,35.6925657492536],[139.75762043085277,35.692416478810976],[139.7579207145784,35.69210281028889],[139.7579768115272,35.692138179119034],[139.7579611803496,35.692193152899506],[139.75818522977846,35.69222484091714]]]}},{"type":"Feature","properties":{"height":22.2,"gml_id":"bldg_8994f8ff-9df1-429b-9aa3-419b8be2ce17"},"geometry":{"type":"Polygon","coordinates":[[[139.76141045179406,35.69835946765708],[139.76146503196907,35.69857708172258],[139.76142020584808,35.69858456335482],[139.76124810705628,35.69861329521135],[139.76120528128033,35.698620435441164],[139.76111598258694,35.69863534462533],[139.7610746266691,35.698642251334505],[139.76103511640446,35.69864884365887],[139.76098182541787,35.69843653924006],[139.76101447300883,35.698381485211534],[139.76139984851017,35.698317178099835],[139.76141045179406,35.69835946765708]]]}},{"type":"Feature","properties":{"height":34.6,"gml_id":"bldg_319e7c26-c3eb-490d-a317-2ca4f4f83ca6"},"geometry":{"type":"Polygon","coordinates":[[[139.75363742739054,35.69192428372624],[139.75368268448722,35.691969292038884],[139.75371762334206,35.69194587953249],[139.75396112949397,35.692188058154784],[139.75393094491426,35.69220831907217],[139.7542049188287,35.692480623037476],[139.75407809926722,35.69256553878844],[139.75397356514807,35.69246163211387],[139.75394006362367,35.69248396399657],[139.75389259837831,35.692436791039434],[139.75390520645925,35.692424811139645],[139.75375585682025,35.692276437160785],[139.7537912380271,35.69225275451573],[139.75367997118505,35.69214226313216],[139.75366095365078,35.69215514013708],[139.75360653464494,35.69210102191406],[139.7536182603904,35.69208741899342],[139.7535279669922,35.69199758272445],[139.75363742739054,35.69192428372624]]]}},{"type":"Feature","properties":{"height":25.2,"gml_id":"bldg_0d5b1800-25fd-417f-b637-fcb1b7c1e903"},"geometry":{"type":"Polygon","coordinates":[[[139.7595498620216,35.69961123537576],[139.7595739300602,35.69963468571569],[139.7595751445128,35.69963585823933],[139.75961185470175,35.699610642400714],[139.7596722126915,35.69966930438013],[139.75970613994778,35.69970227918106],[139.75966931932632,35.69972740484358],[139.75970464871867,35.69976176861062],[139.75947465714034,35.69991909683918],[139.75946229183083,35.6999071010465],[139.75944150407872,35.69992132991425],[139.7594113858061,35.69989203496382],[139.75938939330078,35.69987064098824],[139.75938087922626,35.69987640541938],[139.75928228844552,35.699780528403664],[139.7592908025161,35.69977476488074],[139.75924410173994,35.699729307157455],[139.75926488947715,35.69971507832332],[139.7592470041678,35.69969758076162],[139.75947688496976,35.69954034303105],[139.7595498620216,35.69961123537576]]]}},{"type":"Feature","properties":{"height":38.1,"gml_id":"bldg_e7e5dc48-ed9b-4574-80d0-69f849e1bb10"},"geometry":{"type":"Polygon","coordinates":[[[139.75777520958536,35.699351171233516],[139.75775689912595,35.699339658271974],[139.75763108937687,35.69926058324871],[139.7576803121396,35.6992085150738],[139.75766096361062,35.69919636057172],[139.7575937297427,35.69915410808292],[139.75763605028106,35.69910928258795],[139.75765556239944,35.69908861655286],[139.75782055484436,35.69919237759196],[139.75786913593396,35.699140940796205],[139.75790307187935,35.69910499744772],[139.75796867130967,35.69914632123227],[139.75777520958536,35.699351171233516]]]}},{"type":"Feature","properties":{"height":36.0,"gml_id":"bldg_4b7c313a-6357-46e2-b0e8-664abdd57748"},"geometry":{"type":"Polygon","coordinates":[[[139.75831631354896,35.69761033518694],[139.75821060174022,35.697571059704565],[139.7582424794928,35.6975137534189],[139.75826048473436,35.697520433879596],[139.75826325187984,35.69751547807506],[139.7583520629609,35.69754852443966],[139.75834774637337,35.69755609235014],[139.7583574669995,35.697559703881566],[139.7583305704235,35.69760782023736],[139.7583199661298,35.69760384760547],[139.75831631354896,35.69761033518694]]]}},{"type":"Feature","properties":{"height":7.5,"gml_id":"bldg_a77878ce-6e11-43e1-ad18-48b38d05966b"},"geometry":{"type":"Polygon","coordinates":[[[139.75142612009344,35.69713573500151],[139.7514692068042,35.69714365129132],[139.75145501035794,35.69719501967694],[139.75136883698488,35.697179096934946],[139.75138303339128,35.69712781869628],[139.75142612009344,35.69713573500151]]]}},{"type":"Feature","properties":{"height":18.3,"gml_id":"bldg_c74af47d-bb59-4f13-93d1-5b6444cdecd1"},"geometry":{"type":"Polygon","coordinates":[[[139.7530651791622,35.69906732816442],[139.7530976905164,35.69907674210313],[139.75308797706788,35.6990991076034],[139.75307506273117,35.69912882613854],[139.75306735399383,35.69914656895132],[139.75304275470083,35.69920316842468],[139.75292764463583,35.69916992031434],[139.7529825806996,35.699043404809366],[139.7530651791622,35.69906732816442]]]}},{"type":"Feature","properties":{"height":5.1,"gml_id":"bldg_030da4b5-7e9c-486d-8f48-1782b4eb4ff7"},"geometry":{"type":"Polygon","coordinates":[[[139.75892493478634,35.69631652700579],[139.75892346866692,35.69634843457342],[139.75885927080293,35.696346592134304],[139.75886062653342,35.69631459436225],[139.75892493478634,35.69631652700579]]]}},{"type":"Feature","properties":{"height":18.5,"gml_id":"bldg_e45638f1-324c-4cd2-b7fa-0f303b27810b"},"geometry":{"type":"Polygon","coordinates":[[[139.75229239742484,35.6974033158764],[139.75228474908943,35.69744872170274],[139.75223125109568,35.697442727620874],[139.75220724219193,35.697440034376385],[139.75213922616803,35.697432417017716],[139.75214687459348,35.697387002186936],[139.75229239742484,35.6974033158764]]]}},{"type":"Feature","properties":{"height":15.9,"gml_id":"bldg_3d35629d-c6a2-4ede-a15c-52659af49e0b"},"geometry":{"type":"Polygon","coordinates":[[[139.7567766852522,35.69775701011192],[139.75669289034616,35.697909738849205],[139.75667580187962,35.697903500409176],[139.75663941570727,35.697890226205374],[139.7566216423888,35.697883734036594],[139.75663986256023,35.69785053920981],[139.75666802300836,35.6977992151654],[139.756642926047,35.69779009535106],[139.75659721689948,35.69777348103003],[139.7566346314289,35.69770518109791],[139.7567766852522,35.69775701011192]]]}},{"type":"Feature","properties":{"height":32.0,"gml_id":"bldg_5d32b0f1-dabb-4ba6-903b-6d359891f359"},"geometry":{"type":"Polygon","coordinates":[[[139.7586453206611,35.69977462840318],[139.75867289211345,35.69979735008614],[139.75872029471142,35.69983643578804],[139.75878823521447,35.69989244387014],[139.75877241797926,35.69990883898548],[139.75882200434083,35.69994068800804],[139.7587567444429,35.70000825025165],[139.7586924367975,35.699966918689185],[139.75854876914724,35.699874574422616],[139.75849313101733,35.6998388095842],[139.75859511351288,35.69973323342595],[139.7586453206611,35.69977462840318]]]}},{"type":"Feature","properties":{"height":12.8,"gml_id":"bldg_bae3c560-e69c-40b9-940f-5d8e44f2da94"},"geometry":{"type":"Polygon","coordinates":[[[139.75960246703164,35.69468339205075],[139.7596015205448,35.694715299953735],[139.75960084805973,35.694737634578274],[139.7596007567416,35.694740808244575],[139.75953976395624,35.694739599090376],[139.75953985527596,35.694736426325505],[139.75954052777888,35.694714090799955],[139.75954147429,35.694682182897466],[139.75960246703164,35.69468339205075]]]}},{"type":"Feature","properties":{"height":54.9,"gml_id":"bldg_186dae8f-4b5c-44d6-b05d-b7d51e0de1ae"},"geometry":{"type":"Polygon","coordinates":[[[139.75893478886283,35.69722322944195],[139.75888828526354,35.697205218375984],[139.75888034978743,35.69721883315652],[139.75876139565565,35.697172753640544],[139.75877671328334,35.697146443148284],[139.75875859789446,35.6971394282882],[139.75878862441843,35.69708784259829],[139.75879223644674,35.697089242858695],[139.75880029368386,35.697075402816765],[139.75880529750128,35.697077343858666],[139.75884188708196,35.6970144689632],[139.7588536399713,35.69701902815012],[139.75887010858315,35.69699072633145],[139.75889491778992,35.69700034125778],[139.75889630125113,35.69699795258348],[139.75896764708665,35.69702559840876],[139.75896596482042,35.6970284808496],[139.75899049791087,35.697037978407614],[139.75898551750254,35.69704652932549],[139.75902851945705,35.69706318613909],[139.75901570319462,35.697085207690705],[139.75902386617003,35.69708836842369],[139.75898362440213,35.69715750473259],[139.7589565862533,35.69720393558396],[139.75894795933738,35.69720059518731],[139.75893478886283,35.69722322944195]]]}},{"type":"Feature","properties":{"height":40.5,"gml_id":"bldg_85e59f95-a649-40dc-b0e4-9f89acfbff19"},"geometry":{"type":"Polygon","coordinates":[[[139.75472911044645,35.69673570113489],[139.7547011046791,35.69678616042222],[139.75464917796222,35.69676695256527],[139.7546361659094,35.696762140662614],[139.7546533236977,35.69673114477705],[139.75457931622242,35.69670387503092],[139.75460267284942,35.69666179636595],[139.75455683243746,35.696644910771035],[139.75457000509863,35.69662121337964],[139.75454769242648,35.69661299631805],[139.7545623043157,35.69658650562463],[139.75462857955745,35.69661093101328],[139.7546948548397,35.69663535636542],[139.7547126767203,35.69660318912451],[139.75478734696463,35.69663063859402],[139.75472911044645,35.69673570113489]]]}},{"type":"Feature","properties":{"height":14.2,"gml_id":"bldg_637045f8-ef35-4fac-befe-19f73ea9cf33"},"geometry":{"type":"Polygon","coordinates":[[[139.76160460673492,35.694615737052914],[139.7615770048671,35.69459102307609],[139.76168989642474,35.694506993433485],[139.76171760879518,35.69453170654916],[139.76160460673492,35.694615737052914]]]}},{"type":"Feature","properties":{"height":36.6,"gml_id":"bldg_d49d5063-c3be-4128-9f2a-87af0f776e35"},"geometry":{"type":"Polygon","coordinates":[[[139.76153528720587,35.69939244790638],[139.76156392386554,35.699448043388436],[139.76127202944414,35.69954803812019],[139.7611129335801,35.699602538682754],[139.76105216399074,35.69948457612041],[139.76128219111752,35.699405736087115],[139.76136434198037,35.69937757238618],[139.76150312064232,35.69933000892083],[139.76153528720587,35.69939244790638]]]}},{"type":"Feature","properties":{"height":149.0,"gml_id":"bldg_274c2940-4f2b-41ea-a5b7-e0d6a485ff28"},"geometry":{"type":"Polygon","coordinates":[[[139.75332711253344,35.69391298639408],[139.75378789347693,35.69372935826029],[139.75399694325438,35.69407050238156],[139.75347022141008,35.69428305759393],[139.75338519919575,35.694146074102136],[139.75326197429814,35.69394755567893],[139.75325769399302,35.693940648340345],[139.75332711253344,35.69391298639408]]]}},{"type":"Feature","properties":{"height":15.5,"gml_id":"bldg_ca677981-74cf-406f-a548-e0fa96620a5b"},"geometry":{"type":"Polygon","coordinates":[[[139.75619756360135,35.69852613914583],[139.7562722356352,35.69855412039708],[139.75630959375812,35.69856812544133],[139.75630441343387,35.69857733321592],[139.75626133257455,35.6986539039742],[139.7561283366168,35.69860415331746],[139.756159285907,35.69854908059127],[139.75617659800034,35.69851828379914],[139.75619756360135,35.69852613914583]]]}},{"type":"Feature","properties":{"height":35.9,"gml_id":"bldg_3c587c59-8b96-4ce6-b7cb-2ab959788d5d"},"geometry":{"type":"Polygon","coordinates":[[[139.75683238202487,35.69621344174097],[139.75688987240062,35.69621538015231],[139.75688559269224,35.69630001601329],[139.75689443229626,35.69630029203752],[139.75689184197705,35.696351488169256],[139.7568509027957,35.696350984439405],[139.75680545533402,35.69635042374749],[139.7567531681031,35.696349777564116],[139.75675328549545,35.69634256668439],[139.75670588222746,35.696341995696955],[139.75670623148542,35.69632342771161],[139.75669794687198,35.6963205380559],[139.75675606335258,35.69621087839496],[139.75683238202487,35.69621344174097]]]}},{"type":"Feature","properties":{"height":6.7,"gml_id":"bldg_0a8339f7-26df-4882-a3c9-27d0bdc8acc8"},"geometry":{"type":"Polygon","coordinates":[[[139.75510040176326,35.694355877081485],[139.75509902458256,35.69440833589635],[139.75499394497135,35.69440646482036],[139.75499589197454,35.69433634043493],[139.75510097087852,35.69433884156608],[139.75510040176326,35.694355877081485]]]}},{"type":"Feature","properties":{"height":24.3,"gml_id":"bldg_fd42861e-994a-48d5-a47f-9c96ee6ba033"},"geometry":{"type":"Polygon","coordinates":[[[139.7568010338415,35.699509187701295],[139.75683063914767,35.6995190665942],[139.75685696356115,35.69952786355556],[139.75689763773673,35.69954143696372],[139.75685988434913,35.69961676741781],[139.75685236770124,35.69961933244466],[139.7568448510546,35.69962189566832],[139.75672334179583,35.69957593872332],[139.75674122205442,35.69954033701966],[139.75676319872233,35.69949655258864],[139.7568010338415,35.699509187701295]]]}},{"type":"Feature","properties":{"height":8.6,"gml_id":"bldg_7b7ced1c-f32d-4881-85ac-2070e03f45d3"},"geometry":{"type":"Polygon","coordinates":[[[139.75999297949636,35.69224858020673],[139.75999259660986,35.69230473532038],[139.7600066291095,35.69230483400558],[139.76000613268675,35.692364324118294],[139.75995983634562,35.69236411563542],[139.75996034391807,35.69230455342011],[139.75996082628714,35.692248380339834],[139.75999297949636,35.69224858020673]]]}},{"type":"Feature","properties":{"height":46.7,"gml_id":"bldg_ed9d9f1b-0922-4f4f-84f7-b12ee832325d"},"geometry":{"type":"Polygon","coordinates":[[[139.76028810761582,35.69935928432111],[139.76034503392515,35.69947347721883],[139.7603684398321,35.69952042568503],[139.7600903303154,35.699612827364845],[139.76006685836666,35.69956574359985],[139.7600373861178,35.6995066138886],[139.7600924154291,35.69947153005344],[139.76011734832224,35.699455636061025],[139.7602196007269,35.69939044812015],[139.76022301131437,35.69938266236465],[139.76023122776425,35.69936386480011],[139.76028196387307,35.69934694986658],[139.76028810761582,35.69935928432111]]]}},{"type":"Feature","properties":{"height":13.1,"gml_id":"bldg_4828c093-929f-4b0d-88e6-1c7c6367a0fe"},"geometry":{"type":"Polygon","coordinates":[[[139.7559619485752,35.696173684871646],[139.75594172794555,35.696173131051694],[139.75594636931066,35.69605829958278],[139.75599388220652,35.69605959203514],[139.75599082652528,35.696134403726646],[139.75596364461563,35.6961337553006],[139.7559619485752,35.696173684871646]]]}},{"type":"Feature","properties":{"height":16.7,"gml_id":"bldg_549eea91-0d4f-444b-95b9-fdc6493efc51"},"geometry":{"type":"Polygon","coordinates":[[[139.7616736707155,35.69349961211334],[139.7616716943138,35.6934856397055],[139.76174352469937,35.69347558710272],[139.7617674067221,35.6935822333452],[139.76166684870842,35.693591097082276],[139.76165731552442,35.69350185580079],[139.7616736707155,35.69349961211334]]]}},{"type":"Feature","properties":{"height":9.9,"gml_id":"bldg_6eac5d70-7ffc-4743-b92e-88804223290a"},"geometry":{"type":"Polygon","coordinates":[[[139.7624909042552,35.69610496374185],[139.7624225552936,35.696049218871146],[139.7624985221324,35.695987349435114],[139.7625668711747,35.696043003225014],[139.7624909042552,35.69610496374185]]]}},{"type":"Feature","properties":{"height":11.6,"gml_id":"bldg_a44f9547-7d22-447c-b79b-3a791ecaea56"},"geometry":{"type":"Polygon","coordinates":[[[139.76063724180432,35.693696310442625],[139.76055189092125,35.69370152196797],[139.76054096238104,35.693702191387445],[139.76049694987458,35.693704877888514],[139.76049224515535,35.693653677241336],[139.76053626869148,35.69365098173489],[139.7605471861671,35.69365032132287],[139.76063253700494,35.69364509988567],[139.76063724180432,35.693696310442625]]]}},{"type":"Feature","properties":{"height":14.6,"gml_id":"bldg_1947acdf-fe0f-4e99-bf16-7a6c3f97f519"},"geometry":{"type":"Polygon","coordinates":[[[139.75684110637349,35.69665839020738],[139.75686259039858,35.696666768564],[139.7568382741675,35.69670827018205],[139.75682008955505,35.696739301781804],[139.75678187106962,35.696724495027766],[139.7568000778708,35.69669338232461],[139.75680943028877,35.69667740699352],[139.75682437202593,35.69665187168647],[139.75684110637349,35.69665839020738]]]}},{"type":"Feature","properties":{"height":32.7,"gml_id":"bldg_d71ef12a-c0e3-4ef6-8996-a635d3a60bc1"},"geometry":{"type":"Polygon","coordinates":[[[139.76175422481967,35.69296380470452],[139.76176922205516,35.69304676668701],[139.76168977884015,35.693057031104374],[139.76167478169307,35.69297406009854],[139.76175422481967,35.69296380470452]]]}},{"type":"Feature","properties":{"height":32.3,"gml_id":"bldg_f0942879-64d7-4bb6-8366-0fccc3c96915"},"geometry":{"type":"Polygon","coordinates":[[[139.7513753016385,35.696530719438464],[139.75135588083833,35.69660154482221],[139.7513016913176,35.69659166495448],[139.7513210009716,35.696521516431986],[139.75132767781906,35.696497264233116],[139.75133749345048,35.69646160373855],[139.75134617779125,35.696430043702556],[139.7514670406071,35.696452119369894],[139.75144696565278,35.696525206761216],[139.75143227210762,35.69652249265729],[139.7513804357336,35.69651311919267],[139.7513753016385,35.696530719438464]]]}},{"type":"Feature","properties":{"height":18.9,"gml_id":"bldg_6873fd54-ce51-49a4-98ae-6c6207458151"},"geometry":{"type":"Polygon","coordinates":[[[139.75978781369028,35.69491154291447],[139.75978761830734,35.694919754271595],[139.7597874577367,35.6949261538972],[139.75978717037322,35.69493826812817],[139.75978702112525,35.694944370308725],[139.7597868030222,35.69495325767906],[139.75978620558303,35.69497815314045],[139.75973495810263,35.69497727543314],[139.75972430640223,35.69497709675875],[139.75971647232763,35.694976956762694],[139.75970638415012,35.6949767883464],[139.75969853901762,35.6949766573561],[139.75968753374448,35.694976461336154],[139.75968879585167,35.69492572401738],[139.75970914143622,35.69491023290654],[139.75978781369028,35.69491154291447]]]}},{"type":"Feature","properties":{"height":12.1,"gml_id":"bldg_cf06caf6-3aaf-40ed-ba8f-e65386d5c052"},"geometry":{"type":"Polygon","coordinates":[[[139.76067849736089,35.694784098320575],[139.76067599024853,35.69486810354865],[139.7606403005121,35.69486745194469],[139.7606428077445,35.69478335567913],[139.76067849736089,35.694784098320575]]]}},{"type":"Feature","properties":{"height":6.3,"gml_id":"bldg_c19a3c81-a3bc-4a31-b63f-f9e368091ac7"},"geometry":{"type":"Polygon","coordinates":[[[139.75392402074337,35.691948179145136],[139.754084483083,35.692032112289645],[139.75406822019093,35.69205283309093],[139.7539077579163,35.69196880978807],[139.75392402074337,35.691948179145136]]]}},{"type":"Feature","properties":{"height":9.9,"gml_id":"bldg_e835f2fd-a727-4200-94ac-f293248145ce"},"geometry":{"type":"Polygon","coordinates":[[[139.75395459837554,35.694921087907275],[139.75396834379393,35.69492142957568],[139.7540061547214,35.694922392823884],[139.75400411240682,35.6949762933737],[139.75398519588018,35.69497581219415],[139.7539662904034,35.69497533101889],[139.75395941768556,35.69497516424093],[139.75395254497667,35.694974988448884],[139.7539345124043,35.69497452587164],[139.75391649087288,35.69497407231268],[139.75391853324635,35.69492017176442],[139.75395459837554,35.694921087907275]]]}},{"type":"Feature","properties":{"height":33.7,"gml_id":"bldg_cff49e64-e2a6-4b77-918b-c438c7ee7027"},"geometry":{"type":"Polygon","coordinates":[[[139.75543797245314,35.69487194978573],[139.75545779487638,35.69487259356956],[139.75545625089728,35.694903635736715],[139.75545046898029,35.695020323291665],[139.75546273374206,35.69502069177391],[139.7554560815999,35.695157335084055],[139.7553506710867,35.695153841639936],[139.75536475988446,35.69486955882797],[139.75543797245314,35.69487194978573]]]}},{"type":"Feature","properties":{"height":34.9,"gml_id":"bldg_89f0e315-6435-4514-8ad9-8d4c968652a4"},"geometry":{"type":"Polygon","coordinates":[[[139.76165924042493,35.69479599844197],[139.7616103888742,35.69483430459319],[139.76167949493444,35.69489421471342],[139.76169497498316,35.69488241598556],[139.76177579573607,35.694952499568096],[139.76164244548207,35.695054726569595],[139.7615085173201,35.69493846020166],[139.76150709945574,35.69491772785611],[139.7615650400181,35.69487260379895],[139.76155747456875,35.69480697958435],[139.76162193268254,35.69476366212397],[139.76165924042493,35.69479599844197]]]}},{"type":"Feature","properties":{"height":35.5,"gml_id":"bldg_3ee0851f-82de-42b5-85c7-a50468947bd9"},"geometry":{"type":"Polygon","coordinates":[[[139.75170404553398,35.69570729858791],[139.7516858337067,35.695784984275484],[139.75167618956922,35.695826080176104],[139.75164653672667,35.69582143603293],[139.75163862635782,35.695820195788784],[139.75163951429062,35.695816321404564],[139.75160515524152,35.69581070869067],[139.75163201287614,35.69569580232939],[139.75170404553398,35.69570729858791]]]}},{"type":"Feature","properties":{"height":7.3,"gml_id":"bldg_59b66411-a5ce-4027-8e21-3724c0a62360"},"geometry":{"type":"Polygon","coordinates":[[[139.75092058605406,35.69451408172865],[139.75089988425054,35.694541315955234],[139.7508687185461,35.69452553867008],[139.75088942034776,35.6944983125611],[139.75092058605406,35.69451408172865]]]}},{"type":"Feature","properties":{"height":8.3,"gml_id":"bldg_689c4c22-2350-42fe-9d8f-8f2ed88e27c8"},"geometry":{"type":"Polygon","coordinates":[[[139.75415081994976,35.694896708900764],[139.7541848514853,35.69489808243404],[139.75418240202467,35.694939211215086],[139.75417867166905,35.695001826900786],[139.75414471739342,35.6950004975837],[139.75411071892032,35.69499916822795],[139.75411438307563,35.69493650743231],[139.75411678841718,35.69489533355513],[139.75415081994976,35.694896708900764]]]}},{"type":"Feature","properties":{"height":18.9,"gml_id":"bldg_dbe491a5-c325-45aa-b32e-afd790808a2a"},"geometry":{"type":"Polygon","coordinates":[[[139.75014843249772,35.698501559642416],[139.75014984935572,35.69852048936907],[139.7501284954459,35.69854661430959],[139.74998017570348,35.69846619972476],[139.75001181947403,35.69842737263113],[139.75014843249772,35.698501559642416]]]}},{"type":"Feature","properties":{"height":15.0,"gml_id":"bldg_441d76cf-4c5b-4473-bdc4-2d85e2fda0d7"},"geometry":{"type":"Polygon","coordinates":[[[139.75868458035853,35.69640964287857],[139.75870145319192,35.69640995079254],[139.75872672376357,35.696410417141934],[139.75872455099875,35.696489105335175],[139.7586538331088,35.6964877995668],[139.75865430211135,35.69647068285485],[139.75865559434183,35.696423920617235],[139.7586560059431,35.69640911137491],[139.75868458035853,35.69640964287857]]]}},{"type":"Feature","properties":{"height":25.2,"gml_id":"bldg_f5ecf934-b37f-4c96-96ef-700540d5f703"},"geometry":{"type":"Polygon","coordinates":[[[139.75465655783196,35.69542970478714],[139.75442639164262,35.69541914331803],[139.7544269297532,35.69541130175676],[139.75442759118533,35.695401658438804],[139.75440276360484,35.695400523562746],[139.75440527471696,35.6953640107336],[139.75440392670708,35.69536395576757],[139.75440472193782,35.6953530947873],[139.7543932197547,35.69535252839606],[139.75439271571412,35.69535943255537],[139.754345049587,35.69535710279577],[139.7543356909382,35.695356645969845],[139.75432236571513,35.69535591612893],[139.75431087461746,35.6953553136823],[139.7543107512924,35.69535711634021],[139.75430374611364,35.69535677823475],[139.75429854865217,35.69534973512716],[139.75429978071358,35.69533291638239],[139.75430670482012,35.695325827150704],[139.75431301389222,35.69532613775797],[139.75431397711296,35.69531301354985],[139.75432289379464,35.69531344394767],[139.7543243947591,35.69529285765476],[139.75432893091855,35.69528699271685],[139.75433413507145,35.69528724941705],[139.75433218614018,35.695313900731065],[139.75433879354333,35.69531422144782],[139.75433882818047,35.695313832980325],[139.75434197436576,35.69527091183197],[139.75434822819415,35.695271213387436],[139.75435019943257,35.69524434485755],[139.75435529777025,35.695239850369035],[139.7543638829634,35.69524027063126],[139.75436487971385,35.69522675074335],[139.7544251086544,35.695229692648255],[139.7544244478086,35.695238741964374],[139.75442376452585,35.695248133786166],[139.7544206396825,35.695290747583854],[139.75439501667273,35.695289496809465],[139.75439300397593,35.69532481114435],[139.75440255161269,35.695335318358985],[139.7544936751823,35.69533868609915],[139.75449434713292,35.69532957369421],[139.75465497997453,35.69533741344108],[139.75467968588717,35.695338655448595],[139.75467398574784,35.69541588916943],[139.7546609808647,35.69541524971226],[139.75466051012873,35.695422018689015],[139.7546571069698,35.695421863232035],[139.75465655783196,35.69542970478714]]]}},{"type":"Feature","properties":{"height":10.0,"gml_id":"bldg_944b4770-ec5e-4b35-80dd-e3dcceb7759c"},"geometry":{"type":"Polygon","coordinates":[[[139.7597977266014,35.69675162158873],[139.75980531615053,35.69674146869458],[139.75985994724493,35.696753066619515],[139.75982067817236,35.69681080238665],[139.75976590794065,35.696794255841745],[139.7597977266014,35.69675162158873]]]}},{"type":"Feature","properties":{"height":19.6,"gml_id":"bldg_d12b2d47-1e7d-4796-bc6b-97420d6ee67b"},"geometry":{"type":"Polygon","coordinates":[[[139.7576727630102,35.69974852040011],[139.75770823481378,35.699771599704725],[139.75772794751165,35.699784429552096],[139.75768713237053,35.6998262274211],[139.75760518932285,35.699772995138524],[139.75764600456466,35.69973110716013],[139.7576727630102,35.69974852040011]]]}},{"type":"Feature","properties":{"height":31.1,"gml_id":"bldg_6eaa1d14-3462-4781-b9cd-d2884ce8a6e6"},"geometry":{"type":"Polygon","coordinates":[[[139.76061710110963,35.69206237524004],[139.76060700557585,35.6922289423097],[139.76051452509572,35.69222681325335],[139.7605249537733,35.69205862392704],[139.76061710110963,35.69206237524004]]]}},{"type":"Feature","properties":{"height":16.5,"gml_id":"bldg_d445d6ca-07f7-43b6-892e-582c351f6e7d"},"geometry":{"type":"Polygon","coordinates":[[[139.75677491697874,35.69797694304141],[139.75690836449132,35.69802759464431],[139.75688943713453,35.698060843143836],[139.7567559675474,35.69801011939665],[139.75670364238601,35.69799023795154],[139.75672256971694,35.69795707961775],[139.75677491697874,35.69797694304141]]]}},{"type":"Feature","properties":{"height":12.8,"gml_id":"bldg_e41b5378-77df-4cb7-8520-14926fe00ba7"},"geometry":{"type":"Polygon","coordinates":[[[139.75884329944225,35.69819294687551],[139.7587853071118,35.6981707372963],[139.75878054777212,35.69817911708082],[139.75871846836546,35.698155372610636],[139.7587432606768,35.69811230343668],[139.75877612293849,35.6981249150196],[139.75879839195605,35.698133464775374],[139.75886322178454,35.69815834663102],[139.75884329944225,35.69819294687551]]]}},{"type":"Feature","properties":{"height":15.5,"gml_id":"bldg_f2c81851-982f-454b-bb5b-a46b9e40b7f9"},"geometry":{"type":"Polygon","coordinates":[[[139.7607284563723,35.6965233568374],[139.76077921984103,35.69654732781321],[139.7607739312296,35.69655480599068],[139.76075359555867,35.69658351135697],[139.76075178106075,35.6965860701517],[139.7607010064605,35.6965621712673],[139.76066739604852,35.69654635899279],[139.76069494543626,35.6965075266031],[139.7607284563723,35.6965233568374]]]}},{"type":"Feature","properties":{"height":19.6,"gml_id":"bldg_3cdd6932-faa7-406a-b53a-f8d3753a2553"},"geometry":{"type":"Polygon","coordinates":[[[139.75158330138956,35.69730227966057],[139.75157194729698,35.697340408876634],[139.75156831044833,35.697352610944186],[139.75155214414207,35.697406906549666],[139.75149403166026,35.697396681583974],[139.75148972847708,35.69739050518127],[139.75148542529553,35.697384327877046],[139.75151336708444,35.697290514347465],[139.75158330138956,35.69730227966057]]]}},{"type":"Feature","properties":{"height":18.5,"gml_id":"bldg_be5c5c36-d292-4c44-b870-d33e4f6ee47a"},"geometry":{"type":"Polygon","coordinates":[[[139.7539376473258,35.69944796896344],[139.75396192733157,35.69945652995209],[139.7539845945756,35.69946451299665],[139.75402904535053,35.69948018103905],[139.7540327979785,35.69948469035538],[139.75401430948736,35.69951956114681],[139.7539647110815,35.69950205992633],[139.75394198861324,35.69949404078688],[139.75391770861611,35.69948546176691],[139.75387921188687,35.6994718797756],[139.75389349338806,35.69944501038347],[139.75389913955198,35.69943439598483],[139.7539376473258,35.69944796896344]]]}},{"type":"Feature","properties":{"height":12.0,"gml_id":"bldg_9b20226f-101f-46f1-904d-b1ca76d4b114"},"geometry":{"type":"Polygon","coordinates":[[[139.76211128667495,35.69604443812537],[139.76218692211984,35.696107128023655],[139.76203067672523,35.69623250619197],[139.76194267457421,35.69615962338946],[139.76207437194466,35.69605388065733],[139.76211128667495,35.69604443812537]]]}},{"type":"Feature","properties":{"height":32.5,"gml_id":"bldg_934d0164-dfcd-4ad4-91d7-036d3eeb2f9e"},"geometry":{"type":"Polygon","coordinates":[[[139.75227956829556,35.69749076708302],[139.7522647086816,35.69756458821896],[139.75213554062074,35.697547239941166],[139.7521371287383,35.69753938107395],[139.75212488700456,35.6975377323242],[139.75213688094266,35.697478610602374],[139.75214897903604,35.69748024122665],[139.75215035615966,35.697473409777636],[139.75227956829556,35.69749076708302]]]}},{"type":"Feature","properties":{"height":21.3,"gml_id":"bldg_851e6062-250e-4d73-88bf-352e132e190a"},"geometry":{"type":"Polygon","coordinates":[[[139.75535700381843,35.697082199225356],[139.75533538613206,35.69712034919106],[139.75527739529,35.69709840833067],[139.75529897978765,35.69706032054819],[139.75531657945018,35.69702925364778],[139.75532786978496,35.69700933169181],[139.7553425914966,35.69698334574323],[139.7554224532331,35.69701341305284],[139.75539013192906,35.697070448798804],[139.7553683716318,35.69706214211056],[139.75535700381843,35.697082199225356]]]}},{"type":"Feature","properties":{"height":23.4,"gml_id":"bldg_009aa945-3ea2-474c-9091-af520657a790"},"geometry":{"type":"Polygon","coordinates":[[[139.76015355563783,35.69574746240773],[139.7601501182523,35.69585730930619],[139.7601058095093,35.69585638099124],[139.76010924695635,35.695746533192704],[139.76015355563783,35.69574746240773]]]}},{"type":"Feature","properties":{"height":28.5,"gml_id":"bldg_44504f61-d8fd-40b4-a1ea-55a7f894fd44"},"geometry":{"type":"Polygon","coordinates":[[[139.75042453608057,35.69938289227928],[139.75040524961267,35.69940787395063],[139.75041922071873,35.69941509542668],[139.75041389844512,35.69942195027569],[139.7503016104978,35.699363986968635],[139.75025828354077,35.69934162115535],[139.75041939010697,35.69913405685818],[139.7504626507134,35.6991564054425],[139.75046953132704,35.6991599606711],[139.75049155063346,35.699131582708624],[139.7504931993159,35.69912945661281],[139.75052795439777,35.6990846464398],[139.75063342778287,35.6991390705894],[139.75059863956608,35.699183899698454],[139.75057295777725,35.69921699833493],[139.7505883204594,35.69922493192831],[139.75048842576496,35.69935365980876],[139.75045889316647,35.69933840634684],[139.75042453608057,35.69938289227928]]]}},{"type":"Feature","properties":{"height":8.8,"gml_id":"bldg_719edbd1-e667-4d08-945a-a29ec54c1301"},"geometry":{"type":"Polygon","coordinates":[[[139.76104536880916,35.6995327321778],[139.7609710878353,35.699558286421784],[139.76092652285922,35.69947181835001],[139.76100080368562,35.699446354269924],[139.76104536880916,35.6995327321778]]]}},{"type":"Feature","properties":{"height":12.1,"gml_id":"bldg_3524dc28-8d1f-4a32-98ef-0ce69dc9a7e6"},"geometry":{"type":"Polygon","coordinates":[[[139.76123659747142,35.69661936062765],[139.76125780458108,35.69662898192392],[139.76131791349758,35.69665626629279],[139.76129589513857,35.6966886122755],[139.76123575307193,35.696661309848544],[139.76121454594826,35.6966516975621],[139.76120322445075,35.69664655297381],[139.76122524283554,35.69661420700785],[139.76123659747142,35.69661936062765]]]}},{"type":"Feature","properties":{"height":12.3,"gml_id":"bldg_01503c8d-2ada-44f1-9728-a2fe60a5f65a"},"geometry":{"type":"Polygon","coordinates":[[[139.75540857710124,35.69912332870723],[139.75538105290616,35.69917813214078],[139.75537336915275,35.69919343240796],[139.75523064663838,35.69914574761223],[139.75523835251485,35.6991304473684],[139.75526596519276,35.6990756440245],[139.75540857710124,35.69912332870723]]]}},{"type":"Feature","properties":{"height":36.8,"gml_id":"bldg_29fdcf68-21ed-4360-974d-cd5b0650490f"},"geometry":{"type":"Polygon","coordinates":[[[139.75228526599065,35.69918744477658],[139.75229146290482,35.69918968434358],[139.7522125274511,35.69933511210347],[139.75220625320358,35.69933284543925],[139.7521178614921,35.69930088639105],[139.75219679708377,35.69915545869261],[139.75228526599065,35.69918744477658]]]}},{"type":"Feature","properties":{"height":7.5,"gml_id":"bldg_e800c17e-7c9d-4826-a8c8-bf7a25595ad6"},"geometry":{"type":"Polygon","coordinates":[[[139.75326197429814,35.69394755567893],[139.75338519919575,35.694146074102136],[139.75334382371483,35.69416316362506],[139.7531733875469,35.69398351455169],[139.75326197429814,35.69394755567893]]]}},{"type":"Feature","properties":{"height":30.0,"gml_id":"bldg_2a0b318e-421b-4a8f-8b4c-2e240d76a05c"},"geometry":{"type":"Polygon","coordinates":[[[139.7523225646535,35.69909596291846],[139.75235519504156,35.69910779280629],[139.752322979021,35.699166991062995],[139.75229030443094,35.6991551431094],[139.7522347863679,35.69913501420644],[139.75221240683464,35.69912689582067],[139.75223151506793,35.69909179136581],[139.75224462292073,35.69906769759325],[139.7523225646535,35.69909596291846]]]}},{"type":"Feature","properties":{"height":29.7,"gml_id":"bldg_0e057cc7-eda4-4f2c-bb02-1a6ad0fa30c4"},"geometry":{"type":"Polygon","coordinates":[[[139.7577102440658,35.69898950124036],[139.75770340777416,35.698997194635844],[139.75768540997774,35.699017428072246],[139.7576605758723,35.699045354898864],[139.75766786500637,35.699049595914815],[139.75758158669004,35.699141210866706],[139.75745122187922,35.69905348865876],[139.7574263195239,35.69903673543879],[139.75741627024576,35.69902996793318],[139.75751603720275,35.69893060982204],[139.75752564583507,35.698935933950295],[139.75753615264426,35.69892629591929],[139.75754686638183,35.69893153060484],[139.75755283928413,35.698925405056556],[139.7577102440658,35.69898950124036]]]}},{"type":"Feature","properties":{"height":18.4,"gml_id":"bldg_1c4b9939-4f62-434f-b582-ddf191bf8717"},"geometry":{"type":"Polygon","coordinates":[[[139.75217659118132,35.69743839125105],[139.75222117286222,35.69744336080238],[139.752284460066,35.697450425095745],[139.75227904618734,35.69748257328635],[139.75221578109512,35.69747547295028],[139.7521712104741,35.69747047636337],[139.75212712601237,35.69746552515636],[139.75213252880948,35.69743346710197],[139.75217659118132,35.69743839125105]]]}},{"type":"Feature","properties":{"height":29.2,"gml_id":"bldg_6c08464a-f630-4aae-ba98-647d4bb847d1"},"geometry":{"type":"Polygon","coordinates":[[[139.75805919224072,35.69207035840344],[139.75804897679197,35.692123712214965],[139.75796589633958,35.69211311420149],[139.75797622242035,35.692059669427834],[139.75805919224072,35.69207035840344]]]}},{"type":"Feature","properties":{"height":11.9,"gml_id":"bldg_0229d420-381d-4344-b077-f207957dab40"},"geometry":{"type":"Polygon","coordinates":[[[139.7596677206798,35.69786120958236],[139.7596556381218,35.69787849855913],[139.75964636595933,35.69789177996534],[139.75963224749478,35.69791198903056],[139.7596133933706,35.69793896357439],[139.7595350819533,35.697902591316584],[139.75957741513636,35.69784213539635],[139.7595895198141,35.697824837427206],[139.7596677206798,35.69786120958236]]]}},{"type":"Feature","properties":{"height":7.4,"gml_id":"bldg_279266f3-f5f1-4e1e-bd39-a3a735f3e929"},"geometry":{"type":"Polygon","coordinates":[[[139.76177778953584,35.69371005374646],[139.76178567388675,35.693791091570986],[139.76168345902022,35.6937977910494],[139.76167557595764,35.69371666308213],[139.76177778953584,35.69371005374646]]]}},{"type":"Feature","properties":{"height":7.9,"gml_id":"bldg_7cd588d9-ecd3-404c-93ab-3255571fafbe"},"geometry":{"type":"Polygon","coordinates":[[[139.7559122415421,35.69506986298011],[139.75600146372503,35.69507385931467],[139.75599977138342,35.69509855575141],[139.75599798951217,35.69512442391083],[139.755994515294,35.695174989407825],[139.7559243520543,35.69517268998495],[139.7558997325463,35.695150680735765],[139.7559014748691,35.695120035294245],[139.75590434132437,35.69506956044691],[139.7559122415421,35.69506986298011]]]}},{"type":"Feature","properties":{"height":3.9,"gml_id":"bldg_c3b87c86-b0fe-4b49-aa94-5b8ac3bb5261"},"geometry":{"type":"Polygon","coordinates":[[[139.75709621004205,35.69629212739897],[139.75709393925044,35.69635603304474],[139.7570621164112,35.69635529179042],[139.75706438722818,35.696291386145276],[139.75709621004205,35.69629212739897]]]}},{"type":"Feature","properties":{"height":9.3,"gml_id":"bldg_ec3e61d3-4621-4fc3-a8ec-e45b0915c340"},"geometry":{"type":"Polygon","coordinates":[[[139.7523139535896,35.695198887598366],[139.75230985463412,35.69520934072508],[139.75233227946063,35.69521530485486],[139.7523244143183,35.69523494941603],[139.75230203364004,35.695229030383],[139.75222740193428,35.6952093032275],[139.75223947666913,35.695179096557226],[139.7523139535896,35.695198887598366]]]}},{"type":"Feature","properties":{"height":12.2,"gml_id":"bldg_09789bb3-e985-4fe4-aec9-14f9d5694ceb"},"geometry":{"type":"Polygon","coordinates":[[[139.75920931427035,35.69887082202378],[139.75920014460002,35.698880614257234],[139.75917284572938,35.69890977475428],[139.75915743757417,35.698926224257214],[139.7591279064345,35.69890778207504],[139.75908664679554,35.69888201443758],[139.75908665874508,35.69886912396775],[139.75912170037498,35.69883174777905],[139.75913090323243,35.69882192041855],[139.75920931427035,35.69887082202378]]]}},{"type":"Feature","properties":{"height":42.5,"gml_id":"bldg_adee20a4-11f6-4e71-b7d3-e77964985589"},"geometry":{"type":"Polygon","coordinates":[[[139.756489282394,35.69567484430273],[139.756488826742,35.69568908564838],[139.75651567709934,35.69568964360727],[139.75651350823443,35.69576202218553],[139.7563883167812,35.69575959866818],[139.75639083093122,35.695672978676406],[139.756489282394,35.69567484430273]]]}},{"type":"Feature","properties":{"height":31.9,"gml_id":"bldg_07c4aa89-0c01-4240-b5b5-6b5d07517478"},"geometry":{"type":"Polygon","coordinates":[[[139.761809286357,35.696673595134385],[139.7617956000342,35.696656199588055],[139.76176167216724,35.696537820618055],[139.76181141328516,35.6965191017005],[139.76180424206515,35.69650656840607],[139.76186095879797,35.696471899375844],[139.761897328006,35.69645488508407],[139.76195215365752,35.69643427624973],[139.7620621478819,35.69662849637324],[139.76188540089728,35.69669509292432],[139.7618656208823,35.69669589241486],[139.7618471696685,35.696693537898774],[139.7618301574349,35.69668838998984],[139.761809286357,35.696673595134385]]]}},{"type":"Feature","properties":{"height":13.3,"gml_id":"bldg_06629f34-3927-4a74-8171-5fcba7b8f8f3"},"geometry":{"type":"Polygon","coordinates":[[[139.7594403163533,35.69785503103012],[139.75942228016427,35.697881699580854],[139.75930376231815,35.697828446876414],[139.75932179853547,35.697801777441875],[139.7594403163533,35.69785503103012]]]}},{"type":"Feature","properties":{"height":20.3,"gml_id":"bldg_1143c52e-9a03-436a-93b4-38f2ff29b5a9"},"geometry":{"type":"Polygon","coordinates":[[[139.75630400647205,35.696794406852],[139.75628131568777,35.69683441312366],[139.75622716872547,35.69681396243933],[139.75618223406113,35.696796987906815],[139.756163456055,35.69678990012175],[139.75618105528898,35.696758868246434],[139.75618614688543,35.696749893872074],[139.75630400647205,35.696794406852]]]}},{"type":"Feature","properties":{"height":14.1,"gml_id":"bldg_234b4141-736f-419b-ae78-ca9a7eb8c6c1"},"geometry":{"type":"Polygon","coordinates":[[[139.7621193370429,35.692333603144924],[139.76220387390035,35.692322557260304],[139.76223104210365,35.6924617448273],[139.76214650511102,35.69247278171689],[139.7621193370429,35.692333603144924]]]}},{"type":"Feature","properties":{"height":42.0,"gml_id":"bldg_8026279a-a174-43dd-b075-64b3048c51d2"},"geometry":{"type":"Polygon","coordinates":[[[139.75647993320862,35.69735742435958],[139.75640277681143,35.69750114255052],[139.7563395925108,35.697478568826675],[139.75634634487395,35.6974662243883],[139.75632126998028,35.69745728479441],[139.75639178472613,35.69732582012882],[139.75647993320862,35.69735742435958]]]}},{"type":"Feature","properties":{"height":15.2,"gml_id":"bldg_7ecafe93-0f68-4683-835b-24084e953e6e"},"geometry":{"type":"Polygon","coordinates":[[[139.7590328092785,35.69989556058735],[139.75904619171197,35.69990695313478],[139.75910995707244,35.69996123684367],[139.759042611631,35.700013925371536],[139.75897881314847,35.6999596145659],[139.75896543071582,35.699948222011095],[139.75893506630172,35.69992237001838],[139.7590024117367,35.69986968154989],[139.7590328092785,35.69989556058735]]]}},{"type":"Feature","properties":{"height":14.1,"gml_id":"bldg_ea98f078-624d-46e3-8758-3cfb5c512738"},"geometry":{"type":"Polygon","coordinates":[[[139.7613860763942,35.69614385155003],[139.7613986680115,35.696186520886954],[139.76128560839865,35.69620871709496],[139.76127301683812,35.696166047746416],[139.76126699097622,35.696145610095655],[139.76138005050515,35.696123413904814],[139.7613860763942,35.69614385155003]]]}},{"type":"Feature","properties":{"height":26.5,"gml_id":"bldg_a52ec215-b701-45a8-b113-9e5692518aa3"},"geometry":{"type":"Polygon","coordinates":[[[139.76003518853582,35.69640181970412],[139.7601137785698,35.69644633208065],[139.76006886787206,35.69649912499644],[139.75996763740883,35.69644172724076],[139.7599465652329,35.69642978026645],[139.75993136853262,35.696421162924],[139.75996252945893,35.69638459534044],[139.75997627919452,35.696368460195764],[139.76003518853582,35.69640181970412]]]}},{"type":"Feature","properties":{"height":10.3,"gml_id":"bldg_183b1437-f591-4a97-af5c-94220034952b"},"geometry":{"type":"Polygon","coordinates":[[[139.75933772190402,35.694679533990914],[139.7593347918869,35.694741366141976],[139.7592755676268,35.694739526982374],[139.75927849777287,35.69467760469588],[139.75933772190402,35.694679533990914]]]}},{"type":"Feature","properties":{"height":19.8,"gml_id":"bldg_0e87a56e-dd7f-43a4-a0d7-77bf9fdb2421"},"geometry":{"type":"Polygon","coordinates":[[[139.76120123829276,35.69185766499354],[139.76117418379178,35.691717125194394],[139.76121540207401,35.69171184082461],[139.76124245665366,35.691852371601],[139.76120123829276,35.69185766499354]]]}},{"type":"Feature","properties":{"height":7.4,"gml_id":"bldg_68a3d1b2-3dc6-4839-be62-c972910b72f4"},"geometry":{"type":"Polygon","coordinates":[[[139.75101805734877,35.6983069209448],[139.7509834882276,35.69828968115315],[139.75100473360547,35.698261302562955],[139.75101858387055,35.698246187063496],[139.75102734698424,35.69828882780807],[139.75101805734877,35.6983069209448]]]}},{"type":"Feature","properties":{"height":32.4,"gml_id":"bldg_dd29b0d2-e365-40e9-93e7-895e2e243dac"},"geometry":{"type":"Polygon","coordinates":[[[139.75359963166485,35.69548412810019],[139.7535859689067,35.69555604832818],[139.75351470707733,35.69554707844221],[139.7535282594017,35.69547515724765],[139.75359963166485,35.69548412810019]]]}},{"type":"Feature","properties":{"height":15.0,"gml_id":"bldg_7e44ccce-01b0-4d48-9c77-bb16a920e207"},"geometry":{"type":"Polygon","coordinates":[[[139.76074933478867,35.69684683480737],[139.76075915360448,35.6968640568802],[139.7607333721925,35.696902800211596],[139.76069945610732,35.696894901784475],[139.76062466397113,35.696877496260605],[139.76065882161248,35.6968261839085],[139.760668813288,35.69681118214221],[139.76074933478867,35.69684683480737]]]}},{"type":"Feature","properties":{"height":14.3,"gml_id":"bldg_d074e8f3-82bf-48e3-ad96-53e8b4c827aa"},"geometry":{"type":"Polygon","coordinates":[[[139.75522277610332,35.69735831875309],[139.7553089299735,35.69739524963823],[139.75529632498296,35.69741481019119],[139.755284151568,35.69743372203683],[139.7552213806536,35.69740687460295],[139.75519795340645,35.69739685420127],[139.7551826334712,35.69739030031624],[139.75520742304985,35.697351737808624],[139.75522277610332,35.69735831875309]]]}},{"type":"Feature","properties":{"height":8.2,"gml_id":"bldg_a677d2fb-1079-47ca-a00b-7be2bfd3a276"},"geometry":{"type":"Polygon","coordinates":[[[139.76035490386218,35.69666972965136],[139.7603952183412,35.69668906141525],[139.76031035826225,35.69680690906704],[139.7602699885197,35.696787550200455],[139.76022961879667,35.69676819132031],[139.7603144789532,35.69665034372477],[139.76035490386218,35.69666972965136]]]}},{"type":"Feature","properties":{"height":17.5,"gml_id":"bldg_eb6e47d1-ff59-418f-8f00-155b8746e578"},"geometry":{"type":"Polygon","coordinates":[[[139.75163466308152,35.696943380321486],[139.75170366042155,35.69695263010924],[139.75169900710867,35.6969755848265],[139.75169293220034,35.697005605313635],[139.75169022240314,35.697018961766844],[139.7516212250627,35.697009657889296],[139.75158747217267,35.69700510018454],[139.75160091018094,35.6969388595766],[139.75163466308152,35.696943380321486]]]}},{"type":"Feature","properties":{"height":8.2,"gml_id":"bldg_075c9738-6bba-4fed-b84e-b741cc97dfa4"},"geometry":{"type":"Polygon","coordinates":[[[139.75853805308503,35.69492529394775],[139.75853591620043,35.694965403563856],[139.7584618839233,35.69496499699324],[139.75847109362437,35.69492381013379],[139.75853805308503,35.69492529394775]]]}},{"type":"Feature","properties":{"height":10.2,"gml_id":"bldg_473cce3e-e614-47d6-a4f8-906adf8c08ed"},"geometry":{"type":"Polygon","coordinates":[[[139.75951873502478,35.69573650085004],[139.7595172334943,35.69577113144339],[139.75951577735935,35.69580446228966],[139.75951433225543,35.695837812071275],[139.7594821782718,35.6958368909798],[139.75948359023147,35.69580355019196],[139.7594850021816,35.69577021841758],[139.75948647058425,35.695735579691984],[139.75951873502478,35.69573650085004]]]}},{"type":"Feature","properties":{"height":36.5,"gml_id":"bldg_20bcd70f-e071-4140-93b2-1f3f3b5ebf3d"},"geometry":{"type":"Polygon","coordinates":[[[139.75517162409358,35.69678249992989],[139.7551582416092,35.69680622429139],[139.7551406307165,35.69683746332403],[139.75512094700076,35.69683006832257],[139.7550324918341,35.696796831416776],[139.75506348518147,35.69674195818705],[139.75517162409358,35.69678249992989]]]}},{"type":"Feature","properties":{"height":12.9,"gml_id":"bldg_22829a33-5cb7-4bd3-a9e8-32df0c8643b7"},"geometry":{"type":"Polygon","coordinates":[[[139.76249220824778,35.69987791525765],[139.76247709442532,35.69984951324435],[139.76245893304858,35.6998559473394],[139.76242934204663,35.69986643085938],[139.7623981213702,35.699808003765824],[139.7624276681853,35.69979748417264],[139.76247398359226,35.699781007382896],[139.76251866301592,35.69976511640394],[139.7625238030352,35.699763279733915],[139.76257035863722,35.69985010892898],[139.7625651080792,35.699851980689346],[139.76252937113816,35.69986469601514],[139.76249220824778,35.69987791525765]]]}},{"type":"Feature","properties":{"height":10.3,"gml_id":"bldg_97ef14d1-e544-48f6-852d-ae5528d7b404"},"geometry":{"type":"Polygon","coordinates":[[[139.75928732032062,35.695616584757474],[139.75928661056423,35.695631321711026],[139.75928214911664,35.695724078893555],[139.75917085927702,35.695720522081736],[139.75917360835598,35.69566334089957],[139.7589380126578,35.69565580429904],[139.75890921787482,35.695654885130544],[139.75885995957927,35.69565330431089],[139.758861672224,35.6956177193056],[139.75886238205845,35.69560298235462],[139.75928732032062,35.695616584757474]]]}},{"type":"Feature","properties":{"height":40.1,"gml_id":"bldg_30549978-4d14-4ef0-b484-c1b1955e305d"},"geometry":{"type":"Polygon","coordinates":[[[139.75705315539793,35.695484608371174],[139.7567802015216,35.69547686359518],[139.75674405886372,35.69547584008515],[139.75647067411836,35.6954680853195],[139.7564731160172,35.69541059843737],[139.7564741784818,35.695385802442374],[139.75652974595306,35.69538737834871],[139.75653932578513,35.69538765487128],[139.7565424797235,35.695313519246],[139.75705982367455,35.695328188942966],[139.75705315539793,35.695484608371174]]]}},{"type":"Feature","properties":{"height":15.2,"gml_id":"bldg_7fbe9f9d-a0fa-459f-8e01-086f6f35edf3"},"geometry":{"type":"Polygon","coordinates":[[[139.76241360301225,35.69617621744346],[139.7623700978981,35.69614103659665],[139.7624500461501,35.696075374774146],[139.76249344075939,35.69611056273839],[139.76241360301225,35.69617621744346]]]}},{"type":"Feature","properties":{"height":50.6,"gml_id":"bldg_b6f2870d-ecd6-493d-b4fe-f5e5ed651e32"},"geometry":{"type":"Polygon","coordinates":[[[139.7561333963838,35.69688570540978],[139.7561110191441,35.69692129514062],[139.75614657450944,35.69693616259401],[139.75613827436325,35.69694934520442],[139.75614982792092,35.69695418395193],[139.7560920033807,35.697046149615886],[139.75575305132276,35.69690432744374],[139.755810931478,35.696812279951835],[139.75584187460518,35.696763085115336],[139.75591960131098,35.69679560244608],[139.75590810279112,35.69681388383246],[139.75594376851691,35.69682880640049],[139.7559549792885,35.69681098542542],[139.75597469536555,35.696819271765534],[139.7561333963838,35.69688570540978]]]}},{"type":"Feature","properties":{"height":13.6,"gml_id":"bldg_6b6a7dfe-1415-464e-b7e1-66cb26164911"},"geometry":{"type":"Polygon","coordinates":[[[139.75735808418835,35.69851281585997],[139.7573546415518,35.69851918636574],[139.75734857543216,35.69853040458051],[139.75732573891125,35.69857263732687],[139.7573218866957,35.69857976472297],[139.75729636959545,35.69857055464365],[139.75730021073701,35.69856345428246],[139.75732306936047,35.69852123056851],[139.75732914652454,35.69851002137568],[139.75733256701974,35.698503695925076],[139.75735808418835,35.69851281585997]]]}},{"type":"Feature","properties":{"height":32.2,"gml_id":"bldg_df1e4c1a-3a6c-44a5-aaac-b703fa6aee8b"},"geometry":{"type":"Polygon","coordinates":[[[139.75781090877797,35.69507800967393],[139.7579069701278,35.69508272998236],[139.75790361943683,35.69513247356395],[139.75790170319758,35.69516087541721],[139.75790031377898,35.6951813266202],[139.75789893540932,35.69520177783003],[139.75789769151106,35.695220237097494],[139.75789621229143,35.69524217640497],[139.7577417428429,35.69523667038673],[139.75774267981902,35.6952156330115],[139.75774350388312,35.695197154553256],[139.7577462355535,35.695136062346165],[139.75774896722044,35.695074969237005],[139.75781090877797,35.69507800967393]]]}},{"type":"Feature","properties":{"height":8.8,"gml_id":"bldg_e8759620-ab34-4b43-8df9-337ea2851857"},"geometry":{"type":"Polygon","coordinates":[[[139.75878392548088,35.69538108874487],[139.7587831258791,35.6954091568946],[139.75878101238163,35.69548361771602],[139.75878004121822,35.69551793224924],[139.75877969858573,35.69552990222318],[139.75874655000774,35.695529250730104],[139.75874689262,35.695517307797324],[139.758747863806,35.6954829842507],[139.75874997732586,35.695408532443594],[139.75875077696446,35.695380437253],[139.75878392548088,35.69538108874487]]]}},{"type":"Feature","properties":{"height":22.3,"gml_id":"bldg_2eea1c45-9f98-405f-82f1-f165d7ae4db8"},"geometry":{"type":"Polygon","coordinates":[[[139.75926452541455,35.698400052966036],[139.7592560388699,35.69841205397899],[139.75917220501776,35.698372522396284],[139.759180713671,35.69836052140279],[139.75925049782145,35.698262080791366],[139.759254857246,35.69825593613744],[139.75932422162728,35.69828869940162],[139.7593322987794,35.69827725607936],[139.75939580923526,35.69830722055795],[139.7593727949693,35.69833974584139],[139.7593974259802,35.69835138863309],[139.759382267604,35.69837274176729],[139.75930848499752,35.69833790357264],[139.75926452541455,35.698400052966036]]]}},{"type":"Feature","properties":{"height":4.3,"gml_id":"bldg_5e7c90e7-35fe-4874-9fcc-157c1a36c209"},"geometry":{"type":"Polygon","coordinates":[[[139.76018449966327,35.694750087932555],[139.76018442992878,35.69476595199449],[139.76018436027655,35.694781725919476],[139.76008822892118,35.6947813069185],[139.76008835388163,35.69476548795875],[139.76008847884202,35.694749668998945],[139.76018449966327,35.694750087932555]]]}},{"type":"Feature","properties":{"height":9.1,"gml_id":"bldg_d1148025-38e0-40ea-a810-cf19efa6df08"},"geometry":{"type":"Polygon","coordinates":[[[139.75822662682208,35.69874672534331],[139.75821184946278,35.69876200333952],[139.75819709421512,35.698777263320274],[139.75815766888263,35.69875191023732],[139.75817243519177,35.69873664125454],[139.75818720149522,35.69872137226993],[139.75822662682208,35.69874672534331]]]}},{"type":"Feature","properties":{"height":9.0,"gml_id":"bldg_8de6265b-a706-4684-9413-342bc0e864a5"},"geometry":{"type":"Polygon","coordinates":[[[139.75510040176326,35.694355877081485],[139.75510097087852,35.69433884156608],[139.75510324029585,35.694277909554806],[139.75516821014324,35.69427948498837],[139.7551700289061,35.69422738700612],[139.75532085172097,35.69423100018332],[139.75531213975012,35.69447430123098],[139.75530801666565,35.69458937641094],[139.7552882383453,35.694588903891265],[139.75518105976403,35.6945863204371],[139.75518312508228,35.694530670319935],[139.7551597225931,35.69453011430304],[139.7551161439619,35.6945291395574],[139.75511840832516,35.69446206110538],[139.75516198691108,35.69446304486383],[139.75516555961397,35.69435735258665],[139.75510040176326,35.694355877081485]]]}},{"type":"Feature","properties":{"height":36.7,"gml_id":"bldg_5317a10a-f8cd-4ba7-bbc8-1b5bb3c362dc"},"geometry":{"type":"Polygon","coordinates":[[[139.75100877318937,35.697233834743805],[139.7509997990775,35.69726758487989],[139.75098791865486,35.69731223959331],[139.75096185038277,35.69741029071699],[139.75086418610738,35.69739318797074],[139.75095485914454,35.69722433258282],[139.75100877318937,35.697233834743805]]]}},{"type":"Feature","properties":{"height":29.0,"gml_id":"bldg_615f0393-8bfa-4e3b-a57e-05e06eddf873"},"geometry":{"type":"Polygon","coordinates":[[[139.75967323145986,35.692144880672046],[139.7596648181036,35.69235444403391],[139.7595419783656,35.692347635565625],[139.7594483625202,35.69234244935022],[139.75943690102258,35.69233414069818],[139.75945407542034,35.692234162273124],[139.75947124976668,35.6921341928576],[139.75967323145986,35.692144880672046]]]}},{"type":"Feature","properties":{"height":19.3,"gml_id":"bldg_01632698-b4cb-4a72-b2a8-7aa46522e011"},"geometry":{"type":"Polygon","coordinates":[[[139.75379597953915,35.699607120264986],[139.75378788662601,35.69962237509086],[139.75375542632543,35.69968361065842],[139.7537429714023,35.69970709209422],[139.7537314353569,35.6997288534233],[139.7536653666832,35.69970551744349],[139.75361434327118,35.69968749234215],[139.75361897097835,35.699678770157064],[139.7536360093729,35.69964662961476],[139.7536707725203,35.69958106001921],[139.75367888759692,35.69956576014735],[139.75379597953915,35.699607120264986]]]}},{"type":"Feature","properties":{"height":13.0,"gml_id":"bldg_9f12fd14-02f0-4e57-8ef5-b26e65f7df41"},"geometry":{"type":"Polygon","coordinates":[[[139.75815179668092,35.69747358498808],[139.75813982008046,35.697495426695355],[139.7581164866925,35.69753801082301],[139.75803308767465,35.697507672679016],[139.75805646535818,35.697465024597804],[139.75806839771673,35.69744324686828],[139.75815179668092,35.69747358498808]]]}},{"type":"Feature","properties":{"height":5.5,"gml_id":"bldg_67008f4a-f1f3-46d2-aed0-11c659c9844c"},"geometry":{"type":"Polygon","coordinates":[[[139.75517185233005,35.69858686072355],[139.75512951769844,35.69859972280325],[139.7551154035303,35.69856897695142],[139.75515773814794,35.6985561148766],[139.75517185233005,35.69858686072355]]]}},{"type":"Feature","properties":{"height":6.0,"gml_id":"bldg_1f41c09a-0ef5-4e73-b91d-b433e8c91cf9"},"geometry":{"type":"Polygon","coordinates":[[[139.75489756624188,35.69556195775242],[139.75489454653945,35.69559900206732],[139.75484361002046,35.69559617462091],[139.75484662974634,35.69555913030728],[139.75489756624188,35.69556195775242]]]}},{"type":"Feature","properties":{"height":17.8,"gml_id":"bldg_5b83f385-0214-4452-92b2-0af309c634be"},"geometry":{"type":"Polygon","coordinates":[[[139.7565769599326,35.69659966010696],[139.7566274950854,35.69661848586851],[139.75660850105982,35.69665234722042],[139.75660303307848,35.69666209655046],[139.75655250889332,35.69664333388161],[139.75652449636783,35.696632932237016],[139.75654895849496,35.69658923143396],[139.7565769599326,35.69659966010696]]]}},{"type":"Feature","properties":{"height":8.3,"gml_id":"bldg_687d0d9b-e543-48ad-9df5-6cf074ede3f3"},"geometry":{"type":"Polygon","coordinates":[[[139.7560054680441,35.699624784571256],[139.75594101194002,35.69960165007816],[139.75591800217285,35.69959338775741],[139.75587077858208,35.699576438684524],[139.7558512595061,35.69956943059858],[139.75584297493603,35.69956618123926],[139.7558632310347,35.69953095075685],[139.75589082444662,35.6995414865852],[139.7560257207801,35.69959297926113],[139.7560071250657,35.699625325555644],[139.7560054680441,35.699624784571256]]]}},{"type":"Feature","properties":{"height":9.1,"gml_id":"bldg_58e5a94d-1773-4fc6-808d-bbd7d1b183ee"},"geometry":{"type":"Polygon","coordinates":[[[139.75494759468316,35.69558939196947],[139.75493885512873,35.6957127837483],[139.7549308112841,35.69571239993444],[139.75489101193497,35.69571049915804],[139.75489584112884,35.69564233173784],[139.75489975156285,35.69558710738272],[139.75494759468316,35.69558939196947]]]}},{"type":"Feature","properties":{"height":26.7,"gml_id":"bldg_1eb13133-f96a-42d3-b0d4-1979218bd06c"},"geometry":{"type":"Polygon","coordinates":[[[139.7561086306421,35.695295556837415],[139.7561350828501,35.695296348981785],[139.75614920395307,35.69529677266674],[139.7561460219698,35.69538816858719],[139.75613096146108,35.695387915559586],[139.75610449783338,35.69538747584242],[139.75609266378558,35.69538727896211],[139.756045471249,35.695386483409095],[139.7560469316209,35.69532734459599],[139.75604742584676,35.69530755985382],[139.756047770678,35.695293733067786],[139.7561086306421,35.695295556837415]]]}},{"type":"Feature","properties":{"height":12.4,"gml_id":"bldg_39a4569e-c45a-402e-b34a-3fd13b738777"},"geometry":{"type":"Polygon","coordinates":[[[139.75354695008565,35.6988973077673],[139.75347787057464,35.699023994425374],[139.75334674067832,35.69898785260718],[139.7533924890115,35.698876654076614],[139.75340906644342,35.69887450179933],[139.75342177676058,35.69887189626813],[139.7534341570102,35.69886784832626],[139.75344786570759,35.698861367568696],[139.75354695008565,35.6988973077673]]]}},{"type":"Feature","properties":{"height":29.7,"gml_id":"bldg_0d971d7e-7e7c-420c-9c95-cde4788fd6d7"},"geometry":{"type":"Polygon","coordinates":[[[139.75540193985032,35.69893757932313],[139.75554164375436,35.69898694842771],[139.7555003508361,35.69906479910574],[139.75536062476448,35.69901538577239],[139.7553011840726,35.69899436338661],[139.7553425875629,35.69891660208326],[139.75540193985032,35.69893757932313]]]}},{"type":"Feature","properties":{"height":9.6,"gml_id":"bldg_d46822a5-39be-4e9b-971c-f41deac8bfd3"},"geometry":{"type":"Polygon","coordinates":[[[139.75976826303483,35.69655203231626],[139.75973673688662,35.69658905932346],[139.75964628548215,35.69653789634997],[139.75967781173483,35.696500779229304],[139.75976826303483,35.69655203231626]]]}},{"type":"Feature","properties":{"height":37.5,"gml_id":"bldg_e82036f7-c412-4052-b60d-13c7a17daacd"},"geometry":{"type":"Polygon","coordinates":[[[139.75731894152796,35.69830646778498],[139.7571301631622,35.698234960000164],[139.7571258574846,35.69823090111377],[139.75715718102953,35.69817647825109],[139.75716491686157,35.698175671914164],[139.7572571519507,35.69821061322323],[139.75727363308124,35.69818161758283],[139.75729633473475,35.6981416832494],[139.757319023476,35.698150260584946],[139.75739210467353,35.69817788860475],[139.7573745610341,35.69820872238378],[139.75731894152796,35.69830646778498]]]}},{"type":"Feature","properties":{"height":10.0,"gml_id":"bldg_b718ff82-8eca-4bdc-bc0a-ae6f21d04576"},"geometry":{"type":"Polygon","coordinates":[[[139.76243686669469,35.69523556110287],[139.7624183173448,35.69521960495029],[139.76244385950292,35.69519996112548],[139.7624624088374,35.69521593530157],[139.76243686669469,35.69523556110287]]]}},{"type":"Feature","properties":{"height":65.4,"gml_id":"bldg_b9e2d383-8fe2-4b58-8b22-76d9ac0b6150"},"geometry":{"type":"Polygon","coordinates":[[[139.75106314772128,35.69965663356921],[139.75109372365668,35.69966762502215],[139.75114809317157,35.6996871677758],[139.7511702960869,35.69969515103286],[139.75123882690932,35.699719787130576],[139.75121379467257,35.69976610942344],[139.75120362013396,35.69978493207496],[139.75123598570644,35.69979649167358],[139.75112837215386,35.69999571085595],[139.75104463041555,35.69996562003173],[139.75066312634638,35.69982853084996],[139.75057296711336,35.6997961277854],[139.7506812459104,35.699595827907906],[139.7507151577195,35.69960801966668],[139.7507257973917,35.6995882960064],[139.7507497006821,35.69954395605056],[139.7508257537075,35.699571292637074],[139.75084400201635,35.69957785809476],[139.75089706795848,35.6995969313569],[139.75092809674288,35.69960808540851],[139.75106314772128,35.69965663356921]]]}},{"type":"Feature","properties":{"height":35.3,"gml_id":"bldg_54caa8a5-e96f-48ec-91f7-fd5a668f72d7"},"geometry":{"type":"Polygon","coordinates":[[[139.75637604947713,35.69576175411286],[139.75624721178377,35.69575914784381],[139.75625474071063,35.695513799912746],[139.7564716426298,35.69551817503702],[139.75646730724804,35.69566040836229],[139.75637935296905,35.69565863956594],[139.75637604947713,35.69576175411286]]]}},{"type":"Feature","properties":{"height":24.6,"gml_id":"bldg_b77eb9ac-51c0-4d51-b7df-23c803c91372"},"geometry":{"type":"Polygon","coordinates":[[[139.75863376264616,35.695378201410975],[139.7586332301814,35.69539227957014],[139.75863270899143,35.69540611616925],[139.7586282106825,35.69552575214442],[139.758582465846,35.69552464210368],[139.75858259042946,35.69552138823737],[139.7585835530391,35.69549633076468],[139.7585870526797,35.69540494308936],[139.758587584918,35.69539111641237],[139.75858812847494,35.69537700130416],[139.75863376264616,35.695378201410975]]]}},{"type":"Feature","properties":{"height":3.6,"gml_id":"bldg_8fa259c2-64e5-4dd1-bba0-f511b2308b6f"},"geometry":{"type":"Polygon","coordinates":[[[139.75847650555727,35.69563582327395],[139.75847529653294,35.695664395932674],[139.75839364106028,35.69566209170319],[139.7583948501053,35.695633528059005],[139.75847650555727,35.69563582327395]]]}},{"type":"Feature","properties":{"height":38.2,"gml_id":"bldg_12da7356-0ac0-4a6b-aeda-c96f3c05e8fc"},"geometry":{"type":"Polygon","coordinates":[[[139.7540722638787,35.695559794708096],[139.75393582014863,35.69553915356899],[139.75393492455618,35.69555087078051],[139.75390608701233,35.695548598332984],[139.75390836481535,35.69553588241498],[139.75392464289814,35.695444862955924],[139.75395270255763,35.69545154258251],[139.7539867829034,35.6954596503349],[139.75411189151538,35.695489423843114],[139.7540722638787,35.695559794708096]]]}},{"type":"Feature","properties":{"height":36.3,"gml_id":"bldg_5e3452e0-a866-4c42-b92d-1d65f764b1b3"},"geometry":{"type":"Polygon","coordinates":[[[139.76209755252142,35.694714098779905],[139.7619795229162,35.69461217411304],[139.7620565914531,35.69455282041476],[139.7621268460427,35.69461354129232],[139.7621033274414,35.69463164490722],[139.76213767636253,35.69466134732774],[139.76216119497283,35.694643234692535],[139.762174510574,35.6946547440404],[139.76209755252142,35.694714098779905]]]}},{"type":"Feature","properties":{"height":18.7,"gml_id":"bldg_fb729d6b-3b8f-433d-aed4-4727eab2f69c"},"geometry":{"type":"Polygon","coordinates":[[[139.7549933051239,35.69562565677572],[139.75498869896253,35.69568052914671],[139.75498623941098,35.6957097769826],[139.75498581461002,35.695714797333586],[139.75494106551812,35.69571233540444],[139.75494855608244,35.69562319394802],[139.7549933051239,35.69562565677572]]]}},{"type":"Feature","properties":{"height":7.4,"gml_id":"bldg_d07f5676-26a5-4a62-af6a-b419cf1c838c"},"geometry":{"type":"Polygon","coordinates":[[[139.75666327590338,35.69827944444446],[139.75674897179917,35.69831169499604],[139.75674200945724,35.69832405734904],[139.75673491428773,35.69833665397301],[139.7566491741895,35.69830438355324],[139.75663152247543,35.69829773913242],[139.7566455800122,35.69827278016741],[139.75666327590338,35.69827944444446]]]}},{"type":"Feature","properties":{"height":22.5,"gml_id":"bldg_7e543d05-6917-45f3-b798-c687fe89732d"},"geometry":{"type":"Polygon","coordinates":[[[139.76075264837903,35.699116484156775],[139.76075975385606,35.69912847664745],[139.76071454228037,35.69914629558366],[139.76073484363943,35.69918056074919],[139.7606095996471,35.699229970300195],[139.76058218181987,35.699183714409344],[139.7605547640259,35.69913745670922],[139.76058958466254,35.69912377694962],[139.76058020630566,35.69910799732576],[139.76056683071278,35.69911330731743],[139.76054200589925,35.69907128941798],[139.76055520458593,35.69906608658497],[139.76056970766973,35.69906036264641],[139.7606910161266,35.69901251914238],[139.76072891563294,35.69907645807825],[139.76075264837903,35.699116484156775]]]}},{"type":"Feature","properties":{"height":6.5,"gml_id":"bldg_d02aaed5-efb6-44df-b886-48edef9f2834"},"geometry":{"type":"Polygon","coordinates":[[[139.76136940962425,35.69356498723205],[139.76124896508105,35.6935710525963],[139.76124683567858,35.693543001595934],[139.76136728018864,35.69353692631867],[139.76136940962425,35.69356498723205]]]}},{"type":"Feature","properties":{"height":7.3,"gml_id":"bldg_72573c87-fdab-4c07-82be-ec8a1eefc78f"},"geometry":{"type":"Polygon","coordinates":[[[139.76035828083317,35.69526748937737],[139.76035325575285,35.695325354251835],[139.76029712626593,35.69532207527974],[139.7603021513866,35.695264210407636],[139.76035828083317,35.69526748937737]]]}},{"type":"Feature","properties":{"height":17.8,"gml_id":"bldg_4f177572-ea7c-43db-a0e4-2ab57845307b"},"geometry":{"type":"Polygon","coordinates":[[[139.7601236514704,35.69478409567085],[139.7601830307829,35.694785601000696],[139.76018053870746,35.69485257124418],[139.76012500454195,35.69485114937482],[139.7601073255153,35.69485072399205],[139.7600856245395,35.69485016996774],[139.76008664306434,35.69482385961029],[139.7600882271904,35.69478319979351],[139.7601236514704,35.69478409567085]]]}},{"type":"Feature","properties":{"height":33.7,"gml_id":"bldg_bce148fb-e9f4-44f9-9b15-64151f6bcc11"},"geometry":{"type":"Polygon","coordinates":[[[139.7540779043462,35.69890486857604],[139.7540564303936,35.69889716666001],[139.7540268043109,35.698886529019184],[139.75399815030303,35.69887624444696],[139.75400235714045,35.69886840440869],[139.7539773484253,35.69885941029],[139.75391674871355,35.69883761127901],[139.75394663913622,35.69878219680742],[139.7540072609503,35.69880395976336],[139.75412249551985,35.69884531834402],[139.75410976445573,35.69886892583112],[139.75411904339867,35.69887217686576],[139.75410310108728,35.698902543406895],[139.75408299670656,35.69889549859362],[139.7540779043462,35.69890486857604]]]}},{"type":"Feature","properties":{"height":9.5,"gml_id":"bldg_13dc5d42-feb7-4be2-a494-a797823876a2"},"geometry":{"type":"Polygon","coordinates":[[[139.7515984745849,35.696012097104465],[139.75157292978952,35.69611807177405],[139.75151962319939,35.69610951761639],[139.75153789966487,35.69603368882304],[139.75153246405216,35.69603281981491],[139.751539721402,35.696002673942765],[139.7515984745849,35.696012097104465]]]}},{"type":"Feature","properties":{"height":38.2,"gml_id":"bldg_2373258d-ece8-4759-9094-cc3ecfde951d"},"geometry":{"type":"Polygon","coordinates":[[[139.7557545431414,35.69605997884915],[139.75574173371035,35.69634795808993],[139.7557396666231,35.696394377276036],[139.75573906805872,35.696407717155644],[139.75555708223524,35.69640237176896],[139.7555576808737,35.69638898682185],[139.7555597370164,35.69634256763182],[139.7555628434131,35.69627284872343],[139.75552590486882,35.69627177926491],[139.75532759916734,35.696266026379185],[139.7553500029884,35.69622600207041],[139.75541581960465,35.69610843402129],[139.75552626078502,35.696053252418075],[139.7557545431414,35.69605997884915]]]}},{"type":"Feature","properties":{"height":19.2,"gml_id":"bldg_d60c8735-6cc0-4dc2-ae46-b3ad6792d325"},"geometry":{"type":"Polygon","coordinates":[[[139.75057413290156,35.69834708802402],[139.7505396936435,35.698418092214986],[139.7505298291682,35.69841491261104],[139.75049292299383,35.69840302520279],[139.7504892113855,35.69840183284142],[139.75047990680702,35.698316737207996],[139.75057413290156,35.69834708802402]]]}},{"type":"Feature","properties":{"height":23.2,"gml_id":"bldg_ecb73589-bf64-4429-a7cb-5e830ceed5b8"},"geometry":{"type":"Polygon","coordinates":[[[139.7542885673665,35.695677917175715],[139.75424798350963,35.69567602468527],[139.75425321736574,35.695601448820256],[139.7542244019038,35.69559916654843],[139.7542371898453,35.695584537613975],[139.75423943548554,35.69558196117302],[139.75425343485892,35.69558261034271],[139.75425368144118,35.695579077136664],[139.7542568967615,35.695579231580275],[139.75425732262087,35.695573184572716],[139.75425772599013,35.695567533251555],[139.75425814066622,35.695561621442025],[139.75429660301774,35.69556341158277],[139.7542961883338,35.695569334208834],[139.75429578496636,35.69557498643152],[139.75429537016848,35.69558102443278],[139.7542885673665,35.695677917175715]]]}},{"type":"Feature","properties":{"height":30.7,"gml_id":"bldg_85e38431-7188-4450-93fb-b4f0bb4052c6"},"geometry":{"type":"Polygon","coordinates":[[[139.76151651638358,35.694816194194104],[139.7615428600768,35.69481465955195],[139.7615478039656,35.69487106119357],[139.76150106151812,35.69487382755618],[139.7615034673813,35.69490177144789],[139.76137318521106,35.694909445416314],[139.7613630126266,35.69479415416861],[139.7615137817047,35.69478526657281],[139.76151651638358,35.694816194194104]]]}},{"type":"Feature","properties":{"height":8.6,"gml_id":"bldg_55d27091-76c3-449a-a34e-5398c7237eeb"},"geometry":{"type":"Polygon","coordinates":[[[139.76002830493061,35.697958867707435],[139.76001082108587,35.697985898131336],[139.75999333722933,35.698012928552565],[139.75992640018984,35.69798413407803],[139.75994388407094,35.69795709465272],[139.75996136792367,35.69793007325212],[139.76002830493061,35.697958867707435]]]}},{"type":"Feature","properties":{"height":35.6,"gml_id":"bldg_1e89d627-8b9e-4016-ae4e-2f8eb22d5b2b"},"geometry":{"type":"Polygon","coordinates":[[[139.7576794815525,35.6948700623244],[139.7576417621339,35.694865784148995],[139.75765254949636,35.69480421837843],[139.75765260502547,35.69480392096139],[139.75749719777636,35.694786156315494],[139.75750853097867,35.69472003898472],[139.75748300911033,35.694717139424995],[139.75749178728717,35.69466540544192],[139.757517375419,35.69466832397028],[139.75784124891752,35.69470519522699],[139.757837171327,35.69472894375752],[139.7578323381966,35.694757109426114],[139.75782590515968,35.694794565408095],[139.75782236083936,35.694815240602146],[139.75773784032506,35.69480554290059],[139.75773636275488,35.69481398780527],[139.75769024667662,35.69480861371455],[139.7576794815525,35.6948700623244]]]}},{"type":"Feature","properties":{"height":15.8,"gml_id":"bldg_c12b0c1a-9ed8-4b81-8ad9-062f8fd8e77d"},"geometry":{"type":"Polygon","coordinates":[[[139.7592776230975,35.69849210882731],[139.75928511310315,35.69851816299901],[139.75926386842085,35.698548886610986],[139.75924453888302,35.69854000524456],[139.75919787188488,35.69851855097153],[139.75915869371119,35.69850054542613],[139.7591462344566,35.69849482216726],[139.7591737972546,35.698454962586716],[139.759179318661,35.698446979858836],[139.7592776230975,35.69849210882731]]]}},{"type":"Feature","properties":{"height":26.2,"gml_id":"bldg_926a5037-5b46-4434-90fc-d3b9b1dd0a27"},"geometry":{"type":"Polygon","coordinates":[[[139.7595040892656,35.69520225019426],[139.75950285500173,35.69525861207135],[139.75950201325736,35.69529671244303],[139.75946831220202,35.69529615094683],[139.7594691097055,35.695258113644115],[139.75946981545286,35.69522371781756],[139.7594702777532,35.695201688630895],[139.7595040892656,35.69520225019426]]]}},{"type":"Feature","properties":{"height":41.9,"gml_id":"bldg_68732652-9c60-45ff-b04c-56f0c0cec0e1"},"geometry":{"type":"Polygon","coordinates":[[[139.75843859384383,35.698129419648296],[139.75845060089912,35.6981341142373],[139.75851624761876,35.698159753937944],[139.75847806409004,35.698224718906935],[139.75839229141968,35.69819120671967],[139.75822455716892,35.698125680811984],[139.75828421642146,35.69801971702153],[139.75842991595252,35.69807416032599],[139.75846533499453,35.69801126680009],[139.75849107263258,35.698020926552715],[139.75850330662522,35.69805473639964],[139.75847408490472,35.69810771873091],[139.75845814510322,35.69810186794565],[139.75845443357437,35.69810047843],[139.75843859384383,35.698129419648296]]]}},{"type":"Feature","properties":{"height":31.1,"gml_id":"bldg_2bd077be-88b0-43f8-9250-02b39bb2655e"},"geometry":{"type":"Polygon","coordinates":[[[139.75896213469437,35.698618646800114],[139.75895173725914,35.698629727214154],[139.75896338838675,35.69863703640314],[139.75897503951813,35.698644343788246],[139.75892968909963,35.698692539005236],[139.75900832055586,35.698741802327476],[139.7589661114893,35.69878661936338],[139.75895334699385,35.69880017707945],[139.75870508406518,35.698644447136786],[139.7587178485618,35.69863090657274],[139.75874822229616,35.698598684329674],[139.7587394977183,35.69859327070962],[139.75875973945656,35.698571830669714],[139.75877045188432,35.69857850743624],[139.7588074069441,35.69853926668865],[139.75881126724943,35.69853517686337],[139.7588777503593,35.69857686125112],[139.75888438697973,35.698569834677855],[139.75896213469437,35.698618646800114]]]}},{"type":"Feature","properties":{"height":17.9,"gml_id":"bldg_f1546bd1-5c48-422e-afab-ff05238f66e6"},"geometry":{"type":"Polygon","coordinates":[[[139.75863380622724,35.69947843957541],[139.7585812215131,35.69953385012878],[139.75855140060997,35.69956528036468],[139.75852971064248,35.699551584108825],[139.75849640265005,35.69953054258285],[139.75850030724462,35.69952642665612],[139.75851643439785,35.699509463905734],[139.75857880820607,35.69944379286897],[139.75863380622724,35.69947843957541]]]}},{"type":"Feature","properties":{"height":31.6,"gml_id":"bldg_4e5ea73c-0117-4d22-8564-a32fef088c87"},"geometry":{"type":"Polygon","coordinates":[[[139.7595452608517,35.6969410529921],[139.75966893526584,35.6969971308087],[139.75968331627445,35.69700365740921],[139.75965839815782,35.69704026389091],[139.75964436788135,35.697060869616955],[139.75958298899738,35.69703303380112],[139.75955035006461,35.69701824035838],[139.75950627925656,35.69699824800936],[139.7594855361575,35.696988843018445],[139.75952448462968,35.69693162996012],[139.7595452608517,35.6969410529921]]]}},{"type":"Feature","properties":{"height":31.3,"gml_id":"bldg_eca09bbf-ae80-437e-ba40-c095875d7b2d"},"geometry":{"type":"Polygon","coordinates":[[[139.7521933869677,35.697133162931564],[139.75222948307353,35.69713718933599],[139.75225781194027,35.69714035419776],[139.75233783769443,35.69714928655633],[139.75232763225986,35.69721017618863],[139.75230003973078,35.697374783675066],[139.7521916737516,35.697362695427],[139.75215557754606,35.69735866901125],[139.75214966647775,35.69735800702541],[139.75218757535603,35.69713251002828],[139.7521933869677,35.697133162931564]]]}},{"type":"Feature","properties":{"height":7.1,"gml_id":"bldg_08906479-1c81-4590-8b81-7ff378e190ac"},"geometry":{"type":"Polygon","coordinates":[[[139.75930344768423,35.6967341835984],[139.75928286855932,35.69676265511068],[139.75921847629505,35.69673169941779],[139.75922876586722,35.69671746321687],[139.75923905543488,35.696703227916394],[139.75930344768423,35.6967341835984]]]}},{"type":"Feature","properties":{"height":34.1,"gml_id":"bldg_50572737-0351-4c68-bddf-e243f99cd833"},"geometry":{"type":"Polygon","coordinates":[[[139.76230832127683,35.69236166627481],[139.76230462543538,35.69234280743513],[139.7622976926003,35.692310984985454],[139.76238875031095,35.69229787868143],[139.76245675700915,35.69261195602162],[139.76243078783574,35.692615636345685],[139.76243485933176,35.69263456841288],[139.76229053662513,35.69265539420826],[139.7622858049998,35.69263330785341],[139.76227751688816,35.69263456487947],[139.76222777739582,35.6924053171417],[139.76223960165697,35.69240361242378],[139.76223280107473,35.692372194763905],[139.76227462798323,35.692366180282],[139.7622733185309,35.69236007723459],[139.76228516489178,35.69235836261015],[139.76228659543068,35.69236498041114],[139.76230832127683,35.69236166627481]]]}},{"type":"Feature","properties":{"height":23.1,"gml_id":"bldg_7f5fa55b-e77b-44a9-9ba6-aa45185448e8"},"geometry":{"type":"Polygon","coordinates":[[[139.75875028231533,35.696718672994294],[139.75879010231458,35.69673464288169],[139.75884353072402,35.69675607356026],[139.75883406847072,35.69677176144464],[139.75880723105962,35.69681626255815],[139.7586644095546,35.696758576556135],[139.75867831032033,35.696734871054204],[139.75869971480972,35.69669838788563],[139.75875028231533,35.696718672994294]]]}},{"type":"Feature","properties":{"height":41.1,"gml_id":"bldg_baa71675-50e5-4dee-baf2-73272d10815d"},"geometry":{"type":"Polygon","coordinates":[[[139.75205916627138,35.69605204223657],[139.7520304203233,35.696177132884344],[139.75188745787835,35.69615531324225],[139.7519162041343,35.696030131590206],[139.75205916627138,35.69605204223657]]]}},{"type":"Feature","properties":{"height":36.3,"gml_id":"bldg_0c0eb8c6-ac24-4b2b-8248-7a272a81a11f"},"geometry":{"type":"Polygon","coordinates":[[[139.76166260971152,35.69478459812298],[139.7616876872998,35.69476554908455],[139.7616569271574,35.69473860686403],[139.76180426328474,35.694626672289125],[139.76181133156692,35.694630552378136],[139.7618230521074,35.69462163578223],[139.7619238562666,35.694709939704595],[139.76186470080737,35.694754792803714],[139.76194783943052,35.69482776293231],[139.76179115997155,35.69494665069951],[139.7616684945632,35.694839142597516],[139.76169868052673,35.69481625766506],[139.76166260971152,35.69478459812298]]]}},{"type":"Feature","properties":{"height":12.1,"gml_id":"bldg_921ed4de-b090-454f-beef-7b04a8ef655d"},"geometry":{"type":"Polygon","coordinates":[[[139.75024056265585,35.69906110294476],[139.75021323085346,35.69909749937604],[139.7502003971969,35.6990910457262],[139.75017920287564,35.699080403948265],[139.750131745979,35.699056547976845],[139.75012288722544,35.699052098104936],[139.75015032946166,35.69901579190712],[139.75024056265585,35.69906110294476]]]}},{"type":"Feature","properties":{"height":37.9,"gml_id":"bldg_415ca5f7-87e4-4610-899d-1f2bba6fa715"},"geometry":{"type":"Polygon","coordinates":[[[139.7599544778702,35.69616338538434],[139.75995450741274,35.6962396953311],[139.7599486068006,35.69623970074778],[139.75991595455758,35.69623970787882],[139.75991595326877,35.696241114014214],[139.75991596490505,35.69626458567883],[139.75984367633004,35.69625318431499],[139.7598436803822,35.69624876760771],[139.7597069030652,35.69622750184851],[139.7597574648175,35.696157766775784],[139.7599544778702,35.69616338538434]]]}},{"type":"Feature","properties":{"height":7.2,"gml_id":"bldg_e393b50a-25db-4c7d-af35-6ff67c7fb355"},"geometry":{"type":"Polygon","coordinates":[[[139.7574172289794,35.69692256767063],[139.75746282727047,35.696939226681046],[139.7575145893019,35.696958142979575],[139.75749732190224,35.696989318575866],[139.75744568136037,35.69697044831642],[139.7574000830551,35.696953789299585],[139.7573794599953,35.69694624985583],[139.75739672743234,35.69691507337488],[139.7574172289794,35.69692256767063]]]}},{"type":"Feature","properties":{"height":19.9,"gml_id":"bldg_1974388c-563e-46e4-b955-d626e02526b9"},"geometry":{"type":"Polygon","coordinates":[[[139.759569525661,35.698897723818185],[139.759575707623,35.69890439773642],[139.7595743738807,35.698912779650286],[139.75956685203178,35.69892115777211],[139.75953190668767,35.69895016043163],[139.7595092340067,35.698935644404024],[139.75948132663743,35.698917770265425],[139.75950809139223,35.698892512298336],[139.75952445992127,35.6988770548451],[139.759569525661,35.698897723818185]]]}},{"type":"Feature","properties":{"height":35.0,"gml_id":"bldg_9761836e-aaf7-4823-818d-038b9a40f2fa"},"geometry":{"type":"Polygon","coordinates":[[[139.7614010070093,35.69308959665087],[139.7614178027968,35.6930888035653],[139.76141878681074,35.693100423711506],[139.76149889857922,35.69309633425531],[139.76150392141787,35.69316311974212],[139.76136281407136,35.693170336558545],[139.7613636886297,35.69318079297118],[139.7612236862608,35.69318792014809],[139.76121396614317,35.69306145214022],[139.76127534510198,35.6930004661587],[139.76133987644076,35.692997169700206],[139.7613394395691,35.692991490808986],[139.76139325244074,35.69298881887012],[139.7614010070093,35.69308959665087]]]}},{"type":"Feature","properties":{"height":10.0,"gml_id":"bldg_0c858477-5f7a-4ea3-a458-f2ffadfcc1e4"},"geometry":{"type":"Polygon","coordinates":[[[139.75553568278607,35.69909438684553],[139.75551151229965,35.69914364004444],[139.7554750074021,35.69921801542464],[139.7553825462797,35.69918784986425],[139.75541906232664,35.69911344657655],[139.75544322178334,35.699064221331284],[139.75553568278607,35.69909438684553]]]}},{"type":"Feature","properties":{"height":6.5,"gml_id":"bldg_0fa59559-c103-4e2f-ae7d-40f045cdcd7e"},"geometry":{"type":"Polygon","coordinates":[[[139.75711324078196,35.69639354223052],[139.75711239008646,35.69641661674584],[139.75711153939048,35.696439691261084],[139.7570555179542,35.69643830372165],[139.75705631332266,35.696415328322374],[139.75705710879365,35.696392244758776],[139.75711324078196,35.69639354223052]]]}},{"type":"Feature","properties":{"height":20.7,"gml_id":"bldg_631cb3d5-924b-461b-be4d-ad6fee631d29"},"geometry":{"type":"Polygon","coordinates":[[[139.7582857938989,35.69876555578856],[139.75832227967055,35.69877938840398],[139.75833974380387,35.69878600541855],[139.75829594222807,35.698831767664146],[139.75821388861317,35.69877925681374],[139.75824397279322,35.69874971068258],[139.7582857938989,35.69876555578856]]]}},{"type":"Feature","properties":{"height":14.6,"gml_id":"bldg_995c045a-cf8a-46e2-a02c-8cab009b2dba"},"geometry":{"type":"Polygon","coordinates":[[[139.75676781897567,35.69662849026531],[139.75675242228405,35.696656008288386],[139.7567270857894,35.69670129498577],[139.75664854908132,35.69667204061648],[139.7566738856024,35.69662676294913],[139.756689282324,35.696599235922314],[139.75676781897567,35.69662849026531]]]}},{"type":"Feature","properties":{"height":14.8,"gml_id":"bldg_36f30fa2-f50a-4fbd-9915-b75484ac580a"},"geometry":{"type":"Polygon","coordinates":[[[139.76203692626302,35.694673501257],[139.76209124815205,35.6947209445565],[139.76206305263676,35.69474229122709],[139.76200884124685,35.69469484707913],[139.76203692626302,35.694673501257]]]}},{"type":"Feature","properties":{"height":40.2,"gml_id":"bldg_dbcc9708-ccc5-4bab-b943-321ba075da06"},"geometry":{"type":"Polygon","coordinates":[[[139.75331368060333,35.69668510311031],[139.75330741596113,35.69669551877402],[139.75326940747433,35.696758716438566],[139.75311520968816,35.696700023880005],[139.75312184954612,35.696690113243115],[139.7530994281303,35.69668027337619],[139.7531032248927,35.69667363281555],[139.75310983325238,35.6966620726526],[139.75308983866466,35.696656380699615],[139.75308972103232,35.69666350143811],[139.75293305033762,35.696646901841575],[139.75294304552241,35.6965967923876],[139.75312081938677,35.696615389047416],[139.75311826356426,35.696629719115165],[139.75309738075072,35.69662826300692],[139.7530954926112,35.69663790639918],[139.7531619836175,35.69666715506405],[139.75318489239893,35.69663165637152],[139.75331368060333,35.69668510311031]]]}},{"type":"Feature","properties":{"height":31.3,"gml_id":"bldg_dcf17d88-10bb-4925-b7f2-d01279e7785d"},"geometry":{"type":"Polygon","coordinates":[[[139.75001326242224,35.696615351371946],[139.75018738992972,35.696633228744155],[139.75016514006805,35.6967777929937],[139.7500465872894,35.696765632679735],[139.75005370673276,35.69671993818717],[139.7499980212271,35.69671422102356],[139.75001326242224,35.696615351371946]]]}},{"type":"Feature","properties":{"height":5.0,"gml_id":"bldg_5cc27452-b635-4676-8155-2e48d7e20b8f"},"geometry":{"type":"Polygon","coordinates":[[[139.7560836663654,35.694691406925735],[139.75611230507468,35.694693363244895],[139.75610943151537,35.694728433690436],[139.75599425652732,35.69472198706722],[139.7559972630714,35.69468656517571],[139.7560836663654,35.694691406925735]]]}},{"type":"Feature","properties":{"height":14.3,"gml_id":"bldg_b7a744b9-daff-4ca2-8dc4-06fc7be85c1d"},"geometry":{"type":"Polygon","coordinates":[[[139.75540001880822,35.697243698354875],[139.75535243027682,35.69731938344594],[139.75534203648832,35.69731503121158],[139.75526556870025,35.697283037121124],[139.75525986923896,35.69728065381012],[139.75530756833328,35.69720496972824],[139.75540001880822,35.697243698354875]]]}},{"type":"Feature","properties":{"height":17.4,"gml_id":"bldg_d0f92bba-a9c1-47bc-a109-9db7c37b8db1"},"geometry":{"type":"Polygon","coordinates":[[[139.7604336027177,35.69192050580274],[139.7604600091998,35.691921801736086],[139.76048320049847,35.69192294158372],[139.76048075058623,35.69195607536325],[139.76047872588808,35.69198333156624],[139.76039508688666,35.69197922475472],[139.76039711162875,35.69195195142712],[139.760399561559,35.691918835676695],[139.7604336027177,35.69192050580274]]]}},{"type":"Feature","properties":{"height":20.8,"gml_id":"bldg_e3783e43-786c-494e-899c-2ee4c5a2b1a0"},"geometry":{"type":"Polygon","coordinates":[[[139.75570736670704,35.69856196892381],[139.755704554598,35.69856751143081],[139.75569494470267,35.69858646012089],[139.75567935628396,35.69861720477448],[139.7556465260009,35.698606096752776],[139.7556104370016,35.69859388694793],[139.75552348984962,35.69856446417577],[139.7555516108629,35.6985092284324],[139.75570736670704,35.69856196892381]]]}},{"type":"Feature","properties":{"height":7.6,"gml_id":"bldg_5371b901-8f7b-4983-9c5b-7e2adf0140e8"},"geometry":{"type":"Polygon","coordinates":[[[139.7565770472802,35.69829581243517],[139.75659851008342,35.69830370318274],[139.75661780782914,35.69831080024332],[139.75659290191214,35.6983558528181],[139.75657360415775,35.69834875575357],[139.7565521413458,35.69834086410024],[139.75651138079473,35.69832587536856],[139.75653628674823,35.69828082281046],[139.7565770472802,35.69829581243517]]]}},{"type":"Feature","properties":{"height":18.6,"gml_id":"bldg_b1224219-ba08-4835-a5ef-8c7f7acb0b05"},"geometry":{"type":"Polygon","coordinates":[[[139.755350630639,35.69848683458396],[139.7554067467896,35.698505889810335],[139.75530334071655,35.69870890124882],[139.7552487708553,35.69869047793615],[139.75518659004845,35.69866939963318],[139.7551980931944,35.69864681879476],[139.7552772532155,35.69849147414355],[139.75529005167814,35.698466325233994],[139.755350630639,35.69848683458396]]]}},{"type":"Feature","properties":{"height":18.6,"gml_id":"bldg_332c8c50-2c14-4033-9130-08fa6f030734"},"geometry":{"type":"Polygon","coordinates":[[[139.76087745897402,35.69658977838245],[139.76092535053243,35.69661267493831],[139.76089470391236,35.696655201130376],[139.76084687861209,35.69663233164347],[139.7607597328007,35.69659067192937],[139.76079037946764,35.69654814577126],[139.76087745897402,35.69658977838245]]]}},{"type":"Feature","properties":{"height":13.4,"gml_id":"bldg_173f2b9e-1ad6-4f2b-b935-4210d3365f80"},"geometry":{"type":"Polygon","coordinates":[[[139.75704183518806,35.6975784369578],[139.75714345964286,35.69761590814098],[139.75709586275616,35.69770186861856],[139.7569942382147,35.69766439739562],[139.75700396793718,35.69764681785432],[139.75701228079757,35.697631815329515],[139.75701618818485,35.69762475107301],[139.75702514304888,35.6976085861881],[139.75704183518806,35.6975784369578]]]}},{"type":"Feature","properties":{"height":14.7,"gml_id":"bldg_296e337f-2016-4fd7-823a-16c93e180cc9"},"geometry":{"type":"Polygon","coordinates":[[[139.7533180769816,35.69892095198562],[139.75328185502823,35.699008811368785],[139.75318519274495,35.69898179611731],[139.75323279287625,35.69889754981045],[139.7533180769816,35.69892095198562]]]}},{"type":"Feature","properties":{"height":8.9,"gml_id":"bldg_cac1fa9f-d337-4ad9-820a-3c8a56022979"},"geometry":{"type":"Polygon","coordinates":[[[139.7586736043522,35.69815606588821],[139.75865235280833,35.698194000342085],[139.7585838660608,35.698168449089145],[139.7585941265813,35.69815013964129],[139.75860425429434,35.698132046438644],[139.75860511763028,35.69813051464723],[139.7586736043522,35.69815606588821]]]}},{"type":"Feature","properties":{"height":17.9,"gml_id":"bldg_dca4b1f9-8443-4b49-98f8-6aad01a97f9e"},"geometry":{"type":"Polygon","coordinates":[[[139.75164149250415,35.69636859081854],[139.7516086518259,35.69649908679507],[139.75157993815975,35.69649426299962],[139.75155209728814,35.69648958400935],[139.75152678640316,35.696485330375566],[139.75154534807214,35.696411629011145],[139.75155487853658,35.69637377797722],[139.75155962711702,35.69635492455811],[139.75164149250415,35.69636859081854]]]}},{"type":"Feature","properties":{"height":9.4,"gml_id":"bldg_7b5b0897-b9e6-4256-97c4-7d3afa2bab58"},"geometry":{"type":"Polygon","coordinates":[[[139.75889221974808,35.69798917759521],[139.75886001018065,35.698047115703],[139.75879461625144,35.69802291943776],[139.7588220662826,35.69797363064296],[139.7588411859863,35.697970307410884],[139.75889221974808,35.69798917759521]]]}},{"type":"Feature","properties":{"height":30.6,"gml_id":"bldg_49c97851-55db-4610-b701-fc8e7a60721c"},"geometry":{"type":"Polygon","coordinates":[[[139.75639246103026,35.696621761074624],[139.75635708056947,35.69668944931361],[139.75634663026622,35.69670943500046],[139.75625406311778,35.696677287018304],[139.75628771656852,35.69661304093473],[139.75630439632556,35.69661882037253],[139.75631657371767,35.69659539256347],[139.75636156483748,35.69661102404226],[139.75639246103026,35.696621761074624]]]}},{"type":"Feature","properties":{"height":6.1,"gml_id":"bldg_b8459f4d-2098-4ef9-9ff5-07d4ddd49cae"},"geometry":{"type":"Polygon","coordinates":[[[139.76044203828158,35.6968573393617],[139.7604203272105,35.696903692647076],[139.7604691951517,35.69699514811861],[139.76041493347998,35.69701444061776],[139.76039324706974,35.69700937981145],[139.7603335356248,35.696897636926046],[139.76036277766906,35.69683263889192],[139.76044203828158,35.6968573393617]]]}},{"type":"Feature","properties":{"height":34.2,"gml_id":"bldg_6094235b-cffa-4cfc-856e-c37dbbf3fb52"},"geometry":{"type":"Polygon","coordinates":[[[139.75441908414268,35.69730711958815],[139.7543855871992,35.69736771469844],[139.75424742421905,35.6973168859368],[139.7542583057713,35.69729720718338],[139.75427263000407,35.69727130222927],[139.75428093229556,35.697256290871806],[139.75441908414268,35.69730711958815]]]}},{"type":"Feature","properties":{"height":15.1,"gml_id":"bldg_361d73a0-89e5-420b-91df-ac78fb22881a"},"geometry":{"type":"Polygon","coordinates":[[[139.75839664050443,35.697145008322956],[139.75839287694532,35.69715203665968],[139.75843253284796,35.69716639311128],[139.75838581088746,35.697252003116745],[139.75837475300708,35.69727226802421],[139.75832993851284,35.69725600554939],[139.7582980922776,35.69724445809204],[139.75831837064834,35.69720726221094],[139.75835963576134,35.69713155487994],[139.75839664050443,35.697145008322956]]]}},{"type":"Feature","properties":{"height":5.0,"gml_id":"bldg_cc589ce1-15c4-4c85-8fb7-bc0ded2b3f45"},"geometry":{"type":"Polygon","coordinates":[[[139.75918822243744,35.69336443379517],[139.75917657022924,35.69341877921438],[139.75914397866583,35.69341416214723],[139.7591557413897,35.69335981679923],[139.75918822243744,35.69336443379517]]]}},{"type":"Feature","properties":{"height":27.9,"gml_id":"bldg_123f58e8-1e40-48c7-b60e-a6bd0066870d"},"geometry":{"type":"Polygon","coordinates":[[[139.75209097717715,35.696739845413084],[139.75208784798107,35.69675278606163],[139.75197040689093,35.696733777986445],[139.75197339204564,35.69672124195835],[139.75199726230025,35.69662085457197],[139.75202653970038,35.69662556056924],[139.75203264228787,35.69660077793857],[139.75209213632735,35.696610183331686],[139.75212756760106,35.69661578671434],[139.7521391460191,35.69661761529041],[139.7521148144347,35.69672634907273],[139.75211250559343,35.696736668192415],[139.75210573310068,35.696735590993285],[139.7520925084985,35.69673349990597],[139.75209097717715,35.696739845413084]]]}},{"type":"Feature","properties":{"height":13.3,"gml_id":"bldg_5239f2ad-d33d-483f-8fd9-17c1e35f5dba"},"geometry":{"type":"Polygon","coordinates":[[[139.75938832677758,35.69518481876389],[139.75938729735878,35.69525858621048],[139.75938676540844,35.69529619101842],[139.75934102010916,35.69529571222433],[139.75934155203188,35.69525816059737],[139.75934258149195,35.695184394052596],[139.75938832677758,35.69518481876389]]]}},{"type":"Feature","properties":{"height":36.8,"gml_id":"bldg_778e378b-b7d6-4ac3-99d9-681fc94fede1"},"geometry":{"type":"Polygon","coordinates":[[[139.75327320376266,35.69660882035957],[139.75328557898567,35.69660945954794],[139.75328200294086,35.69664956810089],[139.753195411511,35.69660994037625],[139.75319608198893,35.69660245855656],[139.75314348813404,35.696598909093495],[139.7531499161401,35.69643635143089],[139.75315074384736,35.6964153050099],[139.75331294437,35.69642658992089],[139.753310436228,35.696448536595156],[139.75329956738645,35.69654384916819],[139.75333934355282,35.6965472106735],[139.75333621520377,35.696581640899765],[139.75327831616073,35.69657934898545],[139.75327320376266,35.69660882035957]]]}},{"type":"Feature","properties":{"height":37.4,"gml_id":"bldg_64a39430-40ea-40e6-8803-bc7038e1acf2"},"geometry":{"type":"Polygon","coordinates":[[[139.75215989453795,35.695770224970126],[139.75218698432255,35.695774399448474],[139.75222746434244,35.69578062724899],[139.75223181727046,35.69578129719508],[139.75220853361964,35.69588127040775],[139.75220268494783,35.695906387629535],[139.7521983012063,35.695925223294054],[139.7521236164269,35.69591363540543],[139.75215713252987,35.69576979856264],[139.75215989453795,35.695770224970126]]]}},{"type":"Feature","properties":{"height":9.6,"gml_id":"bldg_847f97ad-b372-42d3-bb7e-e77363497bd2"},"geometry":{"type":"Polygon","coordinates":[[[139.7614162272245,35.69624688707051],[139.76141794570407,35.69625278305271],[139.76130731591002,35.69627615341391],[139.76130467076123,35.69626857942734],[139.76124391911685,35.696243665266735],[139.76125963354485,35.69621735469152],[139.761268088131,35.69621571926105],[139.7612982483588,35.69620986939862],[139.76135741940993,35.696198403319805],[139.7613996591759,35.69619021709362],[139.7614162272245,35.69624688707051]]]}},{"type":"Feature","properties":{"height":9.8,"gml_id":"bldg_210365c4-7141-4773-8d0a-ce71547615d7"},"geometry":{"type":"Polygon","coordinates":[[[139.75616547594524,35.698822308416325],[139.7561098028754,35.69880172240284],[139.75614699599674,35.698734773644524],[139.75620156435943,35.698754999286926],[139.75618883470347,35.69877779576351],[139.75619910771496,35.69878158809633],[139.75618206075916,35.69881240398901],[139.7561728924145,35.69880897291044],[139.75616547594524,35.698822308416325]]]}},{"type":"Feature","properties":{"height":27.8,"gml_id":"bldg_e21a31a4-eee9-4581-a29d-b4b8733ca235"},"geometry":{"type":"Polygon","coordinates":[[[139.7557359153698,35.69780285434232],[139.75575439552907,35.697809627423254],[139.75575251370537,35.69781305141292],[139.75576797825752,35.69781873910255],[139.75574406804822,35.69786221475093],[139.75573488031372,35.69787892922467],[139.75567425918268,35.697856698424104],[139.75564135279708,35.69784462588577],[139.7555810078727,35.69782249436701],[139.75561598773703,35.6977588802992],[139.7557359153698,35.69780285434232]]]}},{"type":"Feature","properties":{"height":20.5,"gml_id":"bldg_dbbc612a-4d98-4379-9a6d-7b449ec6dc23"},"geometry":{"type":"Polygon","coordinates":[[[139.7614669677212,35.696419655793235],[139.7613940241711,35.69643583687068],[139.7613914896684,35.69642808357983],[139.7613879631089,35.69641762558805],[139.76137613734565,35.69642032262756],[139.7613542671567,35.696410845174405],[139.7614564986772,35.69638810161627],[139.7614669677212,35.696419655793235]]]}},{"type":"Feature","properties":{"height":12.2,"gml_id":"bldg_416d6fbb-3598-4ce3-a6ce-f673926ed110"},"geometry":{"type":"Polygon","coordinates":[[[139.75404431743326,35.699412596550644],[139.7540670065497,35.69942080583773],[139.75403778050404,35.69947468844391],[139.75401503614097,35.69946646198895],[139.75397260725276,35.69945111976717],[139.75400183333358,35.699397237176655],[139.75404431743326,35.699412596550644]]]}},{"type":"Feature","properties":{"height":23.5,"gml_id":"bldg_bd209303-b85e-4036-af93-89b499ad126a"},"geometry":{"type":"Polygon","coordinates":[[[139.75676483581677,35.69651257227989],[139.75676370366722,35.69655254728708],[139.75676331459914,35.69656653629067],[139.75676209087817,35.69660982827812],[139.75673214432555,35.69659972290337],[139.75665825557527,35.69657478905638],[139.75665894174256,35.696550578714856],[139.7566600849856,35.69651061272947],[139.75676483581677,35.69651257227989]]]}},{"type":"Feature","properties":{"height":16.2,"gml_id":"bldg_bde0bf2d-1b5c-4944-82f3-892dc97465d8"},"geometry":{"type":"Polygon","coordinates":[[[139.76050903745235,35.69477508137863],[139.76051563400145,35.694775165590976],[139.7605141242973,35.694855748017474],[139.76048296475344,35.69485527757838],[139.7604840449616,35.6947974472628],[139.76048425402755,35.69478626139308],[139.7604844744053,35.69477478709194],[139.76050903745235,35.69477508137863]]]}},{"type":"Feature","properties":{"height":21.7,"gml_id":"bldg_547518cf-ef72-4ffb-826e-0dbcbf755b2f"},"geometry":{"type":"Polygon","coordinates":[[[139.7624342414819,35.69782699632716],[139.76253908580364,35.697787803408225],[139.7625572787164,35.69782017325783],[139.76245244541118,35.69785936619888],[139.7624342414819,35.69782699632716]]]}},{"type":"Feature","properties":{"height":8.1,"gml_id":"bldg_e9258dfb-192e-4adb-8164-0a84dc3903ee"},"geometry":{"type":"Polygon","coordinates":[[[139.75659727600942,35.69825387471711],[139.75663343068572,35.69826673325433],[139.7566119550734,35.69830682958817],[139.75657515973478,35.69829370112672],[139.75653706094667,35.698280102209175],[139.75655853650375,35.69824009512404],[139.75659727600942,35.69825387471711]]]}},{"type":"Feature","properties":{"height":27.3,"gml_id":"bldg_adc8990c-cd5e-4857-aa78-c374d81d6236"},"geometry":{"type":"Polygon","coordinates":[[[139.75993810068942,35.69223330459487],[139.75993542904425,35.69233935815221],[139.75993494760726,35.69235831366816],[139.75979756283823,35.69235601155347],[139.7598060136744,35.692020960380326],[139.75998998076614,35.69202404712393],[139.75998941873158,35.69204657201707],[139.7599882610104,35.69209217161827],[139.75998568101622,35.69219474594711],[139.75993909801258,35.69219396941859],[139.75993810068942,35.69223330459487]]]}},{"type":"Feature","properties":{"height":15.2,"gml_id":"bldg_b96139a5-127d-4723-8d97-b8ee440cfad7"},"geometry":{"type":"Polygon","coordinates":[[[139.7542252186627,35.69620428427328],[139.75421581823187,35.69632433958423],[139.75419744332504,35.69632335492847],[139.7541733891098,35.6963220591684],[139.75417587317918,35.696290684136905],[139.754182900103,35.696202003032084],[139.7542252186627,35.69620428427328]]]}},{"type":"Feature","properties":{"height":12.2,"gml_id":"bldg_41060121-0568-4608-82c7-f89398bed2a1"},"geometry":{"type":"Polygon","coordinates":[[[139.75721463155412,35.697489310805366],[139.75719426606832,35.69752454055728],[139.7570767346943,35.697481832301015],[139.75705803154088,35.69751192618027],[139.75700003994208,35.697489986150245],[139.75703822654972,35.697422678084834],[139.75721463155412,35.697489310805366]]]}},{"type":"Feature","properties":{"height":22.8,"gml_id":"bldg_e6208f49-c539-40c7-8a85-3165aa440364"},"geometry":{"type":"Polygon","coordinates":[[[139.7581845122751,35.69877277566239],[139.75821248695848,35.69878920705218],[139.7582353703292,35.698802642714305],[139.75824102490796,35.698805963279646],[139.7582798338739,35.69882876507669],[139.7582903036818,35.69883491894039],[139.75822382144858,35.69891023191852],[139.7582185975838,35.6989071640045],[139.7581748297628,35.69888148372501],[139.7581506763026,35.69886730813576],[139.75813624166105,35.698858835265014],[139.7581264234501,35.69885307839738],[139.75809821682694,35.698836520651135],[139.75808466571948,35.69882857112037],[139.75815114810007,35.69875316808132],[139.7581845122751,35.69877277566239]]]}},{"type":"Feature","properties":{"height":15.9,"gml_id":"bldg_274c1bf9-491f-4009-8c4d-2252d7db665c"},"geometry":{"type":"Polygon","coordinates":[[[139.75626381599528,35.69687685641132],[139.7562433407888,35.69691100519383],[139.75616734674696,35.696880490222995],[139.7561878218912,35.696846431590124],[139.75626381599528,35.69687685641132]]]}},{"type":"Feature","properties":{"height":15.4,"gml_id":"bldg_f7754e0c-59cd-47f3-b100-65a0e3d4d6a7"},"geometry":{"type":"Polygon","coordinates":[[[139.7571401787855,35.696581008040326],[139.7571876319257,35.69659901137001],[139.75714601497398,35.696671995947625],[139.75709793218869,35.69665374883329],[139.75707487941193,35.69664499996343],[139.75711649641434,35.69657201541015],[139.7571401787855,35.696581008040326]]]}},{"type":"Feature","properties":{"height":7.9,"gml_id":"bldg_c493a393-cbb2-46e4-a7ec-106673f2fbc3"},"geometry":{"type":"Polygon","coordinates":[[[139.75636509661405,35.69865073355095],[139.7563942580269,35.69866219056557],[139.75636880118464,35.69870535076567],[139.75633994904288,35.69869402013441],[139.75631180385923,35.698682960359264],[139.75633726072417,35.69863980107247],[139.75636509661405,35.69865073355095]]]}},{"type":"Feature","properties":{"height":17.4,"gml_id":"bldg_ef748542-6256-44dc-9462-9d94e4d92060"},"geometry":{"type":"Polygon","coordinates":[[[139.7617015018977,35.691661023369825],[139.761729543606,35.69181065756156],[139.76163495180387,35.69182241010983],[139.7616069101964,35.69167285611842],[139.7617015018977,35.691661023369825]]]}},{"type":"Feature","properties":{"height":9.2,"gml_id":"bldg_9f4bf992-e11a-4dbd-821c-de12b3e39b1a"},"geometry":{"type":"Polygon","coordinates":[[[139.75740045447037,35.698263776312864],[139.7574653840172,35.69828802802522],[139.7575058131226,35.69830312438955],[139.75751607505163,35.69830695265804],[139.75748231538216,35.69836696256583],[139.7574720865974,35.69836313431538],[139.75745189413104,35.69835558614324],[139.75743171271864,35.69834803797468],[139.7573667500344,35.69832373214134],[139.75732733721242,35.69830899691967],[139.7573462205111,35.698275468900384],[139.75736109688793,35.69824907719172],[139.75740045447037,35.698263776312864]]]}},{"type":"Feature","properties":{"height":18.5,"gml_id":"bldg_bf93c97b-dfee-4e33-9f6b-138974a93d58"},"geometry":{"type":"Polygon","coordinates":[[[139.75874989231696,35.69538115780047],[139.75874722201507,35.69546022427452],[139.75874489254946,35.69552924970312],[139.75870345693275,35.69552832265226],[139.75870578643404,35.69545929722449],[139.7587084567768,35.6953802307514],[139.75874989231696,35.69538115780047]]]}},{"type":"Feature","properties":{"height":4.5,"gml_id":"bldg_07666941-c592-44ae-9c3c-1380570689cf"},"geometry":{"type":"Polygon","coordinates":[[[139.75914596107702,35.69330185269605],[139.75914940066883,35.69328644139255],[139.7591244323357,35.69328282142567],[139.7591089320827,35.69328057557112],[139.75909438194546,35.69327847542107],[139.759100595926,35.69325008610498],[139.75911510185225,35.693252195240746],[139.75920455692128,35.69326520304276],[139.75919501388785,35.69330900373712],[139.75914596107702,35.69330185269605]]]}},{"type":"Feature","properties":{"height":21.8,"gml_id":"bldg_43959bcb-31ee-4141-8a38-87bb22a8358b"},"geometry":{"type":"Polygon","coordinates":[[[139.75954316303827,35.69521197288799],[139.75957604631614,35.69521260597172],[139.75958883057814,35.69521284816017],[139.75958620724705,35.695301811721194],[139.75950344647703,35.69530022866302],[139.75950392554273,35.69528397726515],[139.7595054539183,35.69523220444073],[139.7595060699,35.69521126510389],[139.75954316303827,35.69521197288799]]]}},{"type":"Feature","properties":{"height":19.9,"gml_id":"bldg_9be45f2f-e248-45f4-a67a-1d83dbc9e837"},"geometry":{"type":"Polygon","coordinates":[[[139.75699202935567,35.6973153858668],[139.7568872022403,35.69727647032965],[139.75696700902313,35.69713329342375],[139.75698566577776,35.69714022777349],[139.75700432253564,35.69714716212034],[139.7570662135149,35.69717015922197],[139.75709724186245,35.69718168936123],[139.75702529439556,35.69731053956521],[139.75699988849095,35.69730105908112],[139.75699202935567,35.6973153858668]]]}},{"type":"Feature","properties":{"height":7.9,"gml_id":"bldg_491190f9-21a4-4c69-9603-39a158585e95"},"geometry":{"type":"Polygon","coordinates":[[[139.75393595621819,35.69486676810062],[139.7539920649314,35.694868121094224],[139.75399036088405,35.69491517055769],[139.7539342521379,35.69491381756326],[139.7538979880732,35.69491294725289],[139.75389871526266,35.69489276606965],[139.75389952165827,35.69487071009004],[139.75389969217568,35.69486589688941],[139.75393595621819,35.69486676810062]]]}},{"type":"Feature","properties":{"height":20.8,"gml_id":"bldg_3773353a-8ae9-4be8-a300-887916f8adce"},"geometry":{"type":"Polygon","coordinates":[[[139.75207323783397,35.69626479291798],[139.7521210875556,35.696271783780155],[139.7521990436346,35.69628315844753],[139.75218749849182,35.69633578972986],[139.75210954236235,35.69632441595642],[139.75206169261034,35.69631742508967],[139.7520162513631,35.69631079637865],[139.75202779661564,35.696258164211294],[139.75207323783397,35.69626479291798]]]}},{"type":"Feature","properties":{"height":27.6,"gml_id":"bldg_63022ed9-f376-4147-9729-a828fe4357c3"},"geometry":{"type":"Polygon","coordinates":[[[139.7621791980419,35.695348621082566],[139.76202870588142,35.6952190953747],[139.76210422713177,35.6951607313408],[139.76225471930502,35.69529025695552],[139.7621791980419,35.695348621082566]]]}},{"type":"Feature","properties":{"height":9.1,"gml_id":"bldg_cef72045-1071-4aea-9f74-9c3c7e7e8240"},"geometry":{"type":"Polygon","coordinates":[[[139.7562446638287,35.696914070696444],[139.75622573325012,35.69695065416179],[139.75613784912363,35.69692049210334],[139.75615677973522,35.69688390865167],[139.7562446638287,35.696914070696444]]]}},{"type":"Feature","properties":{"height":22.6,"gml_id":"bldg_ed1904e0-6e60-4e6a-99b8-511c3ee963b6"},"geometry":{"type":"Polygon","coordinates":[[[139.7578609044493,35.697732726853054],[139.75794400503054,35.69776333533913],[139.75791705242926,35.69781193830494],[139.75789508078716,35.697851548722475],[139.75781205748348,35.6978209402515],[139.75778903719637,35.69781245293729],[139.75781839192146,35.697759407757516],[139.7578378510314,35.69772424042864],[139.7578609044493,35.697732726853054]]]}},{"type":"Feature","properties":{"height":17.9,"gml_id":"bldg_3b006e0f-c92a-4d52-907a-4a38b3078e66"},"geometry":{"type":"Polygon","coordinates":[[[139.75870224719833,35.69966106329892],[139.75872440818085,35.699679275673155],[139.75877811573977,35.699723430953505],[139.75873310701357,35.699759909405905],[139.75867936633026,35.69971572614276],[139.75864587642636,35.69968819559175],[139.75864906131537,35.69968561965304],[139.75867112334197,35.699667732154616],[139.75869088515103,35.699651718072914],[139.75870224719833,35.69966106329892]]]}},{"type":"Feature","properties":{"height":15.6,"gml_id":"bldg_a4e436ae-a153-49f0-96d7-680030cd64b8"},"geometry":{"type":"Polygon","coordinates":[[[139.76151642109664,35.694626681183664],[139.76153520614022,35.694625881156504],[139.76153673135212,35.69465012890816],[139.76134711290663,35.694658127992746],[139.76134427954074,35.694614138561064],[139.7615152234194,35.69460685033808],[139.76151642109664,35.694626681183664]]]}},{"type":"Feature","properties":{"height":19.6,"gml_id":"bldg_f2344788-041e-4d57-a541-1b9c35723be5"},"geometry":{"type":"Polygon","coordinates":[[[139.75959279195558,35.6950987462219],[139.75959038823743,35.69520122144795],[139.75955055465937,35.69520064720419],[139.75950192564744,35.69519995037507],[139.75950217992266,35.69518781809764],[139.75946346240318,35.69518720755343],[139.7594206234039,35.695186542186796],[139.75942110666915,35.69516575690295],[139.75942193456478,35.69513073019252],[139.75942273981144,35.695096298371844],[139.75959279195558,35.6950987462219]]]}},{"type":"Feature","properties":{"height":9.8,"gml_id":"bldg_ed6ca0b2-b862-4536-b0e9-69c13c2c21bc"},"geometry":{"type":"Polygon","coordinates":[[[139.75136491098314,35.69833764193226],[139.75128048785,35.698305531734405],[139.75131814779706,35.698239640286246],[139.7514421590649,35.69828680321737],[139.7514225985277,35.69832102390216],[139.75138301032553,35.6983059711364],[139.75136491098314,35.69833764193226]]]}},{"type":"Feature","properties":{"height":19.6,"gml_id":"bldg_abd05eea-6cbd-4e87-bf06-5643e27c9000"},"geometry":{"type":"Polygon","coordinates":[[[139.75770764848292,35.69811048458238],[139.7576976976694,35.69812826234153],[139.7576735566859,35.69817139570627],[139.75763282934815,35.69815620907351],[139.75759703968217,35.69814285531286],[139.75755735071428,35.69812805689651],[139.75758146960445,35.69808496860934],[139.75759144258112,35.69806714580517],[139.75770764848292,35.69811048458238]]]}},{"type":"Feature","properties":{"height":19.2,"gml_id":"bldg_911b9a26-09e5-4594-a8de-fb855819c293"},"geometry":{"type":"Polygon","coordinates":[[[139.7573621699358,35.6953352395562],[139.7573680592683,35.69533540642072],[139.7573611637945,35.6954989997221],[139.7573127673163,35.69549761711453],[139.75731887165384,35.69535273484491],[139.75731967393932,35.695334022921614],[139.7573621699358,35.6953352395562]]]}},{"type":"Feature","properties":{"height":12.6,"gml_id":"bldg_917c613d-430c-42d4-89c3-6539b1a05efd"},"geometry":{"type":"Polygon","coordinates":[[[139.7575683844321,35.69661503459383],[139.757686367254,35.696658366406844],[139.75766666467035,35.69669413658055],[139.75754863754557,35.69665086961916],[139.75753488520928,35.696645831319906],[139.7575435300446,35.69663010786939],[139.75755458792682,35.69660996922791],[139.7575683844321,35.69661503459383]]]}},{"type":"Feature","properties":{"height":21.3,"gml_id":"bldg_459b19d3-5dad-4fb4-aad1-4de1b0e540df"},"geometry":{"type":"Polygon","coordinates":[[[139.75395051205632,35.69911126210324],[139.75398277017266,35.699119873417615],[139.75397671078113,35.69913493129682],[139.7539515316447,35.69919746067985],[139.75384901264758,35.69917008065063],[139.7538520478767,35.69916255712619],[139.75385930366818,35.699144526427375],[139.75388025126315,35.69909249431611],[139.75395051205632,35.69911126210324]]]}},{"type":"Feature","properties":{"height":9.7,"gml_id":"bldg_aae0ad9b-34f3-4c6f-a70f-0496f14b743f"},"geometry":{"type":"Polygon","coordinates":[[[139.760178476842,35.69493243133271],[139.76017784222432,35.6949497732969],[139.76017553025932,35.69501310211502],[139.7601747370259,35.69503473540287],[139.7601117554003,35.69503316388056],[139.76011257075825,35.69501152159288],[139.76011494906177,35.69494820273139],[139.76011560579232,35.69493086078098],[139.760178476842,35.69493243133271]]]}},{"type":"Feature","properties":{"height":27.5,"gml_id":"bldg_660daff3-1afc-4ac2-aa5d-4c63230500b6"},"geometry":{"type":"Polygon","coordinates":[[[139.7575336173452,35.69997053012628],[139.7574787899497,35.70002422617998],[139.75745055221785,35.700051871389114],[139.75741529115854,35.70002790880116],[139.75737634168368,35.700001438070224],[139.75745940683385,35.69992009685795],[139.7575336173452,35.69997053012628]]]}},{"type":"Feature","properties":{"height":19.4,"gml_id":"bldg_3358a368-4d2b-4d53-8b81-690629d29a42"},"geometry":{"type":"Polygon","coordinates":[[[139.75868853479764,35.697549453750646],[139.75864644866834,35.697534014233376],[139.75864279611716,35.697540501824875],[139.7585800203981,35.697517504985406],[139.75854966538574,35.69750637224954],[139.7585437998334,35.69750423236053],[139.75853067692708,35.69749941990897],[139.75856321902089,35.697440400447604],[139.75871742416842,35.697497011977646],[139.75870977569068,35.697510888321204],[139.75868853479764,35.697549453750646]]]}},{"type":"Feature","properties":{"height":22.8,"gml_id":"bldg_6afed72f-4719-41ef-a59b-7a5098635a95"},"geometry":{"type":"Polygon","coordinates":[[[139.7553544593538,35.69954819893443],[139.7552120630673,35.69950529158518],[139.75520519686378,35.69952070143695],[139.7551603459592,35.69950715088434],[139.75519445413107,35.699431998870416],[139.75520028695325,35.699433760325824],[139.75522295543115,35.6994405983997],[139.75522737423435,35.69944193529286],[139.75525528099476,35.69938029976936],[139.7554093869358,35.69942672998761],[139.7553979252365,35.69945208708608],[139.7553788224145,35.699494321873175],[139.7553544593538,35.69954819893443]]]}},{"type":"Feature","properties":{"height":4.8,"gml_id":"bldg_818c80ae-31e7-43e9-ba75-0020c3a98f40"},"geometry":{"type":"Polygon","coordinates":[[[139.75679649582426,35.698880939723736],[139.75675664975302,35.6989493282826],[139.75672461609096,35.6989368690088],[139.7567651251942,35.69886848088214],[139.75679649582426,35.698880939723736]]]}},{"type":"Feature","properties":{"height":27.6,"gml_id":"bldg_c7a7d5c0-a13c-4f8b-9fbc-a5b64ebbae57"},"geometry":{"type":"Polygon","coordinates":[[[139.75084509010352,35.69859648359055],[139.75092224659426,35.698635224094176],[139.75089881043942,35.69866624217861],[139.75081159410752,35.69878171087166],[139.7506425699197,35.69869675803786],[139.75061621791167,35.698683507836854],[139.7506973262132,35.698576300643644],[139.750723611973,35.69858947867213],[139.75073603819058,35.698573091298606],[139.75075326668662,35.69855037960845],[139.7507825565147,35.69856508299847],[139.7508118353034,35.698579786373756],[139.75084509010352,35.69859648359055]]]}},{"type":"Feature","properties":{"height":33.2,"gml_id":"bldg_191d293c-6cbc-434b-b019-b7342fa891fd"},"geometry":{"type":"Polygon","coordinates":[[[139.7562378183199,35.6955422272813],[139.75624895624975,35.69554243271529],[139.75624282609024,35.6957580453646],[139.756171733232,35.69575670184341],[139.7561720876089,35.69574441640581],[139.75617302537134,35.695711526037826],[139.75617713161313,35.695566822825626],[139.75617822951966,35.69552827195931],[139.75621279243933,35.69552892506572],[139.7562133069981,35.695510934061716],[139.75623868775054,35.6955114190313],[139.7562378183199,35.6955422272813]]]}},{"type":"Feature","properties":{"height":16.9,"gml_id":"bldg_3508a56a-4995-4b56-bd0e-0444eec98d35"},"geometry":{"type":"Polygon","coordinates":[[[139.75463701212522,35.696204500105054],[139.75473589091277,35.69621067599029],[139.75473370057162,35.69628076503715],[139.75473333569127,35.69629226627114],[139.75477450652951,35.696293122406345],[139.75477247562947,35.69635840725874],[139.754729912505,35.696357523172644],[139.75465959474613,35.696354024991756],[139.75466088238625,35.6963368096799],[139.75466518197405,35.69627933216997],[139.7545431611777,35.69627680064114],[139.75454403956113,35.69624879567193],[139.75454548833494,35.696202592429586],[139.75463701212522,35.696204500105054]]]}},{"type":"Feature","properties":{"height":38.8,"gml_id":"bldg_a204706b-48dc-4c95-bb12-6a9b03a689c8"},"geometry":{"type":"Polygon","coordinates":[[[139.7534060489096,35.69558648542367],[139.75337942275326,35.69558277212723],[139.7533975195306,35.69549688364179],[139.75337763274115,35.695494166326284],[139.7533864038492,35.69545225757285],[139.75338755285705,35.69545242058245],[139.75342032169124,35.69545705825328],[139.7534458575617,35.69533521005675],[139.75351236746587,35.69534453828198],[139.75347994789524,35.69549946218367],[139.7534258117487,35.695491944893895],[139.7534060489096,35.69558648542367]]]}},{"type":"Feature","properties":{"height":20.8,"gml_id":"bldg_8611ef1f-531f-4ea5-98fc-5037eba5b584"},"geometry":{"type":"Polygon","coordinates":[[[139.75560197820266,35.696481631127924],[139.75560111911753,35.69650151477934],[139.75559867793066,35.696557587385016],[139.75559757026292,35.69658312155951],[139.75555622281766,35.69658190594532],[139.75551326214665,35.69658063429051],[139.75551679998551,35.69649908068651],[139.75551767019394,35.69647914296074],[139.75560197820266,35.696481631127924]]]}},{"type":"Feature","properties":{"height":3.1,"gml_id":"bldg_58ea05ce-ef88-4a23-a2a3-4247ec29236a"},"geometry":{"type":"Polygon","coordinates":[[[139.7576606186682,35.693643097125374],[139.75765751516107,35.69366501558447],[139.75763208155058,35.69366261186487],[139.75763519611405,35.6936406934134],[139.7576606186682,35.693643097125374]]]}},{"type":"Feature","properties":{"height":25.8,"gml_id":"bldg_c4070785-c088-4e67-97be-8bb56e420f1a"},"geometry":{"type":"Polygon","coordinates":[[[139.75905070575118,35.69755384211407],[139.7590370262282,35.69757725124189],[139.75898919727868,35.69755829296019],[139.7590030866787,35.697534974104286],[139.75901394366326,35.69751672808276],[139.75902627256653,35.69749603124477],[139.7590001599691,35.69748568543232],[139.75897524034227,35.6974758090631],[139.75900202305925,35.69743084728369],[139.75902360414503,35.69739462556789],[139.75913848193062,35.6974400352977],[139.75911684554265,35.69747635615037],[139.75907774504248,35.69754200579265],[139.7590726319786,35.697550592686326],[139.7590563944959,35.69754409281035],[139.75905070575118,35.69755384211407]]]}},{"type":"Feature","properties":{"height":4.9,"gml_id":"bldg_47f377dc-0850-4b9d-b9b6-af662b04aea8"},"geometry":{"type":"Polygon","coordinates":[[[139.75314035585276,35.69454008917477],[139.75313560399024,35.69454062683087],[139.7530875085935,35.694570249837724],[139.75311874273356,35.69460641557321],[139.75304631044287,35.69466369438852],[139.7530013894578,35.69461291731533],[139.7531596048632,35.69451738658231],[139.75318863153214,35.69455111803335],[139.75317206509158,35.69454317495077],[139.75316256452487,35.6945410945726],[139.75315339436168,35.694540097859914],[139.7531473171808,35.69454000367504],[139.75314035585276,35.69454008917477]]]}},{"type":"Feature","properties":{"height":18.8,"gml_id":"bldg_c0acfdcf-8eef-42f3-8cd7-a3be99a891ca"},"geometry":{"type":"Polygon","coordinates":[[[139.7554535268022,35.69814868141247],[139.75544507225126,35.69816131223455],[139.75545148957167,35.698164173726504],[139.75541720657915,35.698215376341814],[139.7553301474699,35.69817659714557],[139.7553654817944,35.69812381783993],[139.75539977744958,35.69813909121266],[139.75545895926334,35.698050696198386],[139.75550131797078,35.69806956220712],[139.75547778028124,35.69810471840539],[139.75548176763277,35.69810649668125],[139.75547537139227,35.69811605606973],[139.7554535268022,35.69814868141247]]]}},{"type":"Feature","properties":{"height":39.1,"gml_id":"bldg_0667539b-cada-4790-b3c1-1b11e57d087d"},"geometry":{"type":"Polygon","coordinates":[[[139.75874706095072,35.698896495912884],[139.7586637912015,35.698844255026636],[139.75871400872842,35.69879092512542],[139.75861748664886,35.69873038339604],[139.7586757786467,35.698668585653024],[139.75891288753135,35.6988171879454],[139.75886388689742,35.698869166628874],[139.75880657093634,35.698833256672614],[139.75874706095072,35.698896495912884]]]}},{"type":"Feature","properties":{"height":96.8,"gml_id":"bldg_e741a90e-b27a-4dc3-a9cd-42b08d930ae5"},"geometry":{"type":"Polygon","coordinates":[[[139.7547378174401,35.6986841963685],[139.7550884416989,35.698794662211476],[139.75505938154168,35.69886065056421],[139.75513540719015,35.69888291872035],[139.75511916770853,35.69891246405612],[139.75512202888854,35.698913304188274],[139.75502527504977,35.699092433420184],[139.7549654005381,35.69907436707661],[139.75495612092865,35.699071738051394],[139.7549054144923,35.6990573822732],[139.7548891751367,35.69905282879233],[139.75485835350267,35.69904419161614],[139.7548332212296,35.69903708956818],[139.75459443719686,35.69896965633809],[139.75459886711045,35.698959654041],[139.75457655325258,35.698951977808115],[139.75458507927127,35.69893431655575],[139.75454862534664,35.69892239463255],[139.75456024737085,35.698902752396585],[139.75456556023602,35.6988938323211],[139.75464171197058,35.698765166646815],[139.754667781689,35.698774017102004],[139.75471659362034,35.6986918441449],[139.75473460015743,35.69869717398047],[139.7547378174401,35.6986841963685]]]}},{"type":"Feature","properties":{"height":16.6,"gml_id":"bldg_b41666f4-a396-4490-8c3d-fd47308bec61"},"geometry":{"type":"Polygon","coordinates":[[[139.7537942209934,35.69670443957786],[139.75384525042958,35.69672565636315],[139.7538214552381,35.69676385870312],[139.75377031528416,35.6967426427362],[139.7537942209934,35.69670443957786]]]}},{"type":"Feature","properties":{"height":14.0,"gml_id":"bldg_1ffdad69-c37d-45c5-8310-0d001b948a55"},"geometry":{"type":"Polygon","coordinates":[[[139.7565506932031,35.697430840963655],[139.75653188734609,35.69746413455623],[139.75650719285707,35.697507871255716],[139.756477417768,35.697560591356236],[139.75639622943564,35.697530163353164],[139.75646950506075,35.69740032287261],[139.7565506932031,35.697430840963655]]]}},{"type":"Feature","properties":{"height":11.0,"gml_id":"bldg_f125b2ff-1889-4c21-812e-8172ce2e7c98"},"geometry":{"type":"Polygon","coordinates":[[[139.75552157463312,35.699512162188576],[139.75551630193564,35.6995253007374],[139.75551448529453,35.69952982443444],[139.7555418828797,35.69953714323086],[139.75551330354645,35.69960878357823],[139.75541862708,35.699583574143446],[139.75544919992015,35.69950742826407],[139.7554619044877,35.69951077154824],[139.7554671108214,35.69949770506832],[139.75552157463312,35.699512162188576]]]}},{"type":"Feature","properties":{"height":15.7,"gml_id":"bldg_20611a0c-8a98-4c58-94cb-bd61c2e89d77"},"geometry":{"type":"Polygon","coordinates":[[[139.76128313064675,35.691838073182154],[139.76124445419094,35.69184272813812],[139.76122048519903,35.69171129403392],[139.76125916159276,35.69170663908549],[139.76128313064675,35.691838073182154]]]}},{"type":"Feature","properties":{"height":2.2,"gml_id":"bldg_756eb637-7754-4353-8c5a-e27849034a84"},"geometry":{"type":"Polygon","coordinates":[[[139.7545474128782,35.692178618351065],[139.75453281234144,35.692194382768115],[139.75438638770385,35.69210442025125],[139.75440098825294,35.69208865585174],[139.7545474128782,35.692178618351065]]]}},{"type":"Feature","properties":{"height":8.4,"gml_id":"bldg_b5eb23f8-4336-48cd-8ead-bce9119032c9"},"geometry":{"type":"Polygon","coordinates":[[[139.75887724856258,35.697333602575625],[139.7588409428768,35.697400011021216],[139.75880437985634,35.69738664812566],[139.75884057498286,35.69732032975947],[139.75887724856258,35.697333602575625]]]}},{"type":"Feature","properties":{"height":19.2,"gml_id":"bldg_baedf15b-938d-4ed6-a295-85070073859c"},"geometry":{"type":"Polygon","coordinates":[[[139.76030842701326,35.695773938638645],[139.76030480751737,35.69586560571134],[139.76024422306764,35.695864000559],[139.76019342848448,35.69586265370821],[139.76019690096317,35.69577481736957],[139.7601970480254,35.695771076775856],[139.76030842701326,35.695773938638645]]]}},{"type":"Feature","properties":{"height":14.4,"gml_id":"bldg_f8c13fa2-c055-475e-a749-42bd81c51d02"},"geometry":{"type":"Polygon","coordinates":[[[139.76218384569842,35.695962997240805],[139.76225317766492,35.69590688288616],[139.7623080550037,35.69595207388448],[139.7622224681642,35.69602133866217],[139.7621838220798,35.695989587623934],[139.76218384569842,35.695962997240805]]]}},{"type":"Feature","properties":{"height":12.8,"gml_id":"bldg_6f321071-b0f0-4da5-be00-6b07112239cb"},"geometry":{"type":"Polygon","coordinates":[[[139.75923461950796,35.6967443817064],[139.75927977183957,35.69676562772421],[139.75924182101636,35.696819325978865],[139.75919665762308,35.69679807092652],[139.75916240679143,35.69678196038626],[139.7592003576501,35.69672826215633],[139.75923461950796,35.6967443817064]]]}},{"type":"Feature","properties":{"height":124.0,"gml_id":"bldg_103b568d-6fea-4748-b362-cfa9d969838b"},"geometry":{"type":"Polygon","coordinates":[[[139.76204736873217,35.69771481779749],[139.76205619623838,35.69772888438326],[139.7620578405076,35.697743757947485],[139.76205240922866,35.69776259334615],[139.7620432251879,35.69777664926572],[139.76203271674453,35.69778890166184],[139.76201336867044,35.69780069813547],[139.7619262313443,35.69783417740763],[139.76158657967756,35.69796467396433],[139.76149861470677,35.697799383419905],[139.76148586235658,35.69777541741802],[139.76147393001995,35.69777351742027],[139.76145758406193,35.697764493068654],[139.7614472068216,35.69775358030559],[139.76144236098926,35.697735550029165],[139.7614438081717,35.69772365282101],[139.7614504513732,35.69770896357009],[139.7614622863821,35.69769617209661],[139.76123449360333,35.697778177643244],[139.7611695867218,35.69780154730548],[139.76115701071797,35.69777819430553],[139.76107466138478,35.69780761967098],[139.7609834691098,35.69784019355578],[139.7608869435715,35.6976606738113],[139.7609218729499,35.69764816579717],[139.76082942934215,35.69747630919294],[139.76088469723294,35.697456512347436],[139.76085725203694,35.69740436063363],[139.76081203593216,35.697318441932396],[139.7608007512157,35.697297009587764],[139.7607848341211,35.69730267862169],[139.7608313616045,35.69705068382455],[139.76084309900506,35.697023649816614],[139.76085825534972,35.697003828819774],[139.76087738721304,35.696986714321625],[139.76090458347286,35.69697185809599],[139.76093111126855,35.696963040636014],[139.76096680438343,35.69696098894974],[139.7610261400931,35.69696363857683],[139.76147176372606,35.69698580870095],[139.76153477123538,35.696960247412065],[139.76155875190372,35.696957647742224],[139.76158581823177,35.69696433400997],[139.76160061705212,35.69697335742335],[139.7616139764012,35.69698571324073],[139.7616219194343,35.69700013988068],[139.76162444510078,35.69701780822228],[139.76161934760776,35.69703402983171],[139.7616098337718,35.69704619264808],[139.761599545146,35.69705979719271],[139.761541957057,35.697079773258075],[139.76159285310487,35.69716611871768],[139.7616768930411,35.697308711299186],[139.76170230321068,35.69731404540212],[139.76173146247837,35.69732821334511],[139.76174780515683,35.697340842233594],[139.76175232928185,35.697347965740484],[139.76177408903314,35.69735771256375],[139.76178866171455,35.69737259471873],[139.76179560621352,35.69739161773566],[139.7617961410017,35.69741144817538],[139.76179203978802,35.69742568737097],[139.76179401509913,35.697441011820835],[139.76179078781888,35.697466518650295],[139.76178469365757,35.69748517336993],[139.76178137141304,35.69749328371769],[139.76182725651563,35.69756138238224],[139.7619248315998,35.69770618216191],[139.761977554984,35.697689628234755],[139.7620014227876,35.697689912791475],[139.7620191003319,35.697692718411254],[139.76203831734028,35.69770399600734],[139.76204736873217,35.69771481779749]]]}},{"type":"Feature","properties":{"height":25.7,"gml_id":"bldg_efcfd6ed-283c-4d78-b16a-b5f86f19d598"},"geometry":{"type":"Polygon","coordinates":[[[139.75503871965137,35.69767170437161],[139.75508875485505,35.69769361313307],[139.75511933930562,35.697707000312896],[139.7550788360812,35.697768536595895],[139.75499820524388,35.69773333165881],[139.75500952627203,35.69771610484867],[139.75502230806586,35.69769666161978],[139.75500350897136,35.697688428902296],[139.75501993160222,35.69766348067753],[139.75503871965137,35.69767170437161]]]}},{"type":"Feature","properties":{"height":18.6,"gml_id":"bldg_0fb82642-a27e-43ca-a84b-a7de7a042259"},"geometry":{"type":"Polygon","coordinates":[[[139.7559773497507,35.69727444688578],[139.75595358148223,35.69731997779276],[139.75593749611787,35.69735076723549],[139.75585531178854,35.697322321238524],[139.75587140829845,35.69729145970429],[139.75589516557258,35.69724591077888],[139.7559773497507,35.69727444688578]]]}},{"type":"Feature","properties":{"height":40.2,"gml_id":"bldg_e81b71f7-e238-4832-918b-265753acd712"},"geometry":{"type":"Polygon","coordinates":[[[139.75757906883396,35.693823400897735],[139.75752651608565,35.69416345458815],[139.75747710737082,35.69415835776651],[139.75747481712605,35.694173183853785],[139.7574123822727,35.694166744769255],[139.75741468356983,35.69415192770382],[139.7573673077864,35.694147039434185],[139.7574200048428,35.693806985903755],[139.75745335993886,35.69381048622027],[139.75751457921103,35.69381678029901],[139.75752075527618,35.69381741514747],[139.75757906883396,35.693823400897735]]]}},{"type":"Feature","properties":{"height":26.8,"gml_id":"bldg_0a67028a-aeeb-4ea0-9fe5-0b5ac38e7210"},"geometry":{"type":"Polygon","coordinates":[[[139.75417118556518,35.69625965592318],[139.7541695972844,35.696279088400715],[139.75416859062344,35.696291408555574],[139.75416672267392,35.696314303008464],[139.75416542512534,35.696330256391526],[139.75409967106705,35.69632668877533],[139.75404598278666,35.69632377805698],[139.75405062507392,35.69626658923303],[139.75405309723874,35.69623612457897],[139.75405526735443,35.696209400408385],[139.75408145407673,35.696210769705594],[139.7540825733261,35.69619634943495],[139.75417593934498,35.696201366595155],[139.75417118556518,35.69625965592318]]]}},{"type":"Feature","properties":{"height":37.8,"gml_id":"bldg_46d2e2dc-d7c2-493b-8447-0633e17d6ef7"},"geometry":{"type":"Polygon","coordinates":[[[139.75903499027052,35.696913121171555],[139.75896617584306,35.69688450527359],[139.75893549242622,35.69684644943325],[139.75893903316805,35.69684131291549],[139.75892898202665,35.696836709720166],[139.75894779264212,35.69680895917277],[139.75896369780057,35.69681617995416],[139.75896646412497,35.696812035364665],[139.7590130752111,35.696833066054815],[139.75905434784931,35.696772158968265],[139.75906119594143,35.6967752278492],[139.75906551125018,35.69676892092688],[139.7591121223373,35.696789951578836],[139.75911798679957,35.69678130204978],[139.75913632202648,35.696789515812775],[139.75905643228347,35.696907545914826],[139.75904207291563,35.69690158801671],[139.75903499027052,35.696913121171555]]]}},{"type":"Feature","properties":{"height":28.5,"gml_id":"bldg_fb23cb69-ffc6-4e98-9382-b75ffc4867ce"},"geometry":{"type":"Polygon","coordinates":[[[139.7519524704654,35.696257644598525],[139.75194661109373,35.696282311114345],[139.75194542369795,35.69628729488366],[139.75194323754056,35.69629648737219],[139.75193504776993,35.69633092315451],[139.7519341266861,35.696334807433225],[139.75185883428128,35.69632276828538],[139.75178354189916,35.69631072909045],[139.7517844740398,35.69630684482036],[139.7517873925232,35.69629468732592],[139.75179744626539,35.696252843560536],[139.75180218460332,35.69623313382368],[139.7518359363285,35.69623852883989],[139.7518752120692,35.69624481092672],[139.75187881865912,35.69622967036325],[139.7518824252477,35.69621452979962],[139.75189496424943,35.69616269242296],[139.75197948152615,35.696176287237016],[139.75196017418642,35.696255684821345],[139.75195321399025,35.69625450833609],[139.7519524704654,35.696257644598525]]]}},{"type":"Feature","properties":{"height":23.3,"gml_id":"bldg_d1f166fc-b856-4322-b118-a0d526e1fb26"},"geometry":{"type":"Polygon","coordinates":[[[139.75869652001913,35.695727439870645],[139.75874761295938,35.695728652332505],[139.75877409863784,35.69572928167126],[139.75877277771883,35.69578320978455],[139.7587719161227,35.69581851589017],[139.75869329774898,35.69581773705935],[139.75865501065306,35.69581736177929],[139.75865719481095,35.69572650509863],[139.75869652001913,35.695727439870645]]]}},{"type":"Feature","properties":{"height":4.2,"gml_id":"bldg_3ff87a08-cc4c-42d7-9103-6bdda10c83e0"},"geometry":{"type":"Polygon","coordinates":[[[139.7576297190024,35.69919059109365],[139.75766075093566,35.69921093557281],[139.75760356636258,35.699268948666855],[139.75757251237295,35.69924854917577],[139.757541502583,35.69922816773181],[139.75759868708573,35.699170245705076],[139.7576297190024,35.69919059109365]]]}},{"type":"Feature","properties":{"height":22.5,"gml_id":"bldg_304e88d7-10b9-4f43-9555-99ce39792958"},"geometry":{"type":"Polygon","coordinates":[[[139.7601578807738,35.69788323244404],[139.7601381355805,35.697966506041695],[139.76012442279713,35.69797821640211],[139.76012036914793,35.69797632917396],[139.75998362755504,35.69791275258905],[139.7599383084817,35.697891678898664],[139.75991069511142,35.69787884459053],[139.75996900530626,35.69779541336414],[139.7601578807738,35.69788323244404]]]}},{"type":"Feature","properties":{"height":26.1,"gml_id":"bldg_9c938bba-f16a-4817-8fb1-af9efecf9a8f"},"geometry":{"type":"Polygon","coordinates":[[[139.75750864980068,35.6985632973229],[139.7574956215104,35.69858681484572],[139.75744776984195,35.6986732259724],[139.75755068804483,35.69871143674404],[139.75757082542756,35.698718912755034],[139.75755943096993,35.698732426117125],[139.75752392061523,35.69877395686688],[139.75750391596904,35.69877800042682],[139.7575001714465,35.69877642968595],[139.7574358739581,35.69874942921732],[139.75740726539348,35.69873742296874],[139.7573553502723,35.69871562215174],[139.75744871057978,35.698555039066555],[139.7574552961547,35.69854370399626],[139.75750864980068,35.6985632973229]]]}},{"type":"Feature","properties":{"height":32.4,"gml_id":"bldg_ac1c2f4d-2707-4c5d-bf0f-4afcede69fda"},"geometry":{"type":"Polygon","coordinates":[[[139.75730550668885,35.698490518849724],[139.75730329255586,35.69849484402239],[139.75729897924,35.69849880732147],[139.7573265948164,35.698509100368156],[139.75728907111093,35.698576228657686],[139.757241682787,35.698558531879655],[139.7572477707243,35.69854762916326],[139.75724261213392,35.6985457059866],[139.75721066644442,35.69853378771833],[139.75712229667985,35.69850081380695],[139.75700939335778,35.698458693409556],[139.75705034853002,35.69838552820831],[139.7572839759669,35.698472568006224],[139.75727401458906,35.698489687723175],[139.75727567142377,35.69849040986524],[139.75728076295587,35.69848149043061],[139.75728419080738,35.69847905799866],[139.7572876173733,35.69847797942201],[139.75729225851353,35.698477891315676],[139.75729634663313,35.69847834458261],[139.75730109562127,35.69848105168927],[139.7573041860637,35.69848483939101],[139.75730550668885,35.698490518849724]]]}},{"type":"Feature","properties":{"height":14.2,"gml_id":"bldg_cc570fdc-9eb9-457b-a2b8-7ebedf4780eb"},"geometry":{"type":"Polygon","coordinates":[[[139.75393941227472,35.699495679578874],[139.7539761522471,35.699509044064214],[139.75398440383364,35.69951204204836],[139.7540147480168,35.699523076774106],[139.75398098342535,35.69958488842022],[139.75397158680207,35.699588803179616],[139.7539621901779,35.6995927179383],[139.7538989169733,35.699569682282515],[139.75383073925477,35.699544858643975],[139.75383582054602,35.699535577901244],[139.75385018983928,35.699509349445734],[139.7538712566802,35.69947088301867],[139.75393941227472,35.699495679578874]]]}},{"type":"Feature","properties":{"height":7.7,"gml_id":"bldg_48a2b9b0-5304-4216-ac03-c6bac15f5e13"},"geometry":{"type":"Polygon","coordinates":[[[139.75901532880889,35.697500620570004],[139.7590001563715,35.69752528257658],[139.75897980469352,35.697558377295856],[139.75893473776543,35.69753996242137],[139.75895505635,35.69750682171934],[139.75897015140515,35.69748220564039],[139.75901532880889,35.697500620570004]]]}},{"type":"Feature","properties":{"height":2.8,"gml_id":"bldg_a3e3ba26-690e-4f37-8bd0-369aa32398b0"},"geometry":{"type":"Polygon","coordinates":[[[139.75059145304428,35.69324003137759],[139.75060030595992,35.69322813938177],[139.75067761133067,35.693266320425124],[139.75066875943418,35.69327830256422],[139.75059145304428,35.69324003137759]]]}},{"type":"Feature","properties":{"height":5.0,"gml_id":"bldg_94977755-0115-4a7c-859b-0c713a982047"},"geometry":{"type":"Polygon","coordinates":[[[139.75903218171095,35.69672455299167],[139.75898348222407,35.69681069382317],[139.75893454816898,35.69679236579354],[139.7590153449651,35.69664954867523],[139.75906416836915,35.69666796674105],[139.75903218171095,35.69672455299167]]]}},{"type":"Feature","properties":{"height":28.9,"gml_id":"bldg_9a9a5871-e1c4-404c-9aba-a047ae41ff06"},"geometry":{"type":"Polygon","coordinates":[[[139.75292015164504,35.69738781868752],[139.75279441723163,35.69737349299658],[139.75281725839443,35.69724073660368],[139.7528265393754,35.69718675079936],[139.752980226622,35.697204340048266],[139.7529636660532,35.697300145433566],[139.75293571281048,35.69729697107376],[139.75292015164504,35.69738781868752]]]}},{"type":"Feature","properties":{"height":38.0,"gml_id":"bldg_a6752680-9346-406c-99ca-cf3592c99b14"},"geometry":{"type":"Polygon","coordinates":[[[139.75049171869222,35.698413552363306],[139.7505203677762,35.69842800299313],[139.75057865995547,35.698457418695874],[139.7505397547701,35.69850861673976],[139.7504950071009,35.69856750844069],[139.75038831848843,35.6985136232478],[139.75042335101367,35.698467461238025],[139.75047186093096,35.69840353440155],[139.75049171869222,35.698413552363306]]]}},{"type":"Feature","properties":{"height":15.8,"gml_id":"bldg_2e8865e4-ecd2-4492-8c6b-c9d6e6fafc54"},"geometry":{"type":"Polygon","coordinates":[[[139.75517421962337,35.69745184935136],[139.75523008829506,35.69747460912931],[139.7552566861255,35.69748544281336],[139.75523355490733,35.69752310503711],[139.755190013121,35.69750534684866],[139.75517627239108,35.697499740425656],[139.75515114363498,35.697489502581625],[139.75512685436763,35.69747958977066],[139.75514987512437,35.69744192659406],[139.75517421962337,35.69745184935136]]]}},{"type":"Feature","properties":{"height":19.9,"gml_id":"bldg_33332439-51b9-4e0f-b0eb-c7865afea2ac"},"geometry":{"type":"Polygon","coordinates":[[[139.7517321185052,35.69602622209335],[139.75171065223813,35.696022800363885],[139.75168948427122,35.69601942390137],[139.75164658489558,35.69601258044592],[139.75158715772494,35.696003102767826],[139.75155557150546,35.69599806970061],[139.75157044722133,35.695930477106195],[139.75160354806206,35.69593469996553],[139.75164042744262,35.69593940310581],[139.7516714622582,35.69594335413357],[139.75170335884005,35.695947422915694],[139.75171175354822,35.69595049326371],[139.75171606011452,35.695953290428605],[139.75171915019524,35.69595707827485],[139.75171991789398,35.69596275742209],[139.75171714736706,35.695970687593736],[139.75172292547487,35.695971601894186],[139.75174233682748,35.69597467069465],[139.75174133803284,35.69597890555213],[139.75175349086425,35.69598080756568],[139.75174294858232,35.696024968418676],[139.75173278443086,35.69602333816296],[139.7517321185052,35.69602622209335]]]}},{"type":"Feature","properties":{"height":16.9,"gml_id":"bldg_6905143c-0504-47c8-9bc3-8e04a887165e"},"geometry":{"type":"Polygon","coordinates":[[[139.75957094308617,35.697610596746344],[139.7596092593314,35.69762826001324],[139.75959498597976,35.69764871234981],[139.75955665866962,35.69763105808534],[139.7594703946836,35.697591308887546],[139.7594845576398,35.69757076636093],[139.75957094308617,35.697610596746344]]]}},{"type":"Feature","properties":{"height":60.4,"gml_id":"bldg_40b8518d-f3f8-4734-b6ce-8a1dc1979e70"},"geometry":{"type":"Polygon","coordinates":[[[139.75478253512713,35.69364980842096],[139.75427329696328,35.69384146589484],[139.75423339344903,35.6938564925548],[139.75410809027002,35.69363494362594],[139.75421884706722,35.693593283049765],[139.75433192502146,35.69355072342629],[139.7546962497532,35.69341350218458],[139.75482155421392,35.69363505141241],[139.75478253512713,35.69364980842096]]]}},{"type":"Feature","properties":{"height":8.2,"gml_id":"bldg_5f71a682-74a3-4e54-8c57-96f5d8f0f180"},"geometry":{"type":"Polygon","coordinates":[[[139.7624351530753,35.69180323417182],[139.76242373920584,35.691715884693586],[139.7625377758295,35.69170586457872],[139.76254930032113,35.69179320599908],[139.7624351530753,35.69180323417182]]]}},{"type":"Feature","properties":{"height":40.4,"gml_id":"bldg_0a97db6e-f835-4f2b-8127-a1a74b308034"},"geometry":{"type":"Polygon","coordinates":[[[139.7594828745749,35.69807787558323],[139.75936214838384,35.698022457395844],[139.75939145920086,35.69798002092078],[139.75940564433805,35.69795948743213],[139.75942898010533,35.69792569140725],[139.75941705112277,35.69792018573143],[139.75948492293347,35.69782175281587],[139.7594883087742,35.69781684243141],[139.75956595774718,35.69785249412025],[139.75956259402722,35.69785738559167],[139.75955557892536,35.69786755865075],[139.7595225835194,35.69791547323143],[139.7595774570242,35.697940646049766],[139.75959360539105,35.697948056183264],[139.75952814588544,35.6980428400924],[139.7595118363182,35.6980664459609],[139.75949582052763,35.698059044911574],[139.7594828745749,35.69807787558323]]]}},{"type":"Feature","properties":{"height":19.4,"gml_id":"bldg_8f0edc39-af06-455c-91c7-2c9defaf0162"},"geometry":{"type":"Polygon","coordinates":[[[139.7564910144234,35.69847666140152],[139.75646348521946,35.69852617405],[139.75645193998596,35.698546943231534],[139.75641664732217,35.698533877876294],[139.7563992495317,35.69852743999739],[139.7564383240058,35.6984571581843],[139.7564910144234,35.69847666140152]]]}},{"type":"Feature","properties":{"height":11.4,"gml_id":"bldg_cd90d4ba-5ac3-4620-9a2f-9f16538f79f3"},"geometry":{"type":"Polygon","coordinates":[[[139.7581004720357,35.69270593922689],[139.75811301321605,35.69264690733793],[139.7581658220498,35.69265433155669],[139.7581830243492,35.69257348941923],[139.75824699151295,35.6925824528965],[139.75825908838897,35.69252577328929],[139.75853108666016,35.69256415167847],[139.75853641397916,35.69253882559351],[139.75860044958685,35.69223753830468],[139.75863105236013,35.69224152332654],[139.75856988901103,35.69254353441266],[139.75856546987598,35.692542900709135],[139.75855181999069,35.69260634867014],[139.75851115445764,35.69261064997716],[139.75849613706694,35.69260027488876],[139.75847636923217,35.69258908561171],[139.75845229149618,35.692578614746495],[139.75842776968702,35.69257039702483],[139.758405233725,35.692565424564435],[139.75838081769527,35.69256225457037],[139.75835363748263,35.69256106676482],[139.75832590109275,35.692563843732714],[139.7583024693743,35.69257149077461],[139.7582846711131,35.69258094406385],[139.75826863727553,35.69259409406714],[139.75825447784655,35.6926114816757],[139.75824639444,35.69263004485338],[139.7582436180003,35.69264509599839],[139.75824393756662,35.692657806414196],[139.7582462435636,35.69267313023888],[139.7582524184311,35.69268674477518],[139.7581004720357,35.69270593922689]]]}},{"type":"Feature","properties":{"height":22.3,"gml_id":"bldg_0975adb8-61ba-48f8-8cf6-34c73f83a60f"},"geometry":{"type":"Polygon","coordinates":[[[139.75690132198636,35.69475417743575],[139.75689908298824,35.69480780840302],[139.7568978165157,35.69483811074115],[139.7568973654826,35.694847592862196],[139.75678941361247,35.69484439741761],[139.7567911199429,35.694804800437716],[139.75679148185066,35.69479609343813],[139.75679305374055,35.694758425303235],[139.75679337026867,35.694750954052374],[139.75690132198636,35.69475417743575]]]}},{"type":"Feature","properties":{"height":12.5,"gml_id":"bldg_1d075164-f675-4ef2-b608-8cab60879ea1"},"geometry":{"type":"Polygon","coordinates":[[[139.7586416412924,35.69629044620621],[139.75864073256162,35.69631698195517],[139.75863800646647,35.696396481037056],[139.75857910099973,35.69639511855677],[139.7585252894006,35.6963938781941],[139.75846972092145,35.69639259074493],[139.7584724471835,35.69631309166702],[139.75847335591942,35.69628661000151],[139.7586416412924,35.69629044620621]]]}},{"type":"Feature","properties":{"height":35.2,"gml_id":"bldg_e03b5e11-3f42-49e8-ad96-272f0e05eda6"},"geometry":{"type":"Polygon","coordinates":[[[139.7573933754829,35.69567199283886],[139.75743414800266,35.695673100196466],[139.75742983823642,35.69579009522703],[139.75739410418413,35.69578916230671],[139.75736538656602,35.6957884050641],[139.7573382379712,35.69578769387366],[139.75734494490132,35.69561326510072],[139.75731854773935,35.69561256339386],[139.75731925093072,35.69559348184735],[139.75730678719432,35.69559309540116],[139.7573089712319,35.69553889743709],[139.75744123308243,35.69554249623486],[139.75743897129934,35.6955972079329],[139.75739643094667,35.69559600932479],[139.7573933754829,35.69567199283886]]]}},{"type":"Feature","properties":{"height":7.1,"gml_id":"bldg_8f6a64c2-b3f6-4d45-8dbc-0de694058a27"},"geometry":{"type":"Polygon","coordinates":[[[139.7583727758459,35.69678733015776],[139.7583645408706,35.696802126413786],[139.758345436615,35.69683643775374],[139.75826987047216,35.69680839412769],[139.75825784130663,35.69680393386196],[139.75826864426924,35.69678445299593],[139.75827685717672,35.69676963960666],[139.75828507008117,35.69675482621677],[139.7583727758459,35.69678733015776]]]}},{"type":"Feature","properties":{"height":26.3,"gml_id":"bldg_dda64fa0-b3eb-4b89-9910-f6cf3e8506aa"},"geometry":{"type":"Polygon","coordinates":[[[139.7553525352558,35.698006045589224],[139.7553239468814,35.69805332189926],[139.75529974136356,35.69809335403642],[139.75536126623626,35.69811809141607],[139.7553229711619,35.698181522983596],[139.7552073220339,35.69813502657393],[139.7552698448238,35.698031554818414],[139.75529841111253,35.69798428842181],[139.7553525352558,35.698006045589224]]]}},{"type":"Feature","properties":{"height":31.4,"gml_id":"bldg_3dd5e3c8-06f6-41d4-b340-38945e1c154e"},"geometry":{"type":"Polygon","coordinates":[[[139.75812722928404,35.69846560742414],[139.75806406290275,35.6985754989044],[139.757911205932,35.698517111694414],[139.75794863878727,35.69845200221959],[139.75796018202823,35.69845640812874],[139.7579858936887,35.698411545063216],[139.75812722928404,35.69846560742414]]]}},{"type":"Feature","properties":{"height":39.7,"gml_id":"bldg_0deace86-ba6e-45a5-8d1e-f834defbfed9"},"geometry":{"type":"Polygon","coordinates":[[[139.75465186095153,35.69570045505911],[139.75455729213823,35.69569434502116],[139.75456938789182,35.695585755951605],[139.75446293173658,35.695566360889636],[139.75439014046864,35.69556192440787],[139.75438157525846,35.695675724788984],[139.75436606343422,35.69568488244232],[139.7543168502135,35.69568248765944],[139.75429624393044,35.695680968844734],[139.75430275324095,35.69559034943975],[139.75430557940828,35.69554814917975],[139.7543080017626,35.695512050925224],[139.75420102303823,35.69550727640166],[139.75420610511674,35.69549689506535],[139.75423222070816,35.69544697636325],[139.75424553121482,35.69544024286567],[139.75463883743583,35.6954600423126],[139.7546467928914,35.69546039003342],[139.7546524604636,35.695461340175854],[139.75465775142592,35.6954632265947],[139.75466414311762,35.695469433094935],[139.75466713242014,35.69547469904588],[139.75466823223084,35.69547995474829],[139.75466894438992,35.69548613860788],[139.75465186095153,35.69570045505911]]]}},{"type":"Feature","properties":{"height":7.9,"gml_id":"bldg_0ff70f56-9c38-4079-974c-286815b29aa8"},"geometry":{"type":"Polygon","coordinates":[[[139.75908541904005,35.695509756282185],[139.75911573841708,35.69551091070456],[139.75911217994943,35.69557102985214],[139.75911180946213,35.695577339209734],[139.75907114796556,35.69557569166718],[139.75907305717112,35.695542521548376],[139.75907441599534,35.69551899844698],[139.75907496637342,35.69550935323208],[139.75908541904005,35.695509756282185]]]}},{"type":"Feature","properties":{"height":33.2,"gml_id":"bldg_9e925b89-fcf0-47c6-8708-da50d1d19df8"},"geometry":{"type":"Polygon","coordinates":[[[139.7615710863043,35.69589394915932],[139.7616564053101,35.69587750493141],[139.76167652015147,35.695946868268415],[139.76163659054328,35.695954388954775],[139.76163189778705,35.69593824263384],[139.76160171560963,35.69594406642742],[139.76161409733322,35.695986770771604],[139.76159895650358,35.69598969120045],[139.7615710863043,35.69589394915932]]]}},{"type":"Feature","properties":{"height":8.2,"gml_id":"bldg_678ab4ba-e7a7-4f90-a0ec-bfe967a1836e"},"geometry":{"type":"Polygon","coordinates":[[[139.76176287921263,35.69407383769487],[139.7617713186585,35.694150730446395],[139.76171684091926,35.69415466317392],[139.7617084014447,35.69407786055563],[139.76176287921263,35.69407383769487]]]}},{"type":"Feature","properties":{"height":23.2,"gml_id":"bldg_5ed7f1d4-0a7b-411e-b5dd-a232df3095e5"},"geometry":{"type":"Polygon","coordinates":[[[139.75513839470204,35.699410825367735],[139.75518200636418,35.699425969645624],[139.75519235695623,35.6994295638132],[139.75515456115127,35.699501478418895],[139.7551487378967,35.69951255155807],[139.75507184827302,35.699491770109155],[139.75505695798546,35.69946354758304],[139.7550857416574,35.69940933093487],[139.75509326968228,35.69939515729646],[139.75513839470204,35.699410825367735]]]}},{"type":"Feature","properties":{"height":8.7,"gml_id":"bldg_07a8e9de-5d09-4acb-855a-1b073d6264c0"},"geometry":{"type":"Polygon","coordinates":[[[139.75981215296625,35.69520384487501],[139.75981165407313,35.69521768960573],[139.75986378530143,35.695218983351126],[139.75986034163847,35.69531117332025],[139.7597680786811,35.695308971712734],[139.75973614575145,35.695308213070746],[139.75973826414966,35.69525150019809],[139.7597401106118,35.69520212430626],[139.75981215296625,35.69520384487501]]]}},{"type":"Feature","properties":{"height":37.2,"gml_id":"bldg_ec9c1f62-8b8a-4c42-a01c-b86250d35bc9"},"geometry":{"type":"Polygon","coordinates":[[[139.7610155403605,35.69930435155665],[139.7610235710616,35.69931972562195],[139.76072799410932,35.69942257416356],[139.76071999653115,35.699407282123374],[139.76069502199383,35.699359584641826],[139.76068281052642,35.69933624984568],[139.76065836553704,35.69928955319505],[139.7606351119397,35.69924512870828],[139.76073912749337,35.69920895555176],[139.76073581806102,35.69920273501184],[139.76087575815785,35.69915396513456],[139.76088017050054,35.69916253079509],[139.7609125025922,35.699151283140296],[139.7609448346756,35.699140034575414],[139.76095410089448,35.69915770787945],[139.7609728921367,35.69915122932088],[139.76099276666073,35.69916881796023],[139.7610118505854,35.69920533486822],[139.76101977916187,35.699235896037216],[139.76099734010586,35.69924372356296],[139.76100207249104,35.699252768038086],[139.76097117735787,35.699263511814],[139.76096746330532,35.69926480755245],[139.76097862685526,35.69928616769226],[139.76100181756186,35.699278096350774],[139.7610155403605,35.69930435155665]]]}},{"type":"Feature","properties":{"height":8.3,"gml_id":"bldg_4a4435f9-9350-47e3-b123-d485d4bb659b"},"geometry":{"type":"Polygon","coordinates":[[[139.75944757646062,35.69573447418243],[139.7594443495746,35.695806734987094],[139.7594430631869,35.69583569519627],[139.75941256666957,35.6958347751036],[139.75941385305163,35.695805832922126],[139.75941707998174,35.69573355409093],[139.75944757646062,35.69573447418243]]]}},{"type":"Feature","properties":{"height":7.4,"gml_id":"bldg_9df88fa2-51df-4c49-ba77-1fb6079b8a28"},"geometry":{"type":"Polygon","coordinates":[[[139.7568484980997,35.695189379165924],[139.75677634661199,35.69518631371364],[139.75678006415708,35.695111862958626],[139.75678246379363,35.69506366825793],[139.75685415167155,35.69506611957936],[139.75685212033923,35.695110520651326],[139.7568484980997,35.695189379165924]]]}},{"type":"Feature","properties":{"height":7.5,"gml_id":"bldg_22cd225b-f2f9-4ca3-aef2-998bb2a86a9e"},"geometry":{"type":"Polygon","coordinates":[[[139.756734028555,35.69833845614738],[139.75672590399844,35.69835285485373],[139.75671775730424,35.698367289600185],[139.75661315038067,35.698327923286094],[139.75662119751786,35.69831361467486],[139.75662931107368,35.69829917991372],[139.756734028555,35.69833845614738]]]}},{"type":"Feature","properties":{"height":28.4,"gml_id":"bldg_22f761d4-fa00-4821-858b-aac824d91965"},"geometry":{"type":"Polygon","coordinates":[[[139.75845901923046,35.69909353660918],[139.75840614499035,35.69915146172882],[139.75836289689283,35.699125186938666],[139.7583336525357,35.699107420767604],[139.75828554515448,35.69907819544545],[139.75833852993526,35.699020270446994],[139.75845901923046,35.69909353660918]]]}},{"type":"Feature","properties":{"height":12.0,"gml_id":"bldg_56467abc-4f63-4af6-b226-898d4e288840"},"geometry":{"type":"Polygon","coordinates":[[[139.75824999493287,35.69692281957016],[139.75821634647556,35.69698327955091],[139.75817978391808,35.69696973709271],[139.7582134323981,35.69690927622069],[139.75824999493287,35.69692281957016]]]}},{"type":"Feature","properties":{"height":37.8,"gml_id":"bldg_1c30c6fd-b6b0-4d24-b88d-5023a4d296e6"},"geometry":{"type":"Polygon","coordinates":[[[139.7566076655587,35.6994279053534],[139.75665153099186,35.699443752328456],[139.75663968635052,35.69946553086713],[139.75660703053623,35.69952556826153],[139.75642973511285,35.69946145793462],[139.75647412521118,35.699379641995826],[139.7566076655587,35.6994279053534]]]}},{"type":"Feature","properties":{"height":8.4,"gml_id":"bldg_946942ee-adf0-469a-acbd-6461fa9d79b1"},"geometry":{"type":"Polygon","coordinates":[[[139.7610287834345,35.69680183537056],[139.76100065618292,35.69684435408781],[139.76098839613525,35.69686289689949],[139.76097613609,35.69688143069618],[139.76093753199103,35.69686444371604],[139.76089360397407,35.69684510995971],[139.76089837301174,35.69683789286179],[139.76087881141223,35.69682928202652],[139.76089038544072,35.69681178440139],[139.76088298494332,35.69680853501818],[139.7608940831702,35.696791758201655],[139.7609051703344,35.69677499039111],[139.76091257082146,35.69677824878667],[139.7609321324203,35.69678685060284],[139.760945563758,35.69679276264915],[139.76095967166185,35.69677142670787],[139.7610287834345,35.69680183537056]]]}},{"type":"Feature","properties":{"height":13.9,"gml_id":"bldg_fc668f8b-7447-473f-b7af-0d1ad2fc8197"},"geometry":{"type":"Polygon","coordinates":[[[139.7566476439075,35.696578748321464],[139.75662727650487,35.6966159618953],[139.75655017536283,35.69658779001934],[139.75657054279492,35.696550575557055],[139.7566476439075,35.696578748321464]]]}},{"type":"Feature","properties":{"height":18.7,"gml_id":"bldg_1df7b6be-6675-417a-9983-5d6a002f3aba"},"geometry":{"type":"Polygon","coordinates":[[[139.75708295759213,35.696748716626814],[139.75704478353612,35.69681482590106],[139.75693837879763,35.69677393540716],[139.75694764285853,35.6967578969136],[139.7569642340422,35.69672917178904],[139.75697655291327,35.69670783517995],[139.75708295759213,35.696748716626814]]]}},{"type":"Feature","properties":{"height":3.2,"gml_id":"bldg_e7232004-b938-4610-b392-3e8c6f3127d4"},"geometry":{"type":"Polygon","coordinates":[[[139.75061273272655,35.69285624276079],[139.75060498747655,35.692866603190865],[139.7505870967429,35.69285766733387],[139.75059484199437,35.692847306904945],[139.75061273272655,35.69285624276079]]]}},{"type":"Feature","properties":{"height":19.6,"gml_id":"bldg_d533543c-83fa-4be1-aa04-51f4c61b08e5"},"geometry":{"type":"Polygon","coordinates":[[[139.75167472255274,35.69683155660081],[139.75166530046016,35.69688233334901],[139.75165538947553,35.69693574176232],[139.75160898563107,35.69693003164142],[139.7516188966735,35.69687659619088],[139.75162831876813,35.696825845586],[139.75167472255274,35.69683155660081]]]}},{"type":"Feature","properties":{"height":5.3,"gml_id":"bldg_24f5502d-3b74-4773-bf3f-5699fa8ff2fb"},"geometry":{"type":"Polygon","coordinates":[[[139.75515016193546,35.69861974660427],[139.75513897655821,35.69864506870763],[139.7551087078616,35.6986361245874],[139.75512000374863,35.69861080255864],[139.75515016193546,35.69861974660427]]]}},{"type":"Feature","properties":{"height":31.8,"gml_id":"bldg_94bf3f42-4b15-4f70-ad9c-0dea4e4f131a"},"geometry":{"type":"Polygon","coordinates":[[[139.76199830963083,35.69576343241316],[139.7619515794871,35.6958014235729],[139.76188052610857,35.695743280046955],[139.76188146602092,35.69574251444085],[139.76162168869766,35.69552991620251],[139.7617126941608,35.69545587781214],[139.76204802991367,35.69573027344454],[139.7620028036062,35.695767112663425],[139.76199830963083,35.69576343241316]]]}},{"type":"Feature","properties":{"height":9.8,"gml_id":"bldg_3459c03b-cf8b-4ea5-a03c-f3cd3f24e4bf"},"geometry":{"type":"Polygon","coordinates":[[[139.75236730548173,35.695129310731936],[139.7523522830077,35.69516800543118],[139.75225362413119,35.6951425204024],[139.75226863559837,35.69510382570792],[139.75236730548173,35.695129310731936]]]}},{"type":"Feature","properties":{"height":43.3,"gml_id":"bldg_40aa53a1-e598-4294-8699-37f436011a10"},"geometry":{"type":"Polygon","coordinates":[[[139.7544884077135,35.69474040766877],[139.75448732565803,35.694762039828674],[139.7544678126683,35.69476138707408],[139.75441093109012,35.694759483960134],[139.75442995503064,35.69438163330089],[139.75449985230884,35.69438396857386],[139.75450051732574,35.694370664794334],[139.7545283955682,35.69437160244467],[139.75452908204434,35.69435782095313],[139.75454587683333,35.69435838178179],[139.7545456402713,35.69436297861184],[139.75456690998257,35.69436369559916],[139.75456501664414,35.694401335554026],[139.75457424273853,35.69440163904258],[139.75457203381984,35.694445579364164],[139.75456935177655,35.69449871334539],[139.75455990768646,35.69468637230612],[139.75449124766274,35.69468407393309],[139.7544884077135,35.69474040766877]]]}},{"type":"Feature","properties":{"height":7.8,"gml_id":"bldg_cec63f3c-af2b-4450-ab6e-d1e7dc44acad"},"geometry":{"type":"Polygon","coordinates":[[[139.75359427949007,35.692091459275986],[139.7536128246435,35.69210913840888],[139.75355477569587,35.69214966159945],[139.75353623045615,35.69213207259467],[139.75359427949007,35.692091459275986]]]}},{"type":"Feature","properties":{"height":5.8,"gml_id":"bldg_47539252-a759-4c77-bcd2-039705225ce1"},"geometry":{"type":"Polygon","coordinates":[[[139.75818522977846,35.69222484091714],[139.75819521283688,35.692183564405646],[139.7582670228927,35.692194425644495],[139.75825836628883,35.69223516216716],[139.75818522977846,35.69222484091714]]]}},{"type":"Feature","properties":{"height":33.5,"gml_id":"bldg_232427a0-2040-49b1-b71d-a838fd8cd442"},"geometry":{"type":"Polygon","coordinates":[[[139.75224502394065,35.69529883911143],[139.75229173961233,35.69531217478339],[139.75228606806257,35.695326115150024],[139.7522663726981,35.69537453156567],[139.75217522437157,35.695362934422796],[139.75220502455858,35.69528741885111],[139.75224502394065,35.69529883911143]]]}},{"type":"Feature","properties":{"height":29.4,"gml_id":"bldg_69028ab3-3235-4863-adcc-d18fec909a35"},"geometry":{"type":"Polygon","coordinates":[[[139.7616243056847,35.69302618330022],[139.76161516703476,35.69302708823968],[139.7616078844225,35.69295423519051],[139.7616664982253,35.69294537357903],[139.76167604290526,35.69300934857705],[139.7616808056204,35.693008865573645],[139.76168819757748,35.693058373204344],[139.76162997317388,35.693064161387014],[139.7616243056847,35.69302618330022]]]}},{"type":"Feature","properties":{"height":3.9,"gml_id":"bldg_eb22aee8-da1f-435b-8417-8483c5bee471"},"geometry":{"type":"Polygon","coordinates":[[[139.76059412043998,35.698753046646154],[139.76056945211786,35.69878214595458],[139.76041184684914,35.698693446011895],[139.76043651528312,35.69866425659851],[139.76059412043998,35.698753046646154]]]}},{"type":"Feature","properties":{"height":39.0,"gml_id":"bldg_8a2975fe-8f31-4f2f-a14a-dae94b47b522"},"geometry":{"type":"Polygon","coordinates":[[[139.75367042321324,35.69972116043966],[139.7537501999987,35.699749866821904],[139.75381493168348,35.699773164915676],[139.75375437518548,35.6998851650332],[139.7535434999829,35.69980930956009],[139.7536041672192,35.69969731142346],[139.75367042321324,35.69972116043966]]]}},{"type":"Feature","properties":{"height":17.0,"gml_id":"bldg_66d628e8-35c3-4ea1-824d-005e4bebd6e6"},"geometry":{"type":"Polygon","coordinates":[[[139.75952472963732,35.6966777324195],[139.75950291069302,35.696708726142084],[139.75943472084074,35.696805600423886],[139.7594177259065,35.69682974578405],[139.75937115963117,35.69680794010047],[139.7593757071066,35.69680148007694],[139.75935439002035,35.69679148882049],[139.75933243231202,35.696781208728254],[139.75936124405428,35.69674027723138],[139.75934886248208,35.69673447381782],[139.75938100458274,35.69668881217405],[139.75940253589752,35.696658223913005],[139.75941676200134,35.696664884754554],[139.75942510454655,35.696653036871034],[139.75945985899673,35.69666223414362],[139.75952472963732,35.6966777324195]]]}},{"type":"Feature","properties":{"height":9.4,"gml_id":"bldg_59c395ed-e5b4-4bbc-8e1d-809dbb1d3fa5"},"geometry":{"type":"Polygon","coordinates":[[[139.75474714632017,35.695595661000496],[139.75479498970626,35.69559767523725],[139.7547882566356,35.69570295078931],[139.75478537276715,35.69570283172956],[139.75476318573746,35.69570194292189],[139.75474030260094,35.695701026614564],[139.75469279064686,35.69569901257261],[139.75469952393112,35.69559364688911],[139.75474714632017,35.695595661000496]]]}},{"type":"Feature","properties":{"height":52.6,"gml_id":"bldg_91827c57-dceb-44d6-9858-a46aca7f9a85"},"geometry":{"type":"Polygon","coordinates":[[[139.75105375806672,35.6978357547062],[139.75104823166444,35.697858609647405],[139.7510450134379,35.697871956722864],[139.75104178415103,35.69788531280432],[139.75103887668504,35.697897335079524],[139.75091584356954,35.6978776190872],[139.75091877321827,35.6978655337343],[139.75086026174645,35.697856218572795],[139.75086669837006,35.69782941626746],[139.750872202722,35.69780656131941],[139.7508983485733,35.6976977839831],[139.7508366995877,35.69768791682618],[139.7508191656242,35.69776064529098],[139.75078723633047,35.69775549461004],[139.75077309808444,35.69781419107988],[139.75076748273875,35.69783749663172],[139.75078040914656,35.69783957864613],[139.7507729739386,35.69787031023088],[139.75073391846124,35.697864054977885],[139.7506334348887,35.69784795063039],[139.75063511066648,35.69784095715798],[139.75063877290555,35.697825727438556],[139.7506560189007,35.69775381814762],[139.75066539650186,35.69771475023975],[139.75067558292835,35.69771639772657],[139.75070395465934,35.697720996160015],[139.75071405340375,35.697679098444276],[139.75072459601583,35.69763538026649],[139.75075430457713,35.697640168893045],[139.75075829297128,35.697640811601104],[139.75077582687067,35.69756817328064],[139.7507966085043,35.69757150456981],[139.7508125068375,35.69757405733047],[139.75081810007933,35.69755072471924],[139.75083074028552,35.697498057374],[139.7508325935906,35.697490333911105],[139.75112576811682,35.697537316442244],[139.75112394817486,35.69754485875721],[139.7511112529039,35.69759752609534],[139.75109206568652,35.69767713993153],[139.75110954396195,35.697679928088306],[139.75109982260565,35.69772038390468],[139.75108231118097,35.69771758671016],[139.75107244574866,35.697758439027986],[139.75109002344507,35.697761272323966],[139.7510797359801,35.69780419840392],[139.75106206988457,35.697801355130984],[139.75105375806672,35.6978357547062]]]}},{"type":"Feature","properties":{"height":12.9,"gml_id":"bldg_8720fe59-044a-471a-9657-59964de1f7ea"},"geometry":{"type":"Polygon","coordinates":[[[139.75054329181813,35.697930363932436],[139.75052205642973,35.697949007664185],[139.75054769284122,35.69805565725183],[139.7505171896206,35.69806050366244],[139.75046664530566,35.69799764255689],[139.75048522637428,35.697981251332166],[139.75047142452573,35.697970876088554],[139.75048878896334,35.69795556476716],[139.75047598087755,35.69794591130317],[139.75051657157172,35.697910154885975],[139.75054329181813,35.697930363932436]]]}},{"type":"Feature","properties":{"height":8.4,"gml_id":"bldg_e89a32ea-d478-4ef0-87cf-faf47e1a139e"},"geometry":{"type":"Polygon","coordinates":[[[139.75933575511698,35.696629194844256],[139.7593731502003,35.69663868220331],[139.75931729888563,35.69671607459375],[139.7593075403904,35.696729590033435],[139.75924182265825,35.69669809181484],[139.75925160330968,35.696684523213264],[139.7592983600434,35.696619706572235],[139.75933575511698,35.696629194844256]]]}},{"type":"Feature","properties":{"height":39.7,"gml_id":"bldg_f2370576-6c0b-49c3-a952-a15e033502a6"},"geometry":{"type":"Polygon","coordinates":[[[139.7622646176376,35.69808243444043],[139.76219498007066,35.698107271092915],[139.76225653744297,35.698222322148844],[139.76201908391414,35.69830687434231],[139.76197500208733,35.698322568094525],[139.76181173270297,35.6980176281802],[139.7618558475608,35.69800191557776],[139.76216290462304,35.697892546015716],[139.7622646176376,35.69808243444043]]]}},{"type":"Feature","properties":{"height":30.1,"gml_id":"bldg_5692cc8a-473c-4d2f-ab47-fd2b9dacefab"},"geometry":{"type":"Polygon","coordinates":[[[139.75393699556327,35.69611466966734],[139.7540162127759,35.69614699992526],[139.75399155396207,35.6961872117872],[139.75397205269695,35.69621899022749],[139.7539476755982,35.69620904106416],[139.75389285753963,35.69618665094174],[139.7538237137093,35.6961584095584],[139.75386776338905,35.696086420138414],[139.75393699556327,35.69611466966734]]]}},{"type":"Feature","properties":{"height":91.7,"gml_id":"bldg_2e813bd9-ad04-4c9d-98e7-443221d0c15f"},"geometry":{"type":"Polygon","coordinates":[[[139.76025481344203,35.69373924458651],[139.7598082029228,35.69372887729645],[139.75983056428112,35.69308161732468],[139.76020137586357,35.693088152753425],[139.76020228976583,35.69305534344732],[139.76033770886718,35.69305774215796],[139.76039867840092,35.6930588247016],[139.7603975228009,35.69310233312249],[139.76041965066833,35.69327676158343],[139.76039810267469,35.69327855126967],[139.7603930573252,35.69323870766804],[139.76026799858099,35.693251251005634],[139.76026736807455,35.69327623659347],[139.76029678178836,35.69327605614134],[139.76028407167536,35.693643176331996],[139.76025821642773,35.6936426198179],[139.76025481344203,35.69373924458651]]]}},{"type":"Feature","properties":{"height":9.1,"gml_id":"bldg_ef916328-c9a8-4494-9907-fabd9933cf4b"},"geometry":{"type":"Polygon","coordinates":[[[139.7509575597012,35.698466421864616],[139.7509157284568,35.69852642440214],[139.75090399885548,35.69852093604742],[139.75087454230413,35.698507169996326],[139.75082460868563,35.69848381736586],[139.75085747592115,35.698436878567854],[139.7509575597012,35.698466421864616]]]}},{"type":"Feature","properties":{"height":24.5,"gml_id":"bldg_213881f4-ad64-479a-b286-3872dddee311"},"geometry":{"type":"Polygon","coordinates":[[[139.75551091384563,35.698315228424455],[139.75541360120334,35.698502469045394],[139.75538704560063,35.6984932939439],[139.75532068974448,35.69847038322701],[139.75527761976858,35.69845550975922],[139.75534108908857,35.69833338836024],[139.75536440429457,35.69828853331557],[139.75537493267214,35.6982682683457],[139.75551091384563,35.698315228424455]]]}},{"type":"Feature","properties":{"height":16.5,"gml_id":"bldg_0848c602-2be6-4f39-a789-cd66e0381075"},"geometry":{"type":"Polygon","coordinates":[[[139.76060200139008,35.694746942742064],[139.76063151456628,35.69474733914512],[139.76068449685403,35.694748047158825],[139.76068380248617,35.69478265933107],[139.76063082017555,35.69478195131704],[139.7606013069866,35.69478155491381],[139.76057783786587,35.694781243279714],[139.76057853227948,35.69474663110812],[139.76060200139008,35.694746942742064]]]}},{"type":"Feature","properties":{"height":28.8,"gml_id":"bldg_27be6eca-3644-41df-a89c-1177bfe8b427"},"geometry":{"type":"Polygon","coordinates":[[[139.75850403657316,35.69857446622952],[139.75837744547545,35.69852787682915],[139.75845182794777,35.69839361914317],[139.75863069019553,35.69845939500774],[139.75864480742345,35.69846458663963],[139.75854503673415,35.69857124678162],[139.7585287422268,35.69856528762145],[139.75851244882773,35.69855932755838],[139.75850403657316,35.69857446622952]]]}},{"type":"Feature","properties":{"height":28.0,"gml_id":"bldg_9fcca6c3-d794-4b7e-bcac-a9d6168d7ed1"},"geometry":{"type":"Polygon","coordinates":[[[139.75324759783612,35.6969105817403],[139.75320882804928,35.696895160554796],[139.75317701695843,35.696882502180415],[139.75318708923928,35.69686565328294],[139.75314312812526,35.69684813744316],[139.7531461719557,35.69684303772113],[139.75315497137035,35.69682831520966],[139.75312161403292,35.696814952722605],[139.75311076698782,35.6968330630153],[139.75301986264182,35.69679676735725],[139.75302087864205,35.696775315447894],[139.75304452523145,35.696775510594556],[139.75304642268526,35.69675658400799],[139.7530656564482,35.696749656291786],[139.75305374461135,35.696727654939394],[139.7530715375464,35.69672505283354],[139.75308791882802,35.69669766213044],[139.75318257870103,35.69673531229209],[139.7531605527073,35.696771983351475],[139.75320131057651,35.69678823513591],[139.7532242220797,35.69675003233078],[139.75325013480904,35.696760361236485],[139.75332075975047,35.696788494865444],[139.75324759783612,35.6969105817403]]]}},{"type":"Feature","properties":{"height":12.4,"gml_id":"bldg_b3df2ef9-e7ba-410b-a980-f58aecb32ffb"},"geometry":{"type":"Polygon","coordinates":[[[139.7567856103605,35.69824609863655],[139.75676723678467,35.69827790527734],[139.75667787416637,35.69824368741918],[139.75669624777066,35.698211879890515],[139.7567856103605,35.69824609863655]]]}},{"type":"Feature","properties":{"height":29.7,"gml_id":"bldg_05b6d998-7757-4ed9-a303-8b49c36bfc7a"},"geometry":{"type":"Polygon","coordinates":[[[139.75588635216312,35.698246965616],[139.7558822785806,35.69825435422093],[139.75587282525254,35.698271456121894],[139.7558345469232,35.69834076478738],[139.75578764351067,35.69832488040175],[139.7557441645332,35.6983101501547],[139.75571904482328,35.69830164306473],[139.75570124894267,35.698295610444134],[139.7556868553776,35.69829073376789],[139.75574022200368,35.69818224335086],[139.75588635216312,35.698246965616]]]}},{"type":"Feature","properties":{"height":81.6,"gml_id":"bldg_cb35fe9d-39a8-462a-9736-ad8856868e09"},"geometry":{"type":"Polygon","coordinates":[[[139.76096222398562,35.69359175717785],[139.7608927410511,35.6935960960426],[139.760748913121,35.693605077185964],[139.76074214990658,35.6935329554159],[139.7607005089608,35.693089329271984],[139.76091381845177,35.69307601836061],[139.76096222398562,35.69359175717785]]]}},{"type":"Feature","properties":{"height":13.6,"gml_id":"bldg_0c47c4b5-a9a1-418d-85d8-2c17597c38f7"},"geometry":{"type":"Polygon","coordinates":[[[139.75676999558576,35.694929320217526],[139.75676579237262,35.695049470099256],[139.7566600495034,35.695046969096765],[139.756664252875,35.69492681921887],[139.75676999558576,35.694929320217526]]]}},{"type":"Feature","properties":{"height":9.3,"gml_id":"bldg_5992a468-f435-4f45-bc63-9dcb5a4be768"},"geometry":{"type":"Polygon","coordinates":[[[139.75760928900922,35.699784661429824],[139.7576493121931,35.69980916777745],[139.75768215683436,35.69982928894806],[139.75765860662904,35.69985476485415],[139.7576353661253,35.69987991555615],[139.7576131457538,35.69986628279955],[139.75758146075862,35.699846838366625],[139.75754977577031,35.69982740293901],[139.75757317110168,35.69980213427143],[139.75759656641827,35.6997768655992],[139.75760928900922,35.699784661429824]]]}},{"type":"Feature","properties":{"height":11.4,"gml_id":"bldg_b35235bb-863c-425a-ad56-12cbf07fc0f6"},"geometry":{"type":"Polygon","coordinates":[[[139.76184342273046,35.693463207567305],[139.76186321794427,35.6935683280491],[139.7617724917246,35.69357971343418],[139.76175269661985,35.69347460105012],[139.76184342273046,35.693463207567305]]]}},{"type":"Feature","properties":{"height":28.8,"gml_id":"bldg_2aa2f1cd-b459-4e90-be55-824ace188cb8"},"geometry":{"type":"Polygon","coordinates":[[[139.7596514604776,35.691752708311085],[139.75968546061233,35.69178689103975],[139.7596823884713,35.691859504428834],[139.7596785710172,35.691949584108464],[139.75957007025193,35.69194663329081],[139.75957477629532,35.69189963874331],[139.7595794823331,35.69185264419524],[139.75958992032724,35.69174843418997],[139.7596514604776,35.691752708311085]]]}},{"type":"Feature","properties":{"height":8.0,"gml_id":"bldg_618eb819-9dfd-45c2-bdf2-0154eb21eaa9"},"geometry":{"type":"Polygon","coordinates":[[[139.76015397065103,35.69503918365834],[139.76017351695475,35.69503978142935],[139.7601710373765,35.69509305086079],[139.76010838752376,35.695091119891906],[139.76010859049623,35.69508665823629],[139.76011075664704,35.695037850394556],[139.76015397065103,35.69503918365834]]]}},{"type":"Feature","properties":{"height":32.1,"gml_id":"bldg_a3f51d6e-f966-42a4-bac7-5f210a042816"},"geometry":{"type":"Polygon","coordinates":[[[139.7507366621796,35.69839662171588],[139.7506566432656,35.69850848976458],[139.75059278276234,35.698478096794005],[139.7506085519733,35.69845605113418],[139.7505917529867,35.69844805255799],[139.75064738226357,35.69837029543183],[139.7506703662717,35.698381234907934],[139.7506730774657,35.69837744200643],[139.7507366621796,35.69839662171588]]]}},{"type":"Feature","properties":{"height":7.4,"gml_id":"bldg_78665318-cca3-44c3-aaad-1e274f607934"},"geometry":{"type":"Polygon","coordinates":[[[139.75868500201554,35.69890948222466],[139.75870592964915,35.69892288143089],[139.75862230907725,35.699009810759414],[139.75858045379798,35.6989830141173],[139.75866407438807,35.69889608391613],[139.75868500201554,35.69890948222466]]]}},{"type":"Feature","properties":{"height":7.9,"gml_id":"bldg_9eef21b2-4014-4033-aae0-925c9caee97e"},"geometry":{"type":"Polygon","coordinates":[[[139.75187521722765,35.694229529148586],[139.75188780796714,35.69423518024139],[139.7518492310539,35.69429238208981],[139.7518366513577,35.694286731000496],[139.75187521722765,35.694229529148586]]]}},{"type":"Feature","properties":{"height":9.8,"gml_id":"bldg_2e811677-b10a-423b-ab3e-1d61d1d99186"},"geometry":{"type":"Polygon","coordinates":[[[139.75633555880574,35.69903081382389],[139.75626939219316,35.69900571342622],[139.75626485389162,35.69901373270386],[139.7561548339229,35.69897210910728],[139.75619180425832,35.698907053970274],[139.75636799064608,35.69897386805032],[139.75633555880574,35.69903081382389]]]}},{"type":"Feature","properties":{"height":22.0,"gml_id":"bldg_d2758662-5d1f-493c-8da5-ea219c502f2c"},"geometry":{"type":"Polygon","coordinates":[[[139.75642732585064,35.69656166202424],[139.7564000918483,35.69661509581924],[139.75631801808711,35.69658719102728],[139.75632404055844,35.696575395956565],[139.756345252048,35.69653384738753],[139.75637561823987,35.69654414241439],[139.75642732585064,35.69656166202424]]]}},{"type":"Feature","properties":{"height":33.9,"gml_id":"bldg_344d2abc-c07d-4d60-99c7-03a11afd7e6d"},"geometry":{"type":"Polygon","coordinates":[[[139.75541901409346,35.696686663584174],[139.75537772373573,35.696762983727304],[139.75510356166058,35.696664286210265],[139.755128468855,35.69661824242577],[139.75521451719814,35.69664921526322],[139.75523090063228,35.69661884975055],[139.75541901409346,35.696686663584174]]]}},{"type":"Feature","properties":{"height":48.2,"gml_id":"bldg_0648aec4-38bb-497d-8e95-de5f53e10167"},"geometry":{"type":"Polygon","coordinates":[[[139.75729199465997,35.69957053143584],[139.75727738723617,35.69959269497879],[139.75730875797294,35.69960542409631],[139.7572344885265,35.69973382222132],[139.75725400734527,35.69974127085206],[139.75730761508328,35.69976172072529],[139.7571245599656,35.69994296036862],[139.7569276977189,35.69987398001153],[139.7568954525948,35.699862683416356],[139.75711537369864,35.69949371234307],[139.75729199465997,35.69957053143584]]]}},{"type":"Feature","properties":{"height":4.4,"gml_id":"bldg_7e788609-4570-431b-ba0e-214b09f805e1"},"geometry":{"type":"Polygon","coordinates":[[[139.76016768952837,35.69892758167411],[139.76005895464488,35.699025241952704],[139.7600083900298,35.69898777731058],[139.76011712492394,35.69889011707706],[139.76016768952837,35.69892758167411]]]}},{"type":"Feature","properties":{"height":31.3,"gml_id":"bldg_1463f03b-482a-410b-a8e3-5bb001a64132"},"geometry":{"type":"Polygon","coordinates":[[[139.76168536581753,35.69597740291495],[139.7617558679632,35.69603421310075],[139.76169100537342,35.69608393911867],[139.76163873842785,35.696122504637174],[139.76159945794052,35.695997344125345],[139.76168536581753,35.69597740291495]]]}},{"type":"Feature","properties":{"height":15.5,"gml_id":"bldg_df2cb793-b8ee-4972-9d50-2877d75fca12"},"geometry":{"type":"Polygon","coordinates":[[[139.75408088591615,35.69522146235668],[139.75405061593253,35.695304557700915],[139.7539920768321,35.695291187878006],[139.7540166891966,35.69521949114428],[139.75408088591615,35.69522146235668]]]}},{"type":"Feature","properties":{"height":28.4,"gml_id":"bldg_eacc19f3-26b2-48e7-a120-4dddc156b1cd"},"geometry":{"type":"Polygon","coordinates":[[[139.75963447949317,35.69705944841362],[139.7596043931743,35.697104570559894],[139.75954158885406,35.697076706808986],[139.7594448972318,35.697033814432025],[139.75946406223454,35.697005064403854],[139.75947498361376,35.69698869232516],[139.75963447949317,35.69705944841362]]]}},{"type":"Feature","properties":{"height":14.7,"gml_id":"bldg_df69aa92-7c7a-433c-a9e4-b32e7ae2e205"},"geometry":{"type":"Polygon","coordinates":[[[139.75386502279068,35.69962834803295],[139.7538560884119,35.69964526984008],[139.7538176384352,35.69971809307176],[139.75377919680903,35.69970456516748],[139.753754010928,35.69969569707803],[139.75376838125382,35.69966848524037],[139.75379243881537,35.69962290990658],[139.75380139534144,35.699605952064],[139.75386502279068,35.69962834803295]]]}},{"type":"Feature","properties":{"height":22.0,"gml_id":"bldg_04197af3-d2b6-4e8d-be10-54194af14141"},"geometry":{"type":"Polygon","coordinates":[[[139.75852397817488,35.697194436588134],[139.75853780787344,35.697199628956206],[139.75853426608077,35.69720584620285],[139.75857215404181,35.69722020241114],[139.7585760137031,35.697228586640215],[139.7585509994822,35.69727282832959],[139.75852974845208,35.697310402220154],[139.75851769716414,35.69730586985742],[139.75850855099978,35.697302429956025],[139.75849690841983,35.697298051078],[139.75848734251016,35.69729444866758],[139.7584395019081,35.697276454624564],[139.7584485225267,35.697260524029545],[139.75845868316637,35.69724258408964],[139.75847637017966,35.69721137166138],[139.75849262940275,35.69718265513532],[139.75852397817488,35.697194436588134]]]}},{"type":"Feature","properties":{"height":20.6,"gml_id":"bldg_718e1f5d-cbb7-4db7-8b02-67ab76b60de4"},"geometry":{"type":"Polygon","coordinates":[[[139.7562962075417,35.698124732563144],[139.7562630805142,35.69811207416411],[139.75622816404436,35.69809872956925],[139.75625511604915,35.69805191169492],[139.75625959883848,35.69804410870936],[139.75628031919024,35.69800813030843],[139.75629680028553,35.69797949534857],[139.7563131706865,35.69795104960298],[139.7563810815374,35.69797699838246],[139.75638971951423,35.69798030291491],[139.756317109699,35.698106538283824],[139.7563086043472,35.698103197776305],[139.7562962075417,35.698124732563144]]]}},{"type":"Feature","properties":{"height":37.0,"gml_id":"bldg_b9350575-c851-49d1-86ed-2a4411cb3f16"},"geometry":{"type":"Polygon","coordinates":[[[139.75354189741378,35.69509532920659],[139.7534646405241,35.695092934412386],[139.7533583680424,35.69508970906271],[139.75334490563975,35.695071491553406],[139.75334537156667,35.69504751633642],[139.7533609673896,35.69503168963669],[139.75338762406463,35.695004639217444],[139.75343314753545,35.69500575108519],[139.75348802035336,35.69504986356009],[139.75350857181206,35.69505077855928],[139.75350924449114,35.69504104511638],[139.75354427045386,35.69504251142984],[139.75354189741378,35.69509532920659]]]}},{"type":"Feature","properties":{"height":20.9,"gml_id":"bldg_5f48242a-3c26-444b-b207-2ff1ea327d94"},"geometry":{"type":"Polygon","coordinates":[[[139.75864340182574,35.69774414041375],[139.7586722653226,35.697755127080086],[139.7587600267421,35.69778854115155],[139.75874488564364,35.69781500498094],[139.75872393382647,35.69785159659544],[139.75871763609146,35.697862607422145],[139.75852223010887,35.6977883025611],[139.75852857214747,35.69777720343787],[139.75854947981824,35.69774062895552],[139.75856462098392,35.69771414712307],[139.75864340182574,35.69774414041375]]]}},{"type":"Feature","properties":{"height":23.3,"gml_id":"bldg_a469a8a9-7b12-44f1-b800-b602d8088b4b"},"geometry":{"type":"Polygon","coordinates":[[[139.7587049205365,35.69538058910694],[139.75870419577927,35.695399454320395],[139.7587006964741,35.695490625670836],[139.75869925812253,35.695528229912135],[139.75863152492636,35.695526475296695],[139.7586329632845,35.6954888980973],[139.7586364626667,35.6953977267489],[139.7586371874659,35.69537883359342],[139.7587049205365,35.69538058910694]]]}},{"type":"Feature","properties":{"height":18.4,"gml_id":"bldg_18fba405-1342-4910-9af8-c38d3a36b2d4"},"geometry":{"type":"Polygon","coordinates":[[[139.7589338310638,35.694887663659266],[139.75893200647238,35.69492486205219],[139.7589282218177,35.695002349549604],[139.75892691527494,35.69502903018109],[139.75885610015385,35.69502672395172],[139.7588574067193,35.6950000442224],[139.7588611914432,35.694922555825876],[139.75886301606744,35.69488535743406],[139.7589338310638,35.694887663659266]]]}},{"type":"Feature","properties":{"height":20.6,"gml_id":"bldg_e4cb4713-d361-4c8e-8b52-270b325b2944"},"geometry":{"type":"Polygon","coordinates":[[[139.75558703280922,35.699424870859076],[139.75562364357035,35.69943498983064],[139.755640755841,35.6994397240494],[139.75565236656115,35.69944293140214],[139.75562644834483,35.69950538043428],[139.7556148818011,35.69950219023358],[139.75558234743914,35.69949322764466],[139.75552381875144,35.69947710039205],[139.7555379852586,35.69944291161526],[139.75554973712528,35.69941456214634],[139.75558703280922,35.699424870859076]]]}},{"type":"Feature","properties":{"height":33.0,"gml_id":"bldg_5b596b37-0be3-41d4-bc85-f45290b5287f"},"geometry":{"type":"Polygon","coordinates":[[[139.7541572753531,35.69540851072812],[139.75413491575196,35.69540343933703],[139.7541160802163,35.69539917157832],[139.75410725348218,35.69539716563064],[139.7540933118697,35.695394010674946],[139.75408617535763,35.695392393427156],[139.7539104802897,35.69535255338347],[139.7539331447492,35.6952841363672],[139.75405517253174,35.69531155532869],[139.75406928819893,35.69527279672442],[139.75407142657656,35.69526694824473],[139.75407612442282,35.69525403471372],[139.75407886111427,35.69524653712172],[139.75408358110118,35.69523357943785],[139.7540879133063,35.695221674298004],[139.7542420959494,35.69522639972347],[139.7542472866287,35.69522910724211],[139.75425081870046,35.69523298454983],[139.75425224999674,35.695238214334296],[139.7542518029373,35.695243351846486],[139.7542479257599,35.69525326436328],[139.7541572753531,35.69540851072812]]]}},{"type":"Feature","properties":{"height":15.0,"gml_id":"bldg_1be061e0-3718-45de-824e-0b998bb38bdc"},"geometry":{"type":"Polygon","coordinates":[[[139.75550924830128,35.69703837402872],[139.75551789691932,35.69704195805551],[139.755482039166,35.69709953236128],[139.75547336845224,35.69709593930396],[139.75545164198158,35.69708692057103],[139.7554075925778,35.697068657364944],[139.7554184827307,35.69705116883832],[139.75544345037073,35.697011083081094],[139.75550924830128,35.69703837402872]]]}},{"type":"Feature","properties":{"height":20.2,"gml_id":"bldg_a4ad6e32-70ac-4025-be19-275524a4f07a"},"geometry":{"type":"Polygon","coordinates":[[[139.75945419349713,35.69994134809013],[139.7593869568213,35.69999618213537],[139.7592830052034,35.700080955059384],[139.75916860991094,35.699987656059804],[139.7590870095635,35.699921111781],[139.75916486271873,35.69985761327684],[139.7589778119066,35.6997049862768],[139.75891145978062,35.69975911843866],[139.758819259672,35.699683886339066],[139.75883739590546,35.69966911511601],[139.75878671348605,35.699627801047015],[139.75893897523855,35.69952099380445],[139.75945419349713,35.69994134809013]]]}},{"type":"Feature","properties":{"height":12.4,"gml_id":"bldg_65a4c5c2-e345-47eb-915f-5d53e191787d"},"geometry":{"type":"Polygon","coordinates":[[[139.7579333047579,35.697391784283724],[139.75791349073623,35.69742847562289],[139.75789744026306,35.69745819271998],[139.7578311627683,35.69743435502199],[139.75784725745268,35.69740464697507],[139.75786713780712,35.69736794667456],[139.7579333047579,35.697391784283724]]]}},{"type":"Feature","properties":{"height":6.7,"gml_id":"bldg_b18ba33c-5933-40ab-8b09-1e7a78dc6e5d"},"geometry":{"type":"Polygon","coordinates":[[[139.75610727625306,35.694774888893754],[139.7561601475242,35.69477611260813],[139.75615931784654,35.694800043437326],[139.75615848815966,35.69482398328008],[139.7560690655019,35.69482190685032],[139.75607073596944,35.694774036186736],[139.75610727625306,35.694774888893754]]]}},{"type":"Feature","properties":{"height":5.9,"gml_id":"bldg_1451254d-df78-40f4-bfc1-c411de0aa997"},"geometry":{"type":"Polygon","coordinates":[[[139.7612239218393,35.6968541507171],[139.76120388912483,35.69689010334832],[139.76114886211607,35.69688835776193],[139.76117763824567,35.69683690682994],[139.7612239218393,35.6968541507171]]]}},{"type":"Feature","properties":{"height":6.3,"gml_id":"bldg_807df989-74f6-4d13-a6a4-855166ddfc8d"},"geometry":{"type":"Polygon","coordinates":[[[139.76207108404458,35.69353932802312],[139.76207735160284,35.69357376405785],[139.76206873206743,35.69357484059916],[139.7620757690004,35.69361387407495],[139.7620347710182,35.693618896569],[139.7620213561523,35.693545337752624],[139.76207108404458,35.69353932802312]]]}},{"type":"Feature","properties":{"height":5.1,"gml_id":"bldg_3725c0cd-b9d2-4bd1-b1b6-b702d8235fb0"},"geometry":{"type":"Polygon","coordinates":[[[139.7623337797958,35.697546738405954],[139.76228635939006,35.69756463775831],[139.76223313745044,35.69747079183184],[139.7622805467552,35.69745290060593],[139.7623337797958,35.697546738405954]]]}},{"type":"Feature","properties":{"height":9.0,"gml_id":"bldg_41297e7c-1f2a-4eec-a276-0deb3be1b515"},"geometry":{"type":"Polygon","coordinates":[[[139.76121642783602,35.696242900663506],[139.76124220767716,35.69625451672873],[139.76126798753393,35.69626612377475],[139.76126307488352,35.69627337685683],[139.76122992550958,35.69632234642913],[139.76120874794427,35.69635363829925],[139.76119498363465,35.696373964943525],[139.76119186343175,35.696378569070895],[139.7611141040937,35.696343549314854],[139.76111722430784,35.696338936175785],[139.76113098863027,35.69631861044165],[139.76115216620937,35.696287326697394],[139.7611853266742,35.69623834813919],[139.76119022827157,35.69623110406731],[139.76121642783602,35.696242900663506]]]}},{"type":"Feature","properties":{"height":43.7,"gml_id":"bldg_174d7a0c-6a4a-4f60-8956-e21d094b19ca"},"geometry":{"type":"Polygon","coordinates":[[[139.7597977266014,35.69675162158873],[139.75976590794065,35.696794255841745],[139.7597622237799,35.69679920210734],[139.7598033438221,35.69681962521813],[139.75976938988205,35.696865114606396],[139.7597282587761,35.69684469057602],[139.75972497289519,35.696849106177474],[139.75967783340522,35.69682569582478],[139.7596723348157,35.69683307467433],[139.7596309055439,35.69681249809673],[139.75962874814292,35.69681539918481],[139.75960196436682,35.69680209659973],[139.75962526419138,35.696770878424125],[139.7596417045999,35.696748859025],[139.75967226207175,35.6967079095933],[139.75969683686085,35.69672011204254],[139.75969899425684,35.69671721095319],[139.7597977266014,35.69675162158873]]]}},{"type":"Feature","properties":{"height":36.3,"gml_id":"bldg_6aa9990d-c53c-4580-82b8-f9a9f16eb6b4"},"geometry":{"type":"Polygon","coordinates":[[[139.75733686026368,35.69640126412995],[139.7573357478834,35.696432351654686],[139.75734315110915,35.69643253660221],[139.7573425848494,35.696447048290345],[139.75715463113607,35.69644251278362],[139.75715514211205,35.696428073170914],[139.75715625457096,35.69639697663425],[139.75716723304686,35.696088553027074],[139.75734866680543,35.696092813987754],[139.75734603377725,35.696166048584466],[139.75734365070667,35.69623204534235],[139.7573419710125,35.69627876225385],[139.75738694277382,35.69627987227836],[139.75738489850997,35.69633818958309],[139.75733915322763,35.696337079069494],[139.75733686026368,35.69640126412995]]]}},{"type":"Feature","properties":{"height":14.2,"gml_id":"bldg_607937b3-c014-4ebe-9a9b-3a743dc2b5d5"},"geometry":{"type":"Polygon","coordinates":[[[139.7563032848809,35.696142941742586],[139.7563236158909,35.696143612750404],[139.75634385851149,35.6961442746846],[139.7563391238478,35.69624179981704],[139.75631879279535,35.696241146839164],[139.75629847278444,35.69624050287863],[139.75624122539656,35.69623867340615],[139.75624596026685,35.696141057239416],[139.7563032848809,35.696142941742586]]]}},{"type":"Feature","properties":{"height":22.2,"gml_id":"bldg_8162d695-cbac-459c-bd84-0b3baf926b0a"},"geometry":{"type":"Polygon","coordinates":[[[139.7578287687639,35.69985669157407],[139.75772468502626,35.699962808384356],[139.75762937943986,35.69990055403752],[139.7576613899426,35.69986790856074],[139.75771243634424,35.699815859551975],[139.75773335263352,35.6997945282774],[139.7578287687639,35.69985669157407]]]}},{"type":"Feature","properties":{"height":32.6,"gml_id":"bldg_847342e9-e5c4-411d-bd01-0879b52313a1"},"geometry":{"type":"Polygon","coordinates":[[[139.75283473488136,35.69985099557861],[139.7527895917649,35.699864512953006],[139.75277801485953,35.69983872605985],[139.75276729279005,35.69984196381144],[139.75270819539776,35.69971050467734],[139.75279359580736,35.69968489086559],[139.7528437129831,35.699669854403496],[139.75290558922674,35.699807309431044],[139.75291449801142,35.69982710042738],[139.75283473488136,35.69985099557861]]]}},{"type":"Feature","properties":{"height":12.8,"gml_id":"bldg_5094d35f-a269-4bea-aa06-95b6b1aecfcf"},"geometry":{"type":"Polygon","coordinates":[[[139.7567955047137,35.69794072109724],[139.75693226754123,35.69799101423424],[139.75691367136184,35.69802462259426],[139.7567769305793,35.69797433936546],[139.75672190955865,35.69795410467971],[139.7567405058029,35.69792049544765],[139.7567955047137,35.69794072109724]]]}},{"type":"Feature","properties":{"height":12.8,"gml_id":"bldg_9a7342f6-6e39-4851-a707-6632cbad10ee"},"geometry":{"type":"Polygon","coordinates":[[[139.7613487603796,35.696390651208645],[139.76131800089652,35.696436151961485],[139.7612987819437,35.69642748731675],[139.76132943093515,35.69638198740404],[139.7613487603796,35.696390651208645]]]}},{"type":"Feature","properties":{"height":33.0,"gml_id":"bldg_c9e56339-2069-4727-82ec-b806c0c64f64"},"geometry":{"type":"Polygon","coordinates":[[[139.7547620009599,35.69779969875249],[139.75472082724576,35.697868535565625],[139.75461169533938,35.69782519943224],[139.75465286912572,35.69775636175468],[139.7547620009599,35.69779969875249]]]}},{"type":"Feature","properties":{"height":3.6,"gml_id":"bldg_16b0b7f0-cd90-4cc3-adda-b38cec59cd4f"},"geometry":{"type":"Polygon","coordinates":[[[139.75429840339586,35.694489026310556],[139.75425509038837,35.69448764581131],[139.7542579109736,35.69442869809438],[139.754301334356,35.69443016880203],[139.75429840339586,35.694489026310556]]]}},{"type":"Feature","properties":{"height":4.1,"gml_id":"bldg_cbc193a8-29c8-4f5f-942f-28a71004a8a2"},"geometry":{"type":"Polygon","coordinates":[[[139.7622995776272,35.69230348669983],[139.76230078679794,35.69231053612627],[139.7622976926003,35.692310984985454],[139.76230462543538,35.69234280743513],[139.76230832127683,35.69236166627481],[139.76228659543068,35.69236498041114],[139.76228516489178,35.69235836261015],[139.7622733185309,35.69236007723459],[139.76227063346707,35.69234771786776],[139.76223664149455,35.69235262829078],[139.76222959543165,35.692311467577774],[139.7622995776272,35.69230348669983]]]}},{"type":"Feature","properties":{"height":9.3,"gml_id":"bldg_7dea4b78-864d-4176-bd82-be4998be6586"},"geometry":{"type":"Polygon","coordinates":[[[139.75904609726314,35.69697072642153],[139.759017102399,35.69701820978105],[139.7589527054297,35.6969922105737],[139.75898170040702,35.696944636191276],[139.75904609726314,35.69697072642153]]]}},{"type":"Feature","properties":{"height":17.2,"gml_id":"bldg_44008d01-36d8-4db0-836a-03912724926e"},"geometry":{"type":"Polygon","coordinates":[[[139.759452971702,35.69825904142599],[139.75934960746756,35.69821287291496],[139.75935047050706,35.698211647583506],[139.75924320952313,35.698161357329234],[139.75925545802414,35.69814400359833],[139.75927078249114,35.69812227290783],[139.75937803240666,35.698172545103645],[139.7594055279539,35.69813346961754],[139.75943014667877,35.698098484574196],[139.75953231578382,35.69814640995382],[139.759452971702,35.69825904142599]]]}},{"type":"Feature","properties":{"height":40.3,"gml_id":"bldg_a5ee512e-3abf-4fab-8c75-64f71ea3f6d2"},"geometry":{"type":"Polygon","coordinates":[[[139.7574260760887,35.69707823971214],[139.7573778053947,35.69705973119508],[139.7573721606972,35.69706946242056],[139.7573036202845,35.69704368505908],[139.75724877694475,35.69702305412109],[139.7572307338762,35.69705639337592],[139.75724652885734,35.69706316362959],[139.75723501791603,35.69708316674939],[139.75724429686517,35.69708632740713],[139.75723012536966,35.697115343437886],[139.75720737063213,35.6971067651412],[139.7572070372493,35.69710874794257],[139.7572105715166,35.697110552916016],[139.75721189442552,35.697113798681656],[139.75721133833068,35.6971175840806],[139.7572085731043,35.69712046671333],[139.75720569874898,35.69712190708628],[139.7571988467574,35.69712298439579],[139.75719497893613,35.69712334159574],[139.75703683445195,35.69706285062999],[139.75703001911629,35.69706025036683],[139.7570087446927,35.6970521074308],[139.7570132827233,35.69704417735776],[139.75700113226586,35.69703948343509],[139.7570171591362,35.697011604332445],[139.7570359641184,35.69697890556449],[139.75705676140066,35.696942710743315],[139.7570679956721,35.696923176176796],[139.75708525107797,35.6968931525841],[139.7570977329194,35.696897947661604],[139.75711184954955,35.69690337383004],[139.75712582258424,35.69690874582375],[139.75713497961684,35.69691226696047],[139.75723138811227,35.696949311127746],[139.75725892559305,35.6969016461022],[139.75726990516506,35.696882634149866],[139.75731287365235,35.696899156350014],[139.75730191618803,35.69691816832018],[139.75736242561442,35.69694139875371],[139.75749102207982,35.69699075769896],[139.75744205684836,35.69707555469442],[139.7574378952489,35.69708275401055],[139.7574260760887,35.69707823971214]]]}},{"type":"Feature","properties":{"height":23.3,"gml_id":"bldg_87b5822c-92ad-4085-a1d5-5a2caecacde6"},"geometry":{"type":"Polygon","coordinates":[[[139.75978350203562,35.69752543024717],[139.7597587618928,35.69756063162067],[139.7597340438614,35.69759579694763],[139.75965816289659,35.69756032672176],[139.75968289201688,35.697525143389576],[139.75970762111547,35.69748996005212],[139.75978350203562,35.69752543024717]]]}},{"type":"Feature","properties":{"height":16.5,"gml_id":"bldg_51cf4cf3-f522-4514-9942-370e30c2dfcb"},"geometry":{"type":"Polygon","coordinates":[[[139.75332711253344,35.69391298639408],[139.7532576829435,35.693940648333],[139.7531685921322,35.693972398372175],[139.75310276074106,35.69390459855935],[139.75374939321517,35.69366652537457],[139.75376057923967,35.6936847864066],[139.75378789348588,35.69372934924661],[139.75332711253344,35.69391298639408]]]}},{"type":"Feature","properties":{"height":24.4,"gml_id":"bldg_41a29bc0-c8d4-40c6-97b4-93ebc38fbecd"},"geometry":{"type":"Polygon","coordinates":[[[139.75461445692892,35.69524007420189],[139.7546139837807,35.69524929490199],[139.75461351047295,35.69525867784846],[139.75461160667825,35.69529571387411],[139.75461002940858,35.695326557704966],[139.7546097252655,35.69533246057452],[139.75458132849246,35.69533148654896],[139.7545587878617,35.6953307155517],[139.7545604665573,35.69529787976143],[139.75456256205828,35.69525694093236],[139.7545630464217,35.69524755799331],[139.75456351958462,35.69523832827975],[139.75461445692892,35.69524007420189]]]}},{"type":"Feature","properties":{"height":29.6,"gml_id":"bldg_d12b636c-affc-4091-8da3-883c21dfdc37"},"geometry":{"type":"Polygon","coordinates":[[[139.7603160415037,35.69178430064326],[139.7603114060002,35.69183924534713],[139.76030869159501,35.69187154880138],[139.76030621188337,35.69190093195899],[139.76027918685983,35.69189941027405],[139.76022928005986,35.691896603758295],[139.76022356790045,35.6918962848099],[139.7602335081326,35.69177965356808],[139.7603160415037,35.69178430064326]]]}},{"type":"Feature","properties":{"height":40.9,"gml_id":"bldg_cd2173f8-c407-484a-ba5e-a345a7130386"},"geometry":{"type":"Polygon","coordinates":[[[139.7513533314483,35.69707352703529],[139.7513461150773,35.69710665554917],[139.75134108578797,35.697129773143665],[139.7513367448218,35.69714973641473],[139.75120517471697,35.6971265617557],[139.75120977101747,35.69710547285346],[139.75121478925533,35.697082392212955],[139.7512430666003,35.69695247913521],[139.75121307050466,35.69694814111733],[139.75122005378796,35.696916066152156],[139.75125004986273,35.696920413181985],[139.75126740671587,35.696922921808856],[139.75126624098942,35.696928275147016],[139.7512888678676,35.696931554428716],[139.75129398593725,35.696908067334775],[139.7514276591016,35.69692742062165],[139.75147717751486,35.69693459314845],[139.75146938389338,35.69697038121842],[139.7514518536868,35.69705096071245],[139.75142201222343,35.69704664087924],[139.7513611029489,35.69703782008165],[139.7513533314483,35.69707352703529]]]}},{"type":"Feature","properties":{"height":33.3,"gml_id":"bldg_5cc55f91-7e7e-424d-a857-0d65442e19d4"},"geometry":{"type":"Polygon","coordinates":[[[139.75873947416176,35.69612685425337],[139.75873393090092,35.69626521101163],[139.75868586534577,35.696263919298],[139.75869129819233,35.69612556157214],[139.75873947416176,35.69612685425337]]]}},{"type":"Feature","properties":{"height":14.8,"gml_id":"bldg_a5e178e5-dd25-43f3-a466-4261b02c968e"},"geometry":{"type":"Polygon","coordinates":[[[139.75653985993586,35.69673224588941],[139.75658277269153,35.69674902971195],[139.75656760961087,35.69677482624449],[139.75656157758775,35.69678507997951],[139.75646895893414,35.696748848927434],[139.75649015406137,35.69671280768968],[139.75653985993586,35.69673224588941]]]}},{"type":"Feature","properties":{"height":18.0,"gml_id":"bldg_83dbc074-9dfe-4377-900c-aadf8c0c3e2a"},"geometry":{"type":"Polygon","coordinates":[[[139.75815761471043,35.69775003943265],[139.75813980288328,35.697784468719476],[139.7581297622657,35.69780388695106],[139.75811831575757,35.69782599939685],[139.75808717572525,35.697815307725236],[139.7580665077637,35.697808210042865],[139.7580880170454,35.69776664333373],[139.75810580675775,35.697732249194054],[139.75815761471043,35.69775003943265]]]}},{"type":"Feature","properties":{"height":14.5,"gml_id":"bldg_d93fc614-0473-4991-b498-011d3c9bb11a"},"geometry":{"type":"Polygon","coordinates":[[[139.75629155707477,35.696066633323085],[139.7562896893449,35.6961244008885],[139.75628916535317,35.69614072435171],[139.75625390605714,35.696140043780154],[139.7562121495977,35.696139232844246],[139.7562145414773,35.696065051680314],[139.75629155707477,35.696066633323085]]]}},{"type":"Feature","properties":{"height":14.9,"gml_id":"bldg_4d9e0f57-d10c-4a20-b956-43f5ed920c8c"},"geometry":{"type":"Polygon","coordinates":[[[139.7597169959881,35.69779768419209],[139.7597499882989,35.6978130997486],[139.75977052151782,35.697822693852075],[139.75975447801318,35.69784548868478],[139.75974574690693,35.69784719594885],[139.75973104770088,35.69785007134313],[139.7596387089905,35.6978069294049],[139.75965288266016,35.69778674741341],[139.75966294032247,35.69777242180041],[139.7597169959881,35.69779768419209]]]}},{"type":"Feature","properties":{"height":31.5,"gml_id":"bldg_5398d1bf-f97f-465f-a075-188ca740c2c0"},"geometry":{"type":"Polygon","coordinates":[[[139.75751660483675,35.69418660543357],[139.75751346993744,35.694206603949844],[139.7575062996758,35.69425235295568],[139.75749421579818,35.69432947644282],[139.75748276560745,35.69440249729262],[139.7572679058475,35.69438008887593],[139.75729852173316,35.694184790435614],[139.75731258640582,35.69418626043855],[139.7573158213665,35.694165665283954],[139.7573821120542,35.69417257556359],[139.75744761830467,35.69417941320266],[139.75751660483675,35.69418660543357]]]}},{"type":"Feature","properties":{"height":24.4,"gml_id":"bldg_9c45177b-3fd7-4ef8-a926-23da9bfcaa40"},"geometry":{"type":"Polygon","coordinates":[[[139.75627837579364,35.696249242311985],[139.75630496073413,35.69625022379162],[139.756327987763,35.69625106778401],[139.7563407719637,35.69625153565977],[139.7563398723828,35.69626775973203],[139.7563613082599,35.69626858467296],[139.7563607807292,35.696278256028336],[139.75635118619846,35.6963954909979],[139.7563543463489,35.69639560118312],[139.75635287310922,35.69642235288151],[139.75627188052533,35.69641941667808],[139.75627334275953,35.69639264694623],[139.75623312272936,35.6963911790015],[139.75623447243876,35.69636652741578],[139.7562379701436,35.696302938051794],[139.75623956724039,35.69627382484603],[139.75624099555242,35.69624786632458],[139.75627837579364,35.696249242311985]]]}},{"type":"Feature","properties":{"height":24.8,"gml_id":"bldg_9ab2c3a7-991c-4287-b335-2ab704534f9f"},"geometry":{"type":"Polygon","coordinates":[[[139.7598924331425,35.69176421282204],[139.7598832974542,35.69184638515166],[139.7598794749874,35.691881923838295],[139.75984067321474,35.69187853804638],[139.75980830158562,35.69187570600507],[139.75980360603938,35.691875298422005],[139.7598137484265,35.691779848632116],[139.75984514272028,35.69176400368878],[139.7598924331425,35.69176421282204]]]}},{"type":"Feature","properties":{"height":21.1,"gml_id":"bldg_b9b45802-c10a-43cb-8a1c-a59dff218b56"},"geometry":{"type":"Polygon","coordinates":[[[139.75916899820916,35.697551543551214],[139.7591521647692,35.69758002635851],[139.75908246464093,35.69755258176391],[139.7591475406646,35.69744247457755],[139.7593221775581,35.69751117626975],[139.7592884222438,35.69756830231447],[139.75920392041868,35.697535079921906],[139.75918348534785,35.697527045150494],[139.75916899820916,35.697551543551214]]]}},{"type":"Feature","properties":{"height":12.2,"gml_id":"bldg_1a492c68-4725-4588-87df-2799365a072b"},"geometry":{"type":"Polygon","coordinates":[[[139.75235009115636,35.6949643115839],[139.75241686713076,35.694983277134796],[139.75240121693625,35.69501993432417],[139.75233444094326,35.69500096065238],[139.75231473401578,35.694995367913556],[139.7523223985386,35.69497740877813],[139.75233038424503,35.69495871073532],[139.75235009115636,35.6949643115839]]]}},{"type":"Feature","properties":{"height":16.1,"gml_id":"bldg_c2938462-d3e7-4011-a08d-28e866d8e42e"},"geometry":{"type":"Polygon","coordinates":[[[139.7529162282443,35.699204435114886],[139.7529052296838,35.69920799718724],[139.75283667379531,35.69923021517195],[139.75277020705306,35.69925174857405],[139.7527351395112,35.69917997704034],[139.7528702063323,35.69913613468354],[139.75288116068356,35.6991325725848],[139.7529162282443,35.699204435114886]]]}},{"type":"Feature","properties":{"height":27.2,"gml_id":"bldg_c9b05d19-e395-4a4d-ae08-9598e09418bb"},"geometry":{"type":"Polygon","coordinates":[[[139.75828209093942,35.69634923522378],[139.75832301794887,35.69635094629419],[139.75832155970932,35.69637418268632],[139.75831965294174,35.69640439539726],[139.75829174212083,35.69640322424847],[139.7581827507229,35.69639863138109],[139.75816982706033,35.69639366578106],[139.75819860162648,35.69634573089732],[139.75828209093942,35.69634923522378]]]}},{"type":"Feature","properties":{"height":33.3,"gml_id":"bldg_38a1406f-b8a8-42c4-9c19-b01c87281101"},"geometry":{"type":"Polygon","coordinates":[[[139.75472319814494,35.69822251464838],[139.75464463627725,35.69819560342298],[139.754646828385,35.698191339577775],[139.7545789705069,35.698168094864144],[139.75457514891383,35.69813261357795],[139.75458434912068,35.6981147283234],[139.75461908100695,35.69810198765465],[139.75465344604365,35.698035227690085],[139.75464111831405,35.69803100122464],[139.75469304216182,35.697930162947976],[139.75479211686158,35.69796410108123],[139.75478332636536,35.69798117628874],[139.75483840349733,35.69800005082955],[139.75482078930088,35.698034264324605],[139.75482837815207,35.6980368652169],[139.75483074737187,35.69803226977994],[139.7548542761346,35.698040325333814],[139.75485202868654,35.69804469640973],[139.75486250064583,35.69804828077044],[139.75483305138596,35.69810547957378],[139.75482133117725,35.69810147075296],[139.75477194267717,35.69819738926202],[139.75474149884786,35.698186958577125],[139.75472319814494,35.69822251464838]]]}},{"type":"Feature","properties":{"height":29.2,"gml_id":"bldg_5cad5986-0bd9-4786-8373-6400ffc534af"},"geometry":{"type":"Polygon","coordinates":[[[139.75312960143756,35.69601102679541],[139.7531269785768,35.69609232856063],[139.75300443884882,35.69608972301687],[139.7530055805275,35.696053128184445],[139.75303722720847,35.69600898220127],[139.75312960143756,35.69601102679541]]]}},{"type":"Feature","properties":{"height":7.0,"gml_id":"bldg_0ba130b9-789a-4993-92a5-d60c3c03e47c"},"geometry":{"type":"Polygon","coordinates":[[[139.75851291244695,35.69527125098006],[139.75847961005758,35.695269770058],[139.7584825685801,35.69522546057407],[139.75846848081122,35.6952248388823],[139.75846965751342,35.695207199813304],[139.75849093831678,35.69520814956891],[139.75849138647604,35.69520154371058],[139.7585174957924,35.69520270467975],[139.75851291244695,35.69527125098006]]]}},{"type":"Feature","properties":{"height":82.3,"gml_id":"bldg_9c6b7fd8-b716-49bf-88d5-da8d62eaa47f"},"geometry":{"type":"Polygon","coordinates":[[[139.762011556652,35.698470594553264],[139.7619948659807,35.698476173150745],[139.76201605285362,35.698509175811026],[139.76204705230526,35.698566971926546],[139.76207628554184,35.698622783976234],[139.76210297327486,35.698683101357],[139.7621258925321,35.698756306078444],[139.76214108295514,35.69882247644727],[139.76215439791713,35.698885218699715],[139.76208876123732,35.69890842617495],[139.7619769533006,35.69894795708585],[139.76191619119024,35.69896944574153],[139.7618650750252,35.698917586689156],[139.76181363538922,35.69885680386978],[139.76176530171946,35.69878277275072],[139.76173087377532,35.69872839972756],[139.76169866018185,35.69866925075624],[139.76167164060843,35.69860965418352],[139.76164815558693,35.69855177231021],[139.76162512228842,35.69848307427272],[139.76161489546607,35.698427453711645],[139.76160831592213,35.69837102409037],[139.76167319871507,35.69835025012247],[139.76178971131486,35.6983129576809],[139.76184551928017,35.69829508964795],[139.76189950283953,35.69835280931414],[139.76194387761228,35.69840520518011],[139.7619657309868,35.69843424222119],[139.76198827998272,35.6984266840882],[139.76201922995568,35.698415885999836],[139.7619755451971,35.698333114434234],[139.7623357806801,35.698206504817755],[139.7624142155457,35.69835482626218],[139.76229317899973,35.698397389647134],[139.76231358735112,35.69843616055783],[139.76227677894755,35.698449092409746],[139.7621058905204,35.69850913886632],[139.7620738989431,35.698448638070985],[139.762011556652,35.698470594553264]]]}},{"type":"Feature","properties":{"height":33.4,"gml_id":"bldg_c78894d5-65f8-4163-b663-5e9bdde89b24"},"geometry":{"type":"Polygon","coordinates":[[[139.76118462401027,35.69239333920725],[139.761150740171,35.69222908929247],[139.7614253483598,35.69219148623608],[139.76145934323125,35.692355745154885],[139.76118462401027,35.69239333920725]]]}},{"type":"Feature","properties":{"height":19.0,"gml_id":"bldg_0b735bfa-2ba9-40db-b556-8eb3384b689c"},"geometry":{"type":"Polygon","coordinates":[[[139.75376693438898,35.69925619818846],[139.75374924504393,35.69928745497963],[139.75373784325922,35.699307611061755],[139.75372553376295,35.69932936196525],[139.75365516719737,35.69930570044598],[139.7536810722734,35.69925794414062],[139.7537208673647,35.69924363870236],[139.75376693438898,35.69925619818846]]]}},{"type":"Feature","properties":{"height":31.1,"gml_id":"bldg_20af0d0d-96fd-4c35-a2d4-7819523b0fbb"},"geometry":{"type":"Polygon","coordinates":[[[139.75166267807924,35.69834882300194],[139.75163269338046,35.69840860758357],[139.75161127886008,35.698451318836895],[139.75159542281517,35.69848292809384],[139.75158007608502,35.69851353717491],[139.751453926523,35.69847144764007],[139.7514673798622,35.698444614023124],[139.75153652873286,35.698306733552805],[139.75166267807924,35.69834882300194]]]}},{"type":"Feature","properties":{"height":22.5,"gml_id":"bldg_7fde6a97-39c6-4e5b-b86c-bd5d4388722d"},"geometry":{"type":"Polygon","coordinates":[[[139.76149572317905,35.69651404632445],[139.76149096826367,35.69651791937477],[139.76138752923723,35.696470094036734],[139.76137267334843,35.696463225736395],[139.76138694870642,35.69643979866704],[139.76143082364237,35.696431982969024],[139.7614355711113,35.69643640341569],[139.76143793637817,35.696435736913706],[139.76144145111877,35.696434748407974],[139.76146190957925,35.69642897293213],[139.76146906064142,35.6964269581342],[139.76149572317905,35.69651404632445]]]}},{"type":"Feature","properties":{"height":7.4,"gml_id":"bldg_43f61ec6-57ff-4a83-83c8-8d9c907589e8"},"geometry":{"type":"Polygon","coordinates":[[[139.76203947335412,35.69429465711588],[139.7619980257339,35.69430788269549],[139.76199091528977,35.69422729603516],[139.76203180148696,35.69422407532845],[139.76203947335412,35.69429465711588]]]}},{"type":"Feature","properties":{"height":9.4,"gml_id":"bldg_5a95777b-19c6-44d6-b5a4-0a21c8d26c44"},"geometry":{"type":"Polygon","coordinates":[[[139.7500759151809,35.69661539472156],[139.7500819167731,35.696582048211354],[139.75013417617293,35.696588303789824],[139.750128174602,35.69662165030264],[139.7500759151809,35.69661539472156]]]}},{"type":"Feature","properties":{"height":16.9,"gml_id":"bldg_104fbf55-e80d-4930-a93f-72867310dffb"},"geometry":{"type":"Polygon","coordinates":[[[139.75628362807248,35.697130009620395],[139.75638352977677,35.69716543423666],[139.7563893842571,35.69716751112808],[139.75649643295296,35.69720546405228],[139.75647832268564,35.69723937101279],[139.75644982890256,35.69729268683057],[139.7562273584568,35.69721376486884],[139.7562738522038,35.69712654210504],[139.75628362807248,35.697130009620395]]]}},{"type":"Feature","properties":{"height":32.4,"gml_id":"bldg_edc5b64d-193e-45b4-9c24-01d00987cce8"},"geometry":{"type":"Polygon","coordinates":[[[139.7560826261269,35.698336508442594],[139.75606209008865,35.69837597432237],[139.75604155402925,35.698415441099726],[139.75584072861798,35.698347348760784],[139.75586970660635,35.69829690877571],[139.75589275171944,35.69825679465542],[139.7560826261269,35.698336508442594]]]}},{"type":"Feature","properties":{"height":35.8,"gml_id":"bldg_86207486-572f-4f73-8337-58d2f42dda97"},"geometry":{"type":"Polygon","coordinates":[[[139.7534757210648,35.6979436572338],[139.7534802538719,35.697963535428116],[139.7534250615193,35.69797189054812],[139.75332199302665,35.69798749689146],[139.75330031987957,35.69789193736547],[139.75345847004198,35.6978679758567],[139.7534757210648,35.6979436572338]]]}},{"type":"Feature","properties":{"height":12.3,"gml_id":"bldg_78b80042-3ee9-45be-bb9f-0f37c2a622b2"},"geometry":{"type":"Polygon","coordinates":[[[139.75887443588016,35.699123025683164],[139.75889727396648,35.69913784929894],[139.7589136957435,35.69914851363306],[139.75893234832927,35.69916062243539],[139.7589219401469,35.69917129632178],[139.7588848976305,35.699209266116036],[139.75887258404927,35.69920127237134],[139.75881123705022,35.69916144798457],[139.75885868776612,35.699112803431206],[139.75887443588016,35.699123025683164]]]}},{"type":"Feature","properties":{"height":10.3,"gml_id":"bldg_f2afc4bb-38fd-4da8-bfb2-cc280ec5cef6"},"geometry":{"type":"Polygon","coordinates":[[[139.75067442926354,35.69875933492127],[139.75061388428318,35.698856677225386],[139.75055927653193,35.69883309593178],[139.75057079549595,35.6988178797317],[139.75052837384752,35.69879650614195],[139.7505846075853,35.698722235960226],[139.75062155116763,35.69874085659126],[139.75062603258942,35.69873494669051],[139.75067442926354,35.69875933492127]]]}},{"type":"Feature","properties":{"height":40.7,"gml_id":"bldg_fe5791ab-7007-4d7e-9950-8f212e623427"},"geometry":{"type":"Polygon","coordinates":[[[139.7579249507401,35.694962372363065],[139.7579575572113,35.694963483441306],[139.75802401871545,35.694965760434606],[139.7580792320498,35.6949676427711],[139.75801896764844,35.695249283049655],[139.75790659780506,35.69524344392869],[139.7579178675959,35.69508007776995],[139.75774874886383,35.69507217485446],[139.75775514343152,35.69501699702832],[139.75775554451863,35.69501349996646],[139.75777283511295,35.694957175226264],[139.7579249507401,35.694962372363065]]]}},{"type":"Feature","properties":{"height":3.7,"gml_id":"bldg_8dcc098c-d711-46dd-ba2f-8598bf258ebb"},"geometry":{"type":"Polygon","coordinates":[[[139.75552607029223,35.69977563519455],[139.755456474833,35.69975350665349],[139.7554456488664,35.69975007444755],[139.75546436217596,35.69971069673878],[139.75554489407037,35.699736258446165],[139.75552607029223,35.69977563519455]]]}},{"type":"Feature","properties":{"height":23.2,"gml_id":"bldg_e08e905b-b3e7-4130-b57b-f259b02459d4"},"geometry":{"type":"Polygon","coordinates":[[[139.75923229106212,35.69660966162213],[139.75922756594582,35.69661703191405],[139.75920784657154,35.69664781956102],[139.7591665597676,35.696712287101434],[139.75905054433827,35.696655536564684],[139.75903051998216,35.69664574525101],[139.75901822704748,35.69663972643084],[139.7590612814354,35.69656385680834],[139.75923229106212,35.69660966162213]]]}},{"type":"Feature","properties":{"height":15.7,"gml_id":"bldg_3ac527cc-b449-4fcf-810c-1ab40edaff84"},"geometry":{"type":"Polygon","coordinates":[[[139.75745214719643,35.697855191278556],[139.7574920681801,35.69786986368468],[139.75747546468634,35.69789986881285],[139.75746056336234,35.69789437909742],[139.7573426894543,35.697850930863126],[139.75735918240176,35.6978210158202],[139.75745214719643,35.697855191278556]]]}},{"type":"Feature","properties":{"height":15.5,"gml_id":"bldg_3db4ef92-9b09-4e57-9015-723f8e43a498"},"geometry":{"type":"Polygon","coordinates":[[[139.75583991345317,35.697225441183335],[139.75588776445395,35.69724347232075],[139.75586554921497,35.69728272166672],[139.7558429354752,35.69732267381969],[139.75577202051375,35.69729594762118],[139.7557826909454,35.69727708883956],[139.75581344032577,35.69722277411263],[139.75581684954759,35.69721674614835],[139.75583991345317,35.697225441183335]]]}},{"type":"Feature","properties":{"height":35.0,"gml_id":"bldg_d82faa36-f5e2-4b7e-a3d1-23b8915f78c1"},"geometry":{"type":"Polygon","coordinates":[[[139.7604813537397,35.698084523188534],[139.76047179073717,35.69815040657748],[139.76039743015698,35.698143241630504],[139.7604069933027,35.6980772672092],[139.7604813537397,35.698084523188534]]]}},{"type":"Feature","properties":{"height":9.5,"gml_id":"bldg_7102383a-e611-4077-a577-2afd0eed9d2b"},"geometry":{"type":"Polygon","coordinates":[[[139.75690425799317,35.69681891010028],[139.7569304258242,35.696828760650206],[139.7570345559477,35.696867973162355],[139.75700721655645,35.69691635935774],[139.75687688533873,35.69686735032748],[139.75684274231975,35.69685451116642],[139.75687008187518,35.69680603487111],[139.75690425799317,35.69681891010028]]]}},{"type":"Feature","properties":{"height":16.1,"gml_id":"bldg_c1442dc4-1df9-463f-b0b5-a20801a3af70"},"geometry":{"type":"Polygon","coordinates":[[[139.7566078530634,35.69670590616831],[139.7565863786346,35.69674519217805],[139.7564881793662,35.69670943530811],[139.75650976433226,35.69667014938622],[139.7566078530634,35.69670590616831]]]}},{"type":"Feature","properties":{"height":30.1,"gml_id":"bldg_3a920e1e-402d-49a1-bc59-031ad08bca53"},"geometry":{"type":"Polygon","coordinates":[[[139.76237731702895,35.69285617956035],[139.7624159243888,35.69305487413983],[139.7622786752512,35.69307263131624],[139.76224006821454,35.69287394660877],[139.76237731702895,35.69285617956035]]]}},{"type":"Feature","properties":{"height":10.5,"gml_id":"bldg_95460694-6ce9-406b-92a4-ed55b4504d81"},"geometry":{"type":"Polygon","coordinates":[[[139.75800221115014,35.698615075379166],[139.7579950608597,35.69862771711086],[139.75795373074564,35.698700855355135],[139.75790943522597,35.69868424241967],[139.75795078750608,35.69861106814953],[139.75795791566864,35.69859846155997],[139.75800221115014,35.698615075379166]]]}},{"type":"Feature","properties":{"height":27.7,"gml_id":"bldg_92ce29da-b667-44a8-9e30-67526ca52522"},"geometry":{"type":"Polygon","coordinates":[[[139.75118366101773,35.69823573578967],[139.75108229249022,35.69838141792985],[139.7510199804122,35.69837109972998],[139.7510643901247,35.69830725007135],[139.7510790752997,35.69828614103199],[139.75106675399547,35.69823277156861],[139.75116235283264,35.69821769386633],[139.75118366101773,35.69823573578967]]]}},{"type":"Feature","properties":{"height":7.1,"gml_id":"bldg_53fdf095-189a-4ec4-8087-a6be46a765a2"},"geometry":{"type":"Polygon","coordinates":[[[139.7601676048301,35.69522185357519],[139.76016309603582,35.695319199640544],[139.7600933744502,35.6953169939543],[139.76009799382507,35.69521964886021],[139.7601676048301,35.69522185357519]]]}},{"type":"Feature","properties":{"height":35.9,"gml_id":"bldg_6eaaad45-f02d-4c0c-a89f-aef80d04f8c2"},"geometry":{"type":"Polygon","coordinates":[[[139.75134211974125,35.696195243257634],[139.751578650946,35.69622892605526],[139.75156867989693,35.69627625018384],[139.75156677004347,35.69628534370257],[139.75129829818184,35.69624721339582],[139.75131028985808,35.69619070571331],[139.75134211974125,35.696195243257634]]]}},{"type":"Feature","properties":{"height":37.8,"gml_id":"bldg_be9afa31-114c-4ca2-a6fc-ce2d6365aa04"},"geometry":{"type":"Polygon","coordinates":[[[139.75462370176464,35.69673950814582],[139.75461086086233,35.69676293534883],[139.7546941475711,35.696793005382204],[139.7546164363752,35.6969363624313],[139.7543887783859,35.69685427888404],[139.75447933093395,35.69668740465574],[139.75462370176464,35.69673950814582]]]}},{"type":"Feature","properties":{"height":28.1,"gml_id":"bldg_508a396c-5e64-452e-99b7-fbb12ca78b2c"},"geometry":{"type":"Polygon","coordinates":[[[139.75464777748468,35.694975498977605],[139.75464413192833,35.69507589112796],[139.7546425191173,35.69512043575314],[139.75452107506862,35.69511749896327],[139.75452269899677,35.69507295434703],[139.7545230284202,35.69506382368988],[139.7545247662656,35.695015799861565],[139.75452634470517,35.69497256220049],[139.75464777748468,35.694975498977605]]]}},{"type":"Feature","properties":{"height":3.9,"gml_id":"bldg_08592053-7f73-44cb-9ae3-6f7712172f4f"},"geometry":{"type":"Polygon","coordinates":[[[139.7532920146968,35.69348630874038],[139.7532409377234,35.693514848188045],[139.75318829464646,35.69345207782014],[139.75323937150742,35.69342362943277],[139.7532920146968,35.69348630874038]]]}},{"type":"Feature","properties":{"height":19.2,"gml_id":"bldg_493caa87-25b0-4830-88cd-0e3d41192162"},"geometry":{"type":"Polygon","coordinates":[[[139.75187633350427,35.69525069142076],[139.75185535467003,35.69530055900725],[139.75184786696244,35.69531836499878],[139.7518053317993,35.69531229702357],[139.75181499055645,35.695289282589606],[139.7518361245852,35.69523894640304],[139.75187633350427,35.69525069142076]]]}},{"type":"Feature","properties":{"height":13.6,"gml_id":"bldg_94b0ca9d-27ab-43c7-8e52-9d425660f225"},"geometry":{"type":"Polygon","coordinates":[[[139.75010689052758,35.69870794440931],[139.7501351645128,35.69872184503573],[139.75009878048928,35.69877098955601],[139.75008094255807,35.6987950888381],[139.75002450506622,35.69876728762986],[139.75007861655214,35.69869404377619],[139.75010689052758,35.69870794440931]]]}},{"type":"Feature","properties":{"height":31.5,"gml_id":"bldg_a7cf6afa-c201-4678-88c4-61652794dbad"},"geometry":{"type":"Polygon","coordinates":[[[139.75427453006583,35.694965564703644],[139.75426253063418,35.694965070082866],[139.75423707328082,35.69496401678361],[139.75418453433213,35.694961855018775],[139.75418711700163,35.694920105281824],[139.75418959863654,35.69487995991583],[139.75418271499254,35.694879675965396],[139.75412039756975,35.69487711114014],[139.75412428247245,35.69481468484426],[139.7541865998468,35.69481724966746],[139.75431211854195,35.69482241585214],[139.75430545983255,35.69493014316428],[139.75430407865548,35.69495251424841],[139.7542754059846,35.6949513326546],[139.75427453006583,35.694965564703644]]]}},{"type":"Feature","properties":{"height":31.0,"gml_id":"bldg_bbef6c22-ac9f-485d-ac0c-f9db5fb25ca2"},"geometry":{"type":"Polygon","coordinates":[[[139.75997143490636,35.6987741573953],[139.76008107730334,35.6988559422766],[139.76010477483834,35.69887362442796],[139.75993074686156,35.69902877833018],[139.75990708245243,35.69901111509397],[139.75978575695618,35.69892057062616],[139.75978797560202,35.698911197744785],[139.75995519120542,35.698762033095605],[139.75997143490636,35.6987741573953]]]}},{"type":"Feature","properties":{"height":7.6,"gml_id":"bldg_576b6b97-35b7-4705-9a4d-b657be8b165c"},"geometry":{"type":"Polygon","coordinates":[[[139.7585759321531,35.69804999525526],[139.758602486672,35.69806056677544],[139.75862904120632,35.698071129276066],[139.7585745897938,35.698162223882065],[139.75854802419482,35.698151652349004],[139.7585214585945,35.69814108982375],[139.75850765112017,35.698135591904204],[139.75852332252572,35.69810938081908],[139.75853955837542,35.698082205617624],[139.7585621025906,35.69804449732818],[139.7585759321531,35.69804999525526]]]}},{"type":"Feature","properties":{"height":10.6,"gml_id":"bldg_67c8fb5d-5395-4d1d-b954-d9f51cb4da59"},"geometry":{"type":"Polygon","coordinates":[[[139.76219763047393,35.69400306655351],[139.76218943891982,35.693895439072136],[139.76223629094002,35.693893042067735],[139.76224448248408,35.69400075157064],[139.76219763047393,35.69400306655351]]]}},{"type":"Feature","properties":{"height":7.6,"gml_id":"bldg_0ed14bff-c1b5-4d46-8c94-b71edf7a81c1"},"geometry":{"type":"Polygon","coordinates":[[[139.76203897719168,35.69423138067265],[139.76203766608762,35.694214704557524],[139.76198871429116,35.694217290428924],[139.76198630674634,35.694191067257336],[139.76215714078046,35.694181965402265],[139.76216063851226,35.694224872666055],[139.76203897719168,35.69423138067265]]]}},{"type":"Feature","properties":{"height":30.3,"gml_id":"bldg_a61307a3-80ea-4e7a-b087-df84555c4699"},"geometry":{"type":"Polygon","coordinates":[[[139.75292500359075,35.69739782712583],[139.75292401502108,35.69740292821468],[139.7529183502571,35.697432083721424],[139.75291445154105,35.69745217263435],[139.75276706377457,35.697433145327686],[139.75277606919715,35.69737852838621],[139.75292500359075,35.69739782712583]]]}},{"type":"Feature","properties":{"height":31.5,"gml_id":"bldg_acebaa60-196d-44a3-a22b-ab66d52faafb"},"geometry":{"type":"Polygon","coordinates":[[[139.75956597404064,35.696155035610936],[139.75954937053407,35.69618628492408],[139.75950697621303,35.696266048145255],[139.75942786142244,35.69626389039441],[139.75940433693108,35.6962632449907],[139.75929780821883,35.696260331192285],[139.75929859978484,35.69624077196459],[139.75924688787768,35.69623938809538],[139.7593000117372,35.69614775241823],[139.75956597404064,35.696155035610936]]]}},{"type":"Feature","properties":{"height":40.0,"gml_id":"bldg_dc2708ed-3ac2-4490-833b-e6100c0b3071"},"geometry":{"type":"Polygon","coordinates":[[[139.75606505302005,35.695590925664305],[139.7560601580681,35.69559084139899],[139.7559932420287,35.69558963565896],[139.7557520194211,35.695585316110396],[139.75575396876025,35.69551212617018],[139.75608799619266,35.695518109740064],[139.75608696416745,35.69555704823673],[139.75606597012487,35.695556584078325],[139.75606505302005,35.695590925664305]]]}},{"type":"Feature","properties":{"height":40.4,"gml_id":"bldg_8a0c7f22-b7ff-4240-a9ba-6b55308c648b"},"geometry":{"type":"Polygon","coordinates":[[[139.75158847388374,35.69614265365771],[139.75159520218452,35.69614366776016],[139.75157945213437,35.69621261181533],[139.7515764442027,35.69622576976403],[139.7513857095432,35.696196939571465],[139.75132001747562,35.69618701672709],[139.75133644491802,35.696115009412885],[139.75134992355382,35.69611709084134],[139.75135314238725,35.69610303167242],[139.75140528941753,35.696110909087636],[139.75140084967413,35.69613028640718],[139.75142250397016,35.69613354517194],[139.75142605576025,35.6961180440368],[139.75146440370517,35.69612385691439],[139.7515072703344,35.696130348878405],[139.75158847388374,35.69614265365771]]]}},{"type":"Feature","properties":{"height":17.9,"gml_id":"bldg_2c709923-7785-40a5-9d68-89715f8cdc93"},"geometry":{"type":"Polygon","coordinates":[[[139.76056718499424,35.69495267732905],[139.76056200636762,35.695021628967716],[139.7605596686489,35.69505282395373],[139.76055878511323,35.69506450516855],[139.76055796863685,35.69507534815029],[139.76055566448244,35.69510608255637],[139.76048947994704,35.69510279759451],[139.76049179519282,35.695072045168985],[139.76049529609242,35.69502546541184],[139.760431873958,35.695022271325314],[139.76043757850985,35.694946199191456],[139.76056718499424,35.69495267732905]]]}},{"type":"Feature","properties":{"height":36.7,"gml_id":"bldg_bd5ee476-82cc-489d-8d9b-fb217a99298a"},"geometry":{"type":"Polygon","coordinates":[[[139.75766384457194,35.697690869749934],[139.757486334004,35.69762396658211],[139.7575235241463,35.69755837033752],[139.75768413412823,35.6976188631105],[139.75770870616995,35.69757543255857],[139.75779365052182,35.69760748359667],[139.75775214375534,35.69768082988977],[139.75768409990525,35.6976550981274],[139.75766384457194,35.697690869749934]]]}},{"type":"Feature","properties":{"height":30.6,"gml_id":"bldg_79806a72-3b57-40ae-b626-d9464f9bb1f3"},"geometry":{"type":"Polygon","coordinates":[[[139.75124023909513,35.697695151277095],[139.75130675108673,35.697704102144804],[139.75129064712567,35.69778359192065],[139.75122259932834,35.697774432681626],[139.75113375824267,35.697762482990285],[139.75114986235505,35.69768299323535],[139.75124023909513,35.697695151277095]]]}},{"type":"Feature","properties":{"height":18.3,"gml_id":"bldg_b2ad6db6-9000-48a7-9a5b-3d12a4e47354"},"geometry":{"type":"Polygon","coordinates":[[[139.75566375878714,35.69703916787633],[139.75565258026347,35.69705781900535],[139.75566132844432,35.69706129492177],[139.75571664523704,35.6970832789417],[139.7556416046514,35.69720903462883],[139.75562931924077,35.697229604957066],[139.75553010674932,35.69719020512286],[139.75552383279438,35.69718771328869],[139.75559662687434,35.697065597755426],[139.7556110705642,35.69704136025088],[139.75562222705656,35.697022646015604],[139.75566375878714,35.69703916787633]]]}},{"type":"Feature","properties":{"height":9.8,"gml_id":"bldg_a3c97caa-c564-4da1-8dd1-b9e2d7113a03"},"geometry":{"type":"Polygon","coordinates":[[[139.75612929555243,35.69566037232751],[139.75611045615557,35.6956599365998],[139.7560340488886,35.69565814791699],[139.7560350378237,35.695629539087186],[139.75604942426546,35.69562987281727],[139.75604992398542,35.69561584783015],[139.75611194477256,35.69561730278193],[139.75613077310877,35.69561773940368],[139.75612929555243,35.69566037232751]]]}},{"type":"Feature","properties":{"height":6.3,"gml_id":"bldg_480c6579-c7d7-41d3-86c8-45a2da79fac8"},"geometry":{"type":"Polygon","coordinates":[[[139.75258903837587,35.694954792288634],[139.75260535459867,35.69495886840803],[139.7525954937989,35.694985271920544],[139.75257913338177,35.69498118675648],[139.75246237906353,35.69495201217021],[139.752472239903,35.694925608668505],[139.75258903837587,35.694954792288634]]]}},{"type":"Feature","properties":{"height":15.8,"gml_id":"bldg_4f2471ae-50dc-457f-b08e-02b601d28188"},"geometry":{"type":"Polygon","coordinates":[[[139.756384845933,35.697302199821635],[139.75637511566643,35.69732024802544],[139.75636215305252,35.69734427925279],[139.75633172083133,35.69733338927783],[139.75619325706253,35.69728387044279],[139.7562158395158,35.69724179007095],[139.756384845933,35.697302199821635]]]}},{"type":"Feature","properties":{"height":6.9,"gml_id":"bldg_5a8ddf77-cc63-48a1-a4be-c245beb55274"},"geometry":{"type":"Polygon","coordinates":[[[139.7595337937845,35.69258433028488],[139.7595331720059,35.692599599109535],[139.7595325500444,35.6926150662354],[139.7593983262581,35.692611351353406],[139.7593995700496,35.69258061540431],[139.7595337937845,35.69258433028488]]]}},{"type":"Feature","properties":{"height":9.5,"gml_id":"bldg_83e7af20-6675-491a-92c1-82c14373d749"},"geometry":{"type":"Polygon","coordinates":[[[139.75458202920012,35.698383848548524],[139.75459997881353,35.69839080083138],[139.75455978072654,35.69847838759643],[139.7545411005827,35.69847266069129],[139.75452266347338,35.698467006051885],[139.7545640795898,35.69837689626299],[139.75458202920012,35.698383848548524]]]}},{"type":"Feature","properties":{"height":16.0,"gml_id":"bldg_0a3953d4-f4b8-47df-9277-5f14a6f0a1a2"},"geometry":{"type":"Polygon","coordinates":[[[139.76082773312461,35.69521189715575],[139.7608258802349,35.69523249233274],[139.76081467377642,35.695356839418],[139.760763505939,35.69535314812095],[139.76075821627398,35.69522771936786],[139.7607573834559,35.695207843668314],[139.76082773312461,35.69521189715575]]]}},{"type":"Feature","properties":{"height":15.3,"gml_id":"bldg_fae6b6a8-f37e-47d0-ac0a-dfd3c46a9998"},"geometry":{"type":"Polygon","coordinates":[[[139.7566520203161,35.69650880485387],[139.7566491998632,35.6965693750723],[139.75658038330363,35.696544183011376],[139.75660075045064,35.69650723985566],[139.7566520203161,35.69650880485387]]]}},{"type":"Feature","properties":{"height":79.2,"gml_id":"bldg_36eafd32-c83d-4ca3-b617-8d7cf7cac32f"},"geometry":{"type":"Polygon","coordinates":[[[139.75677916384564,35.69193769791089],[139.75683384968406,35.692281497141494],[139.75637503684345,35.69233014909106],[139.75629694789077,35.69183984403539],[139.7567558683756,35.691791282583274],[139.75676301847142,35.69183621141126],[139.7568257737553,35.69182912057283],[139.75677502488827,35.6915167365622],[139.7572733937035,35.691462971169244],[139.7573210684322,35.691756667632745],[139.75713348597168,35.69195421857832],[139.75685103844128,35.69198468694364],[139.75684234958436,35.69193117610218],[139.75677916384564,35.69193769791089]]]}},{"type":"Feature","properties":{"height":12.7,"gml_id":"bldg_eca64515-40e3-4ed8-978d-75d29d7dc529"},"geometry":{"type":"Polygon","coordinates":[[[139.7603026616673,35.69664366552192],[139.76025066359583,35.69671340084746],[139.7601828920053,35.69667995493775],[139.76014330705542,35.69666042524506],[139.76016831683893,35.69663196619312],[139.76019872455413,35.69659736307693],[139.7603026616673,35.69664366552192]]]}},{"type":"Feature","properties":{"height":33.6,"gml_id":"bldg_ae93cc6a-0c9b-4977-b121-0193428e2711"},"geometry":{"type":"Polygon","coordinates":[[[139.7615029852737,35.69913595312953],[139.76149406150017,35.699118271959634],[139.76148864545777,35.6991075505494],[139.76145437943202,35.699119069417684],[139.76142706762403,35.69906499711018],[139.76139922638953,35.69900987077934],[139.76138720303715,35.698986075566104],[139.76137308388638,35.69895812559064],[139.7615560198735,35.69889658117667],[139.76156991855729,35.69892399107957],[139.76160196276365,35.69891317572447],[139.76161921733896,35.69890734513459],[139.76170106487206,35.699069369866855],[139.7615029852737,35.69913595312953]]]}},{"type":"Feature","properties":{"height":31.9,"gml_id":"bldg_2fba5538-cb84-4372-a1fd-188b4d1ae97e"},"geometry":{"type":"Polygon","coordinates":[[[139.75390583219448,35.69460205205364],[139.7539034087773,35.69468364242521],[139.75396130762974,35.69468476225822],[139.75395936221173,35.69475236369002],[139.75390146330153,35.69475125286973],[139.75370599923824,35.69474750924262],[139.75372852560793,35.69472910014804],[139.75377137765437,35.6946940832306],[139.7538865637611,35.69459996618864],[139.7539063806998,35.69458377264117],[139.75390583219448,35.69460205205364]]]}},{"type":"Feature","properties":{"height":15.0,"gml_id":"bldg_445f115c-32d2-4900-ae62-a639c0b370ca"},"geometry":{"type":"Polygon","coordinates":[[[139.75150695094726,35.69606441259543],[139.7515122981626,35.69606528244598],[139.75150064707407,35.696113047099225],[139.75149528880496,35.696112178142],[139.75144884312957,35.6961046291371],[139.75140335863864,35.69609723400126],[139.7513508365978,35.69608869833021],[139.75136248777204,35.696040933691386],[139.75150695094726,35.69606441259543]]]}},{"type":"Feature","properties":{"height":13.2,"gml_id":"bldg_471c9b89-07a0-4f41-b7f6-0070c3a6d1ec"},"geometry":{"type":"Polygon","coordinates":[[[139.75299319760825,35.69734921675358],[139.75304372245904,35.69735590256809],[139.7530286190379,35.69743115681471],[139.75299170595537,35.697426237749305],[139.75292266382112,35.69741702472508],[139.75293765674894,35.69734186055474],[139.75299319760825,35.69734921675358]]]}},{"type":"Feature","properties":{"height":10.2,"gml_id":"bldg_b6332181-ef8f-49c5-aa27-9b31c01b4cc6"},"geometry":{"type":"Polygon","coordinates":[[[139.75697305313884,35.69735373610196],[139.75700236942504,35.69736460717981],[139.75698884314244,35.69738895359634],[139.75696871975362,35.697425157844215],[139.75682854506186,35.697373149974716],[139.7568350758248,35.697361346189325],[139.75684113051594,35.69735050656602],[139.7568485799634,35.697337089912835],[139.7568555644835,35.69732453827817],[139.7568622058586,35.697312608369785],[139.75697305313884,35.69735373610196]]]}},{"type":"Feature","properties":{"height":8.4,"gml_id":"bldg_cb45cbe1-6c8d-4104-87ad-89cd44a2ea02"},"geometry":{"type":"Polygon","coordinates":[[[139.759221139018,35.6946778488208],[139.75922855322665,35.69467793540982],[139.75922762598196,35.69472471501809],[139.75918088662857,35.694724145414376],[139.7591813268309,35.69470219733667],[139.7591818139014,35.69467736490514],[139.759221139018,35.6946778488208]]]}},{"type":"Feature","properties":{"height":32.8,"gml_id":"bldg_3871fa2a-f507-4f1b-a88e-270b2e1d6996"},"geometry":{"type":"Polygon","coordinates":[[[139.76267336426474,35.69398164265609],[139.7626733571667,35.69397716284452],[139.7626773920818,35.69397507403516],[139.76272923878204,35.693972373304724],[139.76274136440935,35.69403017624064],[139.76273806007188,35.69403077822058],[139.76273953120776,35.6940415585634],[139.7622256403554,35.694227858558634],[139.76221444528943,35.69421752224899],[139.76221384864616,35.69421748584172],[139.76219846197972,35.6940248089831],[139.76224059586053,35.69402249031225],[139.76227815363293,35.69402198067876],[139.76227810081667,35.69401923958235],[139.76229298470352,35.6940190329394],[139.76229315398194,35.69402750591436],[139.7622811213634,35.69402715629244],[139.76228151449376,35.694044859425084],[139.7622934712951,35.69404348738613],[139.76235800127694,35.69404262408024],[139.7623576202653,35.6940236950922],[139.76240933263458,35.69402300357343],[139.7624089411184,35.69400344542324],[139.76246289654904,35.69400272816192],[139.76246254737742,35.69398525039799],[139.76253056900353,35.69398433497296],[139.76253130274822,35.69399177170449],[139.76256338895345,35.69398106427249],[139.76258547711325,35.693980860927084],[139.76259713922065,35.69400037342055],[139.76260096739233,35.69400718101113],[139.7626356859317,35.69399358170983],[139.76267336426474,35.69398164265609]]]}},{"type":"Feature","properties":{"height":12.9,"gml_id":"bldg_5f48bade-6dc6-46df-a659-9422dd47eb74"},"geometry":{"type":"Polygon","coordinates":[[[139.75687764784027,35.697793398553245],[139.75685241270824,35.69783637872918],[139.75679983407105,35.69781588423335],[139.75682506931003,35.697772814832845],[139.75687764784027,35.697793398553245]]]}},{"type":"Feature","properties":{"height":14.1,"gml_id":"bldg_49547267-892b-4f34-b3b6-76d8415aa939"},"geometry":{"type":"Polygon","coordinates":[[[139.75060598419583,35.69853495520619],[139.75060565964552,35.698538921006424],[139.75060364655127,35.69856329263871],[139.75060229147178,35.69857966056706],[139.75055670285158,35.69863966039604],[139.7505427750057,35.69864415766211],[139.75047330574776,35.698609136748544],[139.750476979403,35.69860429892619],[139.7505037461946,35.698569028754214],[139.75054091426958,35.69852004689532],[139.7505507623119,35.69850706494203],[139.75060598419583,35.69853495520619]]]}},{"type":"Feature","properties":{"height":25.6,"gml_id":"bldg_3c9753ee-a656-4b19-95f5-ed697216b8f9"},"geometry":{"type":"Polygon","coordinates":[[[139.75402043635972,35.69502843934105],[139.75401994786358,35.69504193342169],[139.75401923212954,35.69506173423479],[139.75401902768274,35.69506734242097],[139.7540186757286,35.69507685073567],[139.75401838020875,35.695085161167476],[139.75401805105793,35.69509395831666],[139.75401761925602,35.69510599131458],[139.75389414217014,35.69510299756915],[139.75389690239217,35.69502721314657],[139.75391175277574,35.69502757357798],[139.75391950945135,35.69502775987057],[139.753937586261,35.69502819543816],[139.75393765430104,35.695026437812544],[139.75398828262402,35.695027661001525],[139.75402043635972,35.69502843934105]]]}},{"type":"Feature","properties":{"height":26.7,"gml_id":"bldg_8c32fcc8-622f-40db-92c9-e30a819ba7a6"},"geometry":{"type":"Polygon","coordinates":[[[139.7500123037807,35.699013415983],[139.75012274542698,35.69907158560142],[139.75014517614474,35.69908340002326],[139.75016693318065,35.69909485342794],[139.7501886902134,35.699106315842336],[139.75006919095475,35.69925721342213],[139.7499805392558,35.699210523356875],[139.7498928485111,35.69916433144776],[139.749908195373,35.69914494372634],[139.74987926018102,35.69912920379665],[139.7498997189695,35.69910335770697],[139.74992731429077,35.699068719198834],[139.74997219322435,35.69901178377561],[139.74998304781283,35.698998009362384],[139.7500123037807,35.699013415983]]]}},{"type":"Feature","properties":{"height":9.6,"gml_id":"bldg_8a5dbc27-4b4e-4c8d-9c0c-70b665ba60a6"},"geometry":{"type":"Polygon","coordinates":[[[139.75625886210423,35.6988441633479],[139.75631107799066,35.69886323368183],[139.75630080539926,35.6988819665682],[139.75629591262637,35.698890896002965],[139.75624368567534,35.69887182565545],[139.7562098618909,35.69885947326236],[139.75622502727893,35.69883181095196],[139.75625886210423,35.6988441633479]]]}},{"type":"Feature","properties":{"height":23.3,"gml_id":"bldg_003e933e-811b-4230-a0ef-7ed771643b9e"},"geometry":{"type":"Polygon","coordinates":[[[139.75200344843688,35.69738440857605],[139.75198510963764,35.69746734016951],[139.75198302264593,35.6974767851073],[139.75181730052049,35.69744945165032],[139.75181928757664,35.69744050240071],[139.75182264001765,35.6974254247657],[139.75183623847147,35.69736427607881],[139.75183783699524,35.697357075221824],[139.75200344843688,35.69738440857605]]]}},{"type":"Feature","properties":{"height":14.7,"gml_id":"bldg_f8d067b5-8816-41ec-bb2f-8f039f6111e7"},"geometry":{"type":"Polygon","coordinates":[[[139.7568929629778,35.69334722424529],[139.75702423986888,35.69336024218881],[139.7571624441404,35.693373949413676],[139.75726703924676,35.693384327220606],[139.75723112037528,35.693625601196],[139.75712648076083,35.69361522332991],[139.7569882760794,35.693601516063794],[139.7568569987989,35.6935884980811],[139.75674543193045,35.6935774304418],[139.7567813522426,35.69333615661116],[139.7568929629778,35.69334722424529]]]}},{"type":"Feature","properties":{"height":22.7,"gml_id":"bldg_656b4b0c-4f83-4ce2-8268-e2f5714c5381"},"geometry":{"type":"Polygon","coordinates":[[[139.75355421256245,35.69637645365682],[139.753558123764,35.696387993775595],[139.7535620349667,35.69639953389422],[139.753468189513,35.69654269924361],[139.75343235279388,35.69653362571471],[139.75337572548744,35.69651929239818],[139.7533848285251,35.69641063837993],[139.75338847418013,35.69636714973373],[139.75355421256245,35.69637645365682]]]}},{"type":"Feature","properties":{"height":34.0,"gml_id":"bldg_a70617c1-b71e-4735-893b-facad96ec73a"},"geometry":{"type":"Polygon","coordinates":[[[139.75421052258,35.69598037357342],[139.75420458926192,35.696058248885144],[139.75423817894318,35.69605998356204],[139.7542359959114,35.69608866369957],[139.7542339359657,35.696115784548894],[139.75423235748002,35.696136505992285],[139.75408518139906,35.696129017963024],[139.75409693651864,35.6959745309984],[139.75421052258,35.69598037357342]]]}},{"type":"Feature","properties":{"height":27.4,"gml_id":"bldg_2c8b020a-cdd3-4b62-afdb-ec50e084e3a8"},"geometry":{"type":"Polygon","coordinates":[[[139.75044714993714,35.69665513088247],[139.75059343370728,35.696671275890544],[139.7505585193145,35.69688199200483],[139.7504688042406,35.69687210535609],[139.75049215465407,35.69673132756037],[139.7504355856777,35.696725069169645],[139.75044714993714,35.69665513088247]]]}},{"type":"Feature","properties":{"height":6.9,"gml_id":"bldg_2a4130aa-a193-4e13-8509-c107809b910d"},"geometry":{"type":"Polygon","coordinates":[[[139.75905547851255,35.69877013442131],[139.75900006412948,35.698827247005816],[139.75895688380254,35.69879936803277],[139.75901240869786,35.69874225643749],[139.75905547851255,35.69877013442131]]]}},{"type":"Feature","properties":{"height":24.7,"gml_id":"bldg_e81498a3-6276-47d9-8b90-1eb1cafe1dce"},"geometry":{"type":"Polygon","coordinates":[[[139.76145052944204,35.69453136708886],[139.76134048086791,35.694537710062484],[139.76133698170693,35.69449686691288],[139.76144691981028,35.69449043373944],[139.76145052944204,35.69453136708886]]]}},{"type":"Feature","properties":{"height":14.1,"gml_id":"bldg_d02764be-35a1-485b-9037-7f4a4fff4442"},"geometry":{"type":"Polygon","coordinates":[[[139.75230779285596,35.694877157647774],[139.75222298460176,35.69507584258889],[139.75218392422522,35.69506474834827],[139.75204268392892,35.695024641262165],[139.75202853339798,35.695020620611494],[139.75203628657664,35.69500247226669],[139.75211334208558,35.694821925891034],[139.75230779285596,35.694877157647774]]]}},{"type":"Feature","properties":{"height":15.4,"gml_id":"bldg_5f4d8236-1a4f-4154-80bd-5d568c858150"},"geometry":{"type":"Polygon","coordinates":[[[139.7569902435862,35.69455151584818],[139.7569896843205,35.69455863631313],[139.75700229139298,35.69455917611582],[139.7570536588567,35.69456138097703],[139.75704132145904,35.694753364874416],[139.75698996491357,35.69475116902856],[139.75658731111912,35.69473396724803],[139.75659348037655,35.69463796631022],[139.7566000984061,35.69453486286436],[139.7569902435862,35.69455151584818]]]}},{"type":"Feature","properties":{"height":28.6,"gml_id":"bldg_b96bab70-6bc1-47dc-8b6f-719df167b14f"},"geometry":{"type":"Polygon","coordinates":[[[139.7568903925062,35.69693244677714],[139.75690299590917,35.69693722302322],[139.75697589907523,35.696964833160116],[139.75685547379277,35.69717648833483],[139.75678252626747,35.69714888711137],[139.7567700222362,35.69714416499818],[139.75665786165885,35.697101729256],[139.7566860864403,35.69705217192541],[139.75666145398043,35.697042872135846],[139.75670613781836,35.69696422007063],[139.75674125834814,35.69690239857889],[139.7567720764839,35.69691404674801],[139.75678447314584,35.6968923316337],[139.7568903925062,35.69693244677714]]]}},{"type":"Feature","properties":{"height":8.4,"gml_id":"bldg_2d8951ca-1ee4-4512-9af9-91278884ce02"},"geometry":{"type":"Polygon","coordinates":[[[139.7583414116357,35.69929427937151],[139.75838620593228,35.699321537623455],[139.75836877292824,35.6993405636784],[139.75835136205018,35.69935955368976],[139.75830663403812,35.69933230357864],[139.7583240228364,35.69931329643389],[139.7583414116357,35.69929427937151]]]}},{"type":"Feature","properties":{"height":14.3,"gml_id":"bldg_9d7581c9-1332-4121-bf66-fe953a700e7a"},"geometry":{"type":"Polygon","coordinates":[[[139.75683199611623,35.697566207409146],[139.7568862441638,35.69758563933634],[139.7568713001549,35.6976133920136],[139.75681705209217,35.69759396007974],[139.75679972055815,35.69758774764219],[139.7568146645871,35.69755999497374],[139.75683199611623,35.697566207409146]]]}},{"type":"Feature","properties":{"height":21.6,"gml_id":"bldg_ba4beaf1-b1bc-4363-be3f-c3ad3cc7c87d"},"geometry":{"type":"Polygon","coordinates":[[[139.76146281394932,35.69870913095511],[139.76147836588848,35.698741228975145],[139.7614897266182,35.69876458121259],[139.7614727044252,35.6987700694026],[139.76152586907997,35.698879707594884],[139.76132701721315,35.69894403668721],[139.76127793467444,35.69884305399403],[139.76130015202054,35.698835856339606],[139.761297063686,35.6988294998403],[139.7612712539967,35.69877643882848],[139.76124771023828,35.69878408636782],[139.76119818686513,35.698682021732765],[139.76139869508717,35.69861715301857],[139.76144601285037,35.698714529136495],[139.76146281394932,35.69870913095511]]]}},{"type":"Feature","properties":{"height":9.4,"gml_id":"bldg_72bafc8f-4399-4b7a-9c82-58a7d6bd522a"},"geometry":{"type":"Polygon","coordinates":[[[139.75473998504125,35.69185758611955],[139.75483594769116,35.691913804079924],[139.75478119305987,35.69197596289043],[139.7546852304626,35.69191965475],[139.75473998504125,35.69185758611955]]]}},{"type":"Feature","properties":{"height":7.8,"gml_id":"bldg_68abda5d-5d9f-4293-a1ad-7f71c868ca0d"},"geometry":{"type":"Polygon","coordinates":[[[139.75646946379936,35.69629181897303],[139.75644698420086,35.69634228129816],[139.7564425644406,35.69634209820125],[139.75639870448074,35.696333867717044],[139.75640084654208,35.69628952171622],[139.75646946379936,35.69629181897303]]]}},{"type":"Feature","properties":{"height":19.7,"gml_id":"bldg_ce1fbcb4-d5a8-4bd2-93e0-2fca547030ca"},"geometry":{"type":"Polygon","coordinates":[[[139.7561354740246,35.69567011107943],[139.7561346988479,35.69570626541018],[139.7561336228443,35.6957564610801],[139.75605649661603,35.69575532995008],[139.75605757263406,35.69570516943428],[139.75605834787945,35.69566897995068],[139.7561354740246,35.69567011107943]]]}},{"type":"Feature","properties":{"height":3.4,"gml_id":"bldg_c3196466-c776-4993-8590-183366a1ef1a"},"geometry":{"type":"Polygon","coordinates":[[[139.7579145758177,35.695571907955156],[139.7578662913962,35.69556881303842],[139.75786648285916,35.695564973324686],[139.75787420300682,35.69548670324278],[139.75792791246727,35.69549014407515],[139.75792081545032,35.695563853621564],[139.75791488209526,35.6955634803429],[139.7579145758177,35.695571907955156]]]}},{"type":"Feature","properties":{"height":29.3,"gml_id":"bldg_e5783850-1ddc-4b7e-829d-1afaa8823bf2"},"geometry":{"type":"Polygon","coordinates":[[[139.75557208862003,35.69794961769822],[139.75557027364567,35.697952464851944],[139.75552421391671,35.69793287537964],[139.7555156924155,35.697946210133125],[139.75536216010073,35.697880941799426],[139.75537829566554,35.69785567786139],[139.75553790210193,35.69760586842581],[139.7556204117259,35.69764089394131],[139.75555688811488,35.697740273925206],[139.75554584255337,35.697735669805596],[139.7555367677,35.69774990557253],[139.75550263721817,35.697735370566015],[139.75549732505903,35.697743750765056],[139.7555883397432,35.69778247831562],[139.75552835733538,35.69787636221778],[139.75559949031805,35.697906604037655],[139.75557208862003,35.69794961769822]]]}},{"type":"Feature","properties":{"height":18.4,"gml_id":"bldg_b48dd270-e3a0-459e-afa2-6f7de34162cf"},"geometry":{"type":"Polygon","coordinates":[[[139.75665610922283,35.6968315337058],[139.75674416812595,35.696863912865894],[139.75668041034606,35.696979157405806],[139.7565470847173,35.69693012808482],[139.75655851908954,35.69690946698203],[139.7566108426497,35.69681488361478],[139.75665610922283,35.6968315337058]]]}},{"type":"Feature","properties":{"height":13.0,"gml_id":"bldg_d2d7b664-f428-45da-866d-3afd6f0d4b80"},"geometry":{"type":"Polygon","coordinates":[[[139.75989779972352,35.69634814956278],[139.75993186933653,35.696356985734006],[139.75988463487786,35.696413293406536],[139.75985641692253,35.69639758244472],[139.75978137156076,35.69635581222856],[139.75980261695094,35.696323466049215],[139.75989779972352,35.69634814956278]]]}},{"type":"Feature","properties":{"height":20.7,"gml_id":"bldg_db5a6d5f-22df-40dc-9520-bdff22350424"},"geometry":{"type":"Polygon","coordinates":[[[139.75722722252834,35.695658151037264],[139.75723294617333,35.69565828084747],[139.75723203813095,35.69568360875376],[139.75733501959468,35.69568592723684],[139.75733172177888,35.69578435469301],[139.75714241022678,35.69578010674853],[139.75714650584723,35.695656351322235],[139.75720421744265,35.69565764073742],[139.75720425135341,35.69565683944147],[139.75716537910978,35.69565603877261],[139.75714903685468,35.6956557039381],[139.7571502948461,35.69561099681143],[139.75716675863916,35.69561133172266],[139.75723199502772,35.695612670953935],[139.75723108016905,35.695645173756596],[139.75723073708187,35.695657378081506],[139.75722725648257,35.695657303771476],[139.75722722252834,35.695658151037264]]]}},{"type":"Feature","properties":{"height":10.8,"gml_id":"bldg_6da50abf-4c68-4c9c-9c3b-f36e0be707d8"},"geometry":{"type":"Polygon","coordinates":[[[139.759819484114,35.69738943562143],[139.75984825723475,35.69740261317969],[139.75980930934324,35.697459195380254],[139.7597805803754,35.697446053894524],[139.75975187350042,35.69743293044281],[139.75979071100272,35.69737625805625],[139.759819484114,35.69738943562143]]]}},{"type":"Feature","properties":{"height":12.5,"gml_id":"bldg_56ce6988-a2f7-4933-88e5-c6bfb357a7ec"},"geometry":{"type":"Polygon","coordinates":[[[139.76197716035875,35.69454784196419],[139.76195310231972,35.6945264922825],[139.7618791200083,35.69458199078617],[139.76185784428677,35.694563102574705],[139.76185996722256,35.69456151832607],[139.76184120881283,35.69454487691787],[139.7619473337214,35.694465294878725],[139.7620114148679,35.69452215520283],[139.76197716035875,35.69454784196419]]]}},{"type":"Feature","properties":{"height":23.0,"gml_id":"bldg_8b0bcf19-7698-457a-937c-411afd385e1b"},"geometry":{"type":"Polygon","coordinates":[[[139.75901016853754,35.69567850028439],[139.75900605672555,35.69582280698761],[139.75899944907644,35.69582268572949],[139.75895133919826,35.695821808724475],[139.75894495254457,35.69582168759995],[139.75894928546145,35.69567738103546],[139.75901016853754,35.69567850028439]]]}},{"type":"Feature","properties":{"height":30.1,"gml_id":"bldg_92a97397-69d1-4dde-a999-d94d72b5916b"},"geometry":{"type":"Polygon","coordinates":[[[139.75154777871873,35.69681236139302],[139.75152725613532,35.69689094684122],[139.7514974487152,35.6968858068038],[139.75145271550164,35.69687808770511],[139.751459360589,35.696852466298985],[139.75147130853642,35.696806288267375],[139.75147307241565,35.69679949314314],[139.75154777871873,35.69681236139302]]]}},{"type":"Feature","properties":{"height":26.0,"gml_id":"bldg_ba3a95f3-db68-44bb-a988-7bb422e3590f"},"geometry":{"type":"Polygon","coordinates":[[[139.76222142944184,35.69308386463635],[139.76196969409415,35.69311778744685],[139.76192888009913,35.69291666763456],[139.76218072539746,35.692882663849616],[139.76222142944184,35.69308386463635]]]}},{"type":"Feature","properties":{"height":33.0,"gml_id":"bldg_38901795-f906-4a09-bef4-cd4370c10a4c"},"geometry":{"type":"Polygon","coordinates":[[[139.76110237933744,35.694886298305605],[139.76098371058717,35.694881449783644],[139.76098808588313,35.69480844057785],[139.76110686510222,35.69481319992619],[139.76110514925813,35.69484120444888],[139.7611159443541,35.69484164358292],[139.7611184264202,35.694882963852244],[139.76110265962586,35.69488180965343],[139.76110237933744,35.694886298305605]]]}},{"type":"Feature","properties":{"height":16.7,"gml_id":"bldg_27e5bcfa-40f1-4d40-a615-97dac306d1ab"},"geometry":{"type":"Polygon","coordinates":[[[139.7530531253027,35.69635331587793],[139.7530457455876,35.696439933444225],[139.75294530809822,35.69643427702274],[139.75295268801094,35.696347570227175],[139.7530531253027,35.69635331587793]]]}},{"type":"Feature","properties":{"height":12.1,"gml_id":"bldg_92c4585c-2941-4fd3-8bd4-2521609ea662"},"geometry":{"type":"Polygon","coordinates":[[[139.7587690547907,35.69509381308071],[139.75876633197123,35.695169977116684],[139.75866854455694,35.695167572943014],[139.7586713779659,35.69509140897787],[139.7587690547907,35.69509381308071]]]}},{"type":"Feature","properties":{"height":19.0,"gml_id":"bldg_a8093935-e2c6-46e4-ab94-080dc21a8c90"},"geometry":{"type":"Polygon","coordinates":[[[139.75823718303747,35.696279955012066],[139.75829820975358,35.696281560548904],[139.7583284965975,35.69628235640429],[139.75832589352254,35.696348153841136],[139.75829559560225,35.69634735978091],[139.75819913287248,35.6963448208459],[139.75816799519274,35.696343999188336],[139.75816026826143,35.696335520590345],[139.7581812059763,35.69627847788729],[139.75823718303747,35.696279955012066]]]}},{"type":"Feature","properties":{"height":17.9,"gml_id":"bldg_d222c8c0-5f2a-49e7-ac4e-38c132f2aada"},"geometry":{"type":"Polygon","coordinates":[[[139.75003252749462,35.69679104156228],[139.750098267055,35.69679811771606],[139.7500854777063,35.69687697867544],[139.75001973817615,35.696869812377834],[139.75003252749462,35.69679104156228]]]}},{"type":"Feature","properties":{"height":7.4,"gml_id":"bldg_8f1f46ab-deac-4bab-bd05-5594a3f8eebe"},"geometry":{"type":"Polygon","coordinates":[[[139.7568097179598,35.69493047218711],[139.75683916460127,35.6949311669296],[139.75683677943016,35.694998966428464],[139.756835870599,35.695024997402186],[139.75677697724768,35.69502360790833],[139.75677788608934,35.69499758594878],[139.75678027131883,35.69492977743743],[139.7568097179598,35.69493047218711]]]}},{"type":"Feature","properties":{"height":8.8,"gml_id":"bldg_6bd9ae54-2a2b-434c-b671-22be6cbf1dc8"},"geometry":{"type":"Polygon","coordinates":[[[139.75948370822974,35.695735487860425],[139.75948202703847,35.69577320913881],[139.75947919491855,35.695836799012554],[139.75944593604243,35.695835787096605],[139.7594487681638,35.695772224264715],[139.75945044939564,35.695734475945756],[139.75948370822974,35.695735487860425]]]}},{"type":"Feature","properties":{"height":73.0,"gml_id":"bldg_d5d69466-4f8f-4b86-9262-fe2f375925bc"},"geometry":{"type":"Polygon","coordinates":[[[139.76134151975748,35.69982396165894],[139.76125802191194,35.69985032179781],[139.76116736047683,35.69965917728833],[139.7615503616775,35.699538262324545],[139.76165348733736,35.6997555536687],[139.76148934372793,35.69980737465545],[139.76147688032614,35.69978122842172],[139.76134151975748,35.69982396165894]]]}},{"type":"Feature","properties":{"height":19.9,"gml_id":"bldg_abaa8c03-c0cb-442b-bf09-d8196255b805"},"geometry":{"type":"Polygon","coordinates":[[[139.75639535573018,35.698439734307016],[139.75635794680306,35.69850163443995],[139.75633166869713,35.69849105358861],[139.75623925905734,35.698453858037816],[139.75621777487902,35.69844520916139],[139.75625529438912,35.698383309142294],[139.75639535573018,35.698439734307016]]]}},{"type":"Feature","properties":{"height":17.7,"gml_id":"bldg_848f1798-099f-41ff-8efb-32873b9aa451"},"geometry":{"type":"Polygon","coordinates":[[[139.7625163901568,35.69189954830551],[139.7625485473749,35.69189506036809],[139.76256219059343,35.69196051686541],[139.762462293199,35.69197442031715],[139.76244215852742,35.69187787173465],[139.76250989852716,35.69186853735823],[139.7625163901568,35.69189954830551]]]}},{"type":"Feature","properties":{"height":31.2,"gml_id":"bldg_04cb08bb-1516-4653-8619-8d62f9fdc8c7"},"geometry":{"type":"Polygon","coordinates":[[[139.75006028272034,35.698514911063455],[139.75009111779656,35.69853118407261],[139.75009778843338,35.69853469501051],[139.75008362571157,35.69855253232121],[139.7501081436212,35.69856543885076],[139.75009154668015,35.698586339133605],[139.74994786317018,35.698510524697014],[139.7499785123688,35.69847178706036],[139.75006028272034,35.698514911063455]]]}},{"type":"Feature","properties":{"height":38.8,"gml_id":"bldg_137b2361-d0e3-4cf4-a6d8-426bbc839187"},"geometry":{"type":"Polygon","coordinates":[[[139.75196754403137,35.69498331678935],[139.75191353819497,35.694967660442245],[139.75182822691812,35.69494292231291],[139.7517360117,35.69491618831831],[139.7518464534813,35.69475266456602],[139.75204694596493,35.69480994694291],[139.75199709719462,35.694933491029076],[139.75201212003523,35.694938098162964],[139.7519960541281,35.69498135304355],[139.75197131098125,35.69497340427122],[139.75196754403137,35.69498331678935]]]}},{"type":"Feature","properties":{"height":21.2,"gml_id":"bldg_acce0ed3-f8db-4183-9a87-10eb7abf1502"},"geometry":{"type":"Polygon","coordinates":[[[139.7571161038218,35.69652009629135],[139.75711584427174,35.69652577475346],[139.75711393640506,35.69656827310675],[139.75711384607635,35.69657030113043],[139.75707002458898,35.69663751642431],[139.75701289828623,35.696635856852886],[139.7570176762185,35.696526875323805],[139.75701809424362,35.696517239951234],[139.7571161038218,35.69652009629135]]]}},{"type":"Feature","properties":{"height":4.9,"gml_id":"bldg_4c52402b-c836-4b18-8d6d-dc060ac8012a"},"geometry":{"type":"Polygon","coordinates":[[[139.75281562392996,35.69232592812397],[139.75285911353907,35.69237030460198],[139.75276270050313,35.692433155729006],[139.7527192108227,35.69238886935359],[139.75281562392996,35.69232592812397]]]}},{"type":"Feature","properties":{"height":6.4,"gml_id":"bldg_529b1010-77cb-44a6-bbf2-f3a42365d4fe"},"geometry":{"type":"Polygon","coordinates":[[[139.7581809993053,35.69888949173309],[139.75822083527734,35.698913024298875],[139.75819483985225,35.698942302565044],[139.75815500387333,35.69891876999076],[139.75806595559766,35.698866147408694],[139.75807895332454,35.69885150738871],[139.75809195104586,35.69883686826864],[139.7581809993053,35.69888949173309]]]}},{"type":"Feature","properties":{"height":14.1,"gml_id":"bldg_214d54e9-9262-4464-867b-67608e7f3b88"},"geometry":{"type":"Polygon","coordinates":[[[139.75936686742935,35.695090026577084],[139.75938966267262,35.695090265923824],[139.75938837395506,35.695181591890076],[139.7593655013206,35.6951813714243],[139.7593426286796,35.69518115816511],[139.75934391749092,35.695089787130954],[139.75936686742935,35.695090026577084]]]}},{"type":"Feature","properties":{"height":20.1,"gml_id":"bldg_3b4df59b-4523-4ecf-9d62-928fbd13ab6b"},"geometry":{"type":"Polygon","coordinates":[[[139.76040109708794,35.69205269004911],[139.76039948739825,35.69208525557083],[139.76039515372918,35.692172803009306],[139.76039302631438,35.692215751998404],[139.7603927673475,35.69222106091046],[139.76029200157691,35.692217123922894],[139.76029898653715,35.69208180458803],[139.76030066259509,35.692049203954475],[139.76040109708794,35.69205269004911]]]}},{"type":"Feature","properties":{"height":7.2,"gml_id":"bldg_c0068ec3-185e-4bf2-92d5-87a19e23a51e"},"geometry":{"type":"Polygon","coordinates":[[[139.76172256248836,35.69640655798605],[139.7618146715857,35.69633504402058],[139.76184691240388,35.69636273520987],[139.76173501037184,35.6964495697209],[139.76172256248836,35.69640655798605]]]}},{"type":"Feature","properties":{"height":27.7,"gml_id":"bldg_3188a0be-0673-4378-91aa-14310d1d7b7a"},"geometry":{"type":"Polygon","coordinates":[[[139.7506893837319,35.69802763190125],[139.7506273832848,35.69803687341918],[139.7506097622393,35.697958279960545],[139.75060229363487,35.69792498726986],[139.7506006547095,35.69791769406805],[139.7506447511983,35.69791114437334],[139.7506893837319,35.69802763190125]]]}},{"type":"Feature","properties":{"height":31.6,"gml_id":"bldg_9a09371a-bd22-49d9-87b7-bf682f00d789"},"geometry":{"type":"Polygon","coordinates":[[[139.76000509211391,35.696277439448714],[139.7599296119049,35.696276141443875],[139.75992976109595,35.69627009244524],[139.75993034639376,35.69624635073381],[139.75995559487134,35.6962467627296],[139.75995688025924,35.6961945742282],[139.75996704600539,35.69619467056129],[139.75996784714906,35.696164475176396],[139.7600994484047,35.69616671859716],[139.76000509211391,35.696277439448714]]]}},{"type":"Feature","properties":{"height":7.2,"gml_id":"bldg_62a8481f-a182-4482-9799-24643c48752e"},"geometry":{"type":"Polygon","coordinates":[[[139.7603232752733,35.6950009241743],[139.7603211778592,35.69505932263361],[139.76024676000452,35.695057537831424],[139.7602488685225,35.69499913938017],[139.7603232752733,35.6950009241743]]]}},{"type":"Feature","properties":{"height":35.2,"gml_id":"bldg_3d8dc229-b150-47e6-b398-500404b9a40c"},"geometry":{"type":"Polygon","coordinates":[[[139.7608428164941,35.69254937732683],[139.76084259201465,35.692565448616925],[139.76090812497944,35.69256605592427],[139.76092451344223,35.69277130770489],[139.76087287045777,35.692818328137726],[139.76076470068537,35.69281456736288],[139.7607620507199,35.69281249261471],[139.7607670122146,35.692702339194156],[139.7607709136038,35.6926158731331],[139.76077400322066,35.692547307787585],[139.7608428164941,35.69254937732683]]]}},{"type":"Feature","properties":{"height":6.9,"gml_id":"bldg_8b8135ad-075a-47d5-b26e-5b96f0983ecf"},"geometry":{"type":"Polygon","coordinates":[[[139.7594331444118,35.697352512435266],[139.75941757586244,35.6973755157327],[139.75932214368464,35.69733257896398],[139.75933771226047,35.69730956756643],[139.7594331444118,35.697352512435266]]]}},{"type":"Feature","properties":{"height":29.9,"gml_id":"bldg_4ac460cd-601d-486c-b7f0-af1fce72b236"},"geometry":{"type":"Polygon","coordinates":[[[139.75211408867906,35.69659208963731],[139.7520820590748,35.69658816509355],[139.75203428535485,35.69658231900638],[139.75200824404382,35.69657912859624],[139.7520195761212,35.69651883464948],[139.75203946330143,35.696521371915416],[139.75205068513034,35.69646188912299],[139.75206239531022,35.69646342935729],[139.75206704990546,35.69643907840383],[139.7520672832151,35.6964378337704],[139.75216892927943,35.696450251107365],[139.75214515406162,35.69657705772725],[139.75214112137272,35.69657655024055],[139.7521175328732,35.69657361389179],[139.75211408867906,35.69659208963731]]]}},{"type":"Feature","properties":{"height":16.2,"gml_id":"bldg_65afa888-29af-4002-9c73-455eebc52c95"},"geometry":{"type":"Polygon","coordinates":[[[139.75407498352618,35.694821305403934],[139.75407315662702,35.69486972486972],[139.7540719083012,35.69490294041534],[139.75407169280265,35.69490855490407],[139.75399556269298,35.69490661187728],[139.75399885350112,35.694819360576574],[139.75407498352618,35.694821305403934]]]}},{"type":"Feature","properties":{"height":17.6,"gml_id":"bldg_03fc1207-1226-485b-86bb-d0adba587c21"},"geometry":{"type":"Polygon","coordinates":[[[139.75816942815277,35.69705427905896],[139.75815206313578,35.69708375200144],[139.75811674651064,35.69714366197694],[139.75808766271123,35.697132249592485],[139.75804494830678,35.697115494373676],[139.75809763001124,35.697026110585405],[139.75816942815277,35.69705427905896]]]}},{"type":"Feature","properties":{"height":14.5,"gml_id":"bldg_80c4e24e-2edd-4753-ac68-43abb29dbe59"},"geometry":{"type":"Polygon","coordinates":[[[139.75909051709135,35.697329317591304],[139.75903937454086,35.69730900523137],[139.75908253617632,35.69723701156361],[139.75913367860753,35.69725741494366],[139.75909051709135,35.697329317591304]]]}},{"type":"Feature","properties":{"height":6.7,"gml_id":"bldg_5fb495ff-a6db-4fdd-97a7-59b68b7cb399"},"geometry":{"type":"Polygon","coordinates":[[[139.75857656581547,35.69640022864774],[139.75857515755993,35.69648838169066],[139.7585317320546,35.69648790402939],[139.75853314035788,35.696399750987],[139.75857656581547,35.69640022864774]]]}},{"type":"Feature","properties":{"height":30.6,"gml_id":"bldg_83c0a6ab-7e4a-4d8f-8860-96bfc1bc79e9"},"geometry":{"type":"Polygon","coordinates":[[[139.7549427066551,35.69975972611633],[139.7550088414142,35.6997837104236],[139.75505294968343,35.69979970956814],[139.75508645342828,35.69981185566302],[139.755011840434,35.6999487250529],[139.75480638819656,35.6998742823572],[139.75468862256338,35.69983160678515],[139.7547033017484,35.69980465643504],[139.75471487016884,35.699783427743036],[139.75476323608942,35.69969464655531],[139.7549427066551,35.69975972611633]]]}},{"type":"Feature","properties":{"height":8.5,"gml_id":"bldg_8fcd1b1d-7c3e-4697-8237-fb2cdfe25551"},"geometry":{"type":"Polygon","coordinates":[[[139.75488404902168,35.6974157410354],[139.75489099675855,35.697418503752615],[139.75486720035784,35.69745823862181],[139.7548602857595,35.69745548493853],[139.75470604387277,35.697394136256705],[139.7547179974448,35.697374178737704],[139.75472984033422,35.697354401419034],[139.75488404902168,35.6974157410354]]]}},{"type":"Feature","properties":{"height":12.0,"gml_id":"bldg_49b5dd1e-b307-4ce9-b386-d211040b579e"},"geometry":{"type":"Polygon","coordinates":[[[139.75604397290314,35.69671032269836],[139.75602367525298,35.696743633285045],[139.7559874183467,35.69680312740463],[139.75591473842726,35.69677369604634],[139.75596039163136,35.696698777448255],[139.755971293047,35.69668089137386],[139.75604397290314,35.69671032269836]]]}},{"type":"Feature","properties":{"height":15.0,"gml_id":"bldg_2b8c8868-f46b-4abc-8188-e46c3faa6af6"},"geometry":{"type":"Polygon","coordinates":[[[139.7613158092614,35.696526368704745],[139.76137126768296,35.696551919636015],[139.76136721569898,35.69656052529045],[139.76132609794382,35.696647887553134],[139.76126108291885,35.69662056509762],[139.7612260238729,35.69660582474129],[139.76127307309565,35.69653340986479],[139.76128643983694,35.69651283960446],[139.7613158092614,35.696526368704745]]]}},{"type":"Feature","properties":{"height":35.0,"gml_id":"bldg_6ed6362f-345d-4844-8be8-b579132114df"},"geometry":{"type":"Polygon","coordinates":[[[139.7583636172738,35.69854446242062],[139.75845861442352,35.69858092784128],[139.7584350172856,35.69862179925781],[139.758388221401,35.69870283925635],[139.7583235459232,35.69867802033897],[139.75812521173117,35.69860190216757],[139.7581397221153,35.698576726983454],[139.7581565346585,35.698547569184385],[139.75813311674426,35.69853863100402],[139.7581570237875,35.69849736323738],[139.75818099394525,35.698506572168625],[139.75819615740122,35.69848017242455],[139.7583636172738,35.69854446242062]]]}},{"type":"Feature","properties":{"height":46.7,"gml_id":"bldg_3a6156b6-40b2-461f-945c-137a800a15db"},"geometry":{"type":"Polygon","coordinates":[[[139.75834641093218,35.69669274207483],[139.75834515956987,35.696695652718006],[139.75835534594214,35.696698569584505],[139.758338324236,35.69673800380115],[139.75836875851263,35.696746748012394],[139.7583602758965,35.6967664015929],[139.75831965634035,35.69675473961021],[139.75804396953092,35.69667556158081],[139.75804564169647,35.69667169665387],[139.75802387206267,35.696661389399424],[139.75807341031475,35.696577340655686],[139.75812765534633,35.69659959331035],[139.75812756815486,35.69661007618053],[139.75824633341756,35.696644177011066],[139.75823288965333,35.69667532896002],[139.75827571853313,35.696687632321854],[139.7582815434392,35.69667411541475],[139.75834641093218,35.69669274207483]]]}},{"type":"Feature","properties":{"height":29.6,"gml_id":"bldg_6b6482bd-32db-44b3-91f4-16d057689c50"},"geometry":{"type":"Polygon","coordinates":[[[139.75371265456383,35.69950178530235],[139.7536419584055,35.699476050409686],[139.75363896954315,35.699481365605514],[139.7535728024192,35.69945725523311],[139.75363468604192,35.69934408429811],[139.75370416709166,35.69936927757043],[139.75369785697637,35.69938081181833],[139.75373669558866,35.699394998010966],[139.7537653495683,35.69940546381975],[139.75371265456383,35.69950178530235]]]}},{"type":"Feature","properties":{"height":12.1,"gml_id":"bldg_4a1bd616-cd89-4bce-9c4d-57c564bc4018"},"geometry":{"type":"Polygon","coordinates":[[[139.7584000963479,35.696285735160764],[139.75839931975213,35.69630086866823],[139.75839469461096,35.69639029063858],[139.75837993249647,35.696389776680945],[139.75832640879167,35.69638790454875],[139.75832783755212,35.696360747181735],[139.75833112241602,35.69629847362246],[139.75833192111585,35.6962833491429],[139.7584000963479,35.696285735160764]]]}},{"type":"Feature","properties":{"height":23.3,"gml_id":"bldg_9e0e8104-1046-44dd-ae20-983c26c9f1d5"},"geometry":{"type":"Polygon","coordinates":[[[139.7599859926431,35.6946903866168],[139.7599856507558,35.694701743665085],[139.75998516050336,35.69471825555549],[139.7599824598109,35.69480773376761],[139.75998188990616,35.694826761331605],[139.75979992791494,35.69482312596278],[139.75980050891252,35.69480409840642],[139.75980326506354,35.69471461212001],[139.75980377752796,35.69469801821928],[139.75980411935004,35.69468676032213],[139.7599859926431,35.6946903866168]]]}},{"type":"Feature","properties":{"height":8.3,"gml_id":"bldg_601f700f-7748-4935-8c92-9fde46cc7989"},"geometry":{"type":"Polygon","coordinates":[[[139.75604962415034,35.695663205586115],[139.75604688585366,35.69575270980881],[139.75593572735315,35.69575056524041],[139.75593846577394,35.69566106102037],[139.75604962415034,35.695663205586115]]]}},{"type":"Feature","properties":{"height":11.6,"gml_id":"bldg_449305bf-9da1-4b63-b146-83bcae99747a"},"geometry":{"type":"Polygon","coordinates":[[[139.75551731854034,35.69752355922019],[139.75550631583022,35.69754312083053],[139.7554896457202,35.69757275608161],[139.75543821565654,35.69755344342811],[139.7554201665419,35.697546661563706],[139.75542959745633,35.69752989318831],[139.75544783939569,35.69749746471809],[139.75551731854034,35.69752355922019]]]}},{"type":"Feature","properties":{"height":39.8,"gml_id":"bldg_4048bcb3-9cc4-4dca-82c2-ec33505296c4"},"geometry":{"type":"Polygon","coordinates":[[[139.75965785051588,35.69213327062844],[139.75949366500635,35.69212622858317],[139.75949512184525,35.69210405667724],[139.7595375493027,35.692105885433065],[139.75954337743687,35.692016292831255],[139.75966502481631,35.69202150514369],[139.75965785051588,35.69213327062844]]]}},{"type":"Feature","properties":{"height":4.2,"gml_id":"bldg_82bbfceb-8e87-4653-9867-08b4f0419b4f"},"geometry":{"type":"Polygon","coordinates":[[[139.75456024737085,35.698902752396585],[139.75454862534664,35.69892239463255],[139.754526201889,35.69891381694966],[139.7545376030024,35.69889408443435],[139.75456024737085,35.698902752396585]]]}},{"type":"Feature","properties":{"height":20.0,"gml_id":"bldg_54576617-5e82-4d31-8262-a3ce25b7089a"},"geometry":{"type":"Polygon","coordinates":[[[139.75717765821432,35.69683852591116],[139.75726505493287,35.6968702823266],[139.75722874820764,35.696936600152824],[139.75721709457258,35.69693235634923],[139.75715063021025,35.69690815760899],[139.75714139567373,35.69690479867085],[139.75709332308762,35.69688729969822],[139.75712962981672,35.696821072049275],[139.75717765821432,35.69683852591116]]]}},{"type":"Feature","properties":{"height":19.6,"gml_id":"bldg_b5d89369-2dba-44d1-bcc6-47a8924adb72"},"geometry":{"type":"Polygon","coordinates":[[[139.75280049885092,35.69649015526229],[139.75278016685021,35.69660028898001],[139.75268934809813,35.696589141330286],[139.7527097908101,35.696478917564995],[139.75280049885092,35.69649015526229]]]}},{"type":"Feature","properties":{"height":35.4,"gml_id":"bldg_5a395754-d398-4472-b835-a54c04a28659"},"geometry":{"type":"Polygon","coordinates":[[[139.75436625088537,35.697063922582515],[139.75425722738646,35.697024009594045],[139.754349660128,35.69685587568787],[139.75448149331766,35.696904122273565],[139.75453123319528,35.69692231743464],[139.75461321622032,35.69695231456031],[139.75458476706643,35.69700403544557],[139.7544596165166,35.696958163052095],[139.75442286490042,35.69702502055963],[139.75439359307623,35.69701436521101],[139.75436625088537,35.697063922582515]]]}},{"type":"Feature","properties":{"height":12.2,"gml_id":"bldg_9dfa0cf4-e80b-461e-af06-2af8052e65e2"},"geometry":{"type":"Polygon","coordinates":[[[139.75983362032895,35.696386365408486],[139.7598837499828,35.696414282570124],[139.75984470119545,35.696460950569175],[139.7597945604861,35.69643302256829],[139.75974441981094,35.69640509544783],[139.75978346863025,35.696358426579536],[139.75983362032895,35.696386365408486]]]}},{"type":"Feature","properties":{"height":12.2,"gml_id":"bldg_62222d56-dc39-444c-862b-add415d891d2"},"geometry":{"type":"Polygon","coordinates":[[[139.75756015396885,35.69831860807324],[139.7575380044764,35.69835899258609],[139.7575303445841,35.698372950869924],[139.7575250645599,35.69838258317946],[139.7574904896491,35.6983699422341],[139.75749574756784,35.69836031892582],[139.75750100547683,35.69835070463099],[139.757525468579,35.69830596706825],[139.75756015396885,35.69831860807324]]]}},{"type":"Feature","properties":{"height":12.1,"gml_id":"bldg_c21a021c-6a8a-458f-8b24-7927626a0b52"},"geometry":{"type":"Polygon","coordinates":[[[139.75858511123494,35.698847090575036],[139.7585538098565,35.6988785289096],[139.7585043356867,35.6988456883353],[139.75853563707167,35.69881425001341],[139.75858511123494,35.698847090575036]]]}},{"type":"Feature","properties":{"height":36.7,"gml_id":"bldg_2ebe7e88-82ba-4b44-ab82-691bef4dbd34"},"geometry":{"type":"Polygon","coordinates":[[[139.75997616276754,35.695566529814485],[139.75995850567506,35.695566113436875],[139.7599128491692,35.695565030996605],[139.75987052960772,35.695564031698765],[139.75987131251478,35.69554170525548],[139.75988849447154,35.69554211234229],[139.7598900031336,35.69549952355637],[139.75989079708427,35.69547719711944],[139.75987478638638,35.69547681778879],[139.75987533076687,35.69546155793612],[139.7598699938722,35.69546142758619],[139.7598714685163,35.69541979513219],[139.7599591129588,35.69542184962635],[139.75998123401047,35.695422367874684],[139.7599805760993,35.69544096272577],[139.75997990678317,35.695459945158696],[139.75997924857342,35.69547886540385],[139.75997844323447,35.69550158843699],[139.75997616276754,35.695566529814485]]]}},{"type":"Feature","properties":{"height":36.7,"gml_id":"bldg_24c1d2cc-9e5d-49bf-8852-53bc475933af"},"geometry":{"type":"Polygon","coordinates":[[[139.7568484980997,35.695189379165924],[139.75685212033923,35.695110520651326],[139.75685415167155,35.69506611957936],[139.75685581057417,35.69502987656579],[139.75685959094375,35.694947404558945],[139.7568674360168,35.6949475898164],[139.75686799908195,35.69493650332903],[139.75706003641,35.69494230378712],[139.75705969779725,35.694949784939546],[139.75706632741043,35.6949499694139],[139.75706519944657,35.694974125402176],[139.7570755858552,35.69497440239308],[139.7570740065546,35.69500838302304],[139.75706240476595,35.69500801512501],[139.7570617259954,35.695024599893806],[139.7570757586249,35.6950250585674],[139.75706819625304,35.695192168581364],[139.75706178761328,35.69519198424714],[139.75706133824536,35.69519973573992],[139.75698377166873,35.695197433144884],[139.75698343279,35.69520518470744],[139.75685393419508,35.69520131675157],[139.75685427282818,35.69519383560007],[139.75684830617493,35.695193652436664],[139.7568484980997,35.695189379165924]]]}},{"type":"Feature","properties":{"height":19.8,"gml_id":"bldg_240d7c1d-a85e-4ece-8165-5872be7fc5a5"},"geometry":{"type":"Polygon","coordinates":[[[139.75593477278957,35.69559489813169],[139.75593141899523,35.695749480826976],[139.75585385078674,35.69574834928292],[139.7558572047307,35.695593766589965],[139.75593477278957,35.69559489813169]]]}},{"type":"Feature","properties":{"height":44.7,"gml_id":"bldg_c4d9f134-2222-409b-a6f8-b9c0fd07d676"},"geometry":{"type":"Polygon","coordinates":[[[139.76073408578526,35.692811412136564],[139.76052687485335,35.69280190373421],[139.76047397276542,35.69279947408375],[139.76026833083716,35.69279003829557],[139.76029122949137,35.692458005553725],[139.76075698251552,35.69247937930504],[139.76074674897632,35.69262779270231],[139.7607602175446,35.69262841375421],[139.76074969290326,35.6927810273561],[139.7607362243094,35.692780406303015],[139.76073408578526,35.692811412136564]]]}},{"type":"Feature","properties":{"height":20.8,"gml_id":"bldg_60676e9b-d8c3-4936-a0e9-4a69f708c655"},"geometry":{"type":"Polygon","coordinates":[[[139.7623031254169,35.69378535882732],[139.76217848421706,35.693788710423426],[139.7621381046881,35.69359507232977],[139.76221269003514,35.69359340381522],[139.76223117639773,35.69367985609401],[139.76229814016722,35.693675388778516],[139.7623031254169,35.69378535882732]]]}},{"type":"Feature","properties":{"height":36.0,"gml_id":"bldg_8d0f4696-d599-47c7-b3e1-98682d9fc196"},"geometry":{"type":"Polygon","coordinates":[[[139.75850504995253,35.69654350193136],[139.75841052706318,35.696711368232236],[139.75824814191972,35.69665988900547],[139.758258546208,35.696641327287836],[139.75814123055034,35.69660501902008],[139.75814554803748,35.6965964587088],[139.75806910742236,35.69657036136722],[139.75809080148184,35.69653170618713],[139.75850504995253,35.69654350193136]]]}},{"type":"Feature","properties":{"height":47.7,"gml_id":"bldg_6ad7657c-3397-4350-b3c3-a6d581022a7c"},"geometry":{"type":"Polygon","coordinates":[[[139.75598564091283,35.69540539987853],[139.7560061928053,35.69540598995864],[139.7560620696457,35.69540759422204],[139.75605916492628,35.6954749156404],[139.7560031664573,35.695473347352284],[139.75576620059059,35.69546670503359],[139.75581227554446,35.695389234969866],[139.75579942646888,35.69538744198316],[139.7558395890468,35.69532212757359],[139.75591882423961,35.695324404937885],[139.7559189033907,35.69532253915403],[139.75584387785338,35.69532055293789],[139.75584886259577,35.69530775670035],[139.75589352408434,35.69528633284656],[139.7559217220332,35.69528723432518],[139.7559938522011,35.695289552139336],[139.7559942604217,35.695324526437744],[139.75598861416879,35.6953243776896],[139.75598564091283,35.69540539987853]]]}},{"type":"Feature","properties":{"height":50.0,"gml_id":"bldg_34434b7a-ec4f-4086-a89b-e627488d955b"},"geometry":{"type":"Polygon","coordinates":[[[139.7553384217255,35.69786118643834],[139.75531942320254,35.69785342235307],[139.75532528894217,35.69784396177927],[139.75522355837506,35.697802568038554],[139.75519771153836,35.697792050314355],[139.7553474571963,35.69754697502801],[139.75539517433583,35.697566385368354],[139.75540380719355,35.69755214932553],[139.75548324746455,35.697584433687496],[139.75550266571722,35.697592324210284],[139.7555139322575,35.69759692757541],[139.75549737512588,35.69762400391344],[139.75549247217526,35.69763202292804],[139.7554694736782,35.69766963119992],[139.7554497401141,35.69770189555959],[139.75543847347515,35.69769738232536],[139.7553384217255,35.69786118643834]]]}},{"type":"Feature","properties":{"height":30.9,"gml_id":"bldg_e5c2d82f-dc9b-474c-a122-676355cdb717"},"geometry":{"type":"Polygon","coordinates":[[[139.76167210443757,35.696238602850876],[139.76165017885862,35.696167561891194],[139.76177855895122,35.696064882163505],[139.7618462440869,35.696121077689945],[139.76169873402006,35.69623916042368],[139.7616918811168,35.69624140886742],[139.76168237882735,35.69624078126698],[139.76167210443757,35.696238602850876]]]}},{"type":"Feature","properties":{"height":29.2,"gml_id":"bldg_8910bbe6-322b-411b-b688-062191f01c8d"},"geometry":{"type":"Polygon","coordinates":[[[139.75439506932537,35.698330698552645],[139.75443294812894,35.69834291890908],[139.75442240693465,35.69836472512871],[139.75439297568315,35.69842563837445],[139.75427035832087,35.69838607793919],[139.75431033087247,35.69830335941549],[139.75439506932537,35.698330698552645]]]}},{"type":"Feature","properties":{"height":36.2,"gml_id":"bldg_862e4d64-7287-44d4-88a0-45a69dcc2756"},"geometry":{"type":"Polygon","coordinates":[[[139.76236247000884,35.69365065708115],[139.7622695333143,35.69366267159489],[139.7622502830503,35.69356540243363],[139.76238090209964,35.693549074561844],[139.76238706057455,35.69358206832457],[139.762413913062,35.6935794701748],[139.76242533818507,35.69365438974489],[139.76245959392395,35.69365169679482],[139.7624610647727,35.69373768833369],[139.76236725177114,35.69374096813408],[139.76236247000884,35.69365065708115]]]}},{"type":"Feature","properties":{"height":19.7,"gml_id":"bldg_3aab451d-6f44-4bb4-a6e1-4d08040c1d71"},"geometry":{"type":"Polygon","coordinates":[[[139.76068431235112,35.6949514861555],[139.76068534962525,35.69508704374468],[139.76068539938836,35.695093091964175],[139.76066306238957,35.69511146641993],[139.76055942087598,35.695106626550405],[139.76056130730774,35.69508567084961],[139.76056184315323,35.695079659038875],[139.76056314921232,35.69506507566959],[139.76056813880567,35.69500959939157],[139.76056977971703,35.69499131159568],[139.760572224283,35.69496412776819],[139.76057348566485,35.69495006716585],[139.76068431235112,35.6949514861555]]]}},{"type":"Feature","properties":{"height":36.5,"gml_id":"bldg_ca4a2146-daab-429e-b74e-bcdecfa36d9c"},"geometry":{"type":"Polygon","coordinates":[[[139.75070316162396,35.69677591008889],[139.75078481613295,35.696781103915974],[139.75072297497977,35.696957189030236],[139.75056984735136,35.69693364824755],[139.75058875427635,35.69681549174595],[139.75061615243504,35.69682091969237],[139.75062778833373,35.696788477495275],[139.7506955095797,35.69680267550107],[139.75070316162396,35.69677591008889]]]}},{"type":"Feature","properties":{"height":42.7,"gml_id":"bldg_5f16f06e-2329-448c-9e07-dc221f858244"},"geometry":{"type":"Polygon","coordinates":[[[139.75465965640475,35.69793375562244],[139.7545839122946,35.69790716077565],[139.75453439199666,35.69788977701486],[139.75451180776852,35.69793257725875],[139.75443139118096,35.697904311723626],[139.75453855533823,35.69770139360463],[139.75457390317197,35.6977138556307],[139.7545836454473,35.697695293801424],[139.75465434113457,35.69772021781675],[139.75463862087744,35.69774995272031],[139.75461542379338,35.69774182523133],[139.75457213753413,35.697823822403834],[139.75461923863898,35.697840392433854],[139.7546948611473,35.69786698717923],[139.75465965640475,35.69793375562244]]]}},{"type":"Feature","properties":{"height":29.0,"gml_id":"bldg_800f8381-f6ac-47d0-a747-3425c11dea71"},"geometry":{"type":"Polygon","coordinates":[[[139.75422116993641,35.69497813980669],[139.75429425015992,35.694980342085486],[139.75430112284337,35.694980544899096],[139.75429536195566,35.695107804572345],[139.75428822927535,35.695113523585114],[139.75428344098097,35.69511736117615],[139.75427865267818,35.695121206879314],[139.75418741820963,35.6951185059169],[139.75419023063222,35.69505670987487],[139.75419383390837,35.694977319619646],[139.75422116993641,35.69497813980669]]]}},{"type":"Feature","properties":{"height":9.2,"gml_id":"bldg_aa1df168-e6fc-4c0d-a358-6f9a1f553200"},"geometry":{"type":"Polygon","coordinates":[[[139.75979437844657,35.69566843589179],[139.7597735608914,35.69566825191231],[139.75967261121048,35.69566736993601],[139.75967367638955,35.695590483775504],[139.7597622945322,35.695591295119],[139.75980063679856,35.695591643940816],[139.75980070832716,35.695585946428295],[139.75980123049192,35.69554675520404],[139.7598279153696,35.695546996843746],[139.7598546002483,35.69554723757615],[139.75985294397591,35.695666399407024],[139.75979954103394,35.695665870142655],[139.75979438084633,35.695665821921914],[139.75979437844657,35.69566843589179]]]}},{"type":"Feature","properties":{"height":14.1,"gml_id":"bldg_b620fea9-145d-4934-bd2c-e5e6d7cf77f7"},"geometry":{"type":"Polygon","coordinates":[[[139.75663061135535,35.69474886744317],[139.7566281191128,35.69478983310065],[139.75662499833513,35.69484098383294],[139.75657251459702,35.694838877227674],[139.7565756354263,35.69478770756803],[139.75657812767744,35.694746760840395],[139.75663061135535,35.69474886744317]]]}},{"type":"Feature","properties":{"height":26.8,"gml_id":"bldg_e8b19422-458a-4023-847e-0895913bc014"},"geometry":{"type":"Polygon","coordinates":[[[139.75370145433783,35.69698515565529],[139.7536297149825,35.6970994378427],[139.7536118077814,35.69712796333235],[139.753558171514,35.69710559187066],[139.75340324947948,35.69704096008243],[139.75334583582932,35.69701700862158],[139.75336193911022,35.69699133931288],[139.75337483279358,35.696970787647004],[139.75332932603285,35.69695182865807],[139.75335876569935,35.69690488688573],[139.75340427235048,35.69692393600053],[139.753405899278,35.69692134113751],[139.75343548282493,35.69687411100353],[139.75349073149795,35.69689717764438],[139.75370145433783,35.69698515565529]]]}},{"type":"Feature","properties":{"height":9.0,"gml_id":"bldg_3b92b47a-c8db-422a-b4f7-b09f62479b4c"},"geometry":{"type":"Polygon","coordinates":[[[139.75789775286557,35.696187622837506],[139.75788179876832,35.6962325911682],[139.7578691258323,35.696231303279774],[139.75782831168618,35.69622715842866],[139.75782644444544,35.69622696796989],[139.7578264514977,35.69621948660889],[139.75780523814444,35.6962182113838],[139.75780527161675,35.69621669710434],[139.75780588118175,35.69619132394014],[139.75780604239702,35.69618441143986],[139.7577979763752,35.696184044929694],[139.7578031379923,35.696100581367574],[139.75781661840878,35.696100950372795],[139.75781971371248,35.696099510123595],[139.75789775286557,35.696187622837506]]]}},{"type":"Feature","properties":{"height":32.9,"gml_id":"bldg_e2e3648b-b35e-4871-ae3b-7e54bea0f13f"},"geometry":{"type":"Polygon","coordinates":[[[139.7523756094343,35.69902668334017],[139.75235147478853,35.69907137500159],[139.75237202070537,35.69907878004692],[139.7523588461686,35.69910328841815],[139.75232696680416,35.69909184662534],[139.75224109360747,35.699061025086095],[139.7522716163471,35.699004412638665],[139.75227840286271,35.69899182508551],[139.7523756094343,35.69902668334017]]]}},{"type":"Feature","properties":{"height":25.7,"gml_id":"bldg_8b7d75a1-8ca1-4768-9484-2107ddec8f81"},"geometry":{"type":"Polygon","coordinates":[[[139.7624104668733,35.69297899361165],[139.76238505617397,35.6928509931327],[139.7624721678169,35.69284020096193],[139.76249201222342,35.69285296702505],[139.7625137340227,35.69286686991535],[139.76253305203497,35.692962669852896],[139.7624104668733,35.69297899361165]]]}},{"type":"Feature","properties":{"height":14.7,"gml_id":"bldg_1156f512-713b-4bbf-9c2d-2c0c129b2e17"},"geometry":{"type":"Polygon","coordinates":[[[139.75599152025498,35.698048010952604],[139.75598223327415,35.698064545107144],[139.75594613685536,35.69812883458721],[139.7559115625654,35.698115922777696],[139.7559476590061,35.698051633307905],[139.75595694599252,35.698035099156],[139.75599152025498,35.698048010952604]]]}},{"type":"Feature","properties":{"height":23.3,"gml_id":"bldg_cf63d840-4b2b-455d-8587-a33eec3a894f"},"geometry":{"type":"Polygon","coordinates":[[[139.76154587116267,35.6930822017559],[139.76148564797302,35.693086672676834],[139.76147956089068,35.692974538636776],[139.76153636216546,35.69296618978763],[139.76154587116267,35.6930822017559]]]}},{"type":"Feature","properties":{"height":16.1,"gml_id":"bldg_54085507-fd40-4459-84d5-9b9cc92ae5c5"},"geometry":{"type":"Polygon","coordinates":[[[139.7598145481234,35.69796364079295],[139.75990196178878,35.6980034986076],[139.75986788195684,35.69805323338594],[139.7597804572621,35.69801331244426],[139.75973842938208,35.697994114636266],[139.75977250918632,35.69794447003102],[139.7598145481234,35.69796364079295]]]}},{"type":"Feature","properties":{"height":16.7,"gml_id":"bldg_d8f112d3-1cda-467e-9b3b-2765d33799aa"},"geometry":{"type":"Polygon","coordinates":[[[139.75975733163799,35.69953863091626],[139.75973375893156,35.699517254063835],[139.7597260301694,35.69951025471571],[139.75970872878705,35.69949458735783],[139.75965587516234,35.69944671036011],[139.75973482737737,35.699388711405945],[139.75985469292874,35.69930071999455],[139.75984376228655,35.69929079826402],[139.75987560847483,35.69926738211151],[139.7598865391178,35.69927730383918],[139.75991750060834,35.69925460823081],[139.75987918803344,35.69921997229237],[139.75995493306962,35.699164404028956],[139.7599931351485,35.69919903987629],[139.76000507748248,35.699190213736685],[139.76003831111538,35.69922033969833],[139.7600208401165,35.69923303836034],[139.76002845842407,35.69923998444184],[139.76005566030832,35.69921998971346],[139.7600756446554,35.699238119392135],[139.76004844285325,35.69925802308673],[139.76005639242615,35.699265238877395],[139.76009841159933,35.69923434659502],[139.76013219746721,35.69926483431544],[139.76009006778938,35.69929572564088],[139.76008631375726,35.69929238829172],[139.76002150473013,35.699339941114616],[139.76001830906324,35.69934228272735],[139.76000163697094,35.699327219711556],[139.75994214667108,35.69937080970844],[139.7599611373328,35.69938803743095],[139.7599019786388,35.699431447335854],[139.75988188386305,35.699413227424685],[139.75978899895958,35.699481493568335],[139.7598104186044,35.69950097712181],[139.7597581155542,35.699539342575434],[139.75975733163799,35.69953863091626]]]}},{"type":"Feature","properties":{"height":3.3,"gml_id":"bldg_879caf61-d1fd-4161-8266-9fff143b160b"},"geometry":{"type":"Polygon","coordinates":[[[139.76021610843537,35.69232136635297],[139.7602131879063,35.69237364403474],[139.76000856146706,35.69236657902248],[139.7600114822119,35.692314211208846],[139.76021610843537,35.69232136635297]]]}},{"type":"Feature","properties":{"height":7.5,"gml_id":"bldg_22139aca-e6fd-40f2-a537-74289c649391"},"geometry":{"type":"Polygon","coordinates":[[[139.7586600978337,35.69889445898528],[139.75864421488888,35.69891040336136],[139.75862824345216,35.69892643781728],[139.75856308771938,35.698883131654526],[139.75857904805983,35.69886715128238],[139.75859494202552,35.698851242976374],[139.7586600978337,35.69889445898528]]]}},{"type":"Feature","properties":{"height":35.2,"gml_id":"bldg_bfe83318-6766-4178-a384-c1d4a37c3403"},"geometry":{"type":"Polygon","coordinates":[[[139.75651884786666,35.699872719281686],[139.75647278057346,35.69985962002813],[139.75625802093307,35.69979864031452],[139.75631583287586,35.69966419309453],[139.75665825453535,35.69976174240261],[139.75674015924142,35.699785066987516],[139.75671993616268,35.69983232189673],[139.7567054610439,35.699866132039325],[139.7566826796053,35.69991933434683],[139.7566007637121,35.69989602684215],[139.75651884786666,35.699872719281686]]]}},{"type":"Feature","properties":{"height":33.4,"gml_id":"bldg_d9e5bef9-5ec5-4961-8b2b-4b2510eb03bd"},"geometry":{"type":"Polygon","coordinates":[[[139.7559427479146,35.69637548911695],[139.75576496161193,35.69636960592282],[139.75577093279938,35.69625107970732],[139.755875571288,35.69625457228689],[139.75587838865363,35.69619778783292],[139.7559515360662,35.696200268573584],[139.7559427479146,35.69637548911695]]]}},{"type":"Feature","properties":{"height":7.1,"gml_id":"bldg_5240d4f2-9446-4f20-964c-a10c8bf86e81"},"geometry":{"type":"Polygon","coordinates":[[[139.75671119626367,35.69817962039559],[139.75668341465467,35.69822755644186],[139.75658753516976,35.69819062755535],[139.75661520632065,35.698142693263264],[139.75671119626367,35.69817962039559]]]}},{"type":"Feature","properties":{"height":21.1,"gml_id":"bldg_31b8901b-569c-49c6-b4ef-97b313d3fe9d"},"geometry":{"type":"Polygon","coordinates":[[[139.75298358670355,35.69991313624192],[139.75296834361117,35.69991780416975],[139.75293888540008,35.699926843254474],[139.75291572782436,35.69993393958501],[139.75288455628436,35.69994349129196],[139.7528562487561,35.69995217057797],[139.75281427080418,35.69993781074251],[139.7528026491171,35.699912582670684],[139.75278802831286,35.69988082668115],[139.75282079156617,35.699870798338296],[139.752845087659,35.69986336026713],[139.75289572475432,35.69984787344716],[139.7529016606125,35.69984604673368],[139.75293112982118,35.69983703470632],[139.75294642817,35.699832348792654],[139.75298358670355,35.69991313624192]]]}},{"type":"Feature","properties":{"height":12.7,"gml_id":"bldg_a4087a3f-9f61-4b2f-a287-a1965a0fc79b"},"geometry":{"type":"Polygon","coordinates":[[[139.7615157990119,35.69495081330885],[139.76163515205496,35.69505545233514],[139.76160662448856,35.695077158346145],[139.76148727145053,35.694972519291966],[139.7615157990119,35.69495081330885]]]}},{"type":"Feature","properties":{"height":17.5,"gml_id":"bldg_f640527a-0996-42e8-9aaf-3558dac7574d"},"geometry":{"type":"Polygon","coordinates":[[[139.75468527794894,35.69524769199639],[139.75467668189353,35.695337102228976],[139.75461348154036,35.695333094890934],[139.75462207766589,35.69524368466289],[139.75468527794894,35.69524769199639]]]}},{"type":"Feature","properties":{"height":27.7,"gml_id":"bldg_4a5aa3a9-e956-4f13-ab74-ed83d697352e"},"geometry":{"type":"Polygon","coordinates":[[[139.76211029663176,35.69630041742506],[139.76209626460297,35.69631142385532],[139.76209318401706,35.696308817074836],[139.76200317548654,35.69637941310191],[139.7619980080628,35.69637502938483],[139.76195559121697,35.69640829181045],[139.7618974467754,35.69635888030756],[139.76187802966464,35.69637411093861],[139.7617974820748,35.696305775357914],[139.76195386920688,35.696183110699906],[139.76202638965265,35.69624462707034],[139.76203582173707,35.69623723241481],[139.76211029663176,35.69630041742506]]]}},{"type":"Feature","properties":{"height":18.1,"gml_id":"bldg_c7a58118-1bca-441b-863d-ce72f9bf7acb"},"geometry":{"type":"Polygon","coordinates":[[[139.75766097970921,35.698617926003564],[139.75759633246554,35.69869210406628],[139.75757635417435,35.69871504034818],[139.7575585254483,35.698708440119304],[139.7574572751093,35.698670979443285],[139.75749940362763,35.69859535319262],[139.75751311807645,35.69857072741778],[139.75751660479227,35.698564474113226],[139.75766097970921,35.698617926003564]]]}},{"type":"Feature","properties":{"height":7.6,"gml_id":"bldg_1711a586-3624-4005-924c-91947d0e527b"},"geometry":{"type":"Polygon","coordinates":[[[139.75817714851695,35.69689318215914],[139.7581653270983,35.69691460933815],[139.75815377133665,35.69693554092876],[139.75814222662646,35.69695646441277],[139.75810312337657,35.69694210730915],[139.75811466809404,35.696921184730215],[139.75812622386385,35.69690025314333],[139.7581380452908,35.69687882596811],[139.75818104731022,35.69680091142451],[139.75820364760452,35.696809236156454],[139.75824356818003,35.6968239353565],[139.75820593435188,35.69689232579983],[139.75818240616297,35.69688365796884],[139.75817714851695,35.69689318215914]]]}},{"type":"Feature","properties":{"height":8.6,"gml_id":"bldg_05a3d715-0c1d-45ee-970e-588f7749b149"},"geometry":{"type":"Polygon","coordinates":[[[139.75879122892343,35.69668766421345],[139.75886865000803,35.69671733112495],[139.75885049885983,35.69674886781934],[139.75877306670165,35.69671920088943],[139.7587001634399,35.6966912673466],[139.75871831463414,35.69665973067464],[139.75879122892343,35.69668766421345]]]}},{"type":"Feature","properties":{"height":19.7,"gml_id":"bldg_66024e56-0484-4f83-8338-9da7a528e75e"},"geometry":{"type":"Polygon","coordinates":[[[139.75534154366403,35.699012705359],[139.7554000466739,35.699032122681054],[139.75544544839195,35.69904718690009],[139.75544098643664,35.699056152633304],[139.75542912845717,35.699080004193895],[139.7554101291302,35.69911819190934],[139.7553656221213,35.69910346176318],[139.75530610272048,35.69908376434138],[139.7552720458831,35.699072493176836],[139.75530747583676,35.69900139814249],[139.75534154366403,35.699012705359]]]}},{"type":"Feature","properties":{"height":9.4,"gml_id":"bldg_ead5ac34-ef4e-4cc7-b6c6-400d88b29913"},"geometry":{"type":"Polygon","coordinates":[[[139.75226834345895,35.69525055944334],[139.75231399963135,35.69526261444867],[139.75230104945268,35.69529532544233],[139.75225537112865,35.695283305570655],[139.75220128624431,35.69526907256235],[139.75221424759948,35.69523627235123],[139.75226834345895,35.69525055944334]]]}},{"type":"Feature","properties":{"height":14.4,"gml_id":"bldg_0de46061-a426-4934-82c2-158f3ae57e49"},"geometry":{"type":"Polygon","coordinates":[[[139.76067345341283,35.69714099594568],[139.76067848056528,35.69714162993844],[139.7606697313915,35.69718772067856],[139.76057161901983,35.697175339696976],[139.76058036825688,35.69712923995027],[139.76057650121896,35.69712875087366],[139.7605615302498,35.6971268669761],[139.7605683919745,35.69709069917757],[139.76053563265333,35.69708656011338],[139.760543615811,35.69704447099842],[139.7605392405371,35.69704391941882],[139.7605527197256,35.696972862717935],[139.76053837856608,35.6969710513078],[139.76054259774403,35.69694881708016],[139.76053120658113,35.696947377014354],[139.76053715784488,35.69691601296393],[139.76047758351626,35.6969084955575],[139.76048757632702,35.696855843613704],[139.76054715061744,35.69686336101521],[139.76054310909578,35.696884657926745],[139.7605694048827,35.69688797283613],[139.7605694603787,35.69688770155754],[139.7606901779405,35.69690293639942],[139.7607104080251,35.69690548956585],[139.76070524513278,35.69693270870344],[139.76071623854875,35.696934094430695],[139.76070944354709,35.696969883703815],[139.76070290274663,35.69696904959644],[139.76069812847498,35.696994195818704],[139.76070123315225,35.6969945852808],[139.76071217132704,35.69699597097508],[139.76070252284512,35.69704680237829],[139.76069158466356,35.69704541668314],[139.7606861774481,35.69707396879691],[139.76069628698636,35.69707524582823],[139.76068676057366,35.69712548239947],[139.76067663997927,35.69712420536069],[139.76067345341283,35.69714099594568]]]}},{"type":"Feature","properties":{"height":15.8,"gml_id":"bldg_3e5c2b60-cc9c-4317-a509-0f0b533bd881"},"geometry":{"type":"Polygon","coordinates":[[[139.75622171117317,35.69845414424965],[139.75626570753147,35.69847110013522],[139.75630036999948,35.69848446258329],[139.75633476737127,35.698497725701195],[139.7563448413648,35.69850160803133],[139.75635495954256,35.69850550841624],[139.75631976179486,35.69856614803403],[139.75630968778574,35.69856227471553],[139.7562996248364,35.698558392389565],[139.75628116688716,35.69855127778842],[139.75626521638563,35.69854513826834],[139.75623055388772,35.6985317857253],[139.75621146632048,35.69852443455151],[139.75618654644563,35.698514837932294],[139.75617958744064,35.69851215640625],[139.75621467485612,35.69845142662135],[139.75622171117317,35.69845414424965]]]}},{"type":"Feature","properties":{"height":19.9,"gml_id":"bldg_d82e8f09-8e1d-45a9-b1e9-a1e4a957d793"},"geometry":{"type":"Polygon","coordinates":[[[139.7563077899431,35.696697899668564],[139.75634585521496,35.696711056969406],[139.75632282899215,35.69675520933344],[139.75623987190437,35.69672649269134],[139.75625373206256,35.69669979399642],[139.75626278766578,35.69668234027228],[139.7563077899431,35.696697899668564]]]}},{"type":"Feature","properties":{"height":34.9,"gml_id":"bldg_0c70c106-5b4a-4cbf-8e13-d9f1679d6ee0"},"geometry":{"type":"Polygon","coordinates":[[[139.7558122358925,35.69875264899731],[139.75578725342208,35.698807680407825],[139.75577229272676,35.69884062391551],[139.7556541898245,35.69880492565956],[139.75548805498494,35.69875470222257],[139.75546655766368,35.69874820657439],[139.75544508244454,35.698741712739384],[139.755490374594,35.69864195959418],[139.75551187188864,35.69864845523821],[139.75553336917898,35.698654958990694],[139.75555487753167,35.69866145373281],[139.75577549570616,35.69872813513684],[139.75579704518518,35.69868077306787],[139.75581137457013,35.698649287564606],[139.75585450178704,35.69866231397295],[139.7559001919054,35.6986761162904],[139.7558907349928,35.69869687774713],[139.75587151106745,35.69873910442775],[139.755825831943,35.698725328246304],[139.75582478248293,35.69872501209144],[139.7558122358925,35.69875264899731]]]}},{"type":"Feature","properties":{"height":7.9,"gml_id":"bldg_bfab67a4-e908-4aa9-a58a-a97db8952499"},"geometry":{"type":"Polygon","coordinates":[[[139.758840599601,35.695167030551275],[139.75884054349763,35.69516794991343],[139.75877937385619,35.69516646985359],[139.75878106250408,35.6951210779316],[139.75878243368956,35.69508435698726],[139.75884364746702,35.69508583707284],[139.75884233152436,35.695122594106834],[139.758840599601,35.695167030551275]]]}},{"type":"Feature","properties":{"height":5.6,"gml_id":"bldg_91caac90-d4eb-477c-bb65-3e45ffe119d5"},"geometry":{"type":"Polygon","coordinates":[[[139.75879976492473,35.696313637297315],[139.7588541073851,35.696314319918116],[139.75885341455827,35.69634640823719],[139.75881840907672,35.69634596292981],[139.7587859008246,35.69634555521355],[139.75878648318013,35.69631346682645],[139.75879976492473,35.696313637297315]]]}},{"type":"Feature","properties":{"height":9.7,"gml_id":"bldg_572983cf-6933-4aa0-ab70-f1b4909bcdb9"},"geometry":{"type":"Polygon","coordinates":[[[139.75965653046393,35.69831390633057],[139.75960628730616,35.698384083201],[139.75949971148592,35.69833330685689],[139.75954995470508,35.69826313003045],[139.75965653046393,35.69831390633057]]]}},{"type":"Feature","properties":{"height":15.3,"gml_id":"bldg_007de5d1-90b7-4d6d-85f4-95cf5ccedce2"},"geometry":{"type":"Polygon","coordinates":[[[139.75956369714936,35.69650366584253],[139.75963877514252,35.696534015864415],[139.75958978947094,35.696607780968954],[139.75957559279084,35.69662916176414],[139.75947439971873,35.69660332055657],[139.75946788918932,35.69659367191042],[139.7595353868976,35.6964922191273],[139.75956369714936,35.69650366584253]]]}},{"type":"Feature","properties":{"height":18.0,"gml_id":"bldg_20a1f344-82bb-45d2-be5a-7f42eaeb7ef9"},"geometry":{"type":"Polygon","coordinates":[[[139.75825061617198,35.69708524668993],[139.7582235784767,35.697130766994384],[139.75819704984306,35.69717544032308],[139.75816253151834,35.69716181711137],[139.75812182753836,35.697145738300854],[139.75817550451586,35.69705545463294],[139.75825061617198,35.69708524668993]]]}},{"type":"Feature","properties":{"height":8.8,"gml_id":"bldg_767b7682-e1b9-4f84-877d-64994ff21bde"},"geometry":{"type":"Polygon","coordinates":[[[139.76193821119818,35.69472067541853],[139.76200832261722,35.69478092756651],[139.76196188209238,35.6948169548241],[139.76189177067764,35.69475670174806],[139.76193821119818,35.69472067541853]]]}},{"type":"Feature","properties":{"height":26.1,"gml_id":"bldg_7fd27894-5c15-494d-b848-adc2b1498acd"},"geometry":{"type":"Polygon","coordinates":[[[139.76229096766232,35.693539908672584],[139.76215718365376,35.69356165180776],[139.7621344824726,35.693468490832124],[139.7623314555113,35.693437185419796],[139.76235693190986,35.69354102922687],[139.76229372011275,35.69355108728192],[139.76229096766232,35.693539908672584]]]}},{"type":"Feature","properties":{"height":4.5,"gml_id":"bldg_9bd55948-eb93-4a43-b2f1-b8ae1bdf6202"},"geometry":{"type":"Polygon","coordinates":[[[139.75057714527378,35.69339929357078],[139.75062275762537,35.693420416969445],[139.75059022407896,35.69346708556225],[139.75054461170947,35.693445962151394],[139.75057714527378,35.69339929357078]]]}},{"type":"Feature","properties":{"height":41.1,"gml_id":"bldg_f8859c42-4059-4229-b657-7c51495ffda6"},"geometry":{"type":"Polygon","coordinates":[[[139.75501073591406,35.696219129700715],[139.7549333475454,35.696372492377904],[139.7547915858253,35.69636455805386],[139.75479707624865,35.69628704387696],[139.75475707773808,35.69628512489896],[139.7547593524534,35.69625291144498],[139.75476256845448,35.69620734031201],[139.75501073591406,35.696219129700715]]]}},{"type":"Feature","properties":{"height":19.1,"gml_id":"bldg_b4e2134f-efa2-4869-a8bb-7386de1d4f1d"},"geometry":{"type":"Polygon","coordinates":[[[139.7605625916025,35.69578834320516],[139.7606115999075,35.69583416238765],[139.76055410143422,35.69585349806673],[139.76053900090923,35.695812052984614],[139.76052764794434,35.695780921833034],[139.7605464505665,35.69577324542389],[139.7605625916025,35.69578834320516]]]}},{"type":"Feature","properties":{"height":29.0,"gml_id":"bldg_06be142d-6624-42c7-90f8-a0fce9705383"},"geometry":{"type":"Polygon","coordinates":[[[139.75263975536106,35.699759835797735],[139.7526671390597,35.69976978723553],[139.75264477607936,35.69981082959398],[139.75261588130726,35.69986385577248],[139.75255203383358,35.69984064776469],[139.75258090649345,35.69978766665494],[139.7525936047037,35.69976435676319],[139.75260329164604,35.69974657925465],[139.75263975536106,35.699759835797735]]]}},{"type":"Feature","properties":{"height":30.1,"gml_id":"bldg_891e6998-d704-46bd-b2e6-ac49db69ce1e"},"geometry":{"type":"Polygon","coordinates":[[[139.75575122283666,35.695586352171816],[139.75574932389327,35.69564173108422],[139.7557284734859,35.69564125794582],[139.75569136927484,35.69564040476],[139.7556694912689,35.69563990390753],[139.75566287260563,35.69562837112257],[139.7556895003794,35.69558494229509],[139.75575122283666,35.695586352171816]]]}},{"type":"Feature","properties":{"height":31.4,"gml_id":"bldg_7ea0d54b-aa76-48fe-92c1-2b7a0d363bf0"},"geometry":{"type":"Polygon","coordinates":[[[139.7549185648649,35.69736371756952],[139.75489111246654,35.69741318575015],[139.75485786400785,35.69740093340156],[139.7548247260255,35.69738871536785],[139.7548384302155,35.69736390961265],[139.75483911652404,35.69736267518448],[139.75481956513988,35.69735545057937],[139.75480617107746,35.69737950929975],[139.75472973284198,35.69735133669377],[139.754756188964,35.697303761675705],[139.7549185648649,35.69736371756952]]]}},{"type":"Feature","properties":{"height":18.2,"gml_id":"bldg_bf616ae1-6eec-4e92-ba32-c4664aec61dd"},"geometry":{"type":"Polygon","coordinates":[[[139.75663544493386,35.69247020789109],[139.75662481045813,35.692521633280464],[139.75655992440497,35.692526315095165],[139.7565541985928,35.692551739087506],[139.75648585733728,35.69254150098714],[139.7564883762603,35.69253031659499],[139.7563983704672,35.69251681066834],[139.7564162581664,35.692437437552115],[139.75663544493386,35.69247020789109]]]}},{"type":"Feature","properties":{"height":25.0,"gml_id":"bldg_5bed22d7-5d39-461b-b5c7-f3eaa2ccab62"},"geometry":{"type":"Polygon","coordinates":[[[139.75936605222967,35.69882071218838],[139.75935378532083,35.69883398181455],[139.75932627599386,35.698863764161885],[139.7592948952243,35.69889771655841],[139.75925875806743,35.6989368326664],[139.75919415123911,35.6988970434231],[139.759245077368,35.698841865029344],[139.7592892228621,35.69879404842985],[139.75930133494063,35.69878092203262],[139.75936605222967,35.69882071218838]]]}},{"type":"Feature","properties":{"height":3.3,"gml_id":"bldg_7ce3d36f-dc77-4ace-b6d5-255d68638544"},"geometry":{"type":"Polygon","coordinates":[[[139.75100196883528,35.695264139920035],[139.75099415215817,35.69530081129541],[139.75088183733888,35.695284888344844],[139.75088965406582,35.69524821697673],[139.75100196883528,35.695264139920035]]]}},{"type":"Feature","properties":{"height":22.8,"gml_id":"bldg_510be735-0b28-42f7-8009-1c15e8895f3a"},"geometry":{"type":"Polygon","coordinates":[[[139.7556199436773,35.699022998776286],[139.75574326129225,35.69906003355072],[139.7557668797749,35.69906713443326],[139.7556916873798,35.69923365892492],[139.75554277367587,35.69918885488626],[139.7555507470833,35.699171103072054],[139.75551694329593,35.699160895755725],[139.75553784005763,35.69911458791637],[139.7555545950798,35.69907748037324],[139.75556603457525,35.69905212324384],[139.75557175985412,35.69903943566858],[139.75558405201545,35.69901221325452],[139.7556199436773,35.699022998776286]]]}},{"type":"Feature","properties":{"height":25.0,"gml_id":"bldg_831ddbd0-1280-4824-aa3d-17966728ea59"},"geometry":{"type":"Polygon","coordinates":[[[139.75304805413063,35.696451832156804],[139.75303905595626,35.696499508588836],[139.75292459376453,35.696485190550945],[139.7529335920054,35.69643751412747],[139.75304805413063,35.696451832156804]]]}},{"type":"Feature","properties":{"height":45.0,"gml_id":"bldg_494ed05b-633c-4694-908e-b62d9d6cfc4b"},"geometry":{"type":"Polygon","coordinates":[[[139.7578694480019,35.69890355557482],[139.75772939350122,35.698849629826164],[139.75773564706196,35.69883881732651],[139.75770715899355,35.69882784779929],[139.75775320285086,35.698748267813166],[139.75774977854147,35.6987469496644],[139.757786004788,35.69868436331822],[139.7577948196167,35.69868775799743],[139.7577988263021,35.69868083799811],[139.7580471993246,35.69877646659578],[139.758007962692,35.6988442610484],[139.75800398606032,35.698842735246394],[139.75799167825136,35.69886399985042],[139.7579574792664,35.698850826566286],[139.75794765071376,35.69886781211715],[139.75792524905748,35.69885918099869],[139.7579011425097,35.69890084519398],[139.75787650951847,35.698891356367696],[139.7578694480019,35.69890355557482]]]}},{"type":"Feature","properties":{"height":18.4,"gml_id":"bldg_4a436417-e76d-4308-9692-cd7c9dae6245"},"geometry":{"type":"Polygon","coordinates":[[[139.75849097249986,35.69718202314674],[139.75848181908015,35.697198188018554],[139.7584424382894,35.69726774922521],[139.7584355206353,35.69727996658586],[139.75838305178073,35.697260194844674],[139.758389969442,35.69724797658562],[139.7584293502601,35.697178424409636],[139.75843850369571,35.69716225142944],[139.75849097249986,35.69718202314674]]]}},{"type":"Feature","properties":{"height":19.6,"gml_id":"bldg_bc94768e-5868-4530-9268-a46b98fc9566"},"geometry":{"type":"Polygon","coordinates":[[[139.75586831622638,35.697072388951234],[139.75587628001233,35.69707572012819],[139.7558669394926,35.69709057769543],[139.7558524639072,35.69711358934791],[139.75575316512757,35.697072044382594],[139.75563029546194,35.69702063215706],[139.75564370866678,35.69699930540575],[139.75567755192196,35.697013469725846],[139.75568266488696,35.697005324646646],[139.7556609716282,35.69699624287693],[139.7557032253964,35.696929037004885],[139.75572492969167,35.69693811877419],[139.75574254831164,35.69691009754955],[139.75579852662122,35.69693352414946],[139.75578800194756,35.696950255796175],[139.75591238482787,35.697002308806695],[139.75586831622638,35.697072388951234]]]}},{"type":"Feature","properties":{"height":12.4,"gml_id":"bldg_6678b218-ce30-4e42-bf03-ab2a47768829"},"geometry":{"type":"Polygon","coordinates":[[[139.75644057425922,35.696343358847024],[139.75643674324496,35.69642051361147],[139.75639608103077,35.696419225712575],[139.7564003609167,35.69633495041884],[139.75644057425922,35.696343358847024]]]}},{"type":"Feature","properties":{"height":19.3,"gml_id":"bldg_81dd3afa-ace9-48c4-840c-930adb753a27"},"geometry":{"type":"Polygon","coordinates":[[[139.754655514828,35.699900089175465],[139.75463776909774,35.69993270712395],[139.75461918201293,35.69996686586002],[139.75460117054874,35.69999998839545],[139.75458521818308,35.700029298583985],[139.75454745045374,35.70001566410355],[139.75450376184205,35.69999990661598],[139.75445685875403,35.699982975226845],[139.75452715565467,35.69985367485433],[139.754655514828,35.699900089175465]]]}},{"type":"Feature","properties":{"height":16.3,"gml_id":"bldg_84b0c9f5-f5ad-4bef-892d-08369b14c459"},"geometry":{"type":"Polygon","coordinates":[[[139.75654690052124,35.69504743779678],[139.75654499326373,35.69507749725277],[139.75658256064347,35.695079045426596],[139.75658213407274,35.69508602085312],[139.75658177505133,35.6950916902383],[139.7565808222012,35.69510706699425],[139.75658031607983,35.695115188010625],[139.75657526559922,35.695196722673444],[139.75649394318813,35.69519333572451],[139.75649902689165,35.69511181009998],[139.7564995319163,35.695103689083254],[139.75650048587826,35.69508832134236],[139.75650083385574,35.69508265195038],[139.75650314561764,35.6950456071397],[139.75654690052124,35.69504743779678]]]}},{"type":"Feature","properties":{"height":12.2,"gml_id":"bldg_5c514d2c-44d1-4555-bec1-09db25189d5f"},"geometry":{"type":"Polygon","coordinates":[[[139.76112650500897,35.69681828092105],[139.761171780904,35.69683789482498],[139.76116457741998,35.69684898636205],[139.76113969166582,35.69688727061933],[139.76106057683387,35.69688442890078],[139.76105031449035,35.69686882905087],[139.76109280490874,35.69680368556058],[139.76112650500897,35.69681828092105]]]}},{"type":"Feature","properties":{"height":13.7,"gml_id":"bldg_07bf3da6-e1de-4b9a-8600-34894500ae23"},"geometry":{"type":"Polygon","coordinates":[[[139.76106476002528,35.69641202376986],[139.76100811214457,35.69649248202754],[139.76100284359384,35.696490009110036],[139.76098313899791,35.69648075823313],[139.76096371053887,35.6964716337107],[139.76101670745277,35.69639621193491],[139.76102024795097,35.69639117540731],[139.76106476002528,35.69641202376986]]]}},{"type":"Feature","properties":{"height":7.9,"gml_id":"bldg_68f8fa7f-7722-4673-a9ee-66f5fc55a2b8"},"geometry":{"type":"Polygon","coordinates":[[[139.7548960491469,35.695554024713125],[139.75487006098942,35.695553197445534],[139.75482995172968,35.6955519075754],[139.75479050545195,35.69555062082858],[139.7547940003317,35.69547977457157],[139.7547983095425,35.69547995855824],[139.75479864978274,35.69547103522296],[139.75483378680912,35.69547213978456],[139.75487400643962,35.695473518059536],[139.75490374031727,35.69547445683247],[139.75490024482082,35.69554603230026],[139.7548964990706,35.6955459216953],[139.7548960491469,35.695554024713125]]]}},{"type":"Feature","properties":{"height":15.3,"gml_id":"bldg_5241c8bf-3c75-4624-b925-ab325bc0897e"},"geometry":{"type":"Polygon","coordinates":[[[139.76133539445476,35.69380407324159],[139.7613056697208,35.693805858199354],[139.7612735376934,35.69378141185009],[139.7612667522101,35.693708937662464],[139.76132609127384,35.69370518741871],[139.76133539445476,35.69380407324159]]]}},{"type":"Feature","properties":{"height":17.2,"gml_id":"bldg_21b4d548-0936-4020-9fde-0ae54bfbc65e"},"geometry":{"type":"Polygon","coordinates":[[[139.7541082963198,35.69934773200838],[139.75409664838125,35.69937105176692],[139.75407430471475,35.69941576297801],[139.75406584304608,35.69941290006698],[139.75404624643204,35.69940628012717],[139.75400194963942,35.69939137835594],[139.75402100427524,35.69935387594168],[139.75402528910232,35.69934541491151],[139.75403416870495,35.69932794321985],[139.7541082963198,35.69934773200838]]]}},{"type":"Feature","properties":{"height":11.3,"gml_id":"bldg_899f19e0-5c00-4369-863f-e313aabcf928"},"geometry":{"type":"Polygon","coordinates":[[[139.76221891663485,35.694296394735005],[139.76241400455402,35.69447461054982],[139.7623790644167,35.69450109112854],[139.76216740923306,35.69431492259554],[139.76221891663485,35.694296394735005]]]}},{"type":"Feature","properties":{"height":9.1,"gml_id":"bldg_d73118f7-3412-4721-a464-6cbcbd5e1752"},"geometry":{"type":"Polygon","coordinates":[[[139.7528780261056,35.69457449066862],[139.75283333491868,35.69460307026018],[139.75263179619728,35.69437777320439],[139.75267615384763,35.69435117557476],[139.7528780261056,35.69457449066862]]]}},{"type":"Feature","properties":{"height":8.8,"gml_id":"bldg_dfc52bcf-06b5-4fef-a688-c41827683329"},"geometry":{"type":"Polygon","coordinates":[[[139.75831353699147,35.699100044048805],[139.7583431120462,35.69911866673125],[139.75838231723674,35.69914335350336],[139.75840249411658,35.69915605643759],[139.7583767216235,35.69918326173218],[139.75835655579198,35.6991705578992],[139.7583173616539,35.699145863013364],[139.75828778660363,35.699127231311],[139.75828019958055,35.69912244932554],[139.75827614157828,35.699089817241166],[139.75828399508427,35.6990814394071],[139.75831353699147,35.699100044048805]]]}},{"type":"Feature","properties":{"height":15.0,"gml_id":"bldg_07889e03-a896-43c4-932c-45316214c91f"},"geometry":{"type":"Polygon","coordinates":[[[139.75653211087243,35.698026183395385],[139.756526554802,35.698035500006334],[139.75652099873034,35.698044816617006],[139.7564530862218,35.6981586341988],[139.75641354193155,35.6981429791973],[139.75640292683744,35.69813877203404],[139.7563853749263,35.698131820273915],[139.7564643997488,35.69799927937764],[139.75653211087243,35.698026183395385]]]}},{"type":"Feature","properties":{"height":13.4,"gml_id":"bldg_b96e3ccb-5fb8-4d30-bcca-f7fbbe16fde7"},"geometry":{"type":"Polygon","coordinates":[[[139.75757999055762,35.69790795682253],[139.75755021731274,35.69795931611911],[139.75746737211202,35.69792735456811],[139.7574971453972,35.69787599619318],[139.75757999055762,35.69790795682253]]]}},{"type":"Feature","properties":{"height":15.2,"gml_id":"bldg_3a3d4a70-69b0-4f4c-abe0-2a0ea1d502b4"},"geometry":{"type":"Polygon","coordinates":[[[139.75934364020554,35.69681352970543],[139.759396061477,35.6968369073785],[139.7593602104304,35.69689033654881],[139.75929895285012,35.69686301444249],[139.7592794688412,35.69685432227195],[139.7593025396828,35.69681994021223],[139.7593153199255,35.69680089312541],[139.75934364020554,35.69681352970543]]]}},{"type":"Feature","properties":{"height":15.9,"gml_id":"bldg_7faa1fff-56a3-46f6-9983-fd4c3f26dfc6"},"geometry":{"type":"Polygon","coordinates":[[[139.7513007055479,35.697241308090646],[139.75129487160345,35.697262459248265],[139.75126570174243,35.69736830516779],[139.7512124618918,35.69735854308626],[139.75118772564485,35.69735400133554],[139.75121689559438,35.69724816444848],[139.7512227295676,35.69722700428095],[139.7513007055479,35.697241308090646]]]}},{"type":"Feature","properties":{"height":9.7,"gml_id":"bldg_b6a2d7dc-657b-4f67-bbfa-48e755727d5d"},"geometry":{"type":"Polygon","coordinates":[[[139.7546551573598,35.696326791725355],[139.75465280794316,35.69635626496548],[139.75461037870377,35.696354073939155],[139.75461272822454,35.696324510563],[139.7546551573598,35.696326791725355]]]}},{"type":"Feature","properties":{"height":22.5,"gml_id":"bldg_a41b247f-50d6-4684-aeb6-85d5081862ba"},"geometry":{"type":"Polygon","coordinates":[[[139.7608827388022,35.69522372920064],[139.76087358824356,35.69531080499951],[139.76086869528015,35.695357393842635],[139.7608199691286,35.69535402943378],[139.76082490638333,35.69530736941111],[139.7608266227144,35.695291153906474],[139.7608299216099,35.69526001357756],[139.7608341232281,35.69522036486403],[139.7608827388022,35.69522372920064]]]}},{"type":"Feature","properties":{"height":39.8,"gml_id":"bldg_efcaaf0d-fead-4f6b-ab5e-7502252a04ae"},"geometry":{"type":"Polygon","coordinates":[[[139.7613108523356,35.696890077256356],[139.76130567338652,35.69687393964801],[139.76127251733863,35.69688094958315],[139.76126751478193,35.696865272678416],[139.76125389555256,35.69682253060771],[139.76125653048203,35.69681691665494],[139.76128953338892,35.69674671974547],[139.76129142654395,35.69674269175785],[139.76130424684777,35.69673999532194],[139.7612982968494,35.696721153143685],[139.76134416270972,35.69671135565669],[139.7613296180224,35.69666555739811],[139.7613712506773,35.69657084838115],[139.76138915486067,35.69656707333203],[139.76139356217803,35.69658113732709],[139.76141069271003,35.69657754208628],[139.76141532070542,35.69659196676008],[139.7614344407006,35.696587831882894],[139.76143928905105,35.69660297778282],[139.7614558670113,35.696599472342506],[139.7614601645714,35.696612725037156],[139.7614798371436,35.69660850034577],[139.76148457549027,35.69662310535656],[139.76150037988,35.69661969048672],[139.76157420690205,35.69685093483713],[139.7615327618402,35.69685974444364],[139.76152769404914,35.696844056694324],[139.7613108523356,35.696890077256356]]]}},{"type":"Feature","properties":{"height":5.9,"gml_id":"bldg_e7c5b414-ab4d-4c27-ada2-f81267d44261"},"geometry":{"type":"Polygon","coordinates":[[[139.75764639860427,35.69653102197218],[139.7577212937448,35.69653192534015],[139.75775045423265,35.69654375159077],[139.75773009117938,35.696576909192714],[139.7576408618567,35.696566911015466],[139.75758281198,35.69656041168211],[139.75759554770417,35.696530404098816],[139.75764639860427,35.69653102197218]]]}},{"type":"Feature","properties":{"height":6.6,"gml_id":"bldg_52a500e0-b426-44f3-a18d-2bf8ba8d93f3"},"geometry":{"type":"Polygon","coordinates":[[[139.75617812432466,35.696796128971975],[139.7562007907255,35.69680443609481],[139.75616840228426,35.696863004336784],[139.7561628234059,35.69687309609567],[139.75611609881142,35.69685594011728],[139.75612167772925,35.69684581230579],[139.75615395566396,35.69678728006015],[139.75617812432466,35.696796128971975]]]}},{"type":"Feature","properties":{"height":32.8,"gml_id":"bldg_75506e62-51cb-4494-b35d-13f0e9a60911"},"geometry":{"type":"Polygon","coordinates":[[[139.75367215759647,35.69955502940497],[139.75360794361154,35.6996779335946],[139.75358099019599,35.69966857755909],[139.75354905482087,35.69965749660116],[139.75347836843292,35.69963296043999],[139.75352996129394,35.69953411359759],[139.75355028679246,35.699541157747746],[139.75356290807477,35.699517099565476],[139.75367215759647,35.69955502940497]]]}},{"type":"Feature","properties":{"height":15.0,"gml_id":"bldg_95e5cc34-7c88-438b-9670-b6403153e842"},"geometry":{"type":"Polygon","coordinates":[[[139.76114399125748,35.695181702061156],[139.7611477025847,35.69522000257554],[139.76106872331988,35.69521569261284],[139.76107184038017,35.69517778288273],[139.76114399125748,35.695181702061156]]]}},{"type":"Feature","properties":{"height":23.1,"gml_id":"bldg_d4fdc06c-2e2e-4b61-ae62-e45870eae3b2"},"geometry":{"type":"Polygon","coordinates":[[[139.75945680531888,35.694917253213674],[139.7595845707423,35.69491899908923],[139.75958168468057,35.69505330138031],[139.75942488089623,35.695051159101325],[139.75942562118183,35.69501527603535],[139.75942647685312,35.6949740929872],[139.75942765672445,35.694916856746424],[139.75945680531888,35.694917253213674]]]}},{"type":"Feature","properties":{"height":20.3,"gml_id":"bldg_ce6b4c48-0a5c-486d-b621-c305b8d6f888"},"geometry":{"type":"Polygon","coordinates":[[[139.75570303570436,35.69892611918063],[139.75569160773992,35.698951043673986],[139.75565774462072,35.699024879994745],[139.75558019512042,35.699001214062754],[139.75559257545586,35.698974217046825],[139.7556049890035,35.69894714794143],[139.75561250800322,35.69893074788234],[139.75561914111316,35.698916276180285],[139.75562548628622,35.69890245327755],[139.75570303570436,35.69892611918063]]]}},{"type":"Feature","properties":{"height":20.2,"gml_id":"bldg_2942f90a-b109-4841-953e-0913d3f4ebdc"},"geometry":{"type":"Polygon","coordinates":[[[139.7513525189494,35.697575869406215],[139.75136068571243,35.69758587926328],[139.7513377073801,35.69768934078266],[139.75132042667767,35.69768676010851],[139.75129602090976,35.697683110960746],[139.75126594734454,35.69767861967085],[139.7512092141614,35.697670144164334],[139.7512125308682,35.69765770843534],[139.75122088361226,35.697626417697904],[139.75122989085756,35.697592632416544],[139.75123638004644,35.69756830798961],[139.75123960797615,35.69755623184537],[139.7513525189494,35.697575869406215]]]}},{"type":"Feature","properties":{"height":16.8,"gml_id":"bldg_e8a3a1bc-5c1f-43e6-874b-49bc6a06c664"},"geometry":{"type":"Polygon","coordinates":[[[139.75865761316675,35.697387503604936],[139.75868039019858,35.69739612580814],[139.7586721776373,35.697410578675964],[139.75865925003228,35.69743333924191],[139.75858457846675,35.697405080042174],[139.75858940419002,35.697396583127535],[139.75860571866022,35.69736786662136],[139.75865761316675,35.697387503604936]]]}},{"type":"Feature","properties":{"height":90.6,"gml_id":"bldg_ae8c9514-45b1-49c6-9bfb-dea6866629f6"},"geometry":{"type":"Polygon","coordinates":[[[139.75030102248388,35.69957943173067],[139.75027511603824,35.69962646530738],[139.75024201350132,35.69968638258284],[139.75003003919315,35.699608538987306],[139.75012458690404,35.699436983766226],[139.75033667135253,35.699514828174564],[139.75030102248388,35.69957943173067]]]}},{"type":"Feature","properties":{"height":11.9,"gml_id":"bldg_3e5db3aa-128c-42d3-b5fb-f42c9be7eb35"},"geometry":{"type":"Polygon","coordinates":[[[139.75461151283176,35.696324419631246],[139.75460916331056,35.69635398300739],[139.75452563081905,35.69634960177712],[139.75452798037094,35.69632003840264],[139.75461151283176,35.696324419631246]]]}},{"type":"Feature","properties":{"height":6.3,"gml_id":"bldg_a0c69121-730f-46a6-ae6a-ce0e9380ecd1"},"geometry":{"type":"Polygon","coordinates":[[[139.7577039361846,35.69267955103216],[139.75799394265684,35.69272056493268],[139.75798972882035,35.692736606678814],[139.7578890738653,35.69273176637941],[139.75781173879753,35.69272081131284],[139.75770005513374,35.69269415078554],[139.7577039361846,35.69267955103216]]]}},{"type":"Feature","properties":{"height":44.5,"gml_id":"bldg_4439d3fe-f3f1-48e2-9564-6c7a771fc48e"},"geometry":{"type":"Polygon","coordinates":[[[139.7564926462534,35.694448893802466],[139.7564694770477,35.69444705824429],[139.75621191989958,35.694426720863795],[139.75621058275672,35.69443834767479],[139.75610606172657,35.69443007820334],[139.75610739837177,35.694418983201246],[139.75602655475512,35.694412639751505],[139.75602745833814,35.694403761841336],[139.75601207849098,35.69440256215579],[139.75601515336703,35.69437645956606],[139.7559968345664,35.694375025437516],[139.75602368105035,35.69415015006275],[139.75604257435654,35.69415160438622],[139.75604591634865,35.6941234837995],[139.75648814042046,35.69415843358412],[139.75655526128264,35.69416374041103],[139.75654900092908,35.694216438598595],[139.75652834834756,35.694390327563234],[139.7565245163655,35.69442258513595],[139.75649603272205,35.69442033156185],[139.7564926462534,35.694448893802466]]]}},{"type":"Feature","properties":{"height":26.3,"gml_id":"bldg_9171a9d6-aeac-42cd-8e89-3769c80f40e0"},"geometry":{"type":"Polygon","coordinates":[[[139.76171890809817,35.694190719190146],[139.76179228073164,35.69418661741841],[139.7617972002128,35.6942457583036],[139.76172382753268,35.69424985196592],[139.76171890809817,35.694190719190146]]]}},{"type":"Feature","properties":{"height":23.4,"gml_id":"bldg_dbb4f1ab-803a-4a88-8a94-93f6045d634a"},"geometry":{"type":"Polygon","coordinates":[[[139.75420029183437,35.69861858509029],[139.75418885625223,35.69863960741085],[139.75416021741884,35.698692290718],[139.7541186726129,35.69867726460657],[139.75402092474624,35.698641902633995],[139.75406099926454,35.69856819705218],[139.75420029183437,35.69861858509029]]]}},{"type":"Feature","properties":{"height":36.0,"gml_id":"bldg_9b7e2174-81eb-4f43-9926-9920ad11963f"},"geometry":{"type":"Polygon","coordinates":[[[139.75433378844596,35.69871971623419],[139.75437322356862,35.69873389360066],[139.75435274325844,35.69877191793329],[139.754419241735,35.69879584782297],[139.7543676537371,35.69889135909654],[139.7543011220373,35.69886743817057],[139.75398114522346,35.69875238424813],[139.75403273359214,35.698656873138475],[139.75416849176187,35.69870572655707],[139.7541710490257,35.69870099605196],[139.75418908264402,35.69866770232812],[139.75425084217653,35.698689898566926],[139.75427118934903,35.69869722203485],[139.75433378844596,35.69871971623419]]]}},{"type":"Feature","properties":{"height":9.7,"gml_id":"bldg_63e4013b-aa47-42a2-9c3d-3ffbf548db6b"},"geometry":{"type":"Polygon","coordinates":[[[139.75469097255984,35.699914173698794],[139.75471218166396,35.69992184918787],[139.75470147664402,35.699941555129925],[139.75468298917892,35.69997556972189],[139.7546422170435,35.7000506090631],[139.75461525272078,35.70004085665024],[139.75458831050534,35.70003110424579],[139.7546290826635,35.69995608295001],[139.75465827519528,35.69990234440156],[139.75469097255984,35.699914173698794]]]}},{"type":"Feature","properties":{"height":31.0,"gml_id":"bldg_07e63f60-67aa-4f76-9fb5-b0886753a108"},"geometry":{"type":"Polygon","coordinates":[[[139.7569640452651,35.69630132772767],[139.75696243899083,35.6963635211907],[139.75689812997535,35.69636239873063],[139.7568998468838,35.696300115201794],[139.7569640452651,35.69630132772767]]]}},{"type":"Feature","properties":{"height":35.3,"gml_id":"bldg_db07bf75-beb4-4b3d-a576-da3ced0fa122"},"geometry":{"type":"Polygon","coordinates":[[[139.75130827877658,35.69653601890703],[139.75128588069097,35.696611538384246],[139.75126038196998,35.696607249413084],[139.75123958968436,35.69660375504848],[139.7512347018174,35.696596703007636],[139.75119104208642,35.69653368644264],[139.75119912659935,35.696516024220664],[139.7512489493489,35.696527866141956],[139.75125127739219,35.69652047740306],[139.75130827877658,35.69653601890703]]]}},{"type":"Feature","properties":{"height":12.6,"gml_id":"bldg_cb3e7590-eaf0-4ea6-842e-28847b6a575d"},"geometry":{"type":"Polygon","coordinates":[[[139.76085583319298,35.694783664399424],[139.76087103723285,35.694783934949655],[139.760869996224,35.69482317093999],[139.76085471482932,35.694822900343055],[139.7607543747299,35.694821136299275],[139.76075541579536,35.69478190031],[139.76085583319298,35.694783664399424]]]}},{"type":"Feature","properties":{"height":13.7,"gml_id":"bldg_1c413b93-67a3-4105-8d68-78eed51421a4"},"geometry":{"type":"Polygon","coordinates":[[[139.75750812335363,35.6995862605535],[139.75744122368684,35.69954090658249],[139.75721287312845,35.69938606857455],[139.75716722079008,35.69935511463262],[139.75716326644576,35.699330144213135],[139.75723549195035,35.69925925216522],[139.75725814707442,35.69925701306315],[139.7573091663941,35.699291567723996],[139.75731934202548,35.69928165909271],[139.75754767043577,35.69943645091755],[139.75758112024204,35.699459132385385],[139.75756658668897,35.69947340092074],[139.75760004756629,35.699496082390134],[139.75759801243314,35.699498073134826],[139.75762525602255,35.69951652326539],[139.75755663630426,35.69958394844556],[139.75752935960045,35.69956545230902],[139.75750812335363,35.6995862605535]]]}},{"type":"Feature","properties":{"height":52.0,"gml_id":"bldg_5fcb9945-6c9e-46e9-8b0b-2bbb4cbda004"},"geometry":{"type":"Polygon","coordinates":[[[139.76048099380415,35.696536421400374],[139.7603440545405,35.69644962671925],[139.76057787177845,35.6962037845749],[139.76074507024936,35.6963095259999],[139.76069000059252,35.696367441814],[139.76070854263793,35.69637917981697],[139.7606708267897,35.69641872716977],[139.76067866768287,35.69642368943374],[139.76065620402736,35.69644728273579],[139.76058664512982,35.69652035078414],[139.7605302127933,35.696484622442945],[139.76048099380415,35.696536421400374]]]}},{"type":"Feature","properties":{"height":28.2,"gml_id":"bldg_c1f7725e-1f7d-4b71-9a12-a681fa2cf7b1"},"geometry":{"type":"Polygon","coordinates":[[[139.75924727981226,35.69511074763168],[139.7593362161943,35.695113362223466],[139.75933042585694,35.69524526507579],[139.7593283151312,35.69529336085371],[139.75923627363701,35.69529069026261],[139.7592370026891,35.695278990935556],[139.75920667206478,35.69527814300243],[139.7592082859174,35.695241674586974],[139.75921412065424,35.695109771767896],[139.75924727981226,35.69511074763168]]]}},{"type":"Feature","properties":{"height":23.7,"gml_id":"bldg_a699f3b5-ddfa-453d-b0f6-bbef5a06ef37"},"geometry":{"type":"Polygon","coordinates":[[[139.75887504721837,35.69815637093442],[139.7587542019335,35.69811050657648],[139.75876792643407,35.69808644942652],[139.75876052548657,35.698083649696365],[139.75876358028424,35.69807830556893],[139.758776131556,35.69805630281254],[139.75879173761479,35.69802895592657],[139.75880066292325,35.6980323415872],[139.7589003215722,35.698070126448535],[139.7588960050082,35.698077694378036],[139.7588978386754,35.69807838956609],[139.75892052754565,35.69808699364111],[139.75890680308996,35.69811105170989],[139.75890194273092,35.69810924596657],[139.75887504721837,35.69815637093442]]]}},{"type":"Feature","properties":{"height":7.1,"gml_id":"bldg_244b1385-03af-460a-a4a2-9b416e6b5515"},"geometry":{"type":"Polygon","coordinates":[[[139.75341096037698,35.69664424557425],[139.75338362076434,35.69669073807165],[139.75330696458047,35.69666067244092],[139.7533343041382,35.69661426919624],[139.75341096037698,35.69664424557425]]]}},{"type":"Feature","properties":{"height":12.6,"gml_id":"bldg_510cafe7-79c0-4c2f-8c99-9ac745852abb"},"geometry":{"type":"Polygon","coordinates":[[[139.75019590549348,35.69875550806245],[139.75016375972584,35.69879885972729],[139.75014824566784,35.6988197607653],[139.75014024517614,35.69883055363546],[139.75007850627375,35.698800134818846],[139.7500865067801,35.698789332939086],[139.7501019987667,35.698768413866276],[139.75013416672132,35.69872499913723],[139.75019590549348,35.69875550806245]]]}},{"type":"Feature","properties":{"height":62.0,"gml_id":"bldg_52845278-fd3d-4a6f-a444-dbb187353a01"},"geometry":{"type":"Polygon","coordinates":[[[139.75866824699307,35.691930303356415],[139.75869398832896,35.69193392479912],[139.75863039780907,35.69223250922104],[139.75804817861052,35.69215003171812],[139.75807362698632,35.69203036372849],[139.75810034051764,35.69190471142507],[139.7582010960631,35.69191901599542],[139.75823749804957,35.691747778410814],[139.7586933281698,35.691812329578674],[139.75866824699307,35.691930303356415]]]}},{"type":"Feature","properties":{"height":7.3,"gml_id":"bldg_a233b610-cbc0-4607-9bc8-6517bfb1d63e"},"geometry":{"type":"Polygon","coordinates":[[[139.75163079905928,35.6956941790407],[139.7515953990778,35.695842430267405],[139.75155010231956,35.69583527868397],[139.75158550247363,35.69568693733363],[139.75163079905928,35.6956941790407]]]}},{"type":"Feature","properties":{"height":6.7,"gml_id":"bldg_8a828bd5-dbba-4f88-9a3c-1c63f1df3d57"},"geometry":{"type":"Polygon","coordinates":[[[139.7619753851984,35.69455595323838],[139.76190645546598,35.694608173768174],[139.7618807410984,35.69458557919941],[139.76194965977044,35.69453336769126],[139.7619753851984,35.69455595323838]]]}},{"type":"Feature","properties":{"height":19.2,"gml_id":"bldg_da5ecda9-9221-4908-94da-9cb1234e2d1a"},"geometry":{"type":"Polygon","coordinates":[[[139.76263865386784,35.69571385628022],[139.7626061444484,35.6957400670344],[139.7626589237704,35.69578372431335],[139.7624653046311,35.695939457253985],[139.76240358146023,35.69588849443083],[139.76232131234357,35.695954785814074],[139.76226113518217,35.69590499470889],[139.76256953284908,35.69565675898189],[139.76263865386784,35.69571385628022]]]}},{"type":"Feature","properties":{"height":25.0,"gml_id":"bldg_1bc0c752-c7bb-4b76-8541-d45b10a4e865"},"geometry":{"type":"Polygon","coordinates":[[[139.75653384198776,35.69529873127646],[139.75653181901973,35.69533421690128],[139.75652934666397,35.69537741796159],[139.75649365739463,35.695376079186346],[139.75647214438112,35.69537528126084],[139.7564460348573,35.6953743091355],[139.7564477664369,35.69534313187226],[139.75644844094242,35.69533112606197],[139.75645041977452,35.69529561336929],[139.75653384198776,35.69529873127646]]]}},{"type":"Feature","properties":{"height":25.4,"gml_id":"bldg_679337b8-10ab-4201-8d1f-a2c390873aa8"},"geometry":{"type":"Polygon","coordinates":[[[139.75251868825507,35.699924001990574],[139.75251392806467,35.69993247166073],[139.75258981609912,35.69996001433553],[139.75258078235174,35.699976548391696],[139.75253269081165,35.700064624911924],[139.75245676962874,35.70003700105606],[139.75242101279392,35.70002398830281],[139.75244261196423,35.6999844417463],[139.75246910437767,35.69993596590882],[139.75247669895302,35.69992205387725],[139.7524827878882,35.69991090803591],[139.75251868825507,35.699924001990574]]]}},{"type":"Feature","properties":{"height":6.1,"gml_id":"bldg_78ec4312-5a17-489d-ae22-dd35acb3743f"},"geometry":{"type":"Polygon","coordinates":[[[139.76198984850197,35.694308508808255],[139.76187578269005,35.694347019773154],[139.76186647910257,35.694247772551094],[139.76198350029435,35.694240541774384],[139.76198984850197,35.694308508808255]]]}},{"type":"Feature","properties":{"height":18.4,"gml_id":"bldg_630de898-60f1-4228-a24a-1944f5aea0f4"},"geometry":{"type":"Polygon","coordinates":[[[139.75694583683125,35.69573178594886],[139.7569447849645,35.69575720389828],[139.7569439933875,35.69577617722163],[139.7568464263718,35.69577368157053],[139.75684666382173,35.69576802112166],[139.7568476930006,35.695743252144695],[139.75684981918675,35.69569210979603],[139.75688108921307,35.695692913851154],[139.75688137246803,35.695685567870434],[139.75694769131405,35.69568740369642],[139.75694583683125,35.69573178594886]]]}},{"type":"Feature","properties":{"height":18.3,"gml_id":"bldg_18d23671-ef5a-4334-af76-6beab6cb2a34"},"geometry":{"type":"Polygon","coordinates":[[[139.76150829196754,35.69568272085405],[139.7615430741157,35.69558683589384],[139.76163185746987,35.69564998467026],[139.76152360068866,35.695738975439596],[139.76150829196754,35.69568272085405]]]}},{"type":"Feature","properties":{"height":11.2,"gml_id":"bldg_52d54869-ae8b-4945-9cd5-2697cceab706"},"geometry":{"type":"Polygon","coordinates":[[[139.76036957026852,35.69513772605407],[139.76036764954438,35.695159880552325],[139.76036507010633,35.69518947996324],[139.76035861577256,35.695263703828566],[139.76033055105003,35.69526206434704],[139.7603024863286,35.69526042485899],[139.76031152014815,35.69515662862808],[139.76031344083023,35.69513453722655],[139.76036957026852,35.69513772605407]]]}},{"type":"Feature","properties":{"height":38.1,"gml_id":"bldg_6f209549-8e6a-4f66-a1d2-495336646cbf"},"geometry":{"type":"Polygon","coordinates":[[[139.75958868402927,35.69777246556755],[139.7595757611359,35.69776632924141],[139.75957166747813,35.69777191522147],[139.75942675469324,35.6977028715995],[139.75943228693944,35.69769503308468],[139.7594210208258,35.69768970808982],[139.75945520936784,35.697642046650785],[139.7594662545599,35.69764728137],[139.7594722292145,35.69763899244018],[139.75956445639423,35.69768294567104],[139.75955383459333,35.69769790188863],[139.75960652012884,35.69772299223026],[139.75959545591448,35.69773839886502],[139.75960859963945,35.69774471559815],[139.75958868402927,35.69777246556755]]]}},{"type":"Feature","properties":{"height":17.2,"gml_id":"bldg_5a9dbff1-b4c7-4d30-b6e6-92bc226f7228"},"geometry":{"type":"Polygon","coordinates":[[[139.75500526287362,35.69786104222162],[139.75492141735307,35.69801676223326],[139.75479101708206,35.69797003948428],[139.7547966407627,35.69795958817396],[139.75469957799888,35.697924813085486],[139.754777789134,35.69777954543061],[139.75500526287362,35.69786104222162]]]}},{"type":"Feature","properties":{"height":23.9,"gml_id":"bldg_e0952435-2ac6-4cf9-8051-305f82ae20be"},"geometry":{"type":"Polygon","coordinates":[[[139.75154146588537,35.6959607434273],[139.751530683856,35.69600151404889],[139.7515236067885,35.696028243853334],[139.75138142136984,35.696003358581],[139.75138853177944,35.69597648458843],[139.75139928057993,35.69593585907731],[139.75154146588537,35.6959607434273]]]}},{"type":"Feature","properties":{"height":40.0,"gml_id":"bldg_7e2ef60c-c614-478f-857c-871541091a71"},"geometry":{"type":"Polygon","coordinates":[[[139.75196460377666,35.69533244222987],[139.75189755346258,35.695322293439204],[139.75194521449754,35.695209914989356],[139.75196909479314,35.6951536225834],[139.7520153279128,35.695044606146844],[139.7520213743839,35.69503035957994],[139.75209777196105,35.69505191783533],[139.7521696515391,35.695072220092484],[139.75216360398622,35.69508646666602],[139.75221431937905,35.69509992224333],[139.7521728574738,35.69521248435424],[139.75216482435548,35.69523429207837],[139.75215328990507,35.695265597874545],[139.7521118417639,35.69525543942479],[139.7520430210238,35.695236886954596],[139.7520076273217,35.6952275338747],[139.75196460377666,35.69533244222987]]]}},{"type":"Feature","properties":{"height":9.4,"gml_id":"bldg_53d726c2-5494-402c-8793-11d735e0e40c"},"geometry":{"type":"Polygon","coordinates":[[[139.75421997501863,35.695583868301824],[139.7541779118559,35.695658924720654],[139.75413196187822,35.69564176757731],[139.754174025074,35.69556671207574],[139.75421997501863,35.695583868301824]]]}},{"type":"Feature","properties":{"height":14.4,"gml_id":"bldg_de4b73b5-3877-432e-b883-7b6812e04f82"},"geometry":{"type":"Polygon","coordinates":[[[139.75932295997322,35.694750913385505],[139.7593227124604,35.69481549636185],[139.75932266985936,35.694825726880026],[139.75926996323224,35.694825604326745],[139.75926999474876,35.694815418870256],[139.75927014289923,35.694750790764424],[139.75932295997322,35.694750913385505]]]}},{"type":"Feature","properties":{"height":22.2,"gml_id":"bldg_cefc5098-93cf-4fc8-886e-b001d953e13d"},"geometry":{"type":"Polygon","coordinates":[[[139.75825670617039,35.6987105271029],[139.75836486042712,35.698751047948555],[139.7583481468283,35.69878078271351],[139.7582399704396,35.698740261839205],[139.75818786509694,35.69872074172592],[139.7582063383132,35.69870002177074],[139.75822269466178,35.6986977785555],[139.75825670617039,35.6987105271029]]]}},{"type":"Feature","properties":{"height":37.4,"gml_id":"bldg_150b53dc-06fc-4b61-978d-461d288131df"},"geometry":{"type":"Polygon","coordinates":[[[139.75129420428982,35.696468315584475],[139.75122306183246,35.69645014955653],[139.7512479904936,35.69638526887324],[139.75131718863474,35.696402937808806],[139.7513435466801,35.696409670965394],[139.7513318025668,35.69644021938344],[139.7513073887773,35.696433983302256],[139.75129420428982,35.696468315584475]]]}},{"type":"Feature","properties":{"height":35.5,"gml_id":"bldg_ccce1014-7f6b-4e72-b967-4f2867ff3a69"},"geometry":{"type":"Polygon","coordinates":[[[139.75837370110358,35.695798618725696],[139.75837916879064,35.69574165558427],[139.75839203676193,35.695687941979244],[139.75839251368595,35.695674223433684],[139.75843713159884,35.695675260735925],[139.75843769116526,35.695667689580986],[139.75847934767717,35.69566879713459],[139.75847794300086,35.69569389939928],[139.75847653832366,35.695719001663846],[139.75847896922605,35.695719048243966],[139.75848140012846,35.69571909482401],[139.7584768902677,35.69581535827162],[139.75846117756632,35.695815285403846],[139.75845313336552,35.69581525335917],[139.75837976565074,35.695812323316765],[139.75837303120045,35.69580601043895],[139.75837370110358,35.695798618725696]]]}},{"type":"Feature","properties":{"height":19.5,"gml_id":"bldg_58d4af8b-9d65-4628-8bf0-8999aa525d05"},"geometry":{"type":"Polygon","coordinates":[[[139.75296844507665,35.69760309788075],[139.75293072481583,35.6975986289424],[139.75292208473394,35.697597604624015],[139.7528775363901,35.69759231987541],[139.75285298618667,35.69758941006936],[139.7528594314136,35.69755335961469],[139.7528839484653,35.697556260383585],[139.7529108078473,35.69755943312315],[139.75291734185296,35.6975229771084],[139.7529228090813,35.697492469416545],[139.75300456934264,35.697502168654005],[139.75296844507665,35.69760309788075]]]}}]}