{"type":"FeatureCollection","crs":{"type":"name","properties":{"name":"urn:ogc:def:crs:OGC:1.3:CRS84"}},"features":[{"type":"Feature","properties":{"height":41.9,"gml_id":"bldg_e75e6588-1322-4569-ae98-f45312be62e9"},"geometry":{"type":"Polygon","coordinates":[[[139.76747944408635,35.672047404299924],[139.7673798828074,35.67210020632106],[139.76735477004357,35.6720648857825],[139.7673252754989,35.672078795830494],[139.76724785350322,35.67198147718769],[139.7673738382954,35.671914755426286],[139.76747944408635,35.672047404299924]]]}},{"type":"Feature","properties":{"height":11.3,"gml_id":"bldg_4172a8ed-e330-4ec9-aa8d-caa5fdf8bafe"},"geometry":{"type":"Polygon","coordinates":[[[139.77064188310322,35.66760469068428],[139.7706795727792,35.6675749649682],[139.77076379714057,35.66764630742077],[139.77072599707375,35.667675942968096],[139.77064188310322,35.66760469068428]]]}},{"type":"Feature","properties":{"height":16.4,"gml_id":"bldg_f13cca04-66c4-4f62-b0b2-17dce1c1725c"},"geometry":{"type":"Polygon","coordinates":[[[139.76729091300382,35.67039868957438],[139.76732126275843,35.670432057026915],[139.76721240279386,35.67049779844791],[139.7671821635232,35.67046443012765],[139.76729091300382,35.67039868957438]]]}},{"type":"Feature","properties":{"height":35.4,"gml_id":"bldg_7814fab0-df8d-4b58-89b2-85e6103bfd7b"},"geometry":{"type":"Polygon","coordinates":[[[139.76873560310378,35.66791154732531],[139.76872658440035,35.66790433059636],[139.76875523462869,35.6678804884069],[139.76876425333342,35.667887703331],[139.76873560310378,35.66791154732531]]]}},{"type":"Feature","properties":{"height":21.5,"gml_id":"bldg_a141f794-b6cf-4462-a953-e0d572cfd236"},"geometry":{"type":"Polygon","coordinates":[[[139.76737977191374,35.67168445696045],[139.7673271322839,35.67162142213855],[139.7673784112148,35.67159287671066],[139.76743105086558,35.67165591241184],[139.76737977191374,35.67168445696045]]]}},{"type":"Feature","properties":{"height":30.7,"gml_id":"bldg_774f7c28-c598-424c-9a6e-8fc401dec9b1"},"geometry":{"type":"Polygon","coordinates":[[[139.76450510009408,35.66817287335661],[139.764481521447,35.66819339316717],[139.76445492920183,35.66817305198512],[139.76436903695605,35.668248808341325],[139.76428514251813,35.66818503315297],[139.76439568450948,35.66808919033917],[139.76450510009408,35.66817287335661]]]}},{"type":"Feature","properties":{"height":18.2,"gml_id":"bldg_772285e2-745c-4aca-931c-5e5dda3ae6f0"},"geometry":{"type":"Polygon","coordinates":[[[139.76961781443387,35.67358828001554],[139.7695102877116,35.67364140406335],[139.76949274225436,35.67361777879496],[139.7696002689565,35.67356465476258],[139.76961781443387,35.67358828001554]]]}},{"type":"Feature","properties":{"height":16.2,"gml_id":"bldg_144b3689-e144-4c6e-a35f-8f0cd639ce3b"},"geometry":{"type":"Polygon","coordinates":[[[139.7694750619706,35.67015757855387],[139.76941379680397,35.670105626945],[139.7694576777981,35.67007112763233],[139.76948858638448,35.67009728385069],[139.76956418976116,35.67003792341073],[139.76959454634547,35.67006371876041],[139.7694750619706,35.67015757855387]]]}},{"type":"Feature","properties":{"height":20.3,"gml_id":"bldg_f2c2539a-485c-42b5-a4ce-940a5d40d675"},"geometry":{"type":"Polygon","coordinates":[[[139.76841776032475,35.67037658773166],[139.76848398748658,35.670438908309684],[139.768454477037,35.670459804272646],[139.76838824988093,35.67039748367861],[139.76841776032475,35.67037658773166]]]}},{"type":"Feature","properties":{"height":9.5,"gml_id":"bldg_5c3eb03c-3acf-4424-8dad-809acfd6bf41"},"geometry":{"type":"Polygon","coordinates":[[[139.76783028366458,35.67217892571355],[139.76778993953096,35.67220873920584],[139.76775859892595,35.67217023441653],[139.76780335708446,35.67214601094808],[139.76783028366458,35.67217892571355]]]}},{"type":"Feature","properties":{"height":7.3,"gml_id":"bldg_a88f2b42-1cd6-4e7a-ab53-d16c3612f3f7"},"geometry":{"type":"Polygon","coordinates":[[[139.77035330477932,35.67189985464591],[139.77041842623655,35.67196704098167],[139.77038991182116,35.671985504226846],[139.770324679979,35.671918227680784],[139.77035330477932,35.67189985464591]]]}},{"type":"Feature","properties":{"height":29.7,"gml_id":"bldg_873863c8-d0e2-4faa-8a59-a27752a39ad8"},"geometry":{"type":"Polygon","coordinates":[[[139.77421870822963,35.6681242487667],[139.77406428349232,35.66797797005157],[139.77429736281408,35.66781412467608],[139.77436392328408,35.667877163310294],[139.77438190996548,35.667901869755966],[139.77439625037795,35.66792810674952],[139.7743974635079,35.66793072132693],[139.77440771601127,35.66795821824128],[139.77441399145752,35.66798643430771],[139.77441410151943,35.667986975185755],[139.77421870822963,35.6681242487667]]]}},{"type":"Feature","properties":{"height":43.1,"gml_id":"bldg_f7c2af44-9214-4b70-bb10-07bb46cbfc39"},"geometry":{"type":"Polygon","coordinates":[[[139.77009695648337,35.67100844255219],[139.7698976822862,35.67114561686987],[139.7697843230176,35.6710359501188],[139.76998370752767,35.670898866181524],[139.77009695648337,35.67100844255219]]]}},{"type":"Feature","properties":{"height":52.1,"gml_id":"bldg_a0b163a2-ff18-4c98-a6cd-e5978ef3b2c0"},"geometry":{"type":"Polygon","coordinates":[[[139.76703687998818,35.67476939656069],[139.7670876367169,35.67473367696056],[139.76711853276092,35.674762880400046],[139.76712649097382,35.674757468428204],[139.7671500245138,35.674779726340546],[139.76700066120733,35.6748848433439],[139.766903524725,35.67479303006186],[139.76699427237,35.674729172776395],[139.76703687998818,35.67476939656069]]]}},{"type":"Feature","properties":{"height":8.1,"gml_id":"bldg_24b0f08b-0d34-4eaf-9221-772e4e2bfab5"},"geometry":{"type":"Polygon","coordinates":[[[139.7748654151337,35.67271460973745],[139.77489788628301,35.67279835403349],[139.77480641427843,35.67282197064665],[139.77477394321517,35.67273822632636],[139.7748654151337,35.67271460973745]]]}},{"type":"Feature","properties":{"height":42.1,"gml_id":"bldg_0b7253fb-ae95-49a8-a9db-2fa9c24fdef6"},"geometry":{"type":"Polygon","coordinates":[[[139.77221941615497,35.675047238369054],[139.77205918848418,35.675109441782574],[139.77193416667276,35.67507125003459],[139.77191077493083,35.67503509306329],[139.77210951255375,35.674957757360524],[139.7720071863607,35.674782938150045],[139.7721970290976,35.674707499664805],[139.7723758874969,35.67498521311445],[139.77236348913212,35.67501918858396],[139.77223265512305,35.67506995967721],[139.77221941615497,35.675047238369054]]]}},{"type":"Feature","properties":{"height":9.2,"gml_id":"bldg_a2429977-f362-41d1-bf43-31bad0d16b87"},"geometry":{"type":"Polygon","coordinates":[[[139.76813242240019,35.66998505727971],[139.76820306559776,35.67004972397773],[139.768180296925,35.67006629692933],[139.76810965373124,35.67000163021813],[139.76813242240019,35.66998505727971]]]}},{"type":"Feature","properties":{"height":5.4,"gml_id":"bldg_be28ae5b-3da2-41b3-af06-7e39c2f8a0d7"},"geometry":{"type":"Polygon","coordinates":[[[139.7632992078263,35.67472924355406],[139.76328562988223,35.674718148772925],[139.76327437319875,35.674705432870226],[139.7632656583966,35.67469145742539],[139.76325970609892,35.67467658041229],[139.76325673700254,35.674661075075676],[139.76325675071269,35.674645391200436],[139.7632597469124,35.674629889335435],[139.7632657252061,35.674615020166534],[139.76327446441914,35.67460105397637],[139.76328574329864,35.67458835118469],[139.76329934059225,35.67457727221111],[139.76331492465872,35.674568087273826],[139.7633319429994,35.67456097632538],[139.76335028498954,35.67455611957537],[139.76336928766332,35.67455369691253],[139.76338839868083,35.67455370801569],[139.7634073971072,35.67455615275647],[139.7634257306025,35.67456103081428],[139.76344284698385,35.67456816159435],[139.76345830453613,35.67457736456634],[139.7634718824803,35.67458845932827],[139.76348313917876,35.674601175212764],[139.76349185400753,35.674615152444844],[139.76349780634533,35.67463002764391],[139.7635007754872,35.67464553297472],[139.76350076182476,35.67466121685004],[139.76349776567048,35.674676718721],[139.76349178741518,35.67469158790132],[139.76348304823009,35.674705554107085],[139.76347176936528,35.674718256917025],[139.76345817207152,35.67472933590981],[139.76344269845865,35.674738520929495],[139.76342556962146,35.67474563182922],[139.76340722759244,35.6747504885905],[139.76338822487315,35.67475291125919],[139.76336911380815,35.67475290015596],[139.76335011533638,35.67475045540915],[139.76333178180238,35.67474557733994],[139.76331477586163,35.6747384466085],[139.7632992078263,35.67472924355406]]]}},{"type":"Feature","properties":{"height":17.4,"gml_id":"bldg_109a0f1e-c798-4e4c-a965-ca0f724a06a4"},"geometry":{"type":"Polygon","coordinates":[[[139.76454461386163,35.66831173540771],[139.76452427395998,35.66832957008169],[139.76448064228674,35.66832963527881],[139.76445648109356,35.66830815074315],[139.76449667351645,35.66827407476432],[139.76454461386163,35.66831173540771]]]}},{"type":"Feature","properties":{"height":15.4,"gml_id":"bldg_0c0cb9c3-7424-43ad-b856-06877371113f"},"geometry":{"type":"Polygon","coordinates":[[[139.76629234813004,35.67262362791136],[139.76623332589807,35.67266370612981],[139.76621897705152,35.672649726852676],[139.76617498671317,35.67267953776871],[139.76612123395702,35.672626957735254],[139.76622424665425,35.67255688837855],[139.76629234813004,35.67262362791136]]]}},{"type":"Feature","properties":{"height":36.2,"gml_id":"bldg_d303ff39-54a7-448d-88d7-7e2a00dccbd8"},"geometry":{"type":"Polygon","coordinates":[[[139.7740008734904,35.67007642557807],[139.77387057309738,35.66986679289829],[139.77393852805034,35.669838612548425],[139.7740123282286,35.669957244425625],[139.7739900411992,35.66996648063336],[139.77401067306656,35.669999643311755],[139.77403296009683,35.669990415212624],[139.77406893903623,35.67004824701288],[139.7740008734904,35.67007642557807]]]}},{"type":"Feature","properties":{"height":15.2,"gml_id":"bldg_2ff732ac-b7f2-43ce-979a-a0acfee1d08a"},"geometry":{"type":"Polygon","coordinates":[[[139.76764236663962,35.67192869232899],[139.76767348675483,35.67196647683272],[139.76762331322405,35.671993941340055],[139.76759219312186,35.67195615682353],[139.76764236663962,35.67192869232899]]]}},{"type":"Feature","properties":{"height":16.6,"gml_id":"bldg_27517510-b086-4f24-b920-c63673ee36dd"},"geometry":{"type":"Polygon","coordinates":[[[139.76841761626034,35.67410160167913],[139.76843351083878,35.6741173842698],[139.76834077792662,35.674179619105004],[139.76832488335344,35.67416383740364],[139.76841761626034,35.67410160167913]]]}},{"type":"Feature","properties":{"height":13.6,"gml_id":"bldg_98c9543c-29fb-4392-b5a7-5cf8580172a1"},"geometry":{"type":"Polygon","coordinates":[[[139.7672341205635,35.672292263060264],[139.76715996463597,35.672333144662616],[139.76711847116505,35.67228291537747],[139.7671926269928,35.67224212393758],[139.7672341205635,35.672292263060264]]]}},{"type":"Feature","properties":{"height":11.1,"gml_id":"bldg_1908d4dc-f2ea-4153-8086-9a1ed8581801"},"geometry":{"type":"Polygon","coordinates":[[[139.77266080575163,35.669121654963746],[139.77257017668904,35.669043370046346],[139.77260167581827,35.66901986008888],[139.77269108886176,35.66909940629339],[139.77266080575163,35.669121654963746]]]}},{"type":"Feature","properties":{"height":8.6,"gml_id":"bldg_f0f20e42-b391-424e-9554-10059a9d6dfe"},"geometry":{"type":"Polygon","coordinates":[[[139.7739847452118,35.66888363106331],[139.77402856750433,35.668924935561186],[139.77395639890076,35.668976007874704],[139.77391257661753,35.66893470335093],[139.7739847452118,35.66888363106331]]]}},{"type":"Feature","properties":{"height":36.0,"gml_id":"bldg_fc5d4b31-7bca-4e17-befa-7a8f013c3994"},"geometry":{"type":"Polygon","coordinates":[[[139.7691244845354,35.66680960058829],[139.76899599456152,35.66670641484225],[139.76915073975965,35.666575708076806],[139.7692803349465,35.666678083011426],[139.7691244845354,35.66680960058829]]]}},{"type":"Feature","properties":{"height":40.9,"gml_id":"bldg_eac7c181-cc90-4ad6-86c9-32e6f26930a2"},"geometry":{"type":"Polygon","coordinates":[[[139.76282134781607,35.66954877418502],[139.76262683432785,35.66936302227873],[139.76261611309275,35.669370389217136],[139.76250347144415,35.66926276212501],[139.7625126453612,35.66925636776973],[139.76248604663755,35.6692310244317],[139.76262575539397,35.66913348690748],[139.76269705322323,35.669201492308126],[139.76269803671462,35.66920105121207],[139.76282040267645,35.66931719278306],[139.76282153007716,35.669316400234656],[139.76296231672097,35.66945039062384],[139.76282134781607,35.66954877418502]]]}},{"type":"Feature","properties":{"height":25.2,"gml_id":"bldg_f2ce648f-69d8-433a-b8b5-0f05e5d041e0"},"geometry":{"type":"Polygon","coordinates":[[[139.76423797160894,35.672676729215006],[139.7643569021367,35.67259612542879],[139.76442621457974,35.672665929574606],[139.76431159218336,35.672746537700675],[139.76423797160894,35.672676729215006]]]}},{"type":"Feature","properties":{"height":25.9,"gml_id":"bldg_46ed0f2a-2458-4328-b7bf-673d1cbec27f"},"geometry":{"type":"Polygon","coordinates":[[[139.76321461292113,35.66695909619913],[139.76317098148795,35.66693449032262],[139.76318706972896,35.66691548972293],[139.76323070116462,35.66694008657994],[139.76321461292113,35.66695909619913]]]}},{"type":"Feature","properties":{"height":35.4,"gml_id":"bldg_6062c27d-00b7-4f9f-abbb-f5ab61b97a8d"},"geometry":{"type":"Polygon","coordinates":[[[139.76533649754757,35.6676632493551],[139.76523126542145,35.6677518850543],[139.76519061844576,35.66774960862533],[139.7650706302276,35.66765480629455],[139.76513938489697,35.66759688692436],[139.76520873957887,35.667651702658546],[139.76526353323877,35.6676055202172],[139.76533649754757,35.6676632493551]]]}},{"type":"Feature","properties":{"height":18.2,"gml_id":"bldg_1c563a0f-f33a-43d0-b76c-8c72bee9ea6d"},"geometry":{"type":"Polygon","coordinates":[[[139.76978329958195,35.67163031502406],[139.76986121323256,35.671584476229135],[139.76989211525824,35.67161982633979],[139.76981464351965,35.671665575250245],[139.76978329958195,35.67163031502406]]]}},{"type":"Feature","properties":{"height":36.5,"gml_id":"bldg_349d0bad-73ba-40bd-a611-4329a292c408"},"geometry":{"type":"Polygon","coordinates":[[[139.7682524917768,35.67447927783356],[139.76812751437774,35.674566481117516],[139.76810714877345,35.67454704640787],[139.76809442667556,35.67455588107972],[139.76804015174778,35.67450385958477],[139.76817654722663,35.67440838887017],[139.7682524917768,35.67447927783356]]]}},{"type":"Feature","properties":{"height":30.1,"gml_id":"bldg_69d5de13-a9f5-4d5b-93bd-add454520044"},"geometry":{"type":"Polygon","coordinates":[[[139.7723167001196,35.66894467667949],[139.77232447062306,35.66893794735658],[139.77230689635576,35.66892340831025],[139.77232786351635,35.66890660831858],[139.7724075215837,35.66897279954948],[139.77235557341277,35.66901441761144],[139.772258318988,35.668933695394394],[139.77228122042922,35.66891530997457],[139.77231482340818,35.66894320558832],[139.7723167001196,35.66894467667949]]]}},{"type":"Feature","properties":{"height":48.6,"gml_id":"bldg_070c221a-070c-48da-86f1-0dd396121c71"},"geometry":{"type":"Polygon","coordinates":[[[139.76355581644071,35.6690291997162],[139.76336607647303,35.66886639170855],[139.76348291218736,35.66877578136763],[139.76346116775792,35.66875711032109],[139.76349510200166,35.66873080990115],[139.76353564375538,35.668765652564],[139.76355548479893,35.668750250576444],[139.76353928133034,35.668736333894316],[139.76363224104338,35.668664367996655],[139.76381933221282,35.66882465021559],[139.76355581644071,35.6690291997162]]]}},{"type":"Feature","properties":{"height":6.7,"gml_id":"bldg_df682f12-f2b8-4ec8-a84f-f6f62f5bf14c"},"geometry":{"type":"Polygon","coordinates":[[[139.7729387641176,35.67031669132251],[139.7729188400204,35.670282933911075],[139.7730522991824,35.670226313429254],[139.77307223436804,35.670260070824476],[139.7729387641176,35.67031669132251]]]}},{"type":"Feature","properties":{"height":21.1,"gml_id":"bldg_ee542892-15b2-417c-9492-43fd29e2addf"},"geometry":{"type":"Polygon","coordinates":[[[139.76914527042177,35.666812414942385],[139.76926298625585,35.666714318023665],[139.76933573136301,35.666772495318234],[139.76921801560434,35.66687050216981],[139.76914527042177,35.666812414942385]]]}},{"type":"Feature","properties":{"height":23.6,"gml_id":"bldg_74bfe18f-c482-4385-b52f-02aaaf3dcc34"},"geometry":{"type":"Polygon","coordinates":[[[139.77102521596643,35.66806387812949],[139.771046923654,35.66804655594494],[139.77169798013995,35.667604064091535],[139.77184248175624,35.66772005462526],[139.7710072845747,35.668310386420835],[139.77095456088162,35.668269390788666],[139.7709113751912,35.6682358012566],[139.77056869486418,35.66796934834637],[139.77073482306744,35.667831164103866],[139.77102521596643,35.66806387812949]]]}},{"type":"Feature","properties":{"height":29.5,"gml_id":"bldg_9fbbe16b-a43f-495a-9c33-36183e9bf07a"},"geometry":{"type":"Polygon","coordinates":[[[139.76589899936118,35.67483285315656],[139.76572603884014,35.67492406520753],[139.76569823035553,35.67488889605968],[139.76587119075634,35.67479777418528],[139.76589899936118,35.67483285315656]]]}},{"type":"Feature","properties":{"height":29.7,"gml_id":"bldg_209ee618-267d-4415-af5b-691d39a9d784"},"geometry":{"type":"Polygon","coordinates":[[[139.77361210667357,35.67444446820698],[139.77354736976505,35.67444786129678],[139.7735418985925,35.67437782192172],[139.77339364448633,35.67438568029089],[139.77338456137386,35.67427102116074],[139.7735974415609,35.674259769665404],[139.77361210667357,35.67444446820698]]]}},{"type":"Feature","properties":{"height":44.5,"gml_id":"bldg_17b94487-95e1-453a-bbb4-ed5b01e72975"},"geometry":{"type":"Polygon","coordinates":[[[139.7679688362412,35.670110529894124],[139.76798543516566,35.6701284401773],[139.7679633315875,35.670142083985326],[139.76797645573245,35.67015413255539],[139.76799135396286,35.67014442473795],[139.7679967948743,35.67015041280905],[139.76792667124528,35.67020722435337],[139.76788506358832,35.67016231335539],[139.7679688362412,35.670110529894124]]]}},{"type":"Feature","properties":{"height":31.7,"gml_id":"bldg_de6c5287-34af-4fb4-9ffe-857b1a78b9c8"},"geometry":{"type":"Polygon","coordinates":[[[139.76464960026553,35.66915647243849],[139.76459561967084,35.66911587893035],[139.7646379583677,35.66907831581907],[139.76469204942097,35.66911890756868],[139.76464960026553,35.66915647243849]]]}},{"type":"Feature","properties":{"height":7.7,"gml_id":"bldg_5729235a-2f4d-4ff1-b924-befc4a5fdf80"},"geometry":{"type":"Polygon","coordinates":[[[139.76522897817284,35.66732358704389],[139.7651832792877,35.66728723582875],[139.76526463436727,35.66721922812806],[139.76531022286883,35.66725548911301],[139.76522897817284,35.66732358704389]]]}},{"type":"Feature","properties":{"height":87.0,"gml_id":"bldg_eb0022df-9bd8-4ef8-8fd1-e278c0b6e73a"},"geometry":{"type":"Polygon","coordinates":[[[139.76858584660474,35.6679611776512],[139.7684660140092,35.667941733624964],[139.76834403738084,35.66784197593059],[139.7683859305,35.66780603372437],[139.76848240549384,35.66788793044745],[139.76850002451602,35.667873301626955],[139.76835391572857,35.66775611640697],[139.7683375788918,35.66776968227754],[139.7683310563321,35.667776439059224],[139.76826879791284,35.66772655857041],[139.76869545356837,35.66737417185944],[139.76903589053663,35.6676447662299],[139.76866228897754,35.66795554007577],[139.768626854477,35.6679271277705],[139.76858584660474,35.6679611776512]]]}},{"type":"Feature","properties":{"height":30.0,"gml_id":"bldg_cd0b1af1-1e2d-4543-afa5-e01ccb41c787"},"geometry":{"type":"Polygon","coordinates":[[[139.76434550522453,35.672361399585455],[139.7642897672164,35.67230683457445],[139.76442759798564,35.67221308240504],[139.76448344648776,35.67226764741631],[139.76434550522453,35.672361399585455]]]}},{"type":"Feature","properties":{"height":5.6,"gml_id":"bldg_f829596e-1775-402a-bc4e-c065fb1cf6f5"},"geometry":{"type":"Polygon","coordinates":[[[139.7702728624479,35.668700117628866],[139.77034351219126,35.6687572115511],[139.77031853200367,35.668777749797606],[139.77024788226,35.668720655860895],[139.7702728624479,35.668700117628866]]]}},{"type":"Feature","properties":{"height":34.0,"gml_id":"bldg_59e5d889-a0b3-4693-888b-4b6ce3af7466"},"geometry":{"type":"Polygon","coordinates":[[[139.77107772182674,35.67490072125164],[139.77108798212763,35.674917852635744],[139.77123926087154,35.67485735940751],[139.77130468472515,35.67496609776397],[139.77106610802628,35.675061700391744],[139.7709984778454,35.674949354373545],[139.77100566056467,35.67494647369952],[139.7709974964522,35.67493285874687],[139.77107772182674,35.67490072125164]]]}},{"type":"Feature","properties":{"height":10.8,"gml_id":"bldg_b28d2816-449a-447c-9475-ed3f562baf05"},"geometry":{"type":"Polygon","coordinates":[[[139.7648126741573,35.66808311872594],[139.76474977796704,35.66813545272519],[139.76467548960588,35.66807600987154],[139.76470876156426,35.668048356668216],[139.76474827894995,35.66808001739564],[139.76477801364243,35.6680553366913],[139.7648126741573,35.66808311872594]]]}},{"type":"Feature","properties":{"height":27.0,"gml_id":"bldg_9015a690-381f-4d38-8a78-7bed84b011a5"},"geometry":{"type":"Polygon","coordinates":[[[139.771371102738,35.66935796930705],[139.77127760477458,35.669276977823706],[139.7713692313937,35.669206627741545],[139.77146272943742,35.6692875290174],[139.771371102738,35.66935796930705]]]}},{"type":"Feature","properties":{"height":53.2,"gml_id":"bldg_5e0ff878-ea94-4a9a-830d-29ac606d221d"},"geometry":{"type":"Polygon","coordinates":[[[139.76704715891182,35.673560545159084],[139.76718425145336,35.67346320018028],[139.76724283093824,35.6735181259512],[139.76710572732696,35.673615470989716],[139.76704715891182,35.673560545159084]]]}},{"type":"Feature","properties":{"height":7.9,"gml_id":"bldg_1f2f49f3-8ff7-4be3-974a-8aa473f237e4"},"geometry":{"type":"Polygon","coordinates":[[[139.77297578500506,35.672863323289874],[139.77295847252503,35.672822572554175],[139.77307748065732,35.67278901997076],[139.77309479319064,35.672829770689646],[139.77297578500506,35.672863323289874]]]}},{"type":"Feature","properties":{"height":25.7,"gml_id":"bldg_502931ef-2161-4f40-93e3-615440057e91"},"geometry":{"type":"Polygon","coordinates":[[[139.76867992917738,35.66796942168856],[139.7686645521196,35.66795711869504],[139.76872123364407,35.66790995319832],[139.76873661070152,35.667922256184696],[139.76867992917738,35.66796942168856]]]}},{"type":"Feature","properties":{"height":16.7,"gml_id":"bldg_1c5d16a1-3b3a-4cc6-af2b-0494f824b67b"},"geometry":{"type":"Polygon","coordinates":[[[139.7749169528561,35.672661706131585],[139.77488790758275,35.672591186643295],[139.77497343386247,35.67257084808319],[139.77499882269072,35.67264150098573],[139.7749169528561,35.672661706131585]]]}},{"type":"Feature","properties":{"height":27.3,"gml_id":"bldg_c3c23982-638c-4f75-8e10-e5b017a2ea24"},"geometry":{"type":"Polygon","coordinates":[[[139.76728650855884,35.67145437542929],[139.76722083888646,35.6713725037265],[139.7673059225348,35.67132705811059],[139.76740255671822,35.67144753541014],[139.76725491170836,35.671526386818215],[139.7672239583261,35.67148779105946],[139.76728650855884,35.67145437542929]]]}},{"type":"Feature","properties":{"height":14.1,"gml_id":"bldg_67ac3c85-422f-45e8-b85a-d6b84ce0124e"},"geometry":{"type":"Polygon","coordinates":[[[139.77108890758177,35.67315684119802],[139.77099420156898,35.673203483317835],[139.77097720761043,35.67318049041175],[139.7710719136066,35.67313384740375],[139.77108890758177,35.67315684119802]]]}},{"type":"Feature","properties":{"height":28.0,"gml_id":"bldg_9d153c05-8dec-4aed-a63d-5594f55770ff"},"geometry":{"type":"Polygon","coordinates":[[[139.76875957662648,35.67182942541437],[139.76868210273247,35.671876795163094],[139.76863100227212,35.67182142340999],[139.76869101425152,35.671784588582696],[139.76872094809787,35.671787129394794],[139.76875957662648,35.67182942541437]]]}},{"type":"Feature","properties":{"height":12.0,"gml_id":"bldg_0100222b-70a2-4602-bd3b-0cfae6a02ade"},"geometry":{"type":"Polygon","coordinates":[[[139.77380363685927,35.67328359491466],[139.7737717106108,35.673285472009276],[139.77376470015656,35.673205516767695],[139.77379662637333,35.6732036396749],[139.77380363685927,35.67328359491466]]]}},{"type":"Feature","properties":{"height":26.6,"gml_id":"bldg_5e635009-0982-4ca3-9930-50977eabfa54"},"geometry":{"type":"Polygon","coordinates":[[[139.76905713015657,35.66994796716604],[139.76905859138026,35.669916510016414],[139.76915961721804,35.669837062770306],[139.76935687944083,35.6700039218069],[139.76923595778808,35.670099132660276],[139.76905713015657,35.66994796716604]]]}},{"type":"Feature","properties":{"height":16.9,"gml_id":"bldg_fac06120-3cda-4e2b-924d-e8ef7360ee6e"},"geometry":{"type":"Polygon","coordinates":[[[139.77007716918317,35.671166623150974],[139.77017763645608,35.67109582795658],[139.7702383462997,35.6711531871169],[139.77013787900836,35.67122398236122],[139.77007716918317,35.671166623150974]]]}},{"type":"Feature","properties":{"height":23.2,"gml_id":"bldg_690cc76d-fdda-4e77-ab2b-ee3d22ad3848"},"geometry":{"type":"Polygon","coordinates":[[[139.7679476930122,35.6717910385758],[139.7678931785754,35.67172358625612],[139.76806248433007,35.67163245919492],[139.7681169988476,35.67169991143907],[139.7679476930122,35.6717910385758]]]}},{"type":"Feature","properties":{"height":7.1,"gml_id":"bldg_62f3566d-7d36-469b-b829-9e0da0ce188e"},"geometry":{"type":"Polygon","coordinates":[[[139.76586565897688,35.667587867664956],[139.7658164241401,35.667552506221334],[139.76587390738845,35.667499357390646],[139.76592303168363,35.66753480888658],[139.76586565897688,35.667587867664956]]]}},{"type":"Feature","properties":{"height":46.1,"gml_id":"bldg_a633ccd4-aa2c-4e2b-a670-7992c682f01d"},"geometry":{"type":"Polygon","coordinates":[[[139.77013117545528,35.66739625957071],[139.77012326071286,35.66738974839939],[139.7701405916586,35.66737572310661],[139.77014671812415,35.6673807740144],[139.7701583236674,35.667371378775606],[139.77014050773872,35.66735606410146],[139.7701275426973,35.667366549287216],[139.77005022779798,35.667302925777285],[139.77016483516195,35.667210170596114],[139.7703552084317,35.66736682180475],[139.7703535062888,35.66736820001634],[139.77043608719552,35.66743586423596],[139.77034446955213,35.66751038699437],[139.77026177841452,35.66744243421542],[139.77026012048728,35.667443767380135],[139.77022858290096,35.66741780932124],[139.7702198511172,35.66742487241641],[139.7702174673143,35.66742220219938],[139.770189142821,35.667397859273116],[139.7701755256624,35.667408866918755],[139.77017027123972,35.667404546582596],[139.77015434401062,35.66741743688518],[139.7701885529443,35.66744558670249],[139.77019676525796,35.66743892985681],[139.77027328562016,35.66750189485244],[139.77029820944546,35.66752446027221],[139.7702989821245,35.667525136706956],[139.77031590449678,35.66753906277412],[139.7704020617614,35.667469360435064],[139.77046574425603,35.667521753597036],[139.7703121531864,35.66764604485528],[139.77006937864485,35.66744627229076],[139.77013117545528,35.66739625957071]]]}},{"type":"Feature","properties":{"height":25.3,"gml_id":"bldg_2d1bced6-68ca-4175-824b-1673d2b75da5"},"geometry":{"type":"Polygon","coordinates":[[[139.7657662201609,35.67010922395851],[139.76581740491474,35.67006084892251],[139.76593519950598,35.67014239905841],[139.76594739311398,35.670170385411105],[139.76592886276939,35.67019043870768],[139.76589085706422,35.6701983504133],[139.7657662201609,35.67010922395851]]]}},{"type":"Feature","properties":{"height":6.3,"gml_id":"bldg_6f992636-cf49-4afc-8f10-53051d82f0d4"},"geometry":{"type":"Polygon","coordinates":[[[139.7687604195593,35.67037136373435],[139.76883723396233,35.67031804360435],[139.76887939809714,35.67035853784127],[139.7688024732932,35.670411767801326],[139.7687604195593,35.67037136373435]]]}},{"type":"Feature","properties":{"height":12.1,"gml_id":"bldg_a9b9d3dc-2fa2-4fa5-85af-6f5e2dd0efda"},"geometry":{"type":"Polygon","coordinates":[[[139.76612468369785,35.67272854438804],[139.76601515373486,35.67279797905289],[139.7659787321736,35.67275965033688],[139.76608826211572,35.67269021570471],[139.76612468369785,35.67272854438804]]]}},{"type":"Feature","properties":{"height":13.2,"gml_id":"bldg_7675ed8c-39bd-4f8e-8a4b-30e0bbaccacc"},"geometry":{"type":"Polygon","coordinates":[[[139.76457521438584,35.6721079035509],[139.7646005129361,35.672131263554824],[139.76449430134107,35.67220783761096],[139.76446899175116,35.67218447757871],[139.76457521438584,35.6721079035509]]]}},{"type":"Feature","properties":{"height":24.3,"gml_id":"bldg_6b98a39e-f9d0-44b2-b7bf-c822f4342bb5"},"geometry":{"type":"Polygon","coordinates":[[[139.7707589655509,35.671360486177264],[139.77078532395754,35.671386621665484],[139.77068703684313,35.671452497000594],[139.77063251017864,35.671398025682976],[139.77074933174634,35.67131975713203],[139.77077771005764,35.671347903734016],[139.7707589655509,35.671360486177264]]]}},{"type":"Feature","properties":{"height":8.8,"gml_id":"bldg_b6834549-f6b6-410b-9eee-68b623a915b3"},"geometry":{"type":"Polygon","coordinates":[[[139.77078191970304,35.667495336740394],[139.77086326905612,35.66757064367517],[139.77083685460232,35.66758964895413],[139.77075550518452,35.667514432139086],[139.77078191970304,35.667495336740394]]]}},{"type":"Feature","properties":{"height":9.0,"gml_id":"bldg_79e9cf73-49a6-4f65-8cbe-ec3e45238afa"},"geometry":{"type":"Polygon","coordinates":[[[139.77286997712284,35.66903027076625],[139.77289314737556,35.66906543596467],[139.77281867205537,35.66909820855511],[139.77279539129708,35.66906313342435],[139.77286997712284,35.66903027076625]]]}},{"type":"Feature","properties":{"height":26.8,"gml_id":"bldg_86b11d72-150c-4674-82f1-7d57f16f18f1"},"geometry":{"type":"Polygon","coordinates":[[[139.76864515575093,35.67084569460258],[139.7685548620815,35.670901621336625],[139.7685245883988,35.670868948295585],[139.76861057173258,35.67081581442549],[139.76859471198233,35.67079870594858],[139.7686320672202,35.67077556073494],[139.7686998327157,35.67084860835804],[139.768666787711,35.67086905178768],[139.76864515575093,35.67084569460258]]]}},{"type":"Feature","properties":{"height":20.8,"gml_id":"bldg_a0d82ec3-4857-46db-ab7e-77e6ddbf4710"},"geometry":{"type":"Polygon","coordinates":[[[139.77021411039408,35.671349845022625],[139.77025251663042,35.67132441037144],[139.77033347796035,35.671405801683164],[139.7702341190495,35.671471549895145],[139.7701812485751,35.67141843130108],[139.770129413884,35.67145274642024],[139.7700967424032,35.67141991928498],[139.77018902805204,35.67135876357837],[139.7701768866055,35.67134658957482],[139.77019738835682,35.67133301663314],[139.77021411039408,35.671349845022625]]]}},{"type":"Feature","properties":{"height":32.1,"gml_id":"bldg_b063e210-4d06-4e97-b3b4-55ff248489fe"},"geometry":{"type":"Polygon","coordinates":[[[139.7702060500211,35.673870629391914],[139.77019470504868,35.67385656202846],[139.77021628846538,35.673844963663086],[139.7701955959987,35.67381935382803],[139.77023628680604,35.67379810276064],[139.77032514450062,35.67389931937021],[139.77032328215836,35.673907574970066],[139.77011847505915,35.67397811721546],[139.7700822496741,35.67396800281681],[139.7700649232756,35.67394645090533],[139.7702060500211,35.673870629391914]]]}},{"type":"Feature","properties":{"height":10.1,"gml_id":"bldg_b3bed55c-f9e5-4163-a99c-947ae2564173"},"geometry":{"type":"Polygon","coordinates":[[[139.77075529691064,35.66735669162892],[139.7708453697218,35.6674353381933],[139.77078126567048,35.66748415936656],[139.77069130339638,35.667405422675],[139.77075529691064,35.66735669162892]]]}},{"type":"Feature","properties":{"height":31.4,"gml_id":"bldg_ecb27776-91ab-4d36-8fac-032c1a3792ed"},"geometry":{"type":"Polygon","coordinates":[[[139.76571667324427,35.67463336728665],[139.76556504716905,35.67470827624423],[139.7654731317247,35.674584375879675],[139.7656246471828,35.67450946697401],[139.76571667324427,35.67463336728665]]]}},{"type":"Feature","properties":{"height":18.9,"gml_id":"bldg_28fd1001-27eb-4935-8f92-c765f08c448f"},"geometry":{"type":"Polygon","coordinates":[[[139.7648758314803,35.67251169162093],[139.76490943260907,35.67248872570993],[139.76500512834875,35.67258008912914],[139.7649711955047,35.67260341542734],[139.7648758314803,35.67251169162093]]]}},{"type":"Feature","properties":{"height":19.1,"gml_id":"bldg_2e98eff1-b4c7-4c97-8d86-17ff6eeae4a0"},"geometry":{"type":"Polygon","coordinates":[[[139.76986826594808,35.673699100862585],[139.7699712633611,35.67364597411217],[139.7699979690476,35.67368060087745],[139.76989508207495,35.67373372770856],[139.76986826594808,35.673699100862585]]]}},{"type":"Feature","properties":{"height":22.9,"gml_id":"bldg_43da5f76-11bd-4eff-be28-bddd39619ad3"},"geometry":{"type":"Polygon","coordinates":[[[139.7732990710811,35.67400432456914],[139.77342575267426,35.67399311239286],[139.77343054050226,35.67414960209706],[139.7733981287518,35.67415026199743],[139.77339879747865,35.67417189527585],[139.77330425765302,35.67417382218664],[139.7732990710811,35.67400432456914]]]}},{"type":"Feature","properties":{"height":49.2,"gml_id":"bldg_ed9976df-3a73-4d0e-8eba-0360a23b2f98"},"geometry":{"type":"Polygon","coordinates":[[[139.7744843266509,35.67449501398399],[139.77447306259535,35.674489960791114],[139.7744699339991,35.674237394629436],[139.77507872658217,35.674232192335296],[139.7750821847022,35.67448998660331],[139.7744843266509,35.67449501398399]]]}},{"type":"Feature","properties":{"height":25.0,"gml_id":"bldg_e6c968e6-3371-4b7c-8c90-d0c9898fba91"},"geometry":{"type":"Polygon","coordinates":[[[139.7746624212229,35.67114732067865],[139.7748155552754,35.67110430955729],[139.77483485305825,35.671150018554975],[139.77475452945876,35.67117260397249],[139.7747683134583,35.671205411647584],[139.7746955028953,35.671225846397476],[139.7746624212229,35.67114732067865]]]}},{"type":"Feature","properties":{"height":15.8,"gml_id":"bldg_8fe1d5fe-3a4d-4a84-aace-3e7642c2b977"},"geometry":{"type":"Polygon","coordinates":[[[139.77073927319105,35.67231829298814],[139.77076079625598,35.672340928636835],[139.7707137148157,35.67237064856847],[139.7706302717698,35.67228272217962],[139.77068033722838,35.672251110048194],[139.7707138908961,35.672286641598625],[139.77075268331967,35.67226214442078],[139.77078104958952,35.672291994606425],[139.77073927319105,35.67231829298814]]]}},{"type":"Feature","properties":{"height":35.6,"gml_id":"bldg_5d5ac3c4-4ec5-4ab7-b90f-098350f6e309"},"geometry":{"type":"Polygon","coordinates":[[[139.764457814482,35.6681189531931],[139.76439691606896,35.6680699917867],[139.76427012910534,35.66817447757096],[139.76414693848565,35.66807913256724],[139.76441554701367,35.66785565580688],[139.7644772181567,35.66790500523802],[139.76447018791526,35.66791086916007],[139.76450812643807,35.667941520426965],[139.76451537769913,35.66793553854911],[139.76467053290403,35.668059692183206],[139.76453003873684,35.66817652014412],[139.764457814482,35.6681189531931]]]}},{"type":"Feature","properties":{"height":46.8,"gml_id":"bldg_61c03435-2b76-4861-a964-6fe99bd32e3c"},"geometry":{"type":"Polygon","coordinates":[[[139.77414348994373,35.67435743265066],[139.77408865148598,35.67436026303222],[139.77409064420615,35.67438434869131],[139.77394212479692,35.67439250505827],[139.77393066171808,35.674253588855294],[139.77407912563783,35.674245431573496],[139.77414304102447,35.67435201518002],[139.77414348994373,35.67435743265066]]]}},{"type":"Feature","properties":{"height":19.1,"gml_id":"bldg_134a090b-905d-4408-9268-fc45136d4b61"},"geometry":{"type":"Polygon","coordinates":[[[139.767670431859,35.67205480972298],[139.76772491339293,35.67202752781829],[139.76776982371086,35.67208731331115],[139.7677152316865,35.67211459517565],[139.767670431859,35.67205480972298]]]}},{"type":"Feature","properties":{"height":8.6,"gml_id":"bldg_840433d3-27dc-41c3-90f9-5605df9943f6"},"geometry":{"type":"Polygon","coordinates":[[[139.77209810298788,35.67029838259785],[139.7720723675744,35.67029530573971],[139.77207858026085,35.67026024457731],[139.7720994557975,35.67026268980427],[139.77211843840365,35.670284873239346],[139.77209810298788,35.67029838259785]]]}},{"type":"Feature","properties":{"height":24.4,"gml_id":"bldg_c67ebd17-1d13-4daa-9073-45202fd02897"},"geometry":{"type":"Polygon","coordinates":[[[139.76797222245506,35.67462866374167],[139.76791316936732,35.674570402999],[139.76797197086134,35.674530775437994],[139.76798920298535,35.67451837198825],[139.76795929011303,35.674488889879164],[139.76798947562082,35.674468499187434],[139.7680788831075,35.67455670191976],[139.76797222245506,35.67462866374167]]]}},{"type":"Feature","properties":{"height":54.2,"gml_id":"bldg_43d4287c-a881-4d6e-ac5c-8016f61f4e94"},"geometry":{"type":"Polygon","coordinates":[[[139.7707965915334,35.66723665009863],[139.7706685452736,35.66712742716935],[139.77069893983673,35.66710364671507],[139.7706223329788,35.66703834738262],[139.77078381043975,35.66691232917441],[139.77080412117934,35.66692964609983],[139.7708261154953,35.66691271169128],[139.77102934525212,35.667071188388775],[139.7708144840824,35.667238822686485],[139.77080465983514,35.667230434809575],[139.7707965915334,35.66723665009863]]]}},{"type":"Feature","properties":{"height":13.9,"gml_id":"bldg_e524a991-adca-4dea-aef5-71910e91a928"},"geometry":{"type":"Polygon","coordinates":[[[139.76909204408543,35.67076526094885],[139.76901809107298,35.670693832712374],[139.76907523194302,35.67065456334624],[139.7691490745079,35.670725990587854],[139.76909204408543,35.67076526094885]]]}},{"type":"Feature","properties":{"height":28.6,"gml_id":"bldg_ee19bc77-e56b-4d46-a3a0-21d684cfc984"},"geometry":{"type":"Polygon","coordinates":[[[139.7668868549384,35.67344700101005],[139.76694645453298,35.67351040039238],[139.76682421452665,35.67358703975792],[139.76676450450506,35.67352364025486],[139.7668868549384,35.67344700101005]]]}},{"type":"Feature","properties":{"height":14.9,"gml_id":"bldg_dd3ae6c6-57bb-42c2-a099-4d7a41d9e427"},"geometry":{"type":"Polygon","coordinates":[[[139.7666967289873,35.670272350236516],[139.76669827875727,35.67026838505171],[139.76670038076423,35.67026451030983],[139.76670303478338,35.670260996422655],[139.7667041403812,35.67025982524918],[139.76670734648727,35.67025658207939],[139.76671110460546,35.670253699764245],[139.766715193811,35.67025117818145],[139.7667196140297,35.67024910656692],[139.76672425487195,35.67024739742633],[139.76672922672748,35.670246138253916],[139.7667341981336,35.67024541990502],[139.7667392797026,35.67024506216615],[139.76674447128477,35.67024524531187],[139.76674944156792,35.670245879021635],[139.76675441147688,35.67024696341765],[139.76675916001142,35.67024858941638],[139.7667636873235,35.670250574039194],[139.76676788294856,35.67025291992918],[139.7668069602342,35.67028476000176],[139.76674251766343,35.67033646320683],[139.76670553894033,35.67030489468681],[139.76670454552723,35.67030399276385],[139.76670167642467,35.670300475820476],[139.766699249322,35.670296778846975],[139.76669737468157,35.67029290190451],[139.76669616296584,35.670288845054195],[139.76669539309995,35.67028478844842],[139.76669528615858,35.67028055193484],[139.76669573145438,35.670276405864215],[139.7666967289873,35.670272350236516]]]}},{"type":"Feature","properties":{"height":15.9,"gml_id":"bldg_56d1952c-b62c-46db-b7aa-8fae05dcd774"},"geometry":{"type":"Polygon","coordinates":[[[139.77312849555702,35.67149222207965],[139.77310710709338,35.67143686707328],[139.77320592523074,35.67141144365356],[139.77322731375588,35.671466798642676],[139.77312849555702,35.67149222207965]]]}},{"type":"Feature","properties":{"height":30.0,"gml_id":"bldg_3db4d424-913e-42bd-b408-2b43d5a22486"},"geometry":{"type":"Polygon","coordinates":[[[139.77495903687688,35.67357669213971],[139.77496041699314,35.67359285442355],[139.77493132980797,35.67359451687231],[139.77492987294852,35.673577561342846],[139.77488642448108,35.67358001002216],[139.77487701631392,35.67346899237678],[139.77498516787657,35.673462825361185],[139.77499463082938,35.67357466327411],[139.77495903687688,35.67357669213971]]]}},{"type":"Feature","properties":{"height":29.9,"gml_id":"bldg_1a7e81ef-b391-4ec9-a4f0-204539e4f42c"},"geometry":{"type":"Polygon","coordinates":[[[139.77436339033505,35.671305266445685],[139.77437774860945,35.67133807444595],[139.77435165143248,35.67134567826873],[139.77435540126444,35.67135375640894],[139.77433562397636,35.67135951640995],[139.77435018054777,35.671393053721225],[139.77415318095967,35.67145028439285],[139.7740893305055,35.671303779857375],[139.774348534214,35.67122846217512],[139.7743799634264,35.6713004972832],[139.77436339033505,35.671305266445685]]]}},{"type":"Feature","properties":{"height":3.5,"gml_id":"bldg_6743daa0-136a-4e7d-bc04-5eac87a610d8"},"geometry":{"type":"Polygon","coordinates":[[[139.77057485621395,35.671712052065345],[139.77055679574266,35.67172556324709],[139.77053965255493,35.671710312089445],[139.7705577130257,35.67169680091023],[139.77057485621395,35.671712052065345]]]}},{"type":"Feature","properties":{"height":21.0,"gml_id":"bldg_b4d5cf40-7b10-495c-a864-ff452d7d42ba"},"geometry":{"type":"Polygon","coordinates":[[[139.77240857715248,35.66816508013389],[139.7724496435946,35.668197370080186],[139.77232607030928,35.66830177673851],[139.77228500393218,35.66826939661329],[139.77240857715248,35.66816508013389]]]}},{"type":"Feature","properties":{"height":30.9,"gml_id":"bldg_129744ca-6506-4968-9810-de8cecb4a6e3"},"geometry":{"type":"Polygon","coordinates":[[[139.7637425648857,35.66856699332957],[139.76353062500803,35.66840209957814],[139.76367068169242,35.66828238814021],[139.76388261064486,35.66844711038114],[139.7637425648857,35.66856699332957]]]}},{"type":"Feature","properties":{"height":23.9,"gml_id":"bldg_7cb01a89-63fd-4fd9-b894-927cd57acfd9"},"geometry":{"type":"Polygon","coordinates":[[[139.76719462091057,35.674819663624014],[139.76717804078157,35.67483156164754],[139.7672018847103,35.674852558699754],[139.76706876821052,35.674948067063085],[139.76703145836285,35.674913433817174],[139.76718045861588,35.674806522845195],[139.76719462091057,35.674819663624014]]]}},{"type":"Feature","properties":{"height":21.2,"gml_id":"bldg_5acd1ddc-c4c9-49d0-8036-d345659040b1"},"geometry":{"type":"Polygon","coordinates":[[[139.77063164520467,35.67306899141056],[139.7705625492805,35.672997475638795],[139.77063483053834,35.67295100155539],[139.77072117843213,35.67304035541408],[139.77063164520467,35.67306899141056]]]}},{"type":"Feature","properties":{"height":18.4,"gml_id":"bldg_23478fe1-62ea-4e15-8ef4-9bb89f89d619"},"geometry":{"type":"Polygon","coordinates":[[[139.76949750266084,35.666667742395035],[139.7695826126194,35.66673412859697],[139.76950645563875,35.666799077306926],[139.76942134567446,35.666732691051855],[139.76949750266084,35.666667742395035]]]}},{"type":"Feature","properties":{"height":47.7,"gml_id":"bldg_188152df-68c9-4c47-b797-736b0063254e"},"geometry":{"type":"Polygon","coordinates":[[[139.7647838012367,35.67317220136445],[139.76476480120616,35.673184881875585],[139.76472192011474,35.67314382695753],[139.76484105726038,35.67305436142074],[139.76491085970235,35.673120498776726],[139.76480509204657,35.6731934588411],[139.7647838012367,35.67317220136445]]]}},{"type":"Feature","properties":{"height":23.0,"gml_id":"bldg_369c6ecb-da95-4b45-b8d3-14fbd4ff3cc0"},"geometry":{"type":"Polygon","coordinates":[[[139.76833988466927,35.67023971725917],[139.76828539512647,35.67027862716201],[139.76820558584936,35.67021080075078],[139.76824360757723,35.67018287873731],[139.7682660146725,35.670203532295936],[139.76828535698758,35.670189481322865],[139.76833988466927,35.67023971725917]]]}},{"type":"Feature","properties":{"height":7.8,"gml_id":"bldg_869c25f9-f8e4-4cea-8f81-34595b29a02f"},"geometry":{"type":"Polygon","coordinates":[[[139.76520082797902,35.672451646214824],[139.765094635558,35.67235012844287],[139.76513106651402,35.67232475740721],[139.76523725895532,35.67242626613375],[139.76520082797902,35.672451646214824]]]}},{"type":"Feature","properties":{"height":11.8,"gml_id":"bldg_801f427a-1b14-4d59-909c-2d5190190ea4"},"geometry":{"type":"Polygon","coordinates":[[[139.76497557242146,35.66734020900989],[139.7649384833944,35.667310893304226],[139.76501652311504,35.6672450471854],[139.76505361214026,35.667274362867346],[139.76497557242146,35.66734020900989]]]}},{"type":"Feature","properties":{"height":12.9,"gml_id":"bldg_f70ba4bd-2e65-4be7-9b99-9360b11915ad"},"geometry":{"type":"Polygon","coordinates":[[[139.7702502119051,35.671235128153924],[139.77022593095148,35.671208344648136],[139.77027676953986,35.67117763355557],[139.77030303866385,35.67120324720825],[139.7702502119051,35.671235128153924]]]}},{"type":"Feature","properties":{"height":22.7,"gml_id":"bldg_077603e0-0f99-4cfc-ab4f-9a69f3133990"},"geometry":{"type":"Polygon","coordinates":[[[139.77009692133765,35.6706328403155],[139.7700154547977,35.6705630312154],[139.77004032416076,35.67054375490248],[139.7700627329582,35.67056296592951],[139.77009124985742,35.670540807128184],[139.7701288923035,35.67057300591764],[139.77011894446505,35.67058084264293],[139.77014024937336,35.670599151702625],[139.77009692133765,35.6706328403155]]]}},{"type":"Feature","properties":{"height":25.7,"gml_id":"bldg_a53076f3-abbc-4da1-a4bb-3b9b272c379b"},"geometry":{"type":"Polygon","coordinates":[[[139.77010106844455,35.67195741032662],[139.77026353642924,35.67184969131789],[139.7703252374737,35.67191164794924],[139.77021104570684,35.671987357559594],[139.77019186220346,35.671967949953775],[139.77015502518412,35.67199218657995],[139.77017431905685,35.67201171142794],[139.7701627694461,35.672019367040086],[139.77010106844455,35.67195741032662]]]}},{"type":"Feature","properties":{"height":30.2,"gml_id":"bldg_fa76ac70-2468-4587-8277-4d3e1b4ae70b"},"geometry":{"type":"Polygon","coordinates":[[[139.7708584394544,35.668807325766444],[139.77094984001135,35.668885341961946],[139.77088197604397,35.6689382174093],[139.77079068595341,35.66886020122037],[139.7708584394544,35.668807325766444]]]}},{"type":"Feature","properties":{"height":9.2,"gml_id":"bldg_6e0a16fe-1516-4b77-9080-b12ac7b8eac5"},"geometry":{"type":"Polygon","coordinates":[[[139.77021659108493,35.67240824757886],[139.77017508862863,35.672366942934474],[139.77026925477705,35.67230380604367],[139.77031086778544,35.6723450205766],[139.77021659108493,35.67240824757886]]]}},{"type":"Feature","properties":{"height":25.5,"gml_id":"bldg_ba78dbb2-fbbc-43b3-a9d0-9af7bce393ac"},"geometry":{"type":"Polygon","coordinates":[[[139.77131410540923,35.673569741093],[139.7713689007395,35.67363642582292],[139.77129631453244,35.673648466842366],[139.77125719084674,35.67360080011248],[139.77131410540923,35.673569741093]]]}},{"type":"Feature","properties":{"height":28.6,"gml_id":"bldg_c583ca99-cfb4-47f2-87a3-92676c1e7775"},"geometry":{"type":"Polygon","coordinates":[[[139.77019376523896,35.668401198737094],[139.77016963642487,35.66842077293065],[139.770183125904,35.66843184887322],[139.770158510742,35.66845181941375],[139.77005540797347,35.66836712629923],[139.77010415187775,35.66832767174097],[139.77019376523896,35.668401198737094]]]}},{"type":"Feature","properties":{"height":12.9,"gml_id":"bldg_5b99d46b-0383-4fda-9bd0-d1d3f3f7a04a"},"geometry":{"type":"Polygon","coordinates":[[[139.7712756653884,35.67263891858508],[139.77130500769616,35.67269265643295],[139.77123539380995,35.67271902987745],[139.7711942291909,35.672668531756344],[139.7712756653884,35.67263891858508]]]}},{"type":"Feature","properties":{"height":20.2,"gml_id":"bldg_e7af86cb-9e7a-48b8-8100-d0463bc847bf"},"geometry":{"type":"Polygon","coordinates":[[[139.77051200126166,35.67209355157379],[139.77058429864886,35.672166602288826],[139.77054020170897,35.67219389000163],[139.77046933981526,35.67212156291108],[139.77051200126166,35.67209355157379]]]}},{"type":"Feature","properties":{"height":12.0,"gml_id":"bldg_36d1369a-6966-4db3-8126-c62f69c497ea"},"geometry":{"type":"Polygon","coordinates":[[[139.77431385453914,35.671520490083815],[139.77431826487802,35.671531669272284],[139.77429561527632,35.671537697369295],[139.77426606573002,35.67146322855527],[139.77432804814867,35.67144685485462],[139.77433466358806,35.67146371377394],[139.7743537775864,35.67145867544822],[139.77437230141166,35.67150510523665],[139.77431385453914,35.671520490083815]]]}},{"type":"Feature","properties":{"height":14.1,"gml_id":"bldg_cb341e79-e59e-46b1-9f12-840100615966"},"geometry":{"type":"Polygon","coordinates":[[[139.7659323387575,35.66776367287003],[139.7659898469968,35.667812379222234],[139.76589733153997,35.667885158436874],[139.76583982330482,35.66783645204108],[139.7659323387575,35.66776367287003]]]}},{"type":"Feature","properties":{"height":62.6,"gml_id":"bldg_8a018258-29ad-4be4-9cdd-178b3479521c"},"geometry":{"type":"Polygon","coordinates":[[[139.76888181079363,35.674406352768976],[139.7688466848254,35.674430202309914],[139.76880744357925,35.674392684184106],[139.76867779158252,35.674483022312515],[139.7683673954814,35.6741860332156],[139.76845184045558,35.67412730924785],[139.76842389170136,35.67410052341501],[139.7684809251897,35.6740608036103],[139.76857664875294,35.67415243459704],[139.76867523334082,35.67408009833407],[139.76892458658483,35.674334473160044],[139.76885591538831,35.67438095625054],[139.76888181079363,35.674406352768976]]]}},{"type":"Feature","properties":{"height":11.0,"gml_id":"bldg_fc0a98fa-e057-4d9b-bb44-173656041bf8"},"geometry":{"type":"Polygon","coordinates":[[[139.76469066182787,35.6746102524264],[139.76470831570518,35.67463486996167],[139.76468643400355,35.67464531341067],[139.7646308241128,35.67456803406034],[139.764666630522,35.67455092840578],[139.76470715634133,35.674569700060815],[139.76470723887672,35.67460232979663],[139.76469066182787,35.6746102524264]]]}},{"type":"Feature","properties":{"height":7.1,"gml_id":"bldg_9f802f8c-6600-460d-9148-a1dbe176111a"},"geometry":{"type":"Polygon","coordinates":[[[139.77340177725048,35.67340733433396],[139.77339596207077,35.67335442085325],[139.77343131336178,35.67335182356262],[139.77343712856398,35.67340473794305],[139.77340177725048,35.67340733433396]]]}},{"type":"Feature","properties":{"height":27.1,"gml_id":"bldg_d122896a-57b4-481d-8fc7-6ec0f16a30fa"},"geometry":{"type":"Polygon","coordinates":[[[139.77398630329157,35.67325533690882],[139.77395185826106,35.67325742913922],[139.77394576572553,35.673190733555465],[139.7740514868547,35.67318438590476],[139.77407677221134,35.673199901964544],[139.77407837764244,35.673269669015006],[139.77398808926355,35.67327510489607],[139.77398630329157,35.67325533690882]]]}},{"type":"Feature","properties":{"height":28.6,"gml_id":"bldg_2a3981a8-d2a9-4042-8192-a236161deb72"},"geometry":{"type":"Polygon","coordinates":[[[139.76320758402332,35.671623870725135],[139.7631047574704,35.67169418099043],[139.76307420594952,35.67166561668344],[139.76305131447714,35.6716819271901],[139.76305923933106,35.67168933208812],[139.76302033155963,35.671717035609305],[139.76298494536732,35.6716843131268],[139.76322447091232,35.67151373277057],[139.76328009977897,35.67156532368661],[139.7632830704988,35.67157884601079],[139.76328007292298,35.67159605959095],[139.76326238312544,35.67161380724861],[139.76322491272543,35.671640106432164],[139.76320758402332,35.671623870725135]]]}},{"type":"Feature","properties":{"height":9.7,"gml_id":"bldg_28c543fc-6ea9-43c6-9939-3c248527889b"},"geometry":{"type":"Polygon","coordinates":[[[139.7706815172228,35.66692417413035],[139.77062124616867,35.66687438692307],[139.77075158609736,35.66687472514387],[139.7706815172228,35.66692417413035]]]}},{"type":"Feature","properties":{"height":3.5,"gml_id":"bldg_df21624f-59fe-4b88-99dd-5640475010c0"},"geometry":{"type":"Polygon","coordinates":[[[139.764653941039,35.66915687061728],[139.76469807831273,35.66912156194452],[139.76472918403215,35.66914745810177],[139.76468505780386,35.66918276679207],[139.764653941039,35.66915687061728]]]}},{"type":"Feature","properties":{"height":39.3,"gml_id":"bldg_c43593d3-cec2-40e9-a423-6c70d4a3c44c"},"geometry":{"type":"Polygon","coordinates":[[[139.77476857670985,35.67069379233608],[139.77473880768846,35.67061716112632],[139.77484498260006,35.67058972086083],[139.77485236974007,35.67060874342484],[139.77500638406963,35.67056888729043],[139.77502876614196,35.67062649588221],[139.77476857670985,35.67069379233608]]]}},{"type":"Feature","properties":{"height":9.0,"gml_id":"bldg_337805db-ea5f-4f56-9cc5-e7a04e441f12"},"geometry":{"type":"Polygon","coordinates":[[[139.7653181045215,35.67033466743162],[139.76528892520267,35.670354939956844],[139.76524444508695,35.67031218972087],[139.76527371274918,35.670291943396016],[139.7653181045215,35.67033466743162]]]}},{"type":"Feature","properties":{"height":19.8,"gml_id":"bldg_407f5601-d165-4c81-b8e9-9264919e2015"},"geometry":{"type":"Polygon","coordinates":[[[139.773544474879,35.6721824385526],[139.7735060797261,35.67219386782053],[139.7735155312027,35.672214486917305],[139.77346440733228,35.67223008230351],[139.77340838253951,35.67210764797716],[139.77345898700264,35.672092259671906],[139.7734909697602,35.67216204184413],[139.77352975179582,35.67215025312526],[139.773544474879,35.6721824385526]]]}},{"type":"Feature","properties":{"height":8.4,"gml_id":"bldg_be8ee2bb-457f-4b60-8523-5b5f62be1d73"},"geometry":{"type":"Polygon","coordinates":[[[139.77382879026155,35.66975599256739],[139.77387763031655,35.66973447476978],[139.77392331029645,35.669803543419306],[139.7738744702784,35.66982497109786],[139.77382879026155,35.66975599256739]]]}},{"type":"Feature","properties":{"height":29.7,"gml_id":"bldg_105fe82c-51b3-4df5-9e5b-8b7a1af35cd8"},"geometry":{"type":"Polygon","coordinates":[[[139.76725771704935,35.67196924195507],[139.7672388290885,35.6719807962047],[139.7672795528674,35.67204001171759],[139.76725563625266,35.672054582810645],[139.7672731844966,35.67207361140982],[139.7670463955273,35.67221256862822],[139.76688106772096,35.67203283386164],[139.76715953574865,35.67186239336106],[139.76725771704935,35.67196924195507]]]}},{"type":"Feature","properties":{"height":16.5,"gml_id":"bldg_0937ee4f-934b-4838-9afa-fb65fcecd2dd"},"geometry":{"type":"Polygon","coordinates":[[[139.76303120299625,35.66997656157783],[139.76299249645723,35.669939510558045],[139.76313303448597,35.66984175841468],[139.76317174103502,35.669878818403625],[139.76303120299625,35.66997656157783]]]}},{"type":"Feature","properties":{"height":15.0,"gml_id":"bldg_29fc81a8-69f2-4841-b3f8-92c1bb42cc3d"},"geometry":{"type":"Polygon","coordinates":[[[139.76379362203858,35.67083118343251],[139.76382971200968,35.67086752870698],[139.76374924846488,35.6709208444283],[139.7637117217029,35.670885397869725],[139.76379362203858,35.67083118343251]]]}},{"type":"Feature","properties":{"height":19.3,"gml_id":"bldg_6f6eaeef-5917-40fe-aae2-5c3b78a9f26b"},"geometry":{"type":"Polygon","coordinates":[[[139.77058205987325,35.67262765340147],[139.77061064833887,35.67265597140728],[139.77050067632348,35.67273072712389],[139.77047197705096,35.67270285972095],[139.77058205987325,35.67262765340147]]]}},{"type":"Feature","properties":{"height":6.7,"gml_id":"bldg_617f5975-60e0-4e1f-85aa-5e58ecb77d07"},"geometry":{"type":"Polygon","coordinates":[[[139.77433458339468,35.671572689746334],[139.7742082999185,35.671603635039645],[139.77419562165971,35.67156955690964],[139.77432190508705,35.67153861162942],[139.77433458339468,35.671572689746334]]]}},{"type":"Feature","properties":{"height":16.7,"gml_id":"bldg_53c88c9b-846c-4d13-ac44-90e85a4b752a"},"geometry":{"type":"Polygon","coordinates":[[[139.7651551677209,35.66748200677247],[139.76523154978793,35.66741706095128],[139.76529689578055,35.66747063858581],[139.76522195067224,35.667534414376235],[139.7651551677209,35.66748200677247]]]}},{"type":"Feature","properties":{"height":3.6,"gml_id":"bldg_c46da1f6-be7c-42f4-be65-c43cc031cb1e"},"geometry":{"type":"Polygon","coordinates":[[[139.77396085549265,35.66876037358174],[139.77395229017046,35.668751726087265],[139.77397743217486,35.668735153209774],[139.77398599749733,35.66874380160386],[139.77396085549265,35.66876037358174]]]}},{"type":"Feature","properties":{"height":44.5,"gml_id":"bldg_f95506ae-9155-4199-aee3-676a9178f62e"},"geometry":{"type":"Polygon","coordinates":[[[139.7741256223145,35.66763286424175],[139.77410455652392,35.66764956535073],[139.7741565615445,35.66769312726899],[139.77400221530615,35.66781524243887],[139.77354233118473,35.66742841488248],[139.77369569374747,35.66730703983487],[139.77374796325654,35.66735082740629],[139.77380741376945,35.66730379608521],[139.7739256409972,35.66740327599549],[139.77398300257332,35.66735787504398],[139.77423778270114,35.66757225688621],[139.77414295363334,35.6676473848789],[139.7741256223145,35.66763286424175]]]}},{"type":"Feature","properties":{"height":34.5,"gml_id":"bldg_95df291b-1e0f-4e52-a778-73068bf6c03c"},"geometry":{"type":"Polygon","coordinates":[[[139.77422793170922,35.669997217290565],[139.7741256640018,35.66983524433633],[139.77422399097122,35.66979868787041],[139.7742895222118,35.66991150887204],[139.77431668866294,35.66992128406341],[139.7742890352803,35.669972729912445],[139.77422793170922,35.669997217290565]]]}},{"type":"Feature","properties":{"height":27.1,"gml_id":"bldg_458926f9-566c-4ffb-abb9-95162fbb528e"},"geometry":{"type":"Polygon","coordinates":[[[139.77270658430135,35.66862024393157],[139.7727675935066,35.66857367361979],[139.77282764427792,35.66862607361262],[139.77278586624158,35.668657961236875],[139.77279127525267,35.668662651098984],[139.77273590266915,35.66870498780307],[139.77267205457065,35.668649277811326],[139.77268941789546,35.66863602735214],[139.77266100452974,35.668610792607076],[139.7726795394276,35.668596614324734],[139.77270658430135,35.66862024393157]]]}},{"type":"Feature","properties":{"height":17.8,"gml_id":"bldg_f16ce9ad-4b17-47f7-9116-1e12a6693f5e"},"geometry":{"type":"Polygon","coordinates":[[[139.7695130995641,35.67121932624827],[139.76956828970592,35.67127181540442],[139.769539221589,35.67129208090336],[139.76948403138053,35.671239681871356],[139.7695130995641,35.67121932624827]]]}},{"type":"Feature","properties":{"height":19.6,"gml_id":"bldg_3f075d16-7992-4881-9849-4f1ca2455182"},"geometry":{"type":"Polygon","coordinates":[[[139.7659104703402,35.66789210637112],[139.7660184727592,35.667792294595635],[139.76608978626268,35.66784362260005],[139.76598167340387,35.66794343437688],[139.7659104703402,35.66789210637112]]]}},{"type":"Feature","properties":{"height":63.5,"gml_id":"bldg_21212d35-d663-4fc5-a3f1-74b31266161b"},"geometry":{"type":"Polygon","coordinates":[[[139.76358885966584,35.67028131658034],[139.76354768765313,35.67030974006601],[139.76357630625088,35.670337708233035],[139.76363218938613,35.670299441244474],[139.76364108512223,35.670308117604115],[139.7634871744014,35.67041334487586],[139.7631923237101,35.67012722183388],[139.7632888132856,35.67006310022278],[139.76331577629182,35.67008932783926],[139.76333077504108,35.670078988794415],[139.76341013019095,35.67015601217955],[139.76357835395558,35.670040914242605],[139.76368342695375,35.67014102659829],[139.7635431668239,35.670236943442994],[139.76358885966584,35.67028131658034]]]}},{"type":"Feature","properties":{"height":18.8,"gml_id":"bldg_bd6662a2-cd62-40d0-a6aa-e818b21d35d0"},"geometry":{"type":"Polygon","coordinates":[[[139.76303033977206,35.668038284576085],[139.7631041794996,35.667977935632614],[139.76311020643817,35.66798266234514],[139.76314645698835,35.66801040973167],[139.76307697894694,35.66807242878675],[139.76307603937093,35.66807319440611],[139.76303033977206,35.668038284576085]]]}},{"type":"Feature","properties":{"height":39.7,"gml_id":"bldg_1544369c-d329-4733-97e1-3d184437a932"},"geometry":{"type":"Polygon","coordinates":[[[139.7686453222536,35.669133265639054],[139.7685327302756,35.6690365778655],[139.7687152151159,35.66889498001851],[139.76882780711563,35.66899166762373],[139.7686453222536,35.669133265639054]]]}},{"type":"Feature","properties":{"height":5.9,"gml_id":"bldg_1f3b7172-8319-463c-9669-fbe711f1b7fd"},"geometry":{"type":"Polygon","coordinates":[[[139.77429256324416,35.670132004313594],[139.77431120681206,35.6701653642669],[139.774261595698,35.670183727955205],[139.7742430626087,35.67015036804856],[139.77429256324416,35.670132004313594]]]}},{"type":"Feature","properties":{"height":29.5,"gml_id":"bldg_c4a54e09-efd7-4f66-b9ef-9a7c24458ec4"},"geometry":{"type":"Polygon","coordinates":[[[139.7650747485468,35.6722890752927],[139.7651193412826,35.67233047358221],[139.76508783935083,35.67235317033036],[139.76519567943257,35.672452652839176],[139.76511886002717,35.672506601583066],[139.76476728861365,35.672175183392575],[139.7648486737976,35.67211695594519],[139.76477825304406,35.67205155731644],[139.76481028539934,35.6720285995518],[139.76502548842424,35.67222855621801],[139.76503558007008,35.67222130589005],[139.76509383755496,35.67227537622959],[139.7650747485468,35.6722890752927]]]}},{"type":"Feature","properties":{"height":31.1,"gml_id":"bldg_364171df-f4ed-40db-b075-ba9b44128d97"},"geometry":{"type":"Polygon","coordinates":[[[139.77255791320994,35.66773483981366],[139.7725704199834,35.667745698664504],[139.77255231625128,35.66775961575139],[139.77258229723324,35.667785598555206],[139.77252989806607,35.66782586441293],[139.77248739930272,35.66778897676259],[139.77255791320994,35.66773483981366]]]}},{"type":"Feature","properties":{"height":33.7,"gml_id":"bldg_7d1f1679-1e97-4bd9-a2e2-e6a3528862bb"},"geometry":{"type":"Polygon","coordinates":[[[139.76772283282,35.67295008189911],[139.7678683901432,35.672860204110194],[139.76792666147134,35.67292729792039],[139.76778331466835,35.67301564464823],[139.76772283282,35.67295008189911]]]}},{"type":"Feature","properties":{"height":24.7,"gml_id":"bldg_a11cec1c-efb1-4914-a3a2-86543baf870c"},"geometry":{"type":"Polygon","coordinates":[[[139.7649627480365,35.66942607026019],[139.76500502665758,35.66945899438706],[139.76495196610833,35.66950484417185],[139.76490891333268,35.669473001234756],[139.7649627480365,35.66942607026019]]]}},{"type":"Feature","properties":{"height":8.2,"gml_id":"bldg_258aa029-6d1a-4be7-a760-b4c5a8058f33"},"geometry":{"type":"Polygon","coordinates":[[[139.77493120138925,35.67278514705576],[139.7748966835778,35.67270553907713],[139.77493027220322,35.672695910682826],[139.77496479004392,35.67277551865198],[139.77493120138925,35.67278514705576]]]}},{"type":"Feature","properties":{"height":3.4,"gml_id":"bldg_7a91a38f-89ae-4535-9945-ff3365cc0465"},"geometry":{"type":"Polygon","coordinates":[[[139.7732056986306,35.67001969620636],[139.77323295040154,35.67006288559459],[139.77315151409246,35.670097097107885],[139.77312426235383,35.67005390770149],[139.7732056986306,35.67001969620636]]]}},{"type":"Feature","properties":{"height":18.3,"gml_id":"bldg_a57739f4-b357-416e-8a73-2fa5079eafb8"},"geometry":{"type":"Polygon","coordinates":[[[139.7717777586385,35.672316665059824],[139.7716856042166,35.672350960225025],[139.77165085536208,35.67228892796706],[139.77176035767266,35.672248241951934],[139.7717777586385,35.672316665059824]]]}},{"type":"Feature","properties":{"height":42.7,"gml_id":"bldg_11ff584d-0397-4efa-87b7-1a2b4788e30c"},"geometry":{"type":"Polygon","coordinates":[[[139.76335035661688,35.668652757058],[139.7632825932627,35.668711397070815],[139.76327508700547,35.66870562391353],[139.76323064825536,35.66874417683598],[139.763186935309,35.668710620285815],[139.76341874557946,35.66850992908338],[139.7635310082093,35.668596345794555],[139.76342829108964,35.66868528782746],[139.7634107286664,35.66867174801446],[139.76339384867984,35.66868631342088],[139.76335035661688,35.668652757058]]]}},{"type":"Feature","properties":{"height":6.5,"gml_id":"bldg_0421fe2f-446c-4ca1-b8fc-a2dacccb08b2"},"geometry":{"type":"Polygon","coordinates":[[[139.7725731732421,35.67223152876135],[139.77250256714808,35.67225637100743],[139.77248535934743,35.67222373260979],[139.77255596534897,35.67219898141228],[139.7725731732421,35.67223152876135]]]}},{"type":"Feature","properties":{"height":34.0,"gml_id":"bldg_e130f801-7a80-4570-a94a-4deb9f05186b"},"geometry":{"type":"Polygon","coordinates":[[[139.7741431802953,35.67197893480146],[139.7741148427103,35.67190870390636],[139.77421781627018,35.67188099221429],[139.77429136190506,35.67206337606969],[139.7740450866472,35.67212950597856],[139.7740362657146,35.67210750813276],[139.77398356345182,35.672121633724394],[139.77395919541607,35.67206122971711],[139.77401663750706,35.67204586257618],[139.77400464094697,35.67201610234136],[139.7741431802953,35.67197893480146]]]}},{"type":"Feature","properties":{"height":26.1,"gml_id":"bldg_6e368c80-04d7-460c-9cb9-d7c52abc03ff"},"geometry":{"type":"Polygon","coordinates":[[[139.77456924269705,35.672974187156996],[139.7745513987711,35.672979145011965],[139.7745356187821,35.672941342741],[139.7746467697949,35.67291120097338],[139.7746831580519,35.67300081517127],[139.774583390662,35.6730080946961],[139.77456924269705,35.672974187156996]]]}},{"type":"Feature","properties":{"height":29.7,"gml_id":"bldg_61b0480c-2316-45ae-bf33-9b9f6351cd73"},"geometry":{"type":"Polygon","coordinates":[[[139.76907283271464,35.67129126504276],[139.76905457421893,35.67130356805436],[139.7690058651295,35.67125542674429],[139.7690617568727,35.671217770179034],[139.76913836915662,35.671293481322884],[139.76910072484787,35.67131883490155],[139.76907283271464,35.67129126504276]]]}},{"type":"Feature","properties":{"height":137.2,"gml_id":"bldg_1ab08b19-85e0-4ed7-96e2-363a302232df"},"geometry":{"type":"Polygon","coordinates":[[[139.76876616753793,35.670915165288086],[139.76887558201193,35.67084581817197],[139.76892414476828,35.6708969520186],[139.7688147303389,35.67096620904094],[139.76876616753793,35.670915165288086]]]}},{"type":"Feature","properties":{"height":33.4,"gml_id":"bldg_621bcd09-43f7-4530-80f0-a6ff8a4770ef"},"geometry":{"type":"Polygon","coordinates":[[[139.77379724237065,35.673341036245496],[139.77379522413625,35.673321709813486],[139.77406962639643,35.67330265495497],[139.77407848371797,35.67342506574767],[139.77407394265364,35.673441198086756],[139.77374075773525,35.673463973587204],[139.7737299006972,35.67335747101171],[139.77376920676573,35.67335476831608],[139.7737680003453,35.673343040858455],[139.77379724237065,35.673341036245496]]]}},{"type":"Feature","properties":{"height":4.5,"gml_id":"bldg_194e7ebd-8f16-4f5c-975a-1745365ea0cf"},"geometry":{"type":"Polygon","coordinates":[[[139.77039840336047,35.67172221759438],[139.77048449817804,35.67166736894157],[139.7705487358412,35.67173455474812],[139.7704625305308,35.67178940338854],[139.77039840336047,35.67172221759438]]]}},{"type":"Feature","properties":{"height":33.3,"gml_id":"bldg_2ad3fafa-79fd-40c4-a56e-82126e0537e6"},"geometry":{"type":"Polygon","coordinates":[[[139.7638372329998,35.66830772283714],[139.76358103017665,35.668107379632204],[139.7636682472732,35.66803306680086],[139.7639244500774,35.66823340982268],[139.7638372329998,35.66830772283714]]]}},{"type":"Feature","properties":{"height":33.2,"gml_id":"bldg_cdd91dce-a57b-43c9-bfcf-08bdd087cb97"},"geometry":{"type":"Polygon","coordinates":[[[139.7694071383194,35.67430034295284],[139.7693821352383,35.67434711091806],[139.76918230371524,35.67447860502706],[139.76911155099415,35.67440690818356],[139.76913752471674,35.674389795953594],[139.76910915745185,35.6743610270378],[139.76932600985026,35.6742182749381],[139.7694071383194,35.67430034295284]]]}},{"type":"Feature","properties":{"height":38.9,"gml_id":"bldg_4013e833-0bdd-4394-8931-5136384a27a9"},"geometry":{"type":"Polygon","coordinates":[[[139.77416349119662,35.6690051340412],[139.77432031306176,35.66889902919821],[139.7743806913711,35.66895836915089],[139.77425945556863,35.6690404248622],[139.77424322966505,35.66902437155118],[139.7742209054361,35.669039504570414],[139.77418514208986,35.66900433344195],[139.7740815886049,35.66907440939025],[139.77402904753953,35.669022644686336],[139.77411922861236,35.668961575942625],[139.77416349119662,35.6690051340412]]]}},{"type":"Feature","properties":{"height":43.2,"gml_id":"bldg_73fbe715-70c6-4f37-8188-2d904cbd8e3f"},"geometry":{"type":"Polygon","coordinates":[[[139.77284994371925,35.67054763265954],[139.77257766376945,35.67067891580673],[139.77244745392966,35.67049911620908],[139.77259298662483,35.67042888259263],[139.77261706546605,35.67041696956778],[139.77258993027368,35.67038056744251],[139.77257657816727,35.67036226282832],[139.7726796773022,35.670312649135916],[139.77284994371925,35.67054763265954]]]}},{"type":"Feature","properties":{"height":25.2,"gml_id":"bldg_3849939d-43a6-458c-8933-2e2a93633b00"},"geometry":{"type":"Polygon","coordinates":[[[139.76549071421212,35.667383135316406],[139.76541072031645,35.66731776766908],[139.76544434495185,35.66729037585601],[139.7654266396757,35.66727591685215],[139.765495602177,35.667219719015606],[139.7655932902274,35.667299635720674],[139.76549071421212,35.667383135316406]]]}},{"type":"Feature","properties":{"height":6.6,"gml_id":"bldg_106b2050-f04b-4ba0-bc19-d7548d886be8"},"geometry":{"type":"Polygon","coordinates":[[[139.76720401212552,35.67009055159119],[139.76723270568527,35.670122837411505],[139.76716263842297,35.670164262099675],[139.7671339448759,35.67013197716426],[139.76720401212552,35.67009055159119]]]}},{"type":"Feature","properties":{"height":7.5,"gml_id":"bldg_e2fbd672-4b6a-49ef-b45a-4215c0fa2e26"},"geometry":{"type":"Polygon","coordinates":[[[139.77127448564107,35.672593218368434],[139.77129467532168,35.672626219022455],[139.7711902523548,35.672668619841275],[139.7711701731722,35.672635619227044],[139.77127448564107,35.672593218368434]]]}},{"type":"Feature","properties":{"height":32.8,"gml_id":"bldg_fb9e0e3d-3f98-4c42-8995-226db15a4bef"},"geometry":{"type":"Polygon","coordinates":[[[139.76291077522222,35.66782823972997],[139.76278958221354,35.667737265262296],[139.7628794565074,35.667657546312626],[139.7630729626911,35.66780260025483],[139.762908427059,35.66794875200849],[139.76287177887977,35.667921102567135],[139.76287491853313,35.667918130772726],[139.76284456282477,35.667894722361986],[139.76284356809828,35.66789539780991],[139.7628174066432,35.66787564241054],[139.76288904005102,35.66781204736028],[139.76291077522222,35.66782823972997]]]}},{"type":"Feature","properties":{"height":20.8,"gml_id":"bldg_0c849ba6-d44d-4e7e-b7be-4a7821433cf4"},"geometry":{"type":"Polygon","coordinates":[[[139.7637457213871,35.6707846440024],[139.76377849929645,35.6708188249841],[139.76370975316755,35.670862591990364],[139.76367708565454,35.67082850119137],[139.7637457213871,35.6707846440024]]]}},{"type":"Feature","properties":{"height":29.7,"gml_id":"bldg_e5943aa2-6f11-4d3c-b511-7095fca9ed7c"},"geometry":{"type":"Polygon","coordinates":[[[139.77324799169213,35.66753237704003],[139.77305944375888,35.66737868872706],[139.77310829631512,35.66733887154876],[139.77319904871507,35.66741284757781],[139.77317775030534,35.66743024336817],[139.77320956350513,35.66745819282866],[139.77323006157886,35.66747698769013],[139.7732554585755,35.66745882866923],[139.77329684424794,35.66749256068763],[139.77324799169213,35.66753237704003]]]}},{"type":"Feature","properties":{"height":29.8,"gml_id":"bldg_3f65a9ea-9357-4611-baaa-3085ece8dd4a"},"geometry":{"type":"Polygon","coordinates":[[[139.77332362985413,35.669781071368355],[139.77336261958968,35.66984452855032],[139.77332683002257,35.66985917696666],[139.77333825995734,35.66987777799478],[139.77312543378133,35.669964942737366],[139.7730750142887,35.66988289344184],[139.77332362985413,35.669781071368355]]]}},{"type":"Feature","properties":{"height":7.9,"gml_id":"bldg_bb0a006c-4596-48ee-b49e-29f47eb7d629"},"geometry":{"type":"Polygon","coordinates":[[[139.77278248130645,35.66714311095065],[139.77287046599773,35.66721003709486],[139.77284692282828,35.66723066673063],[139.77275893820217,35.6671636504321],[139.77278248130645,35.66714311095065]]]}},{"type":"Feature","properties":{"height":14.2,"gml_id":"bldg_d0e9351c-8f56-4556-9e7b-15e6013d410d"},"geometry":{"type":"Polygon","coordinates":[[[139.76455047327966,35.672426235422684],[139.7645834758379,35.672457262400904],[139.76450046569246,35.672516164766236],[139.76446746314141,35.672485138666964],[139.76455047327966,35.672426235422684]]]}},{"type":"Feature","properties":{"height":21.9,"gml_id":"bldg_58f468e9-b470-4a57-9c72-18c1d01c7163"},"geometry":{"type":"Polygon","coordinates":[[[139.77295370985257,35.66887897216913],[139.7729271852053,35.66889770743521],[139.77291128975645,35.668883276582555],[139.77288885118602,35.668903276714715],[139.7728386455666,35.6688317725824],[139.772864399029,35.668810332827775],[139.77295370985257,35.66887897216913]]]}},{"type":"Feature","properties":{"height":8.1,"gml_id":"bldg_d0d4b1a9-e1dc-4606-84be-ee00a9d2d390"},"geometry":{"type":"Polygon","coordinates":[[[139.7722410727347,35.67379451258687],[139.77225974897124,35.67382848578752],[139.77224784831563,35.67383284239492],[139.77226035799333,35.673855581361984],[139.7720101676257,35.6739471688802],[139.77196099905544,35.67394647681307],[139.77192549394752,35.67394757641302],[139.77189013125812,35.67395022643632],[139.77187766581557,35.67392754243749],[139.7722410727347,35.67379451258687]]]}},{"type":"Feature","properties":{"height":28.9,"gml_id":"bldg_7a54b98b-267e-4ba9-9a8b-7c1fd80d1853"},"geometry":{"type":"Polygon","coordinates":[[[139.76303869797104,35.668584161276556],[139.7629077915103,35.66847114268517],[139.7629931278555,35.66840133611558],[139.76308022206382,35.66846826887552],[139.7632236990593,35.66835396819592],[139.76326641855502,35.66838653264569],[139.76303869797104,35.668584161276556]]]}},{"type":"Feature","properties":{"height":29.9,"gml_id":"bldg_74aaa679-09c2-45e0-8cdb-52ad0b8b954d"},"geometry":{"type":"Polygon","coordinates":[[[139.77286778095703,35.66740166780723],[139.7728189014457,35.667359900635184],[139.7729129789033,35.66728662112111],[139.77293153497624,35.66730252164969],[139.77295222488553,35.667286452419546],[139.77298239370148,35.66731230001386],[139.77286778095703,35.66740166780723]]]}},{"type":"Feature","properties":{"height":26.0,"gml_id":"bldg_30746932-74bf-4124-87ce-91ee45067cc8"},"geometry":{"type":"Polygon","coordinates":[[[139.77358579399956,35.66839552026498],[139.77352806948457,35.66833383765532],[139.77359713886705,35.668290876418],[139.77368620910863,35.66838601458516],[139.77376898182396,35.66833449788881],[139.77380562549084,35.66837354458487],[139.77363068632502,35.66848261521993],[139.7735626971411,35.66840993078018],[139.77358579399956,35.66839552026498]]]}},{"type":"Feature","properties":{"height":12.5,"gml_id":"bldg_3ab08f3b-ad47-4ba3-ac57-56b95100c5cd"},"geometry":{"type":"Polygon","coordinates":[[[139.76701313680618,35.671154789020626],[139.76696174271203,35.67118919315706],[139.7669265337657,35.67115419956528],[139.76697792785177,35.67111979634505],[139.76701313680618,35.671154789020626]]]}},{"type":"Feature","properties":{"height":13.7,"gml_id":"bldg_12d521e4-2816-4eda-9be2-b80122ff58ed"},"geometry":{"type":"Polygon","coordinates":[[[139.76886290326073,35.66944156190702],[139.76891544929984,35.66948332361783],[139.76886648195313,35.669524309901824],[139.7688139359127,35.66948254816993],[139.76886290326073,35.66944156190702]]]}},{"type":"Feature","properties":{"height":16.3,"gml_id":"bldg_8edf1620-8e33-4f5f-8da7-67c1a978f73e"},"geometry":{"type":"Polygon","coordinates":[[[139.76453717902967,35.67208478864957],[139.76456168430082,35.67210571540279],[139.76445855144135,35.67218605802376],[139.7644340462493,35.67216504201395],[139.76453717902967,35.67208478864957]]]}},{"type":"Feature","properties":{"height":28.9,"gml_id":"bldg_970b800d-9ca7-464f-905f-2cedcfbba845"},"geometry":{"type":"Polygon","coordinates":[[[139.7654321820287,35.6678921350748],[139.76539836914966,35.667919770146256],[139.7653508824127,35.66788105639056],[139.76535159261522,35.667851149214485],[139.76536661443302,35.66783885394408],[139.7654321820287,35.6678921350748]]]}},{"type":"Feature","properties":{"height":32.6,"gml_id":"bldg_3c22666b-746d-4ae9-b0ac-ca5d141b75c3"},"geometry":{"type":"Polygon","coordinates":[[[139.77339742452463,35.67154599695639],[139.77341681166004,35.67158945278933],[139.77337542254514,35.67160174494384],[139.77338465301017,35.671622336901635],[139.7733140615842,35.67164339386669],[139.77328538879303,35.67157938208028],[139.77339742452463,35.67154599695639]]]}},{"type":"Feature","properties":{"height":8.6,"gml_id":"bldg_e5db8678-0640-4446-a4c4-a3eaac449728"},"geometry":{"type":"Polygon","coordinates":[[[139.76727595801847,35.671791031584824],[139.76736291705237,35.67189681121851],[139.76725270086567,35.671957151790046],[139.76716573085736,35.67185138198694],[139.76727595801847,35.671791031584824]]]}},{"type":"Feature","properties":{"height":7.7,"gml_id":"bldg_2d040bf6-6e1c-42c0-895f-d52d2edb378b"},"geometry":{"type":"Polygon","coordinates":[[[139.77404095220479,35.67144654256603],[139.7740746953835,35.67152614141105],[139.77399724332935,35.671548637597546],[139.77396283743366,35.67146903840439],[139.77404095220479,35.67144654256603]]]}},{"type":"Feature","properties":{"height":36.1,"gml_id":"bldg_76640b3f-ffe2-4172-a268-691551a54061"},"geometry":{"type":"Polygon","coordinates":[[[139.7746649255249,35.66894768157285],[139.77465873670914,35.668951807749494],[139.7746818613422,35.66897487614976],[139.77460170502988,35.6690283606399],[139.77458873537833,35.66901541058975],[139.77458345277438,35.66901893238294],[139.77453319678025,35.668968772556724],[139.77453863410003,35.66896515259154],[139.7745254436997,35.66895199511079],[139.7747074059563,35.66883056066018],[139.7747245038142,35.66884762297061],[139.77473194143383,35.66884266002224],[139.77477687716018,35.66888749817434],[139.77476793654515,35.668893460919044],[139.77478786015965,35.668913345893756],[139.77469356915566,35.66897626996701],[139.7746649255249,35.66894768157285]]]}},{"type":"Feature","properties":{"height":18.5,"gml_id":"bldg_6650d065-4cbe-4afd-a139-5d76aa5c1d38"},"geometry":{"type":"Polygon","coordinates":[[[139.76339616790492,35.671852748882486],[139.76336139995902,35.67182018911747],[139.76346519073311,35.67174615742468],[139.76350006915442,35.67177871632283],[139.76339616790492,35.671852748882486]]]}},{"type":"Feature","properties":{"height":17.1,"gml_id":"bldg_6c7640bb-dd3e-4f49-880d-e74ab52533d0"},"geometry":{"type":"Polygon","coordinates":[[[139.766032418754,35.667613983640095],[139.76594095140138,35.66768857523763],[139.76590701963295,35.66766086604378],[139.7659984869862,35.667586273570286],[139.766032418754,35.667613983640095]]]}},{"type":"Feature","properties":{"height":5.7,"gml_id":"bldg_1024371b-8e11-435a-b397-e42c70caee25"},"geometry":{"type":"Polygon","coordinates":[[[139.77156284199714,35.66838206057678],[139.77148468893412,35.668313966754575],[139.77152558314398,35.66828271008795],[139.77160373621135,35.66835080388398],[139.77156284199714,35.66838206057678]]]}},{"type":"Feature","properties":{"height":36.3,"gml_id":"bldg_acbd72a3-c438-4296-9d52-e3e448080bef"},"geometry":{"type":"Polygon","coordinates":[[[139.76635442468253,35.66681160704708],[139.76630416065044,35.666818519657],[139.76621430666276,35.66674852300083],[139.7663506977462,35.66663188005063],[139.76646263991856,35.666719096100444],[139.76635442468253,35.66681160704708]]]}},{"type":"Feature","properties":{"height":15.2,"gml_id":"bldg_bb24e186-630d-45d9-a3ae-ad85e50ee7ba"},"geometry":{"type":"Polygon","coordinates":[[[139.76997140890853,35.6705265925668],[139.7700511044332,35.67046092436575],[139.77008654041455,35.67048951741755],[139.77000695535392,35.67055518479846],[139.76997140890853,35.6705265925668]]]}},{"type":"Feature","properties":{"height":40.8,"gml_id":"bldg_76e49258-ea05-4412-a089-4901091eecae"},"geometry":{"type":"Polygon","coordinates":[[[139.76990270510643,35.67345349492203],[139.76998359643378,35.67355584332189],[139.7699309922098,35.673583577916396],[139.7699043035352,35.67359733683662],[139.76994036808708,35.67364296529268],[139.76986109700206,35.67368467511925],[139.7697309869121,35.67351992565308],[139.76990270510643,35.67345349492203]]]}},{"type":"Feature","properties":{"height":7.6,"gml_id":"bldg_8b4335da-434a-4799-81e3-bcdfec74afc8"},"geometry":{"type":"Polygon","coordinates":[[[139.7707955491874,35.667369295717684],[139.7707667268976,35.667345691794914],[139.77095559775503,35.66719210555584],[139.77098442004538,35.667215709434004],[139.7707955491874,35.667369295717684]]]}},{"type":"Feature","properties":{"height":7.4,"gml_id":"bldg_3090e385-b83a-49e2-80e0-503e8cd1060f"},"geometry":{"type":"Polygon","coordinates":[[[139.7725047432575,35.66937360024897],[139.77259193945847,35.66933236136148],[139.77262835287104,35.66938357773597],[139.77254105721792,35.66942481659925],[139.7725047432575,35.66937360024897]]]}},{"type":"Feature","properties":{"height":16.0,"gml_id":"bldg_a4e177fd-33a3-4a98-b129-891281f4ba46"},"geometry":{"type":"Polygon","coordinates":[[[139.77426569779917,35.6725623635827],[139.77425843405732,35.67254072706777],[139.77427612250824,35.6725367787173],[139.77426483643708,35.67250202525288],[139.77432043220736,35.67248910879705],[139.7743392798205,35.67254617494254],[139.77426569779917,35.6725623635827]]]}},{"type":"Feature","properties":{"height":21.7,"gml_id":"bldg_10ff6281-855f-4761-8649-84eefbf9455c"},"geometry":{"type":"Polygon","coordinates":[[[139.76549067447812,35.669910586625015],[139.76554196912315,35.66986293286508],[139.76561658512972,35.66991644431552],[139.76556526841756,35.669964080066926],[139.76549067447812,35.669910586625015]]]}},{"type":"Feature","properties":{"height":21.4,"gml_id":"bldg_32a70f6b-311e-46e6-a807-5c1e28ae8cea"},"geometry":{"type":"Polygon","coordinates":[[[139.76790251344798,35.671113722281625],[139.7678274773783,35.67115198984343],[139.76777693898455,35.67108598182422],[139.76785197501647,35.67104771429346],[139.76790251344798,35.671113722281625]]]}},{"type":"Feature","properties":{"height":5.5,"gml_id":"bldg_f39cd99a-e3e4-43cc-8b3c-094eb136eb6e"},"geometry":{"type":"Polygon","coordinates":[[[139.76794125123902,35.67233484243147],[139.7679446756842,35.67233481724998],[139.76794878422743,35.67233575690892],[139.76795205263198,35.67233743523742],[139.76795913717405,35.67234642577256],[139.7679651932656,35.67234324721383],[139.7679791637456,35.67236094874873],[139.76793114597726,35.6723861701338],[139.7678852398822,35.67232797959286],[139.76788575007532,35.67232546503958],[139.76788631470635,35.67232392399868],[139.76788812829363,35.67232152733229],[139.76789043837104,35.67231987006156],[139.76789246090766,35.67231861825235],[139.76789470377875,35.67231809667498],[139.76789840418033,35.67231832402917],[139.7679020478486,35.672320390153324],[139.7679126681113,35.672314816425214],[139.76792118721625,35.67232562040308],[139.76793014978713,35.67232091920329],[139.76793988276376,35.67233325527186],[139.76794125123902,35.67233484243147]]]}},{"type":"Feature","properties":{"height":32.1,"gml_id":"bldg_04049380-ac20-42d0-9d85-0df1c0a1a8e0"},"geometry":{"type":"Polygon","coordinates":[[[139.7683809561368,35.67040144578688],[139.7684479577701,35.6704622335663],[139.76834737681946,35.670536092833636],[139.7682802647389,35.670475304037986],[139.7683809561368,35.67040144578688]]]}},{"type":"Feature","properties":{"height":39.4,"gml_id":"bldg_64900faf-7831-4495-a2c7-ee88ef7a1012"},"geometry":{"type":"Polygon","coordinates":[[[139.77009300374715,35.67492715912349],[139.77005162141222,35.67494202805677],[139.7700414510571,35.67492318402387],[139.7704304665131,35.67478329655032],[139.77047392818181,35.674863632449075],[139.77012618430368,35.67498865015696],[139.77009300374715,35.67492715912349]]]}},{"type":"Feature","properties":{"height":12.4,"gml_id":"bldg_2e6d755f-9740-4dd5-9056-84b308b04c3a"},"geometry":{"type":"Polygon","coordinates":[[[139.7692032264084,35.67055665231093],[139.76930214742458,35.67048558660435],[139.76933779961496,35.67051976760402],[139.76924186036487,35.67059173629986],[139.7692032264084,35.67055665231093]]]}},{"type":"Feature","properties":{"height":14.2,"gml_id":"bldg_d0f43acf-933f-4b85-a520-3aa2fd5df220"},"geometry":{"type":"Polygon","coordinates":[[[139.77091020412453,35.67113046213743],[139.77085417027533,35.67116738937569],[139.77083386098164,35.6711468284291],[139.7708380700528,35.671132137329664],[139.77092748092892,35.67107332403332],[139.7710002743246,35.671147067022375],[139.77097300933843,35.67116454855838],[139.77098239136785,35.67117404487634],[139.77096473023525,35.67118565442996],[139.77091020412453,35.67113046213743]]]}},{"type":"Feature","properties":{"height":22.6,"gml_id":"bldg_c7ea570c-3010-4d8e-a37b-0a32116c68cc"},"geometry":{"type":"Polygon","coordinates":[[[139.77353716943293,35.667729137633245],[139.77352040264728,35.667742758076365],[139.77349892048554,35.66772512554819],[139.77360148840782,35.667641890441004],[139.77364840482093,35.66768031132289],[139.77356250424987,35.66774995391613],[139.77353716943293,35.667729137633245]]]}},{"type":"Feature","properties":{"height":11.8,"gml_id":"bldg_5d45cb54-acef-48c5-96e0-bf6bef6f631c"},"geometry":{"type":"Polygon","coordinates":[[[139.76523128807597,35.66733503579638],[139.76531054552672,35.667265764955694],[139.76537004403167,35.667311227786435],[139.76528868619354,35.66738248140243],[139.76523128807597,35.66733503579638]]]}},{"type":"Feature","properties":{"height":47.4,"gml_id":"bldg_5a776590-55f4-4395-a3e4-7bb481347e14"},"geometry":{"type":"Polygon","coordinates":[[[139.77009410258614,35.67248390765371],[139.77006206391337,35.67250255825685],[139.7700746010161,35.67251749158022],[139.77002801921628,35.672543534804916],[139.7699707966547,35.67247539696587],[139.76997676374444,35.67244496975436],[139.77003436377004,35.67241276695062],[139.77009410258614,35.67248390765371]]]}},{"type":"Feature","properties":{"height":8.9,"gml_id":"bldg_f47d0b93-e38c-4a1b-9fb1-2da46bc02ebb"},"geometry":{"type":"Polygon","coordinates":[[[139.7734484951254,35.673420157072314],[139.7734831831041,35.67341828143626],[139.7734888769788,35.67348579709185],[139.77345418890368,35.67348776286674],[139.7734484951254,35.673420157072314]]]}},{"type":"Feature","properties":{"height":15.8,"gml_id":"bldg_5712e2d8-756e-4062-b6cc-61fddcb453dd"},"geometry":{"type":"Polygon","coordinates":[[[139.76918384586898,35.67144692827903],[139.7692346864962,35.671412973587174],[139.7692764086865,35.67145454909058],[139.76922556805053,35.671488503799814],[139.76918384586898,35.67144692827903]]]}},{"type":"Feature","properties":{"height":35.5,"gml_id":"bldg_af5d45b2-3129-4a95-9792-b5f455c99628"},"geometry":{"type":"Polygon","coordinates":[[[139.7665682565505,35.674920478982635],[139.7665104521286,35.67495551030963],[139.76643153925295,35.67486875444692],[139.7664893436466,35.67483372315725],[139.7665682565505,35.674920478982635]]]}},{"type":"Feature","properties":{"height":19.4,"gml_id":"bldg_e7c70e58-a70c-4005-824c-03a35b737e1c"},"geometry":{"type":"Polygon","coordinates":[[[139.77139467990827,35.67212581019581],[139.77132341189983,35.67216345090717],[139.77130763081152,35.672143522435334],[139.7713789098561,35.67210588173886],[139.77139467990827,35.67212581019581]]]}},{"type":"Feature","properties":{"height":46.7,"gml_id":"bldg_3de21faa-2393-42f1-8cc3-d54d977390d2"},"geometry":{"type":"Polygon","coordinates":[[[139.77379585233817,35.66948583557527],[139.77368861814313,35.669305328444125],[139.7737873997544,35.6692658061364],[139.7738468257001,35.66931332887608],[139.77381913576906,35.66932460038941],[139.77383717367755,35.669354912577404],[139.77387141567354,35.669341337680976],[139.77387859758662,35.669338727244224],[139.77397418933984,35.66941516580471],[139.77379585233817,35.66948583557527]]]}},{"type":"Feature","properties":{"height":12.3,"gml_id":"bldg_f955adfe-ff6b-4055-9fc2-f67e32cdb190"},"geometry":{"type":"Polygon","coordinates":[[[139.77026340508382,35.67229749336885],[139.77016614413427,35.67236288206411],[139.77013954274187,35.67233654801495],[139.77021668837418,35.6722846693935],[139.7702538021276,35.6722879337848],[139.77026340508382,35.67229749336885]]]}},{"type":"Feature","properties":{"height":54.7,"gml_id":"bldg_480545a6-0557-4d20-b73b-8d59b05af85b"},"geometry":{"type":"Polygon","coordinates":[[[139.76596455795988,35.67004010961793],[139.76593299836887,35.67013275313213],[139.76554705074932,35.669862485039204],[139.765627531598,35.66978600372215],[139.76596455795988,35.67004010961793]]]}},{"type":"Feature","properties":{"height":13.9,"gml_id":"bldg_45c51b53-dd27-4e38-abfe-6923704a7e95"},"geometry":{"type":"Polygon","coordinates":[[[139.77467959673052,35.67492421672997],[139.77465825708023,35.67489001726922],[139.77480265050195,35.67483003810165],[139.77482399019726,35.6748642384386],[139.77467959673052,35.67492421672997]]]}},{"type":"Feature","properties":{"height":6.6,"gml_id":"bldg_b583688e-f2ff-4446-8e7d-c07517bd6c7e"},"geometry":{"type":"Polygon","coordinates":[[[139.77460564734983,35.67144284424991],[139.77458028500723,35.6713822596018],[139.7746460224142,35.6713667880411],[139.7746677385654,35.671428632821566],[139.77460564734983,35.67144284424991]]]}},{"type":"Feature","properties":{"height":36.1,"gml_id":"bldg_08f23531-b561-4ced-a0c0-836e7032a25e"},"geometry":{"type":"Polygon","coordinates":[[[139.7748890859714,35.67100500492832],[139.774812124993,35.67080973010854],[139.77492117302992,35.67078111938796],[139.77493032459589,35.67080428911941],[139.77509439382845,35.670761102669296],[139.77516253505445,35.670933388032914],[139.7748890859714,35.67100500492832]]]}},{"type":"Feature","properties":{"height":21.3,"gml_id":"bldg_50c920f1-73f9-4e70-a55d-611fa1b12017"},"geometry":{"type":"Polygon","coordinates":[[[139.76584737819485,35.67277156504829],[139.76567826738142,35.67288765711335],[139.7656175607869,35.67282876333939],[139.7657866715637,35.67271267135841],[139.76584737819485,35.67277156504829]]]}},{"type":"Feature","properties":{"height":18.5,"gml_id":"bldg_97dbc3fe-0597-4a54-a43a-f3cd91a82418"},"geometry":{"type":"Polygon","coordinates":[[[139.7670050963139,35.672168036087335],[139.76691634772538,35.672222511219616],[139.76688278568648,35.67218581583567],[139.7669716665241,35.67213169233612],[139.7670050963139,35.672168036087335]]]}},{"type":"Feature","properties":{"height":27.8,"gml_id":"bldg_a446160d-44ff-4531-a11f-3b9d6e10212a"},"geometry":{"type":"Polygon","coordinates":[[[139.7643786311434,35.67041220915614],[139.7643406188552,35.67037612343887],[139.76448751211223,35.67027311655357],[139.76452551336308,35.67030921213389],[139.7643786311434,35.67041220915614]]]}},{"type":"Feature","properties":{"height":6.7,"gml_id":"bldg_ea1468c4-f05c-44db-8526-6f6ff0a0f99f"},"geometry":{"type":"Polygon","coordinates":[[[139.77272431328612,35.67146958413632],[139.77280044045958,35.67144654727853],[139.77281632102026,35.67148134826381],[139.77274019375017,35.67150447526876],[139.77272431328612,35.67146958413632]]]}},{"type":"Feature","properties":{"height":32.5,"gml_id":"bldg_4cb1f4c3-f309-49a5-8991-a2dac651a19e"},"geometry":{"type":"Polygon","coordinates":[[[139.7713094664436,35.66844268291414],[139.77129064537425,35.66842671890597],[139.7712618420072,35.668449337552524],[139.77119169077253,35.66838989183817],[139.77125181763094,35.66834251060135],[139.77134090033647,35.66841800056356],[139.7713094664436,35.66844268291414]]]}},{"type":"Feature","properties":{"height":34.2,"gml_id":"bldg_c127d6c7-7996-4649-94c8-05b8fde81ed9"},"geometry":{"type":"Polygon","coordinates":[[[139.7737158568746,35.669514639945746],[139.77350172008275,35.66959845160132],[139.77343679600668,35.66948795601118],[139.7735875866469,35.66942893688045],[139.77360865805412,35.669464785941486],[139.77367200399266,35.669440003434524],[139.7737158568746,35.669514639945746]]]}},{"type":"Feature","properties":{"height":21.7,"gml_id":"bldg_78f7398a-8ef8-4f39-96c7-143fd4ba3bf2"},"geometry":{"type":"Polygon","coordinates":[[[139.76474200526306,35.67296031888889],[139.76477357305782,35.67299017230901],[139.76464679153455,35.67307978665295],[139.76461422986472,35.67304957208369],[139.76474200526306,35.67296031888889]]]}},{"type":"Feature","properties":{"height":34.5,"gml_id":"bldg_ee32f83f-8c54-4f7f-8b43-a79aba5b6426"},"geometry":{"type":"Polygon","coordinates":[[[139.77110965068456,35.667253118124584],[139.77107126905764,35.66722127077808],[139.77103926038507,35.66724696140327],[139.77096552201073,35.66718553968157],[139.7709678431046,35.667183647998804],[139.77107505394622,35.66709816310571],[139.77118687572244,35.6671914229157],[139.77110965068456,35.667253118124584]]]}},{"type":"Feature","properties":{"height":35.2,"gml_id":"bldg_02b1db2c-dc0e-4ad6-a68c-564677d85dbb"},"geometry":{"type":"Polygon","coordinates":[[[139.7706988564999,35.672725061589],[139.7705880492617,35.67279428342172],[139.7705648266222,35.67276951060403],[139.77054358398496,35.67278366911093],[139.77049779856054,35.6727379366056],[139.77062622682487,35.67265237312811],[139.7706988564999,35.672725061589]]]}},{"type":"Feature","properties":{"height":61.2,"gml_id":"bldg_7313aa1c-4a11-46df-8a3b-928de21413d8"},"geometry":{"type":"Polygon","coordinates":[[[139.7660214526084,35.669966409098784],[139.7658159041427,35.66980981561086],[139.7659052229048,35.66973180672786],[139.76587384980994,35.66970788473448],[139.76589508510065,35.66968933735179],[139.76587446408217,35.66967362387723],[139.76596907773146,35.66959086767351],[139.76624880883222,35.66980410940429],[139.76606110755702,35.669967512907526],[139.7660214526084,35.669966409098784]]]}},{"type":"Feature","properties":{"height":36.9,"gml_id":"bldg_83960753-508e-4448-b413-d6c3c6593652"},"geometry":{"type":"Polygon","coordinates":[[[139.77191531763253,35.668528623941484],[139.77180412789133,35.66861582013858],[139.77179286835866,35.668606169687685],[139.77156551431165,35.668784615378414],[139.77139099085971,35.6686364300569],[139.77166233316066,35.66842519722958],[139.7717051632606,35.668462085336785],[139.77197750014335,35.66824841859273],[139.77214981615327,35.668394618930414],[139.77194600564562,35.668554599148685],[139.77191531763253,35.668528623941484]]]}},{"type":"Feature","properties":{"height":20.4,"gml_id":"bldg_dee3408b-2d22-4ceb-b1bc-8771753b0bbc"},"geometry":{"type":"Polygon","coordinates":[[[139.76450994405783,35.66777999441082],[139.7645433897756,35.66780723500562],[139.76445717127385,35.667877583001456],[139.76442372563358,35.6678502522457],[139.76450994405783,35.66777999441082]]]}},{"type":"Feature","properties":{"height":27.2,"gml_id":"bldg_40b81ef3-1914-4f9a-a2c0-4d0d234cc7ea"},"geometry":{"type":"Polygon","coordinates":[[[139.76799953554655,35.673009155099926],[139.76787449696957,35.67284905744751],[139.767861754818,35.67285569363801],[139.76779299540812,35.672767655194704],[139.76798283421766,35.67266893184964],[139.7681766215,35.672917058637594],[139.76799953554655,35.673009155099926]]]}},{"type":"Feature","properties":{"height":35.0,"gml_id":"bldg_bb9e120e-833b-4860-a6de-348539a7cb93"},"geometry":{"type":"Polygon","coordinates":[[[139.77145653198775,35.67392565831579],[139.77143517495966,35.67393039757312],[139.77146594035997,35.67400171196923],[139.7714042823982,35.674023763904906],[139.7712296822865,35.67396021733568],[139.771215277482,35.6739314921693],[139.77143640144172,35.673887096256315],[139.77145653198775,35.67392565831579]]]}},{"type":"Feature","properties":{"height":30.0,"gml_id":"bldg_3e2bab4c-1ae1-4ec6-961d-33798590880e"},"geometry":{"type":"Polygon","coordinates":[[[139.76715255824763,35.66872620543225],[139.76706082817907,35.6686506198815],[139.76705718537787,35.66864773257993],[139.7670544258098,35.66864538839126],[139.76705718895332,35.66864340689037],[139.7670608363741,35.66864070477727],[139.7671930307557,35.668538922250676],[139.76728762803324,35.668620278065355],[139.76715255824763,35.66872620543225]]]}},{"type":"Feature","properties":{"height":44.1,"gml_id":"bldg_f7b75654-9df1-4d26-9ed0-f52b53e8c312"},"geometry":{"type":"Polygon","coordinates":[[[139.76434770284948,35.67211822033306],[139.7642592898476,35.672037586901695],[139.76431799465303,35.67199472422246],[139.76440641871332,35.67207535761762],[139.76434770284948,35.67211822033306]]]}},{"type":"Feature","properties":{"height":27.3,"gml_id":"bldg_88c5f552-68d5-4460-8049-0a74384e8ca2"},"geometry":{"type":"Polygon","coordinates":[[[139.77331761635446,35.67247267686821],[139.77329062387668,35.672480361136685],[139.77328042361805,35.67245659585802],[139.77342328587937,35.672415924964646],[139.77344611221926,35.67246947787524],[139.7733303197411,35.672502391551355],[139.77331761635446,35.67247267686821]]]}},{"type":"Feature","properties":{"height":7.8,"gml_id":"bldg_bdb766a7-dc88-40af-b356-c45f235d1365"},"geometry":{"type":"Polygon","coordinates":[[[139.7719884877586,35.67020161034925],[139.77195666080695,35.67021962159706],[139.77189794953398,35.67014820288976],[139.77192822965398,35.67013064155511],[139.7719884877586,35.67020161034925]]]}},{"type":"Feature","properties":{"height":6.1,"gml_id":"bldg_35460ebb-4a35-4f95-94e4-824be7060407"},"geometry":{"type":"Polygon","coordinates":[[[139.77240384265528,35.66938058896239],[139.772398249835,35.66937063496949],[139.7723829529415,35.66938255239828],[139.77235403102628,35.66935765984833],[139.77241471002537,35.66931054873013],[139.7724435215498,35.66933535107255],[139.77243288888963,35.66934363833121],[139.7724450011714,35.66936517826811],[139.77240384265528,35.66938058896239]]]}},{"type":"Feature","properties":{"height":11.3,"gml_id":"bldg_7397b026-e345-4914-95ee-d8cfb90f0664"},"geometry":{"type":"Polygon","coordinates":[[[139.76349270402932,35.671255519066115],[139.76343475817458,35.671200862232105],[139.7634788493132,35.67116970030874],[139.76348857322964,35.671178809817995],[139.76355262645964,35.6711334177494],[139.7636010251566,35.67117896513028],[139.76349270402932,35.671255519066115]]]}},{"type":"Feature","properties":{"height":28.8,"gml_id":"bldg_9e007eea-c683-45e5-83f2-fbb3a5e1201f"},"geometry":{"type":"Polygon","coordinates":[[[139.7671263629298,35.67128753255406],[139.7672745793329,35.67145328723769],[139.76721655723927,35.671487777982094],[139.76706834089183,35.67132202412943],[139.7671263629298,35.67128753255406]]]}},{"type":"Feature","properties":{"height":14.7,"gml_id":"bldg_25e14f3f-c856-4aa1-96b9-e5658b50f9f8"},"geometry":{"type":"Polygon","coordinates":[[[139.76501245799446,35.669552921710036],[139.7649585886397,35.66951088713414],[139.76499263555536,35.66948179210187],[139.7650481601404,35.66952581062284],[139.76501245799446,35.669552921710036]]]}},{"type":"Feature","properties":{"height":20.5,"gml_id":"bldg_ede774c6-35b8-4fbc-a1b0-dea33388519a"},"geometry":{"type":"Polygon","coordinates":[[[139.7744178096104,35.67075761872465],[139.7744071462914,35.67073249223438],[139.7744523461258,35.67071972385883],[139.774486453414,35.67080003486104],[139.7743530639539,35.67083706110709],[139.77433006163227,35.670782282399976],[139.7744178096104,35.67075761872465]]]}},{"type":"Feature","properties":{"height":6.3,"gml_id":"bldg_00865d75-661f-4c58-ba6e-7e33c24ce35e"},"geometry":{"type":"Polygon","coordinates":[[[139.7724818183559,35.67226088541598],[139.77243505942437,35.67227412097346],[139.77243019657828,35.67226270713166],[139.77241923607727,35.67226580231053],[139.7723993437082,35.67221901999995],[139.77247422202788,35.67219783143573],[139.77248410206323,35.67222107292404],[139.77246695418205,35.67222593167148],[139.7724818183559,35.67226088541598]]]}},{"type":"Feature","properties":{"height":22.7,"gml_id":"bldg_124ee8a7-ca09-4d79-9035-cd60f1c65cac"},"geometry":{"type":"Polygon","coordinates":[[[139.76937014015846,35.66944345488749],[139.76937267868274,35.669446070218825],[139.76936954492356,35.66949726656402],[139.76936843966283,35.66949807721297],[139.7692913893281,35.6694333176477],[139.7693153966934,35.6694143204481],[139.7693401454425,35.66943520941151],[139.76935055746839,35.66942697639141],[139.76937014015846,35.66944345488749]]]}},{"type":"Feature","properties":{"height":23.1,"gml_id":"bldg_d0bf9296-cbcd-4993-b737-fcb308730431"},"geometry":{"type":"Polygon","coordinates":[[[139.7674941782059,35.67172688410457],[139.76732027018383,35.67150342863969],[139.76741597308992,35.671453635136274],[139.76759076520702,35.67167682143703],[139.7674941782059,35.67172688410457]]]}},{"type":"Feature","properties":{"height":26.2,"gml_id":"bldg_a0c131ea-de24-43d2-ac5e-002de41bfd3e"},"geometry":{"type":"Polygon","coordinates":[[[139.77267097375577,35.66896824631785],[139.77272369373014,35.66892825188159],[139.77279875717892,35.66899418004393],[139.77274614765923,35.66903417456818],[139.77267097375577,35.66896824631785]]]}},{"type":"Feature","properties":{"height":15.0,"gml_id":"bldg_2cda14e0-e5b4-4aa5-b9f2-7a48cb7d9358"},"geometry":{"type":"Polygon","coordinates":[[[139.76971545892886,35.67039698435677],[139.76964281665565,35.67045517466905],[139.76962122440275,35.67043723493196],[139.76969387772874,35.67037903562464],[139.76971545892886,35.67039698435677]]]}},{"type":"Feature","properties":{"height":13.7,"gml_id":"bldg_a34d7e5f-06e3-4fe4-b48f-ae5fc77769de"},"geometry":{"type":"Polygon","coordinates":[[[139.7703102450271,35.67243461672484],[139.77034953459656,35.67248060730415],[139.77030289719204,35.672507264441286],[139.77026349717156,35.67246127288775],[139.7703102450271,35.67243461672484]]]}},{"type":"Feature","properties":{"height":27.0,"gml_id":"bldg_7122232b-5698-4f4c-827d-36160fe367f0"},"geometry":{"type":"Polygon","coordinates":[[[139.76327745342292,35.66757746612326],[139.76324421392667,35.667605551611366],[139.7632254709422,35.6675907762],[139.76317152718113,35.6676363542883],[139.76313024408668,35.6676037906385],[139.76321746050016,35.667530109088524],[139.76327745342292,35.66757746612326]]]}},{"type":"Feature","properties":{"height":12.2,"gml_id":"bldg_1873c07c-950d-447c-b4c6-d341c67dedb7"},"geometry":{"type":"Polygon","coordinates":[[[139.77446477801846,35.67148046187321],[139.77442500472407,35.671488906315496],[139.77440626902012,35.67143012761925],[139.7744459318233,35.671421683129026],[139.77446477801846,35.67148046187321]]]}},{"type":"Feature","properties":{"height":33.3,"gml_id":"bldg_d0456178-27d7-4ea5-a6c3-ce421c3ce736"},"geometry":{"type":"Polygon","coordinates":[[[139.77134332243844,35.6684283694094],[139.7713882284697,35.66846599692287],[139.7713765346204,35.66847529308196],[139.77140546746116,35.6684995368867],[139.77137395597018,35.668524560834435],[139.77130010612422,35.668462598448485],[139.77134332243844,35.6684283694094]]]}},{"type":"Feature","properties":{"height":7.0,"gml_id":"bldg_2f9b7be2-af82-4fac-815b-f031d8402e7b"},"geometry":{"type":"Polygon","coordinates":[[[139.7722510550082,35.670972463034936],[139.77223994484763,35.67095473640131],[139.77227674086026,35.67093937763789],[139.77228785103367,35.670957095254444],[139.7722510550082,35.670972463034936]]]}},{"type":"Feature","properties":{"height":12.4,"gml_id":"bldg_5136a976-bc79-478d-a7fd-02ee4e69777f"},"geometry":{"type":"Polygon","coordinates":[[[139.76321649604245,35.67027515126484],[139.76307923078906,35.670368633799946],[139.76304312884378,35.6703339909849],[139.7631793016775,35.670239164807796],[139.76321649604245,35.67027515126484]]]}},{"type":"Feature","properties":{"height":35.2,"gml_id":"bldg_c585caab-c313-4fb3-ba23-6eeb3e9d3281"},"geometry":{"type":"Polygon","coordinates":[[[139.7741890624573,35.67240488314498],[139.7741571711798,35.67232993633831],[139.77418181012203,35.67232291773518],[139.77415341484726,35.67225580557541],[139.77418430729855,35.67224715855987],[139.77419270997552,35.67226718218198],[139.77421459760802,35.672261117676136],[139.77423271387914,35.67230610508298],[139.77425947415819,35.672298519640144],[139.77429236915367,35.67237563922125],[139.7741890624573,35.67240488314498]]]}},{"type":"Feature","properties":{"height":31.1,"gml_id":"bldg_1436a6de-18bf-4de0-b50f-fcbd3129e48f"},"geometry":{"type":"Polygon","coordinates":[[[139.77436724698802,35.670567314079406],[139.7744150388124,35.670679973076936],[139.77438938373842,35.670687532056476],[139.77439801800443,35.67070792534581],[139.7743114522219,35.670732328188194],[139.77426216089935,35.67061602686697],[139.77436724698802,35.670567314079406]]]}},{"type":"Feature","properties":{"height":61.0,"gml_id":"bldg_f9c82839-8e97-4988-9bb9-3c572eb3de74"},"geometry":{"type":"Polygon","coordinates":[[[139.76291335578276,35.66873858255649],[139.76288632649883,35.66871302272332],[139.76288332010276,35.6687151572196],[139.76293305220992,35.66876221096012],[139.76276394342867,35.66888082285885],[139.76271466386203,35.66883419296036],[139.76262134755262,35.668745712558845],[139.7627745404004,35.66863799905333],[139.76278535645486,35.668648281048476],[139.76289422679264,35.668571998447504],[139.76303506375507,35.6686976420785],[139.76299844566438,35.66872339997716],[139.7629713170162,35.66869775807995],[139.76291335578276,35.66873858255649]]]}},{"type":"Feature","properties":{"height":26.6,"gml_id":"bldg_d4769989-3066-406a-9132-d194483596ff"},"geometry":{"type":"Polygon","coordinates":[[[139.77043842357594,35.66787923314706],[139.77034613610485,35.6678074355655],[139.77039366525517,35.667766988739686],[139.77041022398654,35.66777988703702],[139.77043498341646,35.66775871769104],[139.77052660215494,35.6678381774338],[139.77047498307462,35.667882407044715],[139.77043842357594,35.66787923314706]]]}},{"type":"Feature","properties":{"height":22.6,"gml_id":"bldg_85f328ac-deae-44f5-a93d-20adb81df19b"},"geometry":{"type":"Polygon","coordinates":[[[139.76848511840979,35.66927281123026],[139.7685026595117,35.66928662070289],[139.76848448726855,35.669301997362176],[139.7684785740061,35.66930643794849],[139.76849443716887,35.66931893141466],[139.7684496918706,35.66935677310896],[139.76841662981454,35.66933074165235],[139.76848511840979,35.66927281123026]]]}},{"type":"Feature","properties":{"height":31.8,"gml_id":"bldg_0db99f42-0b87-4ee6-9ba3-cbd2bf48b115"},"geometry":{"type":"Polygon","coordinates":[[[139.76325886879923,35.670680334181945],[139.76332500279534,35.670743838336946],[139.7632759385109,35.67077783663846],[139.76312103282072,35.67063012041328],[139.7631744632191,35.67059286084566],[139.76318108546943,35.670599174316386],[139.76318402556382,35.6705971389258],[139.76326577693354,35.67067553388283],[139.76325886879923,35.670680334181945]]]}},{"type":"Feature","properties":{"height":11.6,"gml_id":"bldg_8eddcbbc-6bd1-460f-a6a2-86b82de12790"},"geometry":{"type":"Polygon","coordinates":[[[139.77493575285712,35.67138955336995],[139.77482946612403,35.67141744434358],[139.77481932218362,35.671391750279746],[139.77492560882115,35.671363948550834],[139.77493575285712,35.67138955336995]]]}},{"type":"Feature","properties":{"height":12.7,"gml_id":"bldg_3dfdabf5-b08d-459d-89f5-33a27af3963a"},"geometry":{"type":"Polygon","coordinates":[[[139.7705012742028,35.671122137090286],[139.7705500595855,35.67117263943439],[139.77045865933846,35.67123226264643],[139.7704076635717,35.671183201307755],[139.7705012742028,35.671122137090286]]]}},{"type":"Feature","properties":{"height":9.7,"gml_id":"bldg_23d8783a-8489-4a72-879f-87c0627e3cb9"},"geometry":{"type":"Polygon","coordinates":[[[139.76577588431627,35.67043850103676],[139.76572146340177,35.6703943933399],[139.7657474401166,35.670373045376856],[139.7658017505683,35.6704171530002],[139.76577588431627,35.67043850103676]]]}},{"type":"Feature","properties":{"height":41.5,"gml_id":"bldg_f582b30f-f1c8-46f7-af1b-a6158c4dc4ee"},"geometry":{"type":"Polygon","coordinates":[[[139.76442925293543,35.67100724359542],[139.7644856695214,35.671055337082045],[139.7644348536993,35.67109691540082],[139.76448772858726,35.67114021155416],[139.76446363056414,35.67115993784529],[139.76448570781082,35.67117797793291],[139.76439020023997,35.67125580192465],[139.76425759448733,35.67114619106498],[139.76442925293543,35.67100724359542]]]}},{"type":"Feature","properties":{"height":27.7,"gml_id":"bldg_85cee530-2236-4676-b506-2ee479d1b5eb"},"geometry":{"type":"Polygon","coordinates":[[[139.76706270693217,35.67052053802337],[139.76717743014774,35.670631830564965],[139.76704146075255,35.67072599435531],[139.76692614075583,35.670615106974765],[139.76706270693217,35.67052053802337]]]}},{"type":"Feature","properties":{"height":35.3,"gml_id":"bldg_1514002b-86d8-446f-9337-c17a91fec468"},"geometry":{"type":"Polygon","coordinates":[[[139.77297200799762,35.67465200555925],[139.77286619778207,35.67448087193682],[139.77312204667132,35.67447505108943],[139.77312604869786,35.67458862604753],[139.77297200799762,35.67465200555925]]]}},{"type":"Feature","properties":{"height":21.0,"gml_id":"bldg_9911bd65-67f1-41ec-8b59-b6b57adb976d"},"geometry":{"type":"Polygon","coordinates":[[[139.77057932627866,35.67146280670502],[139.7704630526992,35.6715461230645],[139.77039969267418,35.67148695988967],[139.77051585569887,35.671403733670175],[139.77057932627866,35.67146280670502]]]}},{"type":"Feature","properties":{"height":37.5,"gml_id":"bldg_446cbd0b-58a5-48dd-9247-19e177f46221"},"geometry":{"type":"Polygon","coordinates":[[[139.76546977581168,35.66900920055613],[139.76541918464252,35.66897026064239],[139.76549167781357,35.66890754788575],[139.76554226897008,35.66894649768454],[139.76546977581168,35.66900920055613]]]}},{"type":"Feature","properties":{"height":53.2,"gml_id":"bldg_9f98ac9d-b561-4082-851a-138a7835f72c"},"geometry":{"type":"Polygon","coordinates":[[[139.76562712476323,35.673459423238434],[139.76563332805767,35.67346527663583],[139.76556184649738,35.67351571330011],[139.76519214508485,35.67316682660495],[139.76526770520726,35.67311352609715],[139.7652970431915,35.67314178268897],[139.76536461090598,35.673095084666734],[139.76536374997187,35.673094254917736],[139.76536988451952,35.673089931790805],[139.76548993185057,35.67320322093225],[139.7656285062748,35.67310545490933],[139.76577870946483,35.67324720804176],[139.76563657582773,35.67334748796569],[139.76570039685805,35.6734077256187],[139.76562712476323,35.673459423238434]]]}},{"type":"Feature","properties":{"height":35.0,"gml_id":"bldg_d7d5e0fc-4604-4521-abe4-20e27feaedb9"},"geometry":{"type":"Polygon","coordinates":[[[139.77489525228359,35.67194126420361],[139.77484259706233,35.67181556018871],[139.77486101525838,35.67181042229374],[139.7748572329051,35.67180139771231],[139.77490433353597,35.67178825241736],[139.77496077119355,35.67192299811013],[139.77489525228359,35.67194126420361]]]}},{"type":"Feature","properties":{"height":27.6,"gml_id":"bldg_25da3e3c-0c53-41cd-a0d7-fd1b8b49a0c6"},"geometry":{"type":"Polygon","coordinates":[[[139.7629870343793,35.67082680205604],[139.7630774490932,35.67091440521883],[139.76302590897174,35.67094982614239],[139.76293549427436,35.67086222294144],[139.7629870343793,35.67082680205604]]]}},{"type":"Feature","properties":{"height":61.0,"gml_id":"bldg_c9cba7fd-76c5-4bae-ac3d-603164788c75"},"geometry":{"type":"Polygon","coordinates":[[[139.76900566963724,35.672270057232076],[139.7690993875813,35.672215844608814],[139.7691681440717,35.67229493167935],[139.76901319982173,35.67238462576073],[139.76897846834032,35.672344793558715],[139.76886697900713,35.67240935334871],[139.76880180944227,35.67233448555436],[139.76897465750451,35.672234436427075],[139.76900566963724,35.672270057232076]]]}},{"type":"Feature","properties":{"height":9.5,"gml_id":"bldg_6bed51d2-c4c0-4304-b675-c8e2ceab4689"},"geometry":{"type":"Polygon","coordinates":[[[139.77256999146914,35.67030808696934],[139.77252269397565,35.67033384236909],[139.77245868573567,35.670254759587976],[139.7725094086989,35.670227473608726],[139.77256999146914,35.67030808696934]]]}},{"type":"Feature","properties":{"height":20.6,"gml_id":"bldg_f091b068-e0af-4dca-8f7d-8434021a3145"},"geometry":{"type":"Polygon","coordinates":[[[139.77285060999742,35.669371521036474],[139.77279455349284,35.669294966260914],[139.77284184831376,35.66927182473127],[139.77282154443202,35.66924405222705],[139.77284651773294,35.66923198636979],[139.77292287816934,35.669336313612284],[139.77285060999742,35.669371521036474]]]}},{"type":"Feature","properties":{"height":23.6,"gml_id":"bldg_7d998718-fe3d-4530-95dc-453b1a8f0cac"},"geometry":{"type":"Polygon","coordinates":[[[139.77064977314953,35.66774178471611],[139.77055388252066,35.6676586461354],[139.77058309468302,35.66763579441242],[139.7706799469209,35.66771814837403],[139.77064977314953,35.66774178471611]]]}},{"type":"Feature","properties":{"height":15.8,"gml_id":"bldg_e33ddbcb-838e-4f20-8ebe-128b024916e7"},"geometry":{"type":"Polygon","coordinates":[[[139.7643949582625,35.668419994021875],[139.76434455196105,35.66846250998458],[139.76428461297502,35.668415154420046],[139.76433512973898,35.66837263764402],[139.7643949582625,35.668419994021875]]]}},{"type":"Feature","properties":{"height":31.5,"gml_id":"bldg_418333e2-f985-4c0c-8778-1f0f6fdaaa9c"},"geometry":{"type":"Polygon","coordinates":[[[139.76743769213203,35.67450221627986],[139.76745520066524,35.67448961565718],[139.76742730621856,35.674464208724594],[139.76746532985163,35.67443675569263],[139.7674664677861,35.674396284682715],[139.7675259348455,35.67435341185955],[139.76758057512507,35.674403918579436],[139.7675180130985,35.67444904316918],[139.7675552126945,35.67448340579499],[139.7674777285608,35.67453924944617],[139.76743769213203,35.67450221627986]]]}},{"type":"Feature","properties":{"height":23.2,"gml_id":"bldg_44ab62c5-130e-457c-85f2-85f307d5de1d"},"geometry":{"type":"Polygon","coordinates":[[[139.7730108212501,35.67210465520975],[139.7728996541236,35.671863752586525],[139.77315300796437,35.67178600084275],[139.7732640652802,35.67202690318072],[139.7730108212501,35.67210465520975]]]}},{"type":"Feature","properties":{"height":30.3,"gml_id":"bldg_b55a814f-91bd-428d-bcd4-c965a83eabeb"},"geometry":{"type":"Polygon","coordinates":[[[139.76931740084288,35.674208896085254],[139.76926835116745,35.674238957818254],[139.76924919050737,35.67421822506365],[139.76922231176286,35.674234417436196],[139.7691958887348,35.674205676616474],[139.7692717068423,35.674159206146925],[139.76931740084288,35.674208896085254]]]}},{"type":"Feature","properties":{"height":17.8,"gml_id":"bldg_ba041bf5-0157-451e-ab5b-a947f18b6daf"},"geometry":{"type":"Polygon","coordinates":[[[139.76565929715395,35.67259046380771],[139.76574720305942,35.672672249677454],[139.7656699408857,35.67272746044458],[139.7655821233179,35.67264573766499],[139.76565929715395,35.67259046380771]]]}},{"type":"Feature","properties":{"height":14.2,"gml_id":"bldg_7483b216-39dd-4a66-97d1-6b07d97feb4e"},"geometry":{"type":"Polygon","coordinates":[[[139.77476369801624,35.67117250928146],[139.774839049105,35.67115217487534],[139.77485228074482,35.67118508142368],[139.77477704015803,35.67120532575438],[139.77476369801624,35.67117250928146]]]}},{"type":"Feature","properties":{"height":30.7,"gml_id":"bldg_5ea5a62e-bcec-4d7c-b619-c21177a73c86"},"geometry":{"type":"Polygon","coordinates":[[[139.7729288454549,35.6721189459455],[139.77284785715116,35.672142070577124],[139.77280705716274,35.67204659467061],[139.77288793484888,35.67202356014779],[139.7729288454549,35.6721189459455]]]}},{"type":"Feature","properties":{"height":39.9,"gml_id":"bldg_2cb1b8b1-3a6c-4f61-8cc9-67f22ddadb72"},"geometry":{"type":"Polygon","coordinates":[[[139.77001100765654,35.67367619100846],[139.76995230756373,35.67358962833607],[139.77001110049704,35.67355865204494],[139.7701585547863,35.67372313989709],[139.76997012966376,35.67382246230516],[139.76990049439686,35.673734451658184],[139.77001100765654,35.67367619100846]]]}},{"type":"Feature","properties":{"height":7.3,"gml_id":"bldg_f11c5bef-5d48-4bc9-a353-a3572ebc56b6"},"geometry":{"type":"Polygon","coordinates":[[[139.7669032272226,35.671552595429425],[139.76684973445492,35.67158645663256],[139.76679179130693,35.67152549180557],[139.76684528405906,35.67149162972645],[139.7669032272226,35.671552595429425]]]}},{"type":"Feature","properties":{"height":36.1,"gml_id":"bldg_3746c37a-f5a6-4053-ad3d-e62ee941ecc6"},"geometry":{"type":"Polygon","coordinates":[[[139.76857087661503,35.672545914704834],[139.76891021428958,35.67297406859965],[139.76879107975498,35.673038633235194],[139.768450196582,35.67260966694098],[139.76857087661503,35.672545914704834]]]}},{"type":"Feature","properties":{"height":6.7,"gml_id":"bldg_4a658a69-3ad0-4355-8edb-66ebf14cc285"},"geometry":{"type":"Polygon","coordinates":[[[139.7706739478311,35.67123922530556],[139.77072954016907,35.67120202841155],[139.77081276520957,35.671284906944095],[139.77075717292232,35.67132201464009],[139.7706739478311,35.67123922530556]]]}},{"type":"Feature","properties":{"height":9.1,"gml_id":"bldg_58adad12-8899-45b2-bd70-3992954841d9"},"geometry":{"type":"Polygon","coordinates":[[[139.76863638397742,35.67049100042586],[139.76873596434174,35.67042471191505],[139.76875550047347,35.670444282193735],[139.76865592010168,35.6705105698191],[139.76863638397742,35.67049100042586]]]}},{"type":"Feature","properties":{"height":16.2,"gml_id":"bldg_2659db71-7556-4959-abbd-2852c1a413bc"},"geometry":{"type":"Polygon","coordinates":[[[139.77416109505285,35.668959072677296],[139.77409376268625,35.668893239304296],[139.77422472426744,35.66880397844534],[139.77431490560383,35.66889208597186],[139.7741672560387,35.66899269693669],[139.77414451757542,35.66897042183624],[139.77416109505285,35.668959072677296]]]}},{"type":"Feature","properties":{"height":7.4,"gml_id":"bldg_1c9abfc6-301e-4ccb-9cc7-a8d8f6535b72"},"geometry":{"type":"Polygon","coordinates":[[[139.77403705149555,35.67119442657225],[139.77401367313792,35.67114042280376],[139.77410990753967,35.67111260872877],[139.77413328595478,35.67116661157751],[139.77403705149555,35.67119442657225]]]}},{"type":"Feature","properties":{"height":9.8,"gml_id":"bldg_677b10e0-f308-41dc-8b76-f8a9a96d747f"},"geometry":{"type":"Polygon","coordinates":[[[139.77377036809457,35.671524008235814],[139.7738024100624,35.67151410897705],[139.77383185816524,35.67157586759155],[139.77379694330287,35.671586847085344],[139.77377036809457,35.671524008235814]]]}},{"type":"Feature","properties":{"height":6.5,"gml_id":"bldg_f46be971-464a-44f2-ad3b-27ffe0896ebb"},"geometry":{"type":"Polygon","coordinates":[[[139.77472260871832,35.671319232841135],[139.77464449649935,35.67133867256718],[139.7745775425688,35.67116015991441],[139.77460990330934,35.6711520723557],[139.7746195280457,35.671177667033945],[139.77466516896934,35.67116624184068],[139.77472260871832,35.671319232841135]]]}},{"type":"Feature","properties":{"height":18.8,"gml_id":"bldg_4a963e25-1269-4957-9256-b6784bbdd311"},"geometry":{"type":"Polygon","coordinates":[[[139.76609553345997,35.66783965976527],[139.76602952032363,35.66779031774888],[139.76613950928166,35.66769221958326],[139.76620552240436,35.66774156244151],[139.76609553345997,35.66783965976527]]]}},{"type":"Feature","properties":{"height":14.3,"gml_id":"bldg_6079de70-8515-47b5-9fc1-094803e8df79"},"geometry":{"type":"Polygon","coordinates":[[[139.77076059481158,35.67302362839566],[139.77071180915726,35.672971864229616],[139.7707605485771,35.67294133302648],[139.77081904725512,35.673003377867225],[139.77076059481158,35.67302362839566]]]}},{"type":"Feature","properties":{"height":20.8,"gml_id":"bldg_5b690cbb-b8f3-4c21-9cac-69f184b1e10c"},"geometry":{"type":"Polygon","coordinates":[[[139.77050082014696,35.66769829692936],[139.77055286558667,35.66765955599265],[139.77064832367114,35.66774493876944],[139.7705962892679,35.66778367975261],[139.77050082014696,35.66769829692936]]]}},{"type":"Feature","properties":{"height":16.2,"gml_id":"bldg_67a43235-0c6a-4bff-ac74-d1a75a60b83e"},"geometry":{"type":"Polygon","coordinates":[[[139.7742421498131,35.67093924859194],[139.77428019055685,35.671033101106765],[139.7742313559304,35.67104632733325],[139.7741933152369,35.67095247570464],[139.7742421498131,35.67093924859194]]]}},{"type":"Feature","properties":{"height":31.6,"gml_id":"bldg_be84d49f-23e0-4a19-8664-87cd38f1632a"},"geometry":{"type":"Polygon","coordinates":[[[139.77225469325305,35.668618122681636],[139.7722740110811,35.66863480788947],[139.77213508118834,35.66874145998972],[139.77198064975823,35.66860734715836],[139.77216246312955,35.66846790702804],[139.7722735124569,35.66856432022431],[139.7722632336971,35.66857215696178],[139.7722872982125,35.66859290075587],[139.77225469325305,35.668618122681636]]]}},{"type":"Feature","properties":{"height":11.7,"gml_id":"bldg_8a828727-abf0-4dd7-9e29-12791feb8e96"},"geometry":{"type":"Polygon","coordinates":[[[139.77161177583935,35.67268668383417],[139.77158702408204,35.67269631583447],[139.77153583536116,35.67260885639813],[139.77156058709753,35.67259922440818],[139.77161177583935,35.67268668383417]]]}},{"type":"Feature","properties":{"height":6.3,"gml_id":"bldg_8205c501-7592-4a6f-b218-27616b4c698b"},"geometry":{"type":"Polygon","coordinates":[[[139.7668191767786,35.66858108088118],[139.76678549864155,35.66855306561171],[139.76686717181713,35.66848767100169],[139.76690084995528,35.66851568624863],[139.7668191767786,35.66858108088118]]]}},{"type":"Feature","properties":{"height":24.4,"gml_id":"bldg_23306ed6-b9f3-4612-b593-775d60c837b5"},"geometry":{"type":"Polygon","coordinates":[[[139.76594705287255,35.67273060840461],[139.76592310210515,35.67270643820456],[139.76603130787217,35.67263529027367],[139.76600040367816,35.672604084591676],[139.76616453538142,35.67249646309776],[139.76622115920287,35.672550215596694],[139.76594705287255,35.67273060840461]]]}},{"type":"Feature","properties":{"height":45.0,"gml_id":"bldg_bfa50686-4cc3-4fcd-bad9-26a989ccb6c0"},"geometry":{"type":"Polygon","coordinates":[[[139.7657756274404,35.66917017756274],[139.7658600738202,35.66923701758369],[139.76578579133627,35.66929953125279],[139.76572187701362,35.66924892833373],[139.76571748476115,35.66921918144575],[139.7657756274404,35.66917017756274]]]}},{"type":"Feature","properties":{"height":15.4,"gml_id":"bldg_fb02d47e-6d77-488b-a5c5-0ad712f16d2e"},"geometry":{"type":"Polygon","coordinates":[[[139.7729148563131,35.66758032568169],[139.77295581152276,35.667613516776385],[139.7728670140145,35.66768632124308],[139.7728260588045,35.667653130118616],[139.7729148563131,35.66758032568169]]]}},{"type":"Feature","properties":{"height":62.9,"gml_id":"bldg_b65d8526-cbf8-4fd9-afa8-b90b631e2ef9"},"geometry":{"type":"Polygon","coordinates":[[[139.76563040477765,35.67449378632768],[139.7654669540433,35.67457427702447],[139.76521040690483,35.67423079930925],[139.76520654864905,35.67422124257595],[139.76520710742273,35.67421367136163],[139.76520866025356,35.67420628098425],[139.7652144126997,35.67419672968835],[139.76521949958047,35.67419042295732],[139.76523121521788,35.674183308740005],[139.76540596845726,35.67406109117856],[139.76556952865187,35.67424199870005],[139.76545314491074,35.67431404295814],[139.76549784379063,35.67436211131173],[139.76561345390513,35.67429051726226],[139.76579235591447,35.674488288770604],[139.7656842630726,35.67455330719296],[139.76563040477765,35.67449378632768]]]}},{"type":"Feature","properties":{"height":39.8,"gml_id":"bldg_f67efe91-e73e-4048-aa18-2d80b8da01fb"},"geometry":{"type":"Polygon","coordinates":[[[139.76902766726002,35.669441704092],[139.76888772740557,35.66932728104544],[139.76889470207328,35.669321597111704],[139.76888853134687,35.66931655513186],[139.76904485856548,35.669189328710104],[139.76908753480373,35.66922424365329],[139.7690936804422,35.669219244309424],[139.76916341301106,35.66927629336095],[139.76915489090865,35.66928322939464],[139.7691969380419,35.66931761215292],[139.76904311986056,35.66944287511496],[139.7690346861412,35.66943598411895],[139.76902766726002,35.669441704092]]]}},{"type":"Feature","properties":{"height":18.3,"gml_id":"bldg_d8dd8850-21b1-4eb1-af15-3ffab862ef68"},"geometry":{"type":"Polygon","coordinates":[[[139.76269165806116,35.67043546921864],[139.7626396738724,35.67038586318261],[139.76269825500424,35.670345065353175],[139.76275012881965,35.670394581162235],[139.76269165806116,35.67043546921864]]]}},{"type":"Feature","properties":{"height":14.2,"gml_id":"bldg_d3b0cd6d-b453-4b10-ab4f-155cc68e2ae7"},"geometry":{"type":"Polygon","coordinates":[[[139.76887920252534,35.67060181837894],[139.76879785461645,35.67066045420549],[139.76876198094226,35.67062717430127],[139.76884332877108,35.67056862863592],[139.76887920252534,35.67060181837894]]]}},{"type":"Feature","properties":{"height":33.7,"gml_id":"bldg_7c354be6-79e2-4563-8abf-6124ef3950f7"},"geometry":{"type":"Polygon","coordinates":[[[139.76813073778055,35.674365548870625],[139.76817003451657,35.67440234614888],[139.76803341516614,35.674501423126756],[139.76799378674593,35.67446498617359],[139.76813073778055,35.674365548870625]]]}},{"type":"Feature","properties":{"height":37.7,"gml_id":"bldg_23339fff-4976-4d14-a646-d26e16c8ae02"},"geometry":{"type":"Polygon","coordinates":[[[139.7651514983767,35.67153737367665],[139.76525072474794,35.6716327049553],[139.76511068772248,35.6717251967075],[139.7651322097278,35.67174702212726],[139.76500223063434,35.671832488738175],[139.7648077602571,35.671635607585486],[139.76492593218353,35.67153535285735],[139.76498671328642,35.671505101237095],[139.76504935304035,35.67149738496714],[139.76511573138094,35.671509862441084],[139.7651514983767,35.67153737367665]]]}},{"type":"Feature","properties":{"height":39.5,"gml_id":"bldg_0fb37c54-59f3-4508-a808-71915439a5b2"},"geometry":{"type":"Polygon","coordinates":[[[139.7748463556938,35.66931310642398],[139.77480354751188,35.66924358972929],[139.77487724715658,35.66921324924354],[139.77497797928882,35.6693764467003],[139.774589259567,35.66953625057623],[139.77453241736092,35.669444156549496],[139.77457562073937,35.66942642058195],[139.77455125980853,35.6693869645901],[139.7746003193111,35.66936688880253],[139.77454217539747,35.66927257676418],[139.7746428357046,35.66923125282592],[139.77465761993287,35.66925523656533],[139.7746699953276,35.66925010476617],[139.77471489985206,35.66932277733584],[139.77462860371048,35.66935824940991],[139.77463776109997,35.669373127437396],[139.77458781764895,35.66939356335835],[139.7746015217624,35.669415788898824],[139.77479979183158,35.66933438325324],[139.774785603332,35.66931136429087],[139.77473820122134,35.66933090103799],[139.77470774993176,35.66928167122494],[139.77477548297472,35.66925376160502],[139.77481906357625,35.669324360333064],[139.7748463556938,35.66931310642398]]]}},{"type":"Feature","properties":{"height":31.6,"gml_id":"bldg_64579aad-a8d7-4c96-bba2-9fb68dcb521e"},"geometry":{"type":"Polygon","coordinates":[[[139.7681272221711,35.67318731756444],[139.76814488143867,35.673206219901154],[139.7680286692028,35.67327582403558],[139.76798054928253,35.67322243665585],[139.76811527362946,35.673141746695656],[139.76814548104048,35.67317525806848],[139.7681272221711,35.67318731756444]]]}},{"type":"Feature","properties":{"height":12.1,"gml_id":"bldg_f7e2d75d-acc8-495a-8ea5-cd6a17adeac6"},"geometry":{"type":"Polygon","coordinates":[[[139.77257034246435,35.667658499734124],[139.77262785575704,35.667705760723635],[139.772587513473,35.66773846024429],[139.77253000024905,35.6676911090984],[139.77257034246435,35.667658499734124]]]}},{"type":"Feature","properties":{"height":6.7,"gml_id":"bldg_f066936a-5a65-4068-b065-dd4f867db333"},"geometry":{"type":"Polygon","coordinates":[[[139.76276725523263,35.674154307921796],[139.76269370388033,35.67413136992806],[139.7626965816802,35.67412497187037],[139.76268678691042,35.674083142431684],[139.76274004160882,35.674072627605454],[139.76276725523263,35.674154307921796]]]}},{"type":"Feature","properties":{"height":15.4,"gml_id":"bldg_7cf0f733-8c92-4812-9993-ce795a87b711"},"geometry":{"type":"Polygon","coordinates":[[[139.7745460460355,35.66685581561972],[139.77448362650435,35.66687065779898],[139.77446753275794,35.66682558124104],[139.77452995225696,35.66681073906999],[139.7745460460355,35.66685581561972]]]}},{"type":"Feature","properties":{"height":6.8,"gml_id":"bldg_4c80cac9-3ca0-4820-bd10-ce2d6bf7d71f"},"geometry":{"type":"Polygon","coordinates":[[[139.77170877569014,35.66926643685653],[139.77176669858162,35.66931337396022],[139.77171618578407,35.66935508171357],[139.77165813032428,35.66930816344686],[139.77170877569014,35.66926643685653]]]}},{"type":"Feature","properties":{"height":20.7,"gml_id":"bldg_2f5fed9d-268c-4d43-8060-ee6b3ee55127"},"geometry":{"type":"Polygon","coordinates":[[[139.76682155261557,35.67471836918486],[139.7669446453548,35.674627912265215],[139.76700353614208,35.674681260911825],[139.76697601273685,35.67470148156183],[139.76695312976418,35.674680755405966],[139.76689955303533,35.67472012485427],[139.76690279836814,35.674723074133254],[139.76687096401807,35.67474646521215],[139.76687004661318,35.67474708665285],[139.7668690629869,35.6747476359472],[139.7668680241861,35.67474811310125],[139.7668669302108,35.67474851811504],[139.76686581420904,35.67474884199313],[139.7668646540871,35.674749084723324],[139.76686348298554,35.67474924632389],[139.76686228985756,35.674749326788756],[139.7668610968043,35.6747493171164],[139.76685991487264,35.67474921731291],[139.76685873300076,35.674749045399636],[139.76685758434422,35.674748783367406],[139.76685646889553,35.67474844022999],[139.76685539769412,35.674748025007176],[139.76685437074738,35.67474752868525],[139.76685339908727,35.67474696929776],[139.76685249377564,35.67474632882335],[139.76685165478253,35.67474564331694],[139.76682155261557,35.67471836918486]]]}},{"type":"Feature","properties":{"height":32.3,"gml_id":"bldg_96bde30c-9c11-46d6-9197-affb526aa1dc"},"geometry":{"type":"Polygon","coordinates":[[[139.76980704595482,35.66780066158177],[139.76976688864485,35.66776572207544],[139.76978838587178,35.667749383404576],[139.7697740803168,35.66773685487288],[139.7697525830896,35.66775319444258],[139.76974252726282,35.66774438271187],[139.76986851549654,35.667648317675784],[139.76993303420633,35.66770458836673],[139.76980704595482,35.66780066158177]]]}},{"type":"Feature","properties":{"height":12.3,"gml_id":"bldg_c43ea5c0-0358-4210-982d-a14d4229a4e2"},"geometry":{"type":"Polygon","coordinates":[[[139.77298129297444,35.67244346742975],[139.77307056753347,35.67241890375887],[139.77308424024622,35.67245217126424],[139.77299507612045,35.67247673409908],[139.77298129297444,35.67244346742975]]]}},{"type":"Feature","properties":{"height":20.7,"gml_id":"bldg_4aa37ae5-3c82-4d18-8c9b-47156a153a4d"},"geometry":{"type":"Polygon","coordinates":[[[139.7672232972922,35.672423406885045],[139.76736267120376,35.6723298306751],[139.76746498881118,35.67243174183457],[139.7673187627133,35.67252928044577],[139.7672232972922,35.672423406885045]]]}},{"type":"Feature","properties":{"height":31.4,"gml_id":"bldg_0ffcb516-8764-4af7-9172-1bf8f974a687"},"geometry":{"type":"Polygon","coordinates":[[[139.76732456293598,35.668798337614405],[139.76729356795286,35.66877125237342],[139.767305517468,35.668760631732695],[139.76726843464536,35.66872329543132],[139.7673530990044,35.66865907301871],[139.7674897519132,35.668777046572714],[139.7673989002036,35.66884180741784],[139.76736247539947,35.66880879629625],[139.76733041895557,35.66883663117059],[139.76730412547897,35.66881451507741],[139.76732456293598,35.668798337614405]]]}},{"type":"Feature","properties":{"height":7.6,"gml_id":"bldg_d32d4ad3-c9df-4050-86fb-4afb8b79f078"},"geometry":{"type":"Polygon","coordinates":[[[139.77429889835142,35.67285474919597],[139.7742051046116,35.672880680742104],[139.77418695414255,35.67283697326813],[139.77428075889026,35.67281103272758],[139.77429889835142,35.67285474919597]]]}},{"type":"Feature","properties":{"height":3.7,"gml_id":"bldg_1c78f203-2ae0-417f-866c-ab9219f142eb"},"geometry":{"type":"Polygon","coordinates":[[[139.7724984996425,35.67457414104049],[139.77247663102975,35.67458325188091],[139.77245137546043,35.67454289367299],[139.77247323301822,35.67453378283151],[139.7724984996425,35.67457414104049]]]}},{"type":"Feature","properties":{"height":8.9,"gml_id":"bldg_5b968331-a0d4-4b64-b13c-4e60143e608b"},"geometry":{"type":"Polygon","coordinates":[[[139.76927632179138,35.671148532864294],[139.76930505766794,35.67112934889948],[139.76933254137558,35.67115658498006],[139.76930380542385,35.67117585908861],[139.76927632179138,35.671148532864294]]]}},{"type":"Feature","properties":{"height":18.6,"gml_id":"bldg_8514622f-ba70-47ad-a7fe-4e255c33af12"},"geometry":{"type":"Polygon","coordinates":[[[139.7727393901532,35.671690788686604],[139.77259001116363,35.67173181603587],[139.77254700903327,35.67162759560493],[139.77258435375188,35.67161733879814],[139.7725563472762,35.67154945126988],[139.7726400966688,35.67152632822356],[139.77266633905322,35.67158988825288],[139.77269451329894,35.67158215063585],[139.7727393901532,35.671690788686604]]]}},{"type":"Feature","properties":{"height":20.7,"gml_id":"bldg_da82ab4a-bf02-4032-b23e-65e58d623efb"},"geometry":{"type":"Polygon","coordinates":[[[139.7719305418187,35.66905868440881],[139.7719127687534,35.669044163231355],[139.7718907401625,35.66906211636679],[139.7718645553021,35.66904066834137],[139.7719423681748,35.66897734057954],[139.77198630406244,35.66901323943922],[139.7719305418187,35.66905868440881]]]}},{"type":"Feature","properties":{"height":19.6,"gml_id":"bldg_80664de4-5cff-48a5-9f43-cc2600391937"},"geometry":{"type":"Polygon","coordinates":[[[139.7709497527415,35.67311458493249],[139.77102169554556,35.67307703493525],[139.77106009986645,35.67312590921322],[139.77098804657,35.673163459175875],[139.7709497527415,35.67311458493249]]]}},{"type":"Feature","properties":{"height":9.7,"gml_id":"bldg_c4adbaa6-5864-4b0e-8052-a53ee3c45942"},"geometry":{"type":"Polygon","coordinates":[[[139.77411541663324,35.67232812207835],[139.77407406204838,35.67223354770362],[139.77412499739967,35.672218781229],[139.77416635210423,35.67231326454787],[139.77411541663324,35.67232812207835]]]}},{"type":"Feature","properties":{"height":6.4,"gml_id":"bldg_2912bbdf-fd93-447b-88ba-46a4147f1a9f"},"geometry":{"type":"Polygon","coordinates":[[[139.77392440123182,35.66952384688761],[139.77397316584685,35.6696040030341],[139.7739269790436,35.66962272882377],[139.77387810400197,35.66954257260431],[139.77392440123182,35.66952384688761]]]}},{"type":"Feature","properties":{"height":7.7,"gml_id":"bldg_be5fc082-7791-4086-894d-57d1700021c6"},"geometry":{"type":"Polygon","coordinates":[[[139.76677224949145,35.67164608472294],[139.76674517143647,35.67166328597731],[139.7666827056477,35.67159465692633],[139.7667100049209,35.67157709525898],[139.76677224949145,35.67164608472294]]]}},{"type":"Feature","properties":{"height":27.9,"gml_id":"bldg_809f0c1e-676c-4c77-9c67-61729a616471"},"geometry":{"type":"Polygon","coordinates":[[[139.77016796803449,35.673833472862704],[139.77018313159073,35.67385208515023],[139.77015272900647,35.67386858235017],[139.77016621513664,35.673885067421196],[139.77006260737107,35.67394149213833],[139.77003391351192,35.673906413657285],[139.77016796803449,35.673833472862704]]]}},{"type":"Feature","properties":{"height":25.1,"gml_id":"bldg_e4d0dcef-9316-49d1-9e2b-e01baff9ae7e"},"geometry":{"type":"Polygon","coordinates":[[[139.76665355004062,35.66853132359818],[139.76662845964427,35.66855050895816],[139.76653408441388,35.66846870206151],[139.76655928541643,35.66844933740893],[139.76665355004062,35.66853132359818]]]}},{"type":"Feature","properties":{"height":9.1,"gml_id":"bldg_92c472fd-cabb-4a25-8d94-e18e21dbddef"},"geometry":{"type":"Polygon","coordinates":[[[139.774862091404,35.670440858358084],[139.7748514314328,35.670411008711326],[139.77489937909712,35.67040158559665],[139.77492574009622,35.670425583929735],[139.774862091404,35.670440858358084]]]}},{"type":"Feature","properties":{"height":29.8,"gml_id":"bldg_3834ae56-c9d4-41d4-93db-9d1df08fc6de"},"geometry":{"type":"Polygon","coordinates":[[[139.77322426587725,35.67148029067703],[139.77326004200924,35.67155827730647],[139.77322352497362,35.671569751589864],[139.7732316418963,35.67158742255468],[139.77318529149557,35.671601596037185],[139.77314128825776,35.67150566794858],[139.77322426587725,35.67148029067703]]]}},{"type":"Feature","properties":{"height":13.2,"gml_id":"bldg_989028e3-469c-4fbb-8406-bf48cfe0fa65"},"geometry":{"type":"Polygon","coordinates":[[[139.77058159759264,35.671806952136194],[139.77052070091153,35.671846130113124],[139.77049365898725,35.67181817343864],[139.77055466612407,35.671778996434156],[139.77058159759264,35.671806952136194]]]}},{"type":"Feature","properties":{"height":7.2,"gml_id":"bldg_a983a772-3c4f-48c6-b4de-bfbe398cc282"},"geometry":{"type":"Polygon","coordinates":[[[139.77323122915655,35.66882241461046],[139.7732649001414,35.668848390969345],[139.77320311278953,35.66890163130647],[139.77316944180237,35.66887565493054],[139.77323122915655,35.66882241461046]]]}},{"type":"Feature","properties":{"height":8.9,"gml_id":"bldg_23e28c03-da90-4395-be66-89456e018433"},"geometry":{"type":"Polygon","coordinates":[[[139.77239153254794,35.6718428550477],[139.7724100612839,35.67188144319135],[139.77229614450923,35.671917800971855],[139.77227761588838,35.6718791226737],[139.77239153254794,35.6718428550477]]]}},{"type":"Feature","properties":{"height":14.7,"gml_id":"bldg_f03f0efe-0a7e-404d-99bd-628d829eae38"},"geometry":{"type":"Polygon","coordinates":[[[139.7666521160043,35.67477134828944],[139.76668169768743,35.674800117552635],[139.76661106792804,35.674848483044265],[139.76658148632828,35.67481962272534],[139.7666521160043,35.67477134828944]]]}},{"type":"Feature","properties":{"height":17.7,"gml_id":"bldg_367475bb-c2ab-49a9-ba71-7e5757749023"},"geometry":{"type":"Polygon","coordinates":[[[139.76860628986464,35.67191902882947],[139.76863686239855,35.671951494689274],[139.76859983800796,35.67197464007745],[139.76856937594494,35.67194217426781],[139.76860628986464,35.67191902882947]]]}},{"type":"Feature","properties":{"height":31.5,"gml_id":"bldg_63f83fa6-6312-4c01-a16b-2705b2c65638"},"geometry":{"type":"Polygon","coordinates":[[[139.77334020855065,35.66904508117217],[139.7733807144703,35.66907469343806],[139.7734652670411,35.66900767331733],[139.7735196920876,35.66905069588011],[139.77336908090024,35.66912173934153],[139.77334897675638,35.669122089877796],[139.77331771490978,35.66909446523079],[139.77333986375305,35.669077773817065],[139.77332001550616,35.66906092626974],[139.77334020855065,35.66904508117217]]]}},{"type":"Feature","properties":{"height":5.7,"gml_id":"bldg_9001e031-a0a5-4f56-8756-b24df64965b3"},"geometry":{"type":"Polygon","coordinates":[[[139.7722816246159,35.673287700233296],[139.77227159920648,35.67325218105902],[139.77231501879805,35.67324400057703],[139.7723250442257,35.67327951974775],[139.7722816246159,35.673287700233296]]]}},{"type":"Feature","properties":{"height":31.4,"gml_id":"bldg_d212b5c6-5446-4797-a9ee-3fb4881f8e85"},"geometry":{"type":"Polygon","coordinates":[[[139.7648333036918,35.66746749226694],[139.76479257137635,35.66743601114754],[139.76491849814641,35.6673277376397],[139.76495919728816,35.66735925475317],[139.7648333036918,35.66746749226694]]]}},{"type":"Feature","properties":{"height":12.6,"gml_id":"bldg_52049657-a48f-47a7-898a-09c5fccd2ea3"},"geometry":{"type":"Polygon","coordinates":[[[139.77331012561785,35.67188405942115],[139.77340525576253,35.671857244985596],[139.7734188152923,35.67189420802936],[139.7733224724936,35.67191768588937],[139.77331012561785,35.67188405942115]]]}},{"type":"Feature","properties":{"height":51.2,"gml_id":"bldg_b71e143a-71cd-45a2-85b3-99c77af8deae"},"geometry":{"type":"Polygon","coordinates":[[[139.77389251467903,35.674972018126525],[139.77394422725868,35.674969231361636],[139.77394850765018,35.67502180242472],[139.77391282649458,35.67503625095034],[139.7739330067086,35.67506941339177],[139.77388463986304,35.67508900338888],[139.7738364346974,35.67500979399585],[139.77379427775372,35.675012450233986],[139.77379636035644,35.6750344087004],[139.7737449456543,35.67503765524916],[139.7737424246411,35.67501105359462],[139.77364622371132,35.6750171271664],[139.77364881043127,35.67504445806594],[139.7735721081638,35.67504929644663],[139.77346646129442,35.67487890256877],[139.773502414447,35.67482565833091],[139.77384277354594,35.67480418501926],[139.77384567822392,35.674834833123946],[139.7738632876533,35.67483387735396],[139.77386596970427,35.67486681483453],[139.773883921607,35.67486584120323],[139.77389251467903,35.674972018126525]]]}},{"type":"Feature","properties":{"height":9.9,"gml_id":"bldg_ffb10c71-e1f2-4604-9bb1-df1ebf14b78d"},"geometry":{"type":"Polygon","coordinates":[[[139.76442402595384,35.66711518218043],[139.76442137612224,35.667113828603426],[139.76441850514226,35.66711274531193],[139.7644155233936,35.667112023407824],[139.7644124309561,35.66711157004967],[139.76440933828545,35.667111388004805],[139.76440160536902,35.66711237508953],[139.7644014272248,35.667062619157086],[139.76444052943103,35.667062551397],[139.7644406090674,35.66709842611749],[139.7644348652493,35.66709842283124],[139.7644348498372,35.6671163601598],[139.76442590273396,35.66711635504028],[139.76442402595384,35.66711518218043]]]}},{"type":"Feature","properties":{"height":44.6,"gml_id":"bldg_c5b3284d-c383-456c-80fc-3989752d24de"},"geometry":{"type":"Polygon","coordinates":[[[139.76472552048475,35.67118271181396],[139.76472351848585,35.6711986649776],[139.76471698762828,35.671214435285876],[139.76470139920497,35.67122965960762],[139.76467709077738,35.67123712714686],[139.76464947175307,35.67124071688842],[139.76465727923994,35.67128209436763],[139.76453802020444,35.67116885889478],[139.76466110180843,35.67107514127747],[139.76469364695296,35.671123743846124],[139.76471164464843,35.671132948110184],[139.76472002869684,35.671146022798325],[139.76472575653,35.6711650450351],[139.76472552048475,35.67118271181396]]]}},{"type":"Feature","properties":{"height":31.4,"gml_id":"bldg_159a8694-ad2d-440c-a1a7-cb8a82de6895"},"geometry":{"type":"Polygon","coordinates":[[[139.76466734681844,35.66801376538153],[139.7646487988304,35.6680288347837],[139.76455320830794,35.6679503787455],[139.76464053154956,35.667879851037256],[139.76477056267714,35.66798484503338],[139.76470103539677,35.66804135760574],[139.76466734681844,35.66801376538153]]]}},{"type":"Feature","properties":{"height":8.3,"gml_id":"bldg_d07d58e8-e80d-44f4-9caf-6d448ce18add"},"geometry":{"type":"Polygon","coordinates":[[[139.77444214030356,35.672929056413615],[139.77447680727698,35.67301565924608],[139.77438359319478,35.67301927322072],[139.7743566006505,35.67295185533638],[139.77444214030356,35.672929056413615]]]}},{"type":"Feature","properties":{"height":16.7,"gml_id":"bldg_04cd4089-86b7-48da-9a2c-08f7716ec926"},"geometry":{"type":"Polygon","coordinates":[[[139.77220386549408,35.66965341356523],[139.77211059854997,35.66970231165802],[139.77205354533663,35.66962972207815],[139.77214858037053,35.66957983431796],[139.77220386549408,35.66965341356523]]]}},{"type":"Feature","properties":{"height":7.0,"gml_id":"bldg_a3160236-f69f-4384-aced-e1960e91cb62"},"geometry":{"type":"Polygon","coordinates":[[[139.7701204346342,35.67051215878317],[139.77005909451387,35.67055431083442],[139.77003613632337,35.670531403887544],[139.77009582028012,35.67048825856612],[139.7701204346342,35.67051215878317]]]}},{"type":"Feature","properties":{"height":10.2,"gml_id":"bldg_abef6808-9c6b-4634-901d-fab98aa1b59b"},"geometry":{"type":"Polygon","coordinates":[[[139.7661888360552,35.67460884376457],[139.7660854905666,35.67467738144768],[139.76606076899967,35.67464951432291],[139.76616278756842,35.674582509155286],[139.7661888360552,35.67460884376457]]]}},{"type":"Feature","properties":{"height":4.9,"gml_id":"bldg_b2fdbf12-f2be-4def-a845-dc7e41d48f0f"},"geometry":{"type":"Polygon","coordinates":[[[139.76473540251376,35.6678955890209],[139.76470140455268,35.66786816789029],[139.76471024752914,35.66786087180369],[139.76474424549016,35.66788829293183],[139.76473540251376,35.6678955890209]]]}},{"type":"Feature","properties":{"height":30.0,"gml_id":"bldg_701ff298-19ef-4116-a404-2c971c175e3b"},"geometry":{"type":"Polygon","coordinates":[[[139.76675698491255,35.67087260800212],[139.76675190068323,35.67087612144772],[139.76683357799752,35.670955125972306],[139.76676538311423,35.67100204983346],[139.76655953435983,35.67080318307099],[139.7666328134954,35.67075265664849],[139.76675698491255,35.67087260800212]]]}},{"type":"Feature","properties":{"height":6.9,"gml_id":"bldg_8a9fb55c-e208-42fc-aa60-fec91402ba4d"},"geometry":{"type":"Polygon","coordinates":[[[139.76973967332364,35.6710642296639],[139.76977824509706,35.67103901157976],[139.76983751637243,35.67109916444006],[139.76979894451725,35.6711244726802],[139.76973967332364,35.6710642296639]]]}},{"type":"Feature","properties":{"height":26.8,"gml_id":"bldg_67d09662-163a-4aa8-a02e-acc7662e84a0"},"geometry":{"type":"Polygon","coordinates":[[[139.76361259152688,35.67119072573347],[139.76371678150005,35.67129182994225],[139.76358458545985,35.67138522583035],[139.76359992740427,35.67139965668568],[139.763546982527,35.671437123132726],[139.76342573751927,35.67132269559837],[139.76361259152688,35.67119072573347]]]}},{"type":"Feature","properties":{"height":13.4,"gml_id":"bldg_2acaf87b-a048-4438-85d9-f3cdd8f0b22f"},"geometry":{"type":"Polygon","coordinates":[[[139.76835191825108,35.67283766129187],[139.76843811073581,35.672938300991426],[139.76839224613212,35.67296441607745],[139.76830616414298,35.672863776405165],[139.76835191825108,35.67283766129187]]]}},{"type":"Feature","properties":{"height":33.1,"gml_id":"bldg_e8f58e26-6328-4b2e-a374-12c018c329e6"},"geometry":{"type":"Polygon","coordinates":[[[139.76883836192596,35.672074190418925],[139.7689145896971,35.672161771669856],[139.76887976598604,35.67218188069362],[139.76889669620584,35.67220070140938],[139.76875677990893,35.672284436114104],[139.76866772261354,35.672175141912525],[139.76883836192596,35.672074190418925]]]}},{"type":"Feature","properties":{"height":41.7,"gml_id":"bldg_aeb308e4-edfe-4403-bd92-597930928685"},"geometry":{"type":"Polygon","coordinates":[[[139.7718024463072,35.67391599259091],[139.77171310798954,35.67374776877254],[139.7717744339689,35.67372608607069],[139.77176954733983,35.67371688055613],[139.77174635397157,35.67372508020144],[139.771729940205,35.67369416373201],[139.77174560871154,35.6736886192909],[139.77174454974357,35.67368664474281],[139.7717793563513,35.67367434077523],[139.77178040427324,35.67367631531733],[139.77217508838822,35.673536767593106],[139.77217246306438,35.67353179969538],[139.7722523079982,35.67350357317395],[139.77225494437965,35.67350853206185],[139.77227304373793,35.67350213157938],[139.77229335157685,35.67354037901238],[139.77230321893637,35.673536886687586],[139.77239355103103,35.673706994446604],[139.7718024463072,35.67391599259091]]]}},{"type":"Feature","properties":{"height":32.4,"gml_id":"bldg_4af96f4c-2038-4734-9bd2-af16f9327eeb"},"geometry":{"type":"Polygon","coordinates":[[[139.7682885875313,35.6745130086753],[139.7681275446507,35.67462433122971],[139.76809895577549,35.67459673374161],[139.7682594460071,35.67448577057391],[139.7682885875313,35.6745130086753]]]}},{"type":"Feature","properties":{"height":17.2,"gml_id":"bldg_cc27c7c2-0b7e-458b-8602-71ba42750596"},"geometry":{"type":"Polygon","coordinates":[[[139.772980946263,35.66938213340285],[139.77308791111105,35.66933107819065],[139.7731302839248,35.66939004920659],[139.7730286195396,35.66944327040679],[139.772980946263,35.66938213340285]]]}},{"type":"Feature","properties":{"height":15.9,"gml_id":"bldg_e4143f88-acf3-44c4-afe3-11627fac28b4"},"geometry":{"type":"Polygon","coordinates":[[[139.77101553867303,35.67176039623802],[139.77105234407023,35.671733734637534],[139.77109075847423,35.6717688179135],[139.77105439486172,35.67179556989138],[139.77101553867303,35.67176039623802]]]}},{"type":"Feature","properties":{"height":15.8,"gml_id":"bldg_9aee7e8b-abd9-442c-acd0-a334230bdd14"},"geometry":{"type":"Polygon","coordinates":[[[139.76558202979174,35.669645273748564],[139.7655209788592,35.669604677581155],[139.7656045584075,35.66952107717135],[139.76566549885743,35.669561673234846],[139.76558202979174,35.669645273748564]]]}},{"type":"Feature","properties":{"height":11.6,"gml_id":"bldg_3e311456-a0ed-4ef6-8869-08faf773a40e"},"geometry":{"type":"Polygon","coordinates":[[[139.77166796550563,35.668426642311786],[139.7717178133905,35.668387007390976],[139.7717554560345,35.66841848458455],[139.77170560814793,35.66845812042211],[139.77166796550563,35.668426642311786]]]}},{"type":"Feature","properties":{"height":14.5,"gml_id":"bldg_d0734168-52ce-4baf-b776-be54f8b775aa"},"geometry":{"type":"Polygon","coordinates":[[[139.77408600583738,35.66907603403601],[139.77418391837816,35.669016050696456],[139.7742104077442,35.66904481842162],[139.77411260558296,35.66910489107268],[139.77408600583738,35.66907603403601]]]}},{"type":"Feature","properties":{"height":27.4,"gml_id":"bldg_6ba11579-0607-4a4a-98dc-5d6c2d493e6d"},"geometry":{"type":"Polygon","coordinates":[[[139.76586346312092,35.674922880369934],[139.7657655394238,35.67498015275406],[139.76572956396072,35.67493578503025],[139.7658094613896,35.67488893144797],[139.76582315401663,35.67490858904816],[139.765842140942,35.67489864042671],[139.76586346312092,35.674922880369934]]]}},{"type":"Feature","properties":{"height":33.7,"gml_id":"bldg_49bc8a20-964d-4b25-abae-03bee27cdd87"},"geometry":{"type":"Polygon","coordinates":[[[139.76419929194086,35.671632781897216],[139.76406820085572,35.67150845228297],[139.76411803935682,35.671473462597476],[139.76409049007816,35.67144733398019],[139.76415664290025,35.6714008972068],[139.76431528331688,35.671551355298874],[139.76419929194086,35.671632781897216]]]}},{"type":"Feature","properties":{"height":8.1,"gml_id":"bldg_82ef7f21-edcf-41c7-924c-57bb35fd5076"},"geometry":{"type":"Polygon","coordinates":[[[139.77266035451393,35.672199483842675],[139.7726212096463,35.67210671282727],[139.77267722731412,35.672090967030684],[139.77266190017758,35.67205463397525],[139.7726996872127,35.67204401680716],[139.77275415932775,35.672173120843276],[139.77266035451393,35.672199483842675]]]}},{"type":"Feature","properties":{"height":30.9,"gml_id":"bldg_11037732-b0a9-4293-afaf-719e21507826"},"geometry":{"type":"Polygon","coordinates":[[[139.77439197279952,35.67329623315601],[139.77475674754402,35.673277211921906],[139.77476539314338,35.67338844644007],[139.77440072836214,35.67340746685225],[139.77439197279952,35.67329623315601]]]}},{"type":"Feature","properties":{"height":41.1,"gml_id":"bldg_ab61cacd-1142-4c63-9323-ce89d265c141"},"geometry":{"type":"Polygon","coordinates":[[[139.7734342359799,35.67032717841303],[139.773437987261,35.67033312934285],[139.77332318047863,35.67038147592779],[139.77314808414872,35.67010457679228],[139.7732414542301,35.67006523340938],[139.7731803307613,35.669968486431266],[139.77328165642794,35.66992581100737],[139.77340544841076,35.67012165097205],[139.77332456456168,35.670155682602335],[139.77341878806806,35.670304636394846],[139.7734342359799,35.67032717841303]]]}},{"type":"Feature","properties":{"height":42.1,"gml_id":"bldg_a4f1b549-5592-498e-88dd-789198c1696d"},"geometry":{"type":"Polygon","coordinates":[[[139.7705941695074,35.668869365110815],[139.77082570035648,35.66906060374354],[139.77033808269846,35.669453627883144],[139.77010655188042,35.66926238832538],[139.7705941695074,35.668869365110815]]]}},{"type":"Feature","properties":{"height":6.7,"gml_id":"bldg_d00abe09-b3dd-45ac-b426-66b2b26e6060"},"geometry":{"type":"Polygon","coordinates":[[[139.7734623842503,35.67331199923714],[139.7734243817795,35.67331459431651],[139.77341560622602,35.673231934058315],[139.77345349825873,35.67322924878947],[139.7734623842503,35.67331199923714]]]}},{"type":"Feature","properties":{"height":15.8,"gml_id":"bldg_45dfacc9-eca1-43d5-8e62-24c3bb567736"},"geometry":{"type":"Polygon","coordinates":[[[139.76374105123045,35.67078183803278],[139.76368699060146,35.670819934861875],[139.76365129603437,35.67078629299138],[139.76370523526563,35.67074806090192],[139.76374105123045,35.67078183803278]]]}},{"type":"Feature","properties":{"height":22.5,"gml_id":"bldg_a802fbd8-c779-438a-b81c-02f1af7b5432"},"geometry":{"type":"Polygon","coordinates":[[[139.77143894751518,35.66832831114711],[139.77140999938155,35.66835254321382],[139.7713318309287,35.668290272157684],[139.77136079010938,35.6682660401152],[139.77143894751518,35.66832831114711]]]}},{"type":"Feature","properties":{"height":15.2,"gml_id":"bldg_619772ea-f19f-4831-be94-a4eed9038512"},"geometry":{"type":"Polygon","coordinates":[[[139.76966884012592,35.67012324870271],[139.76966617063783,35.67014641258546],[139.76961947111988,35.67018315490192],[139.76954180083422,35.67011902613709],[139.7696007276396,35.67006949082147],[139.76966884012592,35.67012324870271]]]}},{"type":"Feature","properties":{"height":6.9,"gml_id":"bldg_7bd24499-8d7a-405a-a2a1-0a75dd95c26f"},"geometry":{"type":"Polygon","coordinates":[[[139.76966888522244,35.67048379804218],[139.76974326902342,35.670430385912475],[139.7697894083322,35.67047340577463],[139.76971513505623,35.670526727853506],[139.76966888522244,35.67048379804218]]]}},{"type":"Feature","properties":{"height":5.1,"gml_id":"bldg_2c79f5eb-7940-4b2b-9f21-0f43cbfd66f5"},"geometry":{"type":"Polygon","coordinates":[[[139.76447946453555,35.667257090117],[139.76445021315158,35.66723372780845],[139.76446104579966,35.66722472026743],[139.76449029710614,35.6672481727107],[139.76447946453555,35.667257090117]]]}},{"type":"Feature","properties":{"height":14.4,"gml_id":"bldg_2c388c18-9f95-4e13-b3a2-ac82469cfe9d"},"geometry":{"type":"Polygon","coordinates":[[[139.7654862091685,35.67296822191963],[139.76551656097143,35.672999427420564],[139.76543385378938,35.673052920554916],[139.76540350199693,35.67302171683619],[139.7654862091685,35.67296822191963]]]}},{"type":"Feature","properties":{"height":37.6,"gml_id":"bldg_7eedfdf1-1d78-422d-8b5f-69d126af05e7"},"geometry":{"type":"Polygon","coordinates":[[[139.76288524415847,35.66898941924989],[139.76277222558588,35.66888353183271],[139.7629901196473,35.66873292263138],[139.7630112880568,35.66875331504994],[139.76305831744045,35.668720802922884],[139.7631470884279,35.66880334839832],[139.76288524415847,35.66898941924989]]]}},{"type":"Feature","properties":{"height":21.0,"gml_id":"bldg_9f017772-ee5f-4063-8024-2238eb147729"},"geometry":{"type":"Polygon","coordinates":[[[139.76806462274232,35.67310353709642],[139.76810169341024,35.673146534642925],[139.767977239256,35.673217567445924],[139.7679405993088,35.673174732342645],[139.76806462274232,35.67310353709642]]]}},{"type":"Feature","properties":{"height":9.7,"gml_id":"bldg_881b19a2-0ba0-42ad-a82c-db10d75ce57c"},"geometry":{"type":"Polygon","coordinates":[[[139.77083134689903,35.67254386433514],[139.77073397972998,35.67260402456684],[139.77069699367965,35.67256434582413],[139.7707939191778,35.672503914079265],[139.77083134689903,35.67254386433514]]]}},{"type":"Feature","properties":{"height":23.0,"gml_id":"bldg_fa4b6cbb-d9d9-4007-bc6b-96336b0e4852"},"geometry":{"type":"Polygon","coordinates":[[[139.77097511852367,35.673025902980186],[139.7710163962464,35.673073066152085],[139.7709191452137,35.67312529540818],[139.77087003270165,35.673067491939285],[139.77097511852367,35.673025902980186]]]}},{"type":"Feature","properties":{"height":34.4,"gml_id":"bldg_df4db62b-9726-483d-915b-377dfd4f6f45"},"geometry":{"type":"Polygon","coordinates":[[[139.77040185730422,35.67252894825239],[139.77045877547235,35.672492742793686],[139.77053460298774,35.6725722825583],[139.77042684520913,35.67264082169277],[139.77036606174244,35.672577143978174],[139.77038483922564,35.672565210604596],[139.7703592102018,35.67253835431679],[139.7703913717119,35.67251794602159],[139.77040185730422,35.67252894825239]]]}},{"type":"Feature","properties":{"height":20.8,"gml_id":"bldg_0facc787-4430-4e0c-9a38-dd580d8127c3"},"geometry":{"type":"Polygon","coordinates":[[[139.77302576298206,35.671478749224484],[139.77304924669554,35.67153879243414],[139.77292229836328,35.6715718993413],[139.77289881473524,35.6715118561073],[139.77302576298206,35.671478749224484]]]}},{"type":"Feature","properties":{"height":47.2,"gml_id":"bldg_08b825d8-c1c2-415b-af23-658690a22319"},"geometry":{"type":"Polygon","coordinates":[[[139.7683143811653,35.67172165113576],[139.768435733115,35.671645099890085],[139.76836695931712,35.671561685793236],[139.76842939936847,35.67152740419194],[139.76842150866196,35.67151816086419],[139.76840875496103,35.67152573543735],[139.76840307112423,35.67151947594187],[139.76846071740866,35.67148466894261],[139.76859293511453,35.67163121323112],[139.7685882672984,35.671666274134196],[139.76840324844676,35.67179155640279],[139.76837099485422,35.67178901426021],[139.7683143811653,35.67172165113576]]]}},{"type":"Feature","properties":{"height":17.4,"gml_id":"bldg_35dfcecc-d667-4f85-8947-270aa665870d"},"geometry":{"type":"Polygon","coordinates":[[[139.76600878779269,35.67459062563723],[139.7661087018399,35.674530288594134],[139.7661554976389,35.67458133330388],[139.76605491976986,35.674642840897384],[139.76600878779269,35.67459062563723]]]}},{"type":"Feature","properties":{"height":40.8,"gml_id":"bldg_f8522234-e1ce-4260-9be2-f6fa879e88c0"},"geometry":{"type":"Polygon","coordinates":[[[139.7696257406333,35.67084252177064],[139.76952716348393,35.67075891227843],[139.76959005618477,35.670709639571854],[139.76976325625216,35.670856565733274],[139.76962731156397,35.67095077842446],[139.76956030554632,35.67089386540525],[139.7696257406333,35.67084252177064]]]}},{"type":"Feature","properties":{"height":15.5,"gml_id":"bldg_37be5db6-6903-4b55-9c9c-267e6f6bcaac"},"geometry":{"type":"Polygon","coordinates":[[[139.77027885992482,35.671608311632696],[139.770367274875,35.67155292255234],[139.7703921085836,35.67157934666922],[139.77030369362203,35.67163473486619],[139.77027885992482,35.671608311632696]]]}},{"type":"Feature","properties":{"height":35.6,"gml_id":"bldg_e44bc50f-005e-4ca4-a5aa-48b2624affb8"},"geometry":{"type":"Polygon","coordinates":[[[139.76808038895484,35.67466100056335],[139.76829485884522,35.67451705922612],[139.768369255804,35.67458947961225],[139.76809571962247,35.67477249964975],[139.76796922510857,35.674646689567155],[139.76805082843154,35.6745921286845],[139.76809771962323,35.67463611404221],[139.76807296041466,35.6746536413367],[139.76808038895484,35.67466100056335]]]}},{"type":"Feature","properties":{"height":28.6,"gml_id":"bldg_17bb383b-021a-4388-9245-951be6ab2ea4"},"geometry":{"type":"Polygon","coordinates":[[[139.7626557597368,35.66791433374814],[139.762716372322,35.66796040155745],[139.76260858974845,35.66805651576492],[139.76254770036869,35.66801116793687],[139.7626557597368,35.66791433374814]]]}},{"type":"Feature","properties":{"height":29.6,"gml_id":"bldg_5ff0d9f8-3a24-43de-851b-5e796113f8e3"},"geometry":{"type":"Polygon","coordinates":[[[139.77152743927775,35.67260975256033],[139.7715780763548,35.672696311245744],[139.771448129439,35.67274699182543],[139.77139738200395,35.67266043393074],[139.77152743927775,35.67260975256033]]]}},{"type":"Feature","properties":{"height":15.5,"gml_id":"bldg_3f612065-826d-4edb-ac9c-d40e2c1cb61f"},"geometry":{"type":"Polygon","coordinates":[[[139.77413610252052,35.671690591086296],[139.77404284885338,35.671719920953805],[139.77401340100198,35.67165753143123],[139.77410665461395,35.67162819257245],[139.77413610252052,35.671690591086296]]]}},{"type":"Feature","properties":{"height":57.6,"gml_id":"bldg_2cc586dc-c669-45b5-af5d-0ed5e2ffcb26"},"geometry":{"type":"Polygon","coordinates":[[[139.76269189940854,35.67154064297313],[139.76275823337994,35.67160314702367],[139.76268439719763,35.6716553833613],[139.76275084156362,35.671718067754135],[139.76266363080555,35.67177967141818],[139.76253074197402,35.671654572010766],[139.76269189940854,35.67154064297313]]]}},{"type":"Feature","properties":{"height":32.1,"gml_id":"bldg_e101fff7-5b03-475c-9571-ebb44b095957"},"geometry":{"type":"Polygon","coordinates":[[[139.76944283084296,35.67414748908736],[139.76930497798523,35.67399544442045],[139.7693560385964,35.6739646446141],[139.7694938914982,35.674116689223354],[139.76944283084296,35.67414748908736]]]}},{"type":"Feature","properties":{"height":6.2,"gml_id":"bldg_ea507abb-a5f7-464a-b63b-c7af777ca823"},"geometry":{"type":"Polygon","coordinates":[[[139.76834433303426,35.66761347786535],[139.76829156781875,35.667571445362604],[139.76832660704832,35.667542080402455],[139.76837948272237,35.66758411204825],[139.76834433303426,35.66761347786535]]]}},{"type":"Feature","properties":{"height":3.8,"gml_id":"bldg_d5b6ad50-ec13-4387-bc69-b175a81ad1b2"},"geometry":{"type":"Polygon","coordinates":[[[139.76703652442518,35.67192662063406],[139.76693924266897,35.67198782434345],[139.76691214730468,35.67195915475175],[139.76700944009318,35.67189795107002],[139.76703652442518,35.67192662063406]]]}},{"type":"Feature","properties":{"height":27.3,"gml_id":"bldg_153cf1e3-812a-4a00-9b9a-a616fc6cfe32"},"geometry":{"type":"Polygon","coordinates":[[[139.76618750287918,35.672771394647995],[139.76613198214812,35.67271935355656],[139.7662116755242,35.672662612415415],[139.76622944654602,35.672679297719334],[139.76630173507309,35.6726267879426],[139.7663395948166,35.67266268365512],[139.76618750287918,35.672771394647995]]]}},{"type":"Feature","properties":{"height":8.1,"gml_id":"bldg_61624310-d3c6-4427-ba9f-97d65cf10f50"},"geometry":{"type":"Polygon","coordinates":[[[139.77476055206716,35.672106862109764],[139.77472053340082,35.67211813684065],[139.77474787048087,35.672182725410444],[139.7746897207105,35.67219911020536],[139.77466337614769,35.67213685756372],[139.7745932384536,35.67215662743586],[139.7745618875344,35.67208255442723],[139.77473019348932,35.67203512508459],[139.77476055206716,35.672106862109764]]]}},{"type":"Feature","properties":{"height":18.5,"gml_id":"bldg_2227be9f-7dea-4179-be35-672773cec558"},"geometry":{"type":"Polygon","coordinates":[[[139.766916008731,35.674645103675864],[139.76684369807563,35.67457607270633],[139.76687155221921,35.67455664457525],[139.7669438628803,35.67462567642967],[139.766916008731,35.674645103675864]]]}},{"type":"Feature","properties":{"height":25.0,"gml_id":"bldg_7c8c1223-8b3b-48f1-8db9-9c7373d343cf"},"geometry":{"type":"Polygon","coordinates":[[[139.7693542514087,35.67135931533742],[139.76938460439894,35.67139015842214],[139.76932470155566,35.67142942556053],[139.76927867536298,35.67138271085876],[139.76931492654066,35.67135893388703],[139.7693542514087,35.67135931533742]]]}},{"type":"Feature","properties":{"height":30.5,"gml_id":"bldg_c46f9178-84cc-4ff3-9799-647db5999f7e"},"geometry":{"type":"Polygon","coordinates":[[[139.7739032130174,35.66830409778402],[139.77384945470672,35.66825611816383],[139.77390626243425,35.66821369151502],[139.77396002075054,35.668261671110194],[139.7739032130174,35.66830409778402]]]}},{"type":"Feature","properties":{"height":22.9,"gml_id":"bldg_4087bc1f-3324-4bf3-a0ce-55aaf63bd5b3"},"geometry":{"type":"Polygon","coordinates":[[[139.77454520631625,35.67154159623832],[139.77459168335432,35.67165574177159],[139.7745327940943,35.6716717565686],[139.77448632822296,35.67155754882365],[139.77454520631625,35.67154159623832]]]}},{"type":"Feature","properties":{"height":11.8,"gml_id":"bldg_356d2378-e16d-41ff-8aed-8e0bbcb11d46"},"geometry":{"type":"Polygon","coordinates":[[[139.77470140190232,35.671920348249806],[139.77450672426912,35.67197316389692],[139.77448147342363,35.67191104695353],[139.77467604045788,35.67185823129275],[139.77470140190232,35.671920348249806]]]}},{"type":"Feature","properties":{"height":10.1,"gml_id":"bldg_0a12eb70-9f9c-45c9-b088-57ca399a8135"},"geometry":{"type":"Polygon","coordinates":[[[139.76361737475375,35.671406517224064],[139.76359463783555,35.67138505137817],[139.76371633330513,35.671299130805274],[139.76373907023162,35.67132059662849],[139.76361737475375,35.671406517224064]]]}},{"type":"Feature","properties":{"height":13.7,"gml_id":"bldg_247295ae-146c-466b-afe4-ac8546764b6d"},"geometry":{"type":"Polygon","coordinates":[[[139.7687075568169,35.670310763090235],[139.76878094381445,35.67026122692387],[139.76883458692402,35.67031299359474],[139.76876274428113,35.670365146406766],[139.7687075568169,35.670310763090235]]]}},{"type":"Feature","properties":{"height":42.4,"gml_id":"bldg_b2d82853-b95f-4277-a43e-178f80e5e69b"},"geometry":{"type":"Polygon","coordinates":[[[139.7673547994874,35.6688745923558],[139.76733360546632,35.66885709409548],[139.76733029543632,35.66885249527639],[139.76733018875996,35.6688478982131],[139.76733251332644,35.66884195042218],[139.76733726594495,35.66883852780776],[139.7673420168568,35.66883717835125],[139.76734842415584,35.66883646076368],[139.7673674355133,35.66882168865463],[139.76739767980263,35.66884829573737],[139.76742299288165,35.66882685690615],[139.7675125177597,35.668898205419694],[139.76750389577114,35.668905591067684],[139.7675340302686,35.668931476957056],[139.76751450957613,35.66894773607999],[139.7675349650909,35.66896338608906],[139.76745010374376,35.66903725231315],[139.76745021220475,35.66903968608085],[139.76744468265056,35.669047615141814],[139.76743517858276,35.66905301818181],[139.76742644996088,35.669055718426435],[139.767416065392,35.6690572441757],[139.7674105408726,35.6690590438983],[139.76740093123226,35.66905849781291],[139.76739121276213,35.66905596864555],[139.76738149533062,35.669052177555116],[139.7673708980701,35.669043698839914],[139.7672714444722,35.668956842053724],[139.767278519446,35.66895017577123],[139.76726714898572,35.66894169662263],[139.7673547994874,35.6688745923558]]]}},{"type":"Feature","properties":{"height":54.8,"gml_id":"bldg_2c4e619d-e05d-47fc-baa3-d2f6439cb34a"},"geometry":{"type":"Polygon","coordinates":[[[139.76759396260667,35.672628591045566],[139.76762183941156,35.67265998305357],[139.76763058053933,35.67266945223926],[139.76765898453996,35.672651999127524],[139.76781109376037,35.67281678085407],[139.76768406023112,35.672894860690434],[139.76744071023882,35.67263123843797],[139.76756310044087,35.67254406957804],[139.76762405647003,35.67261010228566],[139.76759396260667,35.672628591045566]]]}},{"type":"Feature","properties":{"height":48.5,"gml_id":"bldg_7847909b-6946-4c99-a4e4-372d4101fd48"},"geometry":{"type":"Polygon","coordinates":[[[139.76488276782334,35.670364967383705],[139.76486523008128,35.6703476780876],[139.7648983437624,35.67032530680012],[139.76491589255295,35.67034259609775],[139.764928061505,35.67033436355844],[139.76504748174665,35.670452060549316],[139.76506118702153,35.670442785077746],[139.76509849209867,35.67047958225144],[139.76514250732734,35.6705234589934],[139.76512933264434,35.67053229400313],[139.76513875831446,35.67054152940348],[139.76508205821875,35.67057989577798],[139.7651941946214,35.67069037840581],[139.7650871164213,35.67076275121372],[139.76501204253418,35.67068865181875],[139.76483066795728,35.67081122566327],[139.76476564885118,35.67074718214623],[139.76474179711028,35.67076331215564],[139.76467223085163,35.670694813213785],[139.76468980463906,35.67068294313453],[139.76461360518357,35.67060801358539],[139.76476099262163,35.67050848685454],[139.764724140182,35.67047215854852],[139.76488276782334,35.670364967383705]]]}},{"type":"Feature","properties":{"height":8.7,"gml_id":"bldg_42e8c0d1-2ea0-4e0f-b79e-55736c796ae2"},"geometry":{"type":"Polygon","coordinates":[[[139.7683709565801,35.66992758844744],[139.76827205311182,35.669840732796125],[139.7683337287357,35.66979398482738],[139.7684335152517,35.66988165214069],[139.7683709565801,35.66992758844744]]]}},{"type":"Feature","properties":{"height":29.0,"gml_id":"bldg_1b5a36bd-c051-42c7-a58b-6d25d2b2e3e7"},"geometry":{"type":"Polygon","coordinates":[[[139.7697728694829,35.6708528751779],[139.76965875138148,35.67075361876373],[139.76971304382988,35.67071208514208],[139.7697348341878,35.67073106244715],[139.7697577912956,35.67071350590468],[139.76983467574897,35.670780528419215],[139.76983451216617,35.670805756867885],[139.7697728694829,35.6708528751779]]]}},{"type":"Feature","properties":{"height":20.2,"gml_id":"bldg_72475d15-75d1-4d4e-8734-d1b7a4af9a54"},"geometry":{"type":"Polygon","coordinates":[[[139.76396578886445,35.671126193105025],[139.76396446246693,35.67112715681015],[139.76398861269772,35.671149372442144],[139.7639319535379,35.67119036038867],[139.76381814516895,35.67108565433305],[139.76395907446124,35.6709837001704],[139.76411525611837,35.67112746893052],[139.76405112496747,35.671173924874104],[139.76402995493055,35.671154370922125],[139.76395324504787,35.67120994056756],[139.7639352979268,35.67119343599856],[139.76399328347844,35.67115149155605],[139.76396578886445,35.671126193105025]]]}},{"type":"Feature","properties":{"height":17.6,"gml_id":"bldg_932ec924-18fc-462a-b77e-2da64d7297b9"},"geometry":{"type":"Polygon","coordinates":[[[139.7678887521723,35.67270750458112],[139.76786179490125,35.672671344872306],[139.76795070059794,35.672627225907476],[139.76797764685512,35.672663376576956],[139.7678887521723,35.67270750458112]]]}},{"type":"Feature","properties":{"height":14.8,"gml_id":"bldg_bfa4547e-a7e5-4068-8eeb-88020f00cdec"},"geometry":{"type":"Polygon","coordinates":[[[139.7716163636728,35.66948205213656],[139.77167855651848,35.66943494216644],[139.7717359134811,35.66948536730906],[139.77167372063687,35.669532468294655],[139.7716163636728,35.66948205213656]]]}},{"type":"Feature","properties":{"height":38.2,"gml_id":"bldg_3a25779b-997c-4010-aec2-47f99be5d22b"},"geometry":{"type":"Polygon","coordinates":[[[139.7719718914525,35.674710990632036],[139.7719000648632,35.67473970779377],[139.77184534213617,35.67464882059735],[139.77170677207295,35.67470418507347],[139.7716730121023,35.67464774186223],[139.7718835187022,35.674564111958524],[139.7719718914525,35.674710990632036]]]}},{"type":"Feature","properties":{"height":53.2,"gml_id":"bldg_11ce61e7-19d2-4b19-b560-627344df937b"},"geometry":{"type":"Polygon","coordinates":[[[139.76596858502236,35.67366119776651],[139.76606980060174,35.673759865431826],[139.7659221315048,35.67386073569486],[139.7658209160554,35.67376197867125],[139.76596858502236,35.67366119776651]]]}},{"type":"Feature","properties":{"height":14.5,"gml_id":"bldg_640644f2-34e7-4c43-b68b-e7905579f241"},"geometry":{"type":"Polygon","coordinates":[[[139.77313606654937,35.672575324733764],[139.7730281167705,35.67260835110526],[139.7730106918185,35.67257030443792],[139.77298649428906,35.67257768357142],[139.7729512030676,35.67250095903919],[139.77308335022298,35.672460553587655],[139.77313606654937,35.672575324733764]]]}},{"type":"Feature","properties":{"height":23.9,"gml_id":"bldg_77df1040-65b6-48e0-9480-e7d43263708a"},"geometry":{"type":"Polygon","coordinates":[[[139.76691637417215,35.67115049923335],[139.76686427823356,35.67109873166821],[139.7669253984757,35.671057843050505],[139.7669774944273,35.671109610589575],[139.76691637417215,35.67115049923335]]]}},{"type":"Feature","properties":{"height":23.1,"gml_id":"bldg_c35e1a37-9b85-460d-9f76-ad1a33fb12e4"},"geometry":{"type":"Polygon","coordinates":[[[139.76616887087988,35.674573498822504],[139.76611003690672,35.67451902308296],[139.7662681016189,35.674405448135914],[139.7663268252235,35.6744598336006],[139.76616887087988,35.674573498822504]]]}},{"type":"Feature","properties":{"height":29.7,"gml_id":"bldg_2538d283-f66e-483e-9f92-c64b1f54a06a"},"geometry":{"type":"Polygon","coordinates":[[[139.76380777946758,35.6681350927969],[139.76374210239595,35.66808169444385],[139.76384435005986,35.66799783470856],[139.76391002713032,35.66805123390796],[139.76380777946758,35.6681350927969]]]}},{"type":"Feature","properties":{"height":34.6,"gml_id":"bldg_c8a8c0d9-cb58-433c-821e-a12eb13b235b"},"geometry":{"type":"Polygon","coordinates":[[[139.76895318437434,35.67436496386449],[139.76901431109363,35.67442793037243],[139.76889925813023,35.674510813170905],[139.76893745191072,35.674545987137016],[139.76882758251068,35.67462533925665],[139.76872465817166,35.67453046868477],[139.76895318437434,35.67436496386449]]]}},{"type":"Feature","properties":{"height":17.0,"gml_id":"bldg_a4eab8c7-f038-48a3-8d63-34865c1d908c"},"geometry":{"type":"Polygon","coordinates":[[[139.76243732576148,35.67121338506169],[139.7624791621625,35.67118411506065],[139.7625747327885,35.67127466010571],[139.76253296258164,35.671304011302006],[139.76243732576148,35.67121338506169]]]}},{"type":"Feature","properties":{"height":21.3,"gml_id":"bldg_c178649f-8c6b-4e48-8630-b42a63f6d063"},"geometry":{"type":"Polygon","coordinates":[[[139.77136866047297,35.669573756848045],[139.77134490525626,35.66955293190936],[139.7713245573506,35.66956837998666],[139.77130567019765,35.66955182104323],[139.7713895591028,35.66948885822493],[139.77143238894868,35.66952664779612],[139.77136866047297,35.669573756848045]]]}},{"type":"Feature","properties":{"height":9.6,"gml_id":"bldg_5dba1b22-2e40-4d2b-9f23-132c2235efc9"},"geometry":{"type":"Polygon","coordinates":[[[139.76900138147465,35.669767121900364],[139.76897485524935,35.66978630697831],[139.7689467990498,35.669784939919616],[139.7688896221719,35.66973226912843],[139.7689310693384,35.669702365707174],[139.76900138147465,35.669767121900364]]]}},{"type":"Feature","properties":{"height":32.5,"gml_id":"bldg_57c11bd9-497c-44db-9940-b728eb84e84e"},"geometry":{"type":"Polygon","coordinates":[[[139.77165182444608,35.673915258425346],[139.771635607637,35.67394420130842],[139.77152402869922,35.67398158710723],[139.77148929166063,35.673917806162095],[139.77151722565145,35.67390768006277],[139.77150159455127,35.67387897232826],[139.7716223638171,35.67385649095192],[139.77165182444608,35.673915258425346]]]}},{"type":"Feature","properties":{"height":4.8,"gml_id":"bldg_a20a1546-165c-4e7c-ba03-86a299023472"},"geometry":{"type":"Polygon","coordinates":[[[139.76619308762284,35.669927926143025],[139.7661875960031,35.66989033581311],[139.76624570385977,35.66988450927481],[139.76625130589287,35.66992218980096],[139.76619308762284,35.669927926143025]]]}},{"type":"Feature","properties":{"height":35.1,"gml_id":"bldg_90400a5f-7904-4f0d-a38c-00626b7e1f43"},"geometry":{"type":"Polygon","coordinates":[[[139.76706063492446,35.6688844360622],[139.76710732658913,35.668924572870765],[139.76685387775137,35.66912075235287],[139.76671523795153,35.66900151416075],[139.76696857629025,35.66880533490563],[139.76705699226093,35.66888136938747],[139.76706063492446,35.6688844360622]]]}},{"type":"Feature","properties":{"height":13.0,"gml_id":"bldg_6ed5e1a8-d04d-4ee3-bff7-c156638a9ce8"},"geometry":{"type":"Polygon","coordinates":[[[139.7705508013495,35.671777100634294],[139.77048714299158,35.671816367291775],[139.770464296196,35.671791657743114],[139.77052795454546,35.671752391097534],[139.7705508013495,35.671777100634294]]]}},{"type":"Feature","properties":{"height":9.4,"gml_id":"bldg_282dd07a-d247-451b-8785-525d727ea3d0"},"geometry":{"type":"Polygon","coordinates":[[[139.76742777859883,35.668541259326034],[139.76745573238892,35.66851882140741],[139.76748295200926,35.668542966065495],[139.76745594878957,35.66856465637035],[139.76742777859883,35.668541259326034]]]}},{"type":"Feature","properties":{"height":27.6,"gml_id":"bldg_8493f011-57b7-4d84-8c5f-53f2fe25f3e3"},"geometry":{"type":"Polygon","coordinates":[[[139.7699816933361,35.66687720696287],[139.76998723109375,35.66687236859744],[139.7700244760437,35.66690214343505],[139.7699012233072,35.667004808144014],[139.76986397835475,35.666975034170164],[139.7699816933361,35.66687720696287]]]}},{"type":"Feature","properties":{"height":7.8,"gml_id":"bldg_c9dd3ab1-d437-4166-b284-dcfe3997f82b"},"geometry":{"type":"Polygon","coordinates":[[[139.77059256362466,35.667039521689134],[139.7706423585041,35.66708138939412],[139.77060178420115,35.667113529280115],[139.77055200035468,35.6670716795918],[139.77059256362466,35.667039521689134]]]}},{"type":"Feature","properties":{"height":8.1,"gml_id":"bldg_0385a35e-d303-4a39-81a2-8f13c866f447"},"geometry":{"type":"Polygon","coordinates":[[[139.7707834738458,35.672299658437645],[139.77081415562384,35.67233500729201],[139.77078100106345,35.6723541893177],[139.77075031929343,35.67231883955362],[139.7707834738458,35.672299658437645]]]}},{"type":"Feature","properties":{"height":34.2,"gml_id":"bldg_62397812-0720-4d83-9032-cd3690c25641"},"geometry":{"type":"Polygon","coordinates":[[[139.77153699728217,35.67375269916378],[139.77155814498337,35.673761498400026],[139.7716099523512,35.67384990456903],[139.77141488285,35.673886490286556],[139.7713868756413,35.67377692303454],[139.77153699728217,35.67375269916378]]]}},{"type":"Feature","properties":{"height":21.1,"gml_id":"bldg_fdc08cb2-5435-498e-b7ae-930a306dfb8a"},"geometry":{"type":"Polygon","coordinates":[[[139.76261602235272,35.66833354828105],[139.76271413069912,35.66842366208763],[139.7626384946419,35.668478484312786],[139.7625403973675,35.6683883614382],[139.76261602235272,35.66833354828105]]]}},{"type":"Feature","properties":{"height":3.0,"gml_id":"bldg_f665068e-22c9-45b3-99d5-a27b6d9ab2d5"},"geometry":{"type":"Polygon","coordinates":[[[139.7704014312302,35.670383815209455],[139.77038349308407,35.67036849240235],[139.77041619902974,35.67034292762078],[139.7704341703286,35.670358233314296],[139.7704014312302,35.670383815209455]]]}},{"type":"Feature","properties":{"height":7.3,"gml_id":"bldg_5406fdee-dbd3-475d-ade6-5a1094d000b0"},"geometry":{"type":"Polygon","coordinates":[[[139.7640229563611,35.671468234022655],[139.76398130178148,35.67142826118351],[139.76405915935553,35.67137422361551],[139.76410082500018,35.67141418742071],[139.7640229563611,35.671468234022655]]]}},{"type":"Feature","properties":{"height":7.4,"gml_id":"bldg_6c7cb89a-fc79-42c3-8ebd-a16fd95af177"},"geometry":{"type":"Polygon","coordinates":[[[139.77322297152008,35.67114398770589],[139.7732365355751,35.671174641164505],[139.77315753767564,35.67119641494218],[139.77314485776245,35.67116522109284],[139.77322297152008,35.67114398770589]]]}},{"type":"Feature","properties":{"height":33.8,"gml_id":"bldg_9e911bd8-c36a-4d09-ac0a-cc66dcec1e38"},"geometry":{"type":"Polygon","coordinates":[[[139.76936127929076,35.67341907259518],[139.7693364059934,35.67338660184372],[139.76942867217397,35.67333958115839],[139.76947623584206,35.673399187136376],[139.76935843040044,35.6734591560321],[139.76933718775803,35.67343131035118],[139.76936127929076,35.67341907259518]]]}},{"type":"Feature","properties":{"height":38.9,"gml_id":"bldg_4e79a480-e5cc-4f8e-bfd5-683749640051"},"geometry":{"type":"Polygon","coordinates":[[[139.77261152697304,35.67021846634614],[139.7726057806639,35.67022145600769],[139.7726085726514,35.670225035867794],[139.77253944010542,35.670260992820694],[139.77250566035696,35.6702177458972],[139.77248261985,35.67022973243614],[139.77247948577053,35.670225709825935],[139.77245513023553,35.67023837983735],[139.7724423180047,35.670221977378496],[139.77244639568124,35.67021985219942],[139.77242425844707,35.67019151985403],[139.77244619388927,35.67018011144908],[139.77244379917855,35.670177053681236],[139.77254126541027,35.67012634659548],[139.77257866480556,35.6701742103674],[139.77257220020658,35.67017757824175],[139.77257469422287,35.67018078838925],[139.77257995430486,35.67017805086839],[139.77261152697304,35.67021846634614]]]}},{"type":"Feature","properties":{"height":11.8,"gml_id":"bldg_0e4b0d62-c826-43c7-9b3a-23dc0526b1ba"},"geometry":{"type":"Polygon","coordinates":[[[139.76875734066112,35.670491063551395],[139.76878184466915,35.67051432400769],[139.7687184030824,35.67055891697051],[139.76869389908572,35.670535648389134],[139.76875734066112,35.670491063551395]]]}},{"type":"Feature","properties":{"height":15.6,"gml_id":"bldg_cdbd019a-6949-4781-81ad-04c2d05120c5"},"geometry":{"type":"Polygon","coordinates":[[[139.76918802361283,35.67078144669712],[139.76925378915533,35.670731454598275],[139.76931152102657,35.67078196310899],[139.76924575540795,35.67083204357351],[139.76918802361283,35.67078144669712]]]}},{"type":"Feature","properties":{"height":32.4,"gml_id":"bldg_26ba06c1-a269-46cd-9096-711ea82faf89"},"geometry":{"type":"Polygon","coordinates":[[[139.76479563807044,35.669896087435966],[139.7649256804173,35.67001789094839],[139.76481011102203,35.67010003859443],[139.7646800797641,35.66997823496522],[139.76479563807044,35.669896087435966]]]}},{"type":"Feature","properties":{"height":3.3,"gml_id":"bldg_ac15e35a-b455-4a26-be13-d2cf872e7b78"},"geometry":{"type":"Polygon","coordinates":[[[139.76828095408118,35.67153171377285],[139.7681938653375,35.67158457729217],[139.76814442426846,35.6715268626578],[139.76822963399474,35.67147535021743],[139.76828095408118,35.67153171377285]]]}},{"type":"Feature","properties":{"height":27.0,"gml_id":"bldg_de001257-bbd6-4bd9-adb3-081be5857a49"},"geometry":{"type":"Polygon","coordinates":[[[139.77452408595232,35.66848386609279],[139.77454794986565,35.66847765826743],[139.77454641731384,35.66847378161282],[139.77456098990893,35.668469795641265],[139.77455082390472,35.668444687424476],[139.77460322771185,35.66841233565502],[139.77463498109825,35.66849302407444],[139.77453764714895,35.66851848455943],[139.77452408595232,35.66848386609279]]]}},{"type":"Feature","properties":{"height":21.7,"gml_id":"bldg_31b31825-ebf0-4523-9a58-c798faf05db3"},"geometry":{"type":"Polygon","coordinates":[[[139.7647823904393,35.66887919459479],[139.76488519910805,35.66878505954975],[139.7649833372885,35.66885677358535],[139.76487754451293,35.66895289093964],[139.7647823904393,35.66887919459479]]]}},{"type":"Feature","properties":{"height":11.4,"gml_id":"bldg_1f8a9f9b-7001-434f-b5a7-6406c5737b3b"},"geometry":{"type":"Polygon","coordinates":[[[139.76269083767664,35.67412460795147],[139.76263383360484,35.674252929961504],[139.7625947508782,35.67422694657317],[139.7624562005016,35.674128707415804],[139.7626814835095,35.674084220967124],[139.76269083767664,35.67412460795147]]]}},{"type":"Feature","properties":{"height":37.1,"gml_id":"bldg_18174535-b3a5-4471-81f4-aa60a322e87c"},"geometry":{"type":"Polygon","coordinates":[[[139.76293174958525,35.667603855027494],[139.76306503150437,35.66748773679772],[139.76307463497145,35.66749507958304],[139.76310789737016,35.66746608376719],[139.76309830493355,35.66745875901838],[139.76310763476212,35.66745062505548],[139.76320951987245,35.66752856311566],[139.76312096381673,35.66760576824979],[139.76319131218423,35.667659522103584],[139.76321863251738,35.66768037777306],[139.7631314138895,35.66775640289212],[139.76293174958525,35.667603855027494]]]}},{"type":"Feature","properties":{"height":6.4,"gml_id":"bldg_43c8426a-ad06-4e4d-9211-836785491c33"},"geometry":{"type":"Polygon","coordinates":[[[139.77153560625837,35.67204621925653],[139.77155425308158,35.6720744418011],[139.77145336438878,35.67211873754904],[139.77143471759084,35.67209051498909],[139.77153560625837,35.67204621925653]]]}},{"type":"Feature","properties":{"height":22.0,"gml_id":"bldg_62b92694-da6d-4439-a425-1bab3fd70191"},"geometry":{"type":"Polygon","coordinates":[[[139.77223559898735,35.67294668842827],[139.77224892940012,35.67299392623037],[139.7720869624996,35.673024580770544],[139.77207341131444,35.67297725179983],[139.77223559898735,35.67294668842827]]]}},{"type":"Feature","properties":{"height":36.7,"gml_id":"bldg_bc32bf07-90f1-46dc-b9d6-43d315044d92"},"geometry":{"type":"Polygon","coordinates":[[[139.76872451870457,35.67203063723826],[139.76870344305306,35.6720430378344],[139.7686882790047,35.672025885579316],[139.76871005096754,35.67201300763179],[139.7686465915861,35.67194122426372],[139.76878473852847,35.67185927255081],[139.76889654086847,35.67198164965579],[139.76883409665228,35.67202091608725],[139.7687872022423,35.671968602309185],[139.76878535659546,35.671969700994936],[139.76882911617506,35.6720190656046],[139.76880205046845,35.67203504055855],[139.7687582798496,35.67198567683461],[139.76874309476298,35.67199463735173],[139.76879231721793,35.67205036859835],[139.7687698932249,35.67206360676027],[139.76874268834885,35.67203290943245],[139.7687320677744,35.67203898800283],[139.76872451870457,35.67203063723826]]]}},{"type":"Feature","properties":{"height":13.1,"gml_id":"bldg_9e5b7f90-5629-4b21-b84c-742fd548df26"},"geometry":{"type":"Polygon","coordinates":[[[139.7660035446329,35.672547030343146],[139.76603158010658,35.67257417734166],[139.7658830284356,35.672676219770615],[139.76585499297667,35.67264907273799],[139.7660035446329,35.672547030343146]]]}},{"type":"Feature","properties":{"height":31.1,"gml_id":"bldg_62e6c741-b184-4d6f-9ac6-c252b85e5219"},"geometry":{"type":"Polygon","coordinates":[[[139.77087000705745,35.67338396393623],[139.7708897641706,35.67340506630808],[139.77083837219058,35.673437038380854],[139.77078616500157,35.67338112615739],[139.7708689447399,35.67332961060303],[139.77090150530398,35.673364419580224],[139.77087000705745,35.67338396393623]]]}},{"type":"Feature","properties":{"height":59.1,"gml_id":"bldg_6358efb4-b76a-42d9-9689-a905ad715db2"},"geometry":{"type":"Polygon","coordinates":[[[139.76980856086155,35.6744906549021],[139.76979995112114,35.674496031554234],[139.76988131979118,35.67458264229096],[139.76987563056827,35.674624634244275],[139.76978216104166,35.67468309304504],[139.7697711345436,35.67467135135304],[139.7697586122451,35.67467918668385],[139.76976556589224,35.67468659062449],[139.76923341307213,35.67487082759046],[139.7692231813189,35.67485994257575],[139.76917972323758,35.67488712375529],[139.76906062902455,35.67476033626728],[139.7691710756381,35.67469125989231],[139.76916593218493,35.67468578581953],[139.76950128286617,35.674476052405716],[139.76949362286095,35.67446789993578],[139.76961178320596,35.674394004898545],[139.76962415621392,35.67440718140203],[139.76969092318862,35.67436541915839],[139.76980856086155,35.6744906549021]]]}},{"type":"Feature","properties":{"height":8.3,"gml_id":"bldg_785734c4-f6a2-4d73-b3a8-a97957d83b78"},"geometry":{"type":"Polygon","coordinates":[[[139.76841327204755,35.67018991090461],[139.76834814852637,35.670129123215496],[139.76837964851563,35.67010660587865],[139.76844488250475,35.67016739361049],[139.76841327204755,35.67018991090461]]]}},{"type":"Feature","properties":{"height":52.3,"gml_id":"bldg_fd110baa-609e-46dd-8c56-66c33974b211"},"geometry":{"type":"Polygon","coordinates":[[[139.76586763120827,35.67252980114081],[139.76584840321252,35.672511853044455],[139.765771826651,35.67256646935666],[139.76573139491867,35.672528724206735],[139.7659988155217,35.67233799931228],[139.76607966804545,35.67241348040134],[139.7659888441916,35.67247826539462],[139.7659676403949,35.672458477411276],[139.76586763120827,35.67252980114081]]]}},{"type":"Feature","properties":{"height":10.7,"gml_id":"bldg_651a7a34-e41b-4d3c-a651-38d57d1fb0bb"},"geometry":{"type":"Polygon","coordinates":[[[139.76756489256027,35.67453379781359],[139.76762218319348,35.6745855678825],[139.76759510218312,35.67460538329818],[139.76753792194762,35.67455370341417],[139.76756489256027,35.67453379781359]]]}},{"type":"Feature","properties":{"height":20.6,"gml_id":"bldg_8fb0da9f-c60b-4089-9a0b-e6fe63618b8a"},"geometry":{"type":"Polygon","coordinates":[[[139.77098495288854,35.67488291620994],[139.77095821079615,35.674894016283794],[139.77090082767057,35.674801929358495],[139.77094944994772,35.674781313126836],[139.77101939934272,35.674894201199486],[139.7709975636436,35.674903275732795],[139.77098495288854,35.67488291620994]]]}},{"type":"Feature","properties":{"height":7.2,"gml_id":"bldg_55806dae-23f3-43ec-b5dc-7d1b308a0afd"},"geometry":{"type":"Polygon","coordinates":[[[139.77372534494108,35.67337841666155],[139.77369571788114,35.67337973602297],[139.7736922098088,35.67332729241278],[139.77372182690743,35.67332597304727],[139.77372534494108,35.67337841666155]]]}},{"type":"Feature","properties":{"height":34.5,"gml_id":"bldg_9c89d1c1-7d9c-470d-a580-350301cb9717"},"geometry":{"type":"Polygon","coordinates":[[[139.76936321008031,35.67037628158089],[139.7691713638966,35.67052151783537],[139.76884100770576,35.670226979882194],[139.76893545532639,35.670155398294135],[139.76883644072063,35.67006827263777],[139.76889888986034,35.67002098397158],[139.76895776715958,35.670019754441675],[139.76936321008031,35.67037628158089]]]}},{"type":"Feature","properties":{"height":20.8,"gml_id":"bldg_e3f21b74-0a7e-4acd-b1c2-326d0cf72d72"},"geometry":{"type":"Polygon","coordinates":[[[139.77114760564234,35.66868975606364],[139.77099628065992,35.66882461343764],[139.77098546289682,35.668815143415024],[139.77093130558362,35.6688558574446],[139.7707470741849,35.668692883634826],[139.7709381603312,35.66856399624599],[139.77097792707923,35.668562574647446],[139.77114760564234,35.66868975606364]]]}},{"type":"Feature","properties":{"height":11.2,"gml_id":"bldg_75c9b23d-2ea3-4998-a1d0-567c953c0fc7"},"geometry":{"type":"Polygon","coordinates":[[[139.77023749416583,35.67181488467425],[139.77019908337869,35.67177565481227],[139.77024970214714,35.67174260095034],[139.77022519876334,35.671717529938924],[139.77026785993723,35.671689699862036],[139.77033088466484,35.671753910618044],[139.77023749416583,35.67181488467425]]]}},{"type":"Feature","properties":{"height":15.2,"gml_id":"bldg_989c0ab9-5175-40f7-839a-28b8d1968767"},"geometry":{"type":"Polygon","coordinates":[[[139.77325817889565,35.67265894299364],[139.7732100954714,35.67255273725913],[139.7732968305217,35.672526640720214],[139.7733449141127,35.67263275628339],[139.77325817889565,35.67265894299364]]]}},{"type":"Feature","properties":{"height":9.6,"gml_id":"bldg_e8cad56f-5b60-49c2-a1cc-12b496b723f8"},"geometry":{"type":"Polygon","coordinates":[[[139.77284310225923,35.67214855807434],[139.77280078428996,35.67216160671672],[139.77274089919342,35.672032680252286],[139.77277073164973,35.67202350125561],[139.7727849585375,35.67205406495666],[139.77279744399618,35.67205019533021],[139.77284310225923,35.67214855807434]]]}},{"type":"Feature","properties":{"height":31.0,"gml_id":"bldg_70c04644-cbc1-44db-be21-6829e6c7a43c"},"geometry":{"type":"Polygon","coordinates":[[[139.77295688521207,35.66931222794219],[139.77293209965947,35.66932432997131],[139.77290499825256,35.66928736907594],[139.77292236913075,35.66927888685401],[139.77290031062148,35.66924881498044],[139.77287860807786,35.669259413252234],[139.77281086575218,35.66916703441225],[139.77282766200128,35.66915883855176],[139.77279599231437,35.669115656759686],[139.77280958400573,35.66910902858176],[139.77280774120075,35.6691065227386],[139.7728567375943,35.669082597862676],[139.77285861351064,35.66908514067805],[139.77288784116124,35.669070868583354],[139.77303597185556,35.669272869438075],[139.77300803702755,35.66928651035311],[139.7730114247105,35.66929112708234],[139.77295987564037,35.66931630364961],[139.77295688521207,35.66931222794219]]]}},{"type":"Feature","properties":{"height":5.2,"gml_id":"bldg_1bd5ede2-cdd1-4aaa-aa93-1a9fd2fd0e89"},"geometry":{"type":"Polygon","coordinates":[[[139.77291787260123,35.669749013935515],[139.7728178479314,35.66979497881989],[139.77278577178265,35.66974849689733],[139.7728211097094,35.669732253885066],[139.77281633193647,35.66972533795004],[139.77278155756318,35.669741320747406],[139.77277159377937,35.66972687483348],[139.7728710437931,35.66968117109673],[139.77291787260123,35.669749013935515]]]}},{"type":"Feature","properties":{"height":27.6,"gml_id":"bldg_a447e1bf-30e3-4d7e-99dc-75cc05796650"},"geometry":{"type":"Polygon","coordinates":[[[139.7736437184539,35.66848550607608],[139.77379932225352,35.668383006792865],[139.774080564018,35.668667168326124],[139.77392507048575,35.668769668022215],[139.7736437184539,35.66848550607608]]]}},{"type":"Feature","properties":{"height":24.1,"gml_id":"bldg_c1b8af0f-12ef-46cf-a123-dc133f24a5fd"},"geometry":{"type":"Polygon","coordinates":[[[139.7708575563054,35.67260580225895],[139.77087968652944,35.672629096202634],[139.77080301863992,35.67267758633179],[139.77076533656728,35.67263793338889],[139.77086113548035,35.672577338758146],[139.77087668734572,35.67259369773126],[139.7708575563054,35.67260580225895]]]}},{"type":"Feature","properties":{"height":41.9,"gml_id":"bldg_b40ee568-b9f9-4182-8bea-8e6a99d5f8fe"},"geometry":{"type":"Polygon","coordinates":[[[139.76481081765743,35.666894836743545],[139.7647728598889,35.66692589540709],[139.76475640208614,35.66691249072009],[139.76473953440802,35.666926299172786],[139.76467949819732,35.66687745556971],[139.76473432363565,35.66683259840068],[139.76481081765743,35.666894836743545]]]}},{"type":"Feature","properties":{"height":29.1,"gml_id":"bldg_91de8e2b-7ccb-4bc3-9450-38ef2f16ce18"},"geometry":{"type":"Polygon","coordinates":[[[139.76693186755284,35.668541861216916],[139.76680430284028,35.66842856026097],[139.76695053476232,35.668315698856894],[139.76708413511003,35.668423558684566],[139.76693186755284,35.668541861216916]]]}},{"type":"Feature","properties":{"height":27.1,"gml_id":"bldg_c6011607-ead5-4bfe-85ce-d603e8d44062"},"geometry":{"type":"Polygon","coordinates":[[[139.76536227310532,35.66726583021997],[139.76535439205088,35.66727217144214],[139.76527138563034,35.66720354804132],[139.76517212560427,35.66728416484519],[139.7649881209977,35.667132269215124],[139.76517857075373,35.666978873207974],[139.76547516374683,35.66722403409371],[139.76539239608172,35.66729073414779],[139.76536227310532,35.66726583021997]]]}},{"type":"Feature","properties":{"height":24.7,"gml_id":"bldg_a9bac2c8-8323-49e2-a8da-37f2e1d88fef"},"geometry":{"type":"Polygon","coordinates":[[[139.76914441366597,35.6694143195616],[139.76915820746055,35.66940404224309],[139.76917433432723,35.66941844577036],[139.76919589818675,35.66940236774248],[139.76922709225295,35.66943024580599],[139.7691773550131,35.669467301818905],[139.7691426507925,35.669436285092054],[139.76906580113504,35.669493553421944],[139.769035931682,35.66946686583718],[139.769105597066,35.669414947852395],[139.7691224193261,35.669429982718896],[139.76914441366597,35.6694143195616]]]}},{"type":"Feature","properties":{"height":15.5,"gml_id":"bldg_384c2059-31ff-46a0-9d1b-ede3507b451a"},"geometry":{"type":"Polygon","coordinates":[[[139.77199961857772,35.67245915915079],[139.77200305712842,35.67246958077387],[139.7719702407077,35.67250911630065],[139.77194048299276,35.67252131473566],[139.77193813001492,35.67252139465953],[139.77192325197367,35.672475948861],[139.77199961857772,35.67245915915079]]]}},{"type":"Feature","properties":{"height":34.8,"gml_id":"bldg_794fd534-cf70-4901-aa1a-138069a8fc8e"},"geometry":{"type":"Polygon","coordinates":[[[139.76545510005474,35.6704783416063],[139.76558068274971,35.670585765885036],[139.76548319021538,35.67066169675167],[139.76534432856448,35.67054281743566],[139.76543120972877,35.67047507417928],[139.76540050121613,35.67044884492471],[139.7654218567031,35.67043220860701],[139.76546596569477,35.67046989284991],[139.76545510005474,35.6704783416063]]]}},{"type":"Feature","properties":{"height":6.7,"gml_id":"bldg_d623abc2-b9d6-4007-ac4d-30db47c0678b"},"geometry":{"type":"Polygon","coordinates":[[[139.7714040113521,35.66836827811724],[139.77149287435194,35.66844241669481],[139.77143772125146,35.66848592470158],[139.77134918942508,35.668412056666405],[139.7714040113521,35.66836827811724]]]}},{"type":"Feature","properties":{"height":17.0,"gml_id":"bldg_52dcf814-3516-4503-9f7c-6e896516853e"},"geometry":{"type":"Polygon","coordinates":[[[139.77288512226872,35.67179812533214],[139.773023784143,35.67175979636912],[139.77304385234723,35.67180812001626],[139.77290519039892,35.671846449002004],[139.77288512226872,35.67179812533214]]]}},{"type":"Feature","properties":{"height":18.0,"gml_id":"bldg_a8b54309-2d8e-4c5e-9485-178a4ff2eeb9"},"geometry":{"type":"Polygon","coordinates":[[[139.76934763842607,35.670510218276114],[139.7693152952948,35.67048207823946],[139.7694081406759,35.67041100921453],[139.76944048381114,35.670439149226596],[139.76934763842607,35.670510218276114]]]}},{"type":"Feature","properties":{"height":32.8,"gml_id":"bldg_c1a41ccc-dbe4-4f71-a2d8-12dbd53f7ff7"},"geometry":{"type":"Polygon","coordinates":[[[139.76914825302893,35.67299393578914],[139.76922737900026,35.67309186703604],[139.7690902333943,35.67316282212318],[139.76901264038048,35.67308192755348],[139.76914825302893,35.67299393578914]]]}},{"type":"Feature","properties":{"height":27.0,"gml_id":"bldg_89046c98-7fa9-401d-a18e-3f0bfad29bf6"},"geometry":{"type":"Polygon","coordinates":[[[139.76581338787335,35.67260100623855],[139.76578182212242,35.67256844897136],[139.76585023756917,35.67252422992291],[139.7658631508087,35.6725375765774],[139.76594018711273,35.67248786483429],[139.76595872917747,35.67250707355299],[139.76581338787335,35.67260100623855]]]}},{"type":"Feature","properties":{"height":8.1,"gml_id":"bldg_9f3271b7-e6ed-48f4-a402-6547b2b6ef1a"},"geometry":{"type":"Polygon","coordinates":[[[139.77266633106734,35.66897266070906],[139.77273322600183,35.66903119443476],[139.77267663751954,35.669074250694344],[139.77260974252158,35.669015807976336],[139.77266633106734,35.66897266070906]]]}},{"type":"Feature","properties":{"height":21.7,"gml_id":"bldg_a341bc53-c83b-4f49-8a05-1cc6281dc8b2"},"geometry":{"type":"Polygon","coordinates":[[[139.7727600549363,35.66744001218754],[139.77270677841906,35.66748694694761],[139.7726452881156,35.66744049522618],[139.7727018803683,35.66739094817866],[139.7727600549363,35.66744001218754]]]}},{"type":"Feature","properties":{"height":37.7,"gml_id":"bldg_314a68fc-2c8b-4b40-b4c7-a00a85f5fce9"},"geometry":{"type":"Polygon","coordinates":[[[139.7734539410591,35.67367168786709],[139.77345487300764,35.67368108964889],[139.77324089865834,35.67369508142262],[139.77323029740282,35.67358714484996],[139.77365008154158,35.67355970044026],[139.77365772314496,35.67363754588282],[139.77362005202133,35.67364001499574],[139.77362077558524,35.67364742463908],[139.77360252552324,35.67364862342676],[139.773603830196,35.67366189228168],[139.7734539410591,35.67367168786709]]]}},{"type":"Feature","properties":{"height":12.1,"gml_id":"bldg_7f0db310-cdc7-42a3-b4f1-f4e0ecd507be"},"geometry":{"type":"Polygon","coordinates":[[[139.76701494283722,35.67391245038575],[139.7670337084356,35.67392922625281],[139.7669771179857,35.67396678232218],[139.7669615542311,35.67395208136865],[139.76701494283722,35.67391245038575]]]}},{"type":"Feature","properties":{"height":31.4,"gml_id":"bldg_f44a3bc7-2967-44c0-bad8-099f92ae63a3"},"geometry":{"type":"Polygon","coordinates":[[[139.76478707947766,35.668045787292186],[139.76475414062148,35.668071457684974],[139.76471396271864,35.66803718259957],[139.76477210779657,35.66798637824825],[139.76481706707747,35.66802242272746],[139.7648409871803,35.668041671648126],[139.76483664538654,35.66808132961673],[139.76478707947766,35.668045787292186]]]}},{"type":"Feature","properties":{"height":14.6,"gml_id":"bldg_48903c05-7f5e-4269-9085-af5d0bb2a154"},"geometry":{"type":"Polygon","coordinates":[[[139.7723534872565,35.67175738561851],[139.7723653922639,35.67179047203913],[139.77225722758408,35.67181655704268],[139.77224532261747,35.67178347061155],[139.7723534872565,35.67175738561851]]]}},{"type":"Feature","properties":{"height":24.3,"gml_id":"bldg_0f268b38-9ac5-4b99-a92c-68c870d267dc"},"geometry":{"type":"Polygon","coordinates":[[[139.77321156511914,35.67324445157118],[139.77321912337044,35.67332972521752],[139.77316901344804,35.673332701761325],[139.77314676447034,35.6733340156603],[139.77313931682983,35.67324865192752],[139.77321156511914,35.67324445157118]]]}},{"type":"Feature","properties":{"height":7.8,"gml_id":"bldg_94f07ab8-8387-4c39-b1cf-8eb34f9a0430"},"geometry":{"type":"Polygon","coordinates":[[[139.765092580056,35.667432214591145],[139.76517028862241,35.66736609867558],[139.76522437526938,35.66741083741504],[139.76514821411962,35.66747578335683],[139.765092580056,35.667432214591145]]]}},{"type":"Feature","properties":{"height":28.6,"gml_id":"bldg_ea4ab38c-afe8-4035-873e-ebf760e4e3a5"},"geometry":{"type":"Polygon","coordinates":[[[139.76891325868746,35.6721960231319],[139.76895020908202,35.672237524080174],[139.76879485404822,35.672329615313835],[139.76875788158418,35.672288132334174],[139.76891325868746,35.6721960231319]]]}},{"type":"Feature","properties":{"height":17.7,"gml_id":"bldg_24826381-22c9-4045-9a75-90c1d3766d62"},"geometry":{"type":"Polygon","coordinates":[[[139.77183958771573,35.67019738808255],[139.77182082855242,35.67017204991073],[139.77188989387096,35.670137652711574],[139.771950144218,35.67021871690195],[139.77185201653018,35.67026707058616],[139.7718108565831,35.67021161510486],[139.77183958771573,35.67019738808255]]]}},{"type":"Feature","properties":{"height":27.1,"gml_id":"bldg_83749a9f-363e-4ca2-9acb-6b51648e3d4b"},"geometry":{"type":"Polygon","coordinates":[[[139.7693761665882,35.6701279700357],[139.76929470026013,35.67005932321438],[139.76935796864953,35.670009393721735],[139.76939417591717,35.670039870357854],[139.76943497316773,35.670007658903835],[139.76948023224736,35.67004581100422],[139.7693761665882,35.6701279700357]]]}},{"type":"Feature","properties":{"height":17.6,"gml_id":"bldg_2b6b3105-0aa1-4aab-95c7-2edd05e822a1"},"geometry":{"type":"Polygon","coordinates":[[[139.7718489243434,35.670266076595276],[139.7717389679095,35.670326323175374],[139.77169890750707,35.670277538381264],[139.77180886383422,35.67021738287591],[139.7718489243434,35.670266076595276]]]}},{"type":"Feature","properties":{"height":40.7,"gml_id":"bldg_d32f978b-eddb-45d9-9bbf-5c93e53e0e63"},"geometry":{"type":"Polygon","coordinates":[[[139.7655852658229,35.671044657553985],[139.76564340340155,35.67100466928193],[139.7657332473658,35.671091612126396],[139.76567499922834,35.671131691417784],[139.7655852658229,35.671044657553985]]]}},{"type":"Feature","properties":{"height":24.3,"gml_id":"bldg_08064d4b-21f7-492e-81d7-5c630aca2950"},"geometry":{"type":"Polygon","coordinates":[[[139.76943032934346,35.6740322870196],[139.7695276974327,35.67397438038869],[139.76959369824567,35.674048327909226],[139.76949644065292,35.67410614541547],[139.76943032934346,35.6740322870196]]]}},{"type":"Feature","properties":{"height":42.0,"gml_id":"bldg_e19041c7-0bd6-4265-8b52-5a2649fbddf6"},"geometry":{"type":"Polygon","coordinates":[[[139.77281473968085,35.67123482191301],[139.77285675396158,35.67133083926339],[139.77284224684362,35.67133508555626],[139.77290136551517,35.67146914131494],[139.77285531396245,35.67148253963979],[139.7728600998234,35.67149352076816],[139.7728376927573,35.671500061594045],[139.77280289019964,35.671420679101004],[139.77271505195452,35.67144623391016],[139.77265318852506,35.67130495757889],[139.77281473968085,35.67123482191301]]]}},{"type":"Feature","properties":{"height":14.8,"gml_id":"bldg_e7b77dbc-98b7-46dc-9f80-6a1494312fbb"},"geometry":{"type":"Polygon","coordinates":[[[139.77338333829377,35.67295213185148],[139.77337197969882,35.67292616665576],[139.77345882489365,35.672900971429726],[139.77347007297976,35.67292702669973],[139.77338333829377,35.67295213185148]]]}},{"type":"Feature","properties":{"height":27.3,"gml_id":"bldg_8cf71ad9-82c9-4bae-a672-8c43c2c3a2f9"},"geometry":{"type":"Polygon","coordinates":[[[139.76704323356873,35.67010487704724],[139.76705859565217,35.67012212877468],[139.76702664535048,35.67014106706573],[139.76704294548708,35.67015938293208],[139.7669298428516,35.67022640081361],[139.76689820274365,35.67019084221241],[139.76704323356873,35.67010487704724]]]}},{"type":"Feature","properties":{"height":39.4,"gml_id":"bldg_254896f6-684b-4e8e-b4e3-88b45eda7220"},"geometry":{"type":"Polygon","coordinates":[[[139.7708860242395,35.673384603205214],[139.7709171896781,35.673366862319554],[139.77088242426717,35.673326283416856],[139.77091640784633,35.673306920620334],[139.77094085397636,35.67333548878178],[139.77095872437272,35.67332529359842],[139.77105551599854,35.67343812437025],[139.77091267405333,35.67351975985102],[139.77084604566272,35.67344213511977],[139.77090600060598,35.6734078689829],[139.7708860242395,35.673384603205214]]]}},{"type":"Feature","properties":{"height":18.0,"gml_id":"bldg_8cd1bea7-0c97-4b32-aec6-bf73c1b35dfc"},"geometry":{"type":"Polygon","coordinates":[[[139.76439890643746,35.67217890304559],[139.76442661332965,35.672201994052614],[139.7642872303971,35.67230232715639],[139.7642614011079,35.67227959774395],[139.76439890643746,35.67217890304559]]]}},{"type":"Feature","properties":{"height":8.4,"gml_id":"bldg_651cb032-3414-47db-bb52-153da297c69f"},"geometry":{"type":"Polygon","coordinates":[[[139.76287277399456,35.67425496290496],[139.7628449119909,35.67428234832606],[139.7627793309264,35.67424039608767],[139.76279039167383,35.6742245384095],[139.76291314616398,35.67419648743763],[139.7629281306017,35.674241114147065],[139.76287277399456,35.67425496290496]]]}},{"type":"Feature","properties":{"height":7.4,"gml_id":"bldg_9bf15e75-f62e-4501-8184-1420fed25ceb"},"geometry":{"type":"Polygon","coordinates":[[[139.7737367631037,35.667246343630914],[139.77374758191905,35.66725455058475],[139.77378295132618,35.66722392227441],[139.77376650235664,35.66721138504329],[139.77379325044552,35.66718823296569],[139.77385551342584,35.66723603744675],[139.7737485208523,35.667328825148815],[139.77369188808612,35.66728526075993],[139.7737367631037,35.667246343630914]]]}},{"type":"Feature","properties":{"height":11.0,"gml_id":"bldg_fe4a06ec-fdb9-4d0a-bfcd-0090b78dc919"},"geometry":{"type":"Polygon","coordinates":[[[139.7717214763819,35.66980135439562],[139.7717000332855,35.669818920202786],[139.77163490028775,35.66976759870206],[139.77167115357213,35.669739224010705],[139.7717214763819,35.66980135439562]]]}},{"type":"Feature","properties":{"height":14.5,"gml_id":"bldg_d6271bbd-dea7-48c9-9922-015736e3fab7"},"geometry":{"type":"Polygon","coordinates":[[[139.76861829184162,35.66936670683628],[139.76859955831853,35.669352157613424],[139.76861279994645,35.66934178090941],[139.7685868026522,35.66932157616876],[139.7686706343318,35.66924973668404],[139.768714791133,35.66928401257879],[139.76861829184162,35.66936670683628]]]}},{"type":"Feature","properties":{"height":50.6,"gml_id":"bldg_1d33ae20-865c-4648-957e-9c4e954d7919"},"geometry":{"type":"Polygon","coordinates":[[[139.7652605280135,35.67240732341787],[139.7652188841337,35.672366458659326],[139.76525676215286,35.67234108840426],[139.76524124268704,35.67232700919711],[139.7652274901802,35.672313507866065],[139.76522361061473,35.67231613768072],[139.7651981916533,35.67229120033749],[139.7652065476476,35.67228552641581],[139.76519961620963,35.67227872614171],[139.7652765443229,35.67222652606913],[139.76537892664552,35.672326996841335],[139.7652605280135,35.67240732341787]]]}},{"type":"Feature","properties":{"height":25.5,"gml_id":"bldg_997149b0-eb97-4f05-91b8-f6a6138abfe7"},"geometry":{"type":"Polygon","coordinates":[[[139.76508753181997,35.67271444042551],[139.7651976871914,35.6728197831628],[139.76514164769333,35.67285887102208],[139.765031492342,35.672753528234225],[139.76508753181997,35.67271444042551]]]}},{"type":"Feature","properties":{"height":15.5,"gml_id":"bldg_8fd09206-99dd-41eb-b284-0a8b029d65f8"},"geometry":{"type":"Polygon","coordinates":[[[139.7626945226225,35.671660102581406],[139.76276992837782,35.67160675035622],[139.7628630280006,35.67169437326982],[139.7627876111853,35.67174771743369],[139.7626945226225,35.671660102581406]]]}},{"type":"Feature","properties":{"height":18.5,"gml_id":"bldg_4f5c17f2-66f4-47a4-a39f-930deaa7e205"},"geometry":{"type":"Polygon","coordinates":[[[139.76728277112645,35.674918168940124],[139.76713775319263,35.675018412069115],[139.76710629426242,35.67498846920064],[139.76725142287296,35.674887955757995],[139.76728277112645,35.674918168940124]]]}},{"type":"Feature","properties":{"height":39.2,"gml_id":"bldg_ae003dd1-c443-41f8-9a25-c172db9d4f89"},"geometry":{"type":"Polygon","coordinates":[[[139.7692738516637,35.672719264213676],[139.76921226733347,35.67264973558151],[139.76925746912863,35.67262307900507],[139.76925004145414,35.672614737352546],[139.76927595788553,35.67259943681643],[139.7693450251612,35.67267729807932],[139.7692738516637,35.672719264213676]]]}},{"type":"Feature","properties":{"height":33.6,"gml_id":"bldg_edf79993-1b77-47ff-8787-433efdc600b1"},"geometry":{"type":"Polygon","coordinates":[[[139.76678195854194,35.67164700858868],[139.76678063411424,35.67164562965724],[139.766811182589,35.671626194906935],[139.76678599650117,35.671599842868794],[139.7667554590768,35.6716192776189],[139.76671123446673,35.671573012719215],[139.76677982482263,35.671529361096376],[139.7669191209637,35.67167509989658],[139.76668566351074,35.67182366140342],[139.7666516368861,35.671788056356995],[139.76664970273768,35.671789281153224],[139.7666316023066,35.671770342293804],[139.76672992352914,35.671707778332376],[139.76671348966389,35.67169058005686],[139.76678195854194,35.67164700858868]]]}},{"type":"Feature","properties":{"height":35.8,"gml_id":"bldg_89d747df-5a8e-46ef-81d4-c6bb711e89d5"},"geometry":{"type":"Polygon","coordinates":[[[139.77484260249815,35.6748362769872],[139.77481807025669,35.67484747814312],[139.77480830440092,35.674832916228645],[139.77483526751644,35.67482094107523],[139.77478704555477,35.67474853741424],[139.7748648163714,35.674747313282396],[139.7749118196997,35.67482458373328],[139.77485250077837,35.674851037265185],[139.77484260249815,35.6748362769872]]]}},{"type":"Feature","properties":{"height":8.9,"gml_id":"bldg_43f60e73-a015-4f25-b4e6-f31f16a24f84"},"geometry":{"type":"Polygon","coordinates":[[[139.77254034037168,35.67168140421246],[139.77255600123453,35.671714493412246],[139.77244716770375,35.67174877984298],[139.7724318382033,35.671715781835516],[139.77254034037168,35.67168140421246]]]}},{"type":"Feature","properties":{"height":15.9,"gml_id":"bldg_db4d2ca8-b854-41da-9236-cafd23deaac4"},"geometry":{"type":"Polygon","coordinates":[[[139.76705461068514,35.67176242656217],[139.76706588215814,35.671757476115424],[139.76710791573444,35.67182212768874],[139.76707056530557,35.67183833185526],[139.76702853175098,35.671773680269105],[139.76705461068514,35.67176242656217]]]}},{"type":"Feature","properties":{"height":39.1,"gml_id":"bldg_603beda1-9331-4460-94c6-1c794c06f8d5"},"geometry":{"type":"Polygon","coordinates":[[[139.7723407942898,35.6681133971111],[139.7723995236496,35.66815957717382],[139.77227595035743,35.668263983781344],[139.77221722106052,35.66821771442319],[139.7723407942898,35.6681133971111]]]}},{"type":"Feature","properties":{"height":6.6,"gml_id":"bldg_885e7168-05b6-4738-91ea-1cbad6c8655c"},"geometry":{"type":"Polygon","coordinates":[[[139.76913773888086,35.67083899961999],[139.76904564752112,35.67090557098131],[139.76902390230967,35.67088553987098],[139.76911599366363,35.67081896942744],[139.76913773888086,35.67083899961999]]]}},{"type":"Feature","properties":{"height":30.8,"gml_id":"bldg_9f0fd1f0-0c9d-4f5d-98fb-60ad395a1eac"},"geometry":{"type":"Polygon","coordinates":[[[139.77471693810122,35.6714755462129],[139.77478248994836,35.671457090942525],[139.77480467140916,35.67151725035594],[139.7747411302755,35.67153528297122],[139.77471693810122,35.6714755462129]]]}},{"type":"Feature","properties":{"height":28.9,"gml_id":"bldg_753bc330-697f-4c4d-aabb-8cd7e9147ceb"},"geometry":{"type":"Polygon","coordinates":[[[139.76800403658976,35.67182354562941],[139.76797536541613,35.67178977364954],[139.76812969983308,35.67170289284855],[139.7681578411412,35.67173625888749],[139.76800403658976,35.67182354562941]]]}},{"type":"Feature","properties":{"height":15.2,"gml_id":"bldg_4f9e7af4-7429-4efd-b7c5-e3b13198aef5"},"geometry":{"type":"Polygon","coordinates":[[[139.77132270525615,35.672805696812645],[139.77128912996497,35.67279747702321],[139.77126088475066,35.67275347456561],[139.77132906288176,35.67272673981807],[139.77136568952696,35.672788863268025],[139.77132270525615,35.672805696812645]]]}},{"type":"Feature","properties":{"height":3.6,"gml_id":"bldg_f3d3ac12-8b72-4505-9dc6-f19fd5c65734"},"geometry":{"type":"Polygon","coordinates":[[[139.7710352224951,35.67211702565768],[139.77104386362439,35.67212768435726],[139.77100039949747,35.67215113361854],[139.7709917583714,35.67214047491588],[139.7710352224951,35.67211702565768]]]}},{"type":"Feature","properties":{"height":47.7,"gml_id":"bldg_c91aedaf-5d49-4c68-9ad9-972acd3f7eae"},"geometry":{"type":"Polygon","coordinates":[[[139.76375850061396,35.66794743440716],[139.76366938261165,35.66802310727946],[139.76366218555864,35.66801747043197],[139.76365665859961,35.66802206333799],[139.7633472529401,35.667779234132595],[139.76344717525845,35.66770195430779],[139.76377889485534,35.66794344409008],[139.76376662489068,35.667953802798635],[139.76375850061396,35.66794743440716]]]}},{"type":"Feature","properties":{"height":35.6,"gml_id":"bldg_d2386bfe-fcec-4d51-8b7d-3bbd8585945d"},"geometry":{"type":"Polygon","coordinates":[[[139.76940455756446,35.66673087939277],[139.76949606723883,35.66680583210378],[139.76931347282462,35.666954011156854],[139.76922196322434,35.66687896817159],[139.76940455756446,35.66673087939277]]]}},{"type":"Feature","properties":{"height":39.4,"gml_id":"bldg_dbf31825-7ce0-45ed-8064-e056215f4b0a"},"geometry":{"type":"Polygon","coordinates":[[[139.7745110067796,35.67230919785827],[139.77446094193851,35.672191544210925],[139.77453728923228,35.67216986743881],[139.77450630193493,35.672097101584356],[139.77455193347458,35.672084144998614],[139.77458479554414,35.67216123744543],[139.77465362951904,35.672141792338564],[139.77468064702276,35.67220526216367],[139.77479533354673,35.67217278742068],[139.77481650645498,35.672222643640794],[139.7745110067796,35.67230919785827]]]}},{"type":"Feature","properties":{"height":7.1,"gml_id":"bldg_50f56043-b88f-4236-a08c-e124348d0a48"},"geometry":{"type":"Polygon","coordinates":[[[139.76381037168898,35.666763293686024],[139.7637791124481,35.66673751437176],[139.76385605582993,35.66667536399824],[139.76388731507137,35.666701143292805],[139.76381037168898,35.666763293686024]]]}},{"type":"Feature","properties":{"height":25.6,"gml_id":"bldg_93d1ad06-377e-432a-a162-49ceaa977805"},"geometry":{"type":"Polygon","coordinates":[[[139.76570144421623,35.674876729335104],[139.76567385783738,35.67484020824723],[139.76581128391,35.67477115011397],[139.76580519283053,35.67476308842704],[139.76582631232986,35.67475247308675],[139.76583240340307,35.67476054378634],[139.76585998982685,35.67479706483843],[139.76570144421623,35.674876729335104]]]}},{"type":"Feature","properties":{"height":28.2,"gml_id":"bldg_57fc4a0a-edc2-43fd-a3c9-14fa5c24df51"},"geometry":{"type":"Polygon","coordinates":[[[139.7655018370229,35.67277605802655],[139.7654870466494,35.6727618080019],[139.7654329970931,35.672799274647296],[139.7652363071118,35.67261050622253],[139.76549461700859,35.67243136895452],[139.76565289616005,35.67258333936391],[139.76555065550423,35.672654219901425],[139.76560385686892,35.672705268446464],[139.7655018370229,35.67277605802655]]]}},{"type":"Feature","properties":{"height":5.5,"gml_id":"bldg_d2ae7f7c-1270-4108-81b0-e28b49f14fcf"},"geometry":{"type":"Polygon","coordinates":[[[139.7745362890113,35.67127434375914],[139.77461274442902,35.67125464099551],[139.7746439448456,35.67133776281278],[139.77456859373123,35.67135782668413],[139.7745362890113,35.67127434375914]]]}},{"type":"Feature","properties":{"height":42.7,"gml_id":"bldg_f7484c0a-88ba-4db9-8d06-a978dd65b622"},"geometry":{"type":"Polygon","coordinates":[[[139.7687862710378,35.670957360331485],[139.76867107582396,35.67103076044016],[139.76860849586683,35.670965287125235],[139.7687236910437,35.670891887075584],[139.7687862710378,35.670957360331485]]]}},{"type":"Feature","properties":{"height":5.1,"gml_id":"bldg_f89a7805-abc3-475f-be22-0038ee7331d0"},"geometry":{"type":"Polygon","coordinates":[[[139.77367047721032,35.67438626756675],[139.77372725995826,35.67438341219839],[139.77372955753845,35.67441333890928],[139.77367851931334,35.674415927614504],[139.77367244712084,35.67441114733066],[139.77367047721032,35.67438626756675]]]}},{"type":"Feature","properties":{"height":16.3,"gml_id":"bldg_b8b0a1aa-a2e2-40b0-919c-30f9b44c51ed"},"geometry":{"type":"Polygon","coordinates":[[[139.77012695406853,35.67050945808572],[139.77019407006375,35.67056709104816],[139.77015759779778,35.67059185968258],[139.77009280038908,35.67053567011498],[139.77012695406853,35.67050945808572]]]}},{"type":"Feature","properties":{"height":38.7,"gml_id":"bldg_f72a5b33-30ab-44f5-85f6-78b7cdc98e69"},"geometry":{"type":"Polygon","coordinates":[[[139.76451759943873,35.66790803890978],[139.764506302513,35.66791735265648],[139.76446644333654,35.66788515984297],[139.7645555365556,35.66781156943886],[139.7646314798486,35.66787290529639],[139.76455386016679,35.667937327227904],[139.76451759943873,35.66790803890978]]]}},{"type":"Feature","properties":{"height":17.4,"gml_id":"bldg_e9c9e3c8-22ba-407d-866d-b55570d60a17"},"geometry":{"type":"Polygon","coordinates":[[[139.76955507276898,35.67330602696981],[139.76961508163922,35.6732739698672],[139.76964962359054,35.67331689258703],[139.76958961462955,35.67334904074521],[139.76955507276898,35.67330602696981]]]}},{"type":"Feature","properties":{"height":39.7,"gml_id":"bldg_c91075d1-ef7c-4a93-bdbb-d3fe22d0956b"},"geometry":{"type":"Polygon","coordinates":[[[139.76540194015365,35.67177520730256],[139.76517465565547,35.671935496221046],[139.7651680774769,35.671929002611556],[139.76512596611843,35.67195755228939],[139.76504372761283,35.67187676969553],[139.7653106588298,35.67168934505626],[139.76540194015365,35.67177520730256]]]}},{"type":"Feature","properties":{"height":18.0,"gml_id":"bldg_0eeaeba6-221c-4300-be1c-17190e4770e6"},"geometry":{"type":"Polygon","coordinates":[[[139.76539501207904,35.673002855326054],[139.76533255287904,35.673043804591074],[139.7653175865426,35.67302860890675],[139.76545265120072,35.67294017030991],[139.76547902993815,35.67296695595215],[139.76540644653136,35.67301447957191],[139.76539501207904,35.673002855326054]]]}},{"type":"Feature","properties":{"height":6.9,"gml_id":"bldg_ea8b96b9-766c-4b24-b39b-cb696bdbe9d9"},"geometry":{"type":"Polygon","coordinates":[[[139.77303305452884,35.672799355407086],[139.77296123668515,35.67281923886029],[139.77294976893396,35.67279174123552],[139.77302158675653,35.6727718568877],[139.77303305452884,35.672799355407086]]]}},{"type":"Feature","properties":{"height":12.3,"gml_id":"bldg_8190345f-6959-4189-bfd8-d05f8410fa4d"},"geometry":{"type":"Polygon","coordinates":[[[139.76928172510074,35.67337258256101],[139.76940096962775,35.67330874040307],[139.76942237708394,35.67333768493428],[139.76930258213955,35.67339909491652],[139.76928172510074,35.67337258256101]]]}},{"type":"Feature","properties":{"height":21.1,"gml_id":"bldg_7a7e64ca-3139-4f0e-8dd0-6ffc67a78116"},"geometry":{"type":"Polygon","coordinates":[[[139.77091914903605,35.67269470957337],[139.77087720540024,35.67265187261004],[139.7710027527476,35.672576943436],[139.7710406125437,35.672615451653336],[139.77091914903605,35.67269470957337]]]}},{"type":"Feature","properties":{"height":18.1,"gml_id":"bldg_f2fe6459-f266-4f84-a692-78a882eab86f"},"geometry":{"type":"Polygon","coordinates":[[[139.7684662486686,35.674068727784466],[139.76838699788541,35.6739884628915],[139.76844005054258,35.67395360837087],[139.76841929973276,35.67393250506354],[139.76849036822443,35.67388567197419],[139.76858948547238,35.673987850841804],[139.7684662486686,35.674068727784466]]]}},{"type":"Feature","properties":{"height":62.1,"gml_id":"bldg_c92b9b1e-c263-4fc8-841c-e7cf14e6318e"},"geometry":{"type":"Polygon","coordinates":[[[139.762799474997,35.66858353464696],[139.7628153238104,35.66859861489441],[139.76261628422083,35.66873800374349],[139.76248265110297,35.66861093969257],[139.76264616684045,35.66849642614986],[139.76263418094234,35.66848501673821],[139.76271708812595,35.6684269538354],[139.76284685843314,35.668550346778815],[139.762799474997,35.66858353464696]]]}},{"type":"Feature","properties":{"height":34.1,"gml_id":"bldg_55ed7848-92eb-4ace-888d-68f5e54fc2a3"},"geometry":{"type":"Polygon","coordinates":[[[139.7740145192944,35.670743269167446],[139.77400779298495,35.67072713127256],[139.77404580014266,35.67071651378776],[139.77410832229492,35.67086599223871],[139.7740869984913,35.670871930812005],[139.77407248096074,35.67087552014726],[139.77408759480863,35.67091702680782],[139.77394211772668,35.67095748989543],[139.77386945118465,35.67078375941122],[139.7740145192944,35.670743269167446]]]}},{"type":"Feature","properties":{"height":18.4,"gml_id":"bldg_7c293763-4c9d-4f97-bf85-a283ada0d96c"},"geometry":{"type":"Polygon","coordinates":[[[139.7664016637277,35.67453045270263],[139.76643201775735,35.67456012473157],[139.76628578478443,35.67465973520425],[139.7662554308467,35.674629973001736],[139.7664016637277,35.67453045270263]]]}},{"type":"Feature","properties":{"height":3.1,"gml_id":"bldg_5398dd18-6f02-4698-9f69-9e7da5ff4b6b"},"geometry":{"type":"Polygon","coordinates":[[[139.77237646547073,35.669866495594576],[139.77233806375583,35.669815188904884],[139.77235342377307,35.669807535010754],[139.7723918254935,35.669858842596994],[139.77237646547073,35.669866495594576]]]}},{"type":"Feature","properties":{"height":45.3,"gml_id":"bldg_0307b44b-171a-4ed8-adff-843a9ce6b3c1"},"geometry":{"type":"Polygon","coordinates":[[[139.76629218581905,35.673742411787025],[139.7662423585034,35.673776681266986],[139.76622698345423,35.67376109697799],[139.76619436541756,35.673783955635166],[139.7662099066185,35.673798999197246],[139.76616489838702,35.673829954279476],[139.7659842101418,35.673655167309725],[139.76611149749297,35.67356762500564],[139.76629218581905,35.673742411787025]]]}},{"type":"Feature","properties":{"height":25.4,"gml_id":"bldg_fc873389-5973-4147-9096-3811d8f58b42"},"geometry":{"type":"Polygon","coordinates":[[[139.76767630313336,35.670712587231826],[139.7676510821348,35.670728852277286],[139.76760351879733,35.670672427400994],[139.76768795132645,35.67062506122894],[139.7677279001029,35.67067249523286],[139.76772057981987,35.670708816585034],[139.7676894038919,35.67072627721992],[139.76767630313336,35.670712587231826]]]}},{"type":"Feature","properties":{"height":29.0,"gml_id":"bldg_db74a9c3-6c62-406e-9897-af33fe61882b"},"geometry":{"type":"Polygon","coordinates":[[[139.76353978565265,35.67145631820808],[139.76345158066573,35.67151900261603],[139.76338546722943,35.671456408937104],[139.7634730096509,35.671393453780595],[139.76353978565265,35.67145631820808]]]}},{"type":"Feature","properties":{"height":21.1,"gml_id":"bldg_41550b54-688b-422b-9761-3b64a65e7aa8"},"geometry":{"type":"Polygon","coordinates":[[[139.76778370170834,35.67159652324253],[139.76798575051848,35.67185577782086],[139.76788142778148,35.67190980444322],[139.76767595322983,35.67165243980643],[139.76778370170834,35.67159652324253]]]}},{"type":"Feature","properties":{"height":9.0,"gml_id":"bldg_afcc755c-54fc-4f47-b8d0-550f012b80e1"},"geometry":{"type":"Polygon","coordinates":[[[139.7706017104512,35.67292574676506],[139.77062444693414,35.67295072663759],[139.77055813557385,35.67299116372755],[139.77053528863394,35.67296618378508],[139.7706017104512,35.67292574676506]]]}},{"type":"Feature","properties":{"height":38.1,"gml_id":"bldg_c72c2774-4cfd-4a61-9f5e-8f44e85513b1"},"geometry":{"type":"Polygon","coordinates":[[[139.77223058144403,35.6717033310646],[139.7721779321446,35.67154658259447],[139.77217150668082,35.671527443179606],[139.77221404266572,35.671517910222725],[139.77223755777055,35.67153597665996],[139.77223998656055,35.67153784373463],[139.77227032947067,35.67158346860554],[139.77231278095388,35.67168498473753],[139.77223058144403,35.6717033310646]]]}},{"type":"Feature","properties":{"height":6.1,"gml_id":"bldg_8b019564-a46a-4372-bfed-d9e7bb1c7e7f"},"geometry":{"type":"Polygon","coordinates":[[[139.7739994197144,35.67204087941527],[139.77392174968597,35.67205868740241],[139.77390819169375,35.672019299723395],[139.77398586168763,35.67200149084347],[139.7739994197144,35.67204087941527]]]}},{"type":"Feature","properties":{"height":52.1,"gml_id":"bldg_76a517c0-d63b-486f-949e-9a1eff11cc0a"},"geometry":{"type":"Polygon","coordinates":[[[139.77077287279363,35.67413529785449],[139.77068991795016,35.67426838657291],[139.77062572164363,35.6741455870954],[139.7707547831017,35.6741006757417],[139.77077287279363,35.67413529785449]]]}},{"type":"Feature","properties":{"height":10.7,"gml_id":"bldg_3c72c5a8-fd1a-4bcc-b7ed-6e76b75b545d"},"geometry":{"type":"Polygon","coordinates":[[[139.76971820333276,35.670279392648034],[139.7697881875092,35.67034126380838],[139.7697486182663,35.67037107837581],[139.76967852356037,35.67030929727168],[139.76971820333276,35.670279392648034]]]}},{"type":"Feature","properties":{"height":25.1,"gml_id":"bldg_8d35d9a3-1cc9-4274-b451-9028ec6bf962"},"geometry":{"type":"Polygon","coordinates":[[[139.76971038244608,35.673870909328365],[139.76981083715077,35.67382066576612],[139.7698367695545,35.67385529215818],[139.76973642536154,35.67390544566285],[139.76971038244608,35.673870909328365]]]}},{"type":"Feature","properties":{"height":24.8,"gml_id":"bldg_da57acf7-67e3-482b-a355-f3d3911a4691"},"geometry":{"type":"Polygon","coordinates":[[[139.77318965824895,35.66960907656532],[139.7732598401087,35.66957207416515],[139.77326799549306,35.66958238093167],[139.77332757838198,35.669671015644454],[139.77331674882674,35.66967677903708],[139.77332226678004,35.669683632225066],[139.7732312129592,35.66972820479519],[139.77313865615636,35.669611728159396],[139.77317608431807,35.669591961717344],[139.77318965824895,35.66960907656532]]]}},{"type":"Feature","properties":{"height":14.2,"gml_id":"bldg_de4d4ba0-a157-4e2e-8b14-4b577105a6af"},"geometry":{"type":"Polygon","coordinates":[[[139.77235182293748,35.668862354001234],[139.77244046096413,35.66894370274826],[139.77240531510995,35.668969193840425],[139.77231667709083,35.668887845067886],[139.77235182293748,35.668862354001234]]]}},{"type":"Feature","properties":{"height":41.5,"gml_id":"bldg_01e9e1c3-d5c3-4ed0-ab87-1b361f6373a9"},"geometry":{"type":"Polygon","coordinates":[[[139.77106351191844,35.67328410191504],[139.7711470620571,35.67323592164649],[139.77138477295603,35.67351023278312],[139.77131194065396,35.673554947548794],[139.77124941048206,35.67359103423363],[139.7709876111529,35.67329721366876],[139.77104521294072,35.6732630093393],[139.77106351191844,35.67328410191504]]]}},{"type":"Feature","properties":{"height":31.2,"gml_id":"bldg_a83efcce-2196-40e0-bad9-db0a77b26b7d"},"geometry":{"type":"Polygon","coordinates":[[[139.77252569978685,35.672633427010744],[139.77248268466988,35.672545791828334],[139.7725467705518,35.672524912344905],[139.7725423586962,35.672515987426536],[139.7726761655877,35.67247224727863],[139.7727235928221,35.67256871806909],[139.77252569978685,35.672633427010744]]]}},{"type":"Feature","properties":{"height":29.6,"gml_id":"bldg_16c6cb90-bb6c-4689-8b98-ddb65853b441"},"geometry":{"type":"Polygon","coordinates":[[[139.7730426550918,35.66737732826186],[139.773060427451,35.6673925703751],[139.77302555736628,35.66741972933475],[139.77300579735189,35.66740369301175],[139.772973324058,35.66743103343168],[139.77293289465712,35.66746244406154],[139.7728723030934,35.667410504441904],[139.77300073100213,35.667310695743744],[139.77297501076131,35.66728868933475],[139.7730882968392,35.66720050157341],[139.77325387790682,35.66734237039286],[139.77322005788622,35.667368700669165],[139.77318722726375,35.66734240021684],[139.77315294309292,35.667369000654546],[139.77310565316645,35.66732841519263],[139.7730426550918,35.66737732826186]]]}},{"type":"Feature","properties":{"height":32.2,"gml_id":"bldg_1e7bdc1a-472a-4926-9523-047c48e9913a"},"geometry":{"type":"Polygon","coordinates":[[[139.76982256563537,35.6704500777001],[139.76985038381486,35.6704733477996],[139.7698313722366,35.67048848084584],[139.7698560994737,35.67050922456727],[139.76977806346994,35.670571379060235],[139.76972540759374,35.670527364241664],[139.76982256563537,35.6704500777001]]]}},{"type":"Feature","properties":{"height":24.8,"gml_id":"bldg_fc05bf31-b0cf-4b52-97bd-d6c1d0b2cd69"},"geometry":{"type":"Polygon","coordinates":[[[139.76675655914573,35.674311796177186],[139.76684122599275,35.67425352414996],[139.76692842590077,35.67433775957873],[139.7668450838969,35.67439693467203],[139.76675655914573,35.674311796177186]]]}},{"type":"Feature","properties":{"height":15.7,"gml_id":"bldg_f9592b7a-1343-4985-870c-c7eb9cf8d788"},"geometry":{"type":"Polygon","coordinates":[[[139.7741760517705,35.6721923960929],[139.77432753117102,35.67214929465049],[139.77435476901766,35.672213215343014],[139.7742032895774,35.67225622668185],[139.7741760517705,35.6721923960929]]]}},{"type":"Feature","properties":{"height":28.3,"gml_id":"bldg_9128bdfb-c299-46ee-b8e7-004905307a25"},"geometry":{"type":"Polygon","coordinates":[[[139.77383190427253,35.66794134981692],[139.77374572052986,35.66787164002913],[139.77377691104147,35.66784614658446],[139.77376407236335,35.66783575640916],[139.77381964516547,35.66779000311829],[139.77391855719958,35.6678700038087],[139.77383190427253,35.66794134981692]]]}},{"type":"Feature","properties":{"height":19.4,"gml_id":"bldg_3c79d459-4e81-41ee-b5fc-95c8b437234e"},"geometry":{"type":"Polygon","coordinates":[[[139.76897213870657,35.67055589805413],[139.76895176998738,35.67056886694001],[139.76894940805883,35.670566404928174],[139.76892343637994,35.670541215683684],[139.76889645859754,35.67055839043788],[139.768880576338,35.67054178765623],[139.76900292120948,35.67046388429431],[139.7690765381294,35.6705409008775],[139.7690027112315,35.67058791314158],[139.76897213870657,35.67055589805413]]]}},{"type":"Feature","properties":{"height":12.1,"gml_id":"bldg_534e310c-8262-4100-bc2d-c39a6eb1bf08"},"geometry":{"type":"Polygon","coordinates":[[[139.77273403177296,35.66963121120455],[139.77272832689974,35.669623285261146],[139.7727961306597,35.66959078880158],[139.77284834634742,35.669663313405785],[139.77282195856156,35.669675964444416],[139.77282489376643,35.66968003922579],[139.77276258187598,35.66970990555201],[139.7727131469624,35.66964122396458],[139.77273403177296,35.66963121120455]]]}},{"type":"Feature","properties":{"height":63.6,"gml_id":"bldg_574921c5-db36-4cba-87fd-b65ff481bee7"},"geometry":{"type":"Polygon","coordinates":[[[139.76631882883052,35.672885455425295],[139.76623483105428,35.67280551996764],[139.76628732204645,35.67276880023385],[139.76631200258996,35.672792285724086],[139.76639806164775,35.672732067802485],[139.76640242159226,35.672736208429086],[139.76642537875492,35.67272014880753],[139.76642734348883,35.672722015741186],[139.76644855426733,35.672707172899585],[139.76654727664138,35.67280111469861],[139.76652806646047,35.67281455342699],[139.7665278015533,35.672814299994236],[139.76649700777327,35.67283584374493],[139.76650190857669,35.672840506563],[139.76636548064408,35.67293596727545],[139.76640998522765,35.67297833040438],[139.7662853506162,35.67306553108736],[139.76619048041997,35.67297525981343],[139.76631882883052,35.672885455425295]]]}},{"type":"Feature","properties":{"height":36.6,"gml_id":"bldg_70c13306-86b7-408e-a288-a7a019d6239f"},"geometry":{"type":"Polygon","coordinates":[[[139.7636545574164,35.671711022567756],[139.7636064362538,35.67166349235224],[139.7636884931954,35.671608024274775],[139.76369799605664,35.67161736799564],[139.76376897793952,35.67156931175782],[139.76380775095606,35.67160745321838],[139.7636545574164,35.671711022567756]]]}},{"type":"Feature","properties":{"height":24.5,"gml_id":"bldg_a5023150-dc39-459d-a964-48d3df6861d5"},"geometry":{"type":"Polygon","coordinates":[[[139.77059843496977,35.67104133457634],[139.77039728748582,35.6711736413294],[139.7702528056457,35.67102727286015],[139.77045406346338,35.670894966402784],[139.77059843496977,35.67104133457634]]]}},{"type":"Feature","properties":{"height":23.7,"gml_id":"bldg_ab1fa3f2-3c26-4435-88fd-8f9bf44044ff"},"geometry":{"type":"Polygon","coordinates":[[[139.76398197209622,35.66826516230079],[139.76392644701076,35.66822340572713],[139.76402604737464,35.668135218621785],[139.76408146198372,35.66817698410035],[139.76398197209622,35.66826516230079]]]}},{"type":"Feature","properties":{"height":23.1,"gml_id":"bldg_280082fc-c0f6-488c-bee0-1cb58067b12c"},"geometry":{"type":"Polygon","coordinates":[[[139.76326125055775,35.66785390799087],[139.76334537246257,35.66778229770999],[139.76356503634977,35.66795422699298],[139.76348091446025,35.66802583742529],[139.76326125055775,35.66785390799087]]]}},{"type":"Feature","properties":{"height":17.6,"gml_id":"bldg_a2a4e056-a6d3-4c62-8db6-19cd602cd24d"},"geometry":{"type":"Polygon","coordinates":[[[139.76483666143386,35.672458758753805],[139.76479659084097,35.67242556542838],[139.76485285629295,35.67238043865653],[139.76489292688666,35.6724136319635],[139.76483666143386,35.672458758753805]]]}},{"type":"Feature","properties":{"height":32.6,"gml_id":"bldg_17e3218a-df2b-4038-ac5a-11340bbf673e"},"geometry":{"type":"Polygon","coordinates":[[[139.76380775065945,35.67173517777929],[139.7637360135498,35.67178777742349],[139.7636685762907,35.67172265839153],[139.76373799206945,35.67167186109273],[139.76380775065945,35.67173517777929]]]}},{"type":"Feature","properties":{"height":19.4,"gml_id":"bldg_e878d52e-56b0-4648-8eb8-f68ff657abe7"},"geometry":{"type":"Polygon","coordinates":[[[139.77178571748246,35.672021920150364],[139.77192547856384,35.671991885647905],[139.77195820932516,35.672092856116244],[139.77181833754577,35.67212298073689],[139.77178571748246,35.672021920150364]]]}},{"type":"Feature","properties":{"height":25.4,"gml_id":"bldg_217be4b3-d1c1-42ba-adc5-f7090a278469"},"geometry":{"type":"Polygon","coordinates":[[[139.77110883902137,35.67185743223113],[139.7710520844866,35.6717977139643],[139.77110098908116,35.67176676807082],[139.7710724462745,35.67173673759207],[139.7711131394505,35.67171077204031],[139.7711868333463,35.67180658098731],[139.77110883902137,35.67185743223113]]]}},{"type":"Feature","properties":{"height":8.4,"gml_id":"bldg_9d8ecc3c-952f-4591-b48d-e06abe304aca"},"geometry":{"type":"Polygon","coordinates":[[[139.76860369714993,35.67184664718013],[139.76864464285816,35.67189209838606],[139.76861635030062,35.67190893885899],[139.76857573606654,35.671863397684525],[139.76860369714993,35.67184664718013]]]}},{"type":"Feature","properties":{"height":7.1,"gml_id":"bldg_4a1a5441-319d-41d2-9d0e-4001d5ee4f29"},"geometry":{"type":"Polygon","coordinates":[[[139.77362828651232,35.6699253524152],[139.7736026889517,35.66988558915476],[139.77365539605037,35.6698630809539],[139.77368099362997,35.6699028442033],[139.77362828651232,35.6699253524152]]]}},{"type":"Feature","properties":{"height":41.2,"gml_id":"bldg_b859eea9-2f9e-407e-a31f-aaf9139c9809"},"geometry":{"type":"Polygon","coordinates":[[[139.76371316482332,35.67242918032828],[139.76381144468445,35.67251978002339],[139.76362128801935,35.67264825092727],[139.76359747314743,35.672633779115806],[139.76358679697543,35.6726270396766],[139.76358348231864,35.67261513062048],[139.76358805964747,35.67253428913538],[139.76359202452244,35.67252255555649],[139.76359963444395,35.67251118463763],[139.76371316482332,35.67242918032828]]]}},{"type":"Feature","properties":{"height":38.0,"gml_id":"bldg_3bc36e54-4d89-4364-b673-868c5fa30952"},"geometry":{"type":"Polygon","coordinates":[[[139.77137030695778,35.66852951741279],[139.77131625840215,35.66857293489288],[139.7712542196115,35.66852152463239],[139.77130837862663,35.66847810633532],[139.77137030695778,35.66852951741279]]]}},{"type":"Feature","properties":{"height":57.6,"gml_id":"bldg_ecdcca3c-022a-49d1-a79a-85627df7754d"},"geometry":{"type":"Polygon","coordinates":[[[139.76373673087673,35.674778891558375],[139.76372282693595,35.67476148793144],[139.7637137837757,35.67474390593758],[139.76371038015182,35.67471983732141],[139.76371382080225,35.67470127103543],[139.76372289769205,35.67468000389009],[139.7637410297821,35.67466243760566],[139.7637614777118,35.67464946965685],[139.76378644921002,35.67464299420017],[139.76382047747364,35.67463841684971],[139.76458141624244,35.67460126740979],[139.76495189319553,35.67515933696548],[139.76492574886615,35.67524558256413],[139.76450378323221,35.67534260108473],[139.76439884877502,35.67532920074076],[139.76373673087673,35.674778891558375]]]}},{"type":"Feature","properties":{"height":32.7,"gml_id":"bldg_2079b668-9fa3-45c2-b36c-bbb64730eb79"},"geometry":{"type":"Polygon","coordinates":[[[139.77277130749314,35.67403960230386],[139.77276211456697,35.67377910095056],[139.77306259094348,35.673772040747345],[139.7730717848453,35.67403254207897],[139.77277130749314,35.67403960230386]]]}},{"type":"Feature","properties":{"height":28.3,"gml_id":"bldg_ffdb1781-f99f-401f-9851-58bb92b7bcd4"},"geometry":{"type":"Polygon","coordinates":[[[139.77330589139538,35.67252303974572],[139.77346234283343,35.672479941873206],[139.77350567746848,35.67258488322683],[139.77334933631445,35.67262798120977],[139.77330589139538,35.67252303974572]]]}},{"type":"Feature","properties":{"height":30.1,"gml_id":"bldg_d34be088-b8c4-4a8f-93e7-5fbb71058660"},"geometry":{"type":"Polygon","coordinates":[[[139.771565318956,35.66932498868361],[139.7715751560361,35.66931715178025],[139.77162118834985,35.66935611471328],[139.7716296990621,35.66934935877387],[139.77166601728152,35.66937993393845],[139.77167309116524,35.669374258908285],[139.77170035741145,35.66939725788999],[139.7715608704883,35.66950733424708],[139.7714282927423,35.66939540571963],[139.7714981467063,35.66934036769405],[139.77148545187904,35.66932972496772],[139.77152966321827,35.66929486541654],[139.771565318956,35.66932498868361]]]}},{"type":"Feature","properties":{"height":16.2,"gml_id":"bldg_bb9d51de-2251-4adf-99d0-9aa7b8d2c7e9"},"geometry":{"type":"Polygon","coordinates":[[[139.77367594652117,35.67000541799163],[139.77363997360246,35.66995474298117],[139.7736963273889,35.66993034368633],[139.77372798882865,35.66998570368752],[139.77367594652117,35.67000541799163]]]}},{"type":"Feature","properties":{"height":39.7,"gml_id":"bldg_9d1e5425-4274-4e62-864c-99c074ec559a"},"geometry":{"type":"Polygon","coordinates":[[[139.7670590458417,35.66862864341404],[139.76697358697803,35.668556838002196],[139.7670177115717,35.66852187098991],[139.76699709333968,35.668502885720166],[139.76708387239773,35.66843403340213],[139.76719103263585,35.668524067418595],[139.7670590458417,35.66862864341404]]]}},{"type":"Feature","properties":{"height":43.9,"gml_id":"bldg_fffa88e3-2e74-4206-937e-ef2d02ad324f"},"geometry":{"type":"Polygon","coordinates":[[[139.76418441116397,35.67214651090462],[139.76414483995939,35.67217515183407],[139.76410962955387,35.67214277230696],[139.76420513114985,35.672073420551285],[139.76430436078132,35.672164426914],[139.76424820944385,35.672205136768966],[139.76418441116397,35.67214651090462]]]}},{"type":"Feature","properties":{"height":20.7,"gml_id":"bldg_c5e30463-cfa4-484f-89b2-101bb51074a5"},"geometry":{"type":"Polygon","coordinates":[[[139.76953313755095,35.670775293395295],[139.76947904623395,35.67081377138678],[139.76944246678136,35.67077856237304],[139.76949716517964,35.670740661598444],[139.76953313755095,35.670775293395295]]]}},{"type":"Feature","properties":{"height":17.9,"gml_id":"bldg_bf49fa64-a2ab-41eb-8b77-9968a7251368"},"geometry":{"type":"Polygon","coordinates":[[[139.77282914923492,35.668973824277444],[139.7728025137263,35.668993010146785],[139.77272458293365,35.6689209512037],[139.7727629385575,35.66888680844692],[139.77282914923492,35.668973824277444]]]}},{"type":"Feature","properties":{"height":32.7,"gml_id":"bldg_2fca2bf9-17af-4938-a93a-7c68fd47029d"},"geometry":{"type":"Polygon","coordinates":[[[139.7655554326422,35.66773502297578],[139.76552982326103,35.667714799761285],[139.7655664554895,35.66768387622471],[139.7656865547971,35.667778678123696],[139.7656173581495,35.66783704824297],[139.76554141284055,35.66777724443915],[139.7655555616468,35.66776535427165],[139.76553050416192,35.667745591068595],[139.7655421990616,35.66773572761158],[139.76554860141192,35.66774077890818],[139.7655554326422,35.66773502297578]]]}},{"type":"Feature","properties":{"height":39.0,"gml_id":"bldg_a7e21e1a-f43f-43ca-a8dd-bc3a7c2c2140"},"geometry":{"type":"Polygon","coordinates":[[[139.77245904409156,35.67216877160951],[139.77237954658625,35.672192284269954],[139.77235573774158,35.67213893797333],[139.77243523528992,35.672115308149905],[139.77245904409156,35.67216877160951]]]}},{"type":"Feature","properties":{"height":24.3,"gml_id":"bldg_9c596989-8f87-499b-8c24-9e8c48797dd2"},"geometry":{"type":"Polygon","coordinates":[[[139.77308892871213,35.66718278989486],[139.77299655575516,35.66725187000014],[139.77298219411625,35.66723992861454],[139.7729482415338,35.66726621367979],[139.77287588463443,35.66720183731417],[139.77300327047294,35.66710658092549],[139.77308892871213,35.66718278989486]]]}},{"type":"Feature","properties":{"height":17.7,"gml_id":"bldg_b77bb154-7340-49f6-9473-82e1bf9bea72"},"geometry":{"type":"Polygon","coordinates":[[[139.77495252611854,35.67156496871688],[139.77492507857798,35.67148527402091],[139.77496971362282,35.67147492987269],[139.77500036630565,35.67155237267857],[139.77495252611854,35.67156496871688]]]}},{"type":"Feature","properties":{"height":44.3,"gml_id":"bldg_7b88f562-e0f7-4204-81b7-939021ff8a42"},"geometry":{"type":"Polygon","coordinates":[[[139.7644695422578,35.67122204583468],[139.76460323931377,35.671334811888556],[139.76453209801207,35.67138925025084],[139.76440310876922,35.671274107189085],[139.7644695422578,35.67122204583468]]]}},{"type":"Feature","properties":{"height":43.9,"gml_id":"bldg_8de3e420-06c4-4569-8eb6-b6a62bb57d46"},"geometry":{"type":"Polygon","coordinates":[[[139.76829976913092,35.66903582131221],[139.7682494317484,35.66899550272128],[139.76825575434876,35.66899026915855],[139.76813328456495,35.668884057166665],[139.7681850459067,35.66884385688307],[139.7684287830177,35.6690411188868],[139.76835152093122,35.66910282129967],[139.76828672621085,35.66904636033691],[139.76829976913092,35.66903582131221]]]}},{"type":"Feature","properties":{"height":16.1,"gml_id":"bldg_3b3d3ca4-d021-4a78-8b83-a39abdcc81eb"},"geometry":{"type":"Polygon","coordinates":[[[139.7729292906861,35.67358061340551],[139.77292578807277,35.6735377054008],[139.77307658146256,35.673529758739356],[139.77307953182208,35.673572665562055],[139.7729292906861,35.67358061340551]]]}},{"type":"Feature","properties":{"height":27.1,"gml_id":"bldg_7856afa2-a9c9-45e2-889d-6b6d1fb6c2e2"},"geometry":{"type":"Polygon","coordinates":[[[139.76816977768294,35.67322338740377],[139.76819979607353,35.673258475161326],[139.76818520712936,35.67326752606579],[139.76824734542402,35.673334531671436],[139.768290670213,35.673307604034875],[139.76833592176524,35.67335666315218],[139.7681898056498,35.67345402259065],[139.7680339964413,35.67328601243774],[139.76816350628957,35.67320597759865],[139.76817606639156,35.673219495974905],[139.76816977768294,35.67322338740377]]]}},{"type":"Feature","properties":{"height":27.7,"gml_id":"bldg_067b1e15-4bd6-4d47-93ce-96024814c04e"},"geometry":{"type":"Polygon","coordinates":[[[139.77401575899444,35.672949560669366],[139.77393862724222,35.67297024521041],[139.77392573747431,35.67293822208563],[139.77391200381817,35.67294188389671],[139.77390773668975,35.672931210436865],[139.77399712144162,35.67290736723385],[139.77401575899444,35.672949560669366]]]}},{"type":"Feature","properties":{"height":15.3,"gml_id":"bldg_40472e3b-572b-43e1-a987-ab05474f26c0"},"geometry":{"type":"Polygon","coordinates":[[[139.7695457356522,35.67087970612858],[139.7694827072153,35.670821804563445],[139.76954316542898,35.67077802986898],[139.7696061938752,35.6708359314029],[139.7695457356522,35.67087970612858]]]}},{"type":"Feature","properties":{"height":12.5,"gml_id":"bldg_a7ffbc55-80a2-4d94-be41-55ee37b4506c"},"geometry":{"type":"Polygon","coordinates":[[[139.77402052922466,35.67113050206233],[139.77399660091382,35.671073343212896],[139.77411283252306,35.67104095099818],[139.77411680235167,35.671050237094505],[139.77416397998053,35.671037100237584],[139.7741840490245,35.67108497301456],[139.77402052922466,35.67113050206233]]]}},{"type":"Feature","properties":{"height":7.1,"gml_id":"bldg_d5384496-f468-46a5-bab5-68b3ff47a5ad"},"geometry":{"type":"Polygon","coordinates":[[[139.767629609822,35.67458172307414],[139.76771259921725,35.674520988773914],[139.76774079117567,35.6745474504083],[139.76765817775825,35.67460770720524],[139.767629609822,35.67458172307414]]]}},{"type":"Feature","properties":{"height":28.6,"gml_id":"bldg_2cba0ee5-d2ce-4d20-a87e-3675243c5377"},"geometry":{"type":"Polygon","coordinates":[[[139.7651048109009,35.67330890561633],[139.7649797971721,35.67339797958272],[139.7647895072959,35.6732168766501],[139.7649142997134,35.67312816240057],[139.7651048109009,35.67330890561633]]]}},{"type":"Feature","properties":{"height":14.8,"gml_id":"bldg_62069b7b-72ba-43a7-ba52-4366392beec4"},"geometry":{"type":"Polygon","coordinates":[[[139.76711882592946,35.67082346635255],[139.7671961059229,35.67090391131239],[139.76710487023726,35.67096226113445],[139.76702760132565,35.67088181612296],[139.76711882592946,35.67082346635255]]]}},{"type":"Feature","properties":{"height":9.9,"gml_id":"bldg_a155224a-40ea-461c-b98b-e51d25f6f4e7"},"geometry":{"type":"Polygon","coordinates":[[[139.77087766912862,35.672056606129146],[139.77091839600607,35.67210115507446],[139.7708823729185,35.67211591891413],[139.77084893350585,35.67207552005455],[139.77087766912862,35.672056606129146]]]}},{"type":"Feature","properties":{"height":18.8,"gml_id":"bldg_df36ab2b-d64f-4510-8199-185a1c52d9a7"},"geometry":{"type":"Polygon","coordinates":[[[139.77344099092713,35.67341005796407],[139.77344373298084,35.67343631631884],[139.77341896502605,35.67343804364666],[139.77342050051365,35.673452826925235],[139.7734216715421,35.67346750185768],[139.77342780281512,35.67346701816694],[139.77343043516066,35.67349225791587],[139.773349569164,35.67349789630705],[139.77333454219274,35.67335493108764],[139.77338823182964,35.67335117206277],[139.77339470293055,35.673413279873394],[139.77344099092713,35.67341005796407]]]}},{"type":"Feature","properties":{"height":17.2,"gml_id":"bldg_b32b0f3b-8a9e-4300-bd6a-e11d0d798bcb"},"geometry":{"type":"Polygon","coordinates":[[[139.7727869391815,35.67235683715034],[139.77275881840708,35.67229345558353],[139.77282433890574,35.672274109908535],[139.77285257019116,35.67233749061443],[139.7727869391815,35.67235683715034]]]}},{"type":"Feature","properties":{"height":33.7,"gml_id":"bldg_4f23bedf-d95f-441e-9829-7642fbe57a86"},"geometry":{"type":"Polygon","coordinates":[[[139.7637072667628,35.6677471736577],[139.76357227076826,35.6676375786284],[139.76376980128614,35.66747553577892],[139.7639047972786,35.667585130589735],[139.7637072667628,35.6677471736577]]]}},{"type":"Feature","properties":{"height":9.8,"gml_id":"bldg_604a8a98-9f5c-4502-bf8a-248f864ed2df"},"geometry":{"type":"Polygon","coordinates":[[[139.77295761467917,35.673374933429734],[139.77290005819594,35.67337932128283],[139.7728927053789,35.673315049708016],[139.7729489445678,35.67329957431159],[139.77295761467917,35.673374933429734]]]}},{"type":"Feature","properties":{"height":34.1,"gml_id":"bldg_9fc4d510-8aaf-4dcd-ba44-ee825cd3cdda"},"geometry":{"type":"Polygon","coordinates":[[[139.77484517468895,35.67049296844748],[139.77482335453615,35.670498112800665],[139.77480807057302,35.67046224874356],[139.77493002028865,35.670433491049636],[139.77498686926603,35.670487510869684],[139.77485506286305,35.67052085182445],[139.77484517468895,35.67049296844748]]]}},{"type":"Feature","properties":{"height":44.3,"gml_id":"bldg_568fbf9d-e3ab-44a8-b08f-639e917715a8"},"geometry":{"type":"Polygon","coordinates":[[[139.7629764901118,35.668177569425204],[139.7629834431791,35.66817168841952],[139.76321347128888,35.66835304283958],[139.7631593390996,35.66839876502638],[139.763148896811,35.66839052038644],[139.76310071170658,35.66843121634838],[139.76287554943335,35.66825608313865],[139.76297236178098,35.66817431305446],[139.7629764901118,35.668177569425204]]]}},{"type":"Feature","properties":{"height":7.5,"gml_id":"bldg_bde45d0a-c322-4ec6-9d17-6ddda3eeebdb"},"geometry":{"type":"Polygon","coordinates":[[[139.7691225806588,35.67098025474486],[139.76922094692583,35.670912974581896],[139.76925306653325,35.67094453974112],[139.76915613627912,35.671011820695334],[139.7691225806588,35.67098025474486]]]}},{"type":"Feature","properties":{"height":12.2,"gml_id":"bldg_aa204eab-d3f9-4728-9ad3-202c5b95c0b8"},"geometry":{"type":"Polygon","coordinates":[[[139.77103994203023,35.66884353783516],[139.77109189305963,35.668798973751294],[139.7711167868909,35.66881830305063],[139.77106483587679,35.66886284911762],[139.77103994203023,35.66884353783516]]]}},{"type":"Feature","properties":{"height":33.2,"gml_id":"bldg_a20a01d6-7464-434d-b780-3a8e360eeceb"},"geometry":{"type":"Polygon","coordinates":[[[139.77362795031678,35.6745301055678],[139.77363452068658,35.67460762777668],[139.77355774185116,35.67461200641075],[139.77355117155457,35.67453448509917],[139.77362795031678,35.6745301055678]]]}},{"type":"Feature","properties":{"height":51.4,"gml_id":"bldg_3a20795e-2f72-4e9a-8a1f-3f8c51102cd9"},"geometry":{"type":"Polygon","coordinates":[[[139.76866631883343,35.668848171583576],[139.76854812924302,35.66893996792805],[139.7685290096865,35.66892484160653],[139.76845523022507,35.6689829305524],[139.76833241585243,35.66887907206334],[139.7683459780132,35.66886839810758],[139.76827400798405,35.66880647995349],[139.76838779834864,35.66871841409122],[139.7684786937377,35.66873505736737],[139.76850127714138,35.6687421543243],[139.7685337085327,35.66875553915033],[139.76857089509727,35.66877595723854],[139.76861420599005,35.668804112391676],[139.76866631883343,35.668848171583576]]]}},{"type":"Feature","properties":{"height":7.0,"gml_id":"bldg_b4351927-7613-4338-9db6-df95d33db0fa"},"geometry":{"type":"Polygon","coordinates":[[[139.76722363237664,35.670235296776255],[139.76714485638297,35.6702817914032],[139.7671197495541,35.67025347357757],[139.76719853658,35.67020697987425],[139.76722363237664,35.670235296776255]]]}},{"type":"Feature","properties":{"height":3.8,"gml_id":"bldg_280db510-ac2e-4a36-abf9-a7368d8ae7c6"},"geometry":{"type":"Polygon","coordinates":[[[139.7654618947199,35.67037252421723],[139.76549666228365,35.67040580358072],[139.7654664881398,35.67042687961322],[139.76543161011762,35.67039359927748],[139.7654618947199,35.67037252421723]]]}},{"type":"Feature","properties":{"height":32.8,"gml_id":"bldg_4f176713-e294-45aa-9510-42295c5ce81e"},"geometry":{"type":"Polygon","coordinates":[[[139.77095931860833,35.6745918497108],[139.77096814913645,35.67460077787417],[139.7709783011508,35.67461502481988],[139.77099154025643,35.67463702516786],[139.77099583590905,35.67465325209951],[139.77099814586416,35.67466596264968],[139.77088455330008,35.674705654322224],[139.77084318521565,35.67463172030313],[139.77095931860833,35.6745918497108]]]}},{"type":"Feature","properties":{"height":18.3,"gml_id":"bldg_160186b6-8083-4e26-9be7-77a2b16278b5"},"geometry":{"type":"Polygon","coordinates":[[[139.7634855229694,35.671066370764485],[139.76346491986365,35.671080942127396],[139.7634481431645,35.67106515024942],[139.76342412462228,35.67108213620443],[139.76342167434413,35.67107982726659],[139.76338763055176,35.67110391021345],[139.76335649443746,35.67107449834502],[139.76343519294602,35.67101892933168],[139.7634855229694,35.671066370764485]]]}},{"type":"Feature","properties":{"height":15.1,"gml_id":"bldg_8d0632ed-f71e-4201-b735-bac92cad7104"},"geometry":{"type":"Polygon","coordinates":[[[139.7638357901431,35.67086446844779],[139.76386868069608,35.670896214860626],[139.76377310581393,35.67096219518571],[139.76374029272287,35.670930302769435],[139.7638357901431,35.67086446844779]]]}},{"type":"Feature","properties":{"height":13.5,"gml_id":"bldg_2bc25d17-cd05-4492-a8db-c2abc0f31c0f"},"geometry":{"type":"Polygon","coordinates":[[[139.76513367002624,35.67470514828882],[139.76505542814147,35.67474052788966],[139.76497290111024,35.674619156311046],[139.76505014839054,35.67458413674808],[139.76513367002624,35.67470514828882]]]}},{"type":"Feature","properties":{"height":33.8,"gml_id":"bldg_def14df7-177d-41d5-bb51-92b135d14e4e"},"geometry":{"type":"Polygon","coordinates":[[[139.7683433908071,35.67054762825992],[139.76849381180978,35.67044738741027],[139.7685339837225,35.67049256693399],[139.76847708893692,35.670527861120775],[139.76844868981377,35.67049948861878],[139.76840442557548,35.67052899374652],[139.76843155539984,35.670556094638414],[139.76830764209322,35.67063296900578],[139.7682287307129,35.670547205771065],[139.76827374517217,35.6704780947727],[139.7683433908071,35.67054762825992]]]}},{"type":"Feature","properties":{"height":20.4,"gml_id":"bldg_e01eb55c-ddee-4ac4-a680-b7e6045715f9"},"geometry":{"type":"Polygon","coordinates":[[[139.76259818245703,35.667207326439815],[139.76269664493847,35.667282557903626],[139.76260511535114,35.66736200533761],[139.76250587885482,35.66728767381701],[139.76259818245703,35.667207326439815]]]}},{"type":"Feature","properties":{"height":30.0,"gml_id":"bldg_84fa14f5-719c-4808-baaf-24aa67e1ee30"},"geometry":{"type":"Polygon","coordinates":[[[139.7687290956499,35.670271322440854],[139.76872007690497,35.670277536176094],[139.76872603724945,35.67028328112209],[139.76870337983632,35.67029891680343],[139.76862555332465,35.67022382666607],[139.76869197855294,35.67017753175577],[139.76876575632394,35.670246147819626],[139.76873504147005,35.67026767416757],[139.7687290956499,35.670271322440854]]]}},{"type":"Feature","properties":{"height":46.3,"gml_id":"bldg_a1a27a01-ac39-40b0-8c11-ca766eb7873c"},"geometry":{"type":"Polygon","coordinates":[[[139.7633212087862,35.668257577959395],[139.76318631700738,35.66815474286893],[139.7631920652376,35.66814978866269],[139.76323816080418,35.6681109663029],[139.7632660179263,35.66808655529142],[139.7631207502812,35.66797578199921],[139.7631933775131,35.66791236762307],[139.76347265384996,35.66812525413972],[139.7633212087862,35.668257577959395]]]}},{"type":"Feature","properties":{"height":52.7,"gml_id":"bldg_6774082a-8616-417a-8d62-2f86cee06e89"},"geometry":{"type":"Polygon","coordinates":[[[139.76699839660986,35.67428407723736],[139.7668121833349,35.67410784628152],[139.7668858419191,35.67405612111823],[139.7669128184088,35.6740824470716],[139.76693082408184,35.67406979271617],[139.76701725259286,35.6741516309077],[139.76699809690896,35.674165663742556],[139.76702906985776,35.67419507456571],[139.7670161376211,35.67420413525297],[139.76705708921935,35.6742428266892],[139.76699839660986,35.67428407723736]]]}},{"type":"Feature","properties":{"height":18.3,"gml_id":"bldg_dc81f0b2-c7b9-4cac-9444-e6cea3ec8bdc"},"geometry":{"type":"Polygon","coordinates":[[[139.76491537796582,35.67187763426323],[139.7648943658446,35.67189261215562],[139.76491606591,35.67191287833928],[139.76479532066534,35.6719989448767],[139.76475713034,35.67196327383018],[139.76489889873852,35.671862229447264],[139.76491537796582,35.67187763426323]]]}},{"type":"Feature","properties":{"height":53.2,"gml_id":"bldg_9ee58320-f779-43aa-b5ed-1bc6301c5ae1"},"geometry":{"type":"Polygon","coordinates":[[[139.76599809763374,35.67233783666371],[139.76572675950166,35.67252381813541],[139.76566607529287,35.67246486129895],[139.76593740231922,35.6722788799559],[139.76599809763374,35.67233783666371]]]}},{"type":"Feature","properties":{"height":45.0,"gml_id":"bldg_e36465e4-5bf7-4645-9bee-de80cd242505"},"geometry":{"type":"Polygon","coordinates":[[[139.7716426460983,35.67434396371785],[139.77179988584388,35.67428707742214],[139.77184445205435,35.67436903496732],[139.77168721217947,35.674425921320314],[139.7716426460983,35.67434396371785]]]}},{"type":"Feature","properties":{"height":31.0,"gml_id":"bldg_7831adef-fec7-4a6f-aec0-d6ffb51cfb70"},"geometry":{"type":"Polygon","coordinates":[[[139.77116932056575,35.67473239217184],[139.7711978966442,35.67477792623958],[139.77109744797536,35.674819967561774],[139.77111863187076,35.67485360060941],[139.77102779693277,35.67489168170186],[139.7709496814761,35.67476770342152],[139.7710966477102,35.674712434295],[139.77116932056575,35.67473239217184]]]}},{"type":"Feature","properties":{"height":24.8,"gml_id":"bldg_25ce1289-be9f-42f7-a389-709afbbd49e6"},"geometry":{"type":"Polygon","coordinates":[[[139.77140762081692,35.67353456357441],[139.77144284647457,35.67358041559172],[139.77141349483676,35.67359542728735],[139.77142636236402,35.67361217239672],[139.7713970107122,35.673627183186866],[139.77137124766426,35.673629928132776],[139.7713289151051,35.67357482344905],[139.77140762081692,35.67353456357441]]]}},{"type":"Feature","properties":{"height":13.6,"gml_id":"bldg_ec283f14-de94-46ec-a402-a2e3fd472ebd"},"geometry":{"type":"Polygon","coordinates":[[[139.7748342133143,35.67142123241721],[139.77493641380204,35.6713920784367],[139.77495141137103,35.671427148223465],[139.77484921084334,35.67145630311787],[139.7748342133143,35.67142123241721]]]}},{"type":"Feature","properties":{"height":11.9,"gml_id":"bldg_063e0f4c-d224-4fbf-87bd-7feeba100bf0"},"geometry":{"type":"Polygon","coordinates":[[[139.77265093049644,35.66947201385013],[139.77260662075807,35.669491461178325],[139.7725870703958,35.669489738707696],[139.77254668794058,35.66942851507292],[139.77260514147636,35.66940276528642],[139.77265093049644,35.66947201385013]]]}},{"type":"Feature","properties":{"height":30.6,"gml_id":"bldg_d09b817b-6394-4fe0-a5b0-9e6a3e1cdd58"},"geometry":{"type":"Polygon","coordinates":[[[139.77154353201863,35.67222550641855],[139.77150358598007,35.67217059229663],[139.77158624069904,35.672135751574714],[139.77155512957665,35.67208381743173],[139.77156695335196,35.67207859463252],[139.7715691667473,35.672073277666975],[139.77154456155458,35.67203630874883],[139.77167130530398,35.67198364249614],[139.7717218795919,35.67215159508239],[139.77154353201863,35.67222550641855]]]}},{"type":"Feature","properties":{"height":33.8,"gml_id":"bldg_ad5a786e-b0cb-4d6d-a6ad-d2bfa833e2cd"},"geometry":{"type":"Polygon","coordinates":[[[139.77329100178002,35.674571691401475],[139.77341970332344,35.674563849571314],[139.7734214795724,35.67458317588517],[139.77339530737817,35.67458467716574],[139.7733986055403,35.67462070667289],[139.77329606403106,35.674626956182394],[139.77329100178002,35.674571691401475]]]}},{"type":"Feature","properties":{"height":31.4,"gml_id":"bldg_77b7b103-b418-4d71-98fa-1474043c85c2"},"geometry":{"type":"Polygon","coordinates":[[[139.76471312838123,35.67314219857505],[139.76465440760774,35.673086911842674],[139.7647485487492,35.673020336021054],[139.76476634126854,35.673037454211006],[139.76480300519012,35.67301141639448],[139.76484497073014,35.67305089336131],[139.76471312838123,35.67314219857505]]]}},{"type":"Feature","properties":{"height":26.9,"gml_id":"bldg_8b127e98-979d-4a71-8a77-77e4e3923a5e"},"geometry":{"type":"Polygon","coordinates":[[[139.77045968367372,35.67401092556131],[139.77051239154122,35.67399202424479],[139.77057350158174,35.674105719213976],[139.77052079372442,35.6741245304196],[139.77045968367372,35.67401092556131]]]}},{"type":"Feature","properties":{"height":35.5,"gml_id":"bldg_b21fc427-55ea-4fdd-a4aa-0cd387f665e1"},"geometry":{"type":"Polygon","coordinates":[[[139.77451998154413,35.671669956578675],[139.77435668226576,35.67171467585133],[139.77430739293672,35.6715947600621],[139.77431380118466,35.67159296856937],[139.7743099417767,35.67158367442213],[139.77443434960855,35.67154957329871],[139.7744407450773,35.67156517018194],[139.77447322810858,35.671556261569485],[139.77451998154413,35.671669956578675]]]}},{"type":"Feature","properties":{"height":33.2,"gml_id":"bldg_c2807299-1435-4794-977c-8331f8f0410c"},"geometry":{"type":"Polygon","coordinates":[[[139.76256659721886,35.67032966470493],[139.7626400980071,35.67028067317419],[139.7626948392423,35.670335329419785],[139.76262100678807,35.67038461734053],[139.76261182438068,35.670375453995746],[139.76258641407188,35.67039240291329],[139.76258032189892,35.67038632407817],[139.76255360735675,35.67040413844206],[139.76251940514155,35.67036999144089],[139.76251185609917,35.67037502567752],[139.76250480376908,35.670367972790764],[139.76249221466327,35.670376366183596],[139.7624456293748,35.670330017196946],[139.7625182572417,35.67028141281721],[139.76256659721886,35.67032966470493]]]}},{"type":"Feature","properties":{"height":31.1,"gml_id":"bldg_5a40ae59-b6b9-41d0-a6fa-b5c54aea8602"},"geometry":{"type":"Polygon","coordinates":[[[139.77037267853078,35.66832907436499],[139.77024187139,35.668217596123675],[139.77028088764084,35.6681870780219],[139.7703032187496,35.668205992418784],[139.770290817546,35.668215701833034],[139.77031908734847,35.66823976527778],[139.77032837167266,35.66823249605097],[139.77030887753347,35.66821590958896],[139.77032808723155,35.66820087571606],[139.77038776183886,35.66825165425868],[139.77049713986165,35.66816600878189],[139.7705372098444,35.66820028188199],[139.77037267853078,35.66832907436499]]]}},{"type":"Feature","properties":{"height":26.7,"gml_id":"bldg_3cb80096-c764-4fb5-8e4b-2002048469eb"},"geometry":{"type":"Polygon","coordinates":[[[139.7676921831208,35.67328168026805],[139.76752727784802,35.67339020568191],[139.76742540176969,35.67328712304796],[139.7675903069679,35.67317859777167],[139.7676921831208,35.67328168026805]]]}},{"type":"Feature","properties":{"height":149.7,"gml_id":"bldg_97e3aac1-63f6-411c-b88c-e73a47dc429f"},"geometry":{"type":"Polygon","coordinates":[[[139.76625308105767,35.66846052362594],[139.7659016996818,35.66820758222182],[139.76621034192283,35.66792210936678],[139.76656172302424,35.66817504988196],[139.76625308105767,35.66846052362594]]]}},{"type":"Feature","properties":{"height":35.5,"gml_id":"bldg_7657358f-e8e0-4e59-a16f-09c7f17ca5ce"},"geometry":{"type":"Polygon","coordinates":[[[139.773952517167,35.67183092560552],[139.77392373473717,35.67176502103529],[139.77395080441227,35.67175710230489],[139.77392345550916,35.67169462365853],[139.77394683480222,35.67168784785191],[139.77395511575043,35.671708006638355],[139.7739831245174,35.67169986302043],[139.77398773410965,35.67171042938515],[139.77401911273864,35.671701340977904],[139.7740617901605,35.671799160974004],[139.773952517167,35.67183092560552]]]}},{"type":"Feature","properties":{"height":7.3,"gml_id":"bldg_d0d03c5e-ade8-49da-b373-8aeb3b87c96f"},"geometry":{"type":"Polygon","coordinates":[[[139.7647264305508,35.669473708638385],[139.76469061461714,35.669504605333714],[139.7645704017451,35.66941178542447],[139.76458897298733,35.66939575158176],[139.76430141253235,35.669173759074674],[139.76423376012585,35.669232129269396],[139.76421300713758,35.6692162531864],[139.76428076985135,35.669158063341136],[139.76423297206296,35.66912116974841],[139.7642504379205,35.669106036696235],[139.7647264305508,35.669473708638385]]]}},{"type":"Feature","properties":{"height":28.2,"gml_id":"bldg_4a4e2794-223a-4854-b2b5-a3cb0acde853"},"geometry":{"type":"Polygon","coordinates":[[[139.76405050047632,35.66833002943648],[139.7642822126684,35.668508804852415],[139.7641974304069,35.66857771127946],[139.76396848904017,35.66840091040526],[139.76405050047632,35.66833002943648]]]}},{"type":"Feature","properties":{"height":16.0,"gml_id":"bldg_f93ed6d4-a79f-41c7-af1a-11fc7e9c426c"},"geometry":{"type":"Polygon","coordinates":[[[139.7732773052408,35.67425997096504],[139.77328679651512,35.67441942943127],[139.77321708902033,35.674422188002346],[139.7732084702698,35.67427787392942],[139.77322803505896,35.67426192940034],[139.7732773052408,35.67425997096504]]]}},{"type":"Feature","properties":{"height":9.3,"gml_id":"bldg_de20e5ed-5256-4742-95c2-2c1e979020aa"},"geometry":{"type":"Polygon","coordinates":[[[139.76332414053536,35.67286981625472],[139.7632957547922,35.67286520274558],[139.763293981273,35.67287214228505],[139.76327741373638,35.67286942942976],[139.76327896569572,35.672863209958535],[139.76326626391995,35.67286112941039],[139.76327790404156,35.67281399438212],[139.76333478312546,35.67282646640707],[139.76332414053536,35.67286981625472]]]}},{"type":"Feature","properties":{"height":10.5,"gml_id":"bldg_249e9498-cf56-453b-8c1d-f6fd076087b4"},"geometry":{"type":"Polygon","coordinates":[[[139.7725473814598,35.668513710551636],[139.77249941234143,35.6685525364295],[139.77243262562902,35.66849769915729],[139.77248059481457,35.66845878406971],[139.7725473814598,35.668513710551636]]]}},{"type":"Feature","properties":{"height":29.7,"gml_id":"bldg_f278a4c0-c1eb-4270-8654-8d13a6462dca"},"geometry":{"type":"Polygon","coordinates":[[[139.77194702061527,35.66789254074686],[139.7719238172059,35.66787280686015],[139.77197008306953,35.66783666733408],[139.772012059103,35.66783461555791],[139.77205522049522,35.66787141357548],[139.7719684580728,35.66793933296634],[139.7719295354858,35.66790623271165],[139.77194702061527,35.66789254074686]]]}},{"type":"Feature","properties":{"height":38.9,"gml_id":"bldg_cf1d586b-4bf8-422e-8cbc-5e1a66225caf"},"geometry":{"type":"Polygon","coordinates":[[[139.7643189132693,35.66680802394399],[139.76417420459867,35.66669049191642],[139.76422113796937,35.66665208428329],[139.7642403882616,35.66666774317938],[139.764270078069,35.66664345015946],[139.76439573510777,35.666745512607],[139.7643189132693,35.66680802394399]]]}},{"type":"Feature","properties":{"height":36.5,"gml_id":"bldg_021c18ab-e5e1-422a-911d-eaee7bbb8723"},"geometry":{"type":"Polygon","coordinates":[[[139.76853546900114,35.672208421615125],[139.76858250263078,35.67226613478818],[139.76854721616309,35.672284602967665],[139.76856940870925,35.67231185439774],[139.76843480290384,35.67238485623063],[139.76836594097787,35.67230036044804],[139.76853546900114,35.672208421615125]]]}},{"type":"Feature","properties":{"height":36.2,"gml_id":"bldg_730989eb-3997-462d-bf64-1dcc7ceb4876"},"geometry":{"type":"Polygon","coordinates":[[[139.77136615102592,35.673821025554155],[139.7713921474122,35.67381660417614],[139.77141101844086,35.673883963554154],[139.77120386215995,35.67392243559584],[139.77115277760043,35.673842638637936],[139.77116980830354,35.67381849064142],[139.77135838606125,35.67379129428367],[139.77136615102592,35.673821025554155]]]}},{"type":"Feature","properties":{"height":6.0,"gml_id":"bldg_722c3b41-ee5f-4c9e-92e3-0ad7ea1e2c14"},"geometry":{"type":"Polygon","coordinates":[[[139.77212610811296,35.674128962644495],[139.77214775587,35.67413411056998],[139.77215205778285,35.6741424062864],[139.77202675356446,35.67418650981548],[139.7720010518006,35.67413782259943],[139.77204856575216,35.67412108125953],[139.77206270500184,35.67412189969069],[139.77212610811296,35.674128962644495]]]}},{"type":"Feature","properties":{"height":18.8,"gml_id":"bldg_6e3a2021-b6f9-49dd-a6b9-6a153c67fdc1"},"geometry":{"type":"Polygon","coordinates":[[[139.76906245915384,35.6726704774268],[139.76914988141888,35.672615720583714],[139.76919645855196,35.672664960364514],[139.76910428370755,35.67272287041253],[139.76906245915384,35.6726704774268]]]}},{"type":"Feature","properties":{"height":10.6,"gml_id":"bldg_2bc7546e-d31d-4888-bc6e-93d4d64e870b"},"geometry":{"type":"Polygon","coordinates":[[[139.77330095035126,35.666876834307814],[139.77335466976632,35.666827465791],[139.77343393549506,35.66688492275885],[139.77338010563238,35.66693429125557],[139.77330095035126,35.666876834307814]]]}},{"type":"Feature","properties":{"height":14.3,"gml_id":"bldg_b18c3e81-d9b7-4fdd-9cda-81040aa84216"},"geometry":{"type":"Polygon","coordinates":[[[139.77305979627064,35.67117112760746],[139.77299526927493,35.671192638109396],[139.77297685135454,35.67115341914565],[139.7730403838799,35.67113226870473],[139.77305979627064,35.67117112760746]]]}},{"type":"Feature","properties":{"height":9.3,"gml_id":"bldg_61d7bbb4-4adb-44fb-8137-c76180719824"},"geometry":{"type":"Polygon","coordinates":[[[139.77486610256622,35.672680826612776],[139.77482058126833,35.67269369413381],[139.774794335499,35.67263193732896],[139.77483985676602,35.67261906981769],[139.77486610256622,35.672680826612776]]]}},{"type":"Feature","properties":{"height":11.1,"gml_id":"bldg_20d1ee9b-a24e-4b20-a709-979c1bfeca4f"},"geometry":{"type":"Polygon","coordinates":[[[139.76440957252402,35.67416328143234],[139.76444752363545,35.6742212614133],[139.76442133291377,35.67423269385955],[139.76438338181592,35.67417471387044],[139.76440957252402,35.67416328143234]]]}},{"type":"Feature","properties":{"height":20.8,"gml_id":"bldg_5e83e76d-f30b-4435-83e9-485aea86ec36"},"geometry":{"type":"Polygon","coordinates":[[[139.7743687089319,35.67153840020098],[139.77434063497674,35.67154519181724],[139.7743310655773,35.67151951602181],[139.77450498993326,35.67147641633301],[139.77452152695002,35.67152086210681],[139.77437559930172,35.67155695383392],[139.7743687089319,35.67153840020098]]]}},{"type":"Feature","properties":{"height":12.5,"gml_id":"bldg_0c6e1fcc-0527-4724-9d47-442280b0113f"},"geometry":{"type":"Polygon","coordinates":[[[139.77483320852014,35.67158717472356],[139.77477144577264,35.67160526230099],[139.77474376488883,35.671542783677644],[139.77480563812435,35.671524606030594],[139.77483320852014,35.67158717472356]]]}},{"type":"Feature","properties":{"height":7.3,"gml_id":"bldg_8976600a-1e5b-442a-875d-ea5515c4713c"},"geometry":{"type":"Polygon","coordinates":[[[139.77050439679837,35.66748966683895],[139.77046574425603,35.667521753597036],[139.7704020617614,35.667469360435064],[139.77043988532128,35.66743796642055],[139.77050439679837,35.66748966683895]]]}},{"type":"Feature","properties":{"height":31.3,"gml_id":"bldg_f694aa67-05ff-4fa4-af95-3da3194e7051"},"geometry":{"type":"Polygon","coordinates":[[[139.76327708577466,35.67372510244003],[139.7632678372414,35.67368996064788],[139.76334603728617,35.67367692720839],[139.76335561716084,35.67371217554918],[139.76327708577466,35.67372510244003]]]}},{"type":"Feature","properties":{"height":44.5,"gml_id":"bldg_885c4106-0721-4d7f-8d34-d95cb3b3a047"},"geometry":{"type":"Polygon","coordinates":[[[139.76951554634812,35.6738351749556],[139.769464821751,35.67377717176423],[139.76952636951037,35.673741338772885],[139.76957709412946,35.67379934193871],[139.76951554634812,35.6738351749556]]]}},{"type":"Feature","properties":{"height":8.6,"gml_id":"bldg_e76c5f37-7169-4f36-89e8-621d48214ccb"},"geometry":{"type":"Polygon","coordinates":[[[139.77450072497427,35.672019761953095],[139.77439134145473,35.67205143679032],[139.77437623335138,35.67201663639391],[139.77446815968582,35.67199000072636],[139.77447091673955,35.67199622154829],[139.7744882634195,35.67199118233774],[139.77450072497427,35.672019761953095]]]}},{"type":"Feature","properties":{"height":31.5,"gml_id":"bldg_424887c4-a95e-4c23-9d45-0d2f7878d580"},"geometry":{"type":"Polygon","coordinates":[[[139.7645319597724,35.671164168291845],[139.7644997182512,35.6711866030699],[139.76447346051162,35.67116147580145],[139.76450571306867,35.67113905005036],[139.7645319597724,35.671164168291845]]]}},{"type":"Feature","properties":{"height":31.4,"gml_id":"bldg_bf5b3463-1643-403f-8dc7-8e6a90a48c84"},"geometry":{"type":"Polygon","coordinates":[[[139.77491257488546,35.66969523076936],[139.77489102875552,35.6697036030867],[139.77486267981337,35.669649146370325],[139.77493891766687,35.66962259284989],[139.774973114097,35.669686697078255],[139.77494328105522,35.66969822019525],[139.77491257488546,35.66969523076936]]]}},{"type":"Feature","properties":{"height":29.6,"gml_id":"bldg_4ef74d2f-5544-4107-912a-a71a4c7467a8"},"geometry":{"type":"Polygon","coordinates":[[[139.76729219529724,35.67018299165241],[139.76724202082877,35.67021279056582],[139.76722236552473,35.670190903446276],[139.7672016325585,35.670203303971604],[139.7671679393474,35.67016579734717],[139.76723911160195,35.67012392257581],[139.76729219529724,35.67018299165241]]]}},{"type":"Feature","properties":{"height":8.0,"gml_id":"bldg_2fe5b77b-1aeb-4169-8f4c-329b5a9b621b"},"geometry":{"type":"Polygon","coordinates":[[[139.77005176991344,35.67045749859571],[139.77000667187875,35.670494522229134],[139.76997211919715,35.67046647134399],[139.77001699666192,35.67042899782209],[139.77005176991344,35.67045749859571]]]}},{"type":"Feature","properties":{"height":22.1,"gml_id":"bldg_4086ce4c-7c45-4bfd-bfaf-d8ddb75cca8b"},"geometry":{"type":"Polygon","coordinates":[[[139.77097341711328,35.67194686941931],[139.77087374042011,35.67185316419434],[139.77091065594985,35.671827044419956],[139.77101033265518,35.671920747812024],[139.77097341711328,35.67194686941931]]]}},{"type":"Feature","properties":{"height":33.5,"gml_id":"bldg_ceb12760-7a9e-4531-939d-1d5f6ed175d2"},"geometry":{"type":"Polygon","coordinates":[[[139.76944688928913,35.6727975051795],[139.76953564311754,35.672735087094075],[139.76957695396413,35.672739345427765],[139.7696820253245,35.67285540771079],[139.76956023523852,35.67292646159006],[139.76944688928913,35.6727975051795]]]}},{"type":"Feature","properties":{"height":8.7,"gml_id":"bldg_3de21626-a8a5-469b-8877-992357baf5a8"},"geometry":{"type":"Polygon","coordinates":[[[139.7732319949696,35.67236895824035],[139.7732412558824,35.67239320979608],[139.7731466794722,35.67241722921849],[139.77313741858524,35.67239297765561],[139.7732319949696,35.67236895824035]]]}},{"type":"Feature","properties":{"height":11.3,"gml_id":"bldg_6dc499b9-1457-44b4-8a72-bf38912f257f"},"geometry":{"type":"Polygon","coordinates":[[[139.77272595654628,35.669295742990215],[139.7727521076966,35.66933298287349],[139.77263486694335,35.669387727337586],[139.77260871582976,35.66935048742922],[139.77272595654628,35.669295742990215]]]}},{"type":"Feature","properties":{"height":40.3,"gml_id":"bldg_ae70be0c-aca7-486d-b07f-3699cea95a38"},"geometry":{"type":"Polygon","coordinates":[[[139.7672429975755,35.67036792555526],[139.7671369047071,35.67042699826536],[139.76709044573923,35.670371538260376],[139.7671681366201,35.670328315058526],[139.76719175232034,35.67035654101598],[139.76722023158874,35.67034070240152],[139.7672429975755,35.67036792555526]]]}},{"type":"Feature","properties":{"height":9.0,"gml_id":"bldg_f9d2ec15-782c-452f-a14f-70c9c4b0d6f4"},"geometry":{"type":"Polygon","coordinates":[[[139.77372052329338,35.668289675640416],[139.77375374741834,35.66832232180838],[139.7736874381119,35.66836726842579],[139.77365421399602,35.66833462133843],[139.77372052329338,35.668289675640416]]]}},{"type":"Feature","properties":{"height":35.0,"gml_id":"bldg_a9cf5673-b408-46b9-b3f3-0ecad22751b7"},"geometry":{"type":"Polygon","coordinates":[[[139.76958635109574,35.66981232139664],[139.76964062213273,35.669769174331186],[139.76963289489672,35.66976276959134],[139.769690923932,35.669716650860025],[139.76975252072418,35.669768151819596],[139.76956317984428,35.66991885055668],[139.76947994696036,35.66984922132716],[139.7695570982229,35.669787788551155],[139.76958635109574,35.66981232139664]]]}},{"type":"Feature","properties":{"height":27.3,"gml_id":"bldg_5107783a-211a-4acc-99fa-ad16d2f1844b"},"geometry":{"type":"Polygon","coordinates":[[[139.77024037103618,35.66822922305706],[139.7703571852332,35.66832371210406],[139.77027639788136,35.668390209224164],[139.7702981446436,35.66840780640862],[139.77027491093244,35.66842693040503],[139.77013634995708,35.66831486209735],[139.77024037103618,35.66822922305706]]]}},{"type":"Feature","properties":{"height":9.7,"gml_id":"bldg_18f96a5c-d044-460e-9860-42a7702a29a3"},"geometry":{"type":"Polygon","coordinates":[[[139.76444891804823,35.67426975606054],[139.76446936297592,35.67426003293042],[139.76447896214847,35.674273468872734],[139.76445851721851,35.67428319200445],[139.76444891804823,35.67426975606054]]]}},{"type":"Feature","properties":{"height":23.0,"gml_id":"bldg_6a5b9d7a-d1ba-4acb-9369-f70725509b0f"},"geometry":{"type":"Polygon","coordinates":[[[139.76691924318575,35.67155422583443],[139.76684363016244,35.67148793318351],[139.76694012406017,35.671417048364425],[139.7669845266329,35.671421850116616],[139.7670360552594,35.67149209456186],[139.76691924318575,35.67155422583443]]]}},{"type":"Feature","properties":{"height":20.4,"gml_id":"bldg_6b033458-9f47-4250-9d07-7e990f836c2b"},"geometry":{"type":"Polygon","coordinates":[[[139.7732171974926,35.67324634726638],[139.77330215084348,35.67324026031516],[139.77331092709068,35.67332183893438],[139.77322597365404,35.67332792589162],[139.7732171974926,35.67324634726638]]]}},{"type":"Feature","properties":{"height":7.8,"gml_id":"bldg_024f777e-6464-4db6-a072-247cde237216"},"geometry":{"type":"Polygon","coordinates":[[[139.76498252961903,35.67024479888774],[139.76507076028525,35.67017484828956],[139.7651266032796,35.67022175134454],[139.76503838365662,35.67029170198937],[139.76498252961903,35.67024479888774]]]}},{"type":"Feature","properties":{"height":14.7,"gml_id":"bldg_e0d306a2-0661-45a7-90ef-f3390dd07893"},"geometry":{"type":"Polygon","coordinates":[[[139.7700533661429,35.67501285883185],[139.77002391627676,35.674955425916906],[139.77009485649498,35.674931126136],[139.7701255221298,35.67498783857403],[139.7700533661429,35.67501285883185]]]}},{"type":"Feature","properties":{"height":29.1,"gml_id":"bldg_ce8c80ab-0f36-4d63-a6f8-4a6a8d8b3af5"},"geometry":{"type":"Polygon","coordinates":[[[139.76517419178256,35.672909907153155],[139.7650240953295,35.67300789056213],[139.7649824856967,35.672965503326466],[139.76513258212188,35.67286751906727],[139.76517419178256,35.672909907153155]]]}},{"type":"Feature","properties":{"height":26.3,"gml_id":"bldg_a4655c4a-2667-4f32-892b-2e0f7e7a9843"},"geometry":{"type":"Polygon","coordinates":[[[139.7634014057564,35.669140429759295],[139.76319460403684,35.66928831499458],[139.76309028454787,35.669187462611085],[139.7632974378468,35.669041668943315],[139.7634014057564,35.669140429759295]]]}},{"type":"Feature","properties":{"height":7.2,"gml_id":"bldg_2cbe3043-c729-4442-84a5-af8d053a5c2d"},"geometry":{"type":"Polygon","coordinates":[[[139.7706111317127,35.671049723961296],[139.77071522156382,35.671148658773575],[139.7706763170911,35.67117586000537],[139.7705722272528,35.6710769251599],[139.7706111317127,35.671049723961296]]]}},{"type":"Feature","properties":{"height":13.5,"gml_id":"bldg_bc980de5-865f-4f9b-a147-48d59f372eeb"},"geometry":{"type":"Polygon","coordinates":[[[139.77365977112663,35.67333490195523],[139.77369037179758,35.673333024233735],[139.7737027533569,35.673469048430036],[139.773672152635,35.67347092525322],[139.77365977112663,35.67333490195523]]]}},{"type":"Feature","properties":{"height":27.8,"gml_id":"bldg_145ef7e1-3f5b-491a-84b0-83867bdaab10"},"geometry":{"type":"Polygon","coordinates":[[[139.76732161552673,35.671613577168515],[139.76725849660053,35.67153268938334],[139.76731695611196,35.671503607097385],[139.76737919195367,35.67158377327016],[139.76732161552673,35.671613577168515]]]}},{"type":"Feature","properties":{"height":37.5,"gml_id":"bldg_2bdacf5a-795e-465d-9c24-7a82b7f08dc0"},"geometry":{"type":"Polygon","coordinates":[[[139.7651858231223,35.670532542316636],[139.7654085766362,35.67072195655282],[139.7653115268494,35.67079644533122],[139.76510182999283,35.67058116890572],[139.7651858231223,35.670532542316636]]]}},{"type":"Feature","properties":{"height":14.9,"gml_id":"bldg_30b5d06f-a8c8-4210-ac15-553cb4c84695"},"geometry":{"type":"Polygon","coordinates":[[[139.76414354676294,35.67085761406782],[139.76416617150497,35.67088106276847],[139.7640570615519,35.6709511719451],[139.76403443682213,35.67092772322423],[139.76414354676294,35.67085761406782]]]}},{"type":"Feature","properties":{"height":23.5,"gml_id":"bldg_07f4e365-dab0-45fd-b340-4b7dd2f53435"},"geometry":{"type":"Polygon","coordinates":[[[139.76926920684224,35.67272584176484],[139.76915869125315,35.67278797764565],[139.76910913900443,35.672729361986015],[139.76921976501674,35.672667226208866],[139.76926920684224,35.67272584176484]]]}},{"type":"Feature","properties":{"height":25.4,"gml_id":"bldg_e58139b6-8fd0-4e03-97e8-90cb86d2ca1d"},"geometry":{"type":"Polygon","coordinates":[[[139.77156639726414,35.66993269518357],[139.77149718537274,35.669870735311264],[139.77157488464414,35.6698129070168],[139.77164409654512,35.66987486774642],[139.77156639726414,35.66993269518357]]]}},{"type":"Feature","properties":{"height":7.4,"gml_id":"bldg_4d33a412-e8b9-4471-b344-550b1056f2b9"},"geometry":{"type":"Polygon","coordinates":[[[139.7693985296058,35.670024161732464],[139.76933041793185,35.66996971865427],[139.76940824595192,35.66990488815718],[139.76947635762374,35.669959331191926],[139.7693985296058,35.670024161732464]]]}},{"type":"Feature","properties":{"height":47.5,"gml_id":"bldg_9e83a6b1-394a-418f-9f55-9fffbf0ce5c0"},"geometry":{"type":"Polygon","coordinates":[[[139.76863293015384,35.67299140655806],[139.76855015413724,35.67303697241998],[139.76803048172863,35.672406811406624],[139.76811226276047,35.67236178708323],[139.76863293015384,35.67299140655806]]]}},{"type":"Feature","properties":{"height":3.1,"gml_id":"bldg_2c66eea2-670a-46b6-9ec3-3e29adfe6777"},"geometry":{"type":"Polygon","coordinates":[[[139.77307587009346,35.66968483419467],[139.773059760375,35.66966130929994],[139.7731422924073,35.669623691202254],[139.77315839109627,35.6696472160806],[139.77307587009346,35.66968483419467]]]}},{"type":"Feature","properties":{"height":16.9,"gml_id":"bldg_dc013661-b63f-4852-841e-84a761986e7d"},"geometry":{"type":"Polygon","coordinates":[[[139.77356049614738,35.66967324070235],[139.77361043958476,35.66965340822745],[139.77365612471306,35.66973002958938],[139.77360618124592,35.66974985306923],[139.77356049614738,35.66967324070235]]]}},{"type":"Feature","properties":{"height":6.7,"gml_id":"bldg_189a45f9-5c95-4073-b4b4-e0d5108c364d"},"geometry":{"type":"Polygon","coordinates":[[[139.76752941588708,35.67455369876581],[139.76760723803878,35.6746244990231],[139.76757883057698,35.674645305220814],[139.76750089796187,35.674574504884994],[139.76752941588708,35.67455369876581]]]}},{"type":"Feature","properties":{"height":30.8,"gml_id":"bldg_9c5d2bf6-87fe-431a-bb2a-1fa80da0861d"},"geometry":{"type":"Polygon","coordinates":[[[139.77057565329895,35.67168160409797],[139.7705566793661,35.6716625752352],[139.77051696882862,35.67168897377072],[139.7704941095654,35.671666112035524],[139.77065425562674,35.671559743341724],[139.77069608881274,35.67160167895961],[139.77057565329895,35.67168160409797]]]}},{"type":"Feature","properties":{"height":12.7,"gml_id":"bldg_257d8842-f45f-41b1-9ae6-ab95cdf99ce1"},"geometry":{"type":"Polygon","coordinates":[[[139.77287946456644,35.6697789563103],[139.7729275714964,35.66985117955916],[139.77287884150843,35.66987278896618],[139.7728307346101,35.66980056479679],[139.77287946456644,35.6697789563103]]]}},{"type":"Feature","properties":{"height":17.1,"gml_id":"bldg_2e20d67d-0e82-4fe1-af9a-acfbd32f23c5"},"geometry":{"type":"Polygon","coordinates":[[[139.77147084670014,35.67193820241345],[139.77144944249602,35.67190456929853],[139.77155110306222,35.67186171614511],[139.77147409236932,35.671740351790945],[139.77157961355235,35.671704531305544],[139.77163085164884,35.67187068063058],[139.77147084670014,35.67193820241345]]]}},{"type":"Feature","properties":{"height":7.6,"gml_id":"bldg_14ba21f1-6f20-4802-b26c-5e56db1f0560"},"geometry":{"type":"Polygon","coordinates":[[[139.7677792211733,35.66667330913752],[139.76784777226902,35.6667259866673],[139.76774310889527,35.666799391669535],[139.76768306849894,35.666740048554814],[139.7677792211733,35.66667330913752]]]}},{"type":"Feature","properties":{"height":16.7,"gml_id":"bldg_08ec8c9e-2e59-42b5-a953-c5cc29abb0d4"},"geometry":{"type":"Polygon","coordinates":[[[139.76418279383196,35.67120403431368],[139.764215466997,35.67123199563959],[139.7641354376519,35.671294054282704],[139.76410287495332,35.67126609299886],[139.76418279383196,35.67120403431368]]]}},{"type":"Feature","properties":{"height":18.1,"gml_id":"bldg_d56b5b83-794b-4704-bdd0-b7f2da2c4ebe"},"geometry":{"type":"Polygon","coordinates":[[[139.77308144247752,35.667061416169155],[139.77297237374538,35.66697663240932],[139.77302365928978,35.66693267106397],[139.77313261755856,35.66701745472275],[139.77308144247752,35.667061416169155]]]}},{"type":"Feature","properties":{"height":17.9,"gml_id":"bldg_28776b8c-079f-46ff-8f90-e476b95f238c"},"geometry":{"type":"Polygon","coordinates":[[[139.77365062575817,35.672116420570696],[139.77367499626033,35.67217322005024],[139.7735569977433,35.67220245615263],[139.77353572053732,35.672145388675176],[139.77365062575817,35.672116420570696]]]}},{"type":"Feature","properties":{"height":29.8,"gml_id":"bldg_04f83b3f-d340-4c28-a15b-195d132ff57c"},"geometry":{"type":"Polygon","coordinates":[[[139.77345427246598,35.66790330493176],[139.7734109999547,35.66786650736023],[139.77351631808148,35.667783939811386],[139.7735598115349,35.66782071041403],[139.77345427246598,35.66790330493176]]]}},{"type":"Feature","properties":{"height":32.3,"gml_id":"bldg_ee76545f-8e79-4430-b523-c3156dcb131b"},"geometry":{"type":"Polygon","coordinates":[[[139.77232559084558,35.6693674704131],[139.77226921898466,35.66941557518097],[139.77221602496337,35.6693521816408],[139.7722187044746,35.66931486614],[139.7722374950889,35.66929883122796],[139.77225752085218,35.669314435147655],[139.77232559084558,35.6693674704131]]]}},{"type":"Feature","properties":{"height":13.6,"gml_id":"bldg_f85e95c2-e020-418a-bf94-f9c8dc8f7e30"},"geometry":{"type":"Polygon","coordinates":[[[139.77365608675586,35.667747746896666],[139.77371532908566,35.66769891277372],[139.77375562220183,35.66773174271861],[139.7736962473349,35.66778055876799],[139.77365608675586,35.667747746896666]]]}},{"type":"Feature","properties":{"height":6.9,"gml_id":"bldg_b8341138-568a-40a0-a8ac-35c205da25f8"},"geometry":{"type":"Polygon","coordinates":[[[139.7630157849788,35.66737901139825],[139.76292746111045,35.66745593710174],[139.7628954495946,35.66743149115424],[139.76298377354573,35.66735447533663],[139.7630157849788,35.66737901139825]]]}},{"type":"Feature","properties":{"height":13.7,"gml_id":"bldg_4404a382-6a40-4a15-8365-c5c2534ea13c"},"geometry":{"type":"Polygon","coordinates":[[[139.76907777620278,35.67065005783779],[139.76914486509418,35.670602772425944],[139.76921992312668,35.67067374958602],[139.7691528342193,35.67072103594049],[139.76907777620278,35.67065005783779]]]}},{"type":"Feature","properties":{"height":9.9,"gml_id":"bldg_9f916399-3d48-4c0e-b96d-f393ff477e7e"},"geometry":{"type":"Polygon","coordinates":[[[139.76536890807398,35.67047585928029],[139.76539274991396,35.67049723528063],[139.7653318465753,35.67054244983798],[139.76530800466168,35.670521163963045],[139.76536890807398,35.67047585928029]]]}},{"type":"Feature","properties":{"height":7.2,"gml_id":"bldg_8dbf5cd9-ff1d-40f9-8d15-c4a29f9f25ad"},"geometry":{"type":"Polygon","coordinates":[[[139.76759946339848,35.67440609218695],[139.7676319140605,35.674439010000384],[139.76756692506206,35.67448007711403],[139.76753491798448,35.674445086368614],[139.76759946339848,35.67440609218695]]]}},{"type":"Feature","properties":{"height":23.7,"gml_id":"bldg_55d9ba9a-3733-4d90-bc3c-9ff3f4d0ebe2"},"geometry":{"type":"Polygon","coordinates":[[[139.76835729097894,35.6706790649928],[139.7684828283761,35.67060186695526],[139.7685019879677,35.67062260885691],[139.76837646160274,35.670699806920084],[139.76835729097894,35.6706790649928]]]}},{"type":"Feature","properties":{"height":33.9,"gml_id":"bldg_3730154c-ce4b-4023-8677-a47fcb6f43a2"},"geometry":{"type":"Polygon","coordinates":[[[139.76570414192156,35.67023835590065],[139.76566213426912,35.670276189977514],[139.76561908079734,35.67024434729767],[139.76539382809563,35.6703980848323],[139.765380252412,35.670384845012535],[139.76539925191017,35.670371893985696],[139.76537750876375,35.670350672404105],[139.76562642490066,35.67018089474854],[139.76570414192156,35.67023835590065]]]}},{"type":"Feature","properties":{"height":33.0,"gml_id":"bldg_5ec9e828-82f7-4cb1-8613-050bdf744ba6"},"geometry":{"type":"Polygon","coordinates":[[[139.77113872046766,35.67487515379304],[139.77114401632565,35.67488371956822],[139.77111426867117,35.67489589075779],[139.7710970793329,35.674867930309475],[139.7711287939457,35.674854957918676],[139.77110926574605,35.67482303923782],[139.77120109443612,35.674785409282535],[139.77123264873777,35.67483671366317],[139.77113872046766,35.67487515379304]]]}},{"type":"Feature","properties":{"height":28.0,"gml_id":"bldg_da0f936b-b9b1-4ad8-b4a8-64ef956c5faa"},"geometry":{"type":"Polygon","coordinates":[[[139.76829858596813,35.66689914242198],[139.76827630861425,35.66688307601987],[139.76824993411725,35.66690681296735],[139.76817672148488,35.666853889774735],[139.76821994287442,35.66681398229409],[139.7683157750376,35.66688325958279],[139.76829858596813,35.66689914242198]]]}},{"type":"Feature","properties":{"height":6.9,"gml_id":"bldg_0454d55f-cfd6-40dd-b23d-d891c9fcda7a"},"geometry":{"type":"Polygon","coordinates":[[[139.76673710372083,35.67166787941956],[139.76670306295082,35.67168922222803],[139.76664291610302,35.67162158595028],[139.76667585296792,35.671599340273026],[139.76673710372083,35.67166787941956]]]}},{"type":"Feature","properties":{"height":26.7,"gml_id":"bldg_863ba2c0-b0c2-4da4-a8fc-2e6c460e3a84"},"geometry":{"type":"Polygon","coordinates":[[[139.76415862451321,35.668233454437654],[139.7640575871061,35.66832290274746],[139.76398605566527,35.66826913970999],[139.76408709308504,35.66817969055803],[139.76415862451321,35.668233454437654]]]}},{"type":"Feature","properties":{"height":11.6,"gml_id":"bldg_124a68ea-8e2d-4b51-bb05-00904696b5b2"},"geometry":{"type":"Polygon","coordinates":[[[139.77040458587652,35.67158593321431],[139.77030930941066,35.67148886859624],[139.77036533240576,35.67145230215731],[139.77046062001324,35.67154927660017],[139.77040458587652,35.67158593321431]]]}},{"type":"Feature","properties":{"height":15.6,"gml_id":"bldg_21801fac-406b-422e-9730-d31ea50217c8"},"geometry":{"type":"Polygon","coordinates":[[[139.76439670094032,35.6689626218665],[139.7642945944947,35.66888171016839],[139.76435461804516,35.66883117841669],[139.76445672441054,35.66891217930048],[139.76439670094032,35.6689626218665]]]}},{"type":"Feature","properties":{"height":19.7,"gml_id":"bldg_bf39204b-7b5f-4882-aef3-81b4a5b70962"},"geometry":{"type":"Polygon","coordinates":[[[139.77093751686104,35.67249939157415],[139.7709863835344,35.67254622518464],[139.77097926570355,35.67255117003645],[139.7709867828079,35.67255837589887],[139.77091044291748,35.67261140017283],[139.77085405914818,35.67255736967556],[139.77093751686104,35.67249939157415]]]}},{"type":"Feature","properties":{"height":5.4,"gml_id":"bldg_4a243703-55dd-458a-9b55-da8938bf5d85"},"geometry":{"type":"Polygon","coordinates":[[[139.76703656366897,35.67190588006219],[139.76707054903872,35.671884744445535],[139.76708281081605,35.671897874282664],[139.76704882545067,35.67191900179037],[139.76703656366897,35.67190588006219]]]}},{"type":"Feature","properties":{"height":29.7,"gml_id":"bldg_2514221b-7674-45f9-bd0f-0319c96ee4a0"},"geometry":{"type":"Polygon","coordinates":[[[139.7650947391361,35.673072019129314],[139.7652456077386,35.67297538722789],[139.76530388246033,35.67303599242234],[139.76515312435677,35.67313253432106],[139.7650947391361,35.673072019129314]]]}},{"type":"Feature","properties":{"height":7.4,"gml_id":"bldg_99567b05-7692-478d-9d76-33f4739f21ab"},"geometry":{"type":"Polygon","coordinates":[[[139.76266660928334,35.67424058236901],[139.7627550106551,35.67429771814899],[139.76273173601874,35.67432169904391],[139.76264333462925,35.67426457226077],[139.76266660928334,35.67424058236901]]]}},{"type":"Feature","properties":{"height":15.8,"gml_id":"bldg_04fdcf4b-bce3-4dd2-950c-400340229079"},"geometry":{"type":"Polygon","coordinates":[[[139.77429952956152,35.67267261808812],[139.77424527978832,35.67268764440708],[139.77423050342475,35.67265230333507],[139.77428486364246,35.67263727707684],[139.77429952956152,35.67267261808812]]]}},{"type":"Feature","properties":{"height":27.8,"gml_id":"bldg_5ea0cfc1-9da9-45fa-a0b8-1fa05d18ee17"},"geometry":{"type":"Polygon","coordinates":[[[139.77183090169237,35.67259260158289],[139.7718378493414,35.67260783923571],[139.77177663725453,35.67262619596636],[139.77175325827315,35.672574445204475],[139.77181306718478,35.67255638522171],[139.77181967288954,35.672570963797334],[139.77185149652036,35.6725585411039],[139.77185918725056,35.67258432429727],[139.77183090169237,35.67259260158289]]]}},{"type":"Feature","properties":{"height":25.6,"gml_id":"bldg_ca52f0a5-32ba-42c0-9a6f-110fa7c60b86"},"geometry":{"type":"Polygon","coordinates":[[[139.7687113621237,35.66983808496453],[139.76880199114058,35.66991285741841],[139.76873445605605,35.66996600223353],[139.76864426816257,35.6698921313398],[139.7687113621237,35.66983808496453]]]}},{"type":"Feature","properties":{"height":14.5,"gml_id":"bldg_f260345e-91d5-4637-9477-2bfe9aa552f5"},"geometry":{"type":"Polygon","coordinates":[[[139.77390598198937,35.673957151237225],[139.7740361143834,35.673954961961705],[139.77404192616464,35.67416246083064],[139.77391112982542,35.674165731431835],[139.77390598198937,35.673957151237225]]]}},{"type":"Feature","properties":{"height":6.9,"gml_id":"bldg_59625d54-cf5e-4bb8-bb40-a7d08e4724e7"},"geometry":{"type":"Polygon","coordinates":[[[139.77458268959785,35.671869452944996],[139.77454921174186,35.67187908129789],[139.77451601855384,35.67180181741518],[139.77454938585092,35.67179227915474],[139.77458268959785,35.671869452944996]]]}},{"type":"Feature","properties":{"height":38.2,"gml_id":"bldg_bf31f586-34bd-4847-9c1d-879a02d1f0ec"},"geometry":{"type":"Polygon","coordinates":[[[139.7728643082074,35.66721701964955],[139.77292264888447,35.667265488758005],[139.77280507197685,35.66735999283567],[139.7727465656549,35.66731147040661],[139.7728643082074,35.66721701964955]]]}},{"type":"Feature","properties":{"height":28.8,"gml_id":"bldg_94ff99ae-2798-4215-9aab-7a2bc119a4db"},"geometry":{"type":"Polygon","coordinates":[[[139.77462700674297,35.67199189003682],[139.77459850055695,35.672000430165625],[139.77458712029664,35.672003678570704],[139.77459472955763,35.67202116892023],[139.77452291220152,35.67204186544532],[139.77450096680565,35.67199127868257],[139.77469387915403,35.671935586805176],[139.77471692740647,35.67198877002458],[139.7746420163632,35.6720104656389],[139.77463319409193,35.67199009030718],[139.77462700674297,35.67199189003682]]]}},{"type":"Feature","properties":{"height":38.1,"gml_id":"bldg_3f29ffc3-4fdc-4c9a-8212-67dceed1b534"},"geometry":{"type":"Polygon","coordinates":[[[139.7742075866337,35.66997946827467],[139.77419582988364,35.66998432991744],[139.77419300541305,35.66997977659477],[139.77418278454985,35.66998400802924],[139.77419753581307,35.670007757448865],[139.77412638752807,35.67003718838155],[139.7740375711203,35.66989436713734],[139.7741306085367,35.66985583413552],[139.7742075866337,35.66997946827467]]]}},{"type":"Feature","properties":{"height":28.5,"gml_id":"bldg_e8d44723-44fe-4c19-a455-0675b9c136ec"},"geometry":{"type":"Polygon","coordinates":[[[139.76521655677294,35.667642576165605],[139.76513044967015,35.66758285558821],[139.76519125167206,35.66752439176025],[139.7652239723696,35.66754706179243],[139.76530576641997,35.667469680028965],[139.76543528739393,35.667577332078686],[139.76534800681893,35.667650861965754],[139.76526663554066,35.66759438099229],[139.76521655677294,35.667642576165605]]]}},{"type":"Feature","properties":{"height":17.0,"gml_id":"bldg_62d8c68f-829d-4cc1-9772-ff863cc07d94"},"geometry":{"type":"Polygon","coordinates":[[[139.76701822385076,35.668743888584814],[139.7670946019657,35.66868335832343],[139.76714692388006,35.66872728398366],[139.767070656223,35.66878781433859],[139.76701822385076,35.668743888584814]]]}},{"type":"Feature","properties":{"height":26.5,"gml_id":"bldg_432187ff-1bdc-466a-9700-6033a5e48d90"},"geometry":{"type":"Polygon","coordinates":[[[139.76892761699497,35.67014980558739],[139.76883996459947,35.670219164417034],[139.76874414819557,35.67013853028646],[139.76883180051306,35.67006926166293],[139.76892761699497,35.67014980558739]]]}},{"type":"Feature","properties":{"height":34.3,"gml_id":"bldg_b65e810e-ef5f-44f5-a7c2-6d8539c72cbe"},"geometry":{"type":"Polygon","coordinates":[[[139.7743978945319,35.67350562496771],[139.77452913382373,35.67349938042422],[139.77453460024736,35.67357699039307],[139.77450887159307,35.67357819467966],[139.77451128778156,35.67361244802725],[139.7744058764584,35.673617399104714],[139.7743978945319,35.67350562496771]]]}},{"type":"Feature","properties":{"height":51.8,"gml_id":"bldg_8ea8536f-c883-4ed7-a202-b9c10cf47987"},"geometry":{"type":"Polygon","coordinates":[[[139.7675300067483,35.66890791285551],[139.7675589774956,35.66888471831634],[139.76753795981637,35.668867643833856],[139.7675701147132,35.668840908633804],[139.76760510584847,35.66887121388806],[139.7676047457979,35.66890618698291],[139.76756694167852,35.66893861578706],[139.7675300067483,35.66890791285551]]]}},{"type":"Feature","properties":{"height":7.1,"gml_id":"bldg_dbba8e4e-bc80-453a-a60b-ebf1841e42ba"},"geometry":{"type":"Polygon","coordinates":[[[139.7732085082309,35.672165146076495],[139.77323166521086,35.67221942029339],[139.7731868069749,35.67223192697952],[139.7731626555656,35.6721780128064],[139.7732085082309,35.672165146076495]]]}},{"type":"Feature","properties":{"height":62.3,"gml_id":"bldg_af9ec2e3-01b5-49fd-a1dc-695caf5d6198"},"geometry":{"type":"Polygon","coordinates":[[[139.76299296203857,35.66973617993805],[139.7629281302006,35.66967538858442],[139.76296488160278,35.66964928916888],[139.76295497030475,35.66963999923096],[139.76306834134618,35.66955945562023],[139.7631430514466,35.669629454778594],[139.76299296203857,35.66973617993805]]]}},{"type":"Feature","properties":{"height":8.8,"gml_id":"bldg_9b3a72e5-b01d-4559-9a8f-d235a51f6074"},"geometry":{"type":"Polygon","coordinates":[[[139.7749015553209,35.672796202434064],[139.77486878482702,35.67271394435765],[139.77489617460733,35.67270667456004],[139.7749289340804,35.6727889317224],[139.7749015553209,35.672796202434064]]]}},{"type":"Feature","properties":{"height":7.1,"gml_id":"bldg_a063245c-28ae-48d0-a574-32fe842e4eb8"},"geometry":{"type":"Polygon","coordinates":[[[139.77155115110355,35.67208606792167],[139.77157762942844,35.672129257272736],[139.77149000274363,35.672165446593425],[139.7714627510594,35.67212243800197],[139.77155115110355,35.67208606792167]]]}},{"type":"Feature","properties":{"height":45.4,"gml_id":"bldg_da6421fb-c1d1-43d5-aa37-39c407c87f91"},"geometry":{"type":"Polygon","coordinates":[[[139.76402207088557,35.67081860488457],[139.76399232769785,35.6708401576204],[139.7639736731369,35.67082301177241],[139.76395765697777,35.6708346122323],[139.7639435972453,35.67084478964785],[139.76373056241715,35.67064861802625],[139.76374463318848,35.670638440641625],[139.76400548895484,35.670449753422695],[139.7643006234166,35.67073178238879],[139.76409193864373,35.670882822851205],[139.76402207088557,35.67081860488457]]]}},{"type":"Feature","properties":{"height":25.6,"gml_id":"bldg_1ca4123e-1702-4e2a-b0a9-b921647779e6"},"geometry":{"type":"Polygon","coordinates":[[[139.77335627977754,35.67146791755627],[139.7732854486726,35.67148468384966],[139.77327951819512,35.67146800458772],[139.77324550024483,35.67147607383528],[139.77322883315173,35.67142927523741],[139.77333357166597,35.67140444957422],[139.77335627977754,35.67146791755627]]]}},{"type":"Feature","properties":{"height":30.2,"gml_id":"bldg_cb73430f-f140-4517-9bf3-aecefc3588c4"},"geometry":{"type":"Polygon","coordinates":[[[139.77088570151545,35.671955295965425],[139.77082190223027,35.67189198557126],[139.77086854268455,35.6718607330318],[139.77096457278296,35.6719560579423],[139.770897463554,35.672001010691986],[139.77086525486226,35.67196898622995],[139.77088570151545,35.671955295965425]]]}},{"type":"Feature","properties":{"height":46.6,"gml_id":"bldg_1dfaf5da-316c-4012-86cc-7fa3ca1b1015"},"geometry":{"type":"Polygon","coordinates":[[[139.7672900699971,35.672870353236775],[139.76723231732132,35.672818005863505],[139.76725146162502,35.672803936926904],[139.76722691244728,35.67278156038992],[139.76735098545333,35.6726904284338],[139.7674333647029,35.67276509730991],[139.7672900699971,35.672870353236775]]]}},{"type":"Feature","properties":{"height":16.5,"gml_id":"bldg_e2da5225-ee3e-4e76-b84e-1f0871659787"},"geometry":{"type":"Polygon","coordinates":[[[139.7724257567869,35.67303214387958],[139.77250862068595,35.67301343721043],[139.7725456545651,35.67312261216935],[139.7724627905618,35.67314131886354],[139.7724257567869,35.67303214387958]]]}},{"type":"Feature","properties":{"height":7.5,"gml_id":"bldg_24193289-2e7c-4eb8-88cc-f318c57d8963"},"geometry":{"type":"Polygon","coordinates":[[[139.7669748438727,35.67164277132503],[139.76693074591944,35.67167014875601],[139.76685569683266,35.67158970486754],[139.76689990523073,35.671562328425985],[139.7669748438727,35.67164277132503]]]}},{"type":"Feature","properties":{"height":31.4,"gml_id":"bldg_48bc3ce4-52a7-4ca2-b48d-d191360f7d90"},"geometry":{"type":"Polygon","coordinates":[[[139.76821263760175,35.671919177127194],[139.7681654910831,35.67186502416901],[139.76814557674714,35.67187560542416],[139.76804898684279,35.67192936416303],[139.76798311112353,35.67184135441964],[139.76816877528898,35.67173851823802],[139.76827968307617,35.67187288279368],[139.76821263760175,35.671919177127194]]]}},{"type":"Feature","properties":{"height":22.0,"gml_id":"bldg_d2650eaf-37de-4921-9322-e41839fcafd4"},"geometry":{"type":"Polygon","coordinates":[[[139.76843573740342,35.673250075572035],[139.76843572653863,35.67326349700776],[139.7684343139167,35.673275474590014],[139.76842927933274,35.673285792595294],[139.7684227459407,35.67329173903551],[139.76833825798315,35.673350039323005],[139.7682528236595,35.67326761671352],[139.7682860927327,35.67324465869704],[139.76839370955074,35.67318975106942],[139.7684040301035,35.673199707791355],[139.76843076327336,35.67324030200941],[139.76843573740342,35.673250075572035]]]}},{"type":"Feature","properties":{"height":10.4,"gml_id":"bldg_927889e8-2f20-432a-990c-b8c1c67a2bfc"},"geometry":{"type":"Polygon","coordinates":[[[139.77444966694023,35.6706977831237],[139.77448977401355,35.67068554405368],[139.7745365357647,35.67078724179889],[139.77449642858144,35.67079957102152],[139.77444966694023,35.6706977831237]]]}},{"type":"Feature","properties":{"height":38.3,"gml_id":"bldg_6c7d55f4-ddea-4cb6-a677-edf18658c4e0"},"geometry":{"type":"Polygon","coordinates":[[[139.77495533953103,35.67255575934202],[139.7748778880425,35.672576453345094],[139.77488505523007,35.67259439414654],[139.77483732473766,35.67260716956305],[139.77482872400543,35.67258580374637],[139.7747707074778,35.67260087444212],[139.77477876734233,35.67262165410745],[139.7748063346574,35.67269044226724],[139.774676510821,35.67272517209059],[139.7745555510084,35.67242342357043],[139.77477995007732,35.672363500557346],[139.77480534409773,35.67242671807968],[139.77477094952158,35.67243586831992],[139.77478412508492,35.672470180983396],[139.7749078152457,35.67243720574365],[139.77495533953103,35.67255575934202]]]}},{"type":"Feature","properties":{"height":25.5,"gml_id":"bldg_f8b2d652-5dff-480e-9f2a-cade1269e567"},"geometry":{"type":"Polygon","coordinates":[[[139.76476198167592,35.66936493312008],[139.7645629568833,35.669205456799695],[139.7646244168859,35.66915447414853],[139.76482344175156,35.66931386023139],[139.76476198167592,35.66936493312008]]]}},{"type":"Feature","properties":{"height":8.2,"gml_id":"bldg_e606c60f-5116-44b0-8677-f83abf9f37f0"},"geometry":{"type":"Polygon","coordinates":[[[139.77432102273795,35.67288742579602],[139.77422434594877,35.67291315764194],[139.77421265821462,35.67288376714654],[139.77430922450606,35.6728580352557],[139.77432102273795,35.67288742579602]]]}},{"type":"Feature","properties":{"height":10.1,"gml_id":"bldg_5463f1a8-89ec-4335-acae-17b8f396cf83"},"geometry":{"type":"Polygon","coordinates":[[[139.76729699174578,35.67227228707679],[139.76734145987174,35.672332252758956],[139.7672950456792,35.6723550320485],[139.7672503564221,35.672295336639934],[139.76729699174578,35.67227228707679]]]}},{"type":"Feature","properties":{"height":12.9,"gml_id":"bldg_bebd9d3e-ee8f-4dcd-8250-0ada2676c675"},"geometry":{"type":"Polygon","coordinates":[[[139.76606486795728,35.672660908017896],[139.7660870518313,35.672684446242165],[139.76597652785497,35.672753700042676],[139.76595434399434,35.67273016179834],[139.76606486795728,35.672660908017896]]]}},{"type":"Feature","properties":{"height":11.0,"gml_id":"bldg_b6250f66-947c-4d29-a0f3-c2f2e9dde07b"},"geometry":{"type":"Polygon","coordinates":[[[139.77475934134694,35.67275099167881],[139.77479363731976,35.672831681235834],[139.77472181955204,35.67285201732707],[139.7746875236429,35.67277132774992],[139.77475934134694,35.67275099167881]]]}},{"type":"Feature","properties":{"height":8.7,"gml_id":"bldg_1d670889-c174-4868-9903-9ca912169c63"},"geometry":{"type":"Polygon","coordinates":[[[139.7654125483217,35.6704670504464],[139.76538745748064,35.67048569471695],[139.76536582314165,35.67046639312004],[139.7653598544131,35.670470805578326],[139.7652923025743,35.67041028618296],[139.76532336221598,35.67038713843709],[139.7654125483217,35.6704670504464]]]}},{"type":"Feature","properties":{"height":29.0,"gml_id":"bldg_0f58b05b-0802-4d8e-8eae-f92da1bf4245"},"geometry":{"type":"Polygon","coordinates":[[[139.77403453437765,35.67235739492345],[139.7740268811877,35.67233967917466],[139.77409874310445,35.672319010009744],[139.77411010158943,35.67234532667502],[139.77414081745525,35.67233651733678],[139.77417522402513,35.67241594520732],[139.77405357564783,35.67245102991253],[139.77401591727156,35.672437040085505],[139.77399295759471,35.672384037054286],[139.77402485573396,35.67237486777913],[139.77401919852548,35.672361804097726],[139.77403453437765,35.67235739492345]]]}},{"type":"Feature","properties":{"height":8.6,"gml_id":"bldg_18d2b512-1beb-4425-a264-31f07f2a34a8"},"geometry":{"type":"Polygon","coordinates":[[[139.77171300300515,35.67247590544649],[139.77181126992187,35.672436889288534],[139.7718335688531,35.67249976243119],[139.77174758939302,35.6725338985493],[139.77171300300515,35.67247590544649]]]}},{"type":"Feature","properties":{"height":30.5,"gml_id":"bldg_d19a2843-4246-4b94-952b-fa703adf3b15"},"geometry":{"type":"Polygon","coordinates":[[[139.77062281927985,35.6674758293861],[139.77061316046473,35.66746775706085],[139.7706836769022,35.667411638186124],[139.77076734978763,35.66748171842794],[139.77072269679044,35.66751720934344],[139.77082325820035,35.667602441403396],[139.77077241602197,35.667642345854624],[139.77065549529263,35.66754347556693],[139.7706165675538,35.667574391345504],[139.77054706827258,35.66751621742543],[139.77058774229877,35.66748396944725],[139.7705997191931,35.667494025102975],[139.77062281927985,35.6674758293861]]]}},{"type":"Feature","properties":{"height":14.7,"gml_id":"bldg_596ea70c-aded-4a42-b5e0-5635b2899950"},"geometry":{"type":"Polygon","coordinates":[[[139.77412789941278,35.672118432796104],[139.77428961948092,35.67207440802142],[139.77430506780883,35.67211218312616],[139.77414334766627,35.672156216935],[139.77412789941278,35.672118432796104]]]}},{"type":"Feature","properties":{"height":6.7,"gml_id":"bldg_9d2f208e-2038-49f3-9763-2ee0c6ac334d"},"geometry":{"type":"Polygon","coordinates":[[[139.77311345251545,35.66959211068582],[139.77302503214247,35.669630735353174],[139.7730012770029,35.66959453331085],[139.7729954095642,35.66959709928513],[139.7729661266678,35.66955247563794],[139.77306041442023,35.66951127602235],[139.77311345251545,35.66959211068582]]]}},{"type":"Feature","properties":{"height":31.8,"gml_id":"bldg_552cf34c-2b42-4ff0-9dc8-f473385ff3c0"},"geometry":{"type":"Polygon","coordinates":[[[139.7685133799175,35.67407530614578],[139.7685506845543,35.67404834813696],[139.7685450333032,35.67404254025597],[139.76860361359934,35.67400237144002],[139.7686741437022,35.67407514921274],[139.76858008351954,35.674139727089084],[139.7685133799175,35.67407530614578]]]}},{"type":"Feature","properties":{"height":8.9,"gml_id":"bldg_a3e6e3f2-e937-4706-9f1a-b4531a3654da"},"geometry":{"type":"Polygon","coordinates":[[[139.77190494996748,35.67153605080909],[139.7718174695222,35.67138268257986],[139.77186841254863,35.67135774055879],[139.77196329561028,35.67150921964123],[139.77221250583202,35.67222972375411],[139.77215636891347,35.6722567364361],[139.77190494996748,35.67153605080909]]]}},{"type":"Feature","properties":{"height":33.0,"gml_id":"bldg_461113e2-4ff4-44ae-9542-6363ec1a287c"},"geometry":{"type":"Polygon","coordinates":[[[139.76371649292548,35.67017388364965],[139.76357920673513,35.67026690704423],[139.76355014681425,35.670238361742946],[139.76368743298934,35.67014533838104],[139.76371649292548,35.67017388364965]]]}},{"type":"Feature","properties":{"height":20.8,"gml_id":"bldg_9669ab2b-9b1a-4a1c-bb5e-e695f3875f99"},"geometry":{"type":"Polygon","coordinates":[[[139.76976948750703,35.67191405997585],[139.7697263326442,35.67186761557357],[139.7697992750094,35.6718225863316],[139.76984231942643,35.67186902974851],[139.76976948750703,35.67191405997585]]]}},{"type":"Feature","properties":{"height":38.0,"gml_id":"bldg_0403862f-726d-4827-a777-c05958d1ed57"},"geometry":{"type":"Polygon","coordinates":[[[139.76552075556,35.67300312541168],[139.76555596363661,35.67303938042398],[139.76542521039647,35.67312394476224],[139.76539000234197,35.67308768971224],[139.76552075556,35.67300312541168]]]}},{"type":"Feature","properties":{"height":24.3,"gml_id":"bldg_d45c4941-c138-48fd-8989-f2e321c440d0"},"geometry":{"type":"Polygon","coordinates":[[[139.76890438003602,35.674185690786736],[139.7687304286175,35.67400460194039],[139.768788675069,35.67396731634632],[139.76885478986637,35.67403603637094],[139.76889026822806,35.67401334077166],[139.76893265236905,35.67405744057469],[139.76894812580161,35.674047533749764],[139.76898112798136,35.67408198383028],[139.7689559283954,35.67409810493132],[139.76898848923477,35.67413192381267],[139.76890438003602,35.674185690786736]]]}},{"type":"Feature","properties":{"height":8.1,"gml_id":"bldg_49c03ae6-d6a3-4593-96dd-8d4a5c4047f3"},"geometry":{"type":"Polygon","coordinates":[[[139.77425044019228,35.67273037201729],[139.77415961792767,35.67275655737103],[139.77414506118993,35.67272301914277],[139.77423599395348,35.672696743716784],[139.77425044019228,35.67273037201729]]]}},{"type":"Feature","properties":{"height":12.6,"gml_id":"bldg_abe6e3b7-3493-4d78-a007-6d933ae2b8ed"},"geometry":{"type":"Polygon","coordinates":[[[139.77142122475544,35.66939341906421],[139.77138038078033,35.669358874553005],[139.77144404509679,35.66930879182911],[139.77148488907457,35.66934333541764],[139.77142122475544,35.66939341906421]]]}},{"type":"Feature","properties":{"height":12.4,"gml_id":"bldg_df55dc27-f58d-4858-b4f6-8404ec73ffa4"},"geometry":{"type":"Polygon","coordinates":[[[139.77383395364197,35.6720269157198],[139.77389737282172,35.672010280653026],[139.77391644743787,35.672058594648824],[139.7738530282104,35.672075247752936],[139.77383395364197,35.6720269157198]]]}},{"type":"Feature","properties":{"height":26.9,"gml_id":"bldg_efee93ce-8586-4dbb-8193-d96d16e9b44d"},"geometry":{"type":"Polygon","coordinates":[[[139.76692509368118,35.67155918661315],[139.76704875393517,35.67149778110482],[139.76705482335086,35.67150517570516],[139.76705846509023,35.671509504300474],[139.76714464939002,35.67161636441632],[139.76701469047032,35.67168029039753],[139.76692509368118,35.67155918661315]]]}},{"type":"Feature","properties":{"height":26.2,"gml_id":"bldg_8d7ebfc0-f722-47c7-afba-3bc098c4832f"},"geometry":{"type":"Polygon","coordinates":[[[139.77322268545078,35.66742943744508],[139.77321272697577,35.66743765210067],[139.7731941480548,35.667422643964336],[139.77328458108823,35.667348064362216],[139.7733843753745,35.667428516623616],[139.7733092171633,35.66749049369617],[139.77325370111905,35.66744564069464],[139.77324827424803,35.66745011781436],[139.77322268545078,35.66742943744508]]]}},{"type":"Feature","properties":{"height":17.4,"gml_id":"bldg_d6b82071-d0b4-4552-a1fd-c21d8b6f6e48"},"geometry":{"type":"Polygon","coordinates":[[[139.77054177372005,35.67258445573414],[139.77057555192488,35.67261548057355],[139.77046524450546,35.67269537481061],[139.77043146630976,35.67266434994066],[139.77054177372005,35.67258445573414]]]}},{"type":"Feature","properties":{"height":21.0,"gml_id":"bldg_88cf0ae0-bfaf-4968-8d51-3081c5699f56"},"geometry":{"type":"Polygon","coordinates":[[[139.77172378842187,35.67182385681886],[139.77169789313922,35.67174073696868],[139.77184781635057,35.67171088803065],[139.77187249611654,35.67179472832713],[139.77172378842187,35.67182385681886]]]}},{"type":"Feature","properties":{"height":25.8,"gml_id":"bldg_d10c808e-08fe-44e2-b6f4-def07c64b4db"},"geometry":{"type":"Polygon","coordinates":[[[139.77487634471686,35.67078435159082],[139.77487610213828,35.67078374755299],[139.77480970125163,35.670800894571414],[139.77477067063447,35.670700464417955],[139.77488082310165,35.67067194440779],[139.7749197433129,35.67077246641261],[139.77487634471686,35.67078435159082]]]}},{"type":"Feature","properties":{"height":37.7,"gml_id":"bldg_8d900564-e3f0-439a-9e30-7a73afd66f67"},"geometry":{"type":"Polygon","coordinates":[[[139.770771701178,35.673371744365724],[139.77067435063947,35.673267945731226],[139.77083028908135,35.6731780697669],[139.77092255523257,35.67328574244628],[139.770771701178,35.673371744365724]]]}},{"type":"Feature","properties":{"height":9.1,"gml_id":"bldg_951ad168-c264-4e10-8dfb-da785b84014a"},"geometry":{"type":"Polygon","coordinates":[[[139.76421745415644,35.67138714111923],[139.7643590635881,35.67152184238948],[139.76431695135693,35.671551320200024],[139.76417535299828,35.67141660987356],[139.76421745415644,35.67138714111923]]]}},{"type":"Feature","properties":{"height":36.4,"gml_id":"bldg_5c5337ba-1eae-4554-a6d9-7f7d0351e9a0"},"geometry":{"type":"Polygon","coordinates":[[[139.7734663178307,35.66934604944373],[139.77346412230546,35.66934249694073],[139.77344322623802,35.66930864899001],[139.77346803237427,35.6692984577776],[139.7734453490014,35.6692617254447],[139.77366342182933,35.66917191178605],[139.77374356882555,35.669236039129245],[139.77346832580096,35.669349295386446],[139.7734663178307,35.66934604944373]]]}},{"type":"Feature","properties":{"height":25.8,"gml_id":"bldg_d20fd98c-e678-4e0b-914b-4c21a5e7f461"},"geometry":{"type":"Polygon","coordinates":[[[139.77370701138628,35.67175418757153],[139.77382302424118,35.671720353335466],[139.7738481675898,35.671777702101906],[139.7737323755922,35.671811535569795],[139.77370701138628,35.67175418757153]]]}},{"type":"Feature","properties":{"height":50.5,"gml_id":"bldg_c8cd701a-391d-4e38-9c3b-62dcc96fd82a"},"geometry":{"type":"Polygon","coordinates":[[[139.7649961609509,35.668715148948614],[139.76466079022026,35.66844680944845],[139.76469322228036,35.66841981287354],[139.76467888336134,35.66840833922767],[139.76484737716584,35.668268100326635],[139.7648622790434,35.668280024959586],[139.76499259243576,35.6681715826234],[139.76523810979427,35.668368022849016],[139.76517424091347,35.668421176767396],[139.76519039022216,35.668434093576465],[139.76508955724208,35.668518017445614],[139.7651626983164,35.66857653998933],[139.7649961609509,35.668715148948614]]]}},{"type":"Feature","properties":{"height":8.7,"gml_id":"bldg_e296684d-4cb3-44dc-997a-677a384ef5cb"},"geometry":{"type":"Polygon","coordinates":[[[139.76922345576867,35.67109090698376],[139.76925274366664,35.67107208387441],[139.76930506025937,35.67112610395745],[139.76927588274552,35.67114501727539],[139.76922345576867,35.67109090698376]]]}},{"type":"Feature","properties":{"height":11.2,"gml_id":"bldg_6e47be6b-7ea3-4389-aec0-65221c0d9566"},"geometry":{"type":"Polygon","coordinates":[[[139.77048373604606,35.671371357614035],[139.77051342817504,35.67140030718585],[139.77040191016337,35.671476505120474],[139.77037221797576,35.671447645658816],[139.77048373604606,35.671371357614035]]]}},{"type":"Feature","properties":{"height":14.7,"gml_id":"bldg_933df5bb-fcd5-4015-aa19-afe789a9042d"},"geometry":{"type":"Polygon","coordinates":[[[139.7679990654976,35.670156426201],[139.7680253362797,35.67018005643266],[139.76794973413024,35.67023635123586],[139.76792335281618,35.67021281106521],[139.7679990654976,35.670156426201]]]}},{"type":"Feature","properties":{"height":23.3,"gml_id":"bldg_a9460efd-544e-4eba-8fd4-f322528c682e"},"geometry":{"type":"Polygon","coordinates":[[[139.77223420026135,35.66840412619918],[139.7722633795813,35.66838061515055],[139.77236317261736,35.66846305126581],[139.77234305656765,35.66847926580318],[139.77235641379224,35.668490358561456],[139.7722939654802,35.66854080474371],[139.77217408129286,35.66844186323301],[139.77222757686084,35.668398623558026],[139.77223420026135,35.66840412619918]]]}},{"type":"Feature","properties":{"height":58.7,"gml_id":"bldg_643e2e45-5911-46ce-b2d0-cca86b21c0b1"},"geometry":{"type":"Polygon","coordinates":[[[139.76514868302644,35.67197724212821],[139.7652690623315,35.67189234681401],[139.76526013289748,35.67188391392839],[139.7654079014244,35.671779709418374],[139.76552714106148,35.67189228510472],[139.76537988091678,35.67199613941188],[139.76530490220935,35.67192535732038],[139.76518401445566,35.67201060391764],[139.76514868302644,35.67197724212821]]]}},{"type":"Feature","properties":{"height":9.4,"gml_id":"bldg_6d09e35b-3b1c-43a0-aa76-867a83e3e8d5"},"geometry":{"type":"Polygon","coordinates":[[[139.76991313568436,35.67046193342617],[139.76987588657357,35.67049120843283],[139.76982521823876,35.67044818621529],[139.76986257781067,35.67041891128234],[139.76991313568436,35.67046193342617]]]}},{"type":"Feature","properties":{"height":29.2,"gml_id":"bldg_a6f93579-824a-4889-81d1-bc28814ad224"},"geometry":{"type":"Polygon","coordinates":[[[139.7730766631102,35.671363489082175],[139.77303599613955,35.671267562620905],[139.7730757160534,35.67125670293035],[139.77306585872233,35.671232577251125],[139.773240395318,35.67118329627333],[139.7732912295016,35.67130293385133],[139.7730766631102,35.671363489082175]]]}},{"type":"Feature","properties":{"height":3.7,"gml_id":"bldg_df7b2ace-f335-47ff-b560-0141387dcefd"},"geometry":{"type":"Polygon","coordinates":[[[139.77150934923105,35.66697424064933],[139.77154626564524,35.666972456849386],[139.77154703064875,35.66698310156509],[139.77151012527477,35.66698488627231],[139.77150934923105,35.66697424064933]]]}},{"type":"Feature","properties":{"height":47.3,"gml_id":"bldg_678c7c03-ee71-45dc-8d1e-b6cf86cc9a22"},"geometry":{"type":"Polygon","coordinates":[[[139.76381920786844,35.67261189580363],[139.76382766215903,35.67262040964434],[139.76371561873896,35.672694500864665],[139.7636876953198,35.67266637990994],[139.76366838191922,35.67267096573922],[139.7636583869967,35.67266840005707],[139.76364684735697,35.67266376032244],[139.76363171955816,35.672656847049964],[139.76362297832458,35.672648044590105],[139.76380618033522,35.672526915857325],[139.7638622920781,35.67258341024375],[139.76381920786844,35.67261189580363]]]}},{"type":"Feature","properties":{"height":6.9,"gml_id":"bldg_ad889912-fc83-46d9-b039-1f185f6936b9"},"geometry":{"type":"Polygon","coordinates":[[[139.7647557862386,35.6712617253953],[139.76477197819403,35.67127703091768],[139.76473908433246,35.67130019640157],[139.7647228923794,35.67128488997344],[139.7647557862386,35.6712617253953]]]}},{"type":"Feature","properties":{"height":7.9,"gml_id":"bldg_4d22c537-8ff3-4623-8dfa-9a86854b9dc3"},"geometry":{"type":"Polygon","coordinates":[[[139.76714000780692,35.67161888570944],[139.76718017299626,35.671671998656635],[139.76704081946949,35.67174204884049],[139.7670005438731,35.671688935786655],[139.76714000780692,35.67161888570944]]]}},{"type":"Feature","properties":{"height":11.4,"gml_id":"bldg_a018520b-fdd4-40f2-9a1e-3abe1d79ce9c"},"geometry":{"type":"Polygon","coordinates":[[[139.76877772591658,35.66712363409331],[139.7688505764988,35.66718803121246],[139.76879896119348,35.66722694290774],[139.76872611069007,35.66716245562044],[139.76877772591658,35.66712363409331]]]}},{"type":"Feature","properties":{"height":13.5,"gml_id":"bldg_4e006f02-1f08-4dba-9d42-20ca36e2d6f4"},"geometry":{"type":"Polygon","coordinates":[[[139.76936490432414,35.66949879643366],[139.76932687928218,35.66953176559267],[139.76926340294094,35.66948296843509],[139.7693015383758,35.66945008859054],[139.76936490432414,35.66949879643366]]]}},{"type":"Feature","properties":{"height":8.9,"gml_id":"bldg_528d8667-5296-4255-bf44-e5196c24af0e"},"geometry":{"type":"Polygon","coordinates":[[[139.77397040289378,35.67199300130276],[139.77389671150956,35.67200828829215],[139.7738840381987,35.67196763011076],[139.7739577296147,35.67195225299174],[139.77397040289378,35.67199300130276]]]}},{"type":"Feature","properties":{"height":18.8,"gml_id":"bldg_bff795d7-198d-4501-b785-df733a2a5bd9"},"geometry":{"type":"Polygon","coordinates":[[[139.7736993179481,35.669622436017335],[139.77378826358412,35.669590030590975],[139.77385242130765,35.66970690733512],[139.77376654218423,35.669744992977584],[139.7736993179481,35.669622436017335]]]}},{"type":"Feature","properties":{"height":6.0,"gml_id":"bldg_0755b436-87bd-4492-a05a-c095aafbafc9"},"geometry":{"type":"Polygon","coordinates":[[[139.76859616441476,35.669820716718455],[139.768648374087,35.669868787975844],[139.76861930624713,35.66988905325775],[139.76856853352942,35.66983981097542],[139.76859616441476,35.669820716718455]]]}},{"type":"Feature","properties":{"height":24.5,"gml_id":"bldg_7303c052-9155-44f9-8303-e43c62e5e22c"},"geometry":{"type":"Polygon","coordinates":[[[139.76917895840836,35.66940994828271],[139.76914108573575,35.66937673141721],[139.76920576692845,35.66932762210023],[139.76920847133002,35.66932999415258],[139.7692258021564,35.66931684332843],[139.7692609704385,35.669347680004186],[139.76917895840836,35.66940994828271]]]}},{"type":"Feature","properties":{"height":12.0,"gml_id":"bldg_f78eef3c-53ee-4cd0-adc2-518a2c65a29e"},"geometry":{"type":"Polygon","coordinates":[[[139.77456802949345,35.67273043729627],[139.77458821191277,35.67277524538],[139.7744831356999,35.67280674212294],[139.77446295326524,35.672762024159134],[139.77456802949345,35.67273043729627]]]}},{"type":"Feature","properties":{"height":6.8,"gml_id":"bldg_d61d75d1-96ee-46f8-8a60-a945cae876ba"},"geometry":{"type":"Polygon","coordinates":[[[139.77180565821692,35.66993236698938],[139.77186381956557,35.67000036024467],[139.7718028178801,35.67003503196246],[139.77174476702012,35.66996703873461],[139.77180565821692,35.66993236698938]]]}},{"type":"Feature","properties":{"height":28.7,"gml_id":"bldg_afddd70a-6851-4aa4-8a5e-f5f941f933c3"},"geometry":{"type":"Polygon","coordinates":[[[139.77010794142893,35.672487060712704],[139.77003001806753,35.672404363869894],[139.77010064005646,35.672360504113165],[139.77017712704279,35.672443650843974],[139.77010794142893,35.672487060712704]]]}},{"type":"Feature","properties":{"height":25.4,"gml_id":"bldg_fc9da932-e28f-46f0-a0bb-60b9ca8f36db"},"geometry":{"type":"Polygon","coordinates":[[[139.7743836841591,35.67330118664911],[139.77438879211397,35.6734154021044],[139.77428840874043,35.67341837342168],[139.77428031813136,35.67330442600998],[139.7743836841591,35.67330118664911]]]}},{"type":"Feature","properties":{"height":29.8,"gml_id":"bldg_1575d5db-9ad6-469a-a6b1-d4857eb53002"},"geometry":{"type":"Polygon","coordinates":[[[139.76486066497972,35.66698806714559],[139.7647852745608,35.66692682097466],[139.7649578197096,35.66678558366398],[139.76503309967018,35.66684682966567],[139.76486066497972,35.66698806714559]]]}},{"type":"Feature","properties":{"height":12.0,"gml_id":"bldg_e79daf4f-a871-4e97-9f2e-330c7467a1d8"},"geometry":{"type":"Polygon","coordinates":[[[139.76878356993447,35.67089595734178],[139.76878255314975,35.670896605785416],[139.76875111123587,35.670915347403444],[139.76872627936353,35.67088757088676],[139.76884268601546,35.67081839881258],[139.76886751790752,35.67084617440422],[139.76878356993447,35.67089595734178]]]}},{"type":"Feature","properties":{"height":14.0,"gml_id":"bldg_5f873a48-9736-479d-b8bd-beddf364e259"},"geometry":{"type":"Polygon","coordinates":[[[139.76717646066865,35.674162760303695],[139.76713379502186,35.674193113113716],[139.76706226723763,35.67412610177563],[139.76710493287575,35.67409574899061],[139.76717646066865,35.674162760303695]]]}},{"type":"Feature","properties":{"height":7.3,"gml_id":"bldg_1b9d9ebe-b260-4ee8-988b-cf238b16aaa4"},"geometry":{"type":"Polygon","coordinates":[[[139.77442400848733,35.67149170909855],[139.77438180232122,35.67150375782882],[139.77435379250585,35.67143839455982],[139.77439599864172,35.67142634583921],[139.77442400848733,35.67149170909855]]]}},{"type":"Feature","properties":{"height":26.6,"gml_id":"bldg_29ece630-9197-4ff1-b64b-0840ad73c778"},"geometry":{"type":"Polygon","coordinates":[[[139.7687101670222,35.66981329655589],[139.76868385959992,35.66983500643372],[139.76863694380182,35.669797212790805],[139.76871111319383,35.66973577895446],[139.76884346540297,35.669849422954194],[139.76884200431368,35.66988060968957],[139.76881768710584,35.66989997619025],[139.7687101670222,35.66981329655589]]]}},{"type":"Feature","properties":{"height":46.3,"gml_id":"bldg_c3336cb3-ac2e-4973-a8e4-287a4224be59"},"geometry":{"type":"Polygon","coordinates":[[[139.77318652933397,35.668346485075965],[139.77301226720226,35.668200609739436],[139.7732133684166,35.668040644380426],[139.77327146674483,35.668089310593466],[139.77325255585777,35.66810435500067],[139.77334118098085,35.668173526432184],[139.77335700820646,35.66816094122538],[139.77341781287407,35.668209735808524],[139.77322716810812,35.66834567610411],[139.77318652933397,35.668346485075965]]]}},{"type":"Feature","properties":{"height":34.6,"gml_id":"bldg_f32fa399-a5d2-4039-b9c5-162d48b1ba9d"},"geometry":{"type":"Polygon","coordinates":[[[139.76952359418559,35.674133200088534],[139.76950152324468,35.67410479514955],[139.76957642920198,35.674065922575735],[139.76960191452045,35.67409318456509],[139.7696218746558,35.67408102659649],[139.7697110191033,35.67418224380601],[139.76955209976788,35.67426589725362],[139.76946502215262,35.674163455157355],[139.76952359418559,35.674133200088534]]]}},{"type":"Feature","properties":{"height":13.0,"gml_id":"bldg_b0c650a5-7cc6-4a16-8da6-069b3cfca7c4"},"geometry":{"type":"Polygon","coordinates":[[[139.7686496363465,35.66939953367037],[139.76866398663597,35.669411529644584],[139.76858904376948,35.66947359400087],[139.76857138240757,35.66945817101814],[139.7686496363465,35.66939953367037]]]}},{"type":"Feature","properties":{"height":26.9,"gml_id":"bldg_88c58322-ce8f-4b87-b3b0-f4fa63a002e6"},"geometry":{"type":"Polygon","coordinates":[[[139.7650188365464,35.66945638823975],[139.7649810842963,35.66942644121937],[139.76498231131518,35.66942538730899],[139.765069405915,35.66935239842853],[139.76516820197347,35.669430873881936],[139.7650551193612,35.66952563429443],[139.76499408660135,35.66947709677006],[139.7650188365464,35.66945638823975]]]}},{"type":"Feature","properties":{"height":9.4,"gml_id":"bldg_6e43d798-55e5-4a5b-90d9-8006ac1954e5"},"geometry":{"type":"Polygon","coordinates":[[[139.77373024273092,35.67438323340038],[139.77366848871608,35.67438635852145],[139.77365820375158,35.67425330991143],[139.77371995766367,35.674250185696835],[139.77373024273092,35.67438323340038]]]}},{"type":"Feature","properties":{"height":36.6,"gml_id":"bldg_06d1cc8c-a4bb-4f91-ae6b-6ec142a748ff"},"geometry":{"type":"Polygon","coordinates":[[[139.7674888739597,35.67374676776171],[139.76721000275083,35.6739435648847],[139.76713957927797,35.67387718515718],[139.76741845050242,35.673680298057846],[139.7674888739597,35.67374676776171]]]}},{"type":"Feature","properties":{"height":30.7,"gml_id":"bldg_288e45fd-2876-48b5-a8cd-33994ea9cbfb"},"geometry":{"type":"Polygon","coordinates":[[[139.77361856866315,35.67225009722601],[139.77362515224922,35.6722651173653],[139.7735979497048,35.67227318017547],[139.77360116975458,35.67228060908651],[139.77358773429796,35.6722844783248],[139.77359683203537,35.67230547581604],[139.77351999794936,35.67232763758941],[139.77347867781194,35.67223225269329],[139.77360493348905,35.67219584583471],[139.77362734148295,35.67224756871819],[139.77361856866315,35.67225009722601]]]}},{"type":"Feature","properties":{"height":25.0,"gml_id":"bldg_de7ff1a1-22ca-47b6-ae1a-e921fd2677cb"},"geometry":{"type":"Polygon","coordinates":[[[139.7644681239618,35.668243366670524],[139.7645094656451,35.66820868742399],[139.7645924749091,35.668274444972425],[139.7645512436101,35.6683092144475],[139.7644681239618,35.668243366670524]]]}},{"type":"Feature","properties":{"height":40.9,"gml_id":"bldg_29ce0993-9a0d-45ff-90fe-49e3eb13a32e"},"geometry":{"type":"Polygon","coordinates":[[[139.77180786361714,35.668641781605665],[139.77185163308056,35.668606289843396],[139.77216735082962,35.66886631661925],[139.77202034746193,35.66898513302374],[139.77196338563823,35.6689382325843],[139.77186413045814,35.669018494336584],[139.7715849523535,35.668788501253886],[139.77178733096113,35.66862491542751],[139.77180786361714,35.668641781605665]]]}},{"type":"Feature","properties":{"height":33.6,"gml_id":"bldg_07b9d9b8-bb3f-4ad0-b62d-5ee0e70dc709"},"geometry":{"type":"Polygon","coordinates":[[[139.77342239486222,35.67331261030761],[139.77331888203784,35.67332004015384],[139.773311641179,35.67325333495286],[139.77332877590624,35.673236758232214],[139.7733949489213,35.67323201391439],[139.77341526431707,35.67324599530493],[139.77342239486222,35.67331261030761]]]}},{"type":"Feature","properties":{"height":36.4,"gml_id":"bldg_9b3cde29-860d-40d0-8ff5-91873ae0cb48"},"geometry":{"type":"Polygon","coordinates":[[[139.76975400501837,35.670194808659076],[139.7696703112273,35.6702599066874],[139.7696994866326,35.670284881135515],[139.76966297831916,35.67031328213656],[139.76965342980782,35.670305101631534],[139.76955701370682,35.6703800899296],[139.76949963435104,35.67033096172264],[139.76971625253034,35.67016249341527],[139.76975400501837,35.670194808659076]]]}},{"type":"Feature","properties":{"height":39.5,"gml_id":"bldg_f26b1091-b786-4570-aed6-1353b44cfec1"},"geometry":{"type":"Polygon","coordinates":[[[139.7737387589192,35.672586350870866],[139.77379291036976,35.67256988343587],[139.77379591018166,35.67257641897184],[139.77384157595134,35.672562515330455],[139.77388403632472,35.6726554227858],[139.77369237914212,35.672713601769026],[139.77364043451666,35.67259973262424],[139.7737321528178,35.67257183459495],[139.7737387589192,35.672586350870866]]]}},{"type":"Feature","properties":{"height":85.3,"gml_id":"bldg_e6a70cb6-f0b8-4a34-a709-2ca500f674c6"},"geometry":{"type":"Polygon","coordinates":[[[139.7628563029109,35.67326263202645],[139.76292258425332,35.673261048332485],[139.76298311682532,35.67326459906838],[139.76303988737587,35.67327517828556],[139.7631687663361,35.67331581523069],[139.76328711349203,35.673766128845735],[139.76275837961919,35.67385888683359],[139.76275933747934,35.673862528940774],[139.76231585252768,35.673940146789434],[139.76219705893155,35.67348839878921],[139.76225311037334,35.6734379550156],[139.76234109452375,35.67337860555502],[139.76237944353574,35.673359339682975],[139.76243447354994,35.6733394517595],[139.76260341600053,35.67329538385016],[139.76269931464537,35.67327993743334],[139.7628563029109,35.67326263202645]]]}},{"type":"Feature","properties":{"height":32.3,"gml_id":"bldg_27aeeb98-0288-4453-a648-7c5ef53b57e2"},"geometry":{"type":"Polygon","coordinates":[[[139.7676658685109,35.67074799559391],[139.7676093933575,35.67078275868896],[139.76754063637208,35.670707726889106],[139.76759700074302,35.67067332521603],[139.7676658685109,35.67074799559391]]]}},{"type":"Feature","properties":{"height":48.2,"gml_id":"bldg_7fd8120f-64fe-4888-8311-dbdfa464d498"},"geometry":{"type":"Polygon","coordinates":[[[139.77481504416346,35.669655450871396],[139.77483489211346,35.66968847782344],[139.77471091569328,35.66968060262316],[139.77460923336417,35.66956318524446],[139.7747512068405,35.669506386749056],[139.77483578385971,35.66964715929943],[139.77481504416346,35.669655450871396]]]}},{"type":"Feature","properties":{"height":32.5,"gml_id":"bldg_1dbd5723-e6c1-4efa-b3f6-92e0edffeed9"},"geometry":{"type":"Polygon","coordinates":[[[139.7728377972034,35.6731769318108],[139.772700613028,35.673156852331296],[139.77267867113113,35.67310275890745],[139.77273361842407,35.6730863996148],[139.7727431135369,35.673107622710894],[139.77277654818087,35.67309767034651],[139.77279975053276,35.67309182308952],[139.7728377972034,35.6731769318108]]]}},{"type":"Feature","properties":{"height":8.0,"gml_id":"bldg_1d09e2a6-1513-41ce-9c20-5a9908264957"},"geometry":{"type":"Polygon","coordinates":[[[139.76691332801678,35.67192067578848],[139.76682811378728,35.67197602713944],[139.76669254535793,35.67183706862947],[139.7667558425966,35.671795946951036],[139.76680773889944,35.67184913861641],[139.76682965584868,35.67183490001546],[139.76691332801678,35.67192067578848]]]}},{"type":"Feature","properties":{"height":38.0,"gml_id":"bldg_1acbf8cc-5a42-49ff-921c-8790a397b584"},"geometry":{"type":"Polygon","coordinates":[[[139.7654307238651,35.67313557558121],[139.76556844342588,35.67304281176358],[139.7656293698608,35.67310314788044],[139.76549165034294,35.67319582162956],[139.7654307238651,35.67313557558121]]]}},{"type":"Feature","properties":{"height":32.3,"gml_id":"bldg_b52878f7-2eea-4da1-8f50-1fe445bb9916"},"geometry":{"type":"Polygon","coordinates":[[[139.77479952435033,35.67493578561893],[139.77482257483888,35.674926638876485],[139.77479859931918,35.67488641699053],[139.77485436908117,35.6748642883503],[139.77486742156103,35.67488619804383],[139.77490776694793,35.67486806398277],[139.7749317014043,35.67485857512665],[139.77500662929307,35.67498428983116],[139.774781958679,35.67507343470363],[139.77473945810246,35.67500213258185],[139.7748200133243,35.674970173929275],[139.77479952435033,35.67493578561893]]]}},{"type":"Feature","properties":{"height":15.0,"gml_id":"bldg_a26f4483-30a1-4076-a27e-fc3b4d66b6da"},"geometry":{"type":"Polygon","coordinates":[[[139.77451848203475,35.67205763730992],[139.7744074417614,35.67208895080307],[139.77439420896283,35.67205766668174],[139.77450524913183,35.672026443337856],[139.77451848203475,35.67205763730992]]]}},{"type":"Feature","properties":{"height":21.5,"gml_id":"bldg_3b74bd5f-2fba-4153-8707-81dc980052d1"},"geometry":{"type":"Polygon","coordinates":[[[139.76380213436684,35.67107825382908],[139.76369657601936,35.67115381803465],[139.76363068455962,35.671090142967245],[139.76373535847267,35.67101539044462],[139.76380213436684,35.67107825382908]]]}},{"type":"Feature","properties":{"height":7.9,"gml_id":"bldg_4c5f1c47-5c3d-463a-9552-a91b8359ab7f"},"geometry":{"type":"Polygon","coordinates":[[[139.77380610044455,35.67451814332244],[139.7737984137115,35.674441261445686],[139.77388154514597,35.6744357320377],[139.77388923196492,35.67451260489555],[139.77380610044455,35.67451814332244]]]}},{"type":"Feature","properties":{"height":14.9,"gml_id":"bldg_992a2cde-473d-4fc0-9b32-a4170db416bc"},"geometry":{"type":"Polygon","coordinates":[[[139.7735615341309,35.672933471883816],[139.7735446596393,35.67289749872664],[139.77364542803025,35.67286618094262],[139.77366230256047,35.672902154085925],[139.7735615341309,35.672933471883816]]]}},{"type":"Feature","properties":{"height":37.4,"gml_id":"bldg_93027ecd-43b1-4de2-b1e8-4f70351f9777"},"geometry":{"type":"Polygon","coordinates":[[[139.77233468418893,35.671498682013436],[139.7724051141542,35.671414078734514],[139.77245883408864,35.67151424755818],[139.7723537606136,35.67154322040931],[139.77233468418893,35.671498682013436]]]}},{"type":"Feature","properties":{"height":6.6,"gml_id":"bldg_97ed7a99-5d95-4ab2-95fe-4c72c730ee08"},"geometry":{"type":"Polygon","coordinates":[[[139.77443455149478,35.67292876426242],[139.77435433653255,35.67295125932126],[139.77433779552717,35.67291196037242],[139.7744180104547,35.67288946532441],[139.77443455149478,35.67292876426242]]]}},{"type":"Feature","properties":{"height":42.0,"gml_id":"bldg_43acca14-a0a7-43ca-8afa-6007b338fc59"},"geometry":{"type":"Polygon","coordinates":[[[139.76961133684065,35.6714532846037],[139.76973147476124,35.67137330618755],[139.76973417898992,35.67137600272156],[139.7697530009563,35.67136345743515],[139.76967074840567,35.671281343050325],[139.7696534386826,35.67129529616726],[139.76958988829617,35.67133762707929],[139.76955213961853,35.671299929692935],[139.76964000491634,35.67124138694804],[139.76957598682844,35.67117735557407],[139.76968175652203,35.671106924150536],[139.76993109671835,35.671356195236136],[139.76968087394692,35.67152290738693],[139.76961133684065,35.6714532846037]]]}},{"type":"Feature","properties":{"height":8.4,"gml_id":"bldg_317fa49b-4a7a-4bb2-b166-3fe1011c50be"},"geometry":{"type":"Polygon","coordinates":[[[139.7730925576974,35.66883628956501],[139.77306589771055,35.66881470635617],[139.77314299148406,35.668751297233406],[139.77316965147062,35.66877288042538],[139.7730925576974,35.66883628956501]]]}},{"type":"Feature","properties":{"height":10.0,"gml_id":"bldg_5fa31e72-7697-44ac-8d07-c442c72c2e4e"},"geometry":{"type":"Polygon","coordinates":[[[139.77304567764432,35.668939951098956],[139.7729662068007,35.6690058918252],[139.7729285784796,35.66895440542952],[139.7729950068222,35.66889927377369],[139.77304567764432,35.668939951098956]]]}},{"type":"Feature","properties":{"height":44.7,"gml_id":"bldg_4c2bbb00-2b6a-4e33-90f2-2cd91b523ab6"},"geometry":{"type":"Polygon","coordinates":[[[139.76764872985757,35.67130792015991],[139.76766235891208,35.6713240802002],[139.7676062726504,35.671355579630266],[139.76758210456066,35.67132690277039],[139.7675013181676,35.671372287834885],[139.76736745594113,35.671213572904385],[139.7673985106261,35.67119610327428],[139.76735597944995,35.67114561209527],[139.76740232932218,35.671119578784996],[139.76754213025697,35.67104105641282],[139.76774286887328,35.671278857123795],[139.76770660900894,35.671299226427166],[139.76769335537168,35.67128325588484],[139.76764872985757,35.67130792015991]]]}},{"type":"Feature","properties":{"height":15.3,"gml_id":"bldg_6c5c799b-1fdc-461e-9c7d-a2386016bd72"},"geometry":{"type":"Polygon","coordinates":[[[139.76303487757372,35.671555716353986],[139.76308013068524,35.67159819743613],[139.7629693763011,35.671677002908176],[139.7629242336682,35.67163452184956],[139.76303487757372,35.671555716353986]]]}},{"type":"Feature","properties":{"height":8.0,"gml_id":"bldg_7d963914-32ec-4dd9-ae32-da193ba0cc0d"},"geometry":{"type":"Polygon","coordinates":[[[139.76895821515845,35.67042483093958],[139.7689960759947,35.670459554045415],[139.76888068774278,35.670540615930626],[139.76884304878632,35.67050472112258],[139.76895821515845,35.67042483093958]]]}},{"type":"Feature","properties":{"height":20.1,"gml_id":"bldg_bd193b80-e7eb-47a3-9787-9a57b20b6b73"},"geometry":{"type":"Polygon","coordinates":[[[139.765042033711,35.670065603585776],[139.76491647617223,35.67016351158829],[139.76485233330507,35.67010873472671],[139.76498193644443,35.67000766526637],[139.76497801789264,35.670004318947015],[139.76500452432091,35.66998364657223],[139.76507633874283,35.670044964461965],[139.76504577566723,35.67006878755567],[139.765042033711,35.670065603585776]]]}},{"type":"Feature","properties":{"height":16.4,"gml_id":"bldg_d755ac5f-5213-4ad5-8c96-bd4ea8dd5da4"},"geometry":{"type":"Polygon","coordinates":[[[139.7629953711859,35.66974753864934],[139.76303892217038,35.66978999172369],[139.7629222708238,35.669869659053234],[139.76287878598453,35.66982737723689],[139.7629953711859,35.66974753864934]]]}},{"type":"Feature","properties":{"height":9.8,"gml_id":"bldg_c641b3d9-4738-4c30-a867-c4ee9522ea2b"},"geometry":{"type":"Polygon","coordinates":[[[139.76722983409638,35.672131996589734],[139.76728442941624,35.67210092918065],[139.76734865821348,35.67217604876586],[139.76729395240218,35.67220711614308],[139.76722983409638,35.672131996589734]]]}},{"type":"Feature","properties":{"height":16.7,"gml_id":"bldg_17434a8d-61d4-40a7-834c-711b0782975c"},"geometry":{"type":"Polygon","coordinates":[[[139.77240596847497,35.67188883237963],[139.77242548586415,35.67193472214265],[139.7723151077351,35.67196603404155],[139.77229559033287,35.67192023439821],[139.77240596847497,35.67188883237963]]]}},{"type":"Feature","properties":{"height":34.5,"gml_id":"bldg_560806b2-94d7-4968-929f-05009e97717a"},"geometry":{"type":"Polygon","coordinates":[[[139.76911884084208,35.666961839613414],[139.76899560303985,35.66707048942497],[139.76896276284543,35.667044231982516],[139.7689379914858,35.66706629338189],[139.76886563009822,35.66701173056416],[139.76901319583865,35.66688165110035],[139.76911884084208,35.666961839613414]]]}},{"type":"Feature","properties":{"height":47.5,"gml_id":"bldg_718f53e0-5ac0-4a6c-b379-a7343dc3a95e"},"geometry":{"type":"Polygon","coordinates":[[[139.76253507838723,35.66849508093649],[139.76243698393344,35.66856428476275],[139.76237920638317,35.66850968157928],[139.76253991538715,35.66839629324192],[139.76259774822717,35.66845086032687],[139.76257186238698,35.668469124973086],[139.76261272060896,35.66850774579026],[139.76257591452855,35.66853368372553],[139.76253507838723,35.66849508093649]]]}},{"type":"Feature","properties":{"height":28.9,"gml_id":"bldg_fadb4a48-19b5-47de-bde4-ae707504f3db"},"geometry":{"type":"Polygon","coordinates":[[[139.76814236792325,35.67188218280879],[139.76816845748428,35.67191206843352],[139.7681484423491,35.671924334300705],[139.76816979778022,35.67194832238239],[139.76812549980718,35.67197744880508],[139.76807605781116,35.67192063642021],[139.76814236792325,35.67188218280879]]]}},{"type":"Feature","properties":{"height":31.6,"gml_id":"bldg_2bfe8388-a4c0-431d-a63e-192919f47fd5"},"geometry":{"type":"Polygon","coordinates":[[[139.77289289468393,35.67291742718232],[139.77292265104242,35.672980330902995],[139.7728960552799,35.67298901580522],[139.7729117165313,35.67302212207802],[139.77267937271554,35.67309529589336],[139.7726338340523,35.672999015334184],[139.77289289468393,35.67291742718232]]]}},{"type":"Feature","properties":{"height":23.4,"gml_id":"bldg_077bb7fd-ab0f-4211-8bf5-fad7ab388e74"},"geometry":{"type":"Polygon","coordinates":[[[139.76436797102946,35.66894872426416],[139.76441988674364,35.668988198089174],[139.76435242173517,35.66904729857224],[139.764300506016,35.66900782471852],[139.76436797102946,35.66894872426416]]]}},{"type":"Feature","properties":{"height":8.8,"gml_id":"bldg_70e62f4f-bdc4-4ebd-8800-6cfed222e57d"},"geometry":{"type":"Polygon","coordinates":[[[139.76807572686542,35.66893429558721],[139.7681538467377,35.66899963339297],[139.76812477674272,35.66902278295245],[139.76804665694502,35.66895735499079],[139.76807572686542,35.66893429558721]]]}},{"type":"Feature","properties":{"height":50.7,"gml_id":"bldg_967041d2-62f1-4b6e-8cb6-71e05f018c0b"},"geometry":{"type":"Polygon","coordinates":[[[139.76427929145453,35.66887382338946],[139.76435365929663,35.66893127358868],[139.76434494853535,35.66893878695448],[139.764362864393,35.66895262428641],[139.76430337031528,35.66900391439978],[139.76421107556354,35.66893262591059],[139.76427929145453,35.66887382338946]]]}},{"type":"Feature","properties":{"height":41.7,"gml_id":"bldg_a0a67630-0e6a-4153-95f3-df945202c0b4"},"geometry":{"type":"Polygon","coordinates":[[[139.7674645481046,35.67074965322774],[139.76735050343385,35.670631935443694],[139.7675702333966,35.670500877900345],[139.76767869709616,35.67062192841837],[139.7674645481046,35.67074965322774]]]}},{"type":"Feature","properties":{"height":34.0,"gml_id":"bldg_fc75f19e-ebc2-466a-82df-8e0804682789"},"geometry":{"type":"Polygon","coordinates":[[[139.77266032975436,35.67150236189519],[139.7724795726809,35.671552025574584],[139.7724169442809,35.671400293710946],[139.77250932287535,35.67135986875575],[139.77253071357092,35.67141170941606],[139.77260960145722,35.67138984495643],[139.77266032975436,35.67150236189519]]]}},{"type":"Feature","properties":{"height":18.4,"gml_id":"bldg_2a3b4d27-25b4-44cd-b70b-bdcd74801f22"},"geometry":{"type":"Polygon","coordinates":[[[139.76768740948836,35.673040650565746],[139.76771742841748,35.6730747388223],[139.767593757075,35.67314732201753],[139.76756373817136,35.673113233730604],[139.76768740948836,35.673040650565746]]]}},{"type":"Feature","properties":{"height":25.4,"gml_id":"bldg_ecc9f51e-1471-4b96-be9c-3e80b13808bc"},"geometry":{"type":"Polygon","coordinates":[[[139.76669469082665,35.67498373524099],[139.76665539635835,35.67494468405482],[139.76673182801073,35.67489364557219],[139.76674536029049,35.674907128576734],[139.76677835425153,35.67488423392762],[139.7668048898195,35.674909703354004],[139.76669469082665,35.67498373524099]]]}},{"type":"Feature","properties":{"height":18.3,"gml_id":"bldg_3ce1e881-1fc5-4c9c-87b0-7e08b8ef49c5"},"geometry":{"type":"Polygon","coordinates":[[[139.76893372186564,35.66970056437908],[139.7689747285276,35.669668948097616],[139.76904979052216,35.6697337068015],[139.7690087837843,35.66976541324548],[139.76893372186564,35.66970056437908]]]}},{"type":"Feature","properties":{"height":9.3,"gml_id":"bldg_91c78966-cb87-4111-b528-59aa7a9ccf06"},"geometry":{"type":"Polygon","coordinates":[[[139.77081935866082,35.67189568078164],[139.77087565069823,35.67195339786906],[139.7708343158753,35.671980326574115],[139.7707780238481,35.67192261036903],[139.77081935866082,35.67189568078164]]]}},{"type":"Feature","properties":{"height":30.9,"gml_id":"bldg_2bebd195-c7bd-4ed0-b5c5-863f6c5eb62f"},"geometry":{"type":"Polygon","coordinates":[[[139.76918239970678,35.67325426956793],[139.76930208816287,35.673187722723206],[139.76933685199293,35.673229204356055],[139.76921716343082,35.673295842273475],[139.76918239970678,35.67325426956793]]]}},{"type":"Feature","properties":{"height":34.9,"gml_id":"bldg_3fb9f9dd-0e8f-4313-8b25-f41d5ef5d0ee"},"geometry":{"type":"Polygon","coordinates":[[[139.7748604397767,35.670600184297854],[139.77484760506087,35.67056842268411],[139.77487270714803,35.67056167457423],[139.7748622320316,35.67053581810243],[139.77499096859526,35.67050109655142],[139.77501423440586,35.670558615437415],[139.7748604397767,35.670600184297854]]]}},{"type":"Feature","properties":{"height":7.9,"gml_id":"bldg_d438d6f1-42f2-410d-a33b-a3dab7bcd23e"},"geometry":{"type":"Polygon","coordinates":[[[139.76753992067975,35.67467575036046],[139.7675743579374,35.674711012842266],[139.7674985360313,35.674760275589634],[139.76746409878513,35.6747250139878],[139.76753992067975,35.67467575036046]]]}},{"type":"Feature","properties":{"height":27.3,"gml_id":"bldg_728c0d64-6a83-4f2b-96ef-fb6437754f1b"},"geometry":{"type":"Polygon","coordinates":[[[139.77363773894152,35.674142881608155],[139.7735819527871,35.6741427638004],[139.77358225852933,35.67399933842226],[139.77363804556455,35.67399813932466],[139.77363773894152,35.674142881608155]]]}},{"type":"Feature","properties":{"height":12.7,"gml_id":"bldg_6dad8785-fe0e-4e41-834f-95a112084b5f"},"geometry":{"type":"Polygon","coordinates":[[[139.76555560539464,35.666929509555025],[139.76544717050706,35.66701895578937],[139.76538855744175,35.66697160060931],[139.76549688179574,35.666882245403514],[139.76555560539464,35.666929509555025]]]}},{"type":"Feature","properties":{"height":31.0,"gml_id":"bldg_0b89fa16-6191-4e7e-b385-1f2899765743"},"geometry":{"type":"Polygon","coordinates":[[[139.76705677905235,35.67354903992421],[139.7670531314079,35.67355174203473],[139.76704882066343,35.67355480432924],[139.7669412611015,35.67345883900496],[139.7669505350519,35.67345185757758],[139.76692460508158,35.67342929183314],[139.76704712301068,35.67333676131372],[139.76718002250078,35.673460863301386],[139.76705677905235,35.67354903992421]]]}},{"type":"Feature","properties":{"height":14.0,"gml_id":"bldg_f8654230-15bd-4193-b934-286df6e33780"},"geometry":{"type":"Polygon","coordinates":[[[139.7653103194147,35.67026661656351],[139.7653546891543,35.67030927657584],[139.76531935348254,35.67033380191737],[139.7652749617093,35.67029107878362],[139.7653103194147,35.67026661656351]]]}},{"type":"Feature","properties":{"height":51.7,"gml_id":"bldg_b5f4fbb8-d3a9-4925-a213-2f64e92d7fc8"},"geometry":{"type":"Polygon","coordinates":[[[139.76272004398538,35.6698117355621],[139.76317179157766,35.67023762809756],[139.76291414920112,35.67041351589577],[139.7624709081233,35.66998699555003],[139.76272004398538,35.6698117355621]]]}},{"type":"Feature","properties":{"height":15.4,"gml_id":"bldg_36e8f09c-aba0-467c-b816-263b59de7219"},"geometry":{"type":"Polygon","coordinates":[[[139.7705488042962,35.67207031624649],[139.7706181211166,35.672140839740145],[139.7705837489347,35.672163266020824],[139.7705145425195,35.672092832702546],[139.7705488042962,35.67207031624649]]]}},{"type":"Feature","properties":{"height":20.7,"gml_id":"bldg_501e4b83-6817-40c9-bee6-6faac94c0bec"},"geometry":{"type":"Polygon","coordinates":[[[139.7737554803639,35.67416610520342],[139.77365406864413,35.67416911964946],[139.77364559557265,35.673976492093864],[139.77374700704905,35.67397347765463],[139.7737554803639,35.67416610520342]]]}},{"type":"Feature","properties":{"height":12.0,"gml_id":"bldg_68514786-ad51-4e38-b7d9-8d9529852f16"},"geometry":{"type":"Polygon","coordinates":[[[139.76976204836916,35.66806104558228],[139.76982894299218,35.66811633508232],[139.76979246808668,35.66814570062078],[139.76972557339286,35.66809050123807],[139.76976204836916,35.66806104558228]]]}},{"type":"Feature","properties":{"height":29.5,"gml_id":"bldg_f7b96919-ed25-41f5-b770-8a147cf9262d"},"geometry":{"type":"Polygon","coordinates":[[[139.7725498100788,35.67011851797479],[139.77246638325406,35.6701551617274],[139.77240150637928,35.67005651867307],[139.7724806358145,35.67002032257841],[139.7725498100788,35.67011851797479]]]}},{"type":"Feature","properties":{"height":13.6,"gml_id":"bldg_62d9d9d1-e591-4f23-ae6a-77b19c835086"},"geometry":{"type":"Polygon","coordinates":[[[139.7735076255688,35.67323098830342],[139.77363831187867,35.67322510410345],[139.7736431190506,35.673296765629544],[139.77351254309087,35.67330264988942],[139.7735076255688,35.67323098830342]]]}},{"type":"Feature","properties":{"height":40.6,"gml_id":"bldg_da1aa709-b5c7-4281-8bb9-434c60d66eec"},"geometry":{"type":"Polygon","coordinates":[[[139.7714426586636,35.67124800563998],[139.77145947725913,35.671354736864295],[139.77144752892698,35.671378346700294],[139.77118929362737,35.67148277298595],[139.77091917990202,35.671236107725086],[139.7710304800132,35.671154951642755],[139.77099173474883,35.671119597760885],[139.77116426606142,35.67099376512892],[139.7714426586636,35.67124800563998]]]}},{"type":"Feature","properties":{"height":12.1,"gml_id":"bldg_fda80815-4d66-43c3-a45b-6653c22499e4"},"geometry":{"type":"Polygon","coordinates":[[[139.77383871644028,35.673200505674025],[139.7738467197626,35.673282354284936],[139.77380971171817,35.673284679565334],[139.7738017083665,35.67320292108929],[139.77383871644028,35.673200505674025]]]}},{"type":"Feature","properties":{"height":30.4,"gml_id":"bldg_64722604-4c81-4115-b381-5ee18b56e66e"},"geometry":{"type":"Polygon","coordinates":[[[139.7651256299643,35.66896366792698],[139.76504192583067,35.66903801083617],[139.76502009069367,35.669021575426456],[139.76500040278043,35.669039005831905],[139.7649834137565,35.669026232741736],[139.7650866622259,35.668934441347616],[139.7651256299643,35.66896366792698]]]}},{"type":"Feature","properties":{"height":3.7,"gml_id":"bldg_ecfd547b-72a5-4de0-8bc6-664e395f8359"},"geometry":{"type":"Polygon","coordinates":[[[139.77200479625964,35.66736544684439],[139.77209377226194,35.66743552886637],[139.77207111359687,35.667454716601405],[139.77196005921792,35.667367226799016],[139.77200479625964,35.66736544684439]]]}},{"type":"Feature","properties":{"height":74.6,"gml_id":"bldg_b79d201f-b27b-4e20-b342-fb09087fb41d"},"geometry":{"type":"Polygon","coordinates":[[[139.77203908141027,35.67337789457035],[139.7716328982653,35.673517399905975],[139.77141128047668,35.67325868227296],[139.7714846044358,35.67322060090027],[139.77143899843563,35.67312745663488],[139.7718133616023,35.67299325379026],[139.77183046097136,35.67302309796834],[139.77189951934994,35.673000959449006],[139.77191010752964,35.673022597800184],[139.77193474660476,35.67301594020711],[139.77203908141027,35.67337789457035]]]}},{"type":"Feature","properties":{"height":42.1,"gml_id":"bldg_aebb6a3a-a2f5-40bb-9c68-1a838d475a0c"},"geometry":{"type":"Polygon","coordinates":[[[139.772833894272,35.674308647555726],[139.77283166602953,35.67428975456556],[139.7728470094031,35.674232029351934],[139.773069334191,35.67422127928926],[139.77307247433276,35.67430565836061],[139.77301470984156,35.67430666601577],[139.77301568422283,35.674333022641775],[139.7728140762238,35.67433802324792],[139.77281258432188,35.67430953010691],[139.772833894272,35.674308647555726]]]}},{"type":"Feature","properties":{"height":27.1,"gml_id":"bldg_13f4b965-a04b-4ad5-a238-a46858bb9b06"},"geometry":{"type":"Polygon","coordinates":[[[139.7666369888562,35.674895639191554],[139.76662140390573,35.67490626675412],[139.76658773831397,35.674873347997554],[139.76668821144074,35.674804809197056],[139.76675245209736,35.67486758026945],[139.7666674534308,35.67492549059382],[139.7666369888562,35.674895639191554]]]}},{"type":"Feature","properties":{"height":25.5,"gml_id":"bldg_281e3351-c83f-4f59-9550-9e5696e2089f"},"geometry":{"type":"Polygon","coordinates":[[[139.7729011493945,35.669645491822806],[139.77288704755293,35.669625393131476],[139.77293957898127,35.66960150605346],[139.77305764289596,35.6697743575899],[139.77305553585492,35.669785354191845],[139.77293652766448,35.66983955723653],[139.77288731591287,35.66976760294714],[139.77292422276415,35.66975085592314],[139.7728638448164,35.669662382860075],[139.77288660752853,35.66965228087929],[139.7729011493945,35.669645491822806]]]}},{"type":"Feature","properties":{"height":8.0,"gml_id":"bldg_aaa62c9c-5763-4ea6-900e-dda260bd846c"},"geometry":{"type":"Polygon","coordinates":[[[139.76880213784267,35.67041681531184],[139.76877085761384,35.67044077507309],[139.7687226215344,35.670395950949136],[139.76875555760952,35.67037334414817],[139.76880213784267,35.67041681531184]]]}},{"type":"Feature","properties":{"height":6.3,"gml_id":"bldg_1ffc2537-6b7c-4247-bc17-84d54720d766"},"geometry":{"type":"Polygon","coordinates":[[[139.76990490775154,35.67052980159755],[139.7699361888876,35.67050431010921],[139.7699963522766,35.67055346661254],[139.7699650711397,35.670578959017675],[139.76990490775154,35.67052980159755]]]}},{"type":"Feature","properties":{"height":7.2,"gml_id":"bldg_a9ee9ab6-145d-47b7-8f6d-2a321b787331"},"geometry":{"type":"Polygon","coordinates":[[[139.765017672728,35.66732184487811],[139.76509604599656,35.667383182727505],[139.76501756360443,35.66744993001888],[139.76493919040774,35.66738850198176],[139.765017672728,35.66732184487811]]]}},{"type":"Feature","properties":{"height":4.0,"gml_id":"bldg_5c47b446-01a7-45dd-b50b-904cbdcfeb1e"},"geometry":{"type":"Polygon","coordinates":[[[139.7661865834221,35.67070373358582],[139.76614850246006,35.670669370926404],[139.7661893989687,35.670639287872426],[139.76622736939564,35.67067374059478],[139.7661865834221,35.67070373358582]]]}},{"type":"Feature","properties":{"height":36.0,"gml_id":"bldg_626e52f6-cbb8-4f68-baf2-8e034ed3ec3c"},"geometry":{"type":"Polygon","coordinates":[[[139.77006757012583,35.66751246822623],[139.7700280216153,35.66754590643344],[139.7698949844262,35.66743511167329],[139.76998606177395,35.667359804776716],[139.77006819006488,35.66742672988405],[139.77004674724253,35.66744429540401],[139.770122914742,35.6675063499222],[139.77009091713865,35.667531481447966],[139.77006757012583,35.66751246822623]]]}},{"type":"Feature","properties":{"height":57.2,"gml_id":"bldg_85e56484-4b86-4f16-8b78-5c668691b6b0"},"geometry":{"type":"Polygon","coordinates":[[[139.76835200137936,35.67137220909486],[139.7681310778987,35.671502518357876],[139.76801327574913,35.671370817982094],[139.76806708674596,35.67133877630534],[139.7680517471201,35.671320524197846],[139.76816396592153,35.671254406169815],[139.76817904142877,35.671271450280315],[139.76823496168865,35.67123997843569],[139.76835200137936,35.67137220909486]]]}},{"type":"Feature","properties":{"height":40.2,"gml_id":"bldg_3ca85ae2-5b1d-4709-bb95-2925e1efa69b"},"geometry":{"type":"Polygon","coordinates":[[[139.76601838148287,35.671716603699515],[139.76586618029037,35.671825495419256],[139.76581110167209,35.67177417641967],[139.76596330276598,35.67166537490586],[139.76601838148287,35.671716603699515]]]}},{"type":"Feature","properties":{"height":22.0,"gml_id":"bldg_9aa71a6f-bd75-4304-805b-bc294c061ce1"},"geometry":{"type":"Polygon","coordinates":[[[139.7745492488436,35.673485687576274],[139.7748667426349,35.6734693479378],[139.7748763725547,35.67359437302531],[139.77455887826952,35.673610713589746],[139.7745492488436,35.673485687576274]]]}},{"type":"Feature","properties":{"height":4.9,"gml_id":"bldg_44dcc73f-64ef-4f02-a4d2-d3d5974c9061"},"geometry":{"type":"Polygon","coordinates":[[[139.77309893500416,35.6725954067818],[139.77311338108547,35.672628585433856],[139.7730453193835,35.672648291443096],[139.77303087339465,35.67261502264576],[139.77309893500416,35.6725954067818]]]}},{"type":"Feature","properties":{"height":4.7,"gml_id":"bldg_8e62b446-13bd-40bf-84b3-de877f9ed955"},"geometry":{"type":"Polygon","coordinates":[[[139.76303042553795,35.674516381011756],[139.76302226698013,35.674523217666064],[139.76296497054363,35.674481495710914],[139.76299881296862,35.67444948070121],[139.76303042553795,35.674516381011756]]]}},{"type":"Feature","properties":{"height":28.1,"gml_id":"bldg_13368c15-3c46-47ed-ba05-36e1b1487f10"},"geometry":{"type":"Polygon","coordinates":[[[139.77395611768392,35.67353208856048],[139.77396642634832,35.67363367836043],[139.7738751759403,35.673639852807696],[139.77386486739073,35.673538263000125],[139.77395611768392,35.67353208856048]]]}},{"type":"Feature","properties":{"height":8.2,"gml_id":"bldg_45db247c-6c1b-47a3-afc3-5b28f01316be"},"geometry":{"type":"Polygon","coordinates":[[[139.766608756519,35.6740420236533],[139.7666546764078,35.6740836934117],[139.7664832442421,35.674199694256956],[139.76643975602022,35.6741564042155],[139.766608756519,35.6740420236533]]]}},{"type":"Feature","properties":{"height":22.5,"gml_id":"bldg_ddd1eaeb-31c6-41ad-870f-a401305bc7f3"},"geometry":{"type":"Polygon","coordinates":[[[139.7685287839748,35.67063912742502],[139.7684493201835,35.670553183762884],[139.76848792405926,35.670529444359445],[139.76850082586768,35.67054341357831],[139.76854512138183,35.67051617989261],[139.76861167235361,35.670588154280715],[139.7685287839748,35.67063912742502]]]}},{"type":"Feature","properties":{"height":8.1,"gml_id":"bldg_d7beef92-bfeb-47af-9b81-dc594c60adbf"},"geometry":{"type":"Polygon","coordinates":[[[139.7695672043859,35.67184474559969],[139.76961000542875,35.671891477409886],[139.76949985178416,35.671958642564874],[139.76945705076912,35.67191191161745],[139.7695672043859,35.67184474559969]]]}},{"type":"Feature","properties":{"height":25.4,"gml_id":"bldg_16a6ace2-7165-41c1-8f24-b219d29a1c07"},"geometry":{"type":"Polygon","coordinates":[[[139.77046178596015,35.67289381025309],[139.77038104289443,35.6729403510178],[139.77033095882533,35.67288249273719],[139.77041170186175,35.67283595200558],[139.77046178596015,35.67289381025309]]]}},{"type":"Feature","properties":{"height":10.0,"gml_id":"bldg_8fcd8c60-284f-49ba-b9b8-85d02138580a"},"geometry":{"type":"Polygon","coordinates":[[[139.76896529681096,35.67082261073486],[139.76906786213075,35.67075344005597],[139.7690912618158,35.67077652769669],[139.76898869648656,35.67084569839524],[139.76896529681096,35.67082261073486]]]}},{"type":"Feature","properties":{"height":14.8,"gml_id":"bldg_c502cdc5-65a5-4326-8d4d-13336afb4df1"},"geometry":{"type":"Polygon","coordinates":[[[139.76919655977855,35.670881405420474],[139.76912963349187,35.67082194131742],[139.76917638746767,35.67078691183327],[139.7692433148652,35.670846375009894],[139.76919655977855,35.670881405420474]]]}},{"type":"Feature","properties":{"height":62.3,"gml_id":"bldg_7de66f35-b725-44e5-bbf5-0925ba25142e"},"geometry":{"type":"Polygon","coordinates":[[[139.76571164798025,35.67116154655431],[139.76568869017518,35.671139450017456],[139.76578573516758,35.67107072972482],[139.7658677250003,35.67101373679737],[139.76576128042905,35.67091119999527],[139.76609405283662,35.67065906487907],[139.76643874871434,35.67099474796805],[139.7660095726165,35.671288266283256],[139.76616652447063,35.67144077612745],[139.76575879202875,35.67171420486575],[139.76534465804673,35.671326651729586],[139.76535258734486,35.67122480104415],[139.76543283477517,35.67116490500933],[139.76546749353307,35.67119661682779],[139.76548124369097,35.67118661032129],[139.76553858522527,35.671239085409525],[139.76560384316613,35.67119160084086],[139.7656361301841,35.67121957959186],[139.76571164798025,35.67116154655431]]]}},{"type":"Feature","properties":{"height":7.2,"gml_id":"bldg_d837d145-bea9-418b-a948-80dcf4599c47"},"geometry":{"type":"Polygon","coordinates":[[[139.7740351993386,35.668919260174015],[139.77395682987182,35.66884152315778],[139.77398777414538,35.66882080682106],[139.7740660331614,35.66889854376307],[139.7740351993386,35.668919260174015]]]}},{"type":"Feature","properties":{"height":30.4,"gml_id":"bldg_86657f77-b859-44ab-80a8-38f9b3b21607"},"geometry":{"type":"Polygon","coordinates":[[[139.7690760093091,35.67395719437945],[139.76896338451945,35.6740298750026],[139.76894186114782,35.67400768972524],[139.7689184298555,35.674022820254265],[139.76890065928004,35.67400451287983],[139.7690366048712,35.6739167017083],[139.7690760093091,35.67395719437945]]]}},{"type":"Feature","properties":{"height":55.5,"gml_id":"bldg_35741517-9a06-4d9b-81ed-d11ec2576b30"},"geometry":{"type":"Polygon","coordinates":[[[139.77234113645093,35.670713048415145],[139.7721553210073,35.67079263644679],[139.77176665966363,35.670730684371016],[139.7716195546317,35.6706032360135],[139.77162322313566,35.67058740977923],[139.77167384536386,35.67054811781022],[139.77161569023258,35.670471741700986],[139.77176487295495,35.67039619285378],[139.7722773576429,35.67047757739719],[139.77248883124267,35.67072015384712],[139.77239334381292,35.670767878341124],[139.77234113645093,35.670713048415145]]]}},{"type":"Feature","properties":{"height":13.0,"gml_id":"bldg_c89d43ca-c0b8-4a83-879e-c0fa5b0fccdb"},"geometry":{"type":"Polygon","coordinates":[[[139.76872924519103,35.66930430123674],[139.76880419596807,35.669369329548374],[139.7687546787231,35.669407341862076],[139.7686797279515,35.66934231261869],[139.76872924519103,35.66930430123674]]]}},{"type":"Feature","properties":{"height":33.3,"gml_id":"bldg_bd56a223-a3d2-490f-9bf7-bdf97ab3ed89"},"geometry":{"type":"Polygon","coordinates":[[[139.7706969980707,35.67411398601206],[139.77062683330132,35.674136664084415],[139.77060378278208,35.67408905959811],[139.77067383704932,35.67406638058012],[139.7706969980707,35.67411398601206]]]}},{"type":"Feature","properties":{"height":18.9,"gml_id":"bldg_11748e1f-b650-4924-9ab5-ae567d7ec613"},"geometry":{"type":"Polygon","coordinates":[[[139.77280449038156,35.67309070776992],[139.77279567923338,35.67307069286215],[139.77281865027723,35.6730639441123],[139.77282747247705,35.67308395902398],[139.77280449038156,35.67309070776992]]]}},{"type":"Feature","properties":{"height":3.9,"gml_id":"bldg_6be3ab27-0f74-4e12-92a9-b2118cfd5b85"},"geometry":{"type":"Polygon","coordinates":[[[139.7679050872269,35.66674134117737],[139.76788386385286,35.66676034863139],[139.76785052590503,35.66673554272719],[139.76785881625617,35.66672815596987],[139.76780295869958,35.66668657225274],[139.7678158916515,35.66667504170511],[139.7679050872269,35.66674134117737]]]}},{"type":"Feature","properties":{"height":48.0,"gml_id":"bldg_240c536a-342c-4f23-95e0-61273aaa5cb0"},"geometry":{"type":"Polygon","coordinates":[[[139.76978969933515,35.67414803319115],[139.7695348691433,35.673846479396005],[139.76963046608859,35.673792808193596],[139.76988827581624,35.67409850967373],[139.76978969933515,35.67414803319115]]]}},{"type":"Feature","properties":{"height":42.0,"gml_id":"bldg_4c92065c-10db-497d-8690-dd724a884766"},"geometry":{"type":"Polygon","coordinates":[[[139.76750775697747,35.67308246632529],[139.76758568489768,35.673157232711475],[139.7674072901438,35.67328116407223],[139.76724911653164,35.67312946555257],[139.76742231631604,35.67300913797225],[139.76743732786372,35.67302356815442],[139.76755183609032,35.67294412967883],[139.76761695996026,35.67300654024238],[139.76750775697747,35.67308246632529]]]}},{"type":"Feature","properties":{"height":32.3,"gml_id":"bldg_1f698f4a-1faf-45ae-a98d-223474973af9"},"geometry":{"type":"Polygon","coordinates":[[[139.7659574530799,35.6716595127079],[139.76580238598746,35.671761100721355],[139.76576287359003,35.67172087731685],[139.76591794065453,35.67161928935356],[139.7659574530799,35.6716595127079]]]}},{"type":"Feature","properties":{"height":8.6,"gml_id":"bldg_16d08ce2-277c-411b-af62-1d862d453aa8"},"geometry":{"type":"Polygon","coordinates":[[[139.772629875967,35.67320774425789],[139.77262757357573,35.67318475808892],[139.7723918580497,35.67243190158555],[139.77242964796815,35.67241777005116],[139.7726676778739,35.67317819827931],[139.77266985282665,35.673223628567776],[139.77265284173728,35.67322262758469],[139.772629875967,35.67320774425789]]]}},{"type":"Feature","properties":{"height":11.7,"gml_id":"bldg_1ebb3e56-b745-4851-96f0-aa806c59cb9e"},"geometry":{"type":"Polygon","coordinates":[[[139.7687073510447,35.67084013858394],[139.76867931817617,35.67080938761036],[139.76877137891915,35.67075364200418],[139.76879941180283,35.67078439385798],[139.7687073510447,35.67084013858394]]]}},{"type":"Feature","properties":{"height":21.0,"gml_id":"bldg_07dc8523-c782-4817-bbce-a4354a62efa9"},"geometry":{"type":"Polygon","coordinates":[[[139.77000513368148,35.67111336821527],[139.770117994619,35.6712251346951],[139.77009853162505,35.671238221427515],[139.77011573949184,35.671255266415585],[139.7700090631612,35.67132698670548],[139.76986172039577,35.67118105793919],[139.76996586570127,35.67111104004142],[139.76998313973377,35.67112815719344],[139.77000513368148,35.67111336821527]]]}},{"type":"Feature","properties":{"height":12.3,"gml_id":"bldg_ce80477b-51a3-4e6b-b940-786b57542558"},"geometry":{"type":"Polygon","coordinates":[[[139.7721771876175,35.669148361382845],[139.77214856112258,35.66917079104019],[139.772085418242,35.66911739762991],[139.7721140448043,35.66909487785007],[139.7721771876175,35.669148361382845]]]}},{"type":"Feature","properties":{"height":14.0,"gml_id":"bldg_3c086d2b-e176-4d56-9a63-f5eea2a84ab1"},"geometry":{"type":"Polygon","coordinates":[[[139.771812943732,35.672429354665624],[139.77171072716786,35.67247622787468],[139.7716749322327,35.67242411920612],[139.77179542322446,35.672372685406806],[139.771812943732,35.672429354665624]]]}},{"type":"Feature","properties":{"height":36.0,"gml_id":"bldg_bce7ea10-f377-487b-a3b7-64931188f21f"},"geometry":{"type":"Polygon","coordinates":[[[139.77042401373737,35.6703365499809],[139.77038322801712,35.670368437280025],[139.77041976665174,35.670399643891805],[139.77031223156217,35.670483586634006],[139.77027265680994,35.67045034129646],[139.77022086209504,35.6704908489161],[139.76980403638322,35.670135308372224],[139.770004538616,35.66997875530437],[139.77042401373737,35.6703365499809]]]}},{"type":"Feature","properties":{"height":17.6,"gml_id":"bldg_6b818510-9b36-455f-b11d-68e3db15a58c"},"geometry":{"type":"Polygon","coordinates":[[[139.7701078952035,35.673806310013745],[139.76999771416249,35.67386339914127],[139.76997288422336,35.67383147658093],[139.77008306523737,35.673774388377176],[139.7701078952035,35.673806310013745]]]}},{"type":"Feature","properties":{"height":25.2,"gml_id":"bldg_706ce554-f8cf-43de-a871-08d419256eea"},"geometry":{"type":"Polygon","coordinates":[[[139.7684243559782,35.6692700743716],[139.76837993362474,35.66930469019885],[139.7683239906786,35.66925688721739],[139.76840020168726,35.66919749177309],[139.76846684092214,35.669254431395046],[139.76843504121643,35.669279211043865],[139.7684243559782,35.6692700743716]]]}},{"type":"Feature","properties":{"height":27.2,"gml_id":"bldg_d33ee486-8d91-49e7-a33e-151baa126525"},"geometry":{"type":"Polygon","coordinates":[[[139.77318591783882,35.673019519186674],[139.7731781213365,35.673001577971135],[139.7732395870429,35.6729837804083],[139.77328983991652,35.673099378609535],[139.7731872445032,35.67310643923758],[139.773153533141,35.67302889440964],[139.77318591783882,35.673019519186674]]]}},{"type":"Feature","properties":{"height":26.4,"gml_id":"bldg_aa5c8f20-8f75-4d6a-ad1a-34b8652bb28d"},"geometry":{"type":"Polygon","coordinates":[[[139.76275625493597,35.66757617026323],[139.76267709335463,35.667646611259755],[139.76257245867677,35.66756812129718],[139.7626520512912,35.66749741922317],[139.76275625493597,35.66757617026323]]]}},{"type":"Feature","properties":{"height":9.8,"gml_id":"bldg_e4e347ad-5937-4242-abd2-f03a3c561f91"},"geometry":{"type":"Polygon","coordinates":[[[139.76620766750287,35.672805486800186],[139.7661031609354,35.67287823238299],[139.76602204458177,35.67280063294152],[139.76612655111396,35.672727896441856],[139.76620766750287,35.672805486800186]]]}},{"type":"Feature","properties":{"height":8.9,"gml_id":"bldg_eda0028d-40a2-4df0-bac2-666a2cecd301"},"geometry":{"type":"Polygon","coordinates":[[[139.77260867657714,35.66940231638249],[139.77263376144415,35.6693888985658],[139.77268551900522,35.669453372845865],[139.77266043412666,35.66946679067318],[139.77260867657714,35.66940231638249]]]}},{"type":"Feature","properties":{"height":11.7,"gml_id":"bldg_4a839dcf-fc36-4ebb-91dc-7732b0e424b5"},"geometry":{"type":"Polygon","coordinates":[[[139.7696984896295,35.67024670654822],[139.76975573666078,35.67019810859967],[139.76978640404795,35.67022215540025],[139.76972914597104,35.6702707542587],[139.7696984896295,35.67024670654822]]]}},{"type":"Feature","properties":{"height":17.4,"gml_id":"bldg_558bf4ca-7e01-44c5-8576-167bea4b9177"},"geometry":{"type":"Polygon","coordinates":[[[139.76946054271133,35.67146663516828],[139.76951583993718,35.67152354113139],[139.7694230021994,35.671583523340594],[139.76936781546237,35.671526617394115],[139.76946054271133,35.67146663516828]]]}},{"type":"Feature","properties":{"height":8.5,"gml_id":"bldg_b8f72ff1-4618-445e-afd8-2e6deec056b6"},"geometry":{"type":"Polygon","coordinates":[[[139.7687304425283,35.67494689692442],[139.76875504840288,35.67498251434102],[139.76871283619957,35.674998716400204],[139.76869165589179,35.67496183889258],[139.7687304425283,35.67494689692442]]]}},{"type":"Feature","properties":{"height":32.6,"gml_id":"bldg_3f16122a-a42e-4f68-848c-9771a23aa84c"},"geometry":{"type":"Polygon","coordinates":[[[139.76307411593285,35.669171579992266],[139.76299516878322,35.669096837086904],[139.76321810542447,35.66894003798825],[139.7632362284727,35.66895672394846],[139.7632913721301,35.66891684321986],[139.7633540523397,35.6689745504378],[139.76307411593285,35.669171579992266]]]}},{"type":"Feature","properties":{"height":32.2,"gml_id":"bldg_421143fc-74e0-4aff-81a9-e11dff74a4d9"},"geometry":{"type":"Polygon","coordinates":[[[139.765471381625,35.67208432726753],[139.76538683219272,35.672005589723746],[139.76553417095926,35.67190021213212],[139.76561772601414,35.67197921942653],[139.765471381625,35.67208432726753]]]}},{"type":"Feature","properties":{"height":16.9,"gml_id":"bldg_8bc6ccb5-b407-49e6-ab0c-8f822a7d74cb"},"geometry":{"type":"Polygon","coordinates":[[[139.76924150415522,35.67311143434665],[139.769254635288,35.67312802659612],[139.76913019711247,35.67319421121412],[139.76911695442354,35.673177618891785],[139.76924150415522,35.67311143434665]]]}},{"type":"Feature","properties":{"height":31.6,"gml_id":"bldg_f1cd4c0c-7042-4667-aadf-8956a25fcb2e"},"geometry":{"type":"Polygon","coordinates":[[[139.77236303768575,35.672126773133975],[139.7723418627633,35.67208160362115],[139.77247500453814,35.67204011769041],[139.77249617959308,35.672085197042925],[139.77236303768575,35.672126773133975]]]}},{"type":"Feature","properties":{"height":10.7,"gml_id":"bldg_bb62172c-909f-4d5b-ae60-00114072f493"},"geometry":{"type":"Polygon","coordinates":[[[139.77081059912774,35.671371167229054],[139.77076556529258,35.67132571463106],[139.77086392878118,35.671260776698055],[139.77090896263576,35.671306229259784],[139.77081059912774,35.671371167229054]]]}},{"type":"Feature","properties":{"height":16.1,"gml_id":"bldg_a600773e-4f78-4267-be4d-b9cc171405db"},"geometry":{"type":"Polygon","coordinates":[[[139.77198280313036,35.66997959920094],[139.77194064597668,35.669928199433414],[139.7720509312377,35.66987038744166],[139.77209176247536,35.66992232732076],[139.77198280313036,35.66997959920094]]]}},{"type":"Feature","properties":{"height":37.1,"gml_id":"bldg_abab5317-3e82-4d97-b374-4b4637bbcc2c"},"geometry":{"type":"Polygon","coordinates":[[[139.7669784580794,35.67397597706246],[139.76705207312014,35.67392319716615],[139.7670528242988,35.67392319757965],[139.7670541506534,35.673922296937],[139.7672516256424,35.67410592496146],[139.7672231081027,35.67412636956621],[139.7671393274004,35.67404844583659],[139.76707239960558,35.67409638008019],[139.76704928534986,35.674074986797514],[139.76703007467972,35.67408874919556],[139.76687409294922,35.673943739595764],[139.76690349477516,35.67392266460001],[139.7669434533115,35.67395973305781],[139.76695340128265,35.67395261769793],[139.7669784580794,35.67397597706246]]]}},{"type":"Feature","properties":{"height":6.2,"gml_id":"bldg_1ad16dfe-b080-4895-ae0a-17d5a3be57b1"},"geometry":{"type":"Polygon","coordinates":[[[139.77475425850662,35.67139225856706],[139.77467393642172,35.67141241112438],[139.77465673761455,35.67136652285115],[139.7747369491932,35.671346371152715],[139.77475425850662,35.67139225856706]]]}},{"type":"Feature","properties":{"height":25.5,"gml_id":"bldg_3a650182-9eb6-4dd1-99eb-06313dce663f"},"geometry":{"type":"Polygon","coordinates":[[[139.7637073139595,35.670745772615994],[139.76370482693585,35.67074761899294],[139.76365088770467,35.670785851082215],[139.76359255561707,35.670731013821836],[139.76364903701548,35.67069102555181],[139.7637073139595,35.670745772615994]]]}},{"type":"Feature","properties":{"height":19.7,"gml_id":"bldg_e6669b15-19ce-4d8c-86d5-2b4c9358e83b"},"geometry":{"type":"Polygon","coordinates":[[[139.76763761418272,35.67301015700464],[139.76766774391464,35.673043794647725],[139.76754694499564,35.67311601881257],[139.76751294659906,35.673085263418116],[139.76763761418272,35.67301015700464]]]}},{"type":"Feature","properties":{"height":12.5,"gml_id":"bldg_d83fe57e-0c52-4234-9ebf-26e0d3d75337"},"geometry":{"type":"Polygon","coordinates":[[[139.77305717303307,35.672750241756596],[139.77301087712803,35.672764460264816],[139.77298198229792,35.6727017102289],[139.77302827817178,35.672687491731615],[139.77305717303307,35.672750241756596]]]}},{"type":"Feature","properties":{"height":27.1,"gml_id":"bldg_f4f9a9f4-d03d-40fd-af08-9236ddbd0d91"},"geometry":{"type":"Polygon","coordinates":[[[139.7744980544613,35.67254287157824],[139.7744427772639,35.67255819583899],[139.77445150847558,35.67258224873995],[139.77437624395887,35.67260306968183],[139.77432651185603,35.67248361340131],[139.77445821351765,35.67244717226329],[139.7744980544613,35.67254287157824]]]}},{"type":"Feature","properties":{"height":14.4,"gml_id":"bldg_a9505e8c-2f04-4db2-a14c-46df3757da03"},"geometry":{"type":"Polygon","coordinates":[[[139.77035148770295,35.67168181154988],[139.77044123143685,35.671622367833386],[139.77048306369676,35.67166538427066],[139.77039409340816,35.67172455891165],[139.77035148770295,35.67168181154988]]]}},{"type":"Feature","properties":{"height":18.3,"gml_id":"bldg_3d6e10e9-7eff-4782-80a7-87459d334a98"},"geometry":{"type":"Polygon","coordinates":[[[139.7630010482879,35.67036529814732],[139.76303731449963,35.67040156444388],[139.7629518658755,35.67045847140255],[139.7629155886297,35.6704222059755],[139.7630010482879,35.67036529814732]]]}},{"type":"Feature","properties":{"height":3.2,"gml_id":"bldg_0bc938e0-9a8e-4720-9ada-9b6ef5f9c705"},"geometry":{"type":"Polygon","coordinates":[[[139.77412167974336,35.673943800006036],[139.77413979691792,35.67394312387062],[139.7741419229686,35.67398113580528],[139.77412380578545,35.67398181194099],[139.77412167974336,35.673943800006036]]]}},{"type":"Feature","properties":{"height":12.3,"gml_id":"bldg_db67c9ce-79ab-4a7c-81ce-eb120b6807d8"},"geometry":{"type":"Polygon","coordinates":[[[139.77124069316568,35.672722909415306],[139.77130434029942,35.67269860424916],[139.77131857114065,35.67272348857101],[139.77125492406122,35.67274770360731],[139.77124069316568,35.672722909415306]]]}},{"type":"Feature","properties":{"height":16.4,"gml_id":"bldg_c0423e08-4eb7-49b6-97dc-bf47f2dae8ce"},"geometry":{"type":"Polygon","coordinates":[[[139.77373412748085,35.67256056931158],[139.7736257383209,35.67259062056942],[139.77359287833448,35.672511735036906],[139.77367908139905,35.67248776519869],[139.77369468441168,35.67252521596143],[139.77371687046943,35.672519070570594],[139.77373412748085,35.67256056931158]]]}},{"type":"Feature","properties":{"height":36.4,"gml_id":"bldg_6a80e1c1-5800-4e85-9e83-5d974e0dc30f"},"geometry":{"type":"Polygon","coordinates":[[[139.76890499667826,35.66778239010948],[139.76889009427654,35.667770484002766],[139.7689249120944,35.667741569437766],[139.7689398145683,35.66775338540292],[139.76890499667826,35.66778239010948]]]}},{"type":"Feature","properties":{"height":11.8,"gml_id":"bldg_427273f2-9fee-44f9-ad85-1c5559b89b6c"},"geometry":{"type":"Polygon","coordinates":[[[139.77448305386926,35.6700589060479],[139.77450787022167,35.67011020631745],[139.77446411686185,35.6701242463589],[139.77443930046692,35.67007303621779],[139.77448305386926,35.6700589060479]]]}},{"type":"Feature","properties":{"height":9.1,"gml_id":"bldg_a6e04c8e-a29a-4714-9da5-bb8d2a564371"},"geometry":{"type":"Polygon","coordinates":[[[139.77252701185068,35.67163173182454],[139.77254531659912,35.67167437601457],[139.77243493873831,35.67170586829965],[139.7724166340415,35.6716632240931],[139.77252701185068,35.67163173182454]]]}},{"type":"Feature","properties":{"height":8.7,"gml_id":"bldg_a94bcdd3-0868-4ea8-a708-c13ea6156ab5"},"geometry":{"type":"Polygon","coordinates":[[[139.76862258391756,35.66979702479994],[139.76868274589745,35.66984627210132],[139.7686553334027,35.66986852130209],[139.76859517142302,35.66981927398723],[139.76862258391756,35.66979702479994]]]}},{"type":"Feature","properties":{"height":32.0,"gml_id":"bldg_4f07fdaf-0728-4a3f-933d-dbbfc7800af2"},"geometry":{"type":"Polygon","coordinates":[[[139.77472592711814,35.67500012585065],[139.7746845419759,35.67492935696279],[139.77476519616727,35.67489794733062],[139.7748065924115,35.67496871619654],[139.77472592711814,35.67500012585065]]]}},{"type":"Feature","properties":{"height":33.6,"gml_id":"bldg_64da4dca-b61a-4a7a-bd61-01b49b00f89e"},"geometry":{"type":"Polygon","coordinates":[[[139.7672648985153,35.66872365313923],[139.7672736951898,35.66873216693133],[139.76727226944251,35.6687331486463],[139.76724535484155,35.668754388265036],[139.76726948458855,35.6687748897256],[139.76718891414868,35.66884259272727],[139.76710645416904,35.66877719782498],[139.76730011537404,35.668613795024356],[139.76735044944314,35.66865726881985],[139.7672648985153,35.66872365313923]]]}},{"type":"Feature","properties":{"height":15.8,"gml_id":"bldg_41b3a464-277c-4ab3-aa5a-d1382b47d12d"},"geometry":{"type":"Polygon","coordinates":[[[139.76934526637507,35.672928691112766],[139.76928536610563,35.67296327198468],[139.7692667145451,35.67294171925007],[139.76927348200232,35.67290539842442],[139.76930796324783,35.67288558565892],[139.76934526637507,35.672928691112766]]]}},{"type":"Feature","properties":{"height":8.3,"gml_id":"bldg_219a4f58-62d0-4b59-8bc1-22bde749dfab"},"geometry":{"type":"Polygon","coordinates":[[[139.77459071609536,35.67176976499742],[139.77462909200523,35.67185955957131],[139.77458655420887,35.67187170826323],[139.77454828887215,35.67178182269131],[139.77459071609536,35.67176976499742]]]}},{"type":"Feature","properties":{"height":6.8,"gml_id":"bldg_8f57ec89-2d94-4560-860e-2ca75adb4104"},"geometry":{"type":"Polygon","coordinates":[[[139.7743347832553,35.67103089156105],[139.77436365182356,35.671099933763415],[139.7742624491254,35.67112440241093],[139.7742370827674,35.67105476699718],[139.7743347832553,35.67103089156105]]]}},{"type":"Feature","properties":{"height":23.6,"gml_id":"bldg_0be3be65-1c6c-46cf-94ff-2f796211f875"},"geometry":{"type":"Polygon","coordinates":[[[139.76873908633445,35.66942887632349],[139.76879737273424,35.66947505789478],[139.76875293715293,35.66951244106771],[139.76869465075234,35.669466258573834],[139.76873908633445,35.66942887632349]]]}},{"type":"Feature","properties":{"height":21.1,"gml_id":"bldg_2e894871-e07d-496b-a914-6a9a26aecfca"},"geometry":{"type":"Polygon","coordinates":[[[139.76281386706074,35.66737880318199],[139.76290795024852,35.66729685126406],[139.76296579156423,35.66734114342816],[139.76287170838503,35.667423093587935],[139.76281386706074,35.66737880318199]]]}},{"type":"Feature","properties":{"height":27.5,"gml_id":"bldg_117a08cd-f2b1-4b70-841d-b4557e3351e4"},"geometry":{"type":"Polygon","coordinates":[[[139.7731279410664,35.66750843067405],[139.77321228016024,35.66757688707733],[139.7731289451538,35.66764228517308],[139.77304681537163,35.6675736504449],[139.7731279410664,35.66750843067405]]]}},{"type":"Feature","properties":{"height":16.5,"gml_id":"bldg_9774cf8a-63d1-4086-9fc9-f26502a66886"},"geometry":{"type":"Polygon","coordinates":[[[139.76897837607527,35.66966606565227],[139.76901507209874,35.66963769199716],[139.7690904654094,35.66970254099033],[139.76905387977223,35.66973100486437],[139.76897837607527,35.66966606565227]]]}},{"type":"Feature","properties":{"height":31.5,"gml_id":"bldg_4ed0debe-0380-4dac-92e7-98938a74c9f6"},"geometry":{"type":"Polygon","coordinates":[[[139.76746985328728,35.67242687708153],[139.76736731163442,35.672328751569864],[139.76741373368506,35.67229637173308],[139.76742321520578,35.67230542760949],[139.76744916688392,35.67228786503902],[139.7675420283867,35.67237671006509],[139.76746985328728,35.67242687708153]]]}},{"type":"Feature","properties":{"height":45.0,"gml_id":"bldg_dfd0b283-3ede-4dd8-8652-9a212d1b6260"},"geometry":{"type":"Polygon","coordinates":[[[139.7658410242593,35.66782695223608],[139.76561189864847,35.66764420529407],[139.76574516162592,35.66753293257493],[139.76585534753863,35.66762081610864],[139.76585213092054,35.66762350941337],[139.7658935141659,35.667656522873436],[139.76589674182983,35.6676538295738],[139.76597429826842,35.66771568017428],[139.7658410242593,35.66782695223608]]]}},{"type":"Feature","properties":{"height":40.9,"gml_id":"bldg_979ea771-7b0f-4efa-bb8e-59e7239e8f22"},"geometry":{"type":"Polygon","coordinates":[[[139.764686654017,35.67032452830104],[139.76474109028865,35.67028540366801],[139.76482817621888,35.67036612615069],[139.76469730793414,35.670460245130286],[139.76474774939607,35.67050701007374],[139.76470303968986,35.67053914559616],[139.76467784102778,35.6705157856648],[139.76464869506728,35.67053553615806],[139.76466221504577,35.670549217701016],[139.764652731493,35.67055603568751],[139.76466444230167,35.67056689490008],[139.7646012848949,35.670612297090045],[139.76449943070062,35.670517946255806],[139.76448364939796,35.67051348354829],[139.7644714714104,35.670506428747295],[139.76446443311684,35.67049568035314],[139.76446098709303,35.670482338058356],[139.76443970681507,35.670462621865994],[139.7645637114062,35.67037348384085],[139.7646234353034,35.67042881718375],[139.76462689491552,35.67042633136766],[139.76457780011276,35.67038085610572],[139.7646733428007,35.67031218992552],[139.764686654017,35.67032452830104]]]}},{"type":"Feature","properties":{"height":29.9,"gml_id":"bldg_de330a7e-67c1-4e13-9520-ed3e0a0a6a7a"},"geometry":{"type":"Polygon","coordinates":[[[139.7648135508695,35.66990091907621],[139.76480330803273,35.66989152093723],[139.7648917323266,35.66982739344791],[139.76490197516557,35.66983679157948],[139.76502250516197,35.669947548660566],[139.7649339703778,35.67001167618187],[139.7648135508695,35.66990091907621]]]}},{"type":"Feature","properties":{"height":15.5,"gml_id":"bldg_92c5381c-ccab-484c-a155-76624be2ee82"},"geometry":{"type":"Polygon","coordinates":[[[139.76476334286193,35.67216477930146],[139.76469192979621,35.67209722577622],[139.76475526436508,35.672052643900855],[139.76482678798652,35.67212010731465],[139.76476334286193,35.67216477930146]]]}},{"type":"Feature","properties":{"height":36.0,"gml_id":"bldg_0766f011-4bf1-4c17-ba14-f79f23dfd191"},"geometry":{"type":"Polygon","coordinates":[[[139.77154913845098,35.66839052555677],[139.77149829536776,35.668431422721014],[139.7714082178047,35.66835665256122],[139.7714435868532,35.66832827657534],[139.7714950172251,35.66837086676019],[139.77151046908313,35.66835845376627],[139.77154913845098,35.66839052555677]]]}},{"type":"Feature","properties":{"height":20.2,"gml_id":"bldg_93e25431-ed23-45ee-bed9-8dbbe5559c24"},"geometry":{"type":"Polygon","coordinates":[[[139.77412894016427,35.672713555815044],[139.7741146063095,35.67267740371089],[139.774216582618,35.672655180894765],[139.77422859633504,35.67269187267184],[139.77412894016427,35.672713555815044]]]}},{"type":"Feature","properties":{"height":25.7,"gml_id":"bldg_b4b47b48-f677-47b5-b604-7ea0a78f0183"},"geometry":{"type":"Polygon","coordinates":[[[139.77069797309224,35.674859611003434],[139.77077188836563,35.67483052608211],[139.77085209317232,35.67496649471753],[139.7707781778729,35.67499548955009],[139.77069797309224,35.674859611003434]]]}},{"type":"Feature","properties":{"height":18.8,"gml_id":"bldg_5ed84cc4-c8ab-40f1-89a2-72edb0c70e08"},"geometry":{"type":"Polygon","coordinates":[[[139.76310485593814,35.66985405474304],[139.76298891172567,35.66993348819164],[139.76292302214648,35.669869452176705],[139.76303892217038,35.66978999172369],[139.76310485593814,35.66985405474304]]]}},{"type":"Feature","properties":{"height":41.9,"gml_id":"bldg_6bb3e166-0f2f-40a4-81f4-908aed8f756f"},"geometry":{"type":"Polygon","coordinates":[[[139.7700161227638,35.66784276759972],[139.77020162778396,35.66799713509867],[139.77019638870618,35.66800133275297],[139.77023002373474,35.66802920282917],[139.77020949852167,35.66804559707146],[139.77020213570827,35.66803946387085],[139.77000457577998,35.668197488107275],[139.7697928979637,35.66802140142503],[139.7700161227638,35.66784276759972]]]}},{"type":"Feature","properties":{"height":29.3,"gml_id":"bldg_e707bc7f-62dd-4289-9b99-739bf5e3116c"},"geometry":{"type":"Polygon","coordinates":[[[139.76683827479434,35.66835529735507],[139.76681697086255,35.668337438392314],[139.76689865468913,35.66827222403908],[139.7669442430359,35.66831028714681],[139.7668039766966,35.66842224956452],[139.76677980274317,35.66840204633981],[139.76683827479434,35.66835529735507]]]}},{"type":"Feature","properties":{"height":20.4,"gml_id":"bldg_4da71bfe-49cc-4300-a738-ed7d31023db2"},"geometry":{"type":"Polygon","coordinates":[[[139.76872225308165,35.673786456335655],[139.76865361012707,35.673716220571315],[139.76868834820147,35.67369361476991],[139.76871174795093,35.67371754976389],[139.76875451055702,35.673689196590104],[139.76873138669401,35.67366560517535],[139.76878406292806,35.673631336191455],[139.76892183467697,35.67377233058965],[139.7688713246913,35.67380520366497],[139.7688434441035,35.67377603834046],[139.76881068486028,35.67379683258609],[139.76883926133598,35.67382606228828],[139.76881208317434,35.67384375068875],[139.76874294341061,35.6737729919135],[139.76872225308165,35.673786456335655]]]}},{"type":"Feature","properties":{"height":23.2,"gml_id":"bldg_6535d39d-820e-466c-a6f5-03112b2e17ef"},"geometry":{"type":"Polygon","coordinates":[[[139.76258209338258,35.66944283965306],[139.7625213888499,35.66948719660855],[139.7624624830368,35.66943353925156],[139.76258612481286,35.669343150125506],[139.7626763764919,35.66942534527384],[139.762613417144,35.669471367592145],[139.76258209338258,35.66944283965306]]]}},{"type":"Feature","properties":{"height":4.1,"gml_id":"bldg_54f528b2-fd3c-4660-8a90-bc4a89068793"},"geometry":{"type":"Polygon","coordinates":[[[139.7742703911796,35.67098983038651],[139.77430508359592,35.67098047311694],[139.77431875445362,35.671016624883585],[139.77428351023698,35.671025260787886],[139.7742703911796,35.67098983038651]]]}},{"type":"Feature","properties":{"height":43.3,"gml_id":"bldg_4139d6d7-da4a-4c9d-9c0f-243a56324cb0"},"geometry":{"type":"Polygon","coordinates":[[[139.77054275309266,35.668230823310424],[139.77079343835922,35.66844701301787],[139.77054255142338,35.668629410600126],[139.7703043397977,35.66842395325222],[139.77054275309266,35.668230823310424]]]}},{"type":"Feature","properties":{"height":45.5,"gml_id":"bldg_fb9863b4-221e-4af4-a347-10e4db31d350"},"geometry":{"type":"Polygon","coordinates":[[[139.7697531704654,35.67312765991039],[139.76969131663762,35.67306272838694],[139.7697315797795,35.673037186726354],[139.76971337926932,35.67301780660804],[139.76978698673716,35.67297119943015],[139.76986656575102,35.6730559695515],[139.7697531704654,35.67312765991039]]]}},{"type":"Feature","properties":{"height":32.0,"gml_id":"bldg_c82ef237-10ec-4e36-8aba-26754c5d5cdf"},"geometry":{"type":"Polygon","coordinates":[[[139.7692177092038,35.67330404505691],[139.76934082339068,35.673235966763116],[139.76939799019303,35.67330477187922],[139.76927498627148,35.67337303056388],[139.7692177092038,35.67330404505691]]]}},{"type":"Feature","properties":{"height":28.6,"gml_id":"bldg_8457a826-9290-401e-8270-cc4f7787e9c3"},"geometry":{"type":"Polygon","coordinates":[[[139.77285860657346,35.67004629317688],[139.77276114847723,35.670086625717296],[139.77272176036115,35.67002459141127],[139.77281988137798,35.66998398882345],[139.77285860657346,35.67004629317688]]]}},{"type":"Feature","properties":{"height":31.9,"gml_id":"bldg_d0cdf50d-8c30-47a3-ba07-9fe87dfdf24e"},"geometry":{"type":"Polygon","coordinates":[[[139.76322524865014,35.673529743892125],[139.76333020432435,35.67351592381623],[139.76331481935506,35.67355034731046],[139.76323361623326,35.67356165735973],[139.76322524865014,35.673529743892125]]]}},{"type":"Feature","properties":{"height":21.3,"gml_id":"bldg_7eb7f71d-a480-4af3-b562-443ef8198b57"},"geometry":{"type":"Polygon","coordinates":[[[139.76395979447128,35.66874721310088],[139.7637585577407,35.66859449356188],[139.7638249947366,35.66853630410234],[139.76402623137096,35.66868911276772],[139.76395979447128,35.66874721310088]]]}},{"type":"Feature","properties":{"height":23.2,"gml_id":"bldg_3a58566c-c87e-4811-b12f-7911e8b9c122"},"geometry":{"type":"Polygon","coordinates":[[[139.76910962608164,35.67253502624067],[139.76900198635505,35.67259265664886],[139.76894559474425,35.67252249969213],[139.76905323434548,35.672464958569506],[139.76910962608164,35.67253502624067]]]}},{"type":"Feature","properties":{"height":4.8,"gml_id":"bldg_085c68b4-a788-4589-be8f-7133920869ec"},"geometry":{"type":"Polygon","coordinates":[[[139.76903272237524,35.66768358670265],[139.7690051555475,35.66770649391188],[139.7689871843992,35.66769208035881],[139.76901474017401,35.66766918216146],[139.76903272237524,35.66768358670265]]]}},{"type":"Feature","properties":{"height":30.1,"gml_id":"bldg_06a980ad-b3c9-4c49-8832-07d592aaf62f"},"geometry":{"type":"Polygon","coordinates":[[[139.76883442793942,35.669000144081],[139.76888200265222,35.66904226369577],[139.76874152189262,35.66914792043132],[139.76878026601122,35.66918228263509],[139.76873517065073,35.669216150093234],[139.7686487414499,35.66913957709003],[139.76883442793942,35.669000144081]]]}},{"type":"Feature","properties":{"height":29.1,"gml_id":"bldg_3aef3736-d8da-4692-8340-e1aa17bb6357"},"geometry":{"type":"Polygon","coordinates":[[[139.77266185466084,35.66875732031944],[139.7725951689724,35.668699986385306],[139.77261106104868,35.66868957542347],[139.7725816867265,35.668664285191525],[139.7726296987793,35.668627145773186],[139.77272463285988,35.668708767900064],[139.77266185466084,35.66875732031944]]]}},{"type":"Feature","properties":{"height":29.0,"gml_id":"bldg_a2d47605-e203-4856-818a-4d2f6b135cde"},"geometry":{"type":"Polygon","coordinates":[[[139.77340305622758,35.67178507996192],[139.7733907635671,35.67175279567274],[139.77337068835695,35.671757887449026],[139.77335675301677,35.67172129377479],[139.77345641084767,35.671696014788765],[139.77348264996482,35.67176489273836],[139.77340305622758,35.67178507996192]]]}},{"type":"Feature","properties":{"height":29.9,"gml_id":"bldg_69df4dd8-3064-427d-986d-87a0df51adcb"},"geometry":{"type":"Polygon","coordinates":[[[139.77460943885782,35.67086621062938],[139.77459621851548,35.67083316885219],[139.77469536739451,35.670806969187375],[139.77476891122507,35.67099196676518],[139.77464781982223,35.6710239966959],[139.77458733086144,35.67087206778525],[139.77460943885782,35.67086621062938]]]}},{"type":"Feature","properties":{"height":9.9,"gml_id":"bldg_b6464916-cc81-4c69-97c3-ae4fa7897bbd"},"geometry":{"type":"Polygon","coordinates":[[[139.76885757607894,35.670708980078125],[139.7689379260625,35.67065503081884],[139.76896154711395,35.670677487642244],[139.76888263118713,35.67073387139234],[139.76885757607894,35.670708980078125]]]}},{"type":"Feature","properties":{"height":17.2,"gml_id":"bldg_4149e98f-77f1-4b75-b375-70df739520d1"},"geometry":{"type":"Polygon","coordinates":[[[139.76446204566344,35.66824687855114],[139.76449351649825,35.668271594182265],[139.76445351199615,35.668305508020296],[139.76441960468856,35.66827533767446],[139.76446204566344,35.66824687855114]]]}},{"type":"Feature","properties":{"height":23.2,"gml_id":"bldg_2e1e0295-3fc1-498b-86f9-2c0e327af881"},"geometry":{"type":"Polygon","coordinates":[[[139.76967517405672,35.67383222182807],[139.76977065620738,35.6737838685528],[139.76979824430563,35.673820118298345],[139.76970265166028,35.673868472438166],[139.76967517405672,35.67383222182807]]]}},{"type":"Feature","properties":{"height":12.0,"gml_id":"bldg_6d43a7d0-b5a6-4449-a8f6-0c8d4f25f170"},"geometry":{"type":"Polygon","coordinates":[[[139.76338805698384,35.6670568879563],[139.76334366365413,35.667031858054486],[139.76335872356117,35.66701406467527],[139.76340312793155,35.667039094578016],[139.76338805698384,35.6670568879563]]]}},{"type":"Feature","properties":{"height":35.6,"gml_id":"bldg_343b63f7-1fa2-4e32-9aa4-afa60219b285"},"geometry":{"type":"Polygon","coordinates":[[[139.77389713287843,35.66997961288824],[139.77390157937364,35.66998652861663],[139.77391607659814,35.670010133725555],[139.77394313699855,35.66999902412804],[139.7739930280744,35.67007993796948],[139.77386617886415,35.67013197477005],[139.77377317121702,35.6699811290404],[139.7739000202487,35.669929092336346],[139.77392429272038,35.669968458275314],[139.77389713287843,35.66997961288824]]]}},{"type":"Feature","properties":{"height":19.4,"gml_id":"bldg_343730dd-385c-4afc-91a2-e9242ea3259f"},"geometry":{"type":"Polygon","coordinates":[[[139.76685876036183,35.671092328872746],[139.76677112279717,35.6710073711081],[139.76683257552858,35.67096513066091],[139.7669203236505,35.67104999830511],[139.76685876036183,35.671092328872746]]]}},{"type":"Feature","properties":{"height":41.6,"gml_id":"bldg_ae3fcabd-3663-438b-88a5-21fa92cadfde"},"geometry":{"type":"Polygon","coordinates":[[[139.77369086643586,35.66717376031829],[139.77360339621208,35.66724571869998],[139.7735652890036,35.66721486379517],[139.77350440019072,35.66726493191236],[139.77338048573594,35.6671645915487],[139.77354340112413,35.66703045889367],[139.77366549412457,35.667129310021274],[139.77365079420707,35.6671413811452],[139.77369086643586,35.66717376031829]]]}},{"type":"Feature","properties":{"height":41.7,"gml_id":"bldg_5d4727ab-b76d-42c1-8a54-a1b08f8c6136"},"geometry":{"type":"Polygon","coordinates":[[[139.7671846058113,35.66911083910642],[139.767133097804,35.66915110219323],[139.76700461180863,35.66904167685972],[139.76703195791737,35.66901977141848],[139.76701462779442,35.66900500458875],[139.7671216892162,35.66892124568717],[139.7673566933836,35.66912355274632],[139.76727688444583,35.66919174296165],[139.7671846058113,35.66911083910642]]]}},{"type":"Feature","properties":{"height":31.9,"gml_id":"bldg_7ad5bdec-a733-4cfa-a2dc-cf48ff39cd7f"},"geometry":{"type":"Polygon","coordinates":[[[139.77231652725027,35.670100823210085],[139.77237869894236,35.670168809233395],[139.77234729295873,35.67018536057294],[139.7723648060206,35.67020812911786],[139.77222780124086,35.67027834876167],[139.77216423786743,35.67019575069327],[139.77216480241879,35.67017970743631],[139.77231652725027,35.670100823210085]]]}},{"type":"Feature","properties":{"height":35.5,"gml_id":"bldg_428b4faf-ddda-4d4b-b38e-7d7caaf116f8"},"geometry":{"type":"Polygon","coordinates":[[[139.76839195736196,35.673184531175615],[139.76824585948455,35.673259897197745],[139.76818303684,35.67317870361161],[139.7682184893165,35.673160442947385],[139.76821192284783,35.6731527056171],[139.7682213164295,35.67314786131115],[139.76821588716487,35.67314086372178],[139.76831758090958,35.67308840469206],[139.76839195736196,35.673184531175615]]]}},{"type":"Feature","properties":{"height":26.9,"gml_id":"bldg_6201c69e-fd58-4e95-bf3b-4837c98eb876"},"geometry":{"type":"Polygon","coordinates":[[[139.76806260154552,35.67162416662611],[139.767891526465,35.671717636295995],[139.76786426891567,35.67168436081258],[139.76800518475963,35.67160745107308],[139.76801881356238,35.67162407077241],[139.76804897271165,35.67160757397291],[139.76806260154552,35.67162416662611]]]}},{"type":"Feature","properties":{"height":30.2,"gml_id":"bldg_efff5fba-3738-445c-87f9-f4f63fd31f64"},"geometry":{"type":"Polygon","coordinates":[[[139.76722303887942,35.67374146624621],[139.76718483585816,35.67370547959022],[139.76733002994243,35.67360300197478],[139.7673682231123,35.67363889844266],[139.76722303887942,35.67374146624621]]]}},{"type":"Feature","properties":{"height":32.0,"gml_id":"bldg_d95bc1d0-a65c-48b3-8528-22ae353f3e62"},"geometry":{"type":"Polygon","coordinates":[[[139.7666968457933,35.67358732988611],[139.76659870450158,35.67365653701677],[139.7665839568393,35.67364363019785],[139.76654794553232,35.67366898387278],[139.76647943248588,35.67360433455051],[139.76661417098515,35.67350922522075],[139.7666968457933,35.67358732988611]]]}},{"type":"Feature","properties":{"height":9.5,"gml_id":"bldg_f104d7d1-f669-42a7-89b6-edc1b2fff0db"},"geometry":{"type":"Polygon","coordinates":[[[139.7727090928841,35.66910085755663],[139.77268249003248,35.66907677658671],[139.77270061575635,35.669063356151284],[139.77272721860965,35.6690874362159],[139.7727090928841,35.66910085755663]]]}},{"type":"Feature","properties":{"height":30.1,"gml_id":"bldg_1727cff8-dccc-4ea6-9873-62d101034e02"},"geometry":{"type":"Polygon","coordinates":[[[139.7669095102774,35.6719154367052],[139.76683251774836,35.671833856003325],[139.7669020804017,35.671790141753696],[139.76697907295969,35.67187172241171],[139.7669095102774,35.6719154367052]]]}},{"type":"Feature","properties":{"height":34.3,"gml_id":"bldg_f0d0d380-5657-4da7-8c35-db69883d893c"},"geometry":{"type":"Polygon","coordinates":[[[139.77319035922048,35.670441712435256],[139.7730706549216,35.67024515230566],[139.77311304123353,35.67022794826695],[139.77312255137952,35.67024354678113],[139.77317331328354,35.67022293971782],[139.7732836181319,35.6704038102624],[139.77319035922048,35.670441712435256]]]}},{"type":"Feature","properties":{"height":9.7,"gml_id":"bldg_6893f5a1-0082-4f32-9a97-77cbc4cda309"},"geometry":{"type":"Polygon","coordinates":[[[139.7702634356128,35.66762459369604],[139.770293792998,35.66764849599511],[139.7702379739914,35.66769587901629],[139.77020761660495,35.66767197670334],[139.7702634356128,35.66762459369604]]]}},{"type":"Feature","properties":{"height":8.6,"gml_id":"bldg_41babdf9-8517-490e-9602-ed4b09db188e"},"geometry":{"type":"Polygon","coordinates":[[[139.76535165637847,35.670368586125456],[139.76541468277009,35.67042495842128],[139.76539047617933,35.67044297132871],[139.7653274497899,35.67038659992176],[139.76535165637847,35.670368586125456]]]}},{"type":"Feature","properties":{"height":16.0,"gml_id":"bldg_886568d9-c4e3-45f9-a1fd-8271991fe911"},"geometry":{"type":"Polygon","coordinates":[[[139.7713859170121,35.66948480017091],[139.77130169484056,35.66955019742461],[139.77127244195702,35.66952512326914],[139.77135667517152,35.669459726942684],[139.7713859170121,35.66948480017091]]]}},{"type":"Feature","properties":{"height":25.0,"gml_id":"bldg_9f4632a4-da04-4784-9ca3-bd4c0aeb47db"},"geometry":{"type":"Polygon","coordinates":[[[139.77379036448463,35.673989813950044],[139.7738238035689,35.673989082341954],[139.773829421131,35.67415985018495],[139.7737625869805,35.67416134857017],[139.77375639705724,35.67397312175197],[139.77378981402126,35.67397241718355],[139.77379036448463,35.673989813950044]]]}},{"type":"Feature","properties":{"height":32.4,"gml_id":"bldg_6b5f31dd-88e9-41f4-8f0e-9f70af545596"},"geometry":{"type":"Polygon","coordinates":[[[139.76437032559878,35.668805407230636],[139.76429040064374,35.668877471308505],[139.7642341789567,35.66883584968727],[139.76423080727233,35.66883891242223],[139.76427328571137,35.66886998009422],[139.764201540594,35.668935198364935],[139.7640798912095,35.66884463056697],[139.7641598038788,35.668786988597226],[139.7641987718368,35.66881548536465],[139.7642022319667,35.66881233344536],[139.76417548450834,35.66879249598229],[139.76425551994197,35.668720432043074],[139.76437032559878,35.668805407230636]]]}},{"type":"Feature","properties":{"height":8.8,"gml_id":"bldg_ce4f9c76-b8ac-45de-80f3-73d2beb4e0e3"},"geometry":{"type":"Polygon","coordinates":[[[139.76864431437335,35.671888492717414],[139.76860237303035,35.671844843722226],[139.76862978250563,35.67182719244348],[139.7686718343931,35.671870749548575],[139.76864431437335,35.671888492717414]]]}},{"type":"Feature","properties":{"height":30.2,"gml_id":"bldg_dc23fed0-b613-4f5c-b380-a2242df087e0"},"geometry":{"type":"Polygon","coordinates":[[[139.76902888677515,35.674587047557225],[139.76895296642348,35.674512555409464],[139.76898686551226,35.674489560584846],[139.76897147883324,35.6744738675755],[139.76902547181675,35.67443741877418],[139.76911410453243,35.67452886526658],[139.76902888677515,35.674587047557225]]]}},{"type":"Feature","properties":{"height":39.0,"gml_id":"bldg_6ab4356d-e835-4c30-b139-c7ddf4ebaa2b"},"geometry":{"type":"Polygon","coordinates":[[[139.76974609561393,35.67313396578448],[139.76955614980875,35.673243553388566],[139.76953751954363,35.67322282997116],[139.76950519261666,35.673242254550175],[139.76945630290493,35.67318329776848],[139.76967104419253,35.67305118009749],[139.76974609561393,35.67313396578448]]]}},{"type":"Feature","properties":{"height":27.2,"gml_id":"bldg_5f742f0a-03ae-4008-837d-5a2498901898"},"geometry":{"type":"Polygon","coordinates":[[[139.7697481001858,35.66670627440682],[139.7695667780757,35.66685275903449],[139.76953737140903,35.66682852444597],[139.76971869351934,35.66668203805925],[139.7697481001858,35.66670627440682]]]}},{"type":"Feature","properties":{"height":34.8,"gml_id":"bldg_d8cdb7ac-ead1-4775-a57b-56b4de416f48"},"geometry":{"type":"Polygon","coordinates":[[[139.76504685785105,35.66975791442622],[139.76514951434186,35.66984369230174],[139.7650401793837,35.669947198136555],[139.7649106011098,35.669825168765314],[139.76500985187482,35.66975942486787],[139.76504685785105,35.66975791442622]]]}},{"type":"Feature","properties":{"height":36.4,"gml_id":"bldg_d998d430-fb0c-4d38-bcda-1e52d5bad01a"},"geometry":{"type":"Polygon","coordinates":[[[139.7674696528869,35.672267424093526],[139.76736766867347,35.6721364798937],[139.76740549699002,35.67211685969386],[139.76739419852214,35.67210087216376],[139.76748849887403,35.67205146543031],[139.76765281587768,35.67225319231257],[139.76763126579226,35.672264627992575],[139.76765775276962,35.672294748299855],[139.76755695399933,35.672361123565715],[139.7674620271614,35.672271836649685],[139.7674696528869,35.672267424093526]]]}},{"type":"Feature","properties":{"height":7.0,"gml_id":"bldg_e5115e8b-0f45-4a2e-9ca5-b188647ab2da"},"geometry":{"type":"Polygon","coordinates":[[[139.76562492654966,35.67025471637753],[139.76566675710637,35.67029584341405],[139.76550638390663,35.670404728310636],[139.76546444291225,35.67036360205827],[139.76562492654966,35.67025471637753]]]}},{"type":"Feature","properties":{"height":24.1,"gml_id":"bldg_85657c40-3ce5-4a16-b000-2e8c35dca697"},"geometry":{"type":"Polygon","coordinates":[[[139.7649569915527,35.672471626640444],[139.76504226912758,35.67255153667776],[139.76501043369305,35.67257657678521],[139.7649233678125,35.67249522441437],[139.76494410375437,35.672480443762325],[139.7649569915527,35.672471626640444]]]}},{"type":"Feature","properties":{"height":19.3,"gml_id":"bldg_18846bba-6144-48bd-ba14-31300c22e3e0"},"geometry":{"type":"Polygon","coordinates":[[[139.7725394410309,35.66747712774563],[139.77246558974144,35.667417149085175],[139.77252737459165,35.667366342820884],[139.7726013363398,35.66742632059828],[139.7725394410309,35.66747712774563]]]}},{"type":"Feature","properties":{"height":9.1,"gml_id":"bldg_5f853e46-89ef-45c3-8ede-f2acfbac2b22"},"geometry":{"type":"Polygon","coordinates":[[[139.76520884245798,35.66684152097465],[139.76533728104272,35.6667392876428],[139.76547216481583,35.666852034553905],[139.76534361576338,35.666954268866704],[139.76520884245798,35.66684152097465]]]}},{"type":"Feature","properties":{"height":24.1,"gml_id":"bldg_273bbfb7-30a6-4df6-93d3-4ced247c2f8b"},"geometry":{"type":"Polygon","coordinates":[[[139.76337729703332,35.67105919610291],[139.76335274805635,35.671076407078814],[139.7634057159374,35.67112638293603],[139.76348610545767,35.67106977829283],[139.76355260512005,35.671132552418825],[139.76348855212632,35.67117767407563],[139.76347817702424,35.6711679332274],[139.76343031679554,35.671201706944544],[139.7632138765261,35.67099687926144],[139.76326999318078,35.670957566988655],[139.76337729703332,35.67105919610291]]]}},{"type":"Feature","properties":{"height":41.4,"gml_id":"bldg_f0e0969e-d3f0-49c8-bb8f-5f9f7b956265"},"geometry":{"type":"Polygon","coordinates":[[[139.76290389472643,35.6672987868456],[139.76280409560775,35.66738667456383],[139.76299691661401,35.667532468260816],[139.7629237363677,35.667596918778905],[139.76261674415628,35.667364806425766],[139.7626573028449,35.66732909077068],[139.7626806492521,35.66734673534042],[139.76281306997618,35.66723011210996],[139.76290389472643,35.6672987868456]]]}},{"type":"Feature","properties":{"height":9.6,"gml_id":"bldg_3c5b4f2a-ef50-4513-a1e1-36e3ef207260"},"geometry":{"type":"Polygon","coordinates":[[[139.77355554509845,35.66936527499918],[139.77360597622734,35.669342954976386],[139.77365546266574,35.66941739690416],[139.77360503149703,35.669439725961105],[139.77355554509845,35.66936527499918]]]}},{"type":"Feature","properties":{"height":17.0,"gml_id":"bldg_aeba66a2-bdee-4fe5-9735-d4f6fa170ea4"},"geometry":{"type":"Polygon","coordinates":[[[139.76611527349957,35.673016617908665],[139.7660329242743,35.67307840608739],[139.76600323117623,35.67305179898818],[139.76608679597842,35.67298947068466],[139.76611527349957,35.673016617908665]]]}},{"type":"Feature","properties":{"height":36.3,"gml_id":"bldg_fd506262-186a-480f-8418-b970bf3a6c56"},"geometry":{"type":"Polygon","coordinates":[[[139.76757152030916,35.67049411830382],[139.76734893844417,35.67062758005205],[139.76730435203464,35.670578249594044],[139.7675269341318,35.670444428279296],[139.76757152030916,35.67049411830382]]]}},{"type":"Feature","properties":{"height":4.7,"gml_id":"bldg_b39798a3-80fa-44f4-83be-88be112ac68d"},"geometry":{"type":"Polygon","coordinates":[[[139.76995013531908,35.67466045798093],[139.76994430964137,35.674623588773144],[139.76996068754121,35.67458745235118],[139.76999856658458,35.67460216465582],[139.770025073019,35.674609750125654],[139.77007091463145,35.674613289573024],[139.77009212406773,35.67461393167553],[139.76995013531908,35.67466045798093]]]}},{"type":"Feature","properties":{"height":11.7,"gml_id":"bldg_4b84c92e-9ac4-4e46-b228-4e48d8a3e2fa"},"geometry":{"type":"Polygon","coordinates":[[[139.77004541230684,35.6750129447887],[139.76996099008073,35.67504318740541],[139.76992161033144,35.67497024472915],[139.77000614303483,35.674939912961875],[139.77004541230684,35.6750129447887]]]}},{"type":"Feature","properties":{"height":21.9,"gml_id":"bldg_e1f91752-4e92-4be6-a7f8-53b14891acf1"},"geometry":{"type":"Polygon","coordinates":[[[139.7732659435084,35.667750518433586],[139.77319661746566,35.66769423811322],[139.77330272331213,35.66760703808132],[139.773372159813,35.66766331839639],[139.7732659435084,35.667750518433586]]]}},{"type":"Feature","properties":{"height":14.4,"gml_id":"bldg_8a7da1fc-88a5-4497-8ec5-6b7f7a2e9e85"},"geometry":{"type":"Polygon","coordinates":[[[139.76879720289486,35.669192009420755],[139.76886279571744,35.669245603266084],[139.76882282678537,35.66927818543867],[139.76875723397163,35.66922458075537],[139.76879720289486,35.669192009420755]]]}},{"type":"Feature","properties":{"height":30.8,"gml_id":"bldg_3534dc10-9ae8-44da-ab39-e8f20413cb04"},"geometry":{"type":"Polygon","coordinates":[[[139.77475783077574,35.66907302763516],[139.77469816006916,35.66910292419392],[139.77466922302654,35.669097862408194],[139.77460553196286,35.66903662810144],[139.7746941591764,35.668985112728514],[139.77475783077574,35.66907302763516]]]}},{"type":"Feature","properties":{"height":9.9,"gml_id":"bldg_a5513170-e627-450a-b607-198eb7dd971d"},"geometry":{"type":"Polygon","coordinates":[[[139.77405057796418,35.67172452176217],[139.77408096181227,35.671716244084855],[139.7741120567848,35.671792064859495],[139.77408167291048,35.6718003434459],[139.77405057796418,35.67172452176217]]]}},{"type":"Feature","properties":{"height":45.1,"gml_id":"bldg_5f3b46df-ad45-4af6-8824-1b07e2967890"},"geometry":{"type":"Polygon","coordinates":[[[139.76687802164173,35.674628127896945],[139.76686650397917,35.674636387126505],[139.76685942941035,35.67464191764892],[139.76688179337003,35.67466237312448],[139.76682306599596,35.67470510181599],[139.76681711634953,35.67469954607409],[139.76676080905526,35.67464810066117],[139.76683818377316,35.67459171658868],[139.76687802164173,35.674628127896945]]]}},{"type":"Feature","properties":{"height":49.6,"gml_id":"bldg_dd4d28ee-e63a-421d-9aec-aa5635816383"},"geometry":{"type":"Polygon","coordinates":[[[139.76330748670767,35.67056292255073],[139.76342299060866,35.67048240690054],[139.76353700394654,35.67059117865135],[139.76342006304128,35.67067277522294],[139.76330748670767,35.67056292255073]]]}},{"type":"Feature","properties":{"height":29.5,"gml_id":"bldg_6858bc8a-4017-4700-a0bb-61fcd5402473"},"geometry":{"type":"Polygon","coordinates":[[[139.7734881715564,35.66759362781031],[139.7735027871,35.66760595685178],[139.77346602699444,35.667634765414206],[139.77345843224884,35.66762830690099],[139.77343802960544,35.6676442961378],[139.77343405560646,35.6676409230234],[139.77341802969067,35.66765348020004],[139.77340523563723,35.667642603266565],[139.7734008920594,35.66764600829744],[139.77338250130666,35.6676303693227],[139.77336114814898,35.667647097199705],[139.7733268504028,35.66761793870123],[139.77334896617702,35.66760060728974],[139.77331935996185,35.667575444211415],[139.77344054891282,35.667480490744595],[139.7735359909503,35.667561607730484],[139.77352056189235,35.66757369740437],[139.77351501533914,35.66757573986616],[139.77351269688288,35.66757416131043],[139.7734881715564,35.66759362781031]]]}},{"type":"Feature","properties":{"height":32.5,"gml_id":"bldg_e988122f-9a00-4a31-a3e1-16ab89592c2f"},"geometry":{"type":"Polygon","coordinates":[[[139.77313514392506,35.66688918959111],[139.7731853227182,35.66684793264577],[139.77325266106513,35.666902499378246],[139.77320259272955,35.66694375730781],[139.77313514392506,35.66688918959111]]]}},{"type":"Feature","properties":{"height":62.0,"gml_id":"bldg_8bf2f532-8e3d-4877-a86f-2f6584450083"},"geometry":{"type":"Polygon","coordinates":[[[139.76419542474437,35.67282516090759],[139.76423692101207,35.67287034440955],[139.76412738432174,35.67294545509837],[139.76398054410635,35.67285325030487],[139.7642188118291,35.672695358610504],[139.7642509074944,35.6727276101237],[139.76425663307086,35.67272361131284],[139.76429158676936,35.67275941586377],[139.76419542474437,35.67282516090759]]]}},{"type":"Feature","properties":{"height":41.4,"gml_id":"bldg_d4e91153-b063-4720-b241-0f03fef65255"},"geometry":{"type":"Polygon","coordinates":[[[139.76438450749282,35.67286587617637],[139.76447752526727,35.67294965792983],[139.7643590318025,35.673035373766034],[139.76436236523801,35.673038449356895],[139.76435075905525,35.67304684440457],[139.76432879366956,35.67302662213798],[139.7642898521428,35.67305479475765],[139.76417459473925,35.67294871815209],[139.7642806973112,35.67287196405099],[139.7642263027921,35.6728219066499],[139.7642996868666,35.672768821827255],[139.76439612461417,35.67285757217008],[139.76438450749282,35.67286587617637]]]}},{"type":"Feature","properties":{"height":5.9,"gml_id":"bldg_5d79d8f3-c6d0-4576-bd21-afdd9155c162"},"geometry":{"type":"Polygon","coordinates":[[[139.76344673652954,35.66709004841248],[139.7634013164077,35.66706444015556],[139.7634154474866,35.667047763933375],[139.76346085656638,35.66707336226351],[139.76344673652954,35.66709004841248]]]}},{"type":"Feature","properties":{"height":13.2,"gml_id":"bldg_e933eff4-535a-4882-8c96-3589c9f58d0a"},"geometry":{"type":"Polygon","coordinates":[[[139.77302948312828,35.67328843765077],[139.77304428090596,35.67329475467098],[139.77305107669702,35.67336542570518],[139.7729877752788,35.67337071209676],[139.77297921689544,35.6732936404283],[139.77302948312828,35.67328843765077]]]}},{"type":"Feature","properties":{"height":16.5,"gml_id":"bldg_8aff0fb9-7eb1-4d35-be93-6796bea42ec0"},"geometry":{"type":"Polygon","coordinates":[[[139.77085566983766,35.67307036888081],[139.77091229250968,35.673130159269384],[139.77086432650748,35.673160421423724],[139.7708053858857,35.673098285338355],[139.77085566983766,35.67307036888081]]]}},{"type":"Feature","properties":{"height":33.6,"gml_id":"bldg_4ea7fde2-6319-467e-9969-7a994c0793d3"},"geometry":{"type":"Polygon","coordinates":[[[139.76444253164897,35.67233020543773],[139.76450014855635,35.672293696728765],[139.7645548466935,35.672350162945555],[139.76442453584934,35.67243418743858],[139.76435621841816,35.672363660056725],[139.76442929860227,35.67231654206565],[139.76444253164897,35.67233020543773]]]}},{"type":"Feature","properties":{"height":54.3,"gml_id":"bldg_3e2617b1-daa3-4594-9209-45c3f9ce5cdb"},"geometry":{"type":"Polygon","coordinates":[[[139.7688989197885,35.67205923210526],[139.76888535539965,35.672044613589215],[139.76893064639083,35.67201664117578],[139.76910127545378,35.67220340666851],[139.76901009685014,35.67225933325858],[139.7688529549624,35.67208715907705],[139.7688989197885,35.67205923210526]]]}},{"type":"Feature","properties":{"height":36.4,"gml_id":"bldg_dbde8d3d-a34a-4113-a49d-c76496406dc8"},"geometry":{"type":"Polygon","coordinates":[[[139.76309081646934,35.67072378160511],[139.76309603340397,35.67072026929288],[139.76320552001042,35.67082633459314],[139.76308448986185,35.670909550925316],[139.76295960656643,35.67078881117751],[139.76293095722357,35.670808498447926],[139.76296198204565,35.6708385593512],[139.7628295228406,35.67092959266586],[139.7627702544947,35.670872230615636],[139.76293149559154,35.67076148313779],[139.76292478531735,35.67075478201157],[139.76304051001446,35.67067516823351],[139.76309081646934,35.67072378160511]]]}},{"type":"Feature","properties":{"height":38.8,"gml_id":"bldg_13be0f97-061e-40b0-b863-e3de80e39033"},"geometry":{"type":"Polygon","coordinates":[[[139.76556938995122,35.673752652390846],[139.7651182481681,35.67405656587553],[139.76481089283646,35.67365720943028],[139.76510584982705,35.67351595243767],[139.765096732291,35.67350768979499],[139.76521072365844,35.67342904556756],[139.76521172810178,35.67342999257727],[139.7652220960483,35.67342274329288],[139.76556938995122,35.673752652390846]]]}},{"type":"Feature","properties":{"height":22.5,"gml_id":"bldg_ed905d6f-f455-47b9-8120-ec4c41392678"},"geometry":{"type":"Polygon","coordinates":[[[139.77299392236526,35.67312905711213],[139.77294552777624,35.67314273371876],[139.7729007577849,35.67303743090393],[139.77292844653348,35.67302960285331],[139.7729349524906,35.67304493756853],[139.77295569137706,35.67303914402947],[139.77299392236526,35.67312905711213]]]}},{"type":"Feature","properties":{"height":34.9,"gml_id":"bldg_5ae98287-84f3-47f0-bd7a-3c5427c9b814"},"geometry":{"type":"Polygon","coordinates":[[[139.7695495958179,35.67352541821343],[139.76945422416554,35.67357395164874],[139.76936792910809,35.67346096382416],[139.76946330067875,35.67341242955483],[139.7695495958179,35.67352541821343]]]}},{"type":"Feature","properties":{"height":3.8,"gml_id":"bldg_fc55dc2e-87fb-4873-8e29-1e475f273c47"},"geometry":{"type":"Polygon","coordinates":[[[139.77210816586833,35.66739100832298],[139.77214712730435,35.66743086884542],[139.77211706758632,35.66745050441652],[139.77207799569794,35.667410642926924],[139.77210816586833,35.66739100832298]]]}},{"type":"Feature","properties":{"height":16.6,"gml_id":"bldg_881240f4-4a0e-423b-b702-d034c644e86c"},"geometry":{"type":"Polygon","coordinates":[[[139.77058506074061,35.671348137003996],[139.7705560976101,35.671319259939516],[139.77065449501941,35.67125352898691],[139.7706834581617,35.671282406028055],[139.77058506074061,35.671348137003996]]]}},{"type":"Feature","properties":{"height":8.0,"gml_id":"bldg_128fe52a-79cb-4932-a91f-f1a772855a62"},"geometry":{"type":"Polygon","coordinates":[[[139.77017913378359,35.67143871108719],[139.77022019085473,35.671483891407256],[139.77018139942663,35.67150739690693],[139.77014034236535,35.67146221657382],[139.77017913378359,35.67143871108719]]]}},{"type":"Feature","properties":{"height":14.8,"gml_id":"bldg_c7d27d71-d7cd-46e7-9388-6a3e53a70a06"},"geometry":{"type":"Polygon","coordinates":[[[139.77275425770478,35.66751067697169],[139.77280034657832,35.66747410437573],[139.77286106025218,35.66752524277111],[139.77281497137687,35.66756181538999],[139.77275425770478,35.66751067697169]]]}},{"type":"Feature","properties":{"height":33.8,"gml_id":"bldg_a1555a66-64c6-493c-9c75-4f96954610c8"},"geometry":{"type":"Polygon","coordinates":[[[139.7656652647705,35.6672212566741],[139.76608600639676,35.66681884871367],[139.76622144334345,35.666931957445804],[139.76576504813042,35.66730541087378],[139.7656652647705,35.6672212566741]]]}},{"type":"Feature","properties":{"height":37.5,"gml_id":"bldg_a09d5022-4a98-4e90-bce2-ca5009e93a10"},"geometry":{"type":"Polygon","coordinates":[[[139.76752699219603,35.669552699683074],[139.7674993007819,35.66957804919367],[139.76741668058276,35.6695182068838],[139.76745791385528,35.66948028162843],[139.76747314848583,35.66949128671738],[139.76747646484333,35.66948822386165],[139.76756522297026,35.66955263043274],[139.76754829857583,35.669568160864976],[139.76752699219603,35.669552699683074]]]}},{"type":"Feature","properties":{"height":23.2,"gml_id":"bldg_d7683e02-34e4-4651-b60e-605dabd23771"},"geometry":{"type":"Polygon","coordinates":[[[139.76613174641176,35.67471373168767],[139.76609763937924,35.67468063227226],[139.76618187570963,35.67462302658666],[139.7662159054314,35.67465611782307],[139.76613174641176,35.67471373168767]]]}},{"type":"Feature","properties":{"height":3.9,"gml_id":"bldg_99dd28df-a05c-4ebe-9e9d-68f48066621b"},"geometry":{"type":"Polygon","coordinates":[[[139.76494130599139,35.67190122891109],[139.76496514675765,35.67192422656065],[139.76483184801677,35.672015821337745],[139.76480811772714,35.67199282282366],[139.76494130599139,35.67190122891109]]]}},{"type":"Feature","properties":{"height":34.7,"gml_id":"bldg_6e8d9059-9dcf-4299-812a-7a57d2bd5fd1"},"geometry":{"type":"Polygon","coordinates":[[[139.76990640884958,35.666816865424586],[139.7699816933361,35.66687720696287],[139.76986397835475,35.666975034170164],[139.76978858347883,35.66691460236361],[139.76990640884958,35.666816865424586]]]}},{"type":"Feature","properties":{"height":24.9,"gml_id":"bldg_b5888522-7def-4c92-9535-33a8b6e02cd4"},"geometry":{"type":"Polygon","coordinates":[[[139.76513615730715,35.670222891584885],[139.76508041395192,35.6701757190802],[139.76515591027615,35.67011627121255],[139.76531232295486,35.6702486812686],[139.76514287074139,35.67038189943321],[139.76504231182014,35.67029675190751],[139.76513615730715,35.670222891584885]]]}},{"type":"Feature","properties":{"height":28.1,"gml_id":"bldg_e77ad5c6-1b22-445f-98aa-639670f2e953"},"geometry":{"type":"Polygon","coordinates":[[[139.76461625004276,35.669145996577974],[139.76455434564545,35.66919995440489],[139.76448469046065,35.66914673266522],[139.76452627690102,35.66911055727841],[139.76455452528953,35.66913217933794],[139.7645749647575,35.66911439789923],[139.76461625004276,35.669145996577974]]]}},{"type":"Feature","properties":{"height":32.4,"gml_id":"bldg_7fb7bab2-0aaa-483b-bfa3-d9f77c571348"},"geometry":{"type":"Polygon","coordinates":[[[139.7700939952548,35.67344621329709],[139.7701751939619,35.67339706890203],[139.77023525964395,35.67346102485256],[139.77006998897866,35.67356052180015],[139.77001735497734,35.673500111170156],[139.77002677107538,35.67349464478819],[139.77001263308503,35.673478412643476],[139.77008506623503,35.67343639265718],[139.7700939952548,35.67344621329709]]]}},{"type":"Feature","properties":{"height":27.2,"gml_id":"bldg_0ac930a4-cae9-4811-9eca-9034408342e8"},"geometry":{"type":"Polygon","coordinates":[[[139.7686859611429,35.67448933630765],[139.7688078749317,35.67440575431899],[139.76884209336333,35.67443894316564],[139.76872017955964,35.67452252518847],[139.7686859611429,35.67448933630765]]]}},{"type":"Feature","properties":{"height":16.9,"gml_id":"bldg_f4c599cd-db19-4b07-b4a7-55a33bc454f8"},"geometry":{"type":"Polygon","coordinates":[[[139.77286009050022,35.66960197092892],[139.77283581305792,35.66957003208779],[139.77282812221253,35.66957364273098],[139.77286719526228,35.66962850191625],[139.77283681931164,35.669641835999265],[139.77274104865762,35.66949625209393],[139.77283508385372,35.669453123588156],[139.77284778461882,35.66945615858331],[139.77292520688545,35.66957357429592],[139.7729019802012,35.669583757174905],[139.77291704096243,35.66960663257587],[139.77289944965958,35.66961435843362],[139.77288436681707,35.66959147310429],[139.77286009050022,35.66960197092892]]]}},{"type":"Feature","properties":{"height":8.6,"gml_id":"bldg_f4954ecd-68ec-4228-98c6-0a5c7799e7b1"},"geometry":{"type":"Polygon","coordinates":[[[139.77341815730583,35.66931573934183],[139.77344188289197,35.66936207182517],[139.77340131073316,35.669376519583935],[139.7733732647749,35.669332004814486],[139.77341815730583,35.66931573934183]]]}},{"type":"Feature","properties":{"height":15.1,"gml_id":"bldg_5bd1c09f-53b3-46d6-af29-bb04715a0f68"},"geometry":{"type":"Polygon","coordinates":[[[139.77329830447576,35.67496898314578],[139.7733858240228,35.674931349376166],[139.77340163591276,35.6749558304153],[139.77331409423306,35.674993490325015],[139.77329830447576,35.67496898314578]]]}},{"type":"Feature","properties":{"height":38.9,"gml_id":"bldg_33004e14-0cf3-40c0-bfea-698abfc68ee4"},"geometry":{"type":"Polygon","coordinates":[[[139.7702811537897,35.67374808204739],[139.77026051471705,35.67372481582027],[139.77023722792876,35.673697121560366],[139.7702058305633,35.67371443940349],[139.7700901744276,35.67358456300288],[139.77011979344013,35.67356700178662],[139.77009915431867,35.67354391580573],[139.77023675120142,35.673460701139966],[139.77042272814535,35.6736642382938],[139.7702811537897,35.67374808204739]]]}},{"type":"Feature","properties":{"height":62.0,"gml_id":"bldg_52a21fbe-2649-4ae7-9572-1f325b434675"},"geometry":{"type":"Polygon","coordinates":[[[139.76429888354681,35.67098203863947],[139.76426957900426,35.6709547552971],[139.76442120591784,35.67084630782554],[139.7644808084193,35.67090180341264],[139.7643044334699,35.67102794875587],[139.76433466520743,35.67105608892523],[139.76424544403827,35.67111990906729],[139.76419066490644,35.67106892300118],[139.76426021144354,35.67101917106324],[139.764254449865,35.671013813601526],[139.76429888354681,35.67098203863947]]]}},{"type":"Feature","properties":{"height":14.3,"gml_id":"bldg_cdb6ec48-7be1-4f12-b86c-fbea6978f67f"},"geometry":{"type":"Polygon","coordinates":[[[139.7691496010608,35.669654258912466],[139.76909323020016,35.66969848628518],[139.76904708860303,35.66965934205547],[139.76910345946152,35.669615114704065],[139.7691496010608,35.669654258912466]]]}},{"type":"Feature","properties":{"height":17.0,"gml_id":"bldg_dbf3be12-8dc8-4046-8639-77534962940a"},"geometry":{"type":"Polygon","coordinates":[[[139.77404417858352,35.66947360928504],[139.7740897616845,35.66952428890738],[139.7740104270558,35.6695557979188],[139.77398185897567,35.66949980855124],[139.77404417858352,35.66947360928504]]]}},{"type":"Feature","properties":{"height":9.5,"gml_id":"bldg_a77dcc16-39ba-46fa-9a8a-415ae58aba3f"},"geometry":{"type":"Polygon","coordinates":[[[139.76741207536503,35.673923548032164],[139.76734609868743,35.67386311090597],[139.76749688835673,35.67375349638486],[139.76756287610482,35.67381393343558],[139.76741207536503,35.673923548032164]]]}},{"type":"Feature","properties":{"height":47.9,"gml_id":"bldg_9afc51f5-2b30-4a17-9abd-0c3c25af54a7"},"geometry":{"type":"Polygon","coordinates":[[[139.7647061243738,35.67332337142163],[139.7648282425156,35.673261967335186],[139.76497393890037,35.67340212257182],[139.765026075698,35.673471081038784],[139.76498894299337,35.673489655288435],[139.7650167946462,35.67352508603046],[139.7647857205241,35.67364060984377],[139.76457143518357,35.673358719432684],[139.76468902149745,35.67330064707785],[139.7647061243738,35.67332337142163]]]}},{"type":"Feature","properties":{"height":8.7,"gml_id":"bldg_69ae5f80-7771-440d-9317-8f0871f89ec3"},"geometry":{"type":"Polygon","coordinates":[[[139.77339955328839,35.6693780059754],[139.77336487838798,35.66939426841755],[139.7733373696034,35.669355233356626],[139.77337205553798,35.66933897182915],[139.77339955328839,35.6693780059754]]]}},{"type":"Feature","properties":{"height":6.6,"gml_id":"bldg_aa1e64d1-4af7-423c-85de-2cfac2bcd6f4"},"geometry":{"type":"Polygon","coordinates":[[[139.77493745366036,35.67269429169455],[139.7750150175425,35.672671082877464],[139.77504776741335,35.67275150120256],[139.77497296583167,35.67277371986902],[139.77493745366036,35.67269429169455]]]}},{"type":"Feature","properties":{"height":15.4,"gml_id":"bldg_d47e10fb-e91b-4ff3-a2da-b0a5f29d68b8"},"geometry":{"type":"Polygon","coordinates":[[[139.76518958782015,35.6703790315707],[139.76517257944658,35.67036266292102],[139.76523891798274,35.67031687373634],[139.76527931427412,35.67035574576135],[139.7651816077052,35.670423563906546],[139.76513999595554,35.670385141847504],[139.76515291661826,35.67037622556895],[139.76516995810564,35.670392622182675],[139.76518958782015,35.6703790315707]]]}},{"type":"Feature","properties":{"height":33.8,"gml_id":"bldg_4824476a-a6fd-4de9-96dd-4a24f26c8a1c"},"geometry":{"type":"Polygon","coordinates":[[[139.76841332281063,35.67394692380491],[139.7682317245979,35.674070134446566],[139.7681364670312,35.673976609652826],[139.7683180651773,35.673853400054234],[139.76841332281063,35.67394692380491]]]}},{"type":"Feature","properties":{"height":12.5,"gml_id":"bldg_0e14ae38-94b5-46e7-ab82-cd9d4059b6f1"},"geometry":{"type":"Polygon","coordinates":[[[139.7716496175156,35.67033709391685],[139.77162909322178,35.670351901978144],[139.77158021669095,35.6703047711536],[139.77160527235722,35.67028682864447],[139.7716496175156,35.67033709391685]]]}},{"type":"Feature","properties":{"height":8.3,"gml_id":"bldg_45dde8f2-a937-4e7d-a540-3e0f4320908e"},"geometry":{"type":"Polygon","coordinates":[[[139.77344960262096,35.67341637185718],[139.7734491645244,35.673411323951385],[139.7734447456521,35.67341159216547],[139.7734358478824,35.673344615736966],[139.77351991745394,35.673338707565804],[139.77352661799415,35.673389549224304],[139.77348629501378,35.67339304544473],[139.77348782674486,35.67341287640864],[139.77344960262096,35.67341637185718]]]}},{"type":"Feature","properties":{"height":24.3,"gml_id":"bldg_0c1bcf1e-1d6d-4a2b-9b1d-cf6b1cfe5cc3"},"geometry":{"type":"Polygon","coordinates":[[[139.77314818514995,35.6721773304461],[139.77318153400438,35.672251690554404],[139.7731587288742,35.67225850255352],[139.77317263494564,35.672289941280525],[139.7730982643276,35.67231184442018],[139.77305228003155,35.67220581002628],[139.77314818514995,35.6721773304461]]]}},{"type":"Feature","properties":{"height":28.0,"gml_id":"bldg_74453603-d9d7-4074-9166-6ba9bfc83c8f"},"geometry":{"type":"Polygon","coordinates":[[[139.7670607797261,35.66865578472511],[139.76708797926696,35.668677405614986],[139.76701005597587,35.66873640268622],[139.76696042967393,35.66869209987559],[139.7670355909401,35.668633723263085],[139.76705718127937,35.668652691033415],[139.7670607797261,35.66865578472511]]]}},{"type":"Feature","properties":{"height":41.7,"gml_id":"bldg_4ec02081-68d3-4389-8bcf-451e4d0f0150"},"geometry":{"type":"Polygon","coordinates":[[[139.77399249227605,35.66960987058564],[139.77397550542398,35.66957714325951],[139.77408964569523,35.66953177024979],[139.7742640354107,35.669720964065554],[139.77409088908718,35.66979244805152],[139.77412144805712,35.66984519342543],[139.77403238874368,35.669881745358],[139.7738898432508,35.669650653072885],[139.77399249227605,35.66960987058564]]]}},{"type":"Feature","properties":{"height":12.5,"gml_id":"bldg_9c711794-9a80-476f-8e9e-886011e2db96"},"geometry":{"type":"Polygon","coordinates":[[[139.77234270192196,35.67010723622133],[139.77240171182257,35.67007688981452],[139.7724567781011,35.67014848670917],[139.77239776823703,35.670178743005266],[139.77234270192196,35.67010723622133]]]}},{"type":"Feature","properties":{"height":40.3,"gml_id":"bldg_e37b3fed-091d-43a0-9dd3-47ad75c102ed"},"geometry":{"type":"Polygon","coordinates":[[[139.76435150578345,35.671511391146026],[139.7641514174536,35.67132466508179],[139.7641955528554,35.671293169413914],[139.76417331227935,35.671272425060295],[139.7642281256981,35.67123251668784],[139.7644563895437,35.67143653806959],[139.7643526316799,35.67151236527396],[139.76435150578345,35.671511391146026]]]}},{"type":"Feature","properties":{"height":15.5,"gml_id":"bldg_ab6ea630-9cfa-47f1-9404-6e43345c2b28"},"geometry":{"type":"Polygon","coordinates":[[[139.76490167624388,35.66682187713527],[139.7648805629799,35.66684043343502],[139.76479666952918,35.66677674872663],[139.76481767233818,35.666758192378566],[139.76490167624388,35.66682187713527]]]}},{"type":"Feature","properties":{"height":41.4,"gml_id":"bldg_a441ca92-f759-4385-b2fb-f52279e97050"},"geometry":{"type":"Polygon","coordinates":[[[139.77445938661552,35.67062402940376],[139.7744180873972,35.67063514026254],[139.7743886142786,35.67056218671337],[139.77456963085828,35.670485370020316],[139.7746218072689,35.67061451719422],[139.7745627531774,35.67063040663777],[139.77455684306852,35.67061580240747],[139.77449085052262,35.67063355337001],[139.77450153496846,35.670660013896025],[139.77447663169247,35.67066670794317],[139.77445938661552,35.67062402940376]]]}},{"type":"Feature","properties":{"height":8.5,"gml_id":"bldg_93cbd50b-47d1-4125-b6d9-7234de89c70c"},"geometry":{"type":"Polygon","coordinates":[[[139.76971427829022,35.670075139382696],[139.76977031925895,35.67002892942788],[139.76979239753373,35.6700467873709],[139.7697364670267,35.67009299829558],[139.76971427829022,35.670075139382696]]]}},{"type":"Feature","properties":{"height":15.4,"gml_id":"bldg_bb2f48a7-3749-4b99-918d-4e3890910152"},"geometry":{"type":"Polygon","coordinates":[[[139.76527517475034,35.67041748658806],[139.7653295942106,35.670463037584064],[139.76527974187985,35.67050266984187],[139.76522212130004,35.670454413794616],[139.76527517475034,35.67041748658806]]]}},{"type":"Feature","properties":{"height":28.0,"gml_id":"bldg_bf897c2d-7409-4478-abcc-6837a50aea4e"},"geometry":{"type":"Polygon","coordinates":[[[139.7728707336419,35.6744720407623],[139.7728383046202,35.67440757632665],[139.77311624764647,35.67440077507993],[139.7731176343068,35.67446657597968],[139.7728707336419,35.6744720407623]]]}},{"type":"Feature","properties":{"height":13.6,"gml_id":"bldg_bfb3df14-03d1-408a-84b5-a2641ddf8b7c"},"geometry":{"type":"Polygon","coordinates":[[[139.7719296653869,35.67013100283659],[139.77197177088252,35.670105695709935],[139.77202452280898,35.67016981022377],[139.77203279996885,35.67017963940702],[139.77199102721985,35.67020314397759],[139.7719296653869,35.67013100283659]]]}},{"type":"Feature","properties":{"height":61.5,"gml_id":"bldg_2a88c646-05a8-4216-9030-f34b40e1deda"},"geometry":{"type":"Polygon","coordinates":[[[139.76512902741223,35.670800208988915],[139.76512334299275,35.670794995831955],[139.76515684508638,35.670770650687835],[139.7651635670555,35.6707768099711],[139.76517584709975,35.67076788521565],[139.76525791262227,35.67084306109467],[139.7651161779469,35.67094607093123],[139.76505673353174,35.67096381231837],[139.76499232592303,35.670959575381616],[139.7649419490459,35.67094019429744],[139.7648263181311,35.67083424425967],[139.76500510315407,35.670704313747464],[139.76502955163608,35.670726717728556],[139.7650031235454,35.67074592001096],[139.76501205304007,35.67075410143406],[139.76501729223952,35.670750290696645],[139.76509709484915,35.67082341027066],[139.76512902741223,35.670800208988915]]]}},{"type":"Feature","properties":{"height":22.5,"gml_id":"bldg_031a55f2-002e-4087-a9e5-411bdb2e1ad5"},"geometry":{"type":"Polygon","coordinates":[[[139.7653076481503,35.66976959871466],[139.76525697644973,35.6697339658308],[139.7653074981185,35.66968604132036],[139.76535816988772,35.669721584045945],[139.7653076481503,35.66976959871466]]]}},{"type":"Feature","properties":{"height":23.2,"gml_id":"bldg_73641ef4-a9ee-42a0-b160-a24578f797df"},"geometry":{"type":"Polygon","coordinates":[[[139.77022588250506,35.67379591598597],[139.77003115616782,35.673900913833926],[139.77000422831966,35.673867729156825],[139.77019895468243,35.673762641214545],[139.77022588250506,35.67379591598597]]]}},{"type":"Feature","properties":{"height":8.6,"gml_id":"bldg_ff04f697-5f23-43de-9007-b7156220c17c"},"geometry":{"type":"Polygon","coordinates":[[[139.77475242945656,35.67313957018226],[139.77475681649932,35.673182838215155],[139.77468291075493,35.673187849927075],[139.77467852375176,35.67314458189156],[139.77475242945656,35.67313957018226]]]}},{"type":"Feature","properties":{"height":10.4,"gml_id":"bldg_835257e1-bfeb-4517-b85c-edf0c4e99dec"},"geometry":{"type":"Polygon","coordinates":[[[139.77301357213815,35.67123798635],[139.77299747359714,35.671199219238126],[139.77307901261375,35.67117690601318],[139.7730950005906,35.671215853333635],[139.77301357213815,35.67123798635]]]}},{"type":"Feature","properties":{"height":8.0,"gml_id":"bldg_45f1761c-3535-40c0-a06d-0ae7acfc0330"},"geometry":{"type":"Polygon","coordinates":[[[139.77366069701256,35.66986470605305],[139.77372080703503,35.6698394973717],[139.77374430767233,35.669876825861564],[139.77368419762925,35.66990203455447],[139.77366069701256,35.66986470605305]]]}},{"type":"Feature","properties":{"height":19.0,"gml_id":"bldg_a85daeb1-77fb-4203-b6a6-8f8e5207a9f2"},"geometry":{"type":"Polygon","coordinates":[[[139.76347925254493,35.668031605252224],[139.76356659108845,35.667957372786276],[139.76365687434802,35.66802801342994],[139.76356954686625,35.66810223515042],[139.76347925254493,35.668031605252224]]]}},{"type":"Feature","properties":{"height":31.1,"gml_id":"bldg_f4e07df2-4ad2-44fe-9291-bfaf5b1be7f0"},"geometry":{"type":"Polygon","coordinates":[[[139.7645994251457,35.67132561570573],[139.76451149068885,35.67124156741967],[139.76456379341678,35.671205126844235],[139.76465173893416,35.6712891760003],[139.7645994251457,35.67132561570573]]]}},{"type":"Feature","properties":{"height":27.8,"gml_id":"bldg_e9a1294f-7ec7-4767-8212-635b4a19a1c0"},"geometry":{"type":"Polygon","coordinates":[[[139.77372057377116,35.66782061884623],[139.77373968307975,35.66783563617666],[139.7736648108613,35.667899082847526],[139.77356910985614,35.667823842795926],[139.7736484143555,35.66775654140269],[139.7736963476643,35.667794178574106],[139.77370969953867,35.667782854918684],[139.77373846836687,35.66780545758457],[139.77372057377116,35.66782061884623]]]}},{"type":"Feature","properties":{"height":25.3,"gml_id":"bldg_e522c5b7-8ec8-48c0-a4ec-13712eaa6555"},"geometry":{"type":"Polygon","coordinates":[[[139.76876235792383,35.672490763378605],[139.76878463908142,35.67251787960973],[139.76873810181195,35.672542975917466],[139.7687517198208,35.67255966763545],[139.76863311611945,35.67262409719816],[139.76859846520088,35.672580361986626],[139.76876235792383,35.672490763378605]]]}},{"type":"Feature","properties":{"height":30.2,"gml_id":"bldg_65cf4cf1-5e26-478a-ad11-47fb574b1f8c"},"geometry":{"type":"Polygon","coordinates":[[[139.76499051106006,35.67339960903668],[139.76510845346044,35.6733122427597],[139.76516430449394,35.673365275113525],[139.76503243412148,35.673463359880905],[139.76499051106006,35.67339960903668]]]}},{"type":"Feature","properties":{"height":6.4,"gml_id":"bldg_5b13e65a-187f-4a52-9204-3c1ac9559b55"},"geometry":{"type":"Polygon","coordinates":[[[139.77165674913172,35.67266885969457],[139.77161785381503,35.67268362228155],[139.77156909378468,35.67259814712442],[139.77160798913823,35.672583294415695],[139.77165674913172,35.67266885969457]]]}},{"type":"Feature","properties":{"height":28.3,"gml_id":"bldg_cde44aab-b62f-426c-9c45-8bae6b15c2b1"},"geometry":{"type":"Polygon","coordinates":[[[139.76663534779502,35.674345350295546],[139.76652083508037,35.67442668075958],[139.766464871491,35.67437418980455],[139.7665702098669,35.67429943432695],[139.76660023374325,35.674327573798],[139.76661764273095,35.67431523463971],[139.76664438971116,35.674338585995116],[139.76663534779502,35.674345350295546]]]}},{"type":"Feature","properties":{"height":26.5,"gml_id":"bldg_7e17bbcc-fdd2-4f34-a8a9-612fce3ab030"},"geometry":{"type":"Polygon","coordinates":[[[139.76486891754897,35.66935390707547],[139.76495445707818,35.669420576188394],[139.76490594033902,35.66946191265269],[139.76482050029054,35.66939516243876],[139.76486891754897,35.66935390707547]]]}},{"type":"Feature","properties":{"height":10.0,"gml_id":"bldg_e482fdc1-4a35-44fc-abf8-9da93474de6e"},"geometry":{"type":"Polygon","coordinates":[[[139.7713356869112,35.66943193580931],[139.77136225738286,35.669454664097046],[139.77127221005787,35.66952503301228],[139.77124572802734,35.6695022146132],[139.7713356869112,35.66943193580931]]]}},{"type":"Feature","properties":{"height":10.6,"gml_id":"bldg_7191515f-eabc-4cc1-baf1-ee37226a0e48"},"geometry":{"type":"Polygon","coordinates":[[[139.77349004609954,35.668367620274914],[139.7737508603503,35.66863996443112],[139.77364806857182,35.668725634150185],[139.77337484243947,35.66850736601062],[139.77335288011594,35.66848166592592],[139.77335433639038,35.668454535306395],[139.77349004609954,35.668367620274914]]]}},{"type":"Feature","properties":{"height":48.8,"gml_id":"bldg_b9813eb0-77d8-4137-85af-05d1e87cb535"},"geometry":{"type":"Polygon","coordinates":[[[139.76891066155983,35.67315979671886],[139.76901955585737,35.67309534367569],[139.7690728740866,35.67315531343788],[139.7690775269253,35.67315256673372],[139.76913684920592,35.67321929095358],[139.76913245055377,35.673221893575864],[139.76916875031517,35.67326272708749],[139.7691474643628,35.67327532594863],[139.76926637420308,35.673409071881125],[139.76929222460836,35.67339377130852],[139.76933350211212,35.67344020494195],[139.76932972235608,35.67344244735117],[139.76940564440164,35.67352783867518],[139.76938472312938,35.67354022144183],[139.7695406513185,35.673715594120104],[139.76945166113651,35.67376827724721],[139.76891066155983,35.67315979671886]]]}},{"type":"Feature","properties":{"height":6.2,"gml_id":"bldg_8497d2ed-8c54-48ba-b5a3-2fdd5f60683d"},"geometry":{"type":"Polygon","coordinates":[[[139.77260515700317,35.66777794931099],[139.77263319646102,35.66780058792791],[139.77257196397977,35.66785094383459],[139.77254392458997,35.66782821506628],[139.77260515700317,35.66777794931099]]]}},{"type":"Feature","properties":{"height":39.5,"gml_id":"bldg_8cefe861-47e5-4fe2-b415-d800d4891098"},"geometry":{"type":"Polygon","coordinates":[[[139.77393533944118,35.67160791742818],[139.77368320343555,35.67168377944213],[139.77366158810875,35.67163581478156],[139.77385019281974,35.67157912159346],[139.77382273245408,35.671518175201705],[139.77395344064988,35.6714789398616],[139.77397276232674,35.67152167357348],[139.77394458781725,35.6715299622286],[139.77395116059273,35.6715446668659],[139.7739454926122,35.67154624057215],[139.77395084172605,35.67155758338554],[139.77391725309306,35.67156770726383],[139.77393533944118,35.67160791742818]]]}},{"type":"Feature","properties":{"height":33.1,"gml_id":"bldg_aa31021b-87bc-48e9-9bcc-2d1b4fde1b39"},"geometry":{"type":"Polygon","coordinates":[[[139.76565214846022,35.66949103411351],[139.76561764795926,35.66952122875279],[139.76546668919048,35.6694063448507],[139.76560396090935,35.669313039854934],[139.76575685144974,35.66942949306058],[139.76566437972593,35.66950034316106],[139.76565214846022,35.66949103411351]]]}},{"type":"Feature","properties":{"height":28.8,"gml_id":"bldg_790c1d67-b5b2-4f01-b819-45cf81cf2422"},"geometry":{"type":"Polygon","coordinates":[[[139.76403167422828,35.66865405156976],[139.7640152034263,35.66866819455472],[139.76382256959596,35.6685178164329],[139.76390404990323,35.668448286417686],[139.76413056510796,35.66862048811246],[139.7640593808098,35.66867597178973],[139.76403167422828,35.66865405156976]]]}},{"type":"Feature","properties":{"height":31.6,"gml_id":"bldg_2b1c89ad-b629-4d2d-8ac3-5e088dac9e32"},"geometry":{"type":"Polygon","coordinates":[[[139.77169769945866,35.66916192594816],[139.7717577189083,35.66921162233289],[139.7716380597581,35.66930787283809],[139.77165170406852,35.66931916502365],[139.77162577382404,35.669340028448644],[139.77155209902142,35.66927903889684],[139.77169769945866,35.66916192594816]]]}},{"type":"Feature","properties":{"height":19.5,"gml_id":"bldg_240cadd3-649e-43d7-92cf-0ef067a080d5"},"geometry":{"type":"Polygon","coordinates":[[[139.77336439123093,35.67199504458234],[139.77333395684235,35.67192300971352],[139.7734290869573,35.671896286297994],[139.7734155238514,35.67186410143228],[139.77352103969318,35.671834497816135],[139.77355831066126,35.6719231212973],[139.77354448670908,35.67194438683832],[139.77336439123093,35.67199504458234]]]}},{"type":"Feature","properties":{"height":20.2,"gml_id":"bldg_c62e7cbe-c011-411c-824d-b0990bd9f3a5"},"geometry":{"type":"Polygon","coordinates":[[[139.767623751611,35.67199817803248],[139.76767547106115,35.67197143456503],[139.76771453427216,35.672021933649845],[139.767662814877,35.672048586095215],[139.767623751611,35.67199817803248]]]}},{"type":"Feature","properties":{"height":31.6,"gml_id":"bldg_35a34ed7-4d7c-47b3-bd68-21e77bb1074c"},"geometry":{"type":"Polygon","coordinates":[[[139.77128528893857,35.66848269144506],[139.77123632599645,35.668520343620564],[139.77115386779568,35.66844882214552],[139.7711544469962,35.66844262099439],[139.77118121638534,35.668421993359324],[139.7711645599892,35.66840650817667],[139.77118748715108,35.66839782175633],[139.77128528893857,35.66848269144506]]]}},{"type":"Feature","properties":{"height":32.3,"gml_id":"bldg_c95a5cd9-3f37-4ec6-93e9-756fdbd60f2d"},"geometry":{"type":"Polygon","coordinates":[[[139.77376431707324,35.67085171605705],[139.7737886692234,35.67088819766253],[139.77365084505988,35.67093147556561],[139.77362613342396,35.670888288438896],[139.77377243441762,35.670824273257594],[139.77378275980692,35.67084308101012],[139.77376431707324,35.67085171605705]]]}},{"type":"Feature","properties":{"height":30.6,"gml_id":"bldg_288da9ef-7e46-4a31-bf43-2f2b8d16b429"},"geometry":{"type":"Polygon","coordinates":[[[139.76981398687408,35.667056455945534],[139.76978261514287,35.66703066010308],[139.76984641241143,35.66697899095497],[139.7698777841501,35.6670047777673],[139.76981398687408,35.667056455945534]]]}},{"type":"Feature","properties":{"height":28.5,"gml_id":"bldg_c6acee59-88f3-493b-bfa8-620ab5f0d34f"},"geometry":{"type":"Polygon","coordinates":[[[139.770599276528,35.672464576062],[139.77056062342174,35.67242382287277],[139.77065212294104,35.67236602943465],[139.77069078711256,35.67240678260064],[139.770599276528,35.672464576062]]]}},{"type":"Feature","properties":{"height":20.9,"gml_id":"bldg_4e15c2d2-f3fe-4c9f-b89c-365cd1d83fed"},"geometry":{"type":"Polygon","coordinates":[[[139.7655795787916,35.674244888748255],[139.76561423327217,35.67428330671923],[139.76549906710028,35.674352467313476],[139.76546441264512,35.67431404930982],[139.7655795787916,35.674244888748255]]]}},{"type":"Feature","properties":{"height":38.0,"gml_id":"bldg_24c96275-508c-44ef-b34f-fa3f4022538d"},"geometry":{"type":"Polygon","coordinates":[[[139.77487413964462,35.673914522433584],[139.7748743095442,35.67392391391901],[139.77486902915396,35.67392397354994],[139.7748694113753,35.67394517492453],[139.77487501212926,35.673945106435376],[139.7748808195141,35.67393435497618],[139.77492410109338,35.673933799101],[139.77492778487746,35.674138917272636],[139.77439046298946,35.67414775930297],[139.7743868249988,35.67394232565776],[139.77443228278187,35.67394178905218],[139.77443197858548,35.67391979540775],[139.77487413964462,35.673914522433584]]]}},{"type":"Feature","properties":{"height":33.5,"gml_id":"bldg_4e85717b-9f0d-489b-82c3-ce198847a8c2"},"geometry":{"type":"Polygon","coordinates":[[[139.76935684736873,35.672674329830635],[139.76926015668386,35.67257756110164],[139.76923562027685,35.672593862892995],[139.7691799901066,35.67253821855581],[139.76925049796142,35.6724996773386],[139.76932743095293,35.67257669640954],[139.76939756898977,35.67253087992875],[139.7694392877508,35.672577593192294],[139.76943617390654,35.67261755841627],[139.76935684736873,35.672674329830635]]]}},{"type":"Feature","properties":{"height":63.0,"gml_id":"bldg_912045da-1a3a-412a-a1b5-4ef2254660e8"},"geometry":{"type":"Polygon","coordinates":[[[139.7647637646796,35.67327311667083],[139.76475189218053,35.67325709341561],[139.76456154398997,35.67335099713116],[139.76449189812848,35.67325698921741],[139.76449545676815,35.673255107382744],[139.76445147924454,35.673204587327426],[139.76444683336243,35.67319905024046],[139.76445260297314,35.6731695425948],[139.76445422148245,35.67316290941665],[139.76461053622035,35.67305432021053],[139.7647898970682,35.67322612495715],[139.7647878009984,35.67323577656546],[139.76480162649972,35.67325444375387],[139.7647637646796,35.67327311667083]]]}},{"type":"Feature","properties":{"height":48.0,"gml_id":"bldg_08c4eee7-a506-4003-bd97-24f9e500a0fb"},"geometry":{"type":"Polygon","coordinates":[[[139.76978533663413,35.673338778412436],[139.7698232757587,35.67331869781525],[139.76980842057907,35.67330149178517],[139.76985998707374,35.673272747158215],[139.76984745067122,35.6732568313183],[139.76997671049565,35.67318330230784],[139.77007449741293,35.67329278038551],[139.7698259813721,35.67338945700964],[139.76978533663413,35.673338778412436]]]}},{"type":"Feature","properties":{"height":21.2,"gml_id":"bldg_62393db4-1adf-4817-ada3-f0a98587b9c5"},"geometry":{"type":"Polygon","coordinates":[[[139.76582727228035,35.674740692685056],[139.76568302936113,35.6745752999919],[139.76581346800234,35.674499504673186],[139.76595771105477,35.67466489721233],[139.76582727228035,35.674740692685056]]]}},{"type":"Feature","properties":{"height":15.5,"gml_id":"bldg_4aa2a88a-2197-4083-b65f-2390a6bcfa29"},"geometry":{"type":"Polygon","coordinates":[[[139.76252362768048,35.66949120002287],[139.76258415307493,35.66944956510862],[139.7626033899125,35.669468352017],[139.76261324584635,35.66947772307519],[139.76262653136422,35.66946858193739],[139.7626709320865,35.66951156655448],[139.76259709907052,35.66956233542384],[139.76252362768048,35.66949120002287]]]}},{"type":"Feature","properties":{"height":33.3,"gml_id":"bldg_d4b7bca7-825d-4ed1-9b99-11d73da74a6c"},"geometry":{"type":"Polygon","coordinates":[[[139.76488100211833,35.6668435875915],[139.7648396596134,35.66688024188341],[139.7648079565403,35.66685636358135],[139.7647940504204,35.666868687361756],[139.7647300264282,35.66682015699441],[139.7647855178579,35.666771424273726],[139.76488100211833,35.6668435875915]]]}},{"type":"Feature","properties":{"height":62.5,"gml_id":"bldg_725f800e-eb09-450b-85b0-36e70adcd297"},"geometry":{"type":"Polygon","coordinates":[[[139.76666045676924,35.66863402090881],[139.7666401463903,35.668616828580724],[139.7664481178947,35.6687678923242],[139.7663371726269,35.66867397062483],[139.76633669398865,35.668638689697715],[139.7665119319242,35.66847501741295],[139.7665401235257,35.66849888339774],[139.76654841345925,35.66849236205134],[139.7666345447722,35.6685652587999],[139.76666830137648,35.668538695987564],[139.7667228855001,35.668584903560365],[139.76666045676924,35.66863402090881]]]}},{"type":"Feature","properties":{"height":32.6,"gml_id":"bldg_6e55d4b3-f762-46b2-be5a-f3fed8519b83"},"geometry":{"type":"Polygon","coordinates":[[[139.76289268083298,35.66831997440627],[139.76297810951013,35.66839655006204],[139.7628927788583,35.668459866734985],[139.76276695371692,35.668347121372804],[139.7628554898966,35.66828128281807],[139.76289588630354,35.66831754167141],[139.76289268083298,35.66831997440627]]]}},{"type":"Feature","properties":{"height":14.8,"gml_id":"bldg_1f83e2a9-0722-41e4-b201-2d4b4690dfd7"},"geometry":{"type":"Polygon","coordinates":[[[139.76914655346926,35.67083947303306],[139.7691933528041,35.67088582855329],[139.76909388220258,35.6709527475556],[139.76904498292726,35.67090783307321],[139.76914655346926,35.67083947303306]]]}},{"type":"Feature","properties":{"height":38.9,"gml_id":"bldg_b6306629-2d16-4004-97d3-9c310548ee8f"},"geometry":{"type":"Polygon","coordinates":[[[139.76880611114854,35.67096999018973],[139.76887895393932,35.671048448669616],[139.7688459088978,35.671068892147694],[139.76888012287978,35.671105866766176],[139.768783418996,35.67116575627959],[139.76867890433797,35.6710486118327],[139.76880611114854,35.67096999018973]]]}},{"type":"Feature","properties":{"height":12.3,"gml_id":"bldg_be0c0b1c-04ed-4caa-bbe8-a0e0c099ed10"},"geometry":{"type":"Polygon","coordinates":[[[139.77322316109687,35.673395797863165],[139.7731567663941,35.67340135321116],[139.77315259403184,35.67336754964414],[139.77321898863931,35.67336208443564],[139.77322316109687,35.673395797863165]]]}},{"type":"Feature","properties":{"height":12.0,"gml_id":"bldg_91844327-16a3-458c-a9d4-06afe575238c"},"geometry":{"type":"Polygon","coordinates":[[[139.7729407378181,35.67128932811229],[139.77296829900834,35.67136208274597],[139.77288863929027,35.67138223444435],[139.77286096770223,35.6713094788359],[139.7729407378181,35.67128932811229]]]}},{"type":"Feature","properties":{"height":52.7,"gml_id":"bldg_2ac18cfc-8df6-4ec2-a2fa-7835a666aa3c"},"geometry":{"type":"Polygon","coordinates":[[[139.76511370130257,35.67284410873162],[139.76508113824855,35.67286732767105],[139.7650881137909,35.67287427219597],[139.76507265062668,35.6728847995784],[139.76508090689958,35.67289253893925],[139.76498164815226,35.672963159281586],[139.76487561906197,35.6728639480308],[139.7650229154009,35.67275914793555],[139.76511370130257,35.67284410873162]]]}},{"type":"Feature","properties":{"height":7.3,"gml_id":"bldg_392e5268-2eb7-4158-9af6-26ca172a89ee"},"geometry":{"type":"Polygon","coordinates":[[[139.77241561154207,35.67329966621657],[139.77235042205433,35.67331829163614],[139.77212465697454,35.67255714793667],[139.7721805716706,35.6725321181786],[139.77228019034948,35.672850173105886],[139.77241561154207,35.67329966621657]]]}},{"type":"Feature","properties":{"height":28.1,"gml_id":"bldg_0fd3eb9a-3a8b-4481-ba15-853102ce7f6d"},"geometry":{"type":"Polygon","coordinates":[[[139.7665526204701,35.67446203310191],[139.76672195929908,35.674339899868265],[139.76680805845777,35.6744193584003],[139.7666387195917,35.674541491753395],[139.7665526204701,35.67446203310191]]]}},{"type":"Feature","properties":{"height":6.5,"gml_id":"bldg_5f637351-517f-4cf4-8c06-41a9c28b3066"},"geometry":{"type":"Polygon","coordinates":[[[139.7742199387118,35.66979639639274],[139.7741264161473,35.66983388363236],[139.77410725243757,35.669802046713876],[139.77420076392835,35.66976455858212],[139.7742199387118,35.66979639639274]]]}},{"type":"Feature","properties":{"height":13.4,"gml_id":"bldg_e21dc850-e048-4a7f-b160-54edbcf3e412"},"geometry":{"type":"Polygon","coordinates":[[[139.77317940126503,35.669293356382056],[139.77329388288624,35.669234734105075],[139.77331140700872,35.6692575656176],[139.77319619700037,35.6693152861738],[139.77317940126503,35.669293356382056]]]}},{"type":"Feature","properties":{"height":12.7,"gml_id":"bldg_15c18b32-c5fd-465b-9432-72ea0e31b4bc"},"geometry":{"type":"Polygon","coordinates":[[[139.77378499460755,35.670124543387864],[139.77375498404496,35.67007720644249],[139.77374537082218,35.670081257865725],[139.7736962727479,35.67000380558823],[139.77375837191678,35.66997760636321],[139.77383748062041,35.67010239554824],[139.77378499460755,35.670124543387864]]]}},{"type":"Feature","properties":{"height":14.9,"gml_id":"bldg_50108963-2454-4ae3-8001-c1ec4a3c2259"},"geometry":{"type":"Polygon","coordinates":[[[139.76582665895978,35.667466249596366],[139.76586242439683,35.66749376244031],[139.7658570079818,35.66749844654849],[139.76586296887788,35.66750304689436],[139.7658140000454,35.66754538401007],[139.7657722737089,35.66751327170329],[139.76582665895978,35.667466249596366]]]}},{"type":"Feature","properties":{"height":8.1,"gml_id":"bldg_182cd9d2-dba7-4a23-bf8d-b00aca41ca6b"},"geometry":{"type":"Polygon","coordinates":[[[139.7739628412491,35.67101636879948],[139.77403046008666,35.67099585081151],[139.77405449966184,35.67105192806189],[139.77398588721846,35.67107162532385],[139.7739628412491,35.67101636879948]]]}},{"type":"Feature","properties":{"height":14.7,"gml_id":"bldg_9ae89886-0d71-4463-867c-c4e35aca82cc"},"geometry":{"type":"Polygon","coordinates":[[[139.76749209066352,35.67494126858369],[139.76753888881726,35.674910052591166],[139.76757498254238,35.674946127211946],[139.76752829485054,35.67497734327867],[139.76749209066352,35.67494126858369]]]}},{"type":"Feature","properties":{"height":10.6,"gml_id":"bldg_2e363d5c-7d9d-4394-b11d-0b7cd2bc4086"},"geometry":{"type":"Polygon","coordinates":[[[139.76570182580315,35.67276144208869],[139.76567044428128,35.67273308529437],[139.7657498630722,35.67267487416567],[139.7657838059849,35.67270491794388],[139.76570182580315,35.67276144208869]]]}},{"type":"Feature","properties":{"height":25.3,"gml_id":"bldg_5c8ab372-12e1-48a3-af97-b57a3eb3de61"},"geometry":{"type":"Polygon","coordinates":[[[139.76887607291548,35.66686867010665],[139.7688444166316,35.666895000313666],[139.76880323139338,35.66686197895547],[139.7688959673539,35.66678496115495],[139.76897301721556,35.66684674556516],[139.76888028125668,35.6669237643256],[139.76885119436793,35.666900439227234],[139.7688828727288,35.66687412705774],[139.76887607291548,35.66686867010665]]]}},{"type":"Feature","properties":{"height":9.2,"gml_id":"bldg_67704130-fc21-407e-abf2-e6a6a0262313"},"geometry":{"type":"Polygon","coordinates":[[[139.77277821058632,35.67104299133519],[139.77278813936778,35.67106012241864],[139.77269863767486,35.671094780250314],[139.77268870897646,35.67107755902231],[139.77277821058632,35.67104299133519]]]}},{"type":"Feature","properties":{"height":31.0,"gml_id":"bldg_b13f8729-1bf5-464b-b80d-1300415a665f"},"geometry":{"type":"Polygon","coordinates":[[[139.7729545615995,35.67160571701539],[139.77301109001888,35.67174744119911],[139.77290568558902,35.67177569056229],[139.77283864899454,35.67160890377995],[139.77297940890872,35.67157120688189],[139.77298426010702,35.67158346798775],[139.7729898062133,35.671597082402684],[139.7729545615995,35.67160571701539]]]}},{"type":"Feature","properties":{"height":33.2,"gml_id":"bldg_c5aa9ff7-e164-4ffe-a5a9-c8b80792d758"},"geometry":{"type":"Polygon","coordinates":[[[139.76887322251196,35.66924651022162],[139.7688046745378,35.66918644203563],[139.76890308912215,35.66911160862752],[139.76892123608667,35.66912754560511],[139.76895482561176,35.66910206371278],[139.7690050830564,35.669146167734155],[139.76887322251196,35.66924651022162]]]}},{"type":"Feature","properties":{"height":30.6,"gml_id":"bldg_bb027f88-c333-4f8a-8eb3-fe5b727c43be"},"geometry":{"type":"Polygon","coordinates":[[[139.76792487849704,35.6729463159197],[139.7679351426757,35.67295756161479],[139.76791465241575,35.67296961085328],[139.7679443633522,35.67300217556618],[139.76784336918237,35.67306354022579],[139.76780363698632,35.67301989216233],[139.76792487849704,35.6729463159197]]]}},{"type":"Feature","properties":{"height":6.7,"gml_id":"bldg_93b79160-c956-476d-8cb4-aaf77e1e6dce"},"geometry":{"type":"Polygon","coordinates":[[[139.76872964693484,35.67068387136154],[139.76878380646488,35.67073937091507],[139.76867597110603,35.67080943088183],[139.76862182264975,35.670753931286384],[139.76872964693484,35.67068387136154]]]}},{"type":"Feature","properties":{"height":3.6,"gml_id":"bldg_af554786-a21c-4481-beab-290657144381"},"geometry":{"type":"Polygon","coordinates":[[[139.76818393786115,35.66830429408253],[139.76816473025303,35.66828904957411],[139.7681817526894,35.66827472784676],[139.76820107068454,35.66829006164819],[139.76818393786115,35.66830429408253]]]}},{"type":"Feature","properties":{"height":35.0,"gml_id":"bldg_905482e1-2623-433a-abee-a60dcd6d5020"},"geometry":{"type":"Polygon","coordinates":[[[139.77212085740348,35.66812914968513],[139.77207802549935,35.66809460529427],[139.7722021495035,35.66799227232589],[139.77233903496065,35.66810285014845],[139.77219490519815,35.668221668237486],[139.77210085157284,35.66814572478847],[139.77212085740348,35.66812914968513]]]}},{"type":"Feature","properties":{"height":45.5,"gml_id":"bldg_2a188e80-a1f0-438c-ab66-e4c6ef4835af"},"geometry":{"type":"Polygon","coordinates":[[[139.7652327981074,35.672970152021165],[139.76509120981646,35.67306543710733],[139.76503491940286,35.673009789585215],[139.76509518011457,35.672969235832596],[139.76511088622868,35.6729847753869],[139.76514968242444,35.672958251931256],[139.7651334785741,35.6729434602395],[139.7651765076622,35.67291450456433],[139.7652327981074,35.672970152021165]]]}},{"type":"Feature","properties":{"height":25.6,"gml_id":"bldg_35270db1-d729-4923-a939-e4c83801babb"},"geometry":{"type":"Polygon","coordinates":[[[139.7657859485107,35.672915299578456],[139.7657502465464,35.67294069826009],[139.76569671269706,35.672890642006394],[139.7658557685171,35.67277760894891],[139.7659828148515,35.672896571162426],[139.7658595713361,35.67298429588142],[139.7657859485107,35.672915299578456]]]}},{"type":"Feature","properties":{"height":30.3,"gml_id":"bldg_2168dd4a-d3ca-407e-83e4-4757075e2604"},"geometry":{"type":"Polygon","coordinates":[[[139.7702816362055,35.67098566344779],[139.7702640637122,35.670968770623745],[139.77022610988314,35.67099505280811],[139.7700771965917,35.670851863648984],[139.77017445918702,35.67078214841767],[139.77034334193314,35.67094241090089],[139.7702816362055,35.67098566344779]]]}},{"type":"Feature","properties":{"height":25.8,"gml_id":"bldg_acf814a0-8230-4ff4-80c3-ebf39e235463"},"geometry":{"type":"Polygon","coordinates":[[[139.7657155601968,35.67464328176037],[139.76572375802033,35.674655121386216],[139.76570067216394,35.67466577165912],[139.76570681723555,35.67467528459169],[139.76572469139583,35.67470106487223],[139.76560057576677,35.674758322414775],[139.76556802730562,35.67471125154972],[139.7657155601968,35.67464328176037]]]}},{"type":"Feature","properties":{"height":31.2,"gml_id":"bldg_1e108671-4783-4cdf-aafb-1e0849263622"},"geometry":{"type":"Polygon","coordinates":[[[139.7734308633234,35.66777402728957],[139.77343937435904,35.66778119744398],[139.77343016767665,35.667788484977464],[139.77344664884646,35.667802365316156],[139.7734507714118,35.66779909537988],[139.77346726388222,35.6678126422131],[139.7734051491919,35.66786172716814],[139.77327775964648,35.66775449037147],[139.77339745744706,35.66765990577052],[139.77348352814843,35.66773236494337],[139.7734308633234,35.66777402728957]]]}},{"type":"Feature","properties":{"height":11.1,"gml_id":"bldg_93241ca8-3180-4f6b-a9b7-4a26bfd59a31"},"geometry":{"type":"Polygon","coordinates":[[[139.7735791815647,35.672969896108484],[139.77362329283463,35.67307087175609],[139.77357976730306,35.673073283871105],[139.77354205640103,35.67298132511507],[139.7735791815647,35.672969896108484]]]}},{"type":"Feature","properties":{"height":34.5,"gml_id":"bldg_6d074e82-3077-40d4-8b49-e31e3acf2696"},"geometry":{"type":"Polygon","coordinates":[[[139.77243376729479,35.67193923319668],[139.77247412636152,35.67203281612489],[139.77234629047967,35.67206961760243],[139.772305821079,35.67197603457609],[139.77243376729479,35.67193923319668]]]}},{"type":"Feature","properties":{"height":16.5,"gml_id":"bldg_d392ebf7-3b63-466d-be2b-ba3fc8c67cb2"},"geometry":{"type":"Polygon","coordinates":[[[139.77074722716364,35.671312995739584],[139.77063199355683,35.67139475342949],[139.7705934147186,35.67135854320309],[139.77070864831262,35.67127678554958],[139.77074722716364,35.671312995739584]]]}},{"type":"Feature","properties":{"height":17.4,"gml_id":"bldg_0a0a537e-cca2-433b-967f-99c828a61b0e"},"geometry":{"type":"Polygon","coordinates":[[[139.7650870926424,35.67271128537144],[139.76515761342108,35.6726600372024],[139.76527318110104,35.672766013896926],[139.76520277076875,35.67281726219523],[139.7650870926424,35.67271128537144]]]}},{"type":"Feature","properties":{"height":29.7,"gml_id":"bldg_80e3e9fd-61d7-4376-b2df-fc43bdb81fac"},"geometry":{"type":"Polygon","coordinates":[[[139.7738055810151,35.67364071979421],[139.7737296860474,35.673646180623386],[139.7737289186753,35.6736382481628],[139.77367920581074,35.67364182903503],[139.77367020895812,35.67355925882741],[139.7738564663534,35.67354574024512],[139.7738676579613,35.673648231862195],[139.77380689778536,35.67365261856627],[139.7738055810151,35.67364071979421]]]}},{"type":"Feature","properties":{"height":9.0,"gml_id":"bldg_cc3331ff-d145-4c3a-b844-157bbfad5100"},"geometry":{"type":"Polygon","coordinates":[[[139.77181059870736,35.669626353251346],[139.77187813611837,35.66968243513693],[139.77185521233537,35.669700739342595],[139.77178776330877,35.669644638560655],[139.77181059870736,35.669626353251346]]]}},{"type":"Feature","properties":{"height":3.3,"gml_id":"bldg_83f7e35d-fdaf-4c95-8464-7814a7df10d3"},"geometry":{"type":"Polygon","coordinates":[[[139.7705637278857,35.67091363697614],[139.77050826908814,35.670949735091185],[139.77045425125027,35.670894967402226],[139.77044439459337,35.67088512737165],[139.77046560355612,35.67087103195608],[139.77051525062484,35.67092121928558],[139.77056644347795,35.670887723912095],[139.77067071579347,35.670993130720014],[139.77065341953738,35.67100428973162],[139.770593419042,35.67094365015024],[139.7705637278857,35.67091363697614]]]}},{"type":"Feature","properties":{"height":25.2,"gml_id":"bldg_45905761-affe-433c-bc8c-b03d478beb67"},"geometry":{"type":"Polygon","coordinates":[[[139.76770510206902,35.67322110604185],[139.76769511070347,35.673227446260505],[139.76767829035168,35.673209436674476],[139.7676640995686,35.6732178387445],[139.76764508369084,35.67319647484943],[139.76775891935534,35.67312902407129],[139.7677986507705,35.67317366365842],[139.76770974842776,35.673226337438074],[139.76770510206902,35.67322110604185]]]}},{"type":"Feature","properties":{"height":34.1,"gml_id":"bldg_bede7d06-cd1c-423f-ae88-7646ec1e66f2"},"geometry":{"type":"Polygon","coordinates":[[[139.7714413068116,35.66893523421197],[139.77123257122483,35.66910397202565],[139.7712120054894,35.669087033623725],[139.7711756963529,35.66911638163451],[139.77108920556105,35.66904513656475],[139.77133425027813,35.668847051850506],[139.7714413068116,35.66893523421197]]]}},{"type":"Feature","properties":{"height":29.3,"gml_id":"bldg_b38ac7f3-ab96-445d-ae74-682b167ccd31"},"geometry":{"type":"Polygon","coordinates":[[[139.77394494294728,35.671676868194425],[139.7737132027592,35.671746979652525],[139.77368849928214,35.67169244335964],[139.77392016199565,35.67162234993762],[139.77394494294728,35.671676868194425]]]}},{"type":"Feature","properties":{"height":52.1,"gml_id":"bldg_c599a287-03f7-4d56-bac6-77430cc9624e"},"geometry":{"type":"Polygon","coordinates":[[[139.76903285197756,35.67118589120631],[139.76889655745364,35.67127380138017],[139.76879920891378,35.6711736968269],[139.76889967268622,35.671108671485825],[139.76886832697693,35.67107638554903],[139.7690163145081,35.67098064871739],[139.76916675225803,35.67113549475199],[139.76905601026866,35.67120709485348],[139.7690501605334,35.67120105343195],[139.76904872375437,35.67120198919161],[139.76903285197756,35.67118589120631]]]}},{"type":"Feature","properties":{"height":20.8,"gml_id":"bldg_967e75e9-6a04-49e5-82a1-c25ffc0f4f39"},"geometry":{"type":"Polygon","coordinates":[[[139.7726376167977,35.66954907456779],[139.77273143336936,35.66950306073688],[139.77279354854232,35.66958723609217],[139.77269963243162,35.66963333014291],[139.7726376167977,35.66954907456779]]]}},{"type":"Feature","properties":{"height":22.2,"gml_id":"bldg_f3b65857-25db-4d45-a139-cc2964328434"},"geometry":{"type":"Polygon","coordinates":[[[139.7690170909334,35.6709766830901],[139.76889529507434,35.67105774155929],[139.76881693199059,35.670975674639024],[139.7689399405834,35.67089750129074],[139.7690170909334,35.6709766830901]]]}},{"type":"Feature","properties":{"height":27.2,"gml_id":"bldg_90462960-8b0a-4de7-b474-873dbd630dee"},"geometry":{"type":"Polygon","coordinates":[[[139.76525079143795,35.669732970823254],[139.765139292767,35.66965340660008],[139.7651995191109,35.66961126543323],[139.76530321629977,35.66968121655388],[139.76525079143795,35.669732970823254]]]}},{"type":"Feature","properties":{"height":6.7,"gml_id":"bldg_0d6cb132-a320-4d58-b28d-00b64df404b8"},"geometry":{"type":"Polygon","coordinates":[[[139.77441724448548,35.6728795408337],[139.77433824356675,35.67290356881001],[139.7743172888483,35.67285759843716],[139.7743962897353,35.67283356055926],[139.77441724448548,35.6728795408337]]]}},{"type":"Feature","properties":{"height":11.5,"gml_id":"bldg_df292d04-738c-45e3-bffb-263ba2b3a499"},"geometry":{"type":"Polygon","coordinates":[[[139.76914564228701,35.67073581462779],[139.7692288678171,35.670677269703866],[139.7692698186856,35.67071596040949],[139.76918659307375,35.67077459459725],[139.76914564228701,35.67073581462779]]]}},{"type":"Feature","properties":{"height":12.0,"gml_id":"bldg_28c2b429-143d-4ab5-82db-bfb48fa98cb7"},"geometry":{"type":"Polygon","coordinates":[[[139.76876781468695,35.66944586459225],[139.7687416640828,35.66942391113873],[139.7688073973975,35.669371747846085],[139.76883355905605,35.66939369227772],[139.76876781468695,35.66944586459225]]]}},{"type":"Feature","properties":{"height":33.3,"gml_id":"bldg_f9a5ddc8-c7ea-4299-bcbd-a8979d22c527"},"geometry":{"type":"Polygon","coordinates":[[[139.76261264767922,35.67071944643897],[139.7624242484087,35.6705371672166],[139.76245217933257,35.67051797539824],[139.76245049071088,35.67051632489124],[139.76242629556518,35.67053310322894],[139.76241664930723,35.67052384044532],[139.76240887899948,35.67052923509433],[139.76230838811642,35.670432701886696],[139.76244625271525,35.6703371384125],[139.76255629044297,35.67044298830397],[139.7625583321957,35.670445035621285],[139.7625533473066,35.670448457909465],[139.76266206037863,35.67055362188016],[139.7626789714331,35.67054200408978],[139.76275862456816,35.67061913623787],[139.76261264767922,35.67071944643897]]]}},{"type":"Feature","properties":{"height":27.4,"gml_id":"bldg_4b44cb19-6d9e-417f-85a8-45db1b101b1c"},"geometry":{"type":"Polygon","coordinates":[[[139.76856361855891,35.673189131402395],[139.76843814714397,35.67302979035837],[139.76850125010776,35.67299674396689],[139.76862672159731,35.67315608404474],[139.76856361855891,35.673189131402395]]]}},{"type":"Feature","properties":{"height":7.0,"gml_id":"bldg_683f151f-9f7e-4b52-9e7e-2a59bc2025ef"},"geometry":{"type":"Polygon","coordinates":[[[139.77140773268752,35.672603175030964],[139.77137461467615,35.672617985579244],[139.77133871046942,35.67256453371007],[139.7713718284653,35.672549723171535],[139.77140773268752,35.672603175030964]]]}},{"type":"Feature","properties":{"height":43.1,"gml_id":"bldg_21031e50-b84b-4340-bf05-8cd1b895ffdc"},"geometry":{"type":"Polygon","coordinates":[[[139.76769476818765,35.67255292169918],[139.7676389548639,35.67258732370723],[139.76760760435633,35.67256080623432],[139.76761279919387,35.672557203578066],[139.76762936887118,35.67254392638359],[139.76760244757781,35.67251798820466],[139.7677418271855,35.67241711043932],[139.7677784987419,35.67242073590179],[139.76783323573812,35.67248665605282],[139.76770083899714,35.67255878393248],[139.76769476818765,35.67255292169918]]]}},{"type":"Feature","properties":{"height":41.8,"gml_id":"bldg_629d294e-c185-4f79-88f8-f843fcc9ee38"},"geometry":{"type":"Polygon","coordinates":[[[139.76556666834347,35.671052308760764],[139.76566144176206,35.671135928365345],[139.76565153791506,35.671143395182284],[139.76568301872058,35.67117116615196],[139.765634140533,35.67120804089719],[139.76560186498554,35.671179566396845],[139.76553493649064,35.671230077736254],[139.76544096888207,35.671147161558814],[139.76556666834347,35.671052308760764]]]}},{"type":"Feature","properties":{"height":16.7,"gml_id":"bldg_fb25f604-f933-4d83-826c-0b412fcffa5e"},"geometry":{"type":"Polygon","coordinates":[[[139.77109560438288,35.66963877630826],[139.77117914511126,35.66956930644301],[139.77130579907612,35.66967080239868],[139.77122234673408,35.669740255270135],[139.77109560438288,35.66963877630826]]]}},{"type":"Feature","properties":{"height":36.6,"gml_id":"bldg_062787f3-39d3-4877-8f09-3eb6e5acaeb9"},"geometry":{"type":"Polygon","coordinates":[[[139.7731150313463,35.67275519220233],[139.7730882896195,35.6726936420946],[139.773095283619,35.672691627419674],[139.77309153427973,35.67268297957459],[139.7731249905928,35.67267329843672],[139.7731290928381,35.67268272884897],[139.7731804153055,35.672667926913874],[139.7733640681812,35.673091475407624],[139.77335519581476,35.67309403899984],[139.77333108134098,35.673093594326566],[139.77332987933667,35.6730908165977],[139.77330333956985,35.673098492981374],[139.773264731894,35.673009607373544],[139.77325626834556,35.67301205488534],[139.77324205377667,35.67297932795583],[139.77317172677124,35.67299967287947],[139.7731775383159,35.67301303412946],[139.77306871645325,35.673044500723876],[139.77302696621743,35.67294838355414],[139.77308187983417,35.672932502714225],[139.77305605336952,35.672873044244284],[139.77311107741517,35.67285713640491],[139.77307218335244,35.67276759168506],[139.7731150313463,35.67275519220233]]]}},{"type":"Feature","properties":{"height":33.9,"gml_id":"bldg_3db3b5b5-727f-467a-990b-daa7995f9c19"},"geometry":{"type":"Polygon","coordinates":[[[139.7706152048162,35.67403300016431],[139.77059542554167,35.674040110704674],[139.77056398814508,35.67398150509232],[139.77062763789266,35.673955398446815],[139.77067026862508,35.67396785958423],[139.77071383950562,35.67404954662175],[139.7706384795049,35.674076457549674],[139.7706152048162,35.67403300016431]]]}},{"type":"Feature","properties":{"height":28.2,"gml_id":"bldg_6c8c6618-fb1c-4da7-8689-0eb32b250890"},"geometry":{"type":"Polygon","coordinates":[[[139.7685202575613,35.67011821922247],[139.7684522836232,35.67016721732391],[139.7683680637889,35.67008956367343],[139.768337889934,35.670111360624475],[139.7682769603642,35.670055172163735],[139.7683753291246,35.66998428718902],[139.7685202575613,35.67011821922247]]]}},{"type":"Feature","properties":{"height":37.9,"gml_id":"bldg_5bc33153-e222-48e8-a7cf-8f157d956e95"},"geometry":{"type":"Polygon","coordinates":[[[139.76825090599786,35.67214630776395],[139.76823568694542,35.672156178585155],[139.76821783962097,35.672137862049325],[139.76823570018297,35.672126271036],[139.76821294292222,35.67210087606665],[139.7683300311482,35.6720248805766],[139.76837719359887,35.672073256577974],[139.76825622597715,35.672151772959694],[139.76825090599786,35.67214630776395]]]}},{"type":"Feature","properties":{"height":14.0,"gml_id":"bldg_42a47836-0a8f-43de-beb6-90280a2b834b"},"geometry":{"type":"Polygon","coordinates":[[[139.766806663241,35.67410387719183],[139.76674396573125,35.674045884269454],[139.76683847199163,35.67397788285715],[139.76690116951673,35.67403587573099],[139.766806663241,35.67410387719183]]]}},{"type":"Feature","properties":{"height":6.4,"gml_id":"bldg_15b5b0b4-a285-4e1c-9af8-7463a56117b7"},"geometry":{"type":"Polygon","coordinates":[[[139.7747556005537,35.674846942999274],[139.77465957511592,35.67488529471892],[139.7746346395892,35.674843738300765],[139.77473066498908,35.67480538660071],[139.7747556005537,35.674846942999274]]]}},{"type":"Feature","properties":{"height":33.9,"gml_id":"bldg_471c0ac5-9a15-43ce-841b-881c3e9b20b6"},"geometry":{"type":"Polygon","coordinates":[[[139.77350419883956,35.66775685742626],[139.77351386898033,35.667764991719814],[139.7734986497856,35.667777036426024],[139.773505527064,35.66778282576081],[139.77346780513892,35.66781263256708],[139.77345085998095,35.66779882501183],[139.77344673742235,35.66780208593437],[139.77343070893258,35.66778847623299],[139.77343991561486,35.66778118869946],[139.77343140457856,35.66777401944645],[139.7734840694039,35.667732356198634],[139.773508829808,35.66775319023478],[139.77350419883956,35.66775685742626]]]}},{"type":"Feature","properties":{"height":33.7,"gml_id":"bldg_464aaa21-60d2-4398-b8c0-df757a5308c2"},"geometry":{"type":"Polygon","coordinates":[[[139.77295512108637,35.672476281411726],[139.77296679953963,35.67247329470887],[139.77297330587308,35.6724880795861],[139.7729280051085,35.67250121781577],[139.7729439950404,35.672537821579034],[139.7728425654919,35.67256715542514],[139.7727985660155,35.672466089402555],[139.7729087241899,35.67243414599183],[139.77288512557348,35.672379781355836],[139.77299517306173,35.67234792794723],[139.77294852716938,35.67224046090114],[139.77298311029062,35.6722304729988],[139.77304905450376,35.672382026834725],[139.77293602374567,35.67241478016901],[139.77294010383528,35.672424246631884],[139.77292739753025,35.67242793588747],[139.7729358886986,35.67244740980344],[139.77294215345313,35.67244560118594],[139.77295512108637,35.672476281411726]]]}},{"type":"Feature","properties":{"height":8.4,"gml_id":"bldg_b639eade-5743-4ac8-bcac-ed234f500a42"},"geometry":{"type":"Polygon","coordinates":[[[139.77092147763247,35.672470539326675],[139.77094344338116,35.67249223774374],[139.77086240862144,35.67254682794409],[139.77084044178284,35.67252511959677],[139.77092147763247,35.672470539326675]]]}},{"type":"Feature","properties":{"height":26.3,"gml_id":"bldg_9a7a2812-99b2-4f5b-844d-3c09c1381953"},"geometry":{"type":"Polygon","coordinates":[[[139.76751440386798,35.67507765755158],[139.767377084801,35.67495067005296],[139.76743798930346,35.674906716417716],[139.76755875061687,35.675018372371646],[139.76757859976232,35.67506137868444],[139.76751440386798,35.67507765755158]]]}},{"type":"Feature","properties":{"height":19.1,"gml_id":"bldg_f8acb2c0-87a9-429c-ace5-7bb7b7b5eade"},"geometry":{"type":"Polygon","coordinates":[[[139.76745845241442,35.67460575930089],[139.76753219188095,35.67467087872485],[139.7674604533969,35.67472492185627],[139.7673868244083,35.674659801548096],[139.76745845241442,35.67460575930089]]]}},{"type":"Feature","properties":{"height":8.6,"gml_id":"bldg_99c52176-de36-4534-8e40-49d5135d3d5f"},"geometry":{"type":"Polygon","coordinates":[[[139.77036327692272,35.67200189529012],[139.77029925835893,35.671936962934915],[139.77032224692206,35.671921831899795],[139.77038626549242,35.67198676424296],[139.77036327692272,35.67200189529012]]]}},{"type":"Feature","properties":{"height":31.8,"gml_id":"bldg_fb0a0941-050c-4322-8c7f-ad3c2100983d"},"geometry":{"type":"Polygon","coordinates":[[[139.76910943605762,35.67153116699975],[139.76911521306573,35.67149150966428],[139.76918008886543,35.67144845861172],[139.7692276607423,35.671496166585385],[139.76928590621878,35.67145752867399],[139.7693141624892,35.6714857566787],[139.76916374084823,35.67158563888713],[139.76910943605762,35.67153116699975]]]}},{"type":"Feature","properties":{"height":58.4,"gml_id":"bldg_dbe65cc4-8ae3-4761-b02b-cecb3af3d49c"},"geometry":{"type":"Polygon","coordinates":[[[139.7672758396028,35.670473369094154],[139.76734413023107,35.6704299964025],[139.76729678259193,35.67038039491628],[139.76727946120684,35.67035460614031],[139.7672572773288,35.670331428676064],[139.76735011434272,35.67027252977175],[139.76750297320834,35.670432877604476],[139.76729298423584,35.670566255997265],[139.76724464333427,35.67051550018915],[139.76728877418114,35.67048751873552],[139.7672758396028,35.670473369094154]]]}},{"type":"Feature","properties":{"height":13.4,"gml_id":"bldg_ad648ea9-8187-481f-9d4c-d3638b324c6a"},"geometry":{"type":"Polygon","coordinates":[[[139.7738045196409,35.66778008143264],[139.77376076380463,35.66781386941937],[139.77374262596058,35.66779962775434],[139.77373754163642,35.66780394281812],[139.7737166229927,35.667785986113294],[139.77376643559322,35.66774734183313],[139.7738045196409,35.66778008143264]]]}},{"type":"Feature","properties":{"height":32.3,"gml_id":"bldg_9ff494a7-bec4-4052-afa9-a605d4bdec06"},"geometry":{"type":"Polygon","coordinates":[[[139.77241432275966,35.6683082211707],[139.7723934908815,35.66829258982539],[139.77241007102754,35.66827786977034],[139.7723904534889,35.66826319359347],[139.7724592500874,35.6682019719424],[139.7724997657752,35.66823227857105],[139.77241432275966,35.6683082211707]]]}},{"type":"Feature","properties":{"height":46.7,"gml_id":"bldg_780e5bd4-a4e3-4427-9de3-8a2238a2a25d"},"geometry":{"type":"Polygon","coordinates":[[[139.76389770411615,35.67280398760371],[139.76372496046295,35.67269874271805],[139.76387867801955,35.67259167627246],[139.76392079755985,35.67263112661142],[139.76419069818735,35.67243929757793],[139.76428770803727,35.672530140427256],[139.76389770411615,35.67280398760371]]]}},{"type":"Feature","properties":{"height":7.7,"gml_id":"bldg_1cad0c7c-d5f2-4602-b57c-18bb603c17d5"},"geometry":{"type":"Polygon","coordinates":[[[139.7708180688787,35.671283106951456],[139.77073230457833,35.67119842255338],[139.77077684493977,35.671168340738944],[139.7708626092558,35.67125302420437],[139.7708180688787,35.671283106951456]]]}},{"type":"Feature","properties":{"height":31.2,"gml_id":"bldg_2a93ea09-4862-4986-ab9e-f87c616666c1"},"geometry":{"type":"Polygon","coordinates":[[[139.76848076025857,35.673882331720506],[139.76841356060714,35.67392610222291],[139.76835793118167,35.67386910455799],[139.76842513081485,35.67382533498756],[139.76848076025857,35.673882331720506]]]}},{"type":"Feature","properties":{"height":6.7,"gml_id":"bldg_dbcfa3e1-63a5-4da3-b930-14f2d1995781"},"geometry":{"type":"Polygon","coordinates":[[[139.7654215874376,35.667933097432744],[139.7654532569496,35.667906001069404],[139.76544395137097,35.667898757793196],[139.76549547370666,35.66785466459068],[139.7655963449497,35.66793316792188],[139.76572311107364,35.66782469575135],[139.76592304378613,35.667980285778235],[139.76571307481638,35.668159947017394],[139.7654215874376,35.667933097432744]]]}},{"type":"Feature","properties":{"height":23.4,"gml_id":"bldg_c73a32ce-76c1-4ffe-b7be-be97c0287433"},"geometry":{"type":"Polygon","coordinates":[[[139.76980962813212,35.670606368998264],[139.76990280781703,35.67053124358996],[139.7699527041461,35.67057282317072],[139.76985830908097,35.670648309427115],[139.76980962813212,35.670606368998264]]]}},{"type":"Feature","properties":{"height":13.9,"gml_id":"bldg_a0bba053-2844-4d50-8c4a-fd16329bcdce"},"geometry":{"type":"Polygon","coordinates":[[[139.77294247723313,35.672793000402116],[139.7729092792401,35.672723666365556],[139.77297712078575,35.67270305985155],[139.77300943510332,35.67277239162423],[139.77294247723313,35.672793000402116]]]}},{"type":"Feature","properties":{"height":6.9,"gml_id":"bldg_0cc128ad-98a0-4c77-ab06-e2ed1b9d8eb0"},"geometry":{"type":"Polygon","coordinates":[[[139.77278566537254,35.669070249384895],[139.77280773684308,35.669097662235025],[139.7727722646253,35.6691165732432],[139.7727503036225,35.66908916044222],[139.77278566537254,35.669070249384895]]]}},{"type":"Feature","properties":{"height":13.9,"gml_id":"bldg_bf747dcc-7438-4416-b156-1c9e08804bbf"},"geometry":{"type":"Polygon","coordinates":[[[139.77385932364245,35.671778870383946],[139.77383616857165,35.67172162175335],[139.77391770768676,35.67169957837455],[139.77393876792416,35.67175150785514],[139.77391125679202,35.6717588864425],[139.77394069705622,35.6718314605997],[139.77386843837826,35.671851435418944],[139.77384098211954,35.671784810385624],[139.77385932364245,35.671778870383946]]]}},{"type":"Feature","properties":{"height":8.3,"gml_id":"bldg_14cc2ad3-951f-43f3-a98e-82dba4ff6439"},"geometry":{"type":"Polygon","coordinates":[[[139.7731162119407,35.66959492435083],[139.77313684685646,35.66962341806806],[139.77305839070482,35.66966123740584],[139.7730377558757,35.66963265263667],[139.7731162119407,35.66959492435083]]]}},{"type":"Feature","properties":{"height":46.6,"gml_id":"bldg_c927e83e-ac13-4a18-b44d-051e6819466d"},"geometry":{"type":"Polygon","coordinates":[[[139.76316498467358,35.671704518796076],[139.7633117720637,35.67160076607004],[139.76345801714422,35.671738580827146],[139.76331111922588,35.67184233366476],[139.76316498467358,35.671704518796076]]]}},{"type":"Feature","properties":{"height":17.4,"gml_id":"bldg_ee927e37-acfa-4347-b2a2-0c61c4677eb0"},"geometry":{"type":"Polygon","coordinates":[[[139.7726947186803,35.6720408585981],[139.7726032302819,35.67207182062405],[139.7725660591515,35.67199852024219],[139.77265754747987,35.67196755914541],[139.7726947186803,35.6720408585981]]]}},{"type":"Feature","properties":{"height":33.2,"gml_id":"bldg_7c6382a1-f3bb-4d38-8795-c54489b06fd6"},"geometry":{"type":"Polygon","coordinates":[[[139.77167121551548,35.674642476925925],[139.77162890559205,35.67457135497603],[139.7716530637627,35.6745155723859],[139.77179647037562,35.67446238365116],[139.77185976890718,35.67456292805103],[139.77167121551548,35.674642476925925]]]}},{"type":"Feature","properties":{"height":36.7,"gml_id":"bldg_6ff3cf86-408c-4872-854b-45f5fdc3c058"},"geometry":{"type":"Polygon","coordinates":[[[139.76450882135074,35.67294846798269],[139.76430826493805,35.672761949269805],[139.76443659456012,35.67267035314292],[139.76463593398628,35.67285912438281],[139.76450882135074,35.67294846798269]]]}},{"type":"Feature","properties":{"height":9.5,"gml_id":"bldg_79b8c2f6-d2e6-4c54-a6ad-ff03504abd9a"},"geometry":{"type":"Polygon","coordinates":[[[139.77447988065984,35.67197406116633],[139.7743806626822,35.67200203631903],[139.7743637907366,35.67196236764266],[139.77440975361077,35.6719494193851],[139.77440512210734,35.671938511405806],[139.77445837716846,35.67192347461123],[139.77447988065984,35.67197406116633]]]}},{"type":"Feature","properties":{"height":53.1,"gml_id":"bldg_fbbcf60d-e2f4-4f22-b014-bed5525804cb"},"geometry":{"type":"Polygon","coordinates":[[[139.76292554012122,35.67086383057941],[139.76301913348982,35.67095447327154],[139.76292554763936,35.67101879465632],[139.76283195430167,35.67092815189246],[139.76292554012122,35.67086383057941]]]}},{"type":"Feature","properties":{"height":32.3,"gml_id":"bldg_e810c3ee-e393-4c08-9818-ef35a26c992f"},"geometry":{"type":"Polygon","coordinates":[[[139.7635345450328,35.668720828426366],[139.76350210249623,35.66869584968335],[139.76348430497862,35.66871124383392],[139.7634400290682,35.66867714622474],[139.76353653348977,35.66859373501413],[139.7636131414617,35.66865281935879],[139.7635345450328,35.668720828426366]]]}},{"type":"Feature","properties":{"height":10.8,"gml_id":"bldg_bb9faed4-73ee-43bf-97d1-90313b46ef22"},"geometry":{"type":"Polygon","coordinates":[[[139.7681355941405,35.67015983528287],[139.7681832312093,35.67012560888088],[139.7682378689539,35.670176204571355],[139.76819023187753,35.67021043189603],[139.7681355941405,35.67015983528287]]]}},{"type":"Feature","properties":{"height":23.9,"gml_id":"bldg_3aa1fd13-9056-4f5d-96f1-c0951204636f"},"geometry":{"type":"Polygon","coordinates":[[[139.7632211911466,35.667596541598236],[139.7632800134533,35.66764367440895],[139.76322949722257,35.66768546784608],[139.76317075102781,35.667639715959794],[139.7632211911466,35.667596541598236]]]}},{"type":"Feature","properties":{"height":49.1,"gml_id":"bldg_315c7292-34c2-4b50-af01-e1be17e91588"},"geometry":{"type":"Polygon","coordinates":[[[139.76460159556746,35.67245330670433],[139.76454762136373,35.6724027088611],[139.7645873468492,35.67237446359118],[139.76488977955347,35.67265838897892],[139.76475952769908,35.672750759675246],[139.7645109587547,35.67251752282357],[139.76460159556746,35.67245330670433]]]}},{"type":"Feature","properties":{"height":7.5,"gml_id":"bldg_d8e78985-028c-4bc6-93d2-d87f1d2c0cbf"},"geometry":{"type":"Polygon","coordinates":[[[139.76634448680144,35.67447579772375],[139.76639769070857,35.67452585259223],[139.76629284177113,35.6745960211031],[139.7662412075748,35.674544722267925],[139.76634448680144,35.67447579772375]]]}},{"type":"Feature","properties":{"height":15.0,"gml_id":"bldg_8b7489c7-dd63-4194-adac-597c8fd3ec84"},"geometry":{"type":"Polygon","coordinates":[[[139.76256815005812,35.67032245463157],[139.76251936743864,35.67027510385735],[139.76258966432042,35.67022665129668],[139.7626383366486,35.6702738217034],[139.76256815005812,35.67032245463157]]]}},{"type":"Feature","properties":{"height":22.4,"gml_id":"bldg_f4721e5c-da47-47a8-b94f-e82655a7c48a"},"geometry":{"type":"Polygon","coordinates":[[[139.77491414657084,35.67220753897143],[139.7748640203652,35.672082422090824],[139.77493658785951,35.67206305975834],[139.77498660369474,35.67218818556941],[139.77491414657084,35.67220753897143]]]}},{"type":"Feature","properties":{"height":24.3,"gml_id":"bldg_b960486b-373c-4b61-b99a-2fe8f711d956"},"geometry":{"type":"Polygon","coordinates":[[[139.7682216012955,35.67266110207678],[139.76832262709493,35.672791332940925],[139.76830946509486,35.6727981221856],[139.76833666651987,35.67283319126415],[139.7683003190239,35.672851965263426],[139.76817209185003,35.67268667428543],[139.7682216012955,35.67266110207678]]]}},{"type":"Feature","properties":{"height":21.4,"gml_id":"bldg_4eabeaea-2e1b-4ea4-af46-8870fde1f423"},"geometry":{"type":"Polygon","coordinates":[[[139.77343403198955,35.674000814235185],[139.77356482673437,35.67399934689676],[139.7735676824879,35.67416952658684],[139.77343677706435,35.674170904637215],[139.77343403198955,35.674000814235185]]]}},{"type":"Feature","properties":{"height":28.2,"gml_id":"bldg_e740a68e-3754-4f1f-9834-3d5ea9a7df5b"},"geometry":{"type":"Polygon","coordinates":[[[139.76497717769098,35.667012019745805],[139.7649247796951,35.666969345997806],[139.76496226213402,35.66693866559367],[139.7649463341239,35.66692569569561],[139.76503806704216,35.6668506182529],[139.76510639303956,35.66690627174664],[139.76497717769098,35.667012019745805]]]}},{"type":"Feature","properties":{"height":26.2,"gml_id":"bldg_eaf17805-e3fc-4a0d-a4a7-3a878f0fe71a"},"geometry":{"type":"Polygon","coordinates":[[[139.76886260826677,35.669533682111265],[139.7688730953617,35.66954206959692],[139.76877991789544,35.66961467127793],[139.76875276294822,35.6695915815585],[139.76884693528885,35.66951807995898],[139.76886404513473,35.66953260123248],[139.76886260826677,35.669533682111265]]]}},{"type":"Feature","properties":{"height":21.7,"gml_id":"bldg_be271174-58eb-4a98-a224-c153fce669d6"},"geometry":{"type":"Polygon","coordinates":[[[139.7720300639324,35.67443688579606],[139.77193075876067,35.67447264673226],[139.7719032028808,35.674421633010574],[139.77200251904833,35.67438587210238],[139.7720300639324,35.67443688579606]]]}},{"type":"Feature","properties":{"height":27.3,"gml_id":"bldg_8b85a126-604d-438c-81af-9e162adfca9c"},"geometry":{"type":"Polygon","coordinates":[[[139.76459854257254,35.66821890579683],[139.76462797022134,35.66824328671843],[139.764597450539,35.668268679021914],[139.76451665039073,35.668203012876695],[139.7645642927856,35.66816301910759],[139.7646153992772,35.668205358759074],[139.76459854257254,35.66821890579683]]]}},{"type":"Feature","properties":{"height":32.2,"gml_id":"bldg_4b5be28e-d0e1-4c76-9f59-6d3dde54dd59"},"geometry":{"type":"Polygon","coordinates":[[[139.7674477676757,35.674837225941964],[139.76733877508076,35.67490932112876],[139.76730239382175,35.674873778089164],[139.76728274169267,35.67488685524035],[139.7671911833728,35.67479526157951],[139.76731751963214,35.674709610377384],[139.7674477676757,35.674837225941964]]]}},{"type":"Feature","properties":{"height":25.2,"gml_id":"bldg_32cec927-4f2c-47b8-b1aa-7ad14b7cd2ba"},"geometry":{"type":"Polygon","coordinates":[[[139.7730835532385,35.6674863969267],[139.77309788200895,35.667498058857454],[139.77308574619718,35.66750797691098],[139.7730736252509,35.66749810981739],[139.77301432886705,35.66754505972798],[139.77295245459982,35.66749480417429],[139.77304969590324,35.66741527962144],[139.7730715201962,35.667433056621604],[139.77304767963545,35.667452541402376],[139.77305392776074,35.667457637291875],[139.77307510463112,35.66744033340279],[139.7731075595968,35.667466768002065],[139.7730835532385,35.6674863969267]]]}},{"type":"Feature","properties":{"height":13.3,"gml_id":"bldg_7b844f95-021f-48a8-9146-73e873a73ef5"},"geometry":{"type":"Polygon","coordinates":[[[139.7699225056244,35.67445289336632],[139.76985339980808,35.674379214805526],[139.76984524365216,35.674383770549646],[139.7698054243154,35.67433636528677],[139.76981099897716,35.674313500402825],[139.76999471754104,35.67421668159295],[139.77019854092168,35.67445634555614],[139.77009286345287,35.67448885759435],[139.77008980672542,35.67448474572951],[139.77003448464427,35.67451218058274],[139.77002131973205,35.67449450765839],[139.77000371450757,35.674504161114925],[139.7699562984872,35.67448004157397],[139.7699225056244,35.67445289336632]]]}},{"type":"Feature","properties":{"height":27.6,"gml_id":"bldg_981a3375-00d9-4229-85b7-34f0a409489c"},"geometry":{"type":"Polygon","coordinates":[[[139.77358872346716,35.67276555960105],[139.77333846519184,35.67283637321853],[139.7732954922817,35.67273529887944],[139.773412434427,35.67270175394794],[139.77340183687897,35.672677384562824],[139.77339503076035,35.67267929208569],[139.7733761743509,35.672634845011025],[139.773516274501,35.6725951641435],[139.77358872346716,35.67276555960105]]]}},{"type":"Feature","properties":{"height":6.9,"gml_id":"bldg_b6e7a81b-a9de-4b01-bd6a-8a0f4af79ac3"},"geometry":{"type":"Polygon","coordinates":[[[139.76739676722602,35.672241424661635],[139.7673163138735,35.672283564834245],[139.76727338784855,35.67222900822627],[139.76735373070375,35.672186868021406],[139.76739676722602,35.672241424661635]]]}},{"type":"Feature","properties":{"height":11.9,"gml_id":"bldg_81b3821f-8a16-42b4-b54a-6cb81dc5d377"},"geometry":{"type":"Polygon","coordinates":[[[139.77320047645603,35.6669671919701],[139.77329266082293,35.66688377075337],[139.77336199021062,35.666934732921874],[139.7732698057896,35.667018244328354],[139.77320047645603,35.6669671919701]]]}},{"type":"Feature","properties":{"height":28.6,"gml_id":"bldg_afb6204b-50a2-46c5-bf81-d83726c21844"},"geometry":{"type":"Polygon","coordinates":[[[139.77297733625514,35.669922323773655],[139.77301341296354,35.66998129166904],[139.77286899449902,35.67004034932942],[139.77283280740832,35.66998138133596],[139.77297733625514,35.669922323773655]]]}},{"type":"Feature","properties":{"height":12.5,"gml_id":"bldg_afd419c0-5ff9-4b21-b633-0e2557ad2915"},"geometry":{"type":"Polygon","coordinates":[[[139.76969120558041,35.6700576405478],[139.76974625217787,35.67001169958912],[139.76976303183483,35.670025048774136],[139.76970798523783,35.67007098974038],[139.76969120558041,35.6700576405478]]]}},{"type":"Feature","properties":{"height":32.6,"gml_id":"bldg_8531755d-2c69-4d5c-9fe8-0b3147c611ac"},"geometry":{"type":"Polygon","coordinates":[[[139.77494016625587,35.67078996205788],[139.77490543756173,35.670697734727845],[139.77495700008456,35.67068480700276],[139.7749500759449,35.67066703757873],[139.77504112507918,35.67064425891923],[139.7750824687243,35.670754336601625],[139.77494016625587,35.67078996205788]]]}},{"type":"Feature","properties":{"height":3.5,"gml_id":"bldg_9e9394d7-a735-4497-86e2-c673362bc030"},"geometry":{"type":"Polygon","coordinates":[[[139.7675165915584,35.66943915700548],[139.76756325335825,35.66939517654983],[139.76758879930006,35.669413218869835],[139.76754213750442,35.669457198433896],[139.7675165915584,35.66943915700548]]]}},{"type":"Feature","properties":{"height":17.1,"gml_id":"bldg_dd6d06a3-90d1-4179-abe3-1a4506d9ccd4"},"geometry":{"type":"Polygon","coordinates":[[[139.77054917367147,35.67188075768811],[139.77051959344075,35.671849735027656],[139.77058347379665,35.67180911640933],[139.77061305410763,35.67184004891703],[139.77054917367147,35.67188075768811]]]}},{"type":"Feature","properties":{"height":10.4,"gml_id":"bldg_121f8bb7-ebff-4ae7-92b5-a2f04fe0550d"},"geometry":{"type":"Polygon","coordinates":[[[139.76263882322678,35.66814338086249],[139.7625877216052,35.66809674983691],[139.7626225276814,35.6680713605595],[139.7626310482942,35.668079135402934],[139.76264432301684,35.668069444416695],[139.762686904031,35.668108300579654],[139.76263882322678,35.66814338086249]]]}},{"type":"Feature","properties":{"height":14.3,"gml_id":"bldg_204f38ca-82af-41ba-ae3b-dc961876e74d"},"geometry":{"type":"Polygon","coordinates":[[[139.77076697857387,35.67192107229614],[139.7708706287305,35.67201892508428],[139.7708373605465,35.672042344422266],[139.77073348961224,35.67194431031512],[139.77076697857387,35.67192107229614]]]}},{"type":"Feature","properties":{"height":11.4,"gml_id":"bldg_3ba53430-9357-49e5-803e-5fda39d8c011"},"geometry":{"type":"Polygon","coordinates":[[[139.76845215881926,35.66936589633724],[139.7685114100223,35.669311485293086],[139.76859619458523,35.669372914435044],[139.76853705385545,35.66942732557981],[139.76845215881926,35.66936589633724]]]}},{"type":"Feature","properties":{"height":49.6,"gml_id":"bldg_3a1da9d8-dddc-4d98-b876-d298c076a431"},"geometry":{"type":"Polygon","coordinates":[[[139.76783310428883,35.673201895375456],[139.76795683008353,35.673319754018415],[139.7679417096332,35.67333030989729],[139.76802700105108,35.67341156086436],[139.7680346275956,35.6734062378872],[139.76809106206457,35.67346423576426],[139.76808586716837,35.67346786458037],[139.76812065937207,35.6735010007668],[139.7678448537988,35.673693771893426],[139.76755217884423,35.67341495295822],[139.76758348098426,35.67339307570936],[139.76757587576344,35.67338583443393],[139.76771604989213,35.673287867680564],[139.76770765020356,35.67327953441787],[139.76783310428883,35.673201895375456]]]}},{"type":"Feature","properties":{"height":24.3,"gml_id":"bldg_1efd9685-bd0b-48d9-b758-e76f55d63b8b"},"geometry":{"type":"Polygon","coordinates":[[[139.76548235870237,35.66981683821175],[139.76543238936398,35.66986476400736],[139.76534252623213,35.66980242840295],[139.76537897518645,35.66976739456878],[139.76540386970296,35.66978464287347],[139.7654172796382,35.66977175178518],[139.76548235870237,35.66981683821175]]]}},{"type":"Feature","properties":{"height":19.7,"gml_id":"bldg_c9dc3413-4a16-4426-b518-e51ba2fcbaf2"},"geometry":{"type":"Polygon","coordinates":[[[139.77224627498376,35.67299816133635],[139.77225652375498,35.67303043568511],[139.77210737011387,35.67306208826145],[139.77209712146754,35.67302972376298],[139.77224627498376,35.67299816133635]]]}},{"type":"Feature","properties":{"height":25.7,"gml_id":"bldg_b85dd087-5960-4fa1-b1a6-5ad19420ac2c"},"geometry":{"type":"Polygon","coordinates":[[[139.76942929614668,35.6715866805855],[139.76952147002166,35.6715280509807],[139.76958360959335,35.67159316303322],[139.7694914356881,35.67165179358629],[139.76942929614668,35.6715866805855]]]}},{"type":"Feature","properties":{"height":47.9,"gml_id":"bldg_172fd568-6ae3-4ac1-bc37-2843d8a12834"},"geometry":{"type":"Polygon","coordinates":[[[139.7633597847884,35.66886116008649],[139.76329554513964,35.66880577840844],[139.76340508520076,35.66872120310085],[139.76346932485765,35.66877658472127],[139.7633597847884,35.66886116008649]]]}},{"type":"Feature","properties":{"height":8.4,"gml_id":"bldg_41c1b952-7295-4b76-bc6f-acc1a95971a8"},"geometry":{"type":"Polygon","coordinates":[[[139.77350605717436,35.6720760583536],[139.7735325229685,35.672137455004474],[139.7734949567947,35.67214825281816],[139.7734684910258,35.67208685615915],[139.77350605717436,35.6720760583536]]]}},{"type":"Feature","properties":{"height":24.3,"gml_id":"bldg_0bc4ac53-05e4-46cf-a0c9-612453817943"},"geometry":{"type":"Polygon","coordinates":[[[139.77195030959462,35.67433105105161],[139.7718819526295,35.67435899479274],[139.77185900391677,35.67432163019393],[139.77183660500552,35.67433080374382],[139.77180673852394,35.67428230364862],[139.7718975716427,35.67424521257184],[139.77195030959462,35.67433105105161]]]}},{"type":"Feature","properties":{"height":16.4,"gml_id":"bldg_359895cb-7a7a-4c03-9096-261c072c3cad"},"geometry":{"type":"Polygon","coordinates":[[[139.77051364093424,35.672256611708676],[139.77054697275278,35.67229322483742],[139.77047303583672,35.672338705597454],[139.77043815674213,35.67230308315062],[139.77051364093424,35.672256611708676]]]}},{"type":"Feature","properties":{"height":11.4,"gml_id":"bldg_5f61fb12-c686-423f-9176-49487d4b6fc1"},"geometry":{"type":"Polygon","coordinates":[[[139.77239204166847,35.668557079143284],[139.77238797280154,35.66853319068445],[139.7724236760422,35.66850075930083],[139.77250029274012,35.66855686256603],[139.7724518778316,35.66860082602873],[139.77239204166847,35.668557079143284]]]}},{"type":"Feature","properties":{"height":15.6,"gml_id":"bldg_1dca6f08-556d-47dd-8585-2a5462d84357"},"geometry":{"type":"Polygon","coordinates":[[[139.7729206342004,35.67158145306141],[139.77279721733782,35.671618888199085],[139.77276689004808,35.67155217133799],[139.77289030682203,35.67151473623089],[139.7729206342004,35.67158145306141]]]}},{"type":"Feature","properties":{"height":17.7,"gml_id":"bldg_d9fa43c1-d2ac-4f5d-9b7e-486b3be139f8"},"geometry":{"type":"Polygon","coordinates":[[[139.77245494844288,35.66775723200732],[139.77251761791698,35.66770552482456],[139.77254863787087,35.66773059867563],[139.77248596832874,35.66778239601165],[139.77245494844288,35.66775723200732]]]}},{"type":"Feature","properties":{"height":14.6,"gml_id":"bldg_2e796465-5c4b-49ec-b8d8-cc3e8188acf5"},"geometry":{"type":"Polygon","coordinates":[[[139.76827799191534,35.66905608955053],[139.7683119899954,35.669085493589876],[139.7682107446622,35.66916331844529],[139.7681767465864,35.669133914377745],[139.76827799191534,35.66905608955053]]]}},{"type":"Feature","properties":{"height":12.3,"gml_id":"bldg_dc905fc6-544f-4d7f-a48e-84002db32eb4"},"geometry":{"type":"Polygon","coordinates":[[[139.7717518551101,35.67224400115065],[139.77169992187078,35.67226299354973],[139.77168050710324,35.672227739925866],[139.77173918063423,35.672206227138666],[139.7717518551101,35.67224400115065]]]}},{"type":"Feature","properties":{"height":34.4,"gml_id":"bldg_b79bb14a-b15c-42cf-abbd-f63c9852c918"},"geometry":{"type":"Polygon","coordinates":[[[139.7705130109432,35.667618639883024],[139.77054723015277,35.66764804341378],[139.77035089178958,35.66779986741556],[139.7702705320674,35.667730598958194],[139.7704679314178,35.66757800857056],[139.770514182477,35.66761778418919],[139.7705130109432,35.667618639883024]]]}},{"type":"Feature","properties":{"height":42.8,"gml_id":"bldg_a2457437-c24a-41cd-923c-178f99845f50"},"geometry":{"type":"Polygon","coordinates":[[[139.77110675323453,35.67350578086306],[139.77107996393914,35.6735213787927],[139.77106727638784,35.67352903390127],[139.77108427323785,35.67354843121868],[139.77099245562584,35.673601979342735],[139.77092700692523,35.67352713059494],[139.77105841166855,35.673450492703076],[139.77110675323453,35.67350578086306]]]}},{"type":"Feature","properties":{"height":15.5,"gml_id":"bldg_194eae35-14cb-4723-ab78-79e3800dae30"},"geometry":{"type":"Polygon","coordinates":[[[139.76528669425664,35.67298352280974],[139.765249058139,35.672944832638805],[139.7653767163918,35.67286242913611],[139.76541424206644,35.67290111920536],[139.76528669425664,35.67298352280974]]]}},{"type":"Feature","properties":{"height":28.0,"gml_id":"bldg_8f157eac-af27-48b8-b200-5346749a6064"},"geometry":{"type":"Polygon","coordinates":[[[139.76693843826214,35.67059816793949],[139.76691304197064,35.670572545919974],[139.76689366721482,35.67058535275857],[139.7668566157773,35.67054801455594],[139.76699460409878,35.67045681940453],[139.76705708492904,35.67051986791292],[139.76693843826214,35.67059816793949]]]}},{"type":"Feature","properties":{"height":21.2,"gml_id":"bldg_84770f0a-36ad-4d64-9098-03542b6e1b20"},"geometry":{"type":"Polygon","coordinates":[[[139.7686754820913,35.66940225167154],[139.76863916391264,35.66937302766582],[139.7686697820865,35.66934771642002],[139.76874937302645,35.669411755746246],[139.76862734220555,35.66951282433013],[139.7685840693705,35.669478098193174],[139.7686754820913,35.66940225167154]]]}},{"type":"Feature","properties":{"height":21.0,"gml_id":"bldg_0d2ff680-c086-4cdd-993a-d01a7d9b860b"},"geometry":{"type":"Polygon","coordinates":[[[139.7707829810392,35.67244990714307],[139.77077947143863,35.67244580407283],[139.77075301648273,35.67241554926307],[139.77083777088004,35.67236620705654],[139.77092374420843,35.67246792742124],[139.77082052294932,35.672527543865606],[139.77077670723747,35.672477404773154],[139.7707889305403,35.672469947754706],[139.77077535522514,35.672454644403224],[139.7707829810392,35.67244990714307]]]}},{"type":"Feature","properties":{"height":54.7,"gml_id":"bldg_796f8e9c-c7d3-40d3-8277-ce4920ac5103"},"geometry":{"type":"Polygon","coordinates":[[[139.7665894374446,35.67402668960993],[139.76631442830106,35.674224838847636],[139.76600303995878,35.67393712723478],[139.7661168018564,35.6738551568627],[139.76617694898889,35.673910733011844],[139.766203024944,35.67389081820155],[139.76634262729982,35.67379273555939],[139.7665894374446,35.67402668960993]]]}},{"type":"Feature","properties":{"height":35.7,"gml_id":"bldg_e853d77b-c443-4a5b-a57b-25f073c8a6b0"},"geometry":{"type":"Polygon","coordinates":[[[139.7696933784809,35.66996425941891],[139.7696957628862,35.66996624370042],[139.7696779229836,35.66998051202456],[139.76971576450478,35.670011863760266],[139.76972084232716,35.67001619303488],[139.769685803526,35.670044297367305],[139.76955962871526,35.669939400889604],[139.769765550063,35.66977464858689],[139.7698463548125,35.66984193367037],[139.7696933784809,35.66996425941891]]]}},{"type":"Feature","properties":{"height":35.5,"gml_id":"bldg_ef07160d-71c5-49b3-bce0-25b17ab91e7e"},"geometry":{"type":"Polygon","coordinates":[[[139.77453322732475,35.66927356390587],[139.7745845312206,35.669356154756606],[139.77450398055626,35.66938946624785],[139.7745204199718,35.66941579438307],[139.7744755590722,35.66943434075674],[139.77439035697958,35.669333615665764],[139.77453322732475,35.66927356390587]]]}},{"type":"Feature","properties":{"height":55.8,"gml_id":"bldg_4d653b89-3ebb-499a-8e5f-1d22866e3c6d"},"geometry":{"type":"Polygon","coordinates":[[[139.77037217838296,35.673889284653335],[139.7702748331232,35.67377863527443],[139.77026410493158,35.67376690279576],[139.77030094130978,35.67374447790271],[139.77031166949672,35.67375621939185],[139.77033000479346,35.67374505196471],[139.77031885719134,35.67373285055757],[139.77042482341295,35.673668836389744],[139.77054490947071,35.67379932771102],[139.77053383583996,35.67383366423847],[139.77037217838296,35.673889284653335]]]}},{"type":"Feature","properties":{"height":30.7,"gml_id":"bldg_6d414b63-1f2e-4af5-8636-69c1eea500c4"},"geometry":{"type":"Polygon","coordinates":[[[139.77187640954259,35.672295208691345],[139.77187370957722,35.67228681643199],[139.77188050430726,35.6722853587743],[139.77187823412032,35.67227831789249],[139.77200451657663,35.6722512689782],[139.77205245503083,35.672400290341905],[139.77201163266585,35.67245067433637],[139.77192621779878,35.67246896473298],[139.77187070859765,35.672296431648775],[139.77187640954259,35.672295208691345]]]}},{"type":"Feature","properties":{"height":14.0,"gml_id":"bldg_335f329c-ccfc-4e42-bea5-b8127eda5243"},"geometry":{"type":"Polygon","coordinates":[[[139.77076106900486,35.6668958222189],[139.77078339490484,35.66687861757821],[139.7708261154953,35.66691271169128],[139.77080412117934,35.66692964609983],[139.77078381043975,35.66691232917441],[139.7706223329788,35.66703834738262],[139.77058943723904,35.66701182985745],[139.7707519080442,35.66688680372022],[139.77076106900486,35.6668958222189]]]}},{"type":"Feature","properties":{"height":8.6,"gml_id":"bldg_82a6406d-14b0-42e9-84d7-91cecf767268"},"geometry":{"type":"Polygon","coordinates":[[[139.7650250886796,35.6701435537504],[139.7650599027481,35.67017377941482],[139.7650162084242,35.67020730284464],[139.76501929908068,35.670209990690466],[139.76497567104286,35.67024346096194],[139.764937755275,35.67021054832079],[139.7650250886796,35.6701435537504]]]}},{"type":"Feature","properties":{"height":50.4,"gml_id":"bldg_c2ee8e92-bd4b-4ee4-badb-6561a0ce0126"},"geometry":{"type":"Polygon","coordinates":[[[139.7634338070731,35.67130350103599],[139.7633795136496,35.67134196715131],[139.76337112526107,35.6713340932906],[139.76335518648918,35.67134540527483],[139.76334826606842,35.67133891136648],[139.76334164517448,35.6713436126857],[139.76335693190603,35.67135796241637],[139.763313835343,35.671388493911216],[139.7632500398931,35.67132815493734],[139.7633754940864,35.671239172227295],[139.76338349614113,35.67124670334161],[139.7633878290568,35.67124356908018],[139.76337516922322,35.671231690641726],[139.76324540419304,35.671323825648265],[139.76317818620421,35.67126150162269],[139.76333215726106,35.67115275944177],[139.76341104074322,35.671227186584346],[139.76341338397265,35.67122558440225],[139.7634252218689,35.671217297741585],[139.76346594951693,35.671255719874694],[139.76344457272666,35.67127073335893],[139.76345077570033,35.67127657785679],[139.76342476751262,35.67129497781235],[139.7634338070731,35.67130350103599]]]}},{"type":"Feature","properties":{"height":6.8,"gml_id":"bldg_d7613fa9-95b4-4b52-a6a1-737a55fb37af"},"geometry":{"type":"Polygon","coordinates":[[[139.77271802190145,35.66916891574952],[139.7727080766847,35.66917385026948],[139.7726799046358,35.66913599732518],[139.7727515101102,35.669100518355165],[139.77278902874113,35.66915092400295],[139.77272735740374,35.66918147658106],[139.77271802190145,35.66916891574952]]]}},{"type":"Feature","properties":{"height":25.3,"gml_id":"bldg_9511c268-7127-4939-9d1c-267a7e5db504"},"geometry":{"type":"Polygon","coordinates":[[[139.77427568902127,35.671670640132874],[139.77426947014658,35.67165527768478],[139.77431674723263,35.671642537422436],[139.77435125970086,35.67172800540482],[139.7742628705509,35.671751847561744],[139.7742344114501,35.6716815895913],[139.77426764574827,35.671672628222225],[139.77427568902127,35.671670640132874]]]}},{"type":"Feature","properties":{"height":12.1,"gml_id":"bldg_d554eaa6-a2ad-44b7-a889-4b99497269df"},"geometry":{"type":"Polygon","coordinates":[[[139.7702044159951,35.66766854980545],[139.77017880743475,35.6676458217604],[139.77024368498013,35.6675972717268],[139.77026918308468,35.66761999970037],[139.7702044159951,35.66766854980545]]]}},{"type":"Feature","properties":{"height":18.3,"gml_id":"bldg_ad715565-da2d-48f2-9147-97e3c7144eb8"},"geometry":{"type":"Polygon","coordinates":[[[139.76498996115095,35.668861194976415],[139.76508257963482,35.668929211067585],[139.76497767172134,35.66902397604866],[139.76488527413846,35.66895596000344],[139.76498996115095,35.668861194976415]]]}},{"type":"Feature","properties":{"height":38.1,"gml_id":"bldg_e06afad1-7340-465b-89a4-bddede898fb3"},"geometry":{"type":"Polygon","coordinates":[[[139.76326033547355,35.67054414655798],[139.76325403331927,35.67053811270353],[139.76318098486502,35.67058790709268],[139.763178556733,35.670585562107696],[139.76312384408075,35.670623838579886],[139.76295619217467,35.67046284559134],[139.76322356145954,35.670279932657074],[139.76331512299748,35.6703694021595],[139.76329027614295,35.670386414649435],[139.76330087151098,35.67039676857696],[139.76324388302717,35.67043560263275],[139.763254478829,35.67044546080924],[139.76333603781075,35.67038984754928],[139.76336732728427,35.670420423188155],[139.76341550312947,35.67046756594984],[139.7633423775472,35.67051732433788],[139.76334364649261,35.670518901577225],[139.7632800917811,35.67056307787707],[139.76340105798707,35.67067898366191],[139.7633198294382,35.67073540658835],[139.7632633417618,35.67068123815813],[139.76327153204613,35.6706755462453],[139.76318735252255,35.67059482433481],[139.76326033547355,35.67054414655798]]]}},{"type":"Feature","properties":{"height":34.5,"gml_id":"bldg_1a4439c5-769d-427e-8744-7ccf8f986a66"},"geometry":{"type":"Polygon","coordinates":[[[139.7674781159315,35.67391978037709],[139.76745800449507,35.67390062421891],[139.76756979538737,35.6738224912423],[139.76761108897523,35.673861831667764],[139.76746719985886,35.673962409336404],[139.7674460066776,35.673942225019694],[139.7674781159315,35.67391978037709]]]}},{"type":"Feature","properties":{"height":35.0,"gml_id":"bldg_52a0d09c-8c88-46a4-8009-b37f840abdc0"},"geometry":{"type":"Polygon","coordinates":[[[139.76946458931803,35.669853539774415],[139.76932119588133,35.66973258856231],[139.76948312409777,35.669604770552745],[139.76951314946632,35.66963011506237],[139.76955338270525,35.66959840803608],[139.7696886075284,35.669712503318166],[139.76962881031815,35.669759614426425],[139.7696069535851,35.66974112380574],[139.76946458931803,35.669853539774415]]]}},{"type":"Feature","properties":{"height":30.6,"gml_id":"bldg_a132122d-fa11-4568-b4cf-5d8086117d26"},"geometry":{"type":"Polygon","coordinates":[[[139.7672164348248,35.674850890137265],[139.7672466789574,35.6748803816246],[139.7671006672736,35.67498008334058],[139.76707042308274,35.67495068195429],[139.7672164348248,35.674850890137265]]]}},{"type":"Feature","properties":{"height":6.6,"gml_id":"bldg_390f29a7-bf3e-4c0f-a53f-4f952dfc5f96"},"geometry":{"type":"Polygon","coordinates":[[[139.7657930181689,35.66819481194496],[139.7658215379843,35.668169588576326],[139.76583754475016,35.66818131630748],[139.76584136758814,35.668232696744354],[139.7657930181689,35.66819481194496]]]}},{"type":"Feature","properties":{"height":21.8,"gml_id":"bldg_655f35df-919d-4e42-9190-5eefcd88fd2f"},"geometry":{"type":"Polygon","coordinates":[[[139.76248443191653,35.671183397062926],[139.7625488722608,35.671138095893696],[139.76263926652547,35.67122368930685],[139.76257471570028,35.67126898955749],[139.76248443191653,35.671183397062926]]]}},{"type":"Feature","properties":{"height":29.2,"gml_id":"bldg_967e5d8b-b81e-4385-b5fb-a9a55a7c2383"},"geometry":{"type":"Polygon","coordinates":[[[139.76938659992976,35.6705501698085],[139.76947690497155,35.670478738832955],[139.76953121625795,35.670524467246814],[139.76944080075006,35.67059589820391],[139.76938659992976,35.6705501698085]]]}},{"type":"Feature","properties":{"height":10.4,"gml_id":"bldg_08119c57-71c7-4c19-90af-7ef72e3b58d8"},"geometry":{"type":"Polygon","coordinates":[[[139.77475656325603,35.67292468489222],[139.77474376974232,35.672896555832494],[139.77488243499744,35.67285497979566],[139.77489511808722,35.672883108787296],[139.77475656325603,35.67292468489222]]]}},{"type":"Feature","properties":{"height":64.9,"gml_id":"bldg_4eb1f2f1-34af-4854-a689-9527b86ebd81"},"geometry":{"type":"Polygon","coordinates":[[[139.7653479784091,35.66857027202807],[139.76530319512733,35.66853445319291],[139.76538001907034,35.66847050806368],[139.76560367093668,35.6686494025778],[139.76547646368527,35.668755297331515],[139.76544968412682,35.66873388363079],[139.7653795143921,35.66879229812367],[139.76540718806967,35.66881443344295],[139.7652793170746,35.66892086843485],[139.7650538879801,35.66874054634574],[139.76513507858675,35.6686729722173],[139.76518073390983,35.66870949377769],[139.7653479784091,35.66857027202807]]]}},{"type":"Feature","properties":{"height":8.9,"gml_id":"bldg_795abe14-d262-4fc4-8780-bb80d52b88cf"},"geometry":{"type":"Polygon","coordinates":[[[139.7727177524412,35.6691892866544],[139.77278891610226,35.669153808341456],[139.77281385515874,35.66918708155946],[139.77274269147912,35.66922255988694],[139.7727177524412,35.6691892866544]]]}},{"type":"Feature","properties":{"height":14.1,"gml_id":"bldg_08ef7512-582e-4e15-a849-d84e68842d4c"},"geometry":{"type":"Polygon","coordinates":[[[139.77110769030966,35.67272545383546],[139.77116685231405,35.67278695802855],[139.7710931348956,35.672834151887436],[139.77103397291305,35.67277264765862],[139.77110769030966,35.67272545383546]]]}},{"type":"Feature","properties":{"height":8.3,"gml_id":"bldg_15cfec25-64b5-4a0f-87c2-c4b4a62d4b1b"},"geometry":{"type":"Polygon","coordinates":[[[139.77347908099642,35.66914712266407],[139.77352255134963,35.669215828021564],[139.7734678559369,35.66923887690385],[139.77342438568678,35.66917007958683],[139.77347908099642,35.66914712266407]]]}},{"type":"Feature","properties":{"height":30.2,"gml_id":"bldg_974ff90b-43d3-435b-b225-791febcebf19"},"geometry":{"type":"Polygon","coordinates":[[[139.77292502265445,35.6723397984446],[139.7728867931047,35.67235113655909],[139.77287690135378,35.672328606281674],[139.77286092454796,35.672333276384784],[139.772833399704,35.6722705991067],[139.7729445521895,35.67223811533782],[139.77299186066335,35.67234585312944],[139.77293491429808,35.67236249096512],[139.77292502265445,35.6723397984446]]]}},{"type":"Feature","properties":{"height":28.0,"gml_id":"bldg_8422c653-cb6c-41f1-8eb0-59dfd6c40269"},"geometry":{"type":"Polygon","coordinates":[[[139.765531689097,35.66778120500854],[139.76558456521232,35.66782116562151],[139.765555382312,35.667846838347735],[139.76545691576655,35.667772419559284],[139.7655025694051,35.667732153882575],[139.76554815976104,35.66776669315194],[139.765531689097,35.66778120500854]]]}},{"type":"Feature","properties":{"height":16.6,"gml_id":"bldg_228037bd-4593-4e9f-a198-5e59814a0f29"},"geometry":{"type":"Polygon","coordinates":[[[139.77030578175658,35.67136729855657],[139.77040337404839,35.671300287438534],[139.7704441042379,35.671339788861744],[139.77034651193193,35.67140680001231],[139.77030578175658,35.67136729855657]]]}},{"type":"Feature","properties":{"height":3.8,"gml_id":"bldg_71c1b91f-709f-4383-8e78-f0764d711704"},"geometry":{"type":"Polygon","coordinates":[[[139.7706057186954,35.671035993227974],[139.77057379789647,35.67100373357464],[139.77059180167888,35.67099187277342],[139.77056372199334,35.670963491924695],[139.7705932640971,35.67094402864625],[139.77065326458552,35.67100467724144],[139.7706057186954,35.671035993227974]]]}},{"type":"Feature","properties":{"height":7.8,"gml_id":"bldg_67bae137-46cc-42a1-a9bd-14d8a8292968"},"geometry":{"type":"Polygon","coordinates":[[[139.77210988972976,35.673943162547985],[139.77219613371722,35.673911587114176],[139.77222222311866,35.67395902157904],[139.77210988972976,35.673943162547985]]]}},{"type":"Feature","properties":{"height":6.9,"gml_id":"bldg_6bc6d31d-9e96-492b-8a26-1b7b66f8cff8"},"geometry":{"type":"Polygon","coordinates":[[[139.76660632609568,35.67165320387398],[139.76667949522255,35.671735900308924],[139.7666285459202,35.67176615822972],[139.76655460304232,35.67168409229628],[139.76660632609568,35.67165320387398]]]}},{"type":"Feature","properties":{"height":29.1,"gml_id":"bldg_5af8f857-a124-48d0-959a-25396ce236a6"},"geometry":{"type":"Polygon","coordinates":[[[139.76924854239311,35.67121485914717],[139.76920095132763,35.67124657115773],[139.7691662382185,35.671211885853],[139.76914895246384,35.67122340520282],[139.76910724158486,35.6711817314101],[139.76917211838753,35.67113849918406],[139.76924854239311,35.67121485914717]]]}},{"type":"Feature","properties":{"height":18.2,"gml_id":"bldg_50dbfae6-0ca6-44fe-9d4c-b1a9553f9ed4"},"geometry":{"type":"Polygon","coordinates":[[[139.77412188732887,35.671793151341696],[139.7740850489293,35.671716336233295],[139.77413421724486,35.67170058638718],[139.77417149694378,35.67177821293337],[139.77412188732887,35.671793151341696]]]}},{"type":"Feature","properties":{"height":9.6,"gml_id":"bldg_6cbe7410-6304-46ac-9a6d-dbfc002bb559"},"geometry":{"type":"Polygon","coordinates":[[[139.7715311264459,35.66996174637668],[139.77145880756495,35.66990368783458],[139.77148909352172,35.66987856409011],[139.77156141239502,35.669936631628],[139.7715311264459,35.66996174637668]]]}},{"type":"Feature","properties":{"height":9.3,"gml_id":"bldg_3f224f44-8efb-4548-b646-e334b365251d"},"geometry":{"type":"Polygon","coordinates":[[[139.77472723047464,35.67285463394232],[139.77484954309017,35.672818008435286],[139.77486608609615,35.67285488172096],[139.7747437734971,35.67289141800864],[139.77472723047464,35.67285463394232]]]}},{"type":"Feature","properties":{"height":7.7,"gml_id":"bldg_e85eba23-5559-41db-83bc-04db91dc101e"},"geometry":{"type":"Polygon","coordinates":[[[139.76755759571162,35.67467566987997],[139.76761849488236,35.67463784458082],[139.76764564633473,35.674666883594774],[139.76758474715473,35.67470470890747],[139.76755759571162,35.67467566987997]]]}},{"type":"Feature","properties":{"height":14.5,"gml_id":"bldg_5d9156a7-70da-4f6d-a5d5-910382f9a15e"},"geometry":{"type":"Polygon","coordinates":[[[139.77022470213817,35.67164677189144],[139.7701313118973,35.67170747455323],[139.77006913918535,35.671641687638484],[139.77016098214517,35.67158193876658],[139.77022470213817,35.67164677189144]]]}},{"type":"Feature","properties":{"height":6.9,"gml_id":"bldg_7d485442-234c-4828-b067-774577de5df8"},"geometry":{"type":"Polygon","coordinates":[[[139.77255505083397,35.66850916338772],[139.7724853136767,35.66845585699019],[139.77253403661112,35.668413417891166],[139.77260377375714,35.66846673327459],[139.77255505083397,35.66850916338772]]]}},{"type":"Feature","properties":{"height":37.0,"gml_id":"bldg_93819c28-db73-4f11-a7cc-5730ae02deb3"},"geometry":{"type":"Polygon","coordinates":[[[139.77363153783293,35.6723828578738],[139.77369143410277,35.67236540092042],[139.77367332869918,35.67232104439921],[139.77372317038615,35.67230652993741],[139.77377356731273,35.67242189456564],[139.77357623307304,35.67247954776192],[139.77352208672002,35.672355942640706],[139.77355198515065,35.67234721417024],[139.7735603995465,35.672366138166836],[139.7736169150375,35.672349409684315],[139.77363153783293,35.6723828578738]]]}},{"type":"Feature","properties":{"height":30.5,"gml_id":"bldg_7e7c018e-7f37-479c-886c-d616494039a2"},"geometry":{"type":"Polygon","coordinates":[[[139.76703522265703,35.66862491664097],[139.766962049392,35.668683645884784],[139.76690575335633,35.66863692369378],[139.7669789266206,35.668578193582356],[139.76703522265703,35.66862491664097]]]}},{"type":"Feature","properties":{"height":13.1,"gml_id":"bldg_8bc27322-ca12-4aec-bbe3-d2a88711cfc4"},"geometry":{"type":"Polygon","coordinates":[[[139.77253867870317,35.66906534766112],[139.77264388484224,35.66914859840521],[139.77260576231492,35.66918101871536],[139.77250021380462,35.66909768844457],[139.77253867870317,35.66906534766112]]]}},{"type":"Feature","properties":{"height":13.7,"gml_id":"bldg_44a78bcd-5439-4f8a-a3e2-98c2619ef585"},"geometry":{"type":"Polygon","coordinates":[[[139.76579989872127,35.67314019993149],[139.76592203393812,35.67305716179438],[139.76594653729276,35.67308115202797],[139.76582433581518,35.673164154097535],[139.76579989872127,35.67314019993149]]]}},{"type":"Feature","properties":{"height":31.7,"gml_id":"bldg_acacd96f-99c6-400f-86d4-7a70e0308ad7"},"geometry":{"type":"Polygon","coordinates":[[[139.76689670436087,35.668626372631316],[139.76685315909998,35.66858863512994],[139.7668641568961,35.668580177303745],[139.76684935482615,35.66856735160051],[139.7669038571495,35.668525783291294],[139.76696246985793,35.66857602211771],[139.76689670436087,35.668626372631316]]]}},{"type":"Feature","properties":{"height":26.5,"gml_id":"bldg_6a909230-5ef5-4b44-829e-25ac5a58df4f"},"geometry":{"type":"Polygon","coordinates":[[[139.7703615038927,35.67200901520989],[139.77025927124697,35.672075933717686],[139.7702463342929,35.672063811585446],[139.7702315243344,35.67207353955521],[139.77022363156408,35.67206658583267],[139.77021519872815,35.67207212485667],[139.7701651980397,35.67202144057077],[139.77029616336242,35.67193948515919],[139.7703615038927,35.67200901520989]]]}},{"type":"Feature","properties":{"height":9.1,"gml_id":"bldg_2c89f59b-5add-43a7-b71e-dfd9f400a769"},"geometry":{"type":"Polygon","coordinates":[[[139.77333432676815,35.66936211833368],[139.77335507061207,35.66939268522783],[139.77327120232246,35.6694303208339],[139.77325056902956,35.669399663843336],[139.77333432676815,35.66936211833368]]]}},{"type":"Feature","properties":{"height":26.3,"gml_id":"bldg_bde79136-d2e6-4ee3-80dd-d8f8db24c2c5"},"geometry":{"type":"Polygon","coordinates":[[[139.7697179445615,35.67035493660653],[139.76973508892632,35.67036814176765],[139.7697124175067,35.6703877256463],[139.76969171842904,35.670371769414785],[139.76961791186267,35.67043554761121],[139.76955917067156,35.67039027659003],[139.76964934797144,35.67031236544289],[139.76966220898433,35.67032227743516],[139.7696742134484,35.67031190897565],[139.76972364834015,35.6703500091079],[139.7697179445615,35.67035493660653]]]}},{"type":"Feature","properties":{"height":19.1,"gml_id":"bldg_4e4926ee-c075-4d2c-ba94-ca7e3967dbb1"},"geometry":{"type":"Polygon","coordinates":[[[139.77165039245696,35.66987541089438],[139.7717348308312,35.6698162338886],[139.77177334995736,35.669857987174176],[139.77169222695017,35.66991518288237],[139.77165039245696,35.66987541089438]]]}},{"type":"Feature","properties":{"height":37.1,"gml_id":"bldg_59911483-f6da-4f75-beea-cdf4902339a8"},"geometry":{"type":"Polygon","coordinates":[[[139.77269980198525,35.668386603584416],[139.77262699396144,35.668450141681646],[139.7725964915009,35.66842687086182],[139.77257848567416,35.66844258173382],[139.7725403878766,35.668413654553575],[139.77263168839116,35.668333569401526],[139.77269980198525,35.668386603584416]]]}},{"type":"Feature","properties":{"height":7.5,"gml_id":"bldg_6f03b368-461e-4669-a391-54477070cd89"},"geometry":{"type":"Polygon","coordinates":[[[139.76886571463118,35.66718136915209],[139.76876735541256,35.66710803476718],[139.76881256525317,35.66706767655333],[139.76891092446303,35.66714101180317],[139.76886571463118,35.66718136915209]]]}},{"type":"Feature","properties":{"height":30.3,"gml_id":"bldg_3b6e8693-a060-4a87-bb0a-f6a2b3f87004"},"geometry":{"type":"Polygon","coordinates":[[[139.7729240936988,35.6676496098995],[139.77292843113835,35.667654380342285],[139.77292166607376,35.66766099303151],[139.77292929374093,35.667667685050844],[139.77297984857964,35.66762657170379],[139.77306593770058,35.66770336679206],[139.77296403725876,35.667779481825804],[139.77286656742106,35.66769263063473],[139.7729240936988,35.6676496098995]]]}},{"type":"Feature","properties":{"height":41.2,"gml_id":"bldg_17e09528-8e31-4137-98e5-e4c9bf4071c5"},"geometry":{"type":"Polygon","coordinates":[[[139.76767244708853,35.67161737358046],[139.7675000083202,35.671406953928724],[139.76759415475183,35.67135558202881],[139.76761084021118,35.671375944142135],[139.76776667502926,35.671290903420356],[139.7679224287603,35.67148086237762],[139.76767244708853,35.67161737358046]]]}},{"type":"Feature","properties":{"height":42.4,"gml_id":"bldg_9aa5c013-1e51-412a-8163-0844e62edbd5"},"geometry":{"type":"Polygon","coordinates":[[[139.76820072865513,35.67020692221841],[139.76829455692828,35.67028674356909],[139.76813959433184,35.670402577274],[139.7680951915202,35.67039867732033],[139.76797931027326,35.6702704392021],[139.76812885249697,35.67016406808693],[139.76818989646185,35.67021539016906],[139.76820072865513,35.67020692221841]]]}},{"type":"Feature","properties":{"height":27.2,"gml_id":"bldg_168be46b-217a-44b3-b14b-5e096f7eee03"},"geometry":{"type":"Polygon","coordinates":[[[139.76338918817106,35.67031875197301],[139.76331522246886,35.67036933912122],[139.76328408754796,35.67033891769331],[139.76335811939327,35.67028847482211],[139.76338918817106,35.67031875197301]]]}},{"type":"Feature","properties":{"height":27.0,"gml_id":"bldg_c86b6acf-b330-4aa8-8b04-a2959cab46f2"},"geometry":{"type":"Polygon","coordinates":[[[139.762563721846,35.668093256432456],[139.76262850338688,35.66814669185816],[139.7625707244629,35.6681939710168],[139.76245518307115,35.668094733943335],[139.76254824555068,35.6680192274386],[139.76260118323881,35.668063010318114],[139.762563721846,35.668093256432456]]]}},{"type":"Feature","properties":{"height":17.3,"gml_id":"bldg_3c268486-87ce-43bd-b397-7753303a0aee"},"geometry":{"type":"Polygon","coordinates":[[[139.765370315477,35.67285521544172],[139.76523071341632,35.67295347544411],[139.76518490675943,35.67291018362985],[139.76532461926737,35.672811922840864],[139.765370315477,35.67285521544172]]]}},{"type":"Feature","properties":{"height":11.6,"gml_id":"bldg_f665eac2-a605-4fb2-9001-b57ab1dfa908"},"geometry":{"type":"Polygon","coordinates":[[[139.77158304055553,35.67227483178976],[139.77155634236078,35.67223020013129],[139.77164805657247,35.672193651406204],[139.77167475480616,35.672238283044656],[139.77158304055553,35.67227483178976]]]}},{"type":"Feature","properties":{"height":33.3,"gml_id":"bldg_b70574ed-947e-4b80-a158-ff50f3a741f0"},"geometry":{"type":"Polygon","coordinates":[[[139.77243966439073,35.669556239695545],[139.77244790621646,35.66956894421458],[139.77239589361312,35.6695931197802],[139.77230110647065,35.66946264304061],[139.77245592169683,35.669385113156466],[139.77254806400836,35.669507566217405],[139.7725425277499,35.66952495992963],[139.77250083594654,35.66954433643046],[139.77249296859625,35.66953306528793],[139.77243966439073,35.669556239695545]]]}},{"type":"Feature","properties":{"height":48.7,"gml_id":"bldg_fdaa3dcd-c223-4ca1-8cdd-361c689c9b50"},"geometry":{"type":"Polygon","coordinates":[[[139.76618412207475,35.67351060863142],[139.76628636492248,35.67343774544883],[139.7665567982311,35.67369036934463],[139.7664545553055,35.67376323365508],[139.76618412207475,35.67351060863142]]]}},{"type":"Feature","properties":{"height":34.6,"gml_id":"bldg_61329a99-6c97-4fce-ae3c-39b111253f30"},"geometry":{"type":"Polygon","coordinates":[[[139.77231884648924,35.66981112298873],[139.7721194762413,35.669909361636186],[139.77209066162038,35.66987401314859],[139.77206720171955,35.66988557484859],[139.77199829656107,35.66979762882531],[139.7722230714969,35.6696866939073],[139.77231884648924,35.66981112298873]]]}},{"type":"Feature","properties":{"height":28.1,"gml_id":"bldg_c721c5ed-1633-480e-ad26-03766d7cac43"},"geometry":{"type":"Polygon","coordinates":[[[139.7631818149048,35.67336350455311],[139.76317289668552,35.67332969877853],[139.76338304518583,35.673396793043835],[139.76337120204215,35.67342337666029],[139.7631818149048,35.67336350455311]]]}},{"type":"Feature","properties":{"height":76.5,"gml_id":"bldg_b3048b89-b176-400f-99fa-d3cb0b7e4159"},"geometry":{"type":"Polygon","coordinates":[[[139.7669571222127,35.66652270793963],[139.76699386545874,35.66648978297339],[139.7671313225063,35.66659193019443],[139.76712262308263,35.66659971328137],[139.7672441180963,35.6666899994301],[139.767251590542,35.666683305422126],[139.76728437635813,35.66670767041761],[139.76727729080528,35.66671401130129],[139.76730332076713,35.66673336004561],[139.76735077583467,35.66693169730662],[139.7673048577532,35.66697284689143],[139.7673516743299,35.66700763944094],[139.76720711056487,35.66713718580106],[139.76723227960113,35.66715589411131],[139.76717826980513,35.66720429526276],[139.767172960016,35.66720035334232],[139.76714461755483,35.66722575740775],[139.76715158320658,35.6672309252064],[139.76705659605446,35.66731604376745],[139.76660287399037,35.666974731390404],[139.76666980469415,35.66691647661986],[139.76670154172396,35.666940065109614],[139.7667095448319,35.666932894602496],[139.76658890004424,35.666843249266236],[139.76688441721942,35.666578435841046],[139.7668748575013,35.66657132773966],[139.7669418112098,35.66651132416117],[139.7669571222127,35.66652270793963]]]}},{"type":"Feature","properties":{"height":23.0,"gml_id":"bldg_d026fbeb-5a4a-4abd-8787-37e8bfb1b94f"},"geometry":{"type":"Polygon","coordinates":[[[139.76843892507713,35.67302402199126],[139.76840817884172,35.672987391650466],[139.76843686883066,35.67297138070694],[139.768425556779,35.67295812442826],[139.7684541251822,35.672942186426205],[139.76849606184243,35.672992234308865],[139.76843892507713,35.67302402199126]]]}},{"type":"Feature","properties":{"height":38.2,"gml_id":"bldg_bc08b3b6-041c-4209-b530-0fa5535c17ec"},"geometry":{"type":"Polygon","coordinates":[[[139.766978264255,35.670446380611494],[139.76687608322916,35.67051665841448],[139.7668438095669,35.670485713580625],[139.76682664513658,35.67049724258049],[139.76671177014015,35.67038331760865],[139.76682329917935,35.670296215566864],[139.766978264255,35.670446380611494]]]}},{"type":"Feature","properties":{"height":26.6,"gml_id":"bldg_1c7c0561-e6e7-4e42-805c-6b875ce4916c"},"geometry":{"type":"Polygon","coordinates":[[[139.76366594675915,35.67093503705556],[139.763726111243,35.67099159696062],[139.7636943113416,35.671014121916194],[139.7637105141618,35.67102934556313],[139.76363124095218,35.671085456149],[139.7635548626337,35.671013662610235],[139.76366594675915,35.67093503705556]]]}},{"type":"Feature","properties":{"height":15.3,"gml_id":"bldg_42e1d357-8bc3-49dc-9a52-0531bf2dbe67"},"geometry":{"type":"Polygon","coordinates":[[[139.77459783926247,35.67091274287158],[139.7745616447536,35.670921901190376],[139.77456945044827,35.67094251940556],[139.77453321175722,35.670951650652995],[139.77449848306472,35.670859964032196],[139.774570849901,35.67084170059165],[139.77459783926247,35.67091274287158]]]}},{"type":"Feature","properties":{"height":32.6,"gml_id":"bldg_6edd6e42-e443-4e5b-b4a3-5c1de4110648"},"geometry":{"type":"Polygon","coordinates":[[[139.77330521500755,35.669014993912675],[139.77333236070743,35.669037172216385],[139.7733123440497,35.669053486114784],[139.77328371908075,35.669030099228436],[139.77326029813057,35.66904920567832],[139.77318261443278,35.66898580935478],[139.77318240399248,35.66897183796031],[139.77329867971892,35.66887689121873],[139.7733872157429,35.66894823397226],[139.77330521500755,35.669014993912675]]]}},{"type":"Feature","properties":{"height":6.1,"gml_id":"bldg_abc28a85-870a-4406-8f76-d4c24308c5c5"},"geometry":{"type":"Polygon","coordinates":[[[139.7652230027079,35.6723295497665],[139.76518353557717,35.672353044255864],[139.7651459689129,35.67231102802193],[139.76518543602623,35.672287542558436],[139.7652230027079,35.6723295497665]]]}},{"type":"Feature","properties":{"height":41.7,"gml_id":"bldg_62114b00-4fb6-4ce3-a226-303ab9fb91ca"},"geometry":{"type":"Polygon","coordinates":[[[139.7715229559731,35.66997125167176],[139.7716299280828,35.66991298767877],[139.7716429524655,35.669926154403136],[139.77167610512126,35.66990787440553],[139.77176715011055,35.670020050933736],[139.77168250205682,35.670064355192686],[139.7716980585103,35.67008870023648],[139.77158942969803,35.67014642261473],[139.77141715939717,35.66993748595482],[139.77145219678027,35.669910372627754],[139.7715229559731,35.66997125167176]]]}},{"type":"Feature","properties":{"height":14.6,"gml_id":"bldg_51b77cd4-1820-482b-a2b3-878cfd3a4aa4"},"geometry":{"type":"Polygon","coordinates":[[[139.7688377574594,35.66939260386467],[139.76887098403634,35.66942029382063],[139.76880599096629,35.669472268255824],[139.76877276439032,35.669444578282175],[139.7688377574594,35.66939260386467]]]}},{"type":"Feature","properties":{"height":29.6,"gml_id":"bldg_62d8c277-86ec-4bf6-b132-ea8447453f68"},"geometry":{"type":"Polygon","coordinates":[[[139.77304724111735,35.67347142523087],[139.77290197274036,35.67347730056987],[139.7728966269327,35.67338833328908],[139.77303935882145,35.67337659686142],[139.77304724111735,35.67347142523087]]]}},{"type":"Feature","properties":{"height":13.8,"gml_id":"bldg_8e3f90d0-f42f-4d70-9553-01cdf9bd940e"},"geometry":{"type":"Polygon","coordinates":[[[139.7644369889636,35.67214713341663],[139.7644137655779,35.67212565843573],[139.76451614154198,35.672051957637336],[139.7645393649338,35.67207343259875],[139.7644369889636,35.67214713341663]]]}},{"type":"Feature","properties":{"height":11.2,"gml_id":"bldg_effd12b7-3e30-4740-8a6d-fcea733f1b28"},"geometry":{"type":"Polygon","coordinates":[[[139.76965757403627,35.67332086373356],[139.7696747895088,35.67334268605897],[139.7696132336473,35.67337528319599],[139.7695959077179,35.67335346080344],[139.76965757403627,35.67332086373356]]]}},{"type":"Feature","properties":{"height":16.5,"gml_id":"bldg_9aa3d950-a68e-44b7-ae25-8f827729a84e"},"geometry":{"type":"Polygon","coordinates":[[[139.77173283414476,35.66997090943746],[139.7716921103901,35.669923114908244],[139.771780076367,35.66987331396001],[139.7718206897568,35.66992101736477],[139.77173283414476,35.66997090943746]]]}},{"type":"Feature","properties":{"height":21.9,"gml_id":"bldg_4544e57c-1a77-4b0d-9e24-1c6112b1cfba"},"geometry":{"type":"Polygon","coordinates":[[[139.77307395185224,35.67159045257858],[139.77310791911535,35.67166465257944],[139.77300439027985,35.67169614971348],[139.77297042303144,35.67162203982116],[139.77307395185224,35.67159045257858]]]}},{"type":"Feature","properties":{"height":27.6,"gml_id":"bldg_cd686e49-badb-4a02-a26c-596c1bcd0430"},"geometry":{"type":"Polygon","coordinates":[[[139.77449233032132,35.67216934972201],[139.7744858577535,35.67215336521495],[139.7744355419354,35.67216701444292],[139.77441846163424,35.67212518237805],[139.7744958025383,35.67210421820283],[139.7745193996538,35.67216200774295],[139.77449233032132,35.67216934972201]]]}},{"type":"Feature","properties":{"height":10.9,"gml_id":"bldg_58f21243-40bf-4d15-97d3-3dfe763ff548"},"geometry":{"type":"Polygon","coordinates":[[[139.7719150996374,35.67198566088032],[139.77178152770762,35.672011642356004],[139.77176456077208,35.67195349511998],[139.77189813261046,35.67192751366276],[139.7719150996374,35.67198566088032]]]}},{"type":"Feature","properties":{"height":14.5,"gml_id":"bldg_2ce71594-3a96-4304-8ce3-04bd2f8489de"},"geometry":{"type":"Polygon","coordinates":[[[139.7734974940701,35.667712326234266],[139.77344693613782,35.66766912439946],[139.77356851167843,35.66757418001132],[139.77361918000884,35.66761747108651],[139.7734974940701,35.667712326234266]]]}},{"type":"Feature","properties":{"height":18.2,"gml_id":"bldg_5dc8aaf0-9992-4b51-afea-328b93e5b6b9"},"geometry":{"type":"Polygon","coordinates":[[[139.76897169840487,35.6691778782404],[139.76900368749452,35.66920591903489],[139.76886563599194,35.66931252275081],[139.76883377936716,35.66928459916962],[139.76897169840487,35.6691778782404]]]}},{"type":"Feature","properties":{"height":36.8,"gml_id":"bldg_eceec428-ccf2-4fa4-ade9-f6897555a600"},"geometry":{"type":"Polygon","coordinates":[[[139.77279283897764,35.6724579831801],[139.77275241175892,35.67236610392574],[139.77277783545847,35.67235866235952],[139.77278133121774,35.67236659619991],[139.7728720654159,35.67234001523574],[139.77288716223362,35.672374347099094],[139.77287431226796,35.67237811740057],[139.77289613597125,35.67242772189846],[139.77279283897764,35.6724579831801]]]}},{"type":"Feature","properties":{"height":36.6,"gml_id":"bldg_8c985f3d-4d1b-4dac-b466-611ffe6024fc"},"geometry":{"type":"Polygon","coordinates":[[[139.7719587134455,35.66797096621529],[139.77206393980958,35.66788052188632],[139.77212940347923,35.66793112223964],[139.7720241770535,35.66802165676238],[139.7719587134455,35.66797096621529]]]}},{"type":"Feature","properties":{"height":34.5,"gml_id":"bldg_58782859-ef0f-4e8c-baaf-d4b9c97cf423"},"geometry":{"type":"Polygon","coordinates":[[[139.77037579906076,35.672795470608555],[139.7702933523027,35.67284527339439],[139.77021090583136,35.67275428167429],[139.77027556015386,35.67271528610287],[139.77029509462605,35.67273674900706],[139.770312888055,35.6727260319833],[139.77037579906076,35.672795470608555]]]}},{"type":"Feature","properties":{"height":4.4,"gml_id":"bldg_30d71eec-b06f-4a3b-959c-8e5ed9030407"},"geometry":{"type":"Polygon","coordinates":[[[139.77114389859233,35.67204502607537],[139.77114919517322,35.67205242006971],[139.7711095235902,35.67207132840916],[139.77110422701176,35.67206393441312],[139.77114389859233,35.67204502607537]]]}},{"type":"Feature","properties":{"height":31.8,"gml_id":"bldg_2f30f362-1dfb-4540-b522-1a4d948835fe"},"geometry":{"type":"Polygon","coordinates":[[[139.76633050954447,35.67322378321384],[139.76607142221056,35.67340706813171],[139.7658726290072,35.67321992206008],[139.7661317161894,35.6730366375641],[139.76633050954447,35.67322378321384]]]}},{"type":"Feature","properties":{"height":25.4,"gml_id":"bldg_6ba231b7-9824-4df9-9f5c-d136c12b6513"},"geometry":{"type":"Polygon","coordinates":[[[139.77368794395136,35.66939493274387],[139.77372062855434,35.66938126608027],[139.77378547104655,35.669483036184296],[139.77372502959258,35.669508695422195],[139.77364989315282,35.66939075855844],[139.77367787077893,35.66937888330649],[139.77368794395136,35.66939493274387]]]}},{"type":"Feature","properties":{"height":30.8,"gml_id":"bldg_408fed90-993c-43ea-833b-f59201bc857a"},"geometry":{"type":"Polygon","coordinates":[[[139.76756286488424,35.66836052666383],[139.7673683625304,35.66851390615992],[139.76731227665056,35.668466698432354],[139.7674218687666,35.668380270774854],[139.76741175766549,35.6683717292323],[139.7674107518588,35.66837248583548],[139.7674164917308,35.668377400562214],[139.76730686752893,35.66846254824685],[139.76724516404005,35.66840960377008],[139.7674434999477,35.668255469414234],[139.76752021550178,35.668321176432556],[139.76748977544,35.66834484788926],[139.7674690019352,35.66832654765872],[139.76746633809398,35.66832869056938],[139.76749804017302,35.66835545256129],[139.76752836997636,35.66833153767144],[139.76756286488424,35.66836052666383]]]}},{"type":"Feature","properties":{"height":15.1,"gml_id":"bldg_d49955a1-2fca-49c0-9205-5ca653a89441"},"geometry":{"type":"Polygon","coordinates":[[[139.77285243263006,35.67281269437292],[139.7728777959526,35.672870845663795],[139.77271824841193,35.67291655519637],[139.77269321665688,35.672858313902076],[139.77285243263006,35.67281269437292]]]}},{"type":"Feature","properties":{"height":41.6,"gml_id":"bldg_e1bfa57c-5450-490f-8451-bc23c19e56f0"},"geometry":{"type":"Polygon","coordinates":[[[139.7713954903798,35.66900331843572],[139.77142596282465,35.66897945672206],[139.77141874343826,35.66897331465671],[139.77144000893009,35.66895665919303],[139.77144721728448,35.66896278322397],[139.77145258891943,35.6689585765703],[139.771545149544,35.6690372689386],[139.7715386284154,35.66904238539369],[139.77154931401333,35.669051476721606],[139.77152809273107,35.66906809617208],[139.77152065254631,35.669061773724906],[139.7714915506255,35.669084581559126],[139.7714994434005,35.66909129183106],[139.77144236690538,35.66913600668781],[139.77143444101344,35.669129269353945],[139.77138935672733,35.66916458902393],[139.77139522939683,35.66916957664009],[139.77133438378968,35.66921723699746],[139.77132965916246,35.66921322255148],[139.77129927502395,35.669237013076774],[139.77130388926744,35.66924092741461],[139.7712826789303,35.66925754682692],[139.77118313073063,35.66917291961602],[139.77123430519873,35.66913283489856],[139.77122505466716,35.66912497015094],[139.77127506853378,35.66908580421817],[139.77128108468483,35.66909092711992],[139.77134365446037,35.669041915615836],[139.77133827854914,35.66903735189835],[139.77138890020788,35.668997709403996],[139.7713954903798,35.66900331843572]]]}},{"type":"Feature","properties":{"height":5.0,"gml_id":"bldg_159d73ea-dd31-48df-a070-5e176edd1074"},"geometry":{"type":"Polygon","coordinates":[[[139.76997158542395,35.66848606443472],[139.7699493971504,35.66846811542346],[139.7699696244263,35.66845153989389],[139.76999181269977,35.66846948890146],[139.76997158542395,35.66848606443472]]]}},{"type":"Feature","properties":{"height":16.6,"gml_id":"bldg_8ed2c95b-ef01-4caf-a9f9-dd8b7a896f82"},"geometry":{"type":"Polygon","coordinates":[[[139.76525769548428,35.67083859917464],[139.7651719357749,35.67075598487551],[139.76522454713577,35.67071959916825],[139.76531030686053,35.670802213430456],[139.76525769548428,35.67083859917464]]]}},{"type":"Feature","properties":{"height":34.7,"gml_id":"bldg_77b09fed-15d1-49f1-a2dc-0fd321595769"},"geometry":{"type":"Polygon","coordinates":[[[139.76975478202115,35.673324250180166],[139.76980698388192,35.67338593163426],[139.76974653149304,35.67342006175519],[139.76962336612976,35.67327460521191],[139.76968171866707,35.67324164582664],[139.76969617625772,35.67325868941528],[139.76992571763466,35.67312937336858],[139.76997030793058,35.67317762028977],[139.76982843733816,35.673259399218345],[139.7698414928945,35.67327536040261],[139.76980159662196,35.67329785565227],[139.7697903947436,35.67328462660169],[139.7697457791902,35.67331006683142],[139.76975685972377,35.67332307859118],[139.76975478202115,35.673324250180166]]]}},{"type":"Feature","properties":{"height":6.8,"gml_id":"bldg_417c470b-92f4-4972-b790-33fc0431cfba"},"geometry":{"type":"Polygon","coordinates":[[[139.77322507287246,35.669519804197826],[139.77324835597756,35.66955217512391],[139.77313796602112,35.66960403909919],[139.7731150144654,35.66957148804318],[139.77322507287246,35.669519804197826]]]}},{"type":"Feature","properties":{"height":24.8,"gml_id":"bldg_ab849e5b-6cae-45db-b434-8419a157af53"},"geometry":{"type":"Polygon","coordinates":[[[139.7747585068349,35.671307748787676],[139.77474775835717,35.671277980216544],[139.77471044874002,35.67128614742779],[139.7746911881503,35.67123494816531],[139.77485691252807,35.67119562973938],[139.77488601528228,35.671277488553706],[139.7747585068349,35.671307748787676]]]}},{"type":"Feature","properties":{"height":38.9,"gml_id":"bldg_aa1e41a4-8633-4a61-99dc-7947a946ade9"},"geometry":{"type":"Polygon","coordinates":[[[139.77189568617618,35.669685436652244],[139.7718849812774,35.669672541550376],[139.77190006787757,35.669661336163195],[139.77191159248562,35.66967123912219],[139.77193220586784,35.66965519617484],[139.77198805677767,35.669725405573594],[139.77197463024163,35.6697325105687],[139.77197203688226,35.669729255289255],[139.7719679370906,35.669731426411225],[139.7719931422942,35.6697631306405],[139.77197028955817,35.669775206413966],[139.77198271557046,35.66979086960125],[139.77189154765983,35.669839046592486],[139.77188655960046,35.66983276057343],[139.77187973028944,35.66983637159549],[139.7718177768933,35.66975829995587],[139.77182394316048,35.669755040134206],[139.77181925306712,35.66974913374268],[139.77189568617618,35.669685436652244]]]}},{"type":"Feature","properties":{"height":34.4,"gml_id":"bldg_56292d76-4708-4d21-8de2-d50f6ab6364a"},"geometry":{"type":"Polygon","coordinates":[[[139.7680776343837,35.673105130565],[139.76803481566498,35.6730532784122],[139.76819693520272,35.672972693348854],[139.76823665975843,35.67302598596857],[139.7680776343837,35.673105130565]]]}},{"type":"Feature","properties":{"height":9.8,"gml_id":"bldg_d974139f-fbb1-4026-a061-1f3b65364716"},"geometry":{"type":"Polygon","coordinates":[[[139.77263410136334,35.66762662326112],[139.77274927548916,35.667525997818444],[139.77280557701187,35.667568932422014],[139.77269040289556,35.66766955701646],[139.77263410136334,35.66762662326112]]]}},{"type":"Feature","properties":{"height":28.6,"gml_id":"bldg_dda843c0-8a78-4ee2-a557-57f54ba1d5b5"},"geometry":{"type":"Polygon","coordinates":[[[139.77504435427502,35.66665811616167],[139.77522706572003,35.666607276841525],[139.7752478420901,35.66665395099034],[139.77520383537066,35.66668505419459],[139.7750710385472,35.66672203558065],[139.77505138353067,35.66672838165636],[139.77504914504226,35.66672315260456],[139.77481428752364,35.66678726158794],[139.77465584611932,35.66681870643138],[139.77463548670312,35.66677624991331],[139.77504435427502,35.66665811616167]]]}},{"type":"Feature","properties":{"height":6.6,"gml_id":"bldg_93887486-5cfe-4835-aed4-7e995b98abb1"},"geometry":{"type":"Polygon","coordinates":[[[139.77467692727433,35.67185399527127],[139.77463516353313,35.671865061808376],[139.7745965721005,35.67176787497063],[139.77463833579634,35.671756808446666],[139.77467692727433,35.67185399527127]]]}},{"type":"Feature","properties":{"height":7.3,"gml_id":"bldg_342990ab-20d7-41aa-8abd-33da181aef45"},"geometry":{"type":"Polygon","coordinates":[[[139.7742815628055,35.67276941673316],[139.77425123690176,35.67269855394298],[139.77430725486334,35.67268253697792],[139.77433769121012,35.672753489945585],[139.7742815628055,35.67276941673316]]]}},{"type":"Feature","properties":{"height":44.4,"gml_id":"bldg_053117ff-8e5a-4561-b82f-269e2d8d3e8f"},"geometry":{"type":"Polygon","coordinates":[[[139.76684342563638,35.67013614368779],[139.7668078834229,35.67010403516737],[139.76681034844043,35.67006203343455],[139.76687667136665,35.67000699524581],[139.76694001642522,35.67007968087844],[139.76684342563638,35.67013614368779]]]}},{"type":"Feature","properties":{"height":22.2,"gml_id":"bldg_776b7017-45a6-491d-9829-a6e51e21325f"},"geometry":{"type":"Polygon","coordinates":[[[139.76945837342765,35.67030719766992],[139.76938264994905,35.67023973475528],[139.76947825676194,35.67016839672781],[139.7695538697197,35.67023594966193],[139.76945837342765,35.67030719766992]]]}},{"type":"Feature","properties":{"height":17.2,"gml_id":"bldg_5a09c551-57a6-4d75-a064-417d8f492882"},"geometry":{"type":"Polygon","coordinates":[[[139.76699421702733,35.67386160244769],[139.76703064024602,35.6738991187141],[139.76694420844674,35.67395495619874],[139.76690778524394,35.67391743900517],[139.76699421702733,35.67386160244769]]]}},{"type":"Feature","properties":{"height":6.7,"gml_id":"bldg_ca963946-2f90-47c8-a143-1d343b5316b9"},"geometry":{"type":"Polygon","coordinates":[[[139.7666662295704,35.6696222629122],[139.76668810507323,35.6696173165666],[139.76668810147623,35.66962164405819],[139.7666969393718,35.66962047716396],[139.7666975589171,35.66967248675029],[139.76669689247686,35.66967690311098],[139.76669567462673,35.66968023841983],[139.76669158470207,35.66968365957244],[139.76666240537358,35.669704646320696],[139.7666148290356,35.66966541022789],[139.7666662295704,35.6696222629122]]]}},{"type":"Feature","properties":{"height":38.2,"gml_id":"bldg_6d15d565-bf8a-4ea4-bc58-17f72c7d238d"},"geometry":{"type":"Polygon","coordinates":[[[139.77308264985686,35.673701139788605],[139.7730597710788,35.67370249842488],[139.77306009980344,35.67370605901197],[139.77306273339622,35.67372949602295],[139.77294762012937,35.67373800138939],[139.77285696435953,35.67368783956334],[139.77284707852368,35.67359869784093],[139.7730733386249,35.67358203674004],[139.77308264985686,35.673701139788605]]]}},{"type":"Feature","properties":{"height":22.7,"gml_id":"bldg_ab4ac9a8-49e3-4a93-92a3-bfebc2a71c02"},"geometry":{"type":"Polygon","coordinates":[[[139.76253559920835,35.66765500106539],[139.7626001589906,35.66759626944334],[139.76263448948012,35.66762143792908],[139.7625699297822,35.667680079432],[139.76253559920835,35.66765500106539]]]}},{"type":"Feature","properties":{"height":32.8,"gml_id":"bldg_d09d394e-8d8b-4dcd-a253-7e602a132163"},"geometry":{"type":"Polygon","coordinates":[[[139.77246770090815,35.674588880946224],[139.77248754729558,35.67458063440329],[139.77252478508592,35.67464035112621],[139.77250234186477,35.67464966899672],[139.77253173488745,35.67469685267354],[139.7725366188268,35.67469523266892],[139.77260381255851,35.67480298060831],[139.77244932854376,35.67486716955908],[139.77228581324425,35.674605238916065],[139.77243832994745,35.67454184058238],[139.77246770090815,35.674588880946224]]]}},{"type":"Feature","properties":{"height":32.2,"gml_id":"bldg_e151d892-8db5-4e03-a4bd-3210a3003b8a"},"geometry":{"type":"Polygon","coordinates":[[[139.77464451835698,35.66862261920242],[139.77465009537823,35.66863937755367],[139.77460040230503,35.668650387039875],[139.77457196626102,35.66856483281499],[139.77465438287297,35.66854657512138],[139.77467687826407,35.668614261209356],[139.77464451835698,35.66862261920242]]]}},{"type":"Feature","properties":{"height":17.3,"gml_id":"bldg_04636ee4-c3d7-4afa-82c9-d90a8baf8e79"},"geometry":{"type":"Polygon","coordinates":[[[139.7693958331475,35.67310069992],[139.7694987220775,35.67304450884289],[139.7695327128985,35.67308571959854],[139.76943103770512,35.67314362305551],[139.7693958331475,35.67310069992]]]}},{"type":"Feature","properties":{"height":14.2,"gml_id":"bldg_a2ce75d1-729a-48c5-b9c9-10553bcfcafc"},"geometry":{"type":"Polygon","coordinates":[[[139.7741614333004,35.6714942745562],[139.77422684008485,35.6714779927278],[139.77425296839894,35.671548132380295],[139.77418756162834,35.67156432498673],[139.7741614333004,35.6714942745562]]]}},{"type":"Feature","properties":{"height":51.8,"gml_id":"bldg_787f3d0d-e5cb-47de-b680-e0435efe4f4f"},"geometry":{"type":"Polygon","coordinates":[[[139.77051161692074,35.67413471114378],[139.77056386039123,35.67411645043884],[139.77058206045152,35.67415109877752],[139.77030661066667,35.674247275597864],[139.77021766437372,35.674131853299826],[139.77022829865194,35.674094542043],[139.7704523865919,35.674018853830866],[139.77051161692074,35.67413471114378]]]}},{"type":"Feature","properties":{"height":27.4,"gml_id":"bldg_344bf34d-cac3-4371-9ac2-a97b45a8a53d"},"geometry":{"type":"Polygon","coordinates":[[[139.7688841001748,35.66973091411296],[139.76884877810082,35.669698986584976],[139.7689817197732,35.66960134883016],[139.76894435368092,35.66957004218478],[139.76899268701712,35.66953449982601],[139.76906430326767,35.66959830122524],[139.7688841001748,35.66973091411296]]]}},{"type":"Feature","properties":{"height":27.8,"gml_id":"bldg_d8de49fd-ef75-40e6-9e0e-cf3f942b88eb"},"geometry":{"type":"Polygon","coordinates":[[[139.7634000816405,35.669138807419515],[139.76329777049102,35.669041488862085],[139.76337480769124,35.66898745123694],[139.76348165176807,35.6690814363763],[139.7634000816405,35.669138807419515]]]}},{"type":"Feature","properties":{"height":15.0,"gml_id":"bldg_0438bf1a-555c-408c-907b-0f7c849d40aa"},"geometry":{"type":"Polygon","coordinates":[[[139.77205726840688,35.66867507932546],[139.7720944357206,35.668707367405986],[139.77203313819285,35.66875476559095],[139.77199490985558,35.66872327106136],[139.77205726840688,35.66867507932546]]]}},{"type":"Feature","properties":{"height":52.1,"gml_id":"bldg_f8295e7f-6f2d-4009-bd8e-e7b2364dedb3"},"geometry":{"type":"Polygon","coordinates":[[[139.76453243168567,35.67030528609962],[139.76449614119934,35.67027082388644],[139.76452024757174,35.67025391888885],[139.76450868053766,35.67024293355164],[139.764565304497,35.67020322435533],[139.76467223349022,35.67030476197733],[139.7645710110483,35.67037574144267],[139.76456207085582,35.670367255316116],[139.76442977844383,35.670460029243934],[139.76437964721333,35.67041242606758],[139.76453243168567,35.67030528609962]]]}},{"type":"Feature","properties":{"height":23.0,"gml_id":"bldg_61a059dc-707d-4d65-ad34-cabf3436f15a"},"geometry":{"type":"Polygon","coordinates":[[[139.76277733031338,35.6706141716199],[139.76269256717023,35.670532006823876],[139.76281658139,35.670446809606815],[139.76290101318216,35.670528974122895],[139.76277733031338,35.6706141716199]]]}},{"type":"Feature","properties":{"height":29.1,"gml_id":"bldg_89e6b062-14ee-49b2-928e-b14ee0c5a057"},"geometry":{"type":"Polygon","coordinates":[[[139.76272700339868,35.66764123229289],[139.7627083703249,35.66762717796453],[139.7627643722935,35.66757771636953],[139.7628646907359,35.6676533552988],[139.76278183743526,35.66772653437867],[139.76270015205424,35.66766494971373],[139.76272700339868,35.66764123229289]]]}},{"type":"Feature","properties":{"height":32.7,"gml_id":"bldg_1d59e0f2-a095-4524-9c75-48cf3472fc20"},"geometry":{"type":"Polygon","coordinates":[[[139.7693724622725,35.670548179278555],[139.76938866693277,35.67056233043134],[139.7693690699299,35.6705772918325],[139.76938346428426,35.670589837579854],[139.76935352163193,35.67061270844196],[139.76932106806714,35.67058447730993],[139.7692719925287,35.670622037573885],[139.7692420779041,35.67059597286989],[139.76944092171115,35.67044410701191],[139.76947260245404,35.67047179597709],[139.7693724622725,35.670548179278555]]]}},{"type":"Feature","properties":{"height":29.4,"gml_id":"bldg_8e1491cb-b6e2-4fa8-b178-11ccbf0fe3e3"},"geometry":{"type":"Polygon","coordinates":[[[139.7655622314472,35.66715337035763],[139.76565732067328,35.667066747736996],[139.76573548787619,35.6671238576143],[139.7656404207278,35.66721051636319],[139.7655622314472,35.66715337035763]]]}},{"type":"Feature","properties":{"height":77.9,"gml_id":"bldg_2901ca79-c70f-4bfc-82cc-faa5c630ba25"},"geometry":{"type":"Polygon","coordinates":[[[139.76772167329884,35.66815766002293],[139.76757511018764,35.668271964384026],[139.76745402087994,35.668168510646694],[139.76722577512578,35.66834649697779],[139.76695114527016,35.66811196172163],[139.76732297368198,35.667817173579394],[139.76772167329884,35.66815766002293]]]}},{"type":"Feature","properties":{"height":22.4,"gml_id":"bldg_bf8ac00f-8b52-4af5-b566-31959ac9ec8d"},"geometry":{"type":"Polygon","coordinates":[[[139.76745193872497,35.67177805899099],[139.76738661403158,35.67169257306554],[139.76743711743993,35.67166682144477],[139.76750244216626,35.67175230734323],[139.76745193872497,35.67177805899099]]]}},{"type":"Feature","properties":{"height":9.7,"gml_id":"bldg_8c4ef62b-1ea0-487a-bc7b-704dc0df2fb1"},"geometry":{"type":"Polygon","coordinates":[[[139.76927124639738,35.666716927388656],[139.76932419167142,35.666671706577496],[139.76939815224858,35.66672934365659],[139.76934520697887,35.66677456359846],[139.76927124639738,35.666716927388656]]]}},{"type":"Feature","properties":{"height":7.3,"gml_id":"bldg_ef5935e3-61e4-4aac-8893-1d4d5375d22e"},"geometry":{"type":"Polygon","coordinates":[[[139.76673655988773,35.67391833593363],[139.76679351522583,35.67397362156979],[139.76671857533137,35.67402522879],[139.7666616200084,35.673969943118884],[139.76673655988773,35.67391833593363]]]}},{"type":"Feature","properties":{"height":19.8,"gml_id":"bldg_5d5ea421-3077-4cec-973c-b85806a1443f"},"geometry":{"type":"Polygon","coordinates":[[[139.76914916986638,35.67102083071398],[139.7692500776036,35.67095256938556],[139.769319394122,35.67102083119208],[139.7692177126011,35.67108973214072],[139.76914916986638,35.67102083071398]]]}},{"type":"Feature","properties":{"height":29.4,"gml_id":"bldg_278551d6-67ca-4469-a0bc-63167f04463d"},"geometry":{"type":"Polygon","coordinates":[[[139.77190288396994,35.667888822606685],[139.771953656331,35.66793959583449],[139.77184568252022,35.66801147036616],[139.7719276909067,35.66809362735226],[139.77180424464638,35.66817576961303],[139.77167146392162,35.668042929357306],[139.77190288396994,35.667888822606685]]]}},{"type":"Feature","properties":{"height":40.4,"gml_id":"bldg_ca5b7b41-1245-4b91-bb3c-801fe02eadb0"},"geometry":{"type":"Polygon","coordinates":[[[139.7704179392289,35.6728269244096],[139.77032282710212,35.67288430024165],[139.77030255208263,35.672861917554464],[139.7703943489815,35.67280611740796],[139.770360354721,35.67276887203117],[139.7704007603296,35.6727443217301],[139.77041753674098,35.67276267343621],[139.77044928874724,35.67274335557362],[139.7705845046925,35.67289130535497],[139.77051520939253,35.67293350755755],[139.7704179392289,35.6728269244096]]]}},{"type":"Feature","properties":{"height":8.9,"gml_id":"bldg_d6079542-863c-4f42-809f-7ea1ba84b85c"},"geometry":{"type":"Polygon","coordinates":[[[139.7637662838554,35.67102045510369],[139.76371440853782,35.670971480560006],[139.76375353690096,35.67094346956999],[139.76377310581393,35.67096219518571],[139.76380596454064,35.67099244531733],[139.7637662838554,35.67102045510369]]]}},{"type":"Feature","properties":{"height":18.2,"gml_id":"bldg_00bbbc82-fc08-4bc8-9108-5d1f07df3be8"},"geometry":{"type":"Polygon","coordinates":[[[139.77430088189132,35.67263630243449],[139.774498987623,35.67258087482027],[139.774521372998,35.67263424703586],[139.77432326715643,35.67268966567257],[139.77430088189132,35.67263630243449]]]}},{"type":"Feature","properties":{"height":31.7,"gml_id":"bldg_0b8890d6-08af-4ea7-84a9-3e7656b99795"},"geometry":{"type":"Polygon","coordinates":[[[139.76762439662355,35.67458061244233],[139.76760345617848,35.67456181640707],[139.76762218126208,35.67454749390123],[139.76760182513294,35.67453013136698],[139.76759849799757,35.67453261733912],[139.76758771302983,35.67452311999679],[139.7676592848362,35.67446994201444],[139.76771094602995,35.674516300735185],[139.76762439662355,35.67458061244233]]]}},{"type":"Feature","properties":{"height":25.0,"gml_id":"bldg_32b4eb5e-49be-4d86-b53c-bda091e17605"},"geometry":{"type":"Polygon","coordinates":[[[139.7649718102393,35.66942093757696],[139.76475710859893,35.66925072633396],[139.7648344867472,35.66918587058808],[139.76504907791596,35.66935608343506],[139.76501534057365,35.66938493438738],[139.764979149653,35.669415326187206],[139.7649718102393,35.66942093757696]]]}},{"type":"Feature","properties":{"height":50.9,"gml_id":"bldg_930e62c7-646c-4f55-934c-ff49d45dfde6"},"geometry":{"type":"Polygon","coordinates":[[[139.7652116006561,35.66931570292071],[139.76521215142998,35.66931750597911],[139.765212370744,35.669319398987355],[139.7652124796735,35.6693212017958],[139.76521236760422,35.669323094616566],[139.76521203468928,35.669324897175045],[139.76521137039026,35.66932670044743],[139.76521059570817,35.669328411717274],[139.76520971064076,35.66933003368869],[139.76520849419074,35.66933165457125],[139.7652068910103,35.66933341224376],[139.76520495652383,35.66933507869009],[139.76520329861052,35.66933625043885],[139.76520141985307,35.669337330122566],[139.76519943078685,35.66933823037052],[139.7651974418738,35.66933895034385],[139.76519523211502,35.669339580054846],[139.765193022586,35.66933993935389],[139.76519081313285,35.66934020941699],[139.7651886038344,35.6693402974027],[139.76518628422727,35.66934020595263],[139.76518407523452,35.66933993429043],[139.76518186639498,35.669339482353614],[139.76517976816987,35.66933885020467],[139.76517767009798,35.66933803778109],[139.76517579302504,35.66933713534524],[139.76512082905285,35.6692964072123],[139.76451418285995,35.668825761422674],[139.7645364576413,35.668805952948105],[139.76448578998807,35.66876671424288],[139.76455666942246,35.668705821899124],[139.76521476749076,35.669215688317685],[139.76517098187526,35.66925334094934],[139.76519721016174,35.66927365472273],[139.7652409957684,35.66923601109541],[139.76527349454182,35.66926070005903],[139.76520917449434,35.669311014406404],[139.7652100571109,35.66931227682851],[139.7652109393446,35.669313989937116],[139.7652116006561,35.66931570292071]]]}},{"type":"Feature","properties":{"height":15.5,"gml_id":"bldg_baeb4bf8-e0b8-4ad8-b380-00c01c738c33"},"geometry":{"type":"Polygon","coordinates":[[[139.76877878047887,35.67185052693951],[139.76868406405737,35.671910327293425],[139.76866519051973,35.67189057708899],[139.7687604594726,35.67183050663411],[139.76877878047887,35.67185052693951]]]}},{"type":"Feature","properties":{"height":9.0,"gml_id":"bldg_6f2faec7-de22-437b-91b4-ccf3f95c1712"},"geometry":{"type":"Polygon","coordinates":[[[139.77311301648413,35.66873133485001],[139.77313683910725,35.66875094262226],[139.7730623326236,35.668810999926585],[139.77303871980106,35.66879149139594],[139.77311301648413,35.66873133485001]]]}},{"type":"Feature","properties":{"height":39.1,"gml_id":"bldg_315a8034-131c-4993-8be1-f99f37ac1726"},"geometry":{"type":"Polygon","coordinates":[[[139.76402238544392,35.66789903860372],[139.76395818719416,35.6678472357476],[139.7642733964567,35.667587127267524],[139.76447270268554,35.6677479653421],[139.76410661275932,35.66805004910634],[139.76397131709493,35.66794088701639],[139.76400660059394,35.667912081407],[139.76402238544392,35.66789903860372]]]}},{"type":"Feature","properties":{"height":25.0,"gml_id":"bldg_1bf77cc6-b675-4769-9bdf-66ed306e0517"},"geometry":{"type":"Polygon","coordinates":[[[139.7746797032051,35.673193346739254],[139.77469560008677,35.673192317903066],[139.77469668550268,35.67320353241166],[139.7747113340234,35.67320262825629],[139.77471323004573,35.67322320842359],[139.77473272818756,35.67322211733821],[139.77473468071472,35.67324096599532],[139.7745975855498,35.673249372103214],[139.77458838106236,35.67314742234001],[139.7746747697411,35.673142056218715],[139.7746797032051,35.673193346739254]]]}},{"type":"Feature","properties":{"height":3.3,"gml_id":"bldg_211a8944-92e3-42cd-b463-1e77760add3e"},"geometry":{"type":"Polygon","coordinates":[[[139.76866361308356,35.6749416330883],[139.76869086538335,35.67498320099841],[139.76866147032655,35.67499598470422],[139.76863421796492,35.67495450692476],[139.76866361308356,35.6749416330883]]]}},{"type":"Feature","properties":{"height":33.0,"gml_id":"bldg_7dd67166-79c1-4f0f-b89e-2ced02e4b133"},"geometry":{"type":"Polygon","coordinates":[[[139.76845652817173,35.67406791131194],[139.76841198430566,35.67409925507359],[139.7683206973315,35.67401312472443],[139.76836524118525,35.673981780996094],[139.76845652817173,35.67406791131194]]]}},{"type":"Feature","properties":{"height":105.1,"gml_id":"bldg_c87fe344-1169-4606-a015-f38a50199f8e"},"geometry":{"type":"Polygon","coordinates":[[[139.7696560271712,35.66845333044911],[139.76966629376707,35.668461114731635],[139.7695210550909,35.66857956757378],[139.76905827950873,35.66823860313649],[139.76942049608664,35.667937196320246],[139.7698500172582,35.668285534020214],[139.7696560271712,35.66845333044911]]]}},{"type":"Feature","properties":{"height":6.8,"gml_id":"bldg_a40da1db-b03a-4845-a727-911e9fabd684"},"geometry":{"type":"Polygon","coordinates":[[[139.76893417254755,35.670789784108145],[139.76891805724082,35.670774452143654],[139.7689223758746,35.67076129440492],[139.76900980114104,35.670700318171484],[139.76903198721845,35.67072151229183],[139.76893417254755,35.670789784108145]]]}},{"type":"Feature","properties":{"height":31.2,"gml_id":"bldg_04b545d8-ce1e-4aa8-b0fd-7882342fce88"},"geometry":{"type":"Polygon","coordinates":[[[139.76844324031515,35.66905726126364],[139.76850086066725,35.66910695797865],[139.76831572280526,35.66924990612304],[139.76825821292644,35.66920020938033],[139.76844324031515,35.66905726126364]]]}},{"type":"Feature","properties":{"height":8.5,"gml_id":"bldg_d5f4cffc-3693-4d29-9229-56a71cdc26e1"},"geometry":{"type":"Polygon","coordinates":[[[139.7742611505285,35.67273695729469],[139.77427835099556,35.67278068231977],[139.77418200605177,35.672805963608475],[139.77416469523254,35.67276214837833],[139.7742611505285,35.67273695729469]]]}},{"type":"Feature","properties":{"height":36.7,"gml_id":"bldg_124c621b-aba9-4f55-b549-03a13aa5a006"},"geometry":{"type":"Polygon","coordinates":[[[139.7698897153917,35.674094093705925],[139.76974514792727,35.673910948643346],[139.76975898422612,35.673903672857776],[139.76977079238446,35.67391863286568],[139.76981110812963,35.6738969220443],[139.7698470250309,35.67387801215934],[139.76998011550234,35.674046638961634],[139.7698897153917,35.674094093705925]]]}},{"type":"Feature","properties":{"height":30.1,"gml_id":"bldg_89fd5dd3-ecb8-4d4a-917e-19da991ce639"},"geometry":{"type":"Polygon","coordinates":[[[139.7728867444818,35.67023253103541],[139.77299678771521,35.670187733889485],[139.77302212632958,35.67023371662283],[139.77291689643832,35.6702821938098],[139.7728867444818,35.67023253103541]]]}},{"type":"Feature","properties":{"height":14.9,"gml_id":"bldg_51f182eb-d05a-41e8-abf7-1ca950aa5e49"},"geometry":{"type":"Polygon","coordinates":[[[139.77496729017156,35.67146564455464],[139.77486440555126,35.671493663399986],[139.7748501805338,35.6714595845871],[139.77495350684018,35.6714317462425],[139.77496729017156,35.67146564455464]]]}},{"type":"Feature","properties":{"height":32.5,"gml_id":"bldg_086b37da-c8f5-45fc-a291-9119ae517fc7"},"geometry":{"type":"Polygon","coordinates":[[[139.76404980901802,35.671188364114386],[139.76411811844477,35.67113873774002],[139.76414096644174,35.671159572590625],[139.7641367661786,35.6711626348456],[139.76418102711256,35.67120322206326],[139.76408817930016,35.67127068155163],[139.76410738474414,35.67128836040887],[139.76407245629974,35.67131366800604],[139.7639699166442,35.671219685903445],[139.76397345366652,35.671217164096156],[139.76396661037455,35.67121085144363],[139.76400253361257,35.6711848134359],[139.7640209223042,35.6712016607709],[139.7640451290584,35.67118407989917],[139.76404980901802,35.671188364114386]]]}},{"type":"Feature","properties":{"height":16.1,"gml_id":"bldg_32617ad9-ad8f-437e-a667-9ed1e42d82f5"},"geometry":{"type":"Polygon","coordinates":[[[139.76516675513386,35.67178228537488],[139.76503920432188,35.67187000683241],[139.765005319417,35.67183744804262],[139.76513386362745,35.67175062855622],[139.76516675513386,35.67178228537488]]]}},{"type":"Feature","properties":{"height":13.5,"gml_id":"bldg_1c65da10-a488-4ca5-84a2-e583091cba46"},"geometry":{"type":"Polygon","coordinates":[[[139.7691026468824,35.67076733976347],[139.76913922878987,35.67074410384245],[139.76917818965399,35.67078486667627],[139.7691417182023,35.67080810266785],[139.7691026468824,35.67076733976347]]]}},{"type":"Feature","properties":{"height":39.5,"gml_id":"bldg_ea5924d6-1454-4be0-8f70-e31b1a6c0f4a"},"geometry":{"type":"Polygon","coordinates":[[[139.76787178792583,35.671675261032476],[139.76780949328256,35.67159877268544],[139.767821992335,35.671591992147015],[139.76780212894425,35.671567301743345],[139.76795423918279,35.67148484569535],[139.7680365631745,35.67158584415273],[139.76787178792583,35.671675261032476]]]}},{"type":"Feature","properties":{"height":43.3,"gml_id":"bldg_9caa2c0e-2c0f-4d65-b9ad-e03060964ad7"},"geometry":{"type":"Polygon","coordinates":[[[139.76321340028403,35.6698489170759],[139.76319137133308,35.66986480356986],[139.76314848050387,35.66982520017694],[139.76326300220305,35.66974261093865],[139.7633058930519,35.66978220617899],[139.7632186284311,35.66984514336606],[139.76319337514946,35.66982182815856],[139.76318814700275,35.66982560186733],[139.76321340028403,35.6698489170759]]]}},{"type":"Feature","properties":{"height":12.1,"gml_id":"bldg_b2abdbba-f13b-4ff0-b9ab-c8b90e879769"},"geometry":{"type":"Polygon","coordinates":[[[139.76927375751023,35.67062645614311],[139.76932095141535,35.67059222905781],[139.76935252077723,35.67062108977993],[139.769305215229,35.67065540695538],[139.76927375751023,35.67062645614311]]]}},{"type":"Feature","properties":{"height":52.1,"gml_id":"bldg_d7304f74-9ad7-409e-b8b3-2f02d1f61fe4"},"geometry":{"type":"Polygon","coordinates":[[[139.7644817792894,35.672022291835816],[139.76444286166802,35.67204898627192],[139.76442987079162,35.67203636863052],[139.76439553993427,35.672060163254855],[139.76432781522072,35.671994441411506],[139.76439988057618,35.671945267723146],[139.7644817792894,35.672022291835816]]]}},{"type":"Feature","properties":{"height":28.6,"gml_id":"bldg_8cc44d31-9c96-465e-b17c-a0b82d4dcfb3"},"geometry":{"type":"Polygon","coordinates":[[[139.77280151782315,35.66723947737782],[139.77276468584498,35.667275585917814],[139.7727490977408,35.66726418471183],[139.772723808295,35.66728612043667],[139.77266940349293,35.66724914573047],[139.7727293151856,35.66719040632813],[139.77280151782315,35.66723947737782]]]}},{"type":"Feature","properties":{"height":24.2,"gml_id":"bldg_d7e93ecf-32d0-40c8-9222-bac6f2d138ae"},"geometry":{"type":"Polygon","coordinates":[[[139.77149763100414,35.66829026727556],[139.77145143025993,35.668327289996746],[139.7713696320363,35.66825937540209],[139.77141583277975,35.66822235181052],[139.77149763100414,35.66829026727556]]]}},{"type":"Feature","properties":{"height":12.4,"gml_id":"bldg_0008bdcf-9161-4d68-8990-feccc93525ce"},"geometry":{"type":"Polygon","coordinates":[[[139.76464575930663,35.67235057538973],[139.76461374902289,35.672321803328124],[139.7647151096004,35.672247137314415],[139.76474700942558,35.67227590928652],[139.76464575930663,35.67235057538973]]]}},{"type":"Feature","properties":{"height":28.5,"gml_id":"bldg_f83c52bf-107a-4f95-9871-6e6af38db0f5"},"geometry":{"type":"Polygon","coordinates":[[[139.76722534121743,35.674633393816926],[139.7671822896359,35.67466261070024],[139.7671584146223,35.674639197947776],[139.76712344280753,35.6746629118636],[139.76695822802395,35.67450047467672],[139.76703626236161,35.67444760709373],[139.76722534121743,35.674633393816926]]]}},{"type":"Feature","properties":{"height":25.8,"gml_id":"bldg_28e269ea-befd-4c39-ab86-69f91f88bb55"},"geometry":{"type":"Polygon","coordinates":[[[139.7748524846938,35.66693747606622],[139.7749438953227,35.66717094018548],[139.7747536638234,35.66721682687042],[139.77468001572404,35.66702813258394],[139.77473299042913,35.667014323188674],[139.77472862767618,35.667013861364865],[139.77472220050615,35.66701183014565],[139.77471617688218,35.66700173182694],[139.77471522219082,35.6669931232423],[139.77471930507858,35.666983561653566],[139.77472674400772,35.66697657061347],[139.77474596734956,35.66697155931564],[139.77474372923587,35.66696583540435],[139.7748524846938,35.66693747606622]]]}},{"type":"Feature","properties":{"height":18.4,"gml_id":"bldg_22cd1728-3794-4900-ac9e-6757e45c8300"},"geometry":{"type":"Polygon","coordinates":[[[139.77490026649306,35.67157873437662],[139.77487061017737,35.67149840763535],[139.77492032789903,35.67148626322684],[139.77494998431914,35.67156650883252],[139.77490026649306,35.67157873437662]]]}},{"type":"Feature","properties":{"height":62.8,"gml_id":"bldg_038b90fd-20cd-40cb-b238-32d5d6df6e51"},"geometry":{"type":"Polygon","coordinates":[[[139.76704820121589,35.670830205821964],[139.7670607612282,35.670843155553094],[139.76701911650483,35.67086995839303],[139.76663624839728,35.67047440463657],[139.76666791195694,35.67040204189882],[139.76670124443157,35.67043482526617],[139.76672465343376,35.67041917235041],[139.7670939905699,35.67080062992374],[139.76704820121589,35.670830205821964]]]}},{"type":"Feature","properties":{"height":12.6,"gml_id":"bldg_34968214-f3b7-4011-9f11-6c0421335f55"},"geometry":{"type":"Polygon","coordinates":[[[139.77325129390277,35.66754779217838],[139.77321454372597,35.66757800591087],[139.77309944961138,35.66748456607685],[139.7731361886744,35.66745444341222],[139.77325129390277,35.66754779217838]]]}},{"type":"Feature","properties":{"height":68.5,"gml_id":"bldg_cdb97d3e-d546-4072-bcd1-a6baeeca2365"},"geometry":{"type":"Polygon","coordinates":[[[139.76987252042107,35.6690220581994],[139.7696250326795,35.66881407078651],[139.76992932100907,35.66857293369764],[139.7701768087983,35.66878091959212],[139.76987252042107,35.6690220581994]]]}},{"type":"Feature","properties":{"height":31.0,"gml_id":"bldg_d343d8fb-5474-4515-9d3b-50ddd400b38c"},"geometry":{"type":"Polygon","coordinates":[[[139.76974362268453,35.67193432721283],[139.76970896287335,35.67190140878758],[139.76973173125106,35.67188546741445],[139.76976639113684,35.6719182947946],[139.76974362268453,35.67193432721283]]]}},{"type":"Feature","properties":{"height":24.7,"gml_id":"bldg_5733230d-86a4-4040-8a9c-374542f829df"},"geometry":{"type":"Polygon","coordinates":[[[139.7627326246302,35.670828942646295],[139.76279617973412,35.67078490274521],[139.7628317188174,35.67081908560187],[139.76276816370503,35.670863126422816],[139.7627326246302,35.670828942646295]]]}},{"type":"Feature","properties":{"height":18.8,"gml_id":"bldg_32416737-309e-4f27-b4b0-ed8cfa78ceb2"},"geometry":{"type":"Polygon","coordinates":[[[139.77319693482525,35.67110034824324],[139.77321722984425,35.67114073989603],[139.77313623963417,35.67116783076694],[139.77310712076377,35.671109857910515],[139.77316126456213,35.67108771119882],[139.77319693482525,35.67110034824324]]]}},{"type":"Feature","properties":{"height":34.0,"gml_id":"bldg_23b08079-cb55-4bf1-9b4d-816b0eea1c5a"},"geometry":{"type":"Polygon","coordinates":[[[139.76874455955056,35.667296680067935],[139.76913307732735,35.66697617904758],[139.7694807902635,35.66726444298239],[139.76948054386628,35.66729644161957],[139.76911623256217,35.66759676588463],[139.76874455955056,35.667296680067935]]]}},{"type":"Feature","properties":{"height":28.4,"gml_id":"bldg_a68b31bf-614c-4b4f-b36c-f5d73a8ba2e2"},"geometry":{"type":"Polygon","coordinates":[[[139.77095910943908,35.668897244894104],[139.771057575967,35.66898004194621],[139.77099512722856,35.669029495037755],[139.77089666070452,35.66894669793527],[139.77095910943908,35.668897244894104]]]}},{"type":"Feature","properties":{"height":144.1,"gml_id":"bldg_9d98f2ab-e2a6-45c4-ba4f-b13684ae4ad8"},"geometry":{"type":"Polygon","coordinates":[[[139.76792395657165,35.66924253704767],[139.76802130907728,35.66915726587991],[139.76865293747971,35.669689146716124],[139.7686060693071,35.66972931377046],[139.76859159754176,35.66971721857356],[139.76843807118235,35.66984830378226],[139.7683376120684,35.669772804649604],[139.76825537015694,35.66984468982368],[139.76826099990635,35.66984938000758],[139.76822706382205,35.66987928725867],[139.76830290639182,35.66993449229035],[139.768196237011,35.67002502265506],[139.76811774693365,35.66996539939386],[139.7679107141497,35.6701337537608],[139.76759942279133,35.66979400084119],[139.76768502282602,35.669749645888174],[139.76757212814678,35.66961834432376],[139.76756604995373,35.66962176622301],[139.76753337405486,35.669596509917135],[139.76758364654688,35.669554335075915],[139.76750396505457,35.66949391755129],[139.76762656145937,35.66937833830291],[139.76764731708633,35.6693918702281],[139.76773121916568,35.669316109561315],[139.76771322470165,35.669303030743244],[139.76784553175827,35.66918533833178],[139.76792395657165,35.66924253704767]]]}},{"type":"Feature","properties":{"height":19.5,"gml_id":"bldg_3f29d478-a01f-41a0-a17e-04632998d38c"},"geometry":{"type":"Polygon","coordinates":[[[139.77306568768978,35.66950560902288],[139.773073632674,35.669501872299364],[139.77307426163995,35.66950275596009],[139.77308505753587,35.66949767761606],[139.7730738244985,35.66948179880909],[139.77316106452022,35.669440811916616],[139.7732138089191,35.66951565225682],[139.77310794946777,35.66956544530792],[139.77306568768978,35.66950560902288]]]}},{"type":"Feature","properties":{"height":36.2,"gml_id":"bldg_e264d0a7-9c37-43ca-a164-9d4ce2437aad"},"geometry":{"type":"Polygon","coordinates":[[[139.76273062393042,35.6718465015575],[139.76282203473804,35.671782197087516],[139.762792123765,35.67175387555384],[139.76286717555078,35.67170109993998],[139.76314365973352,35.6719629300124],[139.76297730755053,35.672079921279504],[139.76273062393042,35.6718465015575]]]}},{"type":"Feature","properties":{"height":32.8,"gml_id":"bldg_6688d6d1-4761-4d14-8bbc-10a783319598"},"geometry":{"type":"Polygon","coordinates":[[[139.76573378515468,35.673074002065654],[139.76566336366903,35.67300762056594],[139.765780306615,35.67292494110309],[139.76585338007243,35.67299042174735],[139.76573378515468,35.673074002065654]]]}},{"type":"Feature","properties":{"height":16.1,"gml_id":"bldg_50a1e9fc-718a-488e-8a76-5ac1399f5e9c"},"geometry":{"type":"Polygon","coordinates":[[[139.76685744221803,35.67361464011404],[139.7668313948059,35.67358713386108],[139.76694932488053,35.673512565269604],[139.76697548285048,35.67353998142105],[139.76685744221803,35.67361464011404]]]}},{"type":"Feature","properties":{"height":37.4,"gml_id":"bldg_6ff23015-22be-47c3-bb98-1a5d42560090"},"geometry":{"type":"Polygon","coordinates":[[[139.7645651380074,35.671002643150196],[139.76449355134423,35.67106147993947],[139.76444266546648,35.67101746382761],[139.7645278896336,35.67095126162912],[139.76457413604533,35.67099528407002],[139.76456586755305,35.67100207570176],[139.7645651380074,35.671002643150196]]]}},{"type":"Feature","properties":{"height":10.5,"gml_id":"bldg_ec9fe743-3bed-4670-b420-6d59978f2286"},"geometry":{"type":"Polygon","coordinates":[[[139.76868096326876,35.67191997032011],[139.76863443537493,35.671947527343846],[139.76860971783566,35.671914613944224],[139.76865834192947,35.67189030299877],[139.76868096326876,35.67191997032011]]]}},{"type":"Feature","properties":{"height":43.6,"gml_id":"bldg_90d3c7dc-66ed-4fc8-bfbe-7c6ff76130aa"},"geometry":{"type":"Polygon","coordinates":[[[139.7642440109403,35.670949864200786],[139.76428405201625,35.670990557125435],[139.76417120496833,35.6710645852343],[139.76406207322233,35.67095634871026],[139.76417865478524,35.67087998829064],[139.76415216693835,35.670852931880205],[139.76431430880643,35.67074576241971],[139.76441309297806,35.6708392003616],[139.7642440109403,35.670949864200786]]]}},{"type":"Feature","properties":{"height":18.5,"gml_id":"bldg_1426bab1-3f85-4071-9924-52108f935d90"},"geometry":{"type":"Polygon","coordinates":[[[139.76841220682974,35.667330852697],[139.76835261025963,35.66728157940618],[139.76846066199212,35.66718430642734],[139.76856844902693,35.66726400081759],[139.76844085370394,35.66737926289335],[139.76839446677897,35.667345021740154],[139.76841220682974,35.667330852697]]]}},{"type":"Feature","properties":{"height":26.6,"gml_id":"bldg_f7c76d19-6c98-4865-b651-2ceacf9aa6c8"},"geometry":{"type":"Polygon","coordinates":[[[139.7738278820188,35.668226226969765],[139.77380235333376,35.66824307003841],[139.77374799272087,35.66818819456648],[139.7738278970589,35.66813153767731],[139.77390527344252,35.66820674954863],[139.77384783840574,35.66824606704953],[139.77384521168645,35.6682430731915],[139.7738278820188,35.668226226969765]]]}},{"type":"Feature","properties":{"height":4.3,"gml_id":"bldg_010babae-1d26-42f5-9e80-959e8c334546"},"geometry":{"type":"Polygon","coordinates":[[[139.7718606725901,35.67080561758956],[139.77183644752162,35.670791851165745],[139.7718181393714,35.67078318863106],[139.77178416888384,35.67077278655079],[139.77179255765407,35.670737989719285],[139.77202169631403,35.67077475644561],[139.77200352264467,35.67085020114331],[139.77185564156844,35.6708264736988],[139.7718606725901,35.67080561758956]]]}},{"type":"Feature","properties":{"height":8.3,"gml_id":"bldg_eb9e1239-594b-4140-a1c0-a2f5ed6adbb1"},"geometry":{"type":"Polygon","coordinates":[[[139.77358527838857,35.67205212116632],[139.77359732168026,35.672048611786714],[139.7736284623048,35.672062688651145],[139.77364533437787,35.6721017255673],[139.77361108285575,35.67211162458865],[139.77358527838857,35.67205212116632]]]}},{"type":"Feature","properties":{"height":13.1,"gml_id":"bldg_9a5ace39-5133-46d3-b2e2-94764467af68"},"geometry":{"type":"Polygon","coordinates":[[[139.773814719198,35.6724915640048],[139.77372522238048,35.67251811023633],[139.77370581289495,35.672474474173924],[139.77379530967016,35.67244792795659],[139.773814719198,35.6724915640048]]]}},{"type":"Feature","properties":{"height":15.6,"gml_id":"bldg_02ca22b5-12c2-4147-8e17-35f6ceebb6d8"},"geometry":{"type":"Polygon","coordinates":[[[139.7727839823934,35.67203017808009],[139.77277967324295,35.67203152797271],[139.77274471630565,35.6719515585983],[139.77285082994973,35.67192072189115],[139.7728921717614,35.6720154589309],[139.7727910520275,35.67204496415285],[139.7727839823934,35.67203017808009]]]}},{"type":"Feature","properties":{"height":22.0,"gml_id":"bldg_efd67f84-a19d-418b-b3b5-2c43c77fe929"},"geometry":{"type":"Polygon","coordinates":[[[139.76607481924995,35.66764585286193],[139.76612658876778,35.667688426603426],[139.7659883107904,35.667800209818935],[139.76593665173297,35.667757636080616],[139.76607481924995,35.66764585286193]]]}},{"type":"Feature","properties":{"height":7.8,"gml_id":"bldg_755e1543-c6b7-47fb-b92a-a9e9a1b35f4e"},"geometry":{"type":"Polygon","coordinates":[[[139.773849726207,35.66699671894554],[139.77391220865326,35.66704632535342],[139.7738798242128,35.667073620994806],[139.7738172313067,35.667024015417134],[139.773849726207,35.66699671894554]]]}},{"type":"Feature","properties":{"height":39.7,"gml_id":"bldg_0332bfe6-ded7-4f37-a818-97de3fe6c3e7"},"geometry":{"type":"Polygon","coordinates":[[[139.77319412927864,35.66797788113974],[139.77317282402294,35.667960032312756],[139.77313381869476,35.667992327064866],[139.77307315947922,35.66794151333249],[139.77287542947653,35.66809852364709],[139.77277663090862,35.66801554762724],[139.77311163295406,35.66774963012391],[139.77329161233303,35.667900501788154],[139.77319412927864,35.66797788113974]]]}},{"type":"Feature","properties":{"height":28.1,"gml_id":"bldg_9944e7d3-8faf-488d-bc9b-2fd9aa7440e5"},"geometry":{"type":"Polygon","coordinates":[[[139.77039558703845,35.66820350697097],[139.77037364359967,35.66818462073645],[139.77044098639183,35.66813251957653],[139.77048359499463,35.66816922863063],[139.7703898683553,35.668241740250195],[139.77036907182534,35.668223819084204],[139.7703710058876,35.66822252211751],[139.77039558703845,35.66820350697097]]]}},{"type":"Feature","properties":{"height":31.1,"gml_id":"bldg_e5dbc1fa-df28-4e06-919d-8e27adb80436"},"geometry":{"type":"Polygon","coordinates":[[[139.77176017168736,35.6747916464394],[139.7717093096619,35.67470833268638],[139.77183550221403,35.67465954280792],[139.77188404332557,35.67474438675601],[139.77176017168736,35.6747916464394]]]}},{"type":"Feature","properties":{"height":16.6,"gml_id":"bldg_a399b1b4-2dca-4069-8268-4b44a166a217"},"geometry":{"type":"Polygon","coordinates":[[[139.768576491191,35.67092849389162],[139.7685567349325,35.67090784181917],[139.76864183523625,35.67085389531482],[139.76866148111287,35.6708744571769],[139.768576491191,35.67092849389162]]]}},{"type":"Feature","properties":{"height":8.3,"gml_id":"bldg_903e40d4-fa37-43c4-a8e4-3bb98abcb3b6"},"geometry":{"type":"Polygon","coordinates":[[[139.7720622636676,35.669206711961564],[139.772044160403,35.66919056816359],[139.77208289892718,35.66916183406087],[139.77206988532546,35.66914908201973],[139.77209185875924,35.66913101164518],[139.77214182025534,35.66917439310874],[139.77209606313843,35.66920880231408],[139.7720622636676,35.669206711961564]]]}},{"type":"Feature","properties":{"height":16.8,"gml_id":"bldg_26a2aeff-7d01-4151-ac5e-ab50265a1988"},"geometry":{"type":"Polygon","coordinates":[[[139.76717812931568,35.67005222089595],[139.76720768274785,35.6700865785507],[139.76716138824705,35.67011308954909],[139.767131834825,35.67007873188314],[139.76717812931568,35.67005222089595]]]}},{"type":"Feature","properties":{"height":11.2,"gml_id":"bldg_97616bbe-444b-47a1-ad64-f28a76d5fab4"},"geometry":{"type":"Polygon","coordinates":[[[139.76534119531422,35.67046006960358],[139.76536029083826,35.67047720557467],[139.76530126650997,35.670521070018935],[139.76528217098888,35.67050393313723],[139.76534119531422,35.67046006960358]]]}},{"type":"Feature","properties":{"height":8.7,"gml_id":"bldg_b0c31317-00dd-481c-b929-14a22ba269ef"},"geometry":{"type":"Polygon","coordinates":[[[139.77073139141584,35.67194349798852],[139.77077670145167,35.671989320301236],[139.77073335482845,35.6720178983403],[139.77073747192236,35.672022055810366],[139.7707085373155,35.67204113184606],[139.7706645246314,35.67198903662696],[139.77073139141584,35.67194349798852]]]}},{"type":"Feature","properties":{"height":31.2,"gml_id":"bldg_4cbd32cd-7b97-4f6a-a3ef-9887632dc40f"},"geometry":{"type":"Polygon","coordinates":[[[139.7654648460143,35.67209275142148],[139.76543390928626,35.672113510627824],[139.76553357772747,35.67220983342436],[139.7654543274801,35.67226504293807],[139.7653073775768,35.672119513562926],[139.7654137638463,35.67204432790229],[139.7654648460143,35.67209275142148]]]}},{"type":"Feature","properties":{"height":11.7,"gml_id":"bldg_42c63f9e-4987-46b5-be8f-4888c52e8598"},"geometry":{"type":"Polygon","coordinates":[[[139.769826931237,35.67036346704467],[139.7698937353478,35.670312259187625],[139.7699347771518,35.67034787603454],[139.7698681055854,35.67039909299765],[139.769826931237,35.67036346704467]]]}},{"type":"Feature","properties":{"height":50.0,"gml_id":"bldg_6abc4bdf-e027-4ef6-9a2b-51c03837aba2"},"geometry":{"type":"Polygon","coordinates":[[[139.76291455202846,35.67143894527426],[139.76282430187692,35.671502889948854],[139.76280260423752,35.671518263679744],[139.76266618363434,35.67138991830596],[139.76291057151693,35.671216907711774],[139.76304688183305,35.671345162610734],[139.76304964493158,35.67134345161468],[139.76313761188456,35.67142661042844],[139.7630027620704,35.671521986247484],[139.76291455202846,35.67143894527426]]]}},{"type":"Feature","properties":{"height":11.1,"gml_id":"bldg_02315271-88eb-44f6-857a-78ae43d9b630"},"geometry":{"type":"Polygon","coordinates":[[[139.77242538267362,35.66916236833149],[139.7725211999099,35.669245252981234],[139.77245610025273,35.66929542658857],[139.7723524370731,35.669216774369886],[139.77242538267362,35.66916236833149]]]}},{"type":"Feature","properties":{"height":18.3,"gml_id":"bldg_b473905c-fa07-48d2-9e5f-1485d9c72057"},"geometry":{"type":"Polygon","coordinates":[[[139.77274358091975,35.671699894663696],[139.77276486534302,35.67174650636083],[139.77261062131802,35.671793480350324],[139.77258933697206,35.671746868626364],[139.77274358091975,35.671699894663696]]]}},{"type":"Feature","properties":{"height":16.8,"gml_id":"bldg_c0b7bb07-f2a2-4d7f-92e1-ae66701cbad6"},"geometry":{"type":"Polygon","coordinates":[[[139.76922726759696,35.67309303876147],[139.76923995868373,35.67310872940543],[139.7691068998839,35.673180228411745],[139.76909299483776,35.673163094008345],[139.76922726759696,35.67309303876147]]]}},{"type":"Feature","properties":{"height":26.0,"gml_id":"bldg_52b3b34e-c913-44f5-8725-e5da4a9aaa98"},"geometry":{"type":"Polygon","coordinates":[[[139.77292254801898,35.66700350441758],[139.77293342198726,35.66701165829146],[139.77290572267043,35.66703626992688],[139.7729884075311,35.66710030893033],[139.77287345401032,35.66720255719283],[139.77278944282224,35.66713959909324],[139.7727865358273,35.66714217556062],[139.7727580978992,35.667120870809775],[139.77288499988353,35.667008109622344],[139.77289539789513,35.667002913914736],[139.77290431312008,35.66700123281995],[139.77291139334403,35.667001407633805],[139.77292254801898,35.66700350441758]]]}},{"type":"Feature","properties":{"height":17.1,"gml_id":"bldg_99fe7b5e-46d8-4ea2-8475-f2174613df26"},"geometry":{"type":"Polygon","coordinates":[[[139.76564746722448,35.67286411397145],[139.7657332296759,35.67294672790595],[139.76564867455755,35.67300418799429],[139.76556291167483,35.67292211482385],[139.76564746722448,35.67286411397145]]]}},{"type":"Feature","properties":{"height":39.9,"gml_id":"bldg_24e1c6b9-6369-492a-9b0d-733c09519c95"},"geometry":{"type":"Polygon","coordinates":[[[139.76999027399583,35.66776055774061],[139.76992866523906,35.667809758346486],[139.769910319068,35.66779442533271],[139.76989475661955,35.667806829050406],[139.76985439947944,35.66777310542109],[139.76993154859792,35.66771149210694],[139.76999027399583,35.66776055774061]]]}},{"type":"Feature","properties":{"height":24.5,"gml_id":"bldg_6107f666-d24e-4604-893a-20438fb35d83"},"geometry":{"type":"Polygon","coordinates":[[[139.76736832115694,35.674458155254875],[139.76740863158304,35.674497765618895],[139.76737822440916,35.67451885010034],[139.76739427354315,35.674534605870505],[139.76733862166662,35.6745723428944],[139.76728199722936,35.67451669715364],[139.76736832115694,35.674458155254875]]]}},{"type":"Feature","properties":{"height":41.5,"gml_id":"bldg_c864a9c4-bab5-449c-a86d-725b66c33d91"},"geometry":{"type":"Polygon","coordinates":[[[139.77223285913934,35.668743510692515],[139.77221305585238,35.66872605906446],[139.77234349635825,35.668627181428185],[139.7724758499102,35.66874343544198],[139.77226353287818,35.66890449443842],[139.77215093857305,35.668805555705944],[139.77223285913934,35.668743510692515]]]}},{"type":"Feature","properties":{"height":18.8,"gml_id":"bldg_5ad2f0c5-3cf3-4d28-9e5b-cca7f6888c21"},"geometry":{"type":"Polygon","coordinates":[[[139.77479643942442,35.671717224994666],[139.77485090634502,35.67185777642778],[139.77478560951235,35.67187450933404],[139.77472815949534,35.671734858694464],[139.77479643942442,35.671717224994666]]]}},{"type":"Feature","properties":{"height":7.7,"gml_id":"bldg_54f64a73-f119-467c-a579-8926018c25ed"},"geometry":{"type":"Polygon","coordinates":[[[139.77436472623913,35.67279307255943],[139.77438016062206,35.672836527194136],[139.77430403519259,35.672854517357386],[139.77428849148555,35.67281106356082],[139.77436472623913,35.67279307255943]]]}},{"type":"Feature","properties":{"height":33.6,"gml_id":"bldg_e36c8c36-338e-42fa-b975-0d128dc8673a"},"geometry":{"type":"Polygon","coordinates":[[[139.7701155710059,35.67214138817694],[139.770110743523,35.6721696076314],[139.77002988528764,35.67222277319761],[139.76995500570314,35.67214690129671],[139.76997276666208,35.672135228849626],[139.76994978624344,35.67211195231747],[139.77003272223448,35.672057426823066],[139.7701155710059,35.67214138817694]]]}},{"type":"Feature","properties":{"height":16.1,"gml_id":"bldg_c9a532df-352c-4146-be40-4cb5e030d3d0"},"geometry":{"type":"Polygon","coordinates":[[[139.7692828822552,35.669435260089536],[139.7692902007041,35.66944169077457],[139.76927349987952,35.6694543552012],[139.7692062430381,35.66939527042954],[139.76926536458112,35.66935044955865],[139.76932530297927,35.669403103615245],[139.7692828822552,35.669435260089536]]]}},{"type":"Feature","properties":{"height":27.6,"gml_id":"bldg_00bc0f8f-812a-44f9-8f6f-8d70968223d6"},"geometry":{"type":"Polygon","coordinates":[[[139.77362761826427,35.67156440919169],[139.77376981637647,35.67152319672708],[139.773796389576,35.6715887396951],[139.7736531991282,35.67162733771673],[139.77362761826427,35.67156440919169]]]}},{"type":"Feature","properties":{"height":6.1,"gml_id":"bldg_9b0e7114-b4d3-4e7d-a977-97e9fe9e0068"},"geometry":{"type":"Polygon","coordinates":[[[139.77096456089401,35.67235473522224],[139.77103064631945,35.67231979616217],[139.77107169928126,35.672371466069116],[139.77100550336573,35.67240640509422],[139.77096456089401,35.67235473522224]]]}},{"type":"Feature","properties":{"height":34.5,"gml_id":"bldg_a028fc74-2fc1-47bf-8e90-95056718c081"},"geometry":{"type":"Polygon","coordinates":[[[139.77362063459867,35.67219045439762],[139.77367605499438,35.672175546117224],[139.77370063244007,35.67223634688842],[139.7736452120069,35.67225125517993],[139.77362063459867,35.67219045439762]]]}},{"type":"Feature","properties":{"height":14.8,"gml_id":"bldg_d3ee843d-55bb-4e05-be0e-021782415b06"},"geometry":{"type":"Polygon","coordinates":[[[139.7647494362666,35.672279876709894],[139.76477537577426,35.672303056766935],[139.76467578293585,35.67237736328946],[139.764649843433,35.67235418321124],[139.7647494362666,35.672279876709894]]]}},{"type":"Feature","properties":{"height":35.9,"gml_id":"bldg_158ca48f-2f06-469f-8001-e7bda27d3129"},"geometry":{"type":"Polygon","coordinates":[[[139.7701653302052,35.671853696017465],[139.77006884517255,35.671916290789774],[139.7699083597916,35.67175152640628],[139.77003556964604,35.67166893743364],[139.77011548115885,35.671751002562544],[139.77009846095748,35.671761991278316],[139.77011148524616,35.67177533843888],[139.77013779802778,35.67180320467934],[139.77015365755167,35.671793234801996],[139.77019936281536,35.67184163456587],[139.77017184278807,35.67185982877061],[139.7701653302052,35.671853696017465]]]}},{"type":"Feature","properties":{"height":21.8,"gml_id":"bldg_ae1b920c-88ae-4f43-a9ac-35c9199395c1"},"geometry":{"type":"Polygon","coordinates":[[[139.76486362149464,35.66934678321428],[139.76480890394393,35.669392722132],[139.76477799569307,35.66936827731995],[139.76483182994093,35.669321887226886],[139.76486362149464,35.66934678321428]]]}},{"type":"Feature","properties":{"height":16.4,"gml_id":"bldg_2ff5a49d-20f0-4c9b-a618-a8c4988248b8"},"geometry":{"type":"Polygon","coordinates":[[[139.7672918522298,35.67220873656121],[139.767256043414,35.67223071131814],[139.7672851800662,35.67226245563288],[139.7672434031328,35.672288031702585],[139.76719197245623,35.67223211833789],[139.76717473222527,35.672242745067855],[139.76713466822534,35.672199186733096],[139.7672296056601,35.67214110033163],[139.7672918522298,35.67220873656121]]]}},{"type":"Feature","properties":{"height":21.0,"gml_id":"bldg_19fd6c6c-fcfc-4655-b0e8-679716135ba1"},"geometry":{"type":"Polygon","coordinates":[[[139.77305056995982,35.66948501408637],[139.77304926790524,35.669483165618985],[139.77302419803843,35.66944732257011],[139.77305497233024,35.66943294394693],[139.77313171464175,35.669397080634766],[139.7731581970592,35.66943477128166],[139.77305056995982,35.66948501408637]]]}},{"type":"Feature","properties":{"height":8.5,"gml_id":"bldg_c78985df-c3c9-4b32-8cbc-8df25d02f745"},"geometry":{"type":"Polygon","coordinates":[[[139.7689550872603,35.669505338327475],[139.76889296617307,35.66955731434431],[139.76886316064628,35.66953359226966],[139.76892539219577,35.66948161632708],[139.7689550872603,35.669505338327475]]]}},{"type":"Feature","properties":{"height":16.3,"gml_id":"bldg_4a995ee7-6bda-4116-b92a-7e9a6e984158"},"geometry":{"type":"Polygon","coordinates":[[[139.77088549844925,35.672925083044326],[139.77091938606404,35.672957819549545],[139.770916949212,35.67296629209299],[139.77086744570335,35.67298510511532],[139.77083863588737,35.67295705656755],[139.77088549844925,35.672925083044326]]]}},{"type":"Feature","properties":{"height":45.0,"gml_id":"bldg_e62929aa-d8a8-4be6-b416-080f609b8ca9"},"geometry":{"type":"Polygon","coordinates":[[[139.77491840248805,35.669580488760545],[139.77483420361258,35.66961776474458],[139.77478467536324,35.669523276737685],[139.77490522731048,35.66947042467203],[139.7748912224391,35.66943787829435],[139.77497884362614,35.66940303763608],[139.77505361035603,35.66957640795837],[139.77497615468667,35.6696068368672],[139.77497185390447,35.66959691967516],[139.77493053263515,35.66960879776996],[139.77491840248805,35.669580488760545]]]}},{"type":"Feature","properties":{"height":34.9,"gml_id":"bldg_45572d48-4a7e-4339-abf8-c4b11fcd9597"},"geometry":{"type":"Polygon","coordinates":[[[139.77230422896554,35.6731968533078],[139.77217690896273,35.67322098155646],[139.77215445639553,35.67314168539286],[139.77223001523706,35.67312744601349],[139.7722246952806,35.67310701820422],[139.7722760253404,35.673097327443955],[139.77230422896554,35.6731968533078]]]}},{"type":"Feature","properties":{"height":3.3,"gml_id":"bldg_ca29007d-17a6-4b65-9af5-eeda1ef4471e"},"geometry":{"type":"Polygon","coordinates":[[[139.77109893733896,35.67150688311905],[139.77105944701214,35.67153453485673],[139.7710431876507,35.6715190678978],[139.77108266692912,35.67149141615967],[139.77109893733896,35.67150688311905]]]}},{"type":"Feature","properties":{"height":42.1,"gml_id":"bldg_8abb1d6e-f6ac-4691-8117-946b44c53a9c"},"geometry":{"type":"Polygon","coordinates":[[[139.76706601186083,35.67011705812459],[139.76705207455188,35.670100033427055],[139.76699608913756,35.6701305492369],[139.76688440908887,35.67000050962813],[139.76694963057662,35.66994150564952],[139.76705610972442,35.66994904570263],[139.7670597548205,35.66994922798354],[139.7670737826718,35.669950227214045],[139.7671573261316,35.67004266392151],[139.7670947653345,35.670076765432235],[139.7671087026485,35.67009379012491],[139.76706601186083,35.67011705812459]]]}},{"type":"Feature","properties":{"height":41.0,"gml_id":"bldg_bef10248-16f8-4dad-b965-1f51361d5425"},"geometry":{"type":"Polygon","coordinates":[[[139.7631713152565,35.6711732531915],[139.76320472932719,35.67114936824146],[139.76320730104024,35.67115175837799],[139.76327828515105,35.671101016335],[139.76330938849281,35.67112998743301],[139.76325330419888,35.671170074021326],[139.7632702907381,35.671185893990845],[139.76325503721088,35.671196800742905],[139.76325748751145,35.67119908264291],[139.76317633426982,35.671257092829194],[139.763079216439,35.671166609553026],[139.7631272871875,35.6711322511069],[139.7631713152565,35.6711732531915]]]}},{"type":"Feature","properties":{"height":56.4,"gml_id":"bldg_683e5e35-acf3-4245-b4b3-5b1ae65a0d6a"},"geometry":{"type":"Polygon","coordinates":[[[139.7639107634618,35.667328332667466],[139.76395196497523,35.66732772455076],[139.7640803383617,35.66743163759869],[139.76391917516958,35.667564046734945],[139.76377049171876,35.66744362754948],[139.7639107634618,35.667328332667466]]]}},{"type":"Feature","properties":{"height":14.3,"gml_id":"bldg_88ccaad1-ffc5-4944-98e6-da1d6a103a52"},"geometry":{"type":"Polygon","coordinates":[[[139.77479649555872,35.671035155954854],[139.77466789033912,35.67107024692142],[139.77465333501326,35.67103490599952],[139.7747819401825,35.67099981504825],[139.77479649555872,35.671035155954854]]]}},{"type":"Feature","properties":{"height":31.5,"gml_id":"bldg_fa4c25f8-81a8-443c-a11d-2917aa3ec7cf"},"geometry":{"type":"Polygon","coordinates":[[[139.7634124566583,35.67014826172033],[139.7633390725658,35.670076911445605],[139.76350043240825,35.66996659591816],[139.76357449115454,35.670037036099686],[139.7634124566583,35.67014826172033]]]}},{"type":"Feature","properties":{"height":30.3,"gml_id":"bldg_759895b2-b271-491e-a140-f9a0c354c5a1"},"geometry":{"type":"Polygon","coordinates":[[[139.77376418106945,35.669741269137454],[139.77371175101993,35.66976272291674],[139.7736937454489,35.66973342837857],[139.77367338116218,35.66974174698085],[139.77362439562546,35.66966187904483],[139.77369721193836,35.66963216980719],[139.77376418106945,35.669741269137454]]]}},{"type":"Feature","properties":{"height":12.6,"gml_id":"bldg_5e384e8e-14b0-4e8f-bf2f-42ed98e5039e"},"geometry":{"type":"Polygon","coordinates":[[[139.77346514793584,35.673309295591366],[139.7734593531182,35.67322907142639],[139.7734971340095,35.67322728656005],[139.7735029288628,35.67330751342739],[139.77346514793584,35.673309295591366]]]}},{"type":"Feature","properties":{"height":29.5,"gml_id":"bldg_afc8a8bf-f568-4514-9d18-dcf635fd8981"},"geometry":{"type":"Polygon","coordinates":[[[139.77244023372813,35.67447876438686],[139.7724642805545,35.6745251972383],[139.77240129711862,35.67454688756204],[139.7723772503216,35.67450045559958],[139.77244023372813,35.67447876438686]]]}},{"type":"Feature","properties":{"height":22.8,"gml_id":"bldg_432fa871-4e75-4aec-ba94-ea587b10c347"},"geometry":{"type":"Polygon","coordinates":[[[139.76600156359606,35.67253828591796],[139.76594171730977,35.67248099722891],[139.76596550339045,35.67246445231827],[139.76598804232867,35.67248601675343],[139.7660787654045,35.6724228631896],[139.7661161832421,35.67245857755068],[139.76600156359606,35.67253828591796]]]}},{"type":"Feature","properties":{"height":12.5,"gml_id":"bldg_5455afac-f5e9-4b56-b1dc-731f57448939"},"geometry":{"type":"Polygon","coordinates":[[[139.76746913927718,35.668858611404325],[139.76743271413352,35.66882731291351],[139.7674938366513,35.66877984396543],[139.76753059443183,35.668810961443704],[139.76746913927718,35.668858611404325]]]}},{"type":"Feature","properties":{"height":40.0,"gml_id":"bldg_31a75426-dfdf-491d-87fe-001a6f3a0e23"},"geometry":{"type":"Polygon","coordinates":[[[139.76501534736866,35.66745822139948],[139.76505812383337,35.6674241737353],[139.7651785483927,35.66752501643396],[139.76511940602217,35.667580236250444],[139.76513275979585,35.667594034831495],[139.76506157272811,35.667654656939874],[139.76489014891433,35.66751547767016],[139.76490512614103,35.66750366917308],[139.76498918728717,35.66743639331159],[139.76501534736866,35.66745822139948]]]}},{"type":"Feature","properties":{"height":36.5,"gml_id":"bldg_d94c0bca-8339-4e1b-b213-b9538ca9e7de"},"geometry":{"type":"Polygon","coordinates":[[[139.7692812864558,35.67170936985936],[139.7691663860021,35.67159312169344],[139.76932012265652,35.67149188918452],[139.76943502311664,35.67160822734306],[139.7692812864558,35.67170936985936]]]}},{"type":"Feature","properties":{"height":36.5,"gml_id":"bldg_1d11887d-9d51-4b47-abd5-9e1b9e3d57cb"},"geometry":{"type":"Polygon","coordinates":[[[139.77204514853682,35.66963197123816],[139.77210628682897,35.66970717688203],[139.77204315396025,35.669741324843216],[139.77201767232836,35.66970996210404],[139.77201369954847,35.66970493943121],[139.77199886945178,35.66971296311513],[139.77199396956738,35.66970693043123],[139.77200935253697,35.669698167903285],[139.77199306295626,35.66967913161396],[139.7719715237511,35.6696924970209],[139.77192863879972,35.66963967270593],[139.7720272900179,35.66958454990607],[139.77205951446192,35.66962422673797],[139.77204514853682,35.66963197123816]]]}},{"type":"Feature","properties":{"height":9.1,"gml_id":"bldg_3dcf37e9-a760-47c4-a4ef-523511774840"},"geometry":{"type":"Polygon","coordinates":[[[139.7705789693962,35.672906625809645],[139.7705956341818,35.67292655483487],[139.7705315358921,35.672962215787095],[139.77051476071955,35.672942196558225],[139.7705789693962,35.672906625809645]]]}},{"type":"Feature","properties":{"height":11.1,"gml_id":"bldg_2bd9bbef-4b65-4462-88ba-6df56fa59175"},"geometry":{"type":"Polygon","coordinates":[[[139.76418915862595,35.673814504099596],[139.76413346046908,35.67384070204859],[139.76409506478169,35.67378632720048],[139.76415065236827,35.67376021934274],[139.76418915862595,35.673814504099596]]]}},{"type":"Feature","properties":{"height":6.9,"gml_id":"bldg_4e8a3106-302f-4fad-b6af-7a9a061476d2"},"geometry":{"type":"Polygon","coordinates":[[[139.76743261543743,35.674509757990464],[139.76747758615866,35.6745512277093],[139.76736239863956,35.67463438838855],[139.76731743897082,35.67459292764707],[139.76743261543743,35.674509757990464]]]}},{"type":"Feature","properties":{"height":29.3,"gml_id":"bldg_d898b79e-bb4f-4f6e-948f-dd9b020ed265"},"geometry":{"type":"Polygon","coordinates":[[[139.76514545630496,35.66916008843025],[139.7652545701258,35.669055410575126],[139.76530789008524,35.66909383921758],[139.76519966081156,35.66919752611008],[139.76514545630496,35.66916008843025]]]}},{"type":"Feature","properties":{"height":22.7,"gml_id":"bldg_4c07c55a-9266-4237-b888-6b043ab67298"},"geometry":{"type":"Polygon","coordinates":[[[139.76879807999802,35.6691864664441],[139.76875690500518,35.66915300341458],[139.76889039658087,35.66904362024849],[139.76893157157338,35.669077083233],[139.76879807999802,35.6691864664441]]]}},{"type":"Feature","properties":{"height":9.6,"gml_id":"bldg_4f08c458-3e34-40b7-996b-92dffd664bdd"},"geometry":{"type":"Polygon","coordinates":[[[139.76549740105065,35.673801781738305],[139.76561719202616,35.67391924395139],[139.76557275821136,35.67394986562665],[139.76544788362148,35.67383492434762],[139.76549740105065,35.673801781738305]]]}},{"type":"Feature","properties":{"height":16.9,"gml_id":"bldg_9b2a82de-efb0-4a6c-ae7d-34ae20cdc5be"},"geometry":{"type":"Polygon","coordinates":[[[139.77230400158257,35.673205326097516],[139.77231413794732,35.673240214364625],[139.77218443100355,35.67326538700388],[139.7721741842256,35.67323049866997],[139.77230400158257,35.673205326097516]]]}},{"type":"Feature","properties":{"height":12.5,"gml_id":"bldg_bb7d8e22-2c74-472c-8230-9b8e43fe6630"},"geometry":{"type":"Polygon","coordinates":[[[139.76867789221907,35.67394733657291],[139.76875293217216,35.67390699534486],[139.76879166763376,35.67395496914398],[139.76871662765515,35.6739953103958],[139.76867789221907,35.67394733657291]]]}},{"type":"Feature","properties":{"height":5.9,"gml_id":"bldg_69dd7c81-380e-41dc-8a82-6ceb3bfe69de"},"geometry":{"type":"Polygon","coordinates":[[[139.7678364851784,35.67040214237208],[139.76785215437764,35.67042234165515],[139.7677931424304,35.67045277596588],[139.76777747324013,35.670432576675246],[139.7678364851784,35.67040214237208]]]}},{"type":"Feature","properties":{"height":31.8,"gml_id":"bldg_08d14668-338b-4ffd-8565-4aec29c75abe"},"geometry":{"type":"Polygon","coordinates":[[[139.7632909084804,35.668802711041685],[139.76323991423484,35.66875869434311],[139.76331547590945,35.66870033831532],[139.7633294938075,35.668712433883975],[139.763359592439,35.66868918692829],[139.76339657983834,35.668721108023945],[139.7632909084804,35.668802711041685]]]}},{"type":"Feature","properties":{"height":33.9,"gml_id":"bldg_ad05146b-9869-40e5-8697-aad9b5418bf8"},"geometry":{"type":"Polygon","coordinates":[[[139.7734702650486,35.6711903783875],[139.77385202148912,35.671079671629954],[139.77398537844616,35.67138587080267],[139.77360360969087,35.67149656895693],[139.7734702650486,35.6711903783875]]]}},{"type":"Feature","properties":{"height":37.6,"gml_id":"bldg_8857d50b-526c-4e22-8b0f-e1abffa235e1"},"geometry":{"type":"Polygon","coordinates":[[[139.7714820542871,35.67019723200485],[139.7714813202216,35.67020373143075],[139.77148015683534,35.67020830890824],[139.7716346674459,35.670357277019264],[139.77146866385334,35.67047234228293],[139.7711598126067,35.67018409528985],[139.77116579493176,35.67016170826539],[139.7713516975569,35.67002587700222],[139.77137246429018,35.670026067964535],[139.77150347908128,35.67016062021004],[139.77147934119364,35.67017736434333],[139.77148070875663,35.67018017733055],[139.77148251551273,35.67018643378944],[139.7714820542871,35.67019723200485]]]}},{"type":"Feature","properties":{"height":19.4,"gml_id":"bldg_c9479773-d194-4c8e-ab44-a4ea79a735af"},"geometry":{"type":"Polygon","coordinates":[[[139.76333038209444,35.66702436893216],[139.7632851386922,35.66699886078638],[139.7633003202199,35.6669809412928],[139.76334556361684,35.66700644943294],[139.76333038209444,35.66702436893216]]]}},{"type":"Feature","properties":{"height":77.8,"gml_id":"bldg_546e5529-1584-4301-bfa7-ad47ea4c2f8f"},"geometry":{"type":"Polygon","coordinates":[[[139.76647607984881,35.671094091009884],[139.76652496588503,35.671060505938314],[139.7667488058374,35.6712774101642],[139.76645590879238,35.67147861459651],[139.76623206907243,35.67126170983367],[139.76629125644973,35.671221054819085],[139.76627186367804,35.67120226841781],[139.76631834037178,35.67117034061552],[139.76631329626665,35.67116545236572],[139.76633083127342,35.6711469479199],[139.76638124268067,35.671112309149215],[139.76639852390198,35.67110666714712],[139.76640375563872,35.67111174478606],[139.76645674226614,35.67107534072354],[139.76647607984881,35.671094091009884]]]}},{"type":"Feature","properties":{"height":19.9,"gml_id":"bldg_2a7a68aa-2e9f-4a51-90d1-6dfd870c6f44"},"geometry":{"type":"Polygon","coordinates":[[[139.7677658780435,35.67488571315986],[139.76768651621396,35.67494092405683],[139.7676235983229,35.67488067804826],[139.76770307060465,35.67482546725239],[139.7677658780435,35.67488571315986]]]}},{"type":"Feature","properties":{"height":6.5,"gml_id":"bldg_3b96ea65-a454-497c-b904-1c7dcbd88a18"},"geometry":{"type":"Polygon","coordinates":[[[139.77233738409274,35.67216056163003],[139.77231605947097,35.67216695057431],[139.77210371514286,35.67148360199276],[139.77209999612543,35.67143546677648],[139.7721014492992,35.67141302332442],[139.77210543212968,35.67140500312879],[139.7721377855572,35.67142142456683],[139.77213964122367,35.67145053986209],[139.77214369633592,35.671492545910596],[139.7723445879076,35.672129558046876],[139.77233738409274,35.67216056163003]]]}},{"type":"Feature","properties":{"height":29.3,"gml_id":"bldg_b1766652-68fc-4360-b1cf-55800e419c81"},"geometry":{"type":"Polygon","coordinates":[[[139.7739408400937,35.67327861498107],[139.77388349429438,35.673282093021704],[139.77388031381184,35.67325101211489],[139.77386304700948,35.673252193400224],[139.7738608129434,35.673196190000134],[139.7739374782699,35.673194065448705],[139.7739408400937,35.67327861498107]]]}},{"type":"Feature","properties":{"height":33.4,"gml_id":"bldg_89d517d4-e183-4212-b0a4-3b3a78082f40"},"geometry":{"type":"Polygon","coordinates":[[[139.7696663018746,35.67304144276298],[139.76963457077625,35.67300625441103],[139.769660686408,35.67299056630818],[139.76963927486264,35.672966776767055],[139.769734232545,35.67290987822071],[139.76978754099693,35.67296876601586],[139.7696663018746,35.67304144276298]]]}},{"type":"Feature","properties":{"height":8.0,"gml_id":"bldg_14143915-89e9-42f4-9d43-f041b81e762d"},"geometry":{"type":"Polygon","coordinates":[[[139.77257194745584,35.669242962069376],[139.77256147636766,35.66922757034014],[139.77265306890993,35.669186090255145],[139.77266354001029,35.66920148197652],[139.77266803731243,35.66919944713831],[139.77270566271767,35.66925472028175],[139.77259074377903,35.66930676175227],[139.77255311842873,35.66925148857346],[139.77257194745584,35.669242962069376]]]}},{"type":"Feature","properties":{"height":10.2,"gml_id":"bldg_70d749ed-0ee7-4658-8324-e00dd6afa1e4"},"geometry":{"type":"Polygon","coordinates":[[[139.7706699145321,35.667354123381045],[139.77062249453263,35.66739673367265],[139.7705389258975,35.6673348558847],[139.77058634590466,35.66729224562555],[139.7706699145321,35.667354123381045]]]}},{"type":"Feature","properties":{"height":19.9,"gml_id":"bldg_9ab9c841-b35c-41fb-9773-f1e52cda79c7"},"geometry":{"type":"Polygon","coordinates":[[[139.76669330429726,35.66841209388515],[139.76665727017468,35.6684411883037],[139.76659482579046,35.66838975739106],[139.76663085991257,35.66836066299096],[139.76669330429726,35.66841209388515]]]}},{"type":"Feature","properties":{"height":38.2,"gml_id":"bldg_421b3962-5a93-4a5b-bb2f-5af3e3b559b3"},"geometry":{"type":"Polygon","coordinates":[[[139.7681248805865,35.66764548418511],[139.7680443206529,35.66758047041949],[139.76808676530803,35.667545456128344],[139.76794775613175,35.66743326786675],[139.76816087420278,35.66725741722098],[139.76815278291645,35.667250886895665],[139.76820023447365,35.667211729854714],[139.76825196133123,35.66725347339907],[139.7682064993639,35.66729098202227],[139.76837884533344,35.66743007595266],[139.76819233253863,35.66758398391151],[139.76819590905802,35.66758687024202],[139.7681248805865,35.66764548418511]]]}},{"type":"Feature","properties":{"height":12.4,"gml_id":"bldg_093dce30-a698-4f17-83a8-0f5033551374"},"geometry":{"type":"Polygon","coordinates":[[[139.7697000652668,35.67336928991777],[139.76963928173126,35.673403059260785],[139.7696178715294,35.67337744894505],[139.76967865512674,35.67334358857406],[139.7697000652668,35.67336928991777]]]}},{"type":"Feature","properties":{"height":26.7,"gml_id":"bldg_668d125e-61a3-484d-8ff9-15d9b2a3442a"},"geometry":{"type":"Polygon","coordinates":[[[139.7649679897725,35.672606027588714],[139.76493405621454,35.672630165111556],[139.7648375890088,35.67253672804003],[139.76484792358826,35.67252964912727],[139.76485686387397,35.67253834344688],[139.76486581660137,35.67253247158643],[139.7648807272286,35.672522141316485],[139.7649679897725,35.672606027588714]]]}},{"type":"Feature","properties":{"height":18.0,"gml_id":"bldg_b986042b-d675-48e6-9a5d-4cbbc90836fe"},"geometry":{"type":"Polygon","coordinates":[[[139.76379127773802,35.67124157636991],[139.76389433156953,35.67116256739282],[139.76395448900476,35.671214890724094],[139.76385132478643,35.67129380143862],[139.76379127773802,35.67124157636991]]]}},{"type":"Feature","properties":{"height":27.4,"gml_id":"bldg_21892d61-820c-4c63-962e-6b08e7955d07"},"geometry":{"type":"Polygon","coordinates":[[[139.768153479239,35.67316114689947],[139.76810691155302,35.67310072970115],[139.7682638390564,35.67302032201029],[139.76831040681412,35.67308073914881],[139.768153479239,35.67316114689947]]]}},{"type":"Feature","properties":{"height":32.2,"gml_id":"bldg_1dd65f14-fc7e-46bd-81f1-71d150e036c1"},"geometry":{"type":"Polygon","coordinates":[[[139.7718976118986,35.668022709959516],[139.77191477694092,35.66800873841055],[139.7719068731986,35.668002019145334],[139.7719144993781,35.66799616410662],[139.7719091675362,35.66799179873851],[139.77193507537123,35.6679706837529],[139.77201190703715,35.66803345941068],[139.7719612849916,35.66807480576972],[139.7718976118986,35.668022709959516]]]}},{"type":"Feature","properties":{"height":37.3,"gml_id":"bldg_5b5e5ce5-b07b-4016-8bcd-4790af1c215c"},"geometry":{"type":"Polygon","coordinates":[[[139.7727510234732,35.66850191594814],[139.7727887559797,35.668532022775715],[139.77270615711382,35.66860086418495],[139.77258097113582,35.66850074862492],[139.77270531810674,35.66839715333424],[139.772792881003,35.668467062856],[139.7727510234732,35.66850191594814]]]}},{"type":"Feature","properties":{"height":12.2,"gml_id":"bldg_4b94dd98-08d8-43af-afc2-c80c80b8350d"},"geometry":{"type":"Polygon","coordinates":[[[139.77405926471832,35.67222678012262],[139.77407944839226,35.672269334863294],[139.77401083351208,35.6722909250171],[139.77399064979576,35.67224846941612],[139.77405926471832,35.67222678012262]]]}},{"type":"Feature","properties":{"height":7.3,"gml_id":"bldg_63f35de6-7267-4b6b-852b-2dc275f8fdfe"},"geometry":{"type":"Polygon","coordinates":[[[139.77250007299145,35.667099342122306],[139.77216881732616,35.66737823963828],[139.7721281931811,35.667346039954246],[139.77210542409114,35.6673652276399],[139.7720107079769,35.66729036542184],[139.77238927017356,35.66697156142879],[139.7724840965867,35.667046603683545],[139.77245955917547,35.66706732287908],[139.77250007299145,35.667099342122306]]]}},{"type":"Feature","properties":{"height":9.1,"gml_id":"bldg_294f85bc-8609-4ea4-b5f4-ab2ae0293e86"},"geometry":{"type":"Polygon","coordinates":[[[139.7695352949183,35.67011863509976],[139.76961678541753,35.67018500129609],[139.76956015872824,35.67023130190663],[139.7694786571899,35.67016492665291],[139.7695352949183,35.67011863509976]]]}},{"type":"Feature","properties":{"height":7.9,"gml_id":"bldg_448ac5f2-bb40-44fb-898e-1696cbe8d7d2"},"geometry":{"type":"Polygon","coordinates":[[[139.77503909997918,35.67191023655899],[139.77497324976892,35.67192841239727],[139.77495527558978,35.67188504763929],[139.77502112576852,35.6718668718107],[139.77503909997918,35.67191023655899]]]}},{"type":"Feature","properties":{"height":28.0,"gml_id":"bldg_2e8ca74c-b6c0-493d-aa60-3c87b0954857"},"geometry":{"type":"Polygon","coordinates":[[[139.76778054536751,35.6720792969288],[139.76755268419484,35.67180278465086],[139.76758169420313,35.67178686421993],[139.76756669783333,35.67176764777029],[139.76762330321256,35.67173659933078],[139.76786674663904,35.672032021743384],[139.76778054536751,35.6720792969288]]]}},{"type":"Feature","properties":{"height":49.6,"gml_id":"bldg_7117ac51-706b-4137-be1a-90f72c66236d"},"geometry":{"type":"Polygon","coordinates":[[[139.76335410780516,35.67182189658709],[139.7633834669153,35.67184994724846],[139.76335826564923,35.671867509379645],[139.76341400381824,35.67192081290321],[139.76339709242168,35.67193261106845],[139.76356739763656,35.67209567810117],[139.76347985640626,35.67215647002411],[139.763303633525,35.67198973985338],[139.7633550975603,35.67195352556492],[139.76331322181807,35.6719139129186],[139.76326176883586,35.671950127195856],[139.7630708120645,35.67176945287704],[139.76313920922735,35.67172181013531],[139.76315515800005,35.671737052635955],[139.76316574695315,35.671729676561775],[139.76314979817988,35.67171443406253],[139.76315536898602,35.67171055239162],[139.76330635814833,35.671855040255565],[139.76335410780516,35.67182189658709]]]}},{"type":"Feature","properties":{"height":14.3,"gml_id":"bldg_cbe0f44c-b9cc-4b3f-817a-24925da36200"},"geometry":{"type":"Polygon","coordinates":[[[139.76755927445095,35.66980194705801],[139.76749989974888,35.669736474905285],[139.76759284428752,35.66968009971178],[139.76765243994726,35.669745571939856],[139.76755927445095,35.66980194705801]]]}},{"type":"Feature","properties":{"height":38.3,"gml_id":"bldg_64f6253f-1784-407e-8274-b7fc3e3fb177"},"geometry":{"type":"Polygon","coordinates":[[[139.76838569468563,35.67381081063476],[139.76834200224303,35.673841279598236],[139.76829954936463,35.67380074988632],[139.76823389461538,35.673846504143484],[139.76818300872614,35.673797801590965],[139.76820268310527,35.673784022132914],[139.76817177630355,35.67375444038445],[139.76801957650974,35.673860448593956],[139.7679606327286,35.67380426198539],[139.76821794634097,35.67362493809402],[139.7684163021883,35.67381451375496],[139.7684007285407,35.673825375913],[139.76838569468563,35.67381081063476]]]}},{"type":"Feature","properties":{"height":27.9,"gml_id":"bldg_5090705f-3b58-444a-8cd7-7e4d4e4b0494"},"geometry":{"type":"Polygon","coordinates":[[[139.77309777700464,35.673107476161604],[139.77307417860513,35.67305238956902],[139.77315218449826,35.67303016557275],[139.77318328133163,35.67310301204088],[139.77309777700464,35.673107476161604]]]}},{"type":"Feature","properties":{"height":6.5,"gml_id":"bldg_22449d76-0dff-48d8-bf25-e2bc30653358"},"geometry":{"type":"Polygon","coordinates":[[[139.76936528334502,35.67151588970902],[139.76934464424878,35.67149370496442],[139.76943394328467,35.67143849821439],[139.76945447199924,35.67146059274803],[139.76936528334502,35.67151588970902]]]}},{"type":"Feature","properties":{"height":62.6,"gml_id":"bldg_58ff3629-5005-4c97-973d-10fea38840f4"},"geometry":{"type":"Polygon","coordinates":[[[139.7641281211299,35.6701722911404],[139.7633067413075,35.6693927592989],[139.76390149300263,35.6689773902828],[139.7648220215161,35.66968324223504],[139.7641281211299,35.6701722911404]]]}},{"type":"Feature","properties":{"height":8.8,"gml_id":"bldg_fcee4199-1b23-45e7-ae8b-71ac9a405417"},"geometry":{"type":"Polygon","coordinates":[[[139.76546683817932,35.66676371584952],[139.765451053321,35.66675121391148],[139.76544731719213,35.666754357599835],[139.76550690229038,35.666801560066915],[139.7654651195522,35.666836690102954],[139.7653303853346,35.66672998157123],[139.76541409447557,35.66665960357775],[139.76550501739368,35.66673162141245],[139.76546683817932,35.66676371584952]]]}},{"type":"Feature","properties":{"height":26.7,"gml_id":"bldg_c94a4a95-37ad-40a8-9522-7558f4ad845c"},"geometry":{"type":"Polygon","coordinates":[[[139.76352101366834,35.66840362634126],[139.76340201799354,35.66831179656547],[139.7634680121538,35.66825477882861],[139.76354042502865,35.668310705981156],[139.76350323839816,35.668342818389156],[139.76351001607446,35.668348050285964],[139.76354722476526,35.66831597394362],[139.76358700774216,35.668346697776],[139.76352101366834,35.66840362634126]]]}},{"type":"Feature","properties":{"height":30.7,"gml_id":"bldg_5413d0d5-a42a-404e-bddf-96bdf754ceb2"},"geometry":{"type":"Polygon","coordinates":[[[139.77343249671137,35.67162019741636],[139.7734482197596,35.671659243706415],[139.77340051167542,35.67167203659414],[139.7734113391519,35.67169896689879],[139.77334714645565,35.67171615116275],[139.77332057391882,35.6716501574109],[139.77343249671137,35.67162019741636]]]}},{"type":"Feature","properties":{"height":25.1,"gml_id":"bldg_fdfb21c8-ed8c-4893-961a-2149e4439989"},"geometry":{"type":"Polygon","coordinates":[[[139.77190701799648,35.67451737876263],[139.77192064450495,35.67453869416335],[139.77186871850142,35.674560769325495],[139.77180682013238,35.674463840150196],[139.77189511296504,35.67442638813071],[139.77194338496554,35.674501911727404],[139.77190701799648,35.67451737876263]]]}},{"type":"Feature","properties":{"height":20.4,"gml_id":"bldg_65f54d05-611e-48b8-bfa7-bbdedffd85c9"},"geometry":{"type":"Polygon","coordinates":[[[139.77454368011524,35.67189052603533],[139.77448523358984,35.67190509972899],[139.7744502849357,35.67181161025499],[139.77450884179765,35.67179712676927],[139.77454368011524,35.67189052603533]]]}},{"type":"Feature","properties":{"height":46.2,"gml_id":"bldg_32d3f79d-c874-4b18-9437-1a146019cb86"},"geometry":{"type":"Polygon","coordinates":[[[139.76571619759824,35.674725793766946],[139.76575410284767,35.67470857178954],[139.7657990743185,35.67477447834505],[139.76565927787007,35.67483794662206],[139.76560576733388,35.674758866158626],[139.76570754799582,35.674712592814345],[139.76571306397133,35.674721429363736],[139.76571619759824,35.674725793766946]]]}},{"type":"Feature","properties":{"height":15.0,"gml_id":"bldg_76827903-910c-49bb-84a7-3e92982a1964"},"geometry":{"type":"Polygon","coordinates":[[[139.7637021541722,35.67096333407467],[139.76366127203582,35.6709247677105],[139.76367445839847,35.67091546415482],[139.7636472073542,35.670889741224315],[139.76364206765507,35.670893370783574],[139.76352204846046,35.670780106817105],[139.76359139560614,35.67073118441088],[139.76368000273877,35.67081480200654],[139.76365495641855,35.67083247155608],[139.7637463009879,35.67091866140191],[139.7637248690152,35.670933782168355],[139.76373305867224,35.670941529697814],[139.7637021541722,35.67096333407467]]]}},{"type":"Feature","properties":{"height":6.6,"gml_id":"bldg_1c1ec5f8-7ca1-4d22-9684-87c8d1607beb"},"geometry":{"type":"Polygon","coordinates":[[[139.77425991554426,35.67096486622345],[139.77424679631457,35.67092969721732],[139.77428767531106,35.67091945062877],[139.7743021204626,35.67095415156646],[139.77425991554426,35.67096486622345]]]}},{"type":"Feature","properties":{"height":24.0,"gml_id":"bldg_b0142da0-bce4-43b4-9867-3ba01e226a36"},"geometry":{"type":"Polygon","coordinates":[[[139.77399911020095,35.6720113133252],[139.77397474432243,35.671948024927204],[139.77407715365177,35.671921611054735],[139.77408633784987,35.67194531267204],[139.77408929242344,35.671953273249954],[139.77411956553004,35.67194548225021],[139.77413180375433,35.6719771255611],[139.77399911020095,35.6720113133252]]]}},{"type":"Feature","properties":{"height":13.4,"gml_id":"bldg_d1f91509-137b-4146-8403-de416c563b97"},"geometry":{"type":"Polygon","coordinates":[[[139.7663123269649,35.67278747257336],[139.7662917864952,35.67276685575418],[139.7663856575257,35.672704181442406],[139.76640722554615,35.67272454643252],[139.7663123269649,35.67278747257336]]]}},{"type":"Feature","properties":{"height":29.6,"gml_id":"bldg_ca535ed4-6740-4e6e-af9a-39f80611bea4"},"geometry":{"type":"Polygon","coordinates":[[[139.77085410991404,35.66741741440508],[139.77079576982305,35.66736965638177],[139.77098464068146,35.66721607009774],[139.77104300280212,35.66726390916579],[139.77085410991404,35.66741741440508]]]}},{"type":"Feature","properties":{"height":42.7,"gml_id":"bldg_0831aa2a-3a2d-4fae-a537-4a3d585396f4"},"geometry":{"type":"Polygon","coordinates":[[[139.7660661796949,35.67201913120125],[139.76647570288821,35.67174483711245],[139.7672523248762,35.672587544804635],[139.76691255970175,35.67282272435736],[139.7660661796949,35.67201913120125]]]}},{"type":"Feature","properties":{"height":8.6,"gml_id":"bldg_a2865187-508e-4525-8fbc-e07e9e715f4f"},"geometry":{"type":"Polygon","coordinates":[[[139.76292447477894,35.67436613239577],[139.76290180188067,35.674371644549836],[139.76282444775475,35.67431379424971],[139.76287796044036,35.67426127554847],[139.7629307757355,35.67424805626317],[139.76297793179413,35.674389599331725],[139.76293705108503,35.674398137576425],[139.76292447477894,35.67436613239577]]]}},{"type":"Feature","properties":{"height":10.4,"gml_id":"bldg_a32420fe-cee4-469e-b5e2-31ce65865c3a"},"geometry":{"type":"Polygon","coordinates":[[[139.7742683977263,35.6715965436865],[139.77428439147636,35.67162855027647],[139.77422726747062,35.67164746009883],[139.77421138420394,35.671615453555624],[139.7742683977263,35.6715965436865]]]}},{"type":"Feature","properties":{"height":28.5,"gml_id":"bldg_133e05c1-9248-45e1-9eae-c41272c87fb7"},"geometry":{"type":"Polygon","coordinates":[[[139.76721797588792,35.67432178524815],[139.76735650447418,35.67445400156497],[139.76725149921998,35.6745273166168],[139.76711297068135,35.67439509927946],[139.76721797588792,35.67432178524815]]]}},{"type":"Feature","properties":{"height":6.3,"gml_id":"bldg_bb0c9622-fe36-4ba7-b7d5-e9bfaacf2568"},"geometry":{"type":"Polygon","coordinates":[[[139.77281834079048,35.66924441116649],[139.77283732049872,35.669270380259064],[139.7727928987544,35.6692920810339],[139.77277391905545,35.669266111934434],[139.77281834079048,35.66924441116649]]]}},{"type":"Feature","properties":{"height":37.9,"gml_id":"bldg_d9c14615-af5d-4601-a2d7-caa5b2a7c11a"},"geometry":{"type":"Polygon","coordinates":[[[139.7732331741858,35.67228422976645],[139.77321877727155,35.67228862127999],[139.77319828635652,35.6722439209742],[139.77324944347419,35.67222826262151],[139.77322021799822,35.67216452096185],[139.77330838927745,35.67213761389401],[139.77339904373616,35.67233533015445],[139.7732843876584,35.67237033643959],[139.7732488543001,35.6722921696743],[139.77323700107172,35.672292578390575],[139.7732331741858,35.67228422976645]]]}},{"type":"Feature","properties":{"height":9.2,"gml_id":"bldg_799671fd-f359-4ec6-8898-34f8ceb2958f"},"geometry":{"type":"Polygon","coordinates":[[[139.7641731133939,35.66744340877653],[139.76413911589458,35.66741589734822],[139.76414917484857,35.66740752035255],[139.76418317234777,35.66743503177806],[139.7641731133939,35.66744340877653]]]}},{"type":"Feature","properties":{"height":35.2,"gml_id":"bldg_4f519fa8-f50a-467d-9820-0406ff878dea"},"geometry":{"type":"Polygon","coordinates":[[[139.76901658126582,35.6713779290775],[139.76897332700779,35.671373641569666],[139.76889641391463,35.671287466120134],[139.76897019129504,35.671234216398425],[139.76907806805994,35.67133341604437],[139.76901658126582,35.6713779290775]]]}},{"type":"Feature","properties":{"height":33.6,"gml_id":"bldg_ebafc602-b9dd-4f5e-9994-e8393360f11f"},"geometry":{"type":"Polygon","coordinates":[[[139.7674303691971,35.66966306507905],[139.76742419475912,35.66964918054965],[139.76742575492815,35.669632505996155],[139.76740178780614,35.66963014930483],[139.76740683795816,35.669532262920335],[139.76741755812336,35.66952568876334],[139.76755875084186,35.66963230830472],[139.76758019531243,35.6696545208428],[139.7675395129378,35.66968066458863],[139.7675510347901,35.66969327298465],[139.7674911788275,35.66972970983681],[139.7674303691971,35.66966306507905]]]}},{"type":"Feature","properties":{"height":14.7,"gml_id":"bldg_e06a744a-2745-4763-8b5d-921776b00839"},"geometry":{"type":"Polygon","coordinates":[[[139.774302278876,35.669838792322295],[139.77435097882025,35.66985747461585],[139.77432793805266,35.66990035067292],[139.77427498549733,35.669881404886226],[139.774302278876,35.669838792322295]]]}},{"type":"Feature","properties":{"height":22.0,"gml_id":"bldg_d4ba503d-0e6d-457c-bc75-9daa42348498"},"geometry":{"type":"Polygon","coordinates":[[[139.77486012630808,35.67148438619242],[139.77489772601277,35.67157846273182],[139.77484016290126,35.67159384826316],[139.7748024527599,35.67149981672103],[139.77486012630808,35.67148438619242]]]}},{"type":"Feature","properties":{"height":12.3,"gml_id":"bldg_d07dec44-343a-4218-9c80-b080efc357f7"},"geometry":{"type":"Polygon","coordinates":[[[139.7654115887433,35.67290364155274],[139.76544492094055,35.67293737169585],[139.76532212445105,35.67301824568214],[139.7652886818058,35.67298451544308],[139.7654115887433,35.67290364155274]]]}},{"type":"Feature","properties":{"height":19.6,"gml_id":"bldg_3f3ac0b8-c5fa-4892-9ec8-9caaaee26f8c"},"geometry":{"type":"Polygon","coordinates":[[[139.76994211331518,35.671673304096075],[139.76986663012696,35.671718783674514],[139.76982215195332,35.67166954525239],[139.76989785619082,35.671623886444685],[139.76994211331518,35.671673304096075]]]}},{"type":"Feature","properties":{"height":35.7,"gml_id":"bldg_06dc4fb9-306d-40c8-9160-d5a50e0d8d54"},"geometry":{"type":"Polygon","coordinates":[[[139.7674039836098,35.67367506217534],[139.76725973014652,35.673775495180095],[139.76722693619374,35.673744109408155],[139.76737120068748,35.67364367734959],[139.7674039836098,35.67367506217534]]]}},{"type":"Feature","properties":{"height":30.0,"gml_id":"bldg_8dd8acb7-7ca5-4e69-967e-7d0ecea8f523"},"geometry":{"type":"Polygon","coordinates":[[[139.76543980686105,35.667888416701025],[139.7653775501552,35.66783853562151],[139.76545282580875,35.667775932611],[139.76551508251296,35.667825813652094],[139.76543980686105,35.667888416701025]]]}},{"type":"Feature","properties":{"height":13.4,"gml_id":"bldg_7a6ede81-9aa9-48c2-af4b-f38566b8fa5d"},"geometry":{"type":"Polygon","coordinates":[[[139.77405350789616,35.67104867361639],[139.77403284649677,35.670995311162855],[139.77413167448415,35.67097037372753],[139.7741521700342,35.67102402542363],[139.77405350789616,35.67104867361639]]]}},{"type":"Feature","properties":{"height":3.9,"gml_id":"bldg_bb8a4d23-82b8-4a16-a403-899ca18b5b6b"},"geometry":{"type":"Polygon","coordinates":[[[139.7711693593484,35.66914042700751],[139.77114777204488,35.66915884894864],[139.7711263887078,35.66914216159322],[139.77114796496497,35.669123740551555],[139.7711693593484,35.66914042700751]]]}},{"type":"Feature","properties":{"height":30.8,"gml_id":"bldg_9a0a0930-7ccb-4373-8e87-864722d92125"},"geometry":{"type":"Polygon","coordinates":[[[139.771346138127,35.669787100337906],[139.77126820368747,35.6697204487005],[139.77128684980784,35.66970593718457],[139.77130722755626,35.669723362216835],[139.77133579910657,35.669701122021905],[139.77139344417012,35.669750348647135],[139.771346138127,35.669787100337906]]]}},{"type":"Feature","properties":{"height":29.4,"gml_id":"bldg_0315f791-ce08-452a-8931-823ce775bb3c"},"geometry":{"type":"Polygon","coordinates":[[[139.76398554963015,35.66833059506762],[139.7640046238003,35.668345956442515],[139.7639541408046,35.668387561810775],[139.7638567828836,35.66830944672818],[139.7639350334719,35.66824460196851],[139.76401330590193,35.668307671092364],[139.76398554963015,35.66833059506762]]]}},{"type":"Feature","properties":{"height":35.7,"gml_id":"bldg_1d32f3ad-f1a1-4ada-ab25-990dde256da4"},"geometry":{"type":"Polygon","coordinates":[[[139.77002889074313,35.67145377526158],[139.76989497007187,35.67154391420151],[139.76990800567995,35.671556828731404],[139.7698702730834,35.67158222757174],[139.76985757954523,35.67156978193216],[139.76978198158398,35.671620759773674],[139.76971961811205,35.67155916306055],[139.7699669687826,35.67139253855481],[139.77002889074313,35.67145377526158]]]}},{"type":"Feature","properties":{"height":7.8,"gml_id":"bldg_d411b298-a415-4865-9136-02e60072da87"},"geometry":{"type":"Polygon","coordinates":[[[139.7726169039704,35.67210346571333],[139.7726046640726,35.67207479587821],[139.77265891401024,35.67205940974769],[139.77267115399331,35.67208798944011],[139.7726169039704,35.67210346571333]]]}},{"type":"Feature","properties":{"height":5.6,"gml_id":"bldg_b37ff5e2-f495-41a2-ae5c-e8821e4dd78b"},"geometry":{"type":"Polygon","coordinates":[[[139.77338404704508,35.67082245804746],[139.77332537456346,35.67084451156492],[139.77331114363406,35.67081935706031],[139.77336992656507,35.67079730270332],[139.77338404704508,35.67082245804746]]]}},{"type":"Feature","properties":{"height":30.6,"gml_id":"bldg_71af877b-d669-4bd1-a0c8-d22984c98e80"},"geometry":{"type":"Polygon","coordinates":[[[139.76639163240267,35.67471661662741],[139.76636599162907,35.67469138196377],[139.7663552072682,35.674681307633236],[139.76633143259036,35.67469673491873],[139.76629495404367,35.674659289623406],[139.7664402984441,35.674565447430766],[139.76651215765483,35.67463227904277],[139.76639163240267,35.67471661662741]]]}},{"type":"Feature","properties":{"height":27.7,"gml_id":"bldg_4a887987-b4d2-4d0e-a7fd-f7d717a62834"},"geometry":{"type":"Polygon","coordinates":[[[139.76357811692617,35.668332622184934],[139.7634783258716,35.668258471430036],[139.76351392166637,35.668226574436545],[139.76349704331403,35.66821402744408],[139.76354062048998,35.66817497726349],[139.7636572898877,35.66826166682772],[139.76357811692617,35.668332622184934]]]}},{"type":"Feature","properties":{"height":6.0,"gml_id":"bldg_67f562ac-5f90-4efd-99c9-b38698d7a59c"},"geometry":{"type":"Polygon","coordinates":[[[139.77242019392304,35.666832035395224],[139.77236643207235,35.66679117595359],[139.7723904173405,35.66677018608448],[139.77244417918865,35.666811046416925],[139.77242019392304,35.666832035395224]]]}},{"type":"Feature","properties":{"height":20.5,"gml_id":"bldg_3ae2ccbf-1cdd-49d7-a6fc-f89213fa7672"},"geometry":{"type":"Polygon","coordinates":[[[139.7632320078461,35.66857886572811],[139.7632832269095,35.668618285557194],[139.7631796474556,35.668707731644986],[139.76312864946436,35.668668131626625],[139.7632320078461,35.66857886572811]]]}},{"type":"Feature","properties":{"height":8.3,"gml_id":"bldg_baa85b9d-81d5-4af9-841f-65422083636b"},"geometry":{"type":"Polygon","coordinates":[[[139.76986788865074,35.670408006563626],[139.76988800511353,35.67039251444564],[139.76994816632262,35.67044428495524],[139.76992804978647,35.67045986812181],[139.76986788865074,35.670408006563626]]]}},{"type":"Feature","properties":{"height":28.0,"gml_id":"bldg_0c98c11d-e03f-4336-a9ed-bdb597275db8"},"geometry":{"type":"Polygon","coordinates":[[[139.7681060628656,35.67251456644158],[139.76820204731175,35.6726358079907],[139.76816495911618,35.67265536574356],[139.7681777820817,35.67267155232695],[139.76816944938986,35.672675947418966],[139.76806064209342,35.672538428211254],[139.7681060628656,35.67251456644158]]]}},{"type":"Feature","properties":{"height":34.9,"gml_id":"bldg_468c2d04-eb25-4db5-b887-8c33def32a1b"},"geometry":{"type":"Polygon","coordinates":[[[139.77258940703192,35.66975898012314],[139.7726003315453,35.66977376815714],[139.77255856142867,35.669794298395516],[139.77248363518552,35.66969240536289],[139.77256352866286,35.66965323596659],[139.77262753052145,35.669740250782354],[139.77258940703192,35.66975898012314]]]}},{"type":"Feature","properties":{"height":33.0,"gml_id":"bldg_e8575bbc-0921-46f9-be67-5d089bfd71f8"},"geometry":{"type":"Polygon","coordinates":[[[139.77054894747437,35.669630479310975],[139.77045425465238,35.669552533211366],[139.7706449213479,35.669398227357846],[139.77073961424384,35.669476083172235],[139.77054894747437,35.669630479310975]]]}},{"type":"Feature","properties":{"height":3.6,"gml_id":"bldg_f7c59291-1eaa-4b27-b01d-1a6d8945b5cf"},"geometry":{"type":"Polygon","coordinates":[[[139.77158672983197,35.67436917259024],[139.7716097874691,35.67440839502554],[139.77154613858386,35.67443333040422],[139.77152308097,35.674394108858266],[139.77158672983197,35.67436917259024]]]}},{"type":"Feature","properties":{"height":25.5,"gml_id":"bldg_65147824-7df5-4688-9b34-444fc0d38b65"},"geometry":{"type":"Polygon","coordinates":[[[139.77206305074571,35.669622246417276],[139.772030162361,35.66958410068172],[139.77211359739286,35.66953619006412],[139.77214648586718,35.66957424473851],[139.77206305074571,35.669622246417276]]]}},{"type":"Feature","properties":{"height":40.2,"gml_id":"bldg_d7f3f0ba-cc46-429b-a4bb-1fe0fc3cd99c"},"geometry":{"type":"Polygon","coordinates":[[[139.76245097684625,35.67154077180284],[139.76253796554366,35.67148034084613],[139.7626348711309,35.67157323920778],[139.76252666020767,35.6716484402739],[139.76244531687425,35.671570513781795],[139.76245097684625,35.67154077180284]]]}},{"type":"Feature","properties":{"height":29.1,"gml_id":"bldg_2c326103-1574-4feb-bb62-ab882885ce90"},"geometry":{"type":"Polygon","coordinates":[[[139.76429986761607,35.672148388912774],[139.7642107674232,35.672070450157456],[139.76424514452967,35.67204433007011],[139.76433421161076,35.672122241740155],[139.76429986761607,35.672148388912774]]]}},{"type":"Feature","properties":{"height":16.2,"gml_id":"bldg_cc426ad1-db96-4708-971c-385b0034174a"},"geometry":{"type":"Polygon","coordinates":[[[139.77173269312462,35.672541065858226],[139.77183523437913,35.672503026252],[139.77184476484737,35.67253536336759],[139.7717489199939,35.67257051299961],[139.77173269312462,35.672541065858226]]]}},{"type":"Feature","properties":{"height":16.5,"gml_id":"bldg_88d74487-482f-4d72-8177-1d9e14bb9c3e"},"geometry":{"type":"Polygon","coordinates":[[[139.76591786433843,35.66763739133169],[139.76586962760376,35.66759724417466],[139.76593716334443,35.66754319957198],[139.7659854000124,35.6675834278259],[139.76591786433843,35.66763739133169]]]}},{"type":"Feature","properties":{"height":6.6,"gml_id":"bldg_24a2565f-bf69-4417-b177-d7fb3d03e9c1"},"geometry":{"type":"Polygon","coordinates":[[[139.7673703548458,35.66728710167737],[139.76736994571226,35.667247350871705],[139.76738673544068,35.66724726993038],[139.76738714458256,35.667287020736005],[139.7673703548458,35.66728710167737]]]}},{"type":"Feature","properties":{"height":19.3,"gml_id":"bldg_baff1720-9e86-4731-bfef-255d4c5af1e0"},"geometry":{"type":"Polygon","coordinates":[[[139.76878506153244,35.66955087482659],[139.76879108854712,35.669556069968],[139.7687413830917,35.66959445984958],[139.768701313327,35.66956000588534],[139.7688047695806,35.66948010954995],[139.76884472881608,35.66951465355838],[139.76883133257257,35.66952499414986],[139.76882530555764,35.66951979901045],[139.76878506153244,35.66955087482659]]]}},{"type":"Feature","properties":{"height":29.6,"gml_id":"bldg_447bc796-c3e1-4c19-962c-2e5bde1bcb15"},"geometry":{"type":"Polygon","coordinates":[[[139.77329110951985,35.67131564315303],[139.77331666536188,35.67136726942162],[139.77328098827215,35.67137831058102],[139.7732917642583,35.671400138198656],[139.773223756875,35.67142251240489],[139.7731876897106,35.671349753581865],[139.77329110951985,35.67131564315303]]]}},{"type":"Feature","properties":{"height":25.0,"gml_id":"bldg_427d0aa0-4b78-4b11-beb0-de07dda1acb0"},"geometry":{"type":"Polygon","coordinates":[[[139.76928580091314,35.672972105670254],[139.76940759339567,35.67289843808914],[139.7695190665926,35.67302099379461],[139.7693963897204,35.67309538211561],[139.76928580091314,35.672972105670254]]]}},{"type":"Feature","properties":{"height":6.2,"gml_id":"bldg_fd3e76e8-18b9-46f6-8bc9-09f332b40a34"},"geometry":{"type":"Polygon","coordinates":[[[139.7745449784966,35.67010474409026],[139.77452319021958,35.67011172810795],[139.77450069023504,35.670064962881305],[139.77452248954754,35.670057978873],[139.7745449784966,35.67010474409026]]]}},{"type":"Feature","properties":{"height":63.9,"gml_id":"bldg_2054be08-0ea8-41bd-a2aa-f4f30318dbd0"},"geometry":{"type":"Polygon","coordinates":[[[139.76640854402956,35.6731697442414],[139.76631074546876,35.67308036379511],[139.76636833348928,35.673038391861],[139.7663560810757,35.673027208022795],[139.76642206957774,35.67297911139952],[139.76638420859425,35.67294447763607],[139.76651806447245,35.67284684316665],[139.76666597650657,35.6729820409468],[139.76640854402956,35.6731697442414]]]}},{"type":"Feature","properties":{"height":36.3,"gml_id":"bldg_c0bdb0d5-81ca-4ab1-8317-783b295aa3c2"},"geometry":{"type":"Polygon","coordinates":[[[139.7653618841996,35.66898858928873],[139.7652847219315,35.66892995643255],[139.76531766647634,35.6688977960126],[139.765604399865,35.66866260901112],[139.76568189212213,35.66872286432275],[139.76539416284268,35.66896012410349],[139.7653618841996,35.66898858928873]]]}},{"type":"Feature","properties":{"height":31.7,"gml_id":"bldg_d799254b-eae8-41b9-b03e-371bf06195fc"},"geometry":{"type":"Polygon","coordinates":[[[139.77450897020626,35.66918303613383],[139.77440281804607,35.669076694268206],[139.77443676818598,35.66905413057087],[139.7744515148999,35.66906890318211],[139.7744743251401,35.6690537442179],[139.77456605070844,35.66914563897777],[139.77455786354702,35.66916344612196],[139.77450897020626,35.66918303613383]]]}},{"type":"Feature","properties":{"height":36.3,"gml_id":"bldg_e4f781a5-7e33-464e-bace-cf9d3693bfb3"},"geometry":{"type":"Polygon","coordinates":[[[139.76566151874576,35.66904229963585],[139.76557286480454,35.66911850597453],[139.76553133039081,35.669119834655106],[139.7654506384704,35.66905489030475],[139.76552542859662,35.66899298104594],[139.76554685444688,35.669010218356135],[139.76558345359012,35.66897992576418],[139.76566151874576,35.66904229963585]]]}},{"type":"Feature","properties":{"height":60.9,"gml_id":"bldg_e9e590ba-40a2-4397-b0f1-08fe8432eb31"},"geometry":{"type":"Polygon","coordinates":[[[139.76603902817607,35.66743812932805],[139.76612521317787,35.66736599455347],[139.7661659341718,35.66739838740659],[139.76634522309178,35.66724849779049],[139.76631332182671,35.667223151437845],[139.76644365373627,35.667114581328285],[139.76704098320332,35.66757604543148],[139.7666457964583,35.66790623475117],[139.76603902817607,35.66743812932805]]]}},{"type":"Feature","properties":{"height":34.5,"gml_id":"bldg_3295d66c-139b-4379-b0ed-e7ea149a3158"},"geometry":{"type":"Polygon","coordinates":[[[139.77016827052518,35.67339347690505],[139.77009139751766,35.67343444901741],[139.77008687282404,35.673428813060696],[139.77002584841608,35.67346140167367],[139.77001179870442,35.67344389863952],[139.7699827210297,35.67346142405947],[139.76995519771913,35.673427112339716],[139.77014057002094,35.673359660889375],[139.77016827052518,35.67339347690505]]]}},{"type":"Feature","properties":{"height":16.2,"gml_id":"bldg_fee80bb6-5f14-4ef9-bd08-f2e60bde7fc3"},"geometry":{"type":"Polygon","coordinates":[[[139.76992243144826,35.67155791797686],[139.76999804039292,35.67163268159991],[139.76994830487752,35.671666276645446],[139.7698726959477,35.67159151299159],[139.76992243144826,35.67155791797686]]]}},{"type":"Feature","properties":{"height":7.1,"gml_id":"bldg_00c7c753-7b0a-458e-83eb-5bf8d0121405"},"geometry":{"type":"Polygon","coordinates":[[[139.77100432250285,35.671978702988206],[139.77105740887035,35.672039482998855],[139.7710118834739,35.672057306630826],[139.77096298651725,35.672007164972285],[139.77100432250285,35.671978702988206]]]}},{"type":"Feature","properties":{"height":6.3,"gml_id":"bldg_cb962b5c-d536-428b-a267-7b3c3c8631fd"},"geometry":{"type":"Polygon","coordinates":[[[139.76777362919663,35.674579629268266],[139.76771013064632,35.67462171582083],[139.76769747032526,35.674608999566054],[139.76766753892966,35.674615706584724],[139.76765968005458,35.67460779816191],[139.76774521796818,35.674551103378924],[139.76777362919663,35.674579629268266]]]}},{"type":"Feature","properties":{"height":10.4,"gml_id":"bldg_782852c9-f758-451f-be2b-3e03e1386fa0"},"geometry":{"type":"Polygon","coordinates":[[[139.7713001743912,35.669659352059064],[139.77118028948183,35.66956077012614],[139.77124119199138,35.66951140628313],[139.7713611874332,35.66960989807577],[139.7713001743912,35.669659352059064]]]}},{"type":"Feature","properties":{"height":9.0,"gml_id":"bldg_f29f68e9-37f6-4712-a947-b52a3bacb7ef"},"geometry":{"type":"Polygon","coordinates":[[[139.77091933158238,35.672034544092405],[139.77096093952636,35.6720825186977],[139.77092215258537,35.672100166412676],[139.77088308246968,35.67205588783844],[139.77091933158238,35.672034544092405]]]}},{"type":"Feature","properties":{"height":9.1,"gml_id":"bldg_8e84e1e1-746e-499b-a858-0f98a503485e"},"geometry":{"type":"Polygon","coordinates":[[[139.7696201263821,35.6712351569567],[139.76959514710026,35.6712533505731],[139.7695381891032,35.67120140221777],[139.76956327891787,35.67118311763288],[139.7696201263821,35.6712351569567]]]}},{"type":"Feature","properties":{"height":11.7,"gml_id":"bldg_5aa56352-8ccd-49ce-954f-62044237c279"},"geometry":{"type":"Polygon","coordinates":[[[139.77280581971593,35.66857902897194],[139.772776189823,35.66855571356799],[139.77284023128905,35.66850152813706],[139.7728698611799,35.668524844426805],[139.77280581971593,35.66857902897194]]]}},{"type":"Feature","properties":{"height":33.5,"gml_id":"bldg_b76c817d-e942-4372-9926-4e4d6b21285c"},"geometry":{"type":"Polygon","coordinates":[[[139.76562279962857,35.67198841628442],[139.76572147494568,35.67208356658411],[139.76554915932493,35.67220272135035],[139.7654503736012,35.672107570849136],[139.76562279962857,35.67198841628442]]]}},{"type":"Feature","properties":{"height":10.8,"gml_id":"bldg_441a38bb-c196-4b0a-ade5-3ca2d8702147"},"geometry":{"type":"Polygon","coordinates":[[[139.76900723890694,35.670589538032246],[139.7690763131584,35.67054594844766],[139.7691031330173,35.670574175739425],[139.76903405868447,35.6706178545751],[139.76900723890694,35.670589538032246]]]}},{"type":"Feature","properties":{"height":5.3,"gml_id":"bldg_a617a0ef-201e-4b20-b637-eea2bcf4b6d2"},"geometry":{"type":"Polygon","coordinates":[[[139.7687983384664,35.67047103989115],[139.7688430545255,35.67051131917788],[139.76881447184144,35.67053245008278],[139.76876975579225,35.67049216177185],[139.7687983384664,35.67047103989115]]]}},{"type":"Feature","properties":{"height":53.3,"gml_id":"bldg_4f6c1b99-de42-4ed7-ad7b-1d5178bf4117"},"geometry":{"type":"Polygon","coordinates":[[[139.7665934320029,35.67427078354977],[139.7664599081726,35.674364902909666],[139.76635184520075,35.674262806556435],[139.76642932879534,35.674208227351706],[139.76640062980945,35.67418108008396],[139.7664248376575,35.674163966555795],[139.7665048626492,35.674239637067366],[139.76667884117276,35.674116967443766],[139.76681615546272,35.674246659870406],[139.7667446408075,35.67429709721207],[139.76671980506444,35.67427355764785],[139.76669515625423,35.67429094140281],[139.76666888556966,35.67426604807353],[139.76662279336895,35.67429856209906],[139.7665934320029,35.67427078354977]]]}},{"type":"Feature","properties":{"height":55.4,"gml_id":"bldg_2fd046a4-5335-4cd7-b330-ce56c6c7c015"},"geometry":{"type":"Polygon","coordinates":[[[139.76299097238027,35.66909557271279],[139.76288479724735,35.66899518777849],[139.76315990277928,35.668802274218535],[139.76326939441685,35.66889968631088],[139.76299097238027,35.66909557271279]]]}},{"type":"Feature","properties":{"height":8.9,"gml_id":"bldg_857ece36-2f02-482a-8f2d-59851c427d17"},"geometry":{"type":"Polygon","coordinates":[[[139.7699799893487,35.671550286602745],[139.76994522028232,35.671515925989],[139.77003286502935,35.67145684201953],[139.77006763403668,35.67149129274561],[139.7699799893487,35.671550286602745]]]}},{"type":"Feature","properties":{"height":34.7,"gml_id":"bldg_947126a9-ff56-47ed-bce2-b6537e1c4b05"},"geometry":{"type":"Polygon","coordinates":[[[139.7705081318574,35.67054688428321],[139.77052350376974,35.670524448108345],[139.7705504684737,35.67050940923717],[139.77057521826856,35.67050158019169],[139.77059940848062,35.67050303499418],[139.77063353033208,35.67051729356265],[139.7707694135631,35.67064094341569],[139.77045574967815,35.67085765043251],[139.77029166188726,35.6706962368574],[139.77032370217782,35.67067454044784],[139.7705081318574,35.67054688428321]]]}},{"type":"Feature","properties":{"height":20.9,"gml_id":"bldg_853cb1aa-6c36-4a95-8830-0e41198a6275"},"geometry":{"type":"Polygon","coordinates":[[[139.76956473071616,35.673524254445205],[139.7695932017227,35.673561315942294],[139.7694856735846,35.673616242713194],[139.76945731307526,35.67357918124965],[139.76956473071616,35.673524254445205]]]}},{"type":"Feature","properties":{"height":43.8,"gml_id":"bldg_acd78be5-5630-4321-8836-2da027f37dc3"},"geometry":{"type":"Polygon","coordinates":[[[139.76269763103923,35.667993867580755],[139.7627152132842,35.668009679873585],[139.76274814060204,35.66798528096861],[139.7627912850279,35.66802406531556],[139.76268983921852,35.66809920744223],[139.76264900157454,35.66806249757277],[139.76263423454736,35.66807344059267],[139.76261433447763,35.66805556368285],[139.76269763103923,35.667993867580755]]]}},{"type":"Feature","properties":{"height":43.7,"gml_id":"bldg_1f09e60c-4373-4b1b-bbcc-20c9e4522643"},"geometry":{"type":"Polygon","coordinates":[[[139.76946086623198,35.67397227179824],[139.76947400037884,35.67398670072853],[139.76942360274805,35.67401732066216],[139.76935793200948,35.67394526610622],[139.76933626980497,35.67395850477397],[139.76921210272945,35.673822331430024],[139.76928305724104,35.67377919343929],[139.7692986195164,35.673796237661755],[139.7693378543963,35.67377246227996],[139.76949899597278,35.67394912673933],[139.76946086623198,35.67397227179824]]]}},{"type":"Feature","properties":{"height":18.6,"gml_id":"bldg_b2989cea-620e-4914-a2e3-fd657c16067b"},"geometry":{"type":"Polygon","coordinates":[[[139.77177549912423,35.66921684136233],[139.77183764987004,35.66926744016977],[139.77178238461244,35.66931266088052],[139.77172023393578,35.66926197190762],[139.77177549912423,35.66921684136233]]]}},{"type":"Feature","properties":{"height":18.3,"gml_id":"bldg_d8969e77-379c-40f8-9b54-2b96074fcdad"},"geometry":{"type":"Polygon","coordinates":[[[139.76542010472022,35.667427488169324],[139.76540238799052,35.66741347984258],[139.76538073370693,35.667431720442174],[139.76539845043686,35.66744572877204],[139.76538273200686,35.66745897009655],[139.7652924391806,35.6673855472923],[139.76538672690648,35.66730691060723],[139.76547779416023,35.6673788915802],[139.76542010472022,35.667427488169324]]]}},{"type":"Feature","properties":{"height":12.2,"gml_id":"bldg_b304df79-33fd-4d44-93ab-4c982e44b912"},"geometry":{"type":"Polygon","coordinates":[[[139.77174073192435,35.672200007557],[139.77167354821577,35.67222719644015],[139.77165093143842,35.67219004738686],[139.77172761802402,35.67215907941456],[139.77174073192435,35.672200007557]]]}},{"type":"Feature","properties":{"height":16.7,"gml_id":"bldg_4dfe5113-0bcd-41ab-a1bb-7c430ccb0dc3"},"geometry":{"type":"Polygon","coordinates":[[[139.77156083421985,35.66962609918898],[139.7714733416415,35.66969244943786],[139.7713557690305,35.669588803149374],[139.77144326159274,35.669522452984765],[139.77156083421985,35.66962609918898]]]}},{"type":"Feature","properties":{"height":62.9,"gml_id":"bldg_0d573be7-8d8c-4199-b5e5-3c7bbf49e40d"},"geometry":{"type":"Polygon","coordinates":[[[139.76678463887953,35.673089009409814],[139.76691113385812,35.67320905198133],[139.76663126927937,35.67340539744877],[139.76650477441177,35.67328535368591],[139.76678463887953,35.673089009409814]]]}},{"type":"Feature","properties":{"height":21.3,"gml_id":"bldg_e18a2e01-37d2-4c4e-91b0-c2766ff07820"},"geometry":{"type":"Polygon","coordinates":[[[139.7730593217208,35.671802358973004],[139.7730217225439,35.671710309953724],[139.7731150840645,35.67168493795906],[139.77315268340448,35.67177689681236],[139.7730593217208,35.671802358973004]]]}},{"type":"Feature","properties":{"height":31.5,"gml_id":"bldg_40c75a88-b0ff-4068-b506-537f176b1b7f"},"geometry":{"type":"Polygon","coordinates":[[[139.77465352631938,35.67107537774958],[139.77447939991688,35.67112414719488],[139.77442459533594,35.67099369169326],[139.77457783961938,35.67095077106431],[139.77459063104828,35.67098124371996],[139.77461151292417,35.670975394979386],[139.77465352631938,35.67107537774958]]]}},{"type":"Feature","properties":{"height":17.5,"gml_id":"bldg_f34e17cf-9307-4858-8fbd-9d83216d9c41"},"geometry":{"type":"Polygon","coordinates":[[[139.7688499941219,35.6696978145494],[139.76881621404075,35.66967147725376],[139.76890834798562,35.66959161983262],[139.7689471510581,35.66962170138963],[139.7688499941219,35.6696978145494]]]}},{"type":"Feature","properties":{"height":7.8,"gml_id":"bldg_b8e01985-0bc2-4e18-a73d-557dc71eac07"},"geometry":{"type":"Polygon","coordinates":[[[139.7710208749432,35.67100603982324],[139.77111691068808,35.67095065503115],[139.77115189632605,35.670990963583506],[139.77105575002273,35.67104643938462],[139.7710208749432,35.67100603982324]]]}},{"type":"Feature","properties":{"height":14.6,"gml_id":"bldg_e7cd1890-5650-49fc-8bd2-5406c517c995"},"geometry":{"type":"Polygon","coordinates":[[[139.77354360860303,35.674454890136154],[139.77362215484692,35.67445042225013],[139.77362850742398,35.674523706999416],[139.7735498506403,35.674528174834606],[139.77354360860303,35.674454890136154]]]}},{"type":"Feature","properties":{"height":12.5,"gml_id":"bldg_2dd803c0-1077-47ea-afe2-dbbcbfd47120"},"geometry":{"type":"Polygon","coordinates":[[[139.77273661220536,35.669081582015735],[139.77271619065607,35.669063454130075],[139.77279831281834,35.66899751490249],[139.77283201475035,35.66898238876553],[139.77286070542445,35.66902098196331],[139.77273661220536,35.669081582015735]]]}},{"type":"Feature","properties":{"height":39.8,"gml_id":"bldg_c12e9ea4-c914-4fb0-88fe-db3a5a007225"},"geometry":{"type":"Polygon","coordinates":[[[139.77426185749735,35.67477586290637],[139.77436567946017,35.674951320910374],[139.77423418148797,35.67500551907047],[139.77409592740733,35.67478416415261],[139.77426185749735,35.67477586290637]]]}},{"type":"Feature","properties":{"height":29.2,"gml_id":"bldg_bf53f600-9d1f-4977-92d7-c59b211232fe"},"geometry":{"type":"Polygon","coordinates":[[[139.77066183972707,35.67118432537886],[139.77051628349165,35.67128069555864],[139.77046992515665,35.6712341614121],[139.77056817851994,35.67116895325032],[139.7705186193893,35.67111908056975],[139.77054083407765,35.67110440067495],[139.77055606605248,35.6711197319611],[139.77058115426934,35.671103159771924],[139.77066183972707,35.67118432537886]]]}},{"type":"Feature","properties":{"height":9.2,"gml_id":"bldg_e031c55e-c801-4f5f-ac32-90a57be8400a"},"geometry":{"type":"Polygon","coordinates":[[[139.7671822094559,35.674157355225994],[139.76710726051576,35.67408628585746],[139.76713213018274,35.674068812902995],[139.76713257168115,35.674069263832095],[139.76714174585467,35.67406277899222],[139.76721625315554,35.67413357768529],[139.7671822094559,35.674157355225994]]]}},{"type":"Feature","properties":{"height":16.9,"gml_id":"bldg_e5d93d72-9c59-4954-ab84-88b13aac6266"},"geometry":{"type":"Polygon","coordinates":[[[139.774461618587,35.67096919244888],[139.77442777215185,35.67087957939776],[139.77449350996963,35.670863026271185],[139.77452735640523,35.670952729441424],[139.774461618587,35.67096919244888]]]}},{"type":"Feature","properties":{"height":33.5,"gml_id":"bldg_1547c0af-1504-47d5-8409-6b9924192789"},"geometry":{"type":"Polygon","coordinates":[[[139.76534628932558,35.668438868840695],[139.7651772452498,35.66857732340511],[139.76510788007835,35.66852093926491],[139.7652390432146,35.66841350668619],[139.76522099547844,35.66839884014511],[139.7652477011652,35.668376960884466],[139.7652504828389,35.66837921589113],[139.76526164705396,35.66837006424752],[139.76534628932558,35.668438868840695]]]}},{"type":"Feature","properties":{"height":38.3,"gml_id":"bldg_57a8a99c-1de9-4973-a947-eea8f34c86e6"},"geometry":{"type":"Polygon","coordinates":[[[139.77306943209211,35.66893275200154],[139.77298398709104,35.66886429495878],[139.77304787323962,35.668811145921936],[139.77312316196398,35.66887148457898],[139.77313830452565,35.66885887382165],[139.77319449510938,35.66890397057401],[139.77310496620908,35.66897828914221],[139.77322453432217,35.669074146863124],[139.77317527122207,35.66911508067326],[139.77300963556348,35.66898236971337],[139.77306943209211,35.66893275200154]]]}},{"type":"Feature","properties":{"height":6.5,"gml_id":"bldg_2e9f8ee4-d194-421d-912d-5633ffe71a6a"},"geometry":{"type":"Polygon","coordinates":[[[139.7698850902173,35.67114461872496],[139.7698430921972,35.67117217860657],[139.76980181207102,35.67113015284414],[139.76984381008322,35.67110259297676],[139.7698850902173,35.67114461872496]]]}},{"type":"Feature","properties":{"height":6.5,"gml_id":"bldg_8e4fd799-5fcd-4488-a7e7-ef3048a44882"},"geometry":{"type":"Polygon","coordinates":[[[139.7731612376834,35.669651643246524],[139.77318032697795,35.66967905543696],[139.77308629136402,35.66972263399578],[139.77306720209063,35.669695222692035],[139.7731612376834,35.669651643246524]]]}},{"type":"Feature","properties":{"height":8.7,"gml_id":"bldg_ff2a401b-e607-4222-86fb-5d470a5817e3"},"geometry":{"type":"Polygon","coordinates":[[[139.7720193518658,35.67028707625892],[139.7720054464907,35.67027021259538],[139.77203451030576,35.67025427398822],[139.77204798527225,35.670256173731104],[139.77204066877576,35.67029015178076],[139.7720193518658,35.67028707625892]]]}},{"type":"Feature","properties":{"height":30.8,"gml_id":"bldg_c5c57118-5aad-4db0-a48e-4a17281bf7f5"},"geometry":{"type":"Polygon","coordinates":[[[139.76265227002736,35.67044464011168],[139.7626439360975,35.670450358939455],[139.76270631628776,35.67051090472837],[139.76266008174156,35.67054262396569],[139.76256185396502,35.67044729112427],[139.7626416563168,35.670392535409775],[139.76269220497403,35.67044159887743],[139.76275089610644,35.67040134191125],[139.76279857526453,35.67044761029655],[139.7627146502195,35.67050518589634],[139.76265227002736,35.67044464011168]]]}},{"type":"Feature","properties":{"height":26.0,"gml_id":"bldg_5d65f36a-d52c-47f1-94cc-5940693c564e"},"geometry":{"type":"Polygon","coordinates":[[[139.76549152611477,35.66981792592643],[139.76553832990302,35.66985580996689],[139.76547974431685,35.66990400044106],[139.76543294052823,35.66986611637815],[139.76549152611477,35.66981792592643]]]}},{"type":"Feature","properties":{"height":7.1,"gml_id":"bldg_129ef956-bd11-4b5b-b7bb-c62d5118e992"},"geometry":{"type":"Polygon","coordinates":[[[139.77051607420464,35.67225273707422],[139.7705402780752,35.67223742635771],[139.77057305905382,35.672272146308785],[139.77054885524961,35.67228736689452],[139.77051607420464,35.67225273707422]]]}},{"type":"Feature","properties":{"height":12.5,"gml_id":"bldg_746b0f1f-6374-43a0-aa71-01af41059c1a"},"geometry":{"type":"Polygon","coordinates":[[[139.76911060191907,35.6695240798007],[139.76907483561652,35.66949512663322],[139.7691371659747,35.669443699569904],[139.7691730428089,35.669472564443424],[139.76911060191907,35.6695240798007]]]}},{"type":"Feature","properties":{"height":13.5,"gml_id":"bldg_ac4bdb59-4162-4bce-bb90-da5e70c01bae"},"geometry":{"type":"Polygon","coordinates":[[[139.7657615946981,35.67310718819592],[139.7657304689622,35.67307661418513],[139.76585050438624,35.672994656588166],[139.7658818508411,35.67302550110387],[139.7657615946981,35.67310718819592]]]}},{"type":"Feature","properties":{"height":36.3,"gml_id":"bldg_cda284c1-259a-4ff2-82e0-e30a48d5216f"},"geometry":{"type":"Polygon","coordinates":[[[139.77310240114613,35.67048132799366],[139.773050159871,35.670471205568994],[139.77294908342697,35.67032855857051],[139.7730733979193,35.67026985130723],[139.77317919998978,35.67044504104079],[139.77310240114613,35.67048132799366]]]}},{"type":"Feature","properties":{"height":31.0,"gml_id":"bldg_723b506c-cdae-45ba-8d2c-472eb46e919b"},"geometry":{"type":"Polygon","coordinates":[[[139.7724165216716,35.66845261331893],[139.77237612823228,35.668421225076926],[139.77235835470645,35.66843644027813],[139.77226339331148,35.66836258768565],[139.77236176661776,35.66827835910452],[139.77241232722537,35.66831777472131],[139.77250970556835,35.668234356751476],[139.772549557987,35.668265384127096],[139.77244864267607,35.668351774873294],[139.77249346288067,35.66838668068502],[139.7724165216716,35.66845261331893]]]}},{"type":"Feature","properties":{"height":9.7,"gml_id":"bldg_369ffa84-746e-4f4b-ac09-527fa770a80b"},"geometry":{"type":"Polygon","coordinates":[[[139.77448535519827,35.67280792400626],[139.77458950078451,35.672780130548794],[139.77460154163688,35.6728101981115],[139.7744973960164,35.67283799067782],[139.77448535519827,35.67280792400626]]]}},{"type":"Feature","properties":{"height":3.7,"gml_id":"bldg_0284bc5e-2c3d-4eb6-987a-57989aa15c59"},"geometry":{"type":"Polygon","coordinates":[[[139.76469168962194,35.66911339185951],[139.7647266203752,35.66908403600601],[139.76477566489618,35.669122895107066],[139.76474072309784,35.669152250968295],[139.76469168962194,35.66911339185951]]]}},{"type":"Feature","properties":{"height":11.7,"gml_id":"bldg_a5e7415c-36c6-4372-9c1c-3f75ee0f6622"},"geometry":{"type":"Polygon","coordinates":[[[139.77217967392846,35.67327457859111],[139.77225524274263,35.67326190759013],[139.77226922963305,35.67331752938942],[139.7722368369457,35.673351584851154],[139.77220048873653,35.67335769573765],[139.77217967392846,35.67327457859111]]]}},{"type":"Feature","properties":{"height":5.3,"gml_id":"bldg_b6277be1-2323-48be-ac31-38790c400062"},"geometry":{"type":"Polygon","coordinates":[[[139.76840774269442,35.669324561551534],[139.7683857208658,35.669305829050955],[139.7684200960694,35.66927891454867],[139.76844212895136,35.669297638936634],[139.76840774269442,35.669324561551534]]]}},{"type":"Feature","properties":{"height":20.0,"gml_id":"bldg_b338f741-c997-4c10-8044-6cf2607a1146"},"geometry":{"type":"Polygon","coordinates":[[[139.7693009869542,35.673183395547895],[139.7691789807255,35.67324741821409],[139.76913671499383,35.67319376400289],[139.76925872117445,35.6731297413789],[139.7693009869542,35.673183395547895]]]}},{"type":"Feature","properties":{"height":19.1,"gml_id":"bldg_4201dff5-e325-4bf3-862f-36d91b2f4019"},"geometry":{"type":"Polygon","coordinates":[[[139.77224737751231,35.67453768858276],[139.7722210641544,35.67449394964211],[139.77221241184415,35.67449741643652],[139.77205716641322,35.674242951228564],[139.77221400147187,35.67418011512496],[139.77222955771566,35.674205992417406],[139.77225752713045,35.67425087694162],[139.77227455563866,35.67424379177475],[139.77228662511547,35.674264430315915],[139.77241151712687,35.67447198956564],[139.77224737751231,35.67453768858276]]]}},{"type":"Feature","properties":{"height":12.4,"gml_id":"bldg_1248170f-a450-45bc-8cf4-a6a68abc6d91"},"geometry":{"type":"Polygon","coordinates":[[[139.76806765728554,35.67192703071439],[139.76811422638798,35.671984833958334],[139.7680946656136,35.671995279289014],[139.7680487596011,35.671937115847925],[139.76806765728554,35.67192703071439]]]}},{"type":"Feature","properties":{"height":37.6,"gml_id":"bldg_c70505cf-b511-4573-8151-e2ce90702fe2"},"geometry":{"type":"Polygon","coordinates":[[[139.77295603099424,35.66809953757153],[139.77293132678028,35.66807747758298],[139.7730704901674,35.667965849085476],[139.77314025697544,35.668023752168885],[139.77295954669802,35.66816878285672],[139.77291520269173,35.66813214681872],[139.77295603099424,35.66809953757153]]]}},{"type":"Feature","properties":{"height":4.4,"gml_id":"bldg_a411c76c-43c3-4195-92ba-7f83d36fc7c7"},"geometry":{"type":"Polygon","coordinates":[[[139.7701033033911,35.67171478891326],[139.77004713495435,35.67165534089147],[139.77006884093242,35.6716416865804],[139.77012502042922,35.671701125584285],[139.7701033033911,35.67171478891326]]]}},{"type":"Feature","properties":{"height":38.5,"gml_id":"bldg_f7864834-0a63-4343-9f6b-0c17acc2ea80"},"geometry":{"type":"Polygon","coordinates":[[[139.76474457881594,35.66814428322501],[139.76465150700122,35.66822003569355],[139.76457291481077,35.66815581304262],[139.76464499580047,35.668097075609346],[139.7646664872199,35.66811463761043],[139.7646874670672,35.6680975424029],[139.76474457881594,35.66814428322501]]]}},{"type":"Feature","properties":{"height":31.4,"gml_id":"bldg_f1039d3f-3865-4665-bea5-94a602a90363"},"geometry":{"type":"Polygon","coordinates":[[[139.770049442504,35.668367934400486],[139.770139872979,35.66844182241507],[139.7701103501627,35.668465873592375],[139.77012656629674,35.66847911426933],[139.77007384297752,35.66852208210201],[139.7699672074149,35.66843495334833],[139.770049442504,35.668367934400486]]]}},{"type":"Feature","properties":{"height":42.1,"gml_id":"bldg_cbfd3817-3b99-4ec0-94a2-54742b73c45a"},"geometry":{"type":"Polygon","coordinates":[[[139.773617617144,35.67090252591265],[139.77367782950523,35.67103776174013],[139.77343309852944,35.67111039007559],[139.77339372907505,35.671022026897596],[139.77340490811855,35.67099228714611],[139.773617617144,35.67090252591265]]]}},{"type":"Feature","properties":{"height":33.8,"gml_id":"bldg_ebc022fa-d72c-44b9-9192-4e0c773377ee"},"geometry":{"type":"Polygon","coordinates":[[[139.7704722883324,35.67158733866464],[139.7704561533837,35.671568302254094],[139.77057483696558,35.671496741063144],[139.77063779650322,35.67155968069058],[139.7704760003381,35.67165726912722],[139.77043282393745,35.67160977125962],[139.7704722883324,35.67158733866464]]]}},{"type":"Feature","properties":{"height":7.5,"gml_id":"bldg_46280417-a072-42e8-8260-6aa2d749b7fd"},"geometry":{"type":"Polygon","coordinates":[[[139.77073583338435,35.672606802660574],[139.77083113624852,35.67254484672232],[139.77085488949143,35.67256916907842],[139.77075958661666,35.67263112503519],[139.77073583338435,35.672606802660574]]]}},{"type":"Feature","properties":{"height":9.1,"gml_id":"bldg_b4cc6041-34a9-430a-abcd-de76cd97c0f6"},"geometry":{"type":"Polygon","coordinates":[[[139.76896011616114,35.67067117726465],[139.76883704268593,35.67055582576901],[139.7688667742143,35.67053465941898],[139.76898984769988,35.67065001088466],[139.76896011616114,35.67067117726465]]]}},{"type":"Feature","properties":{"height":24.7,"gml_id":"bldg_1a176b85-1302-4bb9-883a-4cebf14ddc39"},"geometry":{"type":"Polygon","coordinates":[[[139.77309296280131,35.66687087241115],[139.77318331198907,35.666936816113804],[139.7731437760529,35.6669703265631],[139.77315855827283,35.66698111528303],[139.7731330692025,35.6670043850284],[139.77302940601177,35.6669287980346],[139.77309296280131,35.66687087241115]]]}},{"type":"Feature","properties":{"height":20.5,"gml_id":"bldg_20a99cf8-1d73-48e2-adaf-c78854b1f033"},"geometry":{"type":"Polygon","coordinates":[[[139.76931465751846,35.67017407864945],[139.76924124988554,35.670111754703626],[139.7692952998827,35.67006923863982],[139.76936870744692,35.670131652690436],[139.76931465751846,35.67017407864945]]]}},{"type":"Feature","properties":{"height":17.2,"gml_id":"bldg_f25f9ad7-6113-42c8-b5d4-cc721aa2fca6"},"geometry":{"type":"Polygon","coordinates":[[[139.77340864195307,35.67235173992025],[139.77343411808698,35.67240709689836],[139.77334009047007,35.672435894022506],[139.77331461432456,35.672380627162084],[139.77340864195307,35.67235173992025]]]}},{"type":"Feature","properties":{"height":21.4,"gml_id":"bldg_d5a8c541-7c96-48a9-b054-74552d958f8d"},"geometry":{"type":"Polygon","coordinates":[[[139.77169393676675,35.670277445699526],[139.77165884021986,35.670237767303036],[139.77170523317469,35.67021066873313],[139.77169781642456,35.67020244441234],[139.77179389588585,35.67014580618566],[139.77183616628736,35.67019360056728],[139.77169393676675,35.670277445699526]]]}},{"type":"Feature","properties":{"height":27.9,"gml_id":"bldg_2389457b-312f-4e90-95ca-20834c3f20b1"},"geometry":{"type":"Polygon","coordinates":[[[139.76730091703482,35.668820696740234],[139.76731860043046,35.66883572331846],[139.7673004731155,35.66885004521783],[139.76733182207244,35.66887656278539],[139.76724848092385,35.66894195679094],[139.76716668690366,35.668872506115676],[139.76724925422945,35.668807832840095],[139.76728175081286,35.6688357211384],[139.76730091703482,35.668820696740234]]]}},{"type":"Feature","properties":{"height":26.5,"gml_id":"bldg_2b7b2de6-cf96-4998-8a96-b6ff31a98203"},"geometry":{"type":"Polygon","coordinates":[[[139.7656187599051,35.66991801392812],[139.7658136517833,35.67005778214885],[139.7657623571747,35.67010543602298],[139.7655674542394,35.669965649686645],[139.7656187599051,35.66991801392812]]]}},{"type":"Feature","properties":{"height":10.1,"gml_id":"bldg_790216ae-4a62-4432-9d5a-c8eb7bb10dea"},"geometry":{"type":"Polygon","coordinates":[[[139.77151791766886,35.673984405266786],[139.77148243796617,35.67399550097288],[139.77145958664147,35.67394683313152],[139.77149505527206,35.6739357464401],[139.77151791766886,35.673984405266786]]]}},{"type":"Feature","properties":{"height":38.3,"gml_id":"bldg_76a9c4aa-79ff-4a2b-8787-fb1d8b7dd2d8"},"geometry":{"type":"Polygon","coordinates":[[[139.77356161481626,35.66698712086949],[139.77349727582285,35.66704263157022],[139.77347357413976,35.66702433992977],[139.77333344503006,35.667145234552926],[139.7732638966018,35.66709155011157],[139.7734683647224,35.66691514491672],[139.77356161481626,35.66698712086949]]]}},{"type":"Feature","properties":{"height":23.5,"gml_id":"bldg_5aaf953c-250c-47d9-8434-93eb830a2688"},"geometry":{"type":"Polygon","coordinates":[[[139.7695273747777,35.67326941655823],[139.76964165118818,35.67320151444871],[139.76966946389868,35.67323280589392],[139.7695552980047,35.67330061885209],[139.7695273747777,35.67326941655823]]]}},{"type":"Feature","properties":{"height":31.8,"gml_id":"bldg_8a7004f9-881d-442f-9ec9-2a474caed27f"},"geometry":{"type":"Polygon","coordinates":[[[139.7652540369162,35.671634779986036],[139.765309114623,35.67168664006472],[139.76517217218552,35.671777240752405],[139.76511952594944,35.671723939792464],[139.7652540369162,35.671634779986036]]]}},{"type":"Feature","properties":{"height":34.6,"gml_id":"bldg_c796ad95-3410-4120-99fd-f8b621f78195"},"geometry":{"type":"Polygon","coordinates":[[[139.77038749506227,35.67295321698218],[139.77047237198482,35.67290359567611],[139.77058616131765,35.67303291190016],[139.77050139472476,35.67308262257883],[139.77038749506227,35.67295321698218]]]}},{"type":"Feature","properties":{"height":41.2,"gml_id":"bldg_89fea9e0-54cf-4117-8f5e-594cbe74a47b"},"geometry":{"type":"Polygon","coordinates":[[[139.7734289747497,35.674559662801414],[139.77324592094192,35.674569937376106],[139.7732357485949,35.674449662142955],[139.77330510347267,35.674445757740614],[139.77330394518572,35.67442882938404],[139.77341880379464,35.6744223786814],[139.77341628539406,35.67439245185478],[139.77353338656545,35.67438583991159],[139.77355243930015,35.67461209391547],[139.77343401217874,35.67461870521718],[139.7734289747497,35.674559662801414]]]}},{"type":"Feature","properties":{"height":34.2,"gml_id":"bldg_419a8500-573d-4030-81ce-43a7ddcb5709"},"geometry":{"type":"Polygon","coordinates":[[[139.77148388933907,35.668176317580205],[139.77155750272368,35.66824395838878],[139.77150017533066,35.668285401164646],[139.7714266612998,35.66821785141132],[139.77148388933907,35.668176317580205]]]}},{"type":"Feature","properties":{"height":17.6,"gml_id":"bldg_7df6976e-7bc3-4039-be2a-64b60c723e6d"},"geometry":{"type":"Polygon","coordinates":[[[139.7730032661113,35.66949070510303],[139.7729707357026,35.66950475022573],[139.77294625888882,35.6695175104147],[139.77288667814304,35.66944139558934],[139.7728908330253,35.6694247042389],[139.77297077616484,35.669392312923684],[139.77305301739128,35.669506106548454],[139.77302356788095,35.66952145210677],[139.7730032661113,35.66949070510303]]]}},{"type":"Feature","properties":{"height":36.6,"gml_id":"bldg_81d54b76-52c8-4fd2-aaa1-38cdbce3d3b4"},"geometry":{"type":"Polygon","coordinates":[[[139.77017280626947,35.674282449156905],[139.77009798740048,35.67432306179541],[139.77004964916253,35.67426381621366],[139.7701245784685,35.67422320366275],[139.77017280626947,35.674282449156905]]]}},{"type":"Feature","properties":{"height":14.0,"gml_id":"bldg_5a386026-6f14-4f96-ab7a-9518adea8e59"},"geometry":{"type":"Polygon","coordinates":[[[139.77192967513315,35.669541324381804],[139.7719568665819,35.669517903437125],[139.77201592840862,35.669563722395246],[139.7719886264994,35.66958714419817],[139.77192967513315,35.669541324381804]]]}},{"type":"Feature","properties":{"height":23.1,"gml_id":"bldg_534bc6b6-c9c6-4fe8-a171-53d453c69298"},"geometry":{"type":"Polygon","coordinates":[[[139.77441299217486,35.672352605129646],[139.77430813863916,35.67238238922255],[139.774269873312,35.67229258469338],[139.7743223000313,35.67227770168847],[139.7743299200283,35.67229557063585],[139.77438234674506,35.67228067859108],[139.77441299217486,35.672352605129646]]]}},{"type":"Feature","properties":{"height":27.7,"gml_id":"bldg_16efa650-df27-41f4-b6b6-46589120d358"},"geometry":{"type":"Polygon","coordinates":[[[139.76431749495987,35.6710224849079],[139.76448361850657,35.67090963795228],[139.7645207038463,35.670944992979386],[139.76435126769192,35.67105630575346],[139.76431749495987,35.6710224849079]]]}},{"type":"Feature","properties":{"height":12.9,"gml_id":"bldg_5b441dcb-3ebf-400f-8b06-31414d410423"},"geometry":{"type":"Polygon","coordinates":[[[139.76832606784774,35.67011459918662],[139.7682433941904,35.670173593575605],[139.76818621801033,35.67012029239435],[139.76826889165537,35.67006129714271],[139.76832606784774,35.67011459918662]]]}},{"type":"Feature","properties":{"height":14.3,"gml_id":"bldg_d80bf1ab-a7ec-441b-bc88-e1c6ed7f11e3"},"geometry":{"type":"Polygon","coordinates":[[[139.77358584267628,35.667796520547974],[139.77356287008817,35.66777781555851],[139.7735977516354,35.6677500624453],[139.77358461581863,35.66773824703148],[139.7736697652311,35.66766861306389],[139.7737060842063,35.66769819611105],[139.77358584267628,35.667796520547974]]]}},{"type":"Feature","properties":{"height":40.8,"gml_id":"bldg_85d46efa-049e-4896-a5a9-8fc60ad76754"},"geometry":{"type":"Polygon","coordinates":[[[139.77124301594992,35.669866277927305],[139.77106705124632,35.67000707171909],[139.7710044186267,35.67000785055131],[139.7707475400882,35.669794181963184],[139.7709557798598,35.66962744580317],[139.77124301594992,35.669866277927305]]]}},{"type":"Feature","properties":{"height":35.4,"gml_id":"bldg_ac09280b-8d00-4d05-9cf3-2321bc4dff2c"},"geometry":{"type":"Polygon","coordinates":[[[139.76388988392907,35.67115789571509],[139.76382659402296,35.67120218872843],[139.76380147320202,35.671178287837336],[139.76375975885867,35.67120748625877],[139.76370684624024,35.67115715905425],[139.76381185046716,35.671083667678],[139.76388988392907,35.67115789571509]]]}},{"type":"Feature","properties":{"height":29.6,"gml_id":"bldg_234defe2-1873-4c8b-a95d-50200d4effe7"},"geometry":{"type":"Polygon","coordinates":[[[139.76933670134304,35.670650195728875],[139.76941860252757,35.670589847222494],[139.76953582973997,35.67069591088191],[139.76945381807198,35.670756259408336],[139.76933670134304,35.670650195728875]]]}},{"type":"Feature","properties":{"height":15.8,"gml_id":"bldg_01f08442-390b-4f62-a447-0868d7528d32"},"geometry":{"type":"Polygon","coordinates":[[[139.76536269514781,35.6697259131925],[139.76539371631517,35.669747834071536],[139.76534242104438,35.66979620886753],[139.76531139987242,35.66977428797545],[139.76536269514781,35.6697259131925]]]}},{"type":"Feature","properties":{"height":43.9,"gml_id":"bldg_d3db0227-7282-4691-8f46-22f36e5f3f52"},"geometry":{"type":"Polygon","coordinates":[[[139.7705244699704,35.66731682087065],[139.7705335214845,35.66732457740568],[139.77048035858124,35.66736592272312],[139.770237513395,35.66715820934876],[139.77032924980944,35.6670867784414],[139.77056315396143,35.667286735158655],[139.7705244699704,35.66731682087065]]]}},{"type":"Feature","properties":{"height":14.6,"gml_id":"bldg_b4a3d374-afde-4b3a-af33-49857c5b4a0f"},"geometry":{"type":"Polygon","coordinates":[[[139.770551792213,35.67206346736939],[139.77058726788093,35.67204248386933],[139.77065447791387,35.67212319175969],[139.770622317024,35.67214309535803],[139.770551792213,35.67206346736939]]]}},{"type":"Feature","properties":{"height":8.2,"gml_id":"bldg_16b4adad-30a3-4180-a2f0-2968dbf98634"},"geometry":{"type":"Polygon","coordinates":[[[139.77400774041936,35.67229101363049],[139.77395205426782,35.672306760209096],[139.77393242551517,35.672260781405036],[139.773988111706,35.672244943796734],[139.77400774041936,35.67229101363049]]]}},{"type":"Feature","properties":{"height":11.6,"gml_id":"bldg_287f4096-10f4-438c-8bb5-789a9f485306"},"geometry":{"type":"Polygon","coordinates":[[[139.77326626993855,35.6746279508602],[139.7732232211613,35.67459743593979],[139.77322215421785,35.67457656862991],[139.77328296939436,35.67457347121228],[139.77328702775384,35.67462689759403],[139.77326626993855,35.6746279508602]]]}},{"type":"Feature","properties":{"height":26.5,"gml_id":"bldg_8d8bfe45-081b-4718-8316-6965060020d3"},"geometry":{"type":"Polygon","coordinates":[[[139.76539034738335,35.66746636565787],[139.76548209372538,35.66738871897629],[139.76558088784816,35.66746710397722],[139.76548659951365,35.66754646191083],[139.76539034738335,35.66746636565787]]]}},{"type":"Feature","properties":{"height":17.8,"gml_id":"bldg_3aebb338-ad23-472c-8493-c1932f2aee84"},"geometry":{"type":"Polygon","coordinates":[[[139.7706270771193,35.66761045176677],[139.77071637997423,35.667685131979205],[139.77067868998537,35.66771520924183],[139.7705893871956,35.66764044787821],[139.7706270771193,35.66761045176677]]]}},{"type":"Feature","properties":{"height":31.3,"gml_id":"bldg_6c85029e-0ef9-44f8-b082-289cae1c15b9"},"geometry":{"type":"Polygon","coordinates":[[[139.76578836361685,35.67419195125507],[139.7657139004458,35.67425361743414],[139.76549328563962,35.67400471357356],[139.76569489550639,35.673866106634904],[139.7659440176683,35.674107364422255],[139.7658021391271,35.67420486663872],[139.76578836361685,35.67419195125507]]]}},{"type":"Feature","properties":{"height":62.9,"gml_id":"bldg_c2d67e3c-0378-4f63-8413-90b4ee9ba47e"},"geometry":{"type":"Polygon","coordinates":[[[139.76663470404094,35.67073742358717],[139.7665507054165,35.67079344334413],[139.766419915454,35.67066294203208],[139.76638420922788,35.670562599345025],[139.76655721884836,35.67053285995933],[139.76670644098337,35.670681606105575],[139.7666800582656,35.670699880367096],[139.7667064816718,35.670725692291896],[139.76665644719722,35.670759159624716],[139.76663470404094,35.67073742358717]]]}},{"type":"Feature","properties":{"height":15.4,"gml_id":"bldg_9658eabd-9c72-407e-a086-591f34cffd17"},"geometry":{"type":"Polygon","coordinates":[[[139.7672305030447,35.670382792257065],[139.76725390030916,35.670408043550445],[139.76717465830913,35.67045685356761],[139.76715126112907,35.67043151302315],[139.7672305030447,35.670382792257065]]]}},{"type":"Feature","properties":{"height":11.8,"gml_id":"bldg_24ce772f-4744-4bcd-85f9-56044cd5e9fa"},"geometry":{"type":"Polygon","coordinates":[[[139.7736397986935,35.672860229090674],[139.77354157216965,35.67289001579829],[139.773528889211,35.67286234636461],[139.77362722624542,35.67283246057096],[139.7736397986935,35.672860229090674]]]}},{"type":"Feature","properties":{"height":36.8,"gml_id":"bldg_9e0ce098-19cf-45a2-bf09-702caebaf41a"},"geometry":{"type":"Polygon","coordinates":[[[139.77321119786976,35.666810538553506],[139.7731908195473,35.66679431266209],[139.77322559135135,35.66676520663505],[139.77326281637295,35.66676414356184],[139.77333368799907,35.666820514759934],[139.7732578664923,35.6668839336746],[139.77318893772895,35.6668291498208],[139.77321119786976,35.666810538553506]]]}},{"type":"Feature","properties":{"height":6.4,"gml_id":"bldg_cd911c86-bba1-4310-bb4f-a58041feb718"},"geometry":{"type":"Polygon","coordinates":[[[139.76670128750527,35.671698865937344],[139.76667343609142,35.67171615688476],[139.7666064444363,35.6716437404237],[139.76663374449427,35.67162527559842],[139.76670128750527,35.671698865937344]]]}},{"type":"Feature","properties":{"height":3.2,"gml_id":"bldg_3e0ddc91-c3be-4945-93df-70130fe8942b"},"geometry":{"type":"Polygon","coordinates":[[[139.76381378113433,35.673086546611614],[139.76373176821846,35.673038763428465],[139.7637436661915,35.673025167687804],[139.7638256790998,35.6730729517643],[139.76381378113433,35.673086546611614]]]}},{"type":"Feature","properties":{"height":40.1,"gml_id":"bldg_1c3cd38a-f193-4984-a014-10ae7bfd4b89"},"geometry":{"type":"Polygon","coordinates":[[[139.77402662986057,35.673037810432014],[139.77384401745525,35.67305349437506],[139.77378975247265,35.67293980442911],[139.77387659928948,35.67291226533297],[139.77390957339122,35.67298682515073],[139.77401608759175,35.67295334659748],[139.77404255339798,35.67301564540189],[139.77402388087435,35.67302068299281],[139.77402662986057,35.673037810432014]]]}},{"type":"Feature","properties":{"height":26.5,"gml_id":"bldg_ef5676dc-baec-4f56-a30d-682beeaca8a4"},"geometry":{"type":"Polygon","coordinates":[[[139.76568353227555,35.670968365593886],[139.7657806628827,35.671060001440175],[139.76574065123498,35.67108828120208],[139.7656435206379,35.670996647126714],[139.76568353227555,35.670968365593886]]]}},{"type":"Feature","properties":{"height":28.4,"gml_id":"bldg_b846c0a1-6b5b-4117-a10d-f1edf9bbaa8f"},"geometry":{"type":"Polygon","coordinates":[[[139.77476797589284,35.67134996469877],[139.77475640063253,35.671317861169996],[139.77489551011197,35.67128443373548],[139.77492086550387,35.67135484328237],[139.7747595597957,35.67139360509333],[139.77474576874565,35.67135529002482],[139.77476797589284,35.67134996469877]]]}},{"type":"Feature","properties":{"height":7.4,"gml_id":"bldg_5ac033dd-71d4-4394-8fb5-c009c7662aa0"},"geometry":{"type":"Polygon","coordinates":[[[139.7735416494502,35.6673057375765],[139.7735004231984,35.66733960875238],[139.7734908191034,35.66733185216564],[139.77346031381262,35.66735698532964],[139.7734159364032,35.66732099844368],[139.77348766794623,35.66726199413313],[139.7735416494502,35.6673057375765]]]}},{"type":"Feature","properties":{"height":53.4,"gml_id":"bldg_8f93884f-d110-4fad-ba1a-69cdaf62cd98"},"geometry":{"type":"Polygon","coordinates":[[[139.7660765358513,35.67376374419559],[139.76614121714036,35.67382642571314],[139.76599166832148,35.673929369069995],[139.7659268765234,35.6738667775486],[139.7660765358513,35.67376374419559]]]}},{"type":"Feature","properties":{"height":19.4,"gml_id":"bldg_f5b14f7e-7b29-4bd6-9b35-b71d568cb44b"},"geometry":{"type":"Polygon","coordinates":[[[139.7681097108681,35.67251132257368],[139.76805357105096,35.67253995671193],[139.76793991233762,35.672391798560966],[139.76799605208998,35.67236316627767],[139.7681097108681,35.67251132257368]]]}},{"type":"Feature","properties":{"height":6.2,"gml_id":"bldg_a3ede9ad-05ac-47f7-bc25-83b517103875"},"geometry":{"type":"Polygon","coordinates":[[[139.7739076124167,35.66709263567099],[139.77388874515194,35.667079114765386],[139.7739173735121,35.66705250231246],[139.77393625182125,35.667066023219064],[139.7739076124167,35.66709263567099]]]}},{"type":"Feature","properties":{"height":27.5,"gml_id":"bldg_ca567669-98b6-4adc-bd3c-6ea7ceab78e5"},"geometry":{"type":"Polygon","coordinates":[[[139.77376850453493,35.673288895640205],[139.77367272242907,35.673299024719554],[139.77366939078226,35.67326336475823],[139.77364648999864,35.67326478659134],[139.7736390901779,35.67321834419276],[139.77375531010432,35.67320605294561],[139.77376850453493,35.673288895640205]]]}},{"type":"Feature","properties":{"height":36.0,"gml_id":"bldg_7d795699-bbba-4bfb-a460-cd0796f8cdb8"},"geometry":{"type":"Polygon","coordinates":[[[139.76988110830325,35.67205845571221],[139.76986470637237,35.672041834762965],[139.76985522355562,35.672048058251804],[139.76987162548582,35.67206467920235],[139.76985961170044,35.67207256889767],[139.7697748427531,35.67198662333266],[139.76989033858536,35.67191069759237],[139.7699752180406,35.6719966440367],[139.76988110830325,35.67205845571221]]]}},{"type":"Feature","properties":{"height":7.1,"gml_id":"bldg_6b18cf25-339a-4156-b069-1850ea49cb1a"},"geometry":{"type":"Polygon","coordinates":[[[139.7665004003107,35.66806369622313],[139.7665202992969,35.668044146557044],[139.76660000616042,35.66809800366163],[139.76658010725598,35.66811746230203],[139.7665004003107,35.66806369622313]]]}},{"type":"Feature","properties":{"height":15.4,"gml_id":"bldg_9d2e7b37-f9c1-4d21-82ec-3a5719f2b4a7"},"geometry":{"type":"Polygon","coordinates":[[[139.7748173351478,35.67138994656783],[139.7748495231019,35.67148253322799],[139.77480168405157,35.67149359687273],[139.7747694961483,35.6714010102],[139.7748173351478,35.67138994656783]]]}},{"type":"Feature","properties":{"height":6.4,"gml_id":"bldg_a05839bb-98d2-4301-8c88-59822c77e942"},"geometry":{"type":"Polygon","coordinates":[[[139.76810468682186,35.668910605155524],[139.7681810721998,35.66897626559736],[139.76815399227098,35.66899725384577],[139.76807760689672,35.668931591584226],[139.76810468682186,35.668910605155524]]]}},{"type":"Feature","properties":{"height":25.9,"gml_id":"bldg_6ae67125-87d2-4635-91f0-ff843d76288e"},"geometry":{"type":"Polygon","coordinates":[[[139.77271633489903,35.66770373213639],[139.77272075604827,35.66770003872973],[139.77271556761508,35.66769588979897],[139.7727849791487,35.66763850721586],[139.77290939082457,35.667738622189106],[139.77289590641013,35.66774979155441],[139.77290109485548,35.66775394137872],[139.77284074652218,35.66780393731682],[139.77271633489903,35.66770373213639]]]}},{"type":"Feature","properties":{"height":7.0,"gml_id":"bldg_076bb57b-25b0-4fcc-b4c2-d86186a7348f"},"geometry":{"type":"Polygon","coordinates":[[[139.772377714545,35.66938588482838],[139.77230521467015,35.669434882821086],[139.77227806144353,35.66940827944132],[139.77234901588352,35.669357927720526],[139.772377714545,35.66938588482838]]]}},{"type":"Feature","properties":{"height":28.8,"gml_id":"bldg_36aa7806-1f14-44ec-a73b-644cd32c0b56"},"geometry":{"type":"Polygon","coordinates":[[[139.77385893354648,35.67406180442548],[139.77385978464176,35.67409091918556],[139.7738844524322,35.674090453639735],[139.7738862803861,35.67415787722311],[139.77383170849666,35.67415893191512],[139.77382611210615,35.67395963563476],[139.77387980005304,35.67395867064601],[139.7738825960048,35.67406142942208],[139.77385893354648,35.67406180442548]]]}},{"type":"Feature","properties":{"height":35.3,"gml_id":"bldg_90152472-0d46-4dd1-8bc4-e57cd4b17c05"},"geometry":{"type":"Polygon","coordinates":[[[139.77282482211163,35.66987744897485],[139.7726674663463,35.66995407667338],[139.77255987706332,35.66980736897354],[139.77271723277946,35.66973056113898],[139.77282482211163,35.66987744897485]]]}},{"type":"Feature","properties":{"height":19.9,"gml_id":"bldg_3734f809-5f81-4b15-b714-f8370c5314e7"},"geometry":{"type":"Polygon","coordinates":[[[139.7743442104861,35.67275105943262],[139.7743211645914,35.67269471233071],[139.77452004272155,35.67264063712043],[139.7745429783409,35.67269689399372],[139.7743442104861,35.67275105943262]]]}},{"type":"Feature","properties":{"height":33.8,"gml_id":"bldg_514eb415-b3e0-4c42-8491-9433e451bd72"},"geometry":{"type":"Polygon","coordinates":[[[139.77077015205379,35.67143574763274],[139.77076310966132,35.671429064798616],[139.77091922531864,35.67131966503961],[139.77092640017298,35.671326474125635],[139.77109268042827,35.671484399639446],[139.77087960034987,35.671633646833996],[139.77071323196816,35.67147554972318],[139.77072138867342,35.67146984827296],[139.77072888223415,35.671464606177686],[139.7707322378504,35.67146779878314],[139.7707734745594,35.67143890416494],[139.77077015205379,35.67143574763274]]]}},{"type":"Feature","properties":{"height":22.2,"gml_id":"bldg_b6f58cee-306f-492b-9326-55bdbb31b9c0"},"geometry":{"type":"Polygon","coordinates":[[[139.76479466976414,35.66872867221257],[139.76487547659508,35.668787397593825],[139.76486477577265,35.66879706324732],[139.76477963224076,35.668875317118605],[139.76470048299214,35.66881578138252],[139.76479466976414,35.66872867221257]]]}},{"type":"Feature","properties":{"height":15.1,"gml_id":"bldg_32b43962-e126-4f5a-b24f-4b25094912fc"},"geometry":{"type":"Polygon","coordinates":[[[139.77275927087894,35.67154838173824],[139.7727420689155,35.67150808170484],[139.772819299877,35.67148621717578],[139.77283639134245,35.67152660728011],[139.77275927087894,35.67154838173824]]]}},{"type":"Feature","properties":{"height":7.0,"gml_id":"bldg_1ea425fa-a0ff-497f-887c-39e1aa5707ef"},"geometry":{"type":"Polygon","coordinates":[[[139.77277491769803,35.66926016337181],[139.77274986933185,35.66922535775624],[139.7728142913557,35.66919456317851],[139.77283933967226,35.66922945891819],[139.77277491769803,35.66926016337181]]]}},{"type":"Feature","properties":{"height":28.0,"gml_id":"bldg_d4a4185f-7be0-4ba2-b6af-8bf78b3c9cfd"},"geometry":{"type":"Polygon","coordinates":[[[139.76490941525418,35.666787818617614],[139.7649286000618,35.66680274725343],[139.76490632658061,35.666821798654254],[139.7648192222869,35.666754046940994],[139.76487316513385,35.66670774700748],[139.7649407633734,35.666761643405145],[139.76490941525418,35.666787818617614]]]}},{"type":"Feature","properties":{"height":24.4,"gml_id":"bldg_fc0a5e89-cf18-440d-9ab9-1ccb36e39a6f"},"geometry":{"type":"Polygon","coordinates":[[[139.77174384498693,35.671886332232944],[139.77188514113976,35.6718565148912],[139.77189572006105,35.67189003333997],[139.77185812340878,35.67189722513559],[139.77186436069167,35.67191681515645],[139.771760595325,35.6719388007115],[139.77174384498693,35.671886332232944]]]}},{"type":"Feature","properties":{"height":38.1,"gml_id":"bldg_bfd99222-3920-4a5c-bd51-a871d21bebb3"},"geometry":{"type":"Polygon","coordinates":[[[139.76837501844759,35.67459417887271],[139.76852337608634,35.674732620418354],[139.76849903669813,35.67477749476989],[139.76818975523926,35.67487548731358],[139.76810377723086,35.67478061636863],[139.76837501844759,35.67459417887271]]]}},{"type":"Feature","properties":{"height":24.2,"gml_id":"bldg_a7495569-3320-42f3-bfaf-857644d9c28d"},"geometry":{"type":"Polygon","coordinates":[[[139.7665521834788,35.67445617303597],[139.76654253589686,35.674447361274005],[139.76656577041234,35.67443043736798],[139.76654916853582,35.6744153842513],[139.76663368379994,35.67435373213957],[139.76665984485956,35.67437763300418],[139.7665521834788,35.67445617303597]]]}},{"type":"Feature","properties":{"height":9.2,"gml_id":"bldg_91117967-d681-4362-876f-2c75fb3316c6"},"geometry":{"type":"Polygon","coordinates":[[[139.77092651734083,35.67202742696987],[139.77095757240875,35.67200887477654],[139.77100039743837,35.67205432615441],[139.7709714397937,35.67207468219099],[139.77092651734083,35.67202742696987]]]}},{"type":"Feature","properties":{"height":14.9,"gml_id":"bldg_5a7740a3-1b51-4ef4-9ce5-7d60b8898580"},"geometry":{"type":"Polygon","coordinates":[[[139.7648330540519,35.670345667752834],[139.76474806152729,35.67027125607868],[139.764815487505,35.67021991618806],[139.76490280174946,35.670291985564226],[139.7648330540519,35.670345667752834]]]}},{"type":"Feature","properties":{"height":9.6,"gml_id":"bldg_aedc65c2-0513-4449-808d-f52791ca3d15"},"geometry":{"type":"Polygon","coordinates":[[[139.77024738122984,35.66991903158671],[139.7701845941237,35.66997578519634],[139.77007508378918,35.669889556423946],[139.77014096447542,35.66983199325811],[139.77024738122984,35.66991903158671]]]}},{"type":"Feature","properties":{"height":33.3,"gml_id":"bldg_37506391-76a7-4195-85a2-99d7a3eaf1d1"},"geometry":{"type":"Polygon","coordinates":[[[139.76972760787112,35.67290572840611],[139.76963271742125,35.672961428156896],[139.76961210093262,35.67293803563552],[139.7695870132741,35.67295293106407],[139.76956575675015,35.67292871794655],[139.7696845638237,35.67285820330868],[139.76972760787112,35.67290572840611]]]}},{"type":"Feature","properties":{"height":19.7,"gml_id":"bldg_464b7b5b-eb60-4670-a45c-491bdbe0639a"},"geometry":{"type":"Polygon","coordinates":[[[139.76840286170358,35.666812909278356],[139.76845398281048,35.66685228179891],[139.7684211317801,35.66688067539692],[139.76844287841138,35.66689742562898],[139.7683441827566,35.66698116411096],[139.76827430693905,35.666926863677205],[139.76840286170358,35.666812909278356]]]}},{"type":"Feature","properties":{"height":15.9,"gml_id":"bldg_6e7b5d9f-0d24-4722-8be8-4f4d9be56355"},"geometry":{"type":"Polygon","coordinates":[[[139.7695413738845,35.670530692103966],[139.7695696337181,35.67055414277663],[139.7694772278684,35.6706280965518],[139.7694490784987,35.67060464591638],[139.7695413738845,35.670530692103966]]]}},{"type":"Feature","properties":{"height":12.9,"gml_id":"bldg_1477d9a1-724f-4ae3-8406-5450d25f9105"},"geometry":{"type":"Polygon","coordinates":[[[139.77082962800588,35.67204234040866],[139.77074728974443,35.67209601857102],[139.7707110949818,35.67204768615821],[139.77078702105646,35.67200067394871],[139.77082962800588,35.67204234040866]]]}},{"type":"Feature","properties":{"height":7.8,"gml_id":"bldg_8c3c935a-c258-4fbb-9fe4-0d809738155e"},"geometry":{"type":"Polygon","coordinates":[[[139.76808998974957,35.67011235327728],[139.76803428356055,35.67015313726454],[139.76797192963613,35.670096425081],[139.76802763581733,35.67005564112218],[139.76808998974957,35.67011235327728]]]}},{"type":"Feature","properties":{"height":34.9,"gml_id":"bldg_ea6aef79-83b5-4e63-8d92-193343c50051"},"geometry":{"type":"Polygon","coordinates":[[[139.7632045572402,35.669919029756144],[139.76322368965913,35.669905934929375],[139.76319160567448,35.6698747197142],[139.76331451302903,35.669790323551645],[139.7633836603717,35.669855632182234],[139.76343948535006,35.66990914307736],[139.76327672172633,35.67002053935547],[139.76329823252405,35.67004145471516],[139.76318355602402,35.670123772579075],[139.763130488879,35.670074536585844],[139.7631731761895,35.670043896746336],[139.7631454726768,35.67001820858874],[139.7631025873343,35.67004793881739],[139.76303482145474,35.66998191874914],[139.7631722081572,35.66988780536774],[139.7632045572402,35.669919029756144]]]}},{"type":"Feature","properties":{"height":19.7,"gml_id":"bldg_2c2859ac-349e-4fba-8a72-344b89aff279"},"geometry":{"type":"Polygon","coordinates":[[[139.77346139233467,35.66724395359634],[139.77344794010642,35.66725661120854],[139.77340965342407,35.66722949686647],[139.77339063072483,35.667246658568956],[139.77342815417597,35.667275205721616],[139.77339308108913,35.6673081875618],[139.7732978061485,35.667240537066846],[139.77336611734518,35.667176393292074],[139.77346139233467,35.66724395359634]]]}},{"type":"Feature","properties":{"height":42.2,"gml_id":"bldg_3bb0fc5f-d5cf-4795-9671-3e757e54e721"},"geometry":{"type":"Polygon","coordinates":[[[139.7705061320454,35.67222491641754],[139.77046827793953,35.67225015223047],[139.77048339982227,35.672265267135984],[139.77043937850647,35.67229461088265],[139.77036575604902,35.672220930230885],[139.77036931797443,35.6721864996446],[139.77042833715373,35.67214723062848],[139.7705061320454,35.67222491641754]]]}},{"type":"Feature","properties":{"height":21.0,"gml_id":"bldg_ae4d28d3-0bf0-4d09-b4df-1556921cf4d8"},"geometry":{"type":"Polygon","coordinates":[[[139.77126422204276,35.66972693743791],[139.771341274325,35.669791604700876],[139.77130269952883,35.6698221413928],[139.77122575771082,35.66975747326108],[139.77126422204276,35.66972693743791]]]}},{"type":"Feature","properties":{"height":12.6,"gml_id":"bldg_80eeef24-526a-488b-814c-ff300b230f9a"},"geometry":{"type":"Polygon","coordinates":[[[139.7741001894751,35.67230503943957],[139.7739719118482,35.672342103822324],[139.77395779631723,35.672309656448064],[139.774086073912,35.67227257405264],[139.7741001894751,35.67230503943957]]]}},{"type":"Feature","properties":{"height":9.3,"gml_id":"bldg_826c4b98-f47e-4798-9e9a-82f460d3bec7"},"geometry":{"type":"Polygon","coordinates":[[[139.77253550931766,35.66929732443937],[139.7725371305744,35.6693006504246],[139.77256712040548,35.66928655906784],[139.7725953697623,35.669324431005414],[139.77250442599728,35.66936954390822],[139.77245519970074,35.669303087807656],[139.77254427963337,35.66925400795739],[139.77256568775888,35.669282141614914],[139.77253550931766,35.66929732443937]]]}},{"type":"Feature","properties":{"height":9.9,"gml_id":"bldg_b8937973-1121-4778-a7f8-2f5cf177f7cf"},"geometry":{"type":"Polygon","coordinates":[[[139.7690607489577,35.672461267853116],[139.76911622787796,35.6724297494001],[139.76916048301538,35.67248160193946],[139.76910511446988,35.672513210608756],[139.7690607489577,35.672461267853116]]]}},{"type":"Feature","properties":{"height":12.3,"gml_id":"bldg_0f19e676-3a16-4d2b-aa62-ca790d55c375"},"geometry":{"type":"Polygon","coordinates":[[[139.7748001799411,35.66916588969826],[139.7748289753155,35.669213766624125],[139.77470754304753,35.669262471869295],[139.7746786372013,35.66921468499834],[139.7748001799411,35.66916588969826]]]}},{"type":"Feature","properties":{"height":20.0,"gml_id":"bldg_ff01344f-cb5e-4716-8cb7-973696ee2d34"},"geometry":{"type":"Polygon","coordinates":[[[139.76478411041177,35.67242303357834],[139.76482009416196,35.6724557747975],[139.76478638109174,35.672480453228545],[139.7646788714877,35.6723825930136],[139.76478012123098,35.672308377569244],[139.7648517575691,35.67237349655857],[139.76478411041177,35.67242303357834]]]}},{"type":"Feature","properties":{"height":8.2,"gml_id":"bldg_dfd8321b-f804-4800-a7fa-a48bfa3cef9f"},"geometry":{"type":"Polygon","coordinates":[[[139.77091748419636,35.67114398741022],[139.77096295783775,35.671192053261386],[139.77091090389277,35.67122483627056],[139.7708654301945,35.671176859635935],[139.77091748419636,35.67114398741022]]]}},{"type":"Feature","properties":{"height":40.8,"gml_id":"bldg_59030d58-6cec-497c-8caf-bfea04516878"},"geometry":{"type":"Polygon","coordinates":[[[139.76355911791984,35.671835897603984],[139.76372181034586,35.6719884139453],[139.76357612765943,35.67209189739249],[139.7634134353012,35.67193938085705],[139.76355911791984,35.671835897603984]]]}},{"type":"Feature","properties":{"height":7.5,"gml_id":"bldg_beb3de60-be7e-4585-b78e-41ebaaec9721"},"geometry":{"type":"Polygon","coordinates":[[[139.7676235382638,35.6746305020477],[139.767596858564,35.674605465380644],[139.76762828301227,35.674583173560045],[139.76766414661856,35.67461684136552],[139.7676235382638,35.6746305020477]]]}},{"type":"Feature","properties":{"height":8.1,"gml_id":"bldg_dbf1f3cb-8e43-4e4f-8dc9-bc5adcfa9f75"},"geometry":{"type":"Polygon","coordinates":[[[139.77498582867457,35.67285845515915],[139.7748976613026,35.672879684804414],[139.77487395889102,35.672814142585345],[139.77495395421352,35.672789484679505],[139.77498582867457,35.67285845515915]]]}},{"type":"Feature","properties":{"height":35.1,"gml_id":"bldg_8c18ff71-79e2-4a6a-846f-694abcfaa706"},"geometry":{"type":"Polygon","coordinates":[[[139.76677825208827,35.673463796701],[139.76675970863374,35.67344575899382],[139.7667094174044,35.67348043403021],[139.76663159843045,35.67340810084816],[139.7669162125525,35.67321238986231],[139.76695926029709,35.67325369557396],[139.76680927128038,35.673357181439606],[139.7668608178097,35.673407145960944],[139.76677825208827,35.673463796701]]]}},{"type":"Feature","properties":{"height":31.5,"gml_id":"bldg_0b7d1071-6368-4c4c-982e-206e980cae03"},"geometry":{"type":"Polygon","coordinates":[[[139.77364741275528,35.672277585376655],[139.77363980548884,35.672257661261945],[139.77368095049718,35.67224722572552],[139.77368954132942,35.672266590572235],[139.77371497601686,35.67225906859123],[139.77373212153464,35.67230187426995],[139.77367179557984,35.67231788883406],[139.77368855578626,35.67235890960908],[139.7736314344155,35.67237339340604],[139.77359935119455,35.672289910353875],[139.77364741275528,35.672277585376655]]]}},{"type":"Feature","properties":{"height":8.8,"gml_id":"bldg_04569b98-472c-476e-a755-7cb942043f63"},"geometry":{"type":"Polygon","coordinates":[[[139.77255653784627,35.67042372637343],[139.77250702965904,35.67045128339722],[139.77247723169214,35.670415754233744],[139.77252685033022,35.67038819727781],[139.77255653784627,35.67042372637343]]]}},{"type":"Feature","properties":{"height":32.7,"gml_id":"bldg_83184102-ff96-4f8c-8ead-cbcf74901bbd"},"geometry":{"type":"Polygon","coordinates":[[[139.77378909058112,35.66795579570114],[139.77377513711605,35.66794423319017],[139.77374533950447,35.66796817696052],[139.7736696221592,35.66790543090216],[139.7737180211675,35.667866533557785],[139.7738076919792,35.66794084209497],[139.77378909058112,35.66795579570114]]]}},{"type":"Feature","properties":{"height":8.6,"gml_id":"bldg_9163bd6a-8eb4-4079-a439-5e3fbec805c5"},"geometry":{"type":"Polygon","coordinates":[[[139.77114943113122,35.67189062372961],[139.77116929254447,35.67191929764822],[139.77112917959283,35.67193766494291],[139.77110942858414,35.67190908121213],[139.77114943113122,35.67189062372961]]]}},{"type":"Feature","properties":{"height":26.4,"gml_id":"bldg_c3f9ed7d-2f93-4f6e-b64f-06940351f047"},"geometry":{"type":"Polygon","coordinates":[[[139.768411390539,35.670194416756694],[139.76835358266143,35.67023891341597],[139.76828664530464,35.670180909958745],[139.76826693758113,35.670196051396275],[139.76824988313084,35.67018128669867],[139.76832727715862,35.670121720688634],[139.768411390539,35.670194416756694]]]}},{"type":"Feature","properties":{"height":26.8,"gml_id":"bldg_c7c3adfe-b55f-4622-ad7d-a590db98789a"},"geometry":{"type":"Polygon","coordinates":[[[139.76536512958333,35.66972086687588],[139.7652012212291,35.669610076583496],[139.7651965083376,35.669605585077406],[139.76529110944105,35.66953834203454],[139.76529650321584,35.66953450523167],[139.7653019346433,35.66953836617849],[139.76555912043756,35.66972322965186],[139.76555434476026,35.66972764369323],[139.76547320174097,35.66980340258888],[139.76536512958333,35.66972086687588]]]}},{"type":"Feature","properties":{"height":12.9,"gml_id":"bldg_be724f8c-80e7-4b10-9314-1e0587a0e70b"},"geometry":{"type":"Polygon","coordinates":[[[139.77317537032846,35.668776867353614],[139.77320274624964,35.668801218112606],[139.77312836443565,35.6688570661052],[139.77310098851808,35.66883271532951],[139.77317537032846,35.668776867353614]]]}},{"type":"Feature","properties":{"height":11.9,"gml_id":"bldg_442d1060-dc83-4c5e-ae05-79e87b0766ee"},"geometry":{"type":"Polygon","coordinates":[[[139.77163764614687,35.6702186473316],[139.77161480160186,35.67019114373856],[139.7717622209756,35.670109644923066],[139.77178506554873,35.67013714758715],[139.77163764614687,35.6702186473316]]]}},{"type":"Feature","properties":{"height":25.3,"gml_id":"bldg_9949f1a6-23ff-4445-8da4-37a2671a7e51"},"geometry":{"type":"Polygon","coordinates":[[[139.77161423545655,35.66821442242593],[139.7715330489617,35.66814102700157],[139.7716603483825,35.668047250258304],[139.77181110928905,35.66818351591984],[139.7718083572901,35.66818554260442],[139.77182164740304,35.66819756470441],[139.7716697124971,35.668309491680866],[139.7716216186257,35.66826602984908],[139.77160518394749,35.668278135886645],[139.7715704133373,35.668246714200976],[139.77161423545655,35.66821442242593]]]}},{"type":"Feature","properties":{"height":46.7,"gml_id":"bldg_97a35e6e-14d3-4f6b-941e-ae752e9771fc"},"geometry":{"type":"Polygon","coordinates":[[[139.76723253500307,35.670892610068556],[139.76721802296183,35.67090256227496],[139.76706524849263,35.67074663086804],[139.7671123974706,35.67071586589799],[139.767118235955,35.670721935350436],[139.7671281497294,35.6707155951342],[139.76710897929107,35.67069501525567],[139.76718974942108,35.67064200482262],[139.767433451088,35.67088605003282],[139.76729220300746,35.67097827326086],[139.7672516197407,35.670936850925784],[139.76726802132325,35.67092615161237],[139.76723253500307,35.670892610068556]]]}},{"type":"Feature","properties":{"height":39.8,"gml_id":"bldg_e3d2da13-6e2b-4c61-85a5-0bcf69873141"},"geometry":{"type":"Polygon","coordinates":[[[139.76809167870644,35.67124044982359],[139.76811166033494,35.67122843633067],[139.76808240279976,35.671195980060226],[139.7681562175889,35.671151627409955],[139.76821294486743,35.67121448381062],[139.76814088734193,35.67125771073015],[139.76813260996207,35.67124860237971],[139.76811083796852,35.671261659597754],[139.76809167870644,35.67124044982359]]]}},{"type":"Feature","properties":{"height":23.2,"gml_id":"bldg_819480b4-29c3-485a-a382-18dd8585fd2e"},"geometry":{"type":"Polygon","coordinates":[[[139.76342715398818,35.67191523202576],[139.76337892009278,35.671870315637236],[139.76350094902327,35.67178313356096],[139.76354907254867,35.67182795970001],[139.76342715398818,35.67191523202576]]]}},{"type":"Feature","properties":{"height":30.3,"gml_id":"bldg_a73386cb-8e9e-493c-8913-32d356e8eaab"},"geometry":{"type":"Polygon","coordinates":[[[139.77432714492753,35.67477526395771],[139.7743611601839,35.67478762942749],[139.77444092989222,35.6749226039532],[139.77437319333362,35.674948619570756],[139.77427003211022,35.67477595705381],[139.77432714492753,35.67477526395771]]]}},{"type":"Feature","properties":{"height":6.2,"gml_id":"bldg_c78494bb-b61a-4d7d-b5d9-7d0d20f33588"},"geometry":{"type":"Polygon","coordinates":[[[139.76833692158115,35.6673541486504],[139.76840757160625,35.667407728362654],[139.76838480095245,35.66742772657964],[139.76831415085192,35.66737423699155],[139.76833692158115,35.6673541486504]]]}},{"type":"Feature","properties":{"height":6.0,"gml_id":"bldg_5dc5aaf7-c7d8-4aa5-b95a-c302457b82c9"},"geometry":{"type":"Polygon","coordinates":[[[139.76529503386863,35.66927440409361],[139.76531039753482,35.669263118564665],[139.76535349944385,35.669302208429336],[139.76533813578385,35.66931348494997],[139.76529503386863,35.66927440409361]]]}},{"type":"Feature","properties":{"height":33.0,"gml_id":"bldg_a8d45d15-82b2-4522-93a6-8b7489658f09"},"geometry":{"type":"Polygon","coordinates":[[[139.76713387833874,35.671282850447184],[139.76722406801773,35.67122079538858],[139.76730219630923,35.67131800628112],[139.7672078220355,35.67136419493247],[139.76713387833874,35.671282850447184]]]}},{"type":"Feature","properties":{"height":44.4,"gml_id":"bldg_9b5d5755-ab86-4893-a7c3-e01ded6a065c"},"geometry":{"type":"Polygon","coordinates":[[[139.7698621719723,35.667652342571344],[139.76975640979646,35.667733176953746],[139.76964457454216,35.667644125232265],[139.76972620215906,35.6675763580346],[139.76977149023034,35.667576381948294],[139.7698621719723,35.667652342571344]]]}},{"type":"Feature","properties":{"height":11.9,"gml_id":"bldg_c13ef4a0-2c06-419b-94ac-d035c3195a29"},"geometry":{"type":"Polygon","coordinates":[[[139.7656061761705,35.6728365988805],[139.76563001633897,35.67286085921815],[139.7655545262367,35.67291030211932],[139.76553068607646,35.67288604176694],[139.7656061761705,35.6728365988805]]]}},{"type":"Feature","properties":{"height":3.5,"gml_id":"bldg_713fbc56-f76c-418b-abe1-4dd923a03e97"},"geometry":{"type":"Polygon","coordinates":[[[139.77171290862134,35.66713694380453],[139.7716992559644,35.66713698188608],[139.77169914555031,35.667108182937376],[139.77171280924816,35.66710814486148],[139.77171290862134,35.66713694380453]]]}},{"type":"Feature","properties":{"height":13.1,"gml_id":"bldg_5fd05f08-3ada-4722-bca6-38c64a12149f"},"geometry":{"type":"Polygon","coordinates":[[[139.7706064446905,35.666874558587146],[139.77067665031765,35.66693282478657],[139.77064680796104,35.66695678579814],[139.77055772626153,35.6668829168772],[139.77056800525324,35.66687471973369],[139.7706064446905,35.666874558587146]]]}},{"type":"Feature","properties":{"height":29.2,"gml_id":"bldg_88333a4f-152d-4adc-990a-0c4b30295e64"},"geometry":{"type":"Polygon","coordinates":[[[139.77436950621745,35.672602165009636],[139.77429172340194,35.67262249792399],[139.7742722076326,35.67257273256515],[139.77435010190865,35.672552489855114],[139.77436950621745,35.672602165009636]]]}},{"type":"Feature","properties":{"height":36.1,"gml_id":"bldg_ee9a44b4-a484-4a91-b152-1fe32a94c717"},"geometry":{"type":"Polygon","coordinates":[[[139.77417215414567,35.674929322623754],[139.7740395518565,35.674982889068],[139.77393672037732,35.67481338033202],[139.77393440601148,35.67480598793471],[139.77393485082484,35.67480202211454],[139.77393662106186,35.674798327359994],[139.77393949611894,35.67479445287587],[139.7739432539901,35.674791840748824],[139.77408156641619,35.674784247223755],[139.77408675817628,35.67478461032755],[139.77408907708534,35.674785873390235],[139.77416851352996,35.67492274081477],[139.77417071984675,35.674926888212944],[139.77417215414567,35.674929322623754]]]}},{"type":"Feature","properties":{"height":4.4,"gml_id":"bldg_89dbd30f-d2e1-4737-958d-9950a17e345b"},"geometry":{"type":"Polygon","coordinates":[[[139.76328468913363,35.667601996709855],[139.763296218482,35.66759226858063],[139.7633144868143,35.66760669216925],[139.7633029353743,35.66761642028736],[139.76328468913363,35.667601996709855]]]}},{"type":"Feature","properties":{"height":11.9,"gml_id":"bldg_21c1d4ea-4fd9-49b6-ac4b-9af847637d0c"},"geometry":{"type":"Polygon","coordinates":[[[139.76886789976456,35.66693646706829],[139.76873890392025,35.667050061175374],[139.76865633165883,35.66698764178845],[139.76878334036846,35.66687269464277],[139.76886789976456,35.66693646706829]]]}},{"type":"Feature","properties":{"height":31.2,"gml_id":"bldg_7e58ccfc-787e-4430-9305-432726d3e495"},"geometry":{"type":"Polygon","coordinates":[[[139.76500835389004,35.66723954417075],[139.76486269579578,35.6673650949041],[139.76480397067039,35.667319722400684],[139.76494962877388,35.667194171737464],[139.76500835389004,35.66723954417075]]]}},{"type":"Feature","properties":{"height":63.2,"gml_id":"bldg_b718bf8d-c6f7-44de-aecc-65fdd92915fc"},"geometry":{"type":"Polygon","coordinates":[[[139.76806296296712,35.674300937811964],[139.76799299373323,35.67435366621931],[139.7679552865771,35.67431842010715],[139.7679114721418,35.674348934815356],[139.76788696597197,35.674327198416336],[139.76778444386508,35.674404228038476],[139.7677549859887,35.67442636773827],[139.76773896866248,35.674412180421626],[139.7676890842617,35.674368013016405],[139.76793591109964,35.674182248227105],[139.76806296296712,35.674300937811964]]]}},{"type":"Feature","properties":{"height":16.0,"gml_id":"bldg_368109f2-47b9-4148-8457-9c850b5982b2"},"geometry":{"type":"Polygon","coordinates":[[[139.77057802554128,35.67227782844857],[139.77060032089014,35.67230163541207],[139.7704998589765,35.67236413831571],[139.77047756364087,35.672340330432476],[139.77057802554128,35.67227782844857]]]}},{"type":"Feature","properties":{"height":12.1,"gml_id":"bldg_f1ab4d24-ba40-4427-8809-bcc8e597ff39"},"geometry":{"type":"Polygon","coordinates":[[[139.76698555124736,35.67472204712748],[139.7668914923078,35.67478256840206],[139.7668636780547,35.67475379836324],[139.76695773698071,35.67469327801147],[139.76698555124736,35.67472204712748]]]}},{"type":"Feature","properties":{"height":29.0,"gml_id":"bldg_0ee4e284-7824-482b-b62f-bb1d8503e310"},"geometry":{"type":"Polygon","coordinates":[[[139.77095290583122,35.667500292856744],[139.77085731504405,35.66741506258123],[139.77094993325483,35.667345705722404],[139.77095964749373,35.667353552706096],[139.77098783071645,35.66733256529295],[139.77107425971863,35.66740976760193],[139.77095290583122,35.667500292856744]]]}},{"type":"Feature","properties":{"height":28.7,"gml_id":"bldg_20d40024-0fe9-494a-8563-797c49e3b475"},"geometry":{"type":"Polygon","coordinates":[[[139.7682411180876,35.67148049425275],[139.76837672733623,35.671394396214644],[139.76842583987195,35.671448685360055],[139.76829166764185,35.67153352230656],[139.7682411180876,35.67148049425275]]]}},{"type":"Feature","properties":{"height":37.5,"gml_id":"bldg_a2e5ea01-e644-4ad1-99ea-5bfba6f08c84"},"geometry":{"type":"Polygon","coordinates":[[[139.76795721244542,35.66720164699439],[139.76790743530916,35.667166736795544],[139.76794085267997,35.667135026591296],[139.76800255246863,35.66717831700769],[139.76798389268956,35.66719602789054],[139.7680141078394,35.66721722656718],[139.7679691607399,35.667259882224286],[139.76801797783247,35.667293737269134],[139.76797132831135,35.6673380135744],[139.76801020953903,35.66736530212913],[139.76795114587097,35.66742136256057],[139.76792419860865,35.6672802829387],[139.7679218587651,35.66726444543259],[139.7679472693672,35.667244537972124],[139.76792701187293,35.66723031230686],[139.76795721244542,35.66720164699439]]]}},{"type":"Feature","properties":{"height":15.6,"gml_id":"bldg_0f57fda8-2989-4a68-9318-1a852b0c9658"},"geometry":{"type":"Polygon","coordinates":[[[139.77246334699038,35.67047335398224],[139.7725140016522,35.670448916307166],[139.77252353565973,35.67046206314475],[139.77247288098567,35.670486509837524],[139.77246334699038,35.67047335398224]]]}},{"type":"Feature","properties":{"height":50.0,"gml_id":"bldg_3e2b6e82-dcc5-403e-83fd-db5e420f3d32"},"geometry":{"type":"Polygon","coordinates":[[[139.76571064703998,35.673657898377535],[139.76557057753277,35.6735238756377],[139.76573018544968,35.67341282608966],[139.7656632966237,35.67334879104751],[139.76578742350762,35.67326241908993],[139.76599438199938,35.67346047557702],[139.76571064703998,35.673657898377535]]]}},{"type":"Feature","properties":{"height":13.0,"gml_id":"bldg_2e943cff-dd00-4eae-befa-4a2b883b34a2"},"geometry":{"type":"Polygon","coordinates":[[[139.7734005049081,35.671858414406],[139.7733048223029,35.671885407935626],[139.77328828190306,35.671846280097185],[139.77338385400182,35.67181928742685],[139.7734005049081,35.671858414406]]]}},{"type":"Feature","properties":{"height":19.6,"gml_id":"bldg_89f7b957-a987-4661-9d49-a2f8866ad0e9"},"geometry":{"type":"Polygon","coordinates":[[[139.7713868105924,35.67240288820921],[139.7713651693753,35.672375655609535],[139.77125444886818,35.67243409768386],[139.77124517877905,35.67242246519278],[139.77144276057464,35.67231799863091],[139.7714460758471,35.67231629673993],[139.7714769871185,35.67235525193676],[139.7713868105924,35.67240288820921]]]}},{"type":"Feature","properties":{"height":30.2,"gml_id":"bldg_50aae97a-973c-4e48-9fcb-c9ddb4af7799"},"geometry":{"type":"Polygon","coordinates":[[[139.76846420072033,35.67059267192827],[139.76834594145652,35.67067156755506],[139.76830940796475,35.67063486284318],[139.7684295437654,35.670557589833706],[139.76846420072033,35.67059267192827]]]}},{"type":"Feature","properties":{"height":13.5,"gml_id":"bldg_0fb08054-160b-483a-9060-de08d325e133"},"geometry":{"type":"Polygon","coordinates":[[[139.76955690356434,35.670032511311895],[139.76949931549703,35.670079352209854],[139.7694722698569,35.67005725512425],[139.76952985792482,35.67001041333769],[139.76955690356434,35.670032511311895]]]}},{"type":"Feature","properties":{"height":41.1,"gml_id":"bldg_f3feb0cc-a57b-4ed7-800e-805ceb9b36af"},"geometry":{"type":"Polygon","coordinates":[[[139.76606904957328,35.66952007561227],[139.76579020264182,35.669308006637365],[139.76587288145552,35.66924396533501],[139.76576790976023,35.669152867763934],[139.76596467325206,35.668982618425545],[139.76600477008495,35.668983092439944],[139.7663459570759,35.6692787520409],[139.76606904957328,35.66952007561227]]]}},{"type":"Feature","properties":{"height":15.8,"gml_id":"bldg_f2ecab2a-3278-487c-b4a4-1ff955271089"},"geometry":{"type":"Polygon","coordinates":[[[139.7692029656163,35.67260893358725],[139.76917088125884,35.67262913519125],[139.7691220415233,35.672577514569156],[139.7691541148251,35.672557313873476],[139.7692029656163,35.67260893358725]]]}},{"type":"Feature","properties":{"height":35.2,"gml_id":"bldg_4a72b6a4-70eb-45f0-a3ff-d9ae0f2cd018"},"geometry":{"type":"Polygon","coordinates":[[[139.7630996689702,35.66984864257649],[139.76299559226663,35.66974735940517],[139.76315453147674,35.669638565340684],[139.76325860816,35.66973994031656],[139.7630996689702,35.66984864257649]]]}},{"type":"Feature","properties":{"height":10.7,"gml_id":"bldg_bec12ef9-d2f0-4898-80ad-d5d6948dc9c5"},"geometry":{"type":"Polygon","coordinates":[[[139.7721376724788,35.66910922169849],[139.7721009120833,35.66907900699931],[139.7721336287026,35.66905252325109],[139.7722145457254,35.669119085712374],[139.77217895540477,35.66914782055519],[139.77213479870858,35.66911156380904],[139.7721376724788,35.66910922169849]]]}},{"type":"Feature","properties":{"height":11.0,"gml_id":"bldg_a3988914-550e-4108-93e1-5e57ed561cd2"},"geometry":{"type":"Polygon","coordinates":[[[139.76963112611222,35.66795704801365],[139.76968068960875,35.66799826699854],[139.7696431096083,35.66802826286971],[139.7695936565719,35.66798704392803],[139.76963112611222,35.66795704801365]]]}},{"type":"Feature","properties":{"height":12.9,"gml_id":"bldg_3ef3eea7-94e3-4234-a21c-c0f5550feae8"},"geometry":{"type":"Polygon","coordinates":[[[139.77462293947553,35.674830662693154],[139.7745932597173,35.67478107272243],[139.7746138288057,35.67475115718335],[139.77469933249557,35.67474984679202],[139.77472393727317,35.67479051067751],[139.77462293947553,35.674830662693154]]]}},{"type":"Feature","properties":{"height":14.5,"gml_id":"bldg_12a9d5d4-0a37-4b73-adba-fe5d5933286e"},"geometry":{"type":"Polygon","coordinates":[[[139.77297583337008,35.66883724966629],[139.77291236112853,35.66878079185142],[139.77296861721823,35.66873863578433],[139.77303208946608,35.66879509356993],[139.77297583337008,35.66883724966629]]]}},{"type":"Feature","properties":{"height":28.9,"gml_id":"bldg_72946700-5309-4303-9096-238ac29d7fa7"},"geometry":{"type":"Polygon","coordinates":[[[139.77061780644013,35.67179467627215],[139.77059162375923,35.67181208617363],[139.77054241727205,35.67176276443067],[139.77059281531484,35.6717292596227],[139.7706688657775,35.671805465249754],[139.77064436310286,35.67182167721078],[139.77061780644013,35.67179467627215]]]}},{"type":"Feature","properties":{"height":34.1,"gml_id":"bldg_05a01594-54b8-4793-888e-89926dafe8aa"},"geometry":{"type":"Polygon","coordinates":[[[139.7703454439942,35.67093826568379],[139.77018649924202,35.67078269555624],[139.77029094274778,35.67071172207303],[139.77044977716977,35.67086720186965],[139.7703454439942,35.67093826568379]]]}},{"type":"Feature","properties":{"height":9.9,"gml_id":"bldg_c1cc776b-dca1-43a2-87dc-525be7cfdfaa"},"geometry":{"type":"Polygon","coordinates":[[[139.77114888901522,35.67187746340296],[139.7712013802558,35.67185099013174],[139.7712202486134,35.67187822133281],[139.77116930428602,35.67190415458694],[139.77114888901522,35.67187746340296]]]}},{"type":"Feature","properties":{"height":31.6,"gml_id":"bldg_cbfc297f-9d02-4c91-988b-6956788dc6c2"},"geometry":{"type":"Polygon","coordinates":[[[139.76276797203317,35.66824433834375],[139.7628953848382,35.66813393158382],[139.76294619532084,35.66813495280579],[139.7629730188582,35.668155609936804],[139.76291338095865,35.66820681816239],[139.76291442957248,35.66820767508052],[139.7627549152696,35.66834522143298],[139.76269354610065,35.66829245509517],[139.76276020096782,35.66823832162794],[139.76276797203317,35.66824433834375]]]}},{"type":"Feature","properties":{"height":29.9,"gml_id":"bldg_9bb8a191-d5fb-4a26-97a5-9fe1fffcdd0e"},"geometry":{"type":"Polygon","coordinates":[[[139.7733042169666,35.66915298468302],[139.77313614471046,35.669234475078],[139.7729955624828,35.66904160092894],[139.77304097845098,35.66901954002674],[139.7731561201677,35.669111267307954],[139.77318536273978,35.669150671939605],[139.77325134132244,35.66910608689069],[139.7733042169666,35.66915298468302]]]}},{"type":"Feature","properties":{"height":21.4,"gml_id":"bldg_b514627a-fd12-4c0e-81ab-589e5b271f3d"},"geometry":{"type":"Polygon","coordinates":[[[139.77437830025823,35.67115871858071],[139.77416230270072,35.6712143183963],[139.7741251551763,35.67110765867463],[139.7742239265666,35.671084722184766],[139.7742417839212,35.67113593796057],[139.77436066314115,35.67110831507043],[139.77437830025823,35.67115871858071]]]}},{"type":"Feature","properties":{"height":15.4,"gml_id":"bldg_a3db4fcf-0c35-44ec-a8f3-ae5e879228a5"},"geometry":{"type":"Polygon","coordinates":[[[139.76860169756512,35.67072495934772],[139.7686184743532,35.67071444032622],[139.76859682005787,35.6706914526829],[139.7685945902337,35.67068955860029],[139.76867989987616,35.670635963715064],[139.7687238266394,35.67068249815139],[139.7686219281121,35.670746440931644],[139.76860169756512,35.67072495934772]]]}},{"type":"Feature","properties":{"height":27.2,"gml_id":"bldg_2c665f50-0c0d-4018-9b87-476b0a9b8126"},"geometry":{"type":"Polygon","coordinates":[[[139.76509755149146,35.66911868825271],[139.76502800532427,35.669066819849775],[139.76513744457324,35.668969172996775],[139.76520743295245,35.6690205909008],[139.76509755149146,35.66911868825271]]]}},{"type":"Feature","properties":{"height":35.5,"gml_id":"bldg_86532f7b-1dd0-46a1-9e3c-9318c459d8fb"},"geometry":{"type":"Polygon","coordinates":[[[139.7636698272469,35.67146528105169],[139.76377017904736,35.67155998324049],[139.76372973539577,35.671588533395045],[139.763713355905,35.67157309241898],[139.76367294535018,35.67160166060098],[139.7636813006492,35.67160954343492],[139.76360577401658,35.671662861007604],[139.76345864589138,35.67152414544404],[139.76374525519046,35.67132177198808],[139.7637998900843,35.6713733620913],[139.7636698272469,35.67146528105169]]]}},{"type":"Feature","properties":{"height":28.8,"gml_id":"bldg_1e309fed-888d-45a8-8824-c8d9a33277d6"},"geometry":{"type":"Polygon","coordinates":[[[139.7655827702892,35.667461606656836],[139.76549899279956,35.66738999042036],[139.7656145646673,35.66729944938437],[139.7656994471309,35.66737061457391],[139.7655827702892,35.667461606656836]]]}},{"type":"Feature","properties":{"height":32.3,"gml_id":"bldg_0a3153ab-18ec-486f-8ecc-10185403a568"},"geometry":{"type":"Polygon","coordinates":[[[139.76991751926158,35.670631791412205],[139.76990156694043,35.67061968567953],[139.76989950258206,35.67061804409274],[139.76992938083387,35.67059260504853],[139.7699492080859,35.670607641379036],[139.77000109534237,35.670562122290534],[139.77009217256955,35.67063139562433],[139.76998087181022,35.6707130916699],[139.76994155067666,35.670708383834764],[139.7698818923887,35.6706629502429],[139.76991751926158,35.670631791412205]]]}},{"type":"Feature","properties":{"height":12.2,"gml_id":"bldg_c1dc0fbf-5337-4294-ae74-fdc7b1d228f7"},"geometry":{"type":"Polygon","coordinates":[[[139.77297925037485,35.67266222872436],[139.7728943936722,35.67268742460367],[139.77287807226813,35.67265091080562],[139.77294116237863,35.67263210377046],[139.77293531747597,35.67261912106818],[139.77295708409935,35.672612642099104],[139.77297925037485,35.67266222872436]]]}},{"type":"Feature","properties":{"height":22.2,"gml_id":"bldg_4033c90c-0e33-4688-8eaa-b46bc55d83a6"},"geometry":{"type":"Polygon","coordinates":[[[139.76475289977893,35.671846768957884],[139.76467707584263,35.67189954620754],[139.7645719997659,35.671798893019336],[139.7646477132115,35.67174611577192],[139.76475289977893,35.671846768957884]]]}},{"type":"Feature","properties":{"height":17.3,"gml_id":"bldg_aef08a57-cdb5-4f2c-8756-74433f5b539a"},"geometry":{"type":"Polygon","coordinates":[[[139.76696858287144,35.66906430041109],[139.76698947330482,35.66904817643638],[139.76705680629507,35.66910635210335],[139.7670604489688,35.66910941877796],[139.76706817571346,35.669116093193836],[139.76704651160588,35.66913275667883],[139.76704275869363,35.66912942043246],[139.76694748054973,35.66920291911412],[139.76685807115285,35.6691257122219],[139.76695401242503,35.66905176238747],[139.76696858287144,35.66906430041109]]]}},{"type":"Feature","properties":{"height":13.9,"gml_id":"bldg_b89d4a16-812d-4099-9322-b1e9d293694e"},"geometry":{"type":"Polygon","coordinates":[[[139.77073986445424,35.67113650304836],[139.77068644013872,35.67108518713153],[139.77070323975133,35.67107347801937],[139.77067807294435,35.671049308125475],[139.7706620470005,35.67106047681293],[139.7706308093008,35.671030444823515],[139.77068032377244,35.67099612827861],[139.7707901526117,35.671101646037194],[139.77073986445424,35.67113650304836]]]}},{"type":"Feature","properties":{"height":8.9,"gml_id":"bldg_fa69d67a-4526-486d-b8d1-45395d3a5b14"},"geometry":{"type":"Polygon","coordinates":[[[139.7734554042968,35.67289581387566],[139.77337077070683,35.672917963560174],[139.7733524680686,35.67287153373886],[139.7734371016011,35.67284940209447],[139.7734554042968,35.67289581387566]]]}},{"type":"Feature","properties":{"height":8.4,"gml_id":"bldg_803352e4-3ef4-455f-9346-ddf243cf4ab9"},"geometry":{"type":"Polygon","coordinates":[[[139.7693051056811,35.67106922733472],[139.7693335096282,35.67105067414755],[139.76939763709416,35.67111569722019],[139.76936923306693,35.67113434055954],[139.7693051056811,35.67106922733472]]]}},{"type":"Feature","properties":{"height":19.0,"gml_id":"bldg_ff5408e8-ac58-4264-8a69-d492d0eb791e"},"geometry":{"type":"Polygon","coordinates":[[[139.76309129461322,35.67104800581067],[139.7631056767457,35.671060867780504],[139.76307883869035,35.67108084458097],[139.76312887264174,35.671125599897614],[139.76305589693226,35.671179919141146],[139.762991480866,35.67112229279927],[139.76309129461322,35.67104800581067]]]}},{"type":"Feature","properties":{"height":32.6,"gml_id":"bldg_dd993113-9c5f-4365-9943-9a63baec65eb"},"geometry":{"type":"Polygon","coordinates":[[[139.76720247528988,35.67034672193688],[139.7671486201012,35.670285489102405],[139.76719799860686,35.67025655510949],[139.7672141993156,35.67027496103507],[139.7673153654382,35.67021572420839],[139.7673531083995,35.6702584699892],[139.76720247528988,35.67034672193688]]]}},{"type":"Feature","properties":{"height":32.5,"gml_id":"bldg_90e01a1e-5b4f-4ff9-89b7-7a064a3196a9"},"geometry":{"type":"Polygon","coordinates":[[[139.77259124737205,35.6727245708724],[139.7725851703363,35.67271185844812],[139.77255847809315,35.672702164233215],[139.77253025527227,35.672642325862256],[139.772731870655,35.67257809741576],[139.7728068688606,35.672734973130915],[139.77259008260089,35.67280390913064],[139.77255733722228,35.672735361222855],[139.77259124737205,35.6727245708724]]]}},{"type":"Feature","properties":{"height":37.5,"gml_id":"bldg_34bda95f-b0af-4715-b4b5-c1046bacc701"},"geometry":{"type":"Polygon","coordinates":[[[139.77341851582753,35.671851482796626],[139.77339834089764,35.67179784105786],[139.77348462991478,35.671776160886104],[139.77350491542816,35.67182971342965],[139.77341851582753,35.671851482796626]]]}},{"type":"Feature","properties":{"height":6.3,"gml_id":"bldg_7a177b6c-5061-4df7-9523-8c1951b87b13"},"geometry":{"type":"Polygon","coordinates":[[[139.76282842681218,35.67438664641798],[139.7627806244785,35.67435214001294],[139.76281960714837,35.67431618906626],[139.76286740947032,35.67435070356838],[139.76282842681218,35.67438664641798]]]}},{"type":"Feature","properties":{"height":23.9,"gml_id":"bldg_933db11e-1fce-41a7-9c85-e20832ffd513"},"geometry":{"type":"Polygon","coordinates":[[[139.770691779082,35.67273479273493],[139.7707666127226,35.67281451300935],[139.77064868792542,35.67288818398036],[139.77057396487004,35.672808373554005],[139.770691779082,35.67273479273493]]]}},{"type":"Feature","properties":{"height":49.2,"gml_id":"bldg_4cfb22a5-0d4f-4a7b-a929-3cd5e92ea240"},"geometry":{"type":"Polygon","coordinates":[[[139.76866543915702,35.67062365220513],[139.7686521328197,35.670631830428555],[139.7686580926185,35.67063827844842],[139.76846593503618,35.67075645237784],[139.7684397340508,35.670728081058904],[139.76841602791012,35.67074266241445],[139.76837646159547,35.670699815933816],[139.7685019879604,35.67062261787064],[139.76853066113964,35.670653667585505],[139.76862300985417,35.67059687665327],[139.76862983050196,35.670604262565334],[139.76864111436936,35.670597319040496],[139.76866543915702,35.67062365220513]]]}},{"type":"Feature","properties":{"height":51.0,"gml_id":"bldg_3b9ed54e-d2f7-49d6-a2b4-809c7077cd84"},"geometry":{"type":"Polygon","coordinates":[[[139.76626202798434,35.674402920909415],[139.7660693683235,35.6745383798825],[139.76603512919255,35.67450484771584],[139.76597756265028,35.674546089379874],[139.7658211755008,35.67437211799883],[139.76605550411298,35.67420982180298],[139.76626202798434,35.674402920909415]]]}},{"type":"Feature","properties":{"height":15.9,"gml_id":"bldg_d0ef264d-17bd-43f6-953f-1db02ca6491d"},"geometry":{"type":"Polygon","coordinates":[[[139.76795463050183,35.67452688922005],[139.7678978142677,35.674570394655234],[139.76780696343695,35.67449129486704],[139.7678636691224,35.674447879551316],[139.76795463050183,35.67452688922005]]]}},{"type":"Feature","properties":{"height":40.4,"gml_id":"bldg_d5fc06f2-e60a-44d2-923e-146d144720da"},"geometry":{"type":"Polygon","coordinates":[[[139.76391936028946,35.667860598770474],[139.7637573208488,35.66772854415466],[139.7641027486741,35.66744643301338],[139.76426556186945,35.6675778566528],[139.76391936028946,35.667860598770474]]]}},{"type":"Feature","properties":{"height":8.6,"gml_id":"bldg_3dc121f2-c53c-4499-8c78-32adea4301f3"},"geometry":{"type":"Polygon","coordinates":[[[139.77198062370562,35.67210593744808],[139.77178545174672,35.67150471214018],[139.77171912632792,35.67142202230427],[139.77178045253942,35.67139771659437],[139.7718490873787,35.671493928172964],[139.77209923570493,35.67228645270414],[139.77204133216048,35.6723122926489],[139.77198062370562,35.67210593744808]]]}},{"type":"Feature","properties":{"height":24.1,"gml_id":"bldg_4fb642bd-bfd7-43dd-b57e-d5723e53cc49"},"geometry":{"type":"Polygon","coordinates":[[[139.7721340608413,35.67311726585077],[139.77211852376615,35.673066600796794],[139.77224712663923,35.673040255882675],[139.7722627741882,35.67309101111363],[139.7721340608413,35.67311726585077]]]}},{"type":"Feature","properties":{"height":11.9,"gml_id":"bldg_b39dbd58-528b-4190-9f9a-b69e2d720bac"},"geometry":{"type":"Polygon","coordinates":[[[139.77021342913034,35.674460040877335],[139.77020681189833,35.67444624640643],[139.7702323531059,35.67441696518244],[139.77025975352976,35.67441148116549],[139.77027874305873,35.674425462387845],[139.77030763851718,35.67448550893606],[139.77013791639695,35.67453986288631],[139.77011475608194,35.67449162729118],[139.77021342913034,35.674460040877335]]]}},{"type":"Feature","properties":{"height":9.5,"gml_id":"bldg_a929e7a9-6403-4cb7-b3fe-5d1d83a1ca05"},"geometry":{"type":"Polygon","coordinates":[[[139.7667776243813,35.668551204430265],[139.76675484220013,35.668530992055096],[139.76675852280886,35.668528235887024],[139.76673302532234,35.66850561533903],[139.76681843094497,35.668441538831246],[139.76686669957394,35.66848437171385],[139.7667776243813,35.668551204430265]]]}},{"type":"Feature","properties":{"height":6.1,"gml_id":"bldg_ceff4c2a-11aa-4594-bd94-a7b629da10b1"},"geometry":{"type":"Polygon","coordinates":[[[139.7699275133003,35.671557289691776],[139.76995448095747,35.67153909615258],[139.7700295380199,35.67161331864174],[139.770002570426,35.671631422060244],[139.7699275133003,35.671557289691776]]]}},{"type":"Feature","properties":{"height":17.1,"gml_id":"bldg_45b4fbb4-ca53-46d3-8d78-aeafe433a667"},"geometry":{"type":"Polygon","coordinates":[[[139.77430956910757,35.67073944811381],[139.77439022325683,35.67071758425175],[139.77440665277078,35.67075770340263],[139.77432644023915,35.67077983790392],[139.77430956910757,35.67073944811381]]]}},{"type":"Feature","properties":{"height":32.2,"gml_id":"bldg_8d2ce60f-3e5e-4db0-adea-a7a20e433797"},"geometry":{"type":"Polygon","coordinates":[[[139.77441771432058,35.67285651098522],[139.7744578435265,35.67284569611081],[139.77444735607443,35.67282137194061],[139.7744697629694,35.6728153887665],[139.77455169752483,35.67300860202458],[139.77448121644713,35.673013525147425],[139.77441771432058,35.67285651098522]]]}},{"type":"Feature","properties":{"height":7.1,"gml_id":"bldg_bdca7f6b-a4ca-4255-9708-8e8b0c756a76"},"geometry":{"type":"Polygon","coordinates":[[[139.76921449948676,35.66951334572973],[139.7692827440981,35.66956672532749],[139.76921866602427,35.66962117924775],[139.76914920705494,35.669566897593484],[139.76921449948676,35.66951334572973]]]}},{"type":"Feature","properties":{"height":36.8,"gml_id":"bldg_fd9a00ca-936d-4083-a759-48643a253c3b"},"geometry":{"type":"Polygon","coordinates":[[[139.7659944498215,35.66685614056393],[139.76601562184513,35.666872549292144],[139.7658931239816,35.66697783331618],[139.7657235713363,35.66684649821709],[139.76591530980934,35.66668180844741],[139.7660635799408,35.66679673540356],[139.7659944498215,35.66685614056393]]]}},{"type":"Feature","properties":{"height":24.1,"gml_id":"bldg_529f35c1-3650-45a0-9082-00e0f1e207b4"},"geometry":{"type":"Polygon","coordinates":[[[139.77102017203532,35.6727631761016],[139.7710631075486,35.6728091683326],[139.77098276061733,35.67285825157815],[139.7709389404846,35.67281343064529],[139.77102017203532,35.6727631761016]]]}},{"type":"Feature","properties":{"height":8.3,"gml_id":"bldg_22a2ffbe-2525-456c-9f87-13874ecf0179"},"geometry":{"type":"Polygon","coordinates":[[[139.7738917429983,35.6720050408965],[139.77382887587146,35.6720220457961],[139.77382501649308,35.67201275974636],[139.77384138903264,35.67198076909317],[139.77387784976523,35.67197087199828],[139.7738917429983,35.6720050408965]]]}},{"type":"Feature","properties":{"height":8.2,"gml_id":"bldg_f3024faa-d6e5-4c8d-9f0b-d3034f6869c3"},"geometry":{"type":"Polygon","coordinates":[[[139.76291171396224,35.674192069873946],[139.76278674964544,35.674220660373265],[139.76266724957395,35.67419093513864],[139.7626918221959,35.674135605275694],[139.76280601450725,35.67417127643694],[139.762898602822,35.6741527623567],[139.76291171396224,35.674192069873946]]]}},{"type":"Feature","properties":{"height":18.9,"gml_id":"bldg_ec264256-d443-4e54-82e9-fc82da55528a"},"geometry":{"type":"Polygon","coordinates":[[[139.7686882430508,35.6694674278208],[139.76875017227877,35.669516585902485],[139.76869050506028,35.66956637279345],[139.76862846544262,35.669517123583454],[139.7686882430508,35.6694674278208]]]}},{"type":"Feature","properties":{"height":20.6,"gml_id":"bldg_174238e7-8f10-4967-b2f1-dab36ab5d7f3"},"geometry":{"type":"Polygon","coordinates":[[[139.77369217529701,35.66979497337608],[139.773683578588,35.669798709817364],[139.77370482779915,35.66983331505226],[139.77364590055697,35.66985739759521],[139.7736406058674,35.66984883192351],[139.7735991689446,35.66986575719437],[139.77356971150212,35.66981760923924],[139.7736787704348,35.66977313457105],[139.77369217529701,35.66979497337608]]]}},{"type":"Feature","properties":{"height":23.4,"gml_id":"bldg_b7aeb0d5-3367-4220-9a99-0e2e463044e8"},"geometry":{"type":"Polygon","coordinates":[[[139.7714499065157,35.67259141576859],[139.77141648290848,35.67252992495038],[139.77150200728846,35.672498781393315],[139.77155440421714,35.67259507492048],[139.7713953996795,35.67265259096644],[139.77137653679185,35.67261796944219],[139.7714499065157,35.67259141576859]]]}},{"type":"Feature","properties":{"height":35.2,"gml_id":"bldg_7b484a09-3ffc-4957-b05f-76bfcd0aa4ce"},"geometry":{"type":"Polygon","coordinates":[[[139.76687120347646,35.67340498839923],[139.76682142381043,35.67335574595656],[139.76696466890272,35.673258837281764],[139.76704083043708,35.6733318904362],[139.76685890018805,35.67345500779816],[139.76683382268425,35.673430215212626],[139.76687120347646,35.67340498839923]]]}},{"type":"Feature","properties":{"height":45.4,"gml_id":"bldg_584fe3d2-a172-43ff-8915-53150513f55f"},"geometry":{"type":"Polygon","coordinates":[[[139.76384219965382,35.6717535496203],[139.76386017224854,35.671740779422905],[139.7638386602012,35.67172061140673],[139.76388699604914,35.67168627895328],[139.76398992049786,35.67178295644644],[139.7639964548119,35.67178895433996],[139.7639313826468,35.67183710425374],[139.76384219965382,35.6717535496203]]]}},{"type":"Feature","properties":{"height":32.6,"gml_id":"bldg_1d6d2c95-14c5-4aac-a0bf-b506a3086dcc"},"geometry":{"type":"Polygon","coordinates":[[[139.7742983641953,35.67326510796089],[139.7742944550755,35.673203208768946],[139.77431906782826,35.67320210313214],[139.7743177186534,35.673174105829176],[139.77450154086898,35.673165921181656],[139.7745046008373,35.67321101836201],[139.77447282955166,35.673212535169114],[139.77447687582097,35.67325332426964],[139.7742983641953,35.67326510796089]]]}},{"type":"Feature","properties":{"height":33.8,"gml_id":"bldg_0074ce1e-9f09-44be-a33e-91274c302554"},"geometry":{"type":"Polygon","coordinates":[[[139.77331853083328,35.66902266222477],[139.773399559357,35.66895610910739],[139.77346040852072,35.66900532733056],[139.7733792805021,35.669071988603626],[139.77331853083328,35.66902266222477]]]}},{"type":"Feature","properties":{"height":22.2,"gml_id":"bldg_100d7df9-8589-49e9-b6d5-5777617d4a75"},"geometry":{"type":"Polygon","coordinates":[[[139.7741064442727,35.67161386063645],[139.77396778370064,35.67165146974966],[139.7739365791893,35.67157465737162],[139.77407512917884,35.67153704823938],[139.7741064442727,35.67161386063645]]]}},{"type":"Feature","properties":{"height":4.2,"gml_id":"bldg_4d66c579-802e-4751-a810-bbdf4ff1af53"},"geometry":{"type":"Polygon","coordinates":[[[139.76901399204814,35.66920773630014],[139.7689766815812,35.66917615026677],[139.769017798997,35.669143812928155],[139.76905509841905,35.66917539894305],[139.76901399204814,35.66920773630014]]]}},{"type":"Feature","properties":{"height":42.3,"gml_id":"bldg_3a18af4b-62f2-4bed-8fbb-282c92e99f3f"},"geometry":{"type":"Polygon","coordinates":[[[139.76279832016374,35.667221684640666],[139.76275067522784,35.66726420156205],[139.76273279273448,35.667250850748076],[139.7627008452912,35.667279225284794],[139.76251418348372,35.667139673138195],[139.76259388634853,35.66706878187375],[139.76279832016374,35.667221684640666]]]}},{"type":"Feature","properties":{"height":33.7,"gml_id":"bldg_968065ec-db47-4868-9a8e-7c55f461bab5"},"geometry":{"type":"Polygon","coordinates":[[[139.7699830109012,35.67200418361549],[139.77002261642068,35.672041250877804],[139.76992092043062,35.6721136046593],[139.76988131491538,35.67207654637772],[139.7699830109012,35.67200418361549]]]}},{"type":"Feature","properties":{"height":16.1,"gml_id":"bldg_7e34be05-1b74-446b-af2d-9869f16e7c6d"},"geometry":{"type":"Polygon","coordinates":[[[139.76912757935074,35.67080755430571],[139.7690197080893,35.67088131920431],[139.76898736760037,35.670849844001864],[139.7690952388491,35.67077607913182],[139.76912757935074,35.67080755430571]]]}},{"type":"Feature","properties":{"height":30.7,"gml_id":"bldg_336daddd-14af-4122-af9f-3d839a73d61b"},"geometry":{"type":"Polygon","coordinates":[[[139.77298449757805,35.67013796290908],[139.77296927113701,35.67014425587652],[139.77299228578448,35.67018117864951],[139.77287481651626,35.67022991106447],[139.7728395114701,35.67017301667633],[139.77297210768495,35.67011800930702],[139.77298449757805,35.67013796290908]]]}},{"type":"Feature","properties":{"height":28.0,"gml_id":"bldg_00e0c2d4-f857-4f4d-989a-2b8191df1405"},"geometry":{"type":"Polygon","coordinates":[[[139.76373747665247,35.668078805572215],[139.7637141751485,35.66805981908997],[139.7637354426218,35.66804244388735],[139.7637121742518,35.66802347454986],[139.7637915843742,35.6679587747704],[139.76383816519964,35.66799683962832],[139.76373747665247,35.668078805572215]]]}},{"type":"Feature","properties":{"height":15.1,"gml_id":"bldg_8b46a919-1a59-4439-bb35-e4a62dcc97f2"},"geometry":{"type":"Polygon","coordinates":[[[139.76919557449605,35.67265156459047],[139.7691767672902,35.672631373732465],[139.76920942610377,35.67261112826556],[139.76915829131843,35.67255619839704],[139.76917626194287,35.67254505799011],[139.7692462039368,35.67262018861639],[139.76919557449605,35.67265156459047]]]}},{"type":"Feature","properties":{"height":17.1,"gml_id":"bldg_50ab8d88-c95a-46c3-8ff2-1cffcc3b89f3"},"geometry":{"type":"Polygon","coordinates":[[[139.77248551565043,35.671581143830906],[139.77238530177297,35.67161110887248],[139.7723589439304,35.671554399159426],[139.77246015206106,35.67152425436749],[139.77248551565043,35.671581143830906]]]}},{"type":"Feature","properties":{"height":25.1,"gml_id":"bldg_36578d8e-e722-434c-991a-205dc016396f"},"geometry":{"type":"Polygon","coordinates":[[[139.76327241968326,35.66699228237233],[139.76322711007444,35.66696673811119],[139.76324225844797,35.66694884564673],[139.76328756805157,35.66697438990226],[139.76327241968326,35.66699228237233]]]}},{"type":"Feature","properties":{"height":13.3,"gml_id":"bldg_a6b7411f-b600-4679-bdcd-5acd4095eecb"},"geometry":{"type":"Polygon","coordinates":[[[139.7677623087788,35.67209136539759],[139.76780336378962,35.67213780755603],[139.76775882516498,35.672163743752776],[139.76771600464613,35.67211495614608],[139.7677623087788,35.67209136539759]]]}},{"type":"Feature","properties":{"height":41.4,"gml_id":"bldg_b4a0928b-b91c-4cef-af08-1e4b2cdab5e0"},"geometry":{"type":"Polygon","coordinates":[[[139.76475963734748,35.67184767416811],[139.76465368138005,35.67174251368398],[139.7647279561366,35.67169271009603],[139.7648866694644,35.67185027028991],[139.7648234474649,35.67189266196361],[139.76483027943482,35.671899444175715],[139.7647770822662,35.67193511728483],[139.76477025029774,35.67192833506976],[139.76475114541367,35.67190897171106],[139.764732024691,35.67192103921745],[139.76469905690035,35.67188830058971],[139.76475963734748,35.67184767416811]]]}},{"type":"Feature","properties":{"height":35.1,"gml_id":"bldg_d867bda6-f2ed-4fd4-9079-5b04b84a7d91"},"geometry":{"type":"Polygon","coordinates":[[[139.76759944886894,35.670786177577426],[139.76756209177503,35.670811216254606],[139.76754375637012,35.67080940259037],[139.76752884939134,35.67080263504711],[139.76747641120235,35.67075043489751],[139.76749674759256,35.670736826269106],[139.76751287165322,35.6707546101637],[139.76754698852918,35.6707340053889],[139.76759944886894,35.670786177577426]]]}},{"type":"Feature","properties":{"height":33.7,"gml_id":"bldg_e17fa547-0c12-44b3-adac-2448cfccfc80"},"geometry":{"type":"Polygon","coordinates":[[[139.77399392306296,35.6729004250862],[139.77389967493738,35.6729281408886],[139.77388798504768,35.67290181502868],[139.77379926139346,35.67292791100848],[139.77376507450273,35.672850376029196],[139.77394804610148,35.6727965643071],[139.77399392306296,35.6729004250862]]]}},{"type":"Feature","properties":{"height":37.8,"gml_id":"bldg_489b5aa1-c518-482c-a6d3-93618f95ffe9"},"geometry":{"type":"Polygon","coordinates":[[[139.76485732356068,35.66736972491008],[139.76479202763605,35.667426005590066],[139.76473335769677,35.66738067815278],[139.76479858738136,35.66732436141155],[139.76485732356068,35.66736972491008]]]}},{"type":"Feature","properties":{"height":11.9,"gml_id":"bldg_43fd5556-0089-4395-8a62-b9ae65753852"},"geometry":{"type":"Polygon","coordinates":[[[139.77026432606982,35.6716884360888],[139.77017226195122,35.67174841927942],[139.77013550677287,35.67171099301135],[139.77022768134026,35.67165100990634],[139.77026432606982,35.6716884360888]]]}},{"type":"Feature","properties":{"height":19.9,"gml_id":"bldg_147bcc5a-df16-4016-a332-383b9a973196"},"geometry":{"type":"Polygon","coordinates":[[[139.7725899437989,35.66963368859046],[139.77247369425447,35.669691589102904],[139.77243992729206,35.66964641322439],[139.77255617679455,35.669588513645444],[139.7725899437989,35.66963368859046]]]}},{"type":"Feature","properties":{"height":15.9,"gml_id":"bldg_68ea8214-b5d8-408c-941a-3ced59400f53"},"geometry":{"type":"Polygon","coordinates":[[[139.77292159447276,35.67353220492264],[139.7729183147686,35.67348668394937],[139.77306745370302,35.673475221115076],[139.77307415410368,35.673525881621444],[139.77292159447276,35.67353220492264]]]}},{"type":"Feature","properties":{"height":12.7,"gml_id":"bldg_c2622771-1e8a-495e-b8bd-309a6f9b74ed"},"geometry":{"type":"Polygon","coordinates":[[[139.774476066013,35.672806558392836],[139.77440181720772,35.67282788461517],[139.77438340080863,35.672785151424385],[139.77445764957986,35.67276382431184],[139.774476066013,35.672806558392836]]]}},{"type":"Feature","properties":{"height":6.4,"gml_id":"bldg_5ad6a88c-7424-4b1d-a667-16548995b594"},"geometry":{"type":"Polygon","coordinates":[[[139.7720395118655,35.67151448642624],[139.77194021375442,35.67135822787529],[139.7719759051912,35.671343102998776],[139.77207520328434,35.67149945165803],[139.7720395118655,35.67151448642624]]]}},{"type":"Feature","properties":{"height":14.7,"gml_id":"bldg_342887bb-c713-4892-b558-cd96e1db217a"},"geometry":{"type":"Polygon","coordinates":[[[139.7730619379522,35.6698797582304],[139.7731181386179,35.66997115856567],[139.77307316668947,35.66998961422202],[139.77301696613003,35.66989812372877],[139.7730619379522,35.6698797582304]]]}},{"type":"Feature","properties":{"height":44.6,"gml_id":"bldg_5fcf97d9-d55e-44e6-b1e3-0c40bc4f7d4b"},"geometry":{"type":"Polygon","coordinates":[[[139.76586695339512,35.670381675444254],[139.7658153339783,35.670421306934394],[139.7657081873892,35.670340114200926],[139.7657790986319,35.67029446339365],[139.76580408501704,35.670294738807144],[139.76587596325135,35.670346915426855],[139.76586695339512,35.670381675444254]]]}},{"type":"Feature","properties":{"height":45.9,"gml_id":"bldg_221a1344-d059-4126-855d-70cc31be698e"},"geometry":{"type":"Polygon","coordinates":[[[139.76478192054057,35.67201272825557],[139.76467802942494,35.672088853110026],[139.76446863445872,35.67189311756643],[139.76456911006176,35.67181944267429],[139.76478192054057,35.67201272825557]]]}},{"type":"Feature","properties":{"height":43.9,"gml_id":"bldg_a18b61b8-d33e-40d6-a7c7-08e8db3d2be3"},"geometry":{"type":"Polygon","coordinates":[[[139.7685207046409,35.66680467110979],[139.76853013247904,35.66681116607516],[139.76848235535044,35.666857299706805],[139.7684022078621,35.66680191216536],[139.768331127995,35.66687046836346],[139.76823408994298,35.66680353400681],[139.7683881884249,35.66665480039797],[139.76855604553202,35.66677054608616],[139.7685207046409,35.66680467110979]]]}},{"type":"Feature","properties":{"height":29.9,"gml_id":"bldg_2f0f28bc-05e6-415c-8f19-0b64a6965b95"},"geometry":{"type":"Polygon","coordinates":[[[139.77337506308663,35.67426840154912],[139.77338346625464,35.674405956109325],[139.77329089112837,35.674409695746704],[139.77328259858606,35.67427214213675],[139.77337506308663,35.67426840154912]]]}},{"type":"Feature","properties":{"height":91.5,"gml_id":"bldg_c0bc3fd4-7e7d-435a-aadf-e2c12232c324"},"geometry":{"type":"Polygon","coordinates":[[[139.77144139210682,35.67231631236],[139.7711527383928,35.67246894636455],[139.77095530911987,35.672220245578366],[139.7712439623129,35.67206761204027],[139.77144139210682,35.67231631236]]]}},{"type":"Feature","properties":{"height":26.4,"gml_id":"bldg_94c71b5a-be99-4a79-8217-a59caa23d61c"},"geometry":{"type":"Polygon","coordinates":[[[139.76857648089737,35.67340294305538],[139.76865329927662,35.67348536981942],[139.76856300249133,35.673541476806335],[139.76847117430233,35.67344218622936],[139.76853417687343,35.6733970613732],[139.76857648089737,35.67340294305538]]]}},{"type":"Feature","properties":{"height":6.0,"gml_id":"bldg_865c95ed-9ab9-4316-8a99-04f37adbdc64"},"geometry":{"type":"Polygon","coordinates":[[[139.76993763124642,35.67049628864657],[139.76996471199882,35.67047430939351],[139.76999617343336,35.670500195358954],[139.7699690926808,35.670522174619016],[139.76993763124642,35.67049628864657]]]}},{"type":"Feature","properties":{"height":28.6,"gml_id":"bldg_80a5a9f0-b9a3-4721-8f05-1d519073e86e"},"geometry":{"type":"Polygon","coordinates":[[[139.7662104341089,35.673881448055695],[139.76619495886283,35.67386677409348],[139.76621766221808,35.6738508315517],[139.7661871988002,35.67382028597421],[139.76629660390398,35.673743135345035],[139.76634539402713,35.67378669880262],[139.7662104341089,35.673881448055695]]]}},{"type":"Feature","properties":{"height":23.2,"gml_id":"bldg_44396db4-7456-4b03-9301-ffd8d961a902"},"geometry":{"type":"Polygon","coordinates":[[[139.7652734446198,35.672767897915236],[139.76531650335693,35.67280798827086],[139.76518526734583,35.67290183712115],[139.76514220862407,35.672861746719235],[139.7652734446198,35.672767897915236]]]}},{"type":"Feature","properties":{"height":32.4,"gml_id":"bldg_71896ce0-2488-4662-86a0-3a244bfc39c5"},"geometry":{"type":"Polygon","coordinates":[[[139.7721304682046,35.66899636607604],[139.77215883940468,35.669018914830225],[139.77205858707293,35.66910323241585],[139.77208268605844,35.66912237182179],[139.7720567110965,35.66914416283092],[139.77207653790816,35.669159829775985],[139.77204793217794,35.66918395400203],[139.7720281274788,35.66916826002235],[139.77192008487833,35.669082700679496],[139.7720907471162,35.668939198800565],[139.77214627419193,35.668983123918196],[139.7721304682046,35.66899636607604]]]}},{"type":"Feature","properties":{"height":32.9,"gml_id":"bldg_a3c2bf5f-5204-447c-b7b8-ced0e3915e23"},"geometry":{"type":"Polygon","coordinates":[[[139.76718537428178,35.67020114075921],[139.7670298735999,35.67029803398746],[139.76695255646402,35.67022333064054],[139.76710064126033,35.67013105657577],[139.76713252567885,35.67016512889392],[139.7671446164794,35.67015759104609],[139.76718537428178,35.67020114075921]]]}},{"type":"Feature","properties":{"height":18.6,"gml_id":"bldg_f20650f1-91e9-46ee-b296-00190b232e25"},"geometry":{"type":"Polygon","coordinates":[[[139.7650956391511,35.672261207667546],[139.76510308892873,35.67225601096714],[139.76508720586918,35.672240876927546],[139.7652053743362,35.67215833301141],[139.76527167704327,35.67222153872546],[139.76514608086535,35.672309279421775],[139.7650956391511,35.672261207667546]]]}},{"type":"Feature","properties":{"height":3.3,"gml_id":"bldg_6b0d5663-ef5c-4b82-9d63-fcc9660476c2"},"geometry":{"type":"Polygon","coordinates":[[[139.76275055669484,35.66677141956715],[139.76275254596197,35.66677024984859],[139.76275475598635,35.66676925963277],[139.76275696577267,35.666768539828915],[139.76275939623613,35.66676809056648],[139.7627618265409,35.66676782157866],[139.76276436706524,35.66676782306751],[139.76276679689408,35.66676809490358],[139.76276911610668,35.66676854694953],[139.7627714350814,35.66676926940743],[139.76277364336056,35.666770262212566],[139.762775630566,35.66677143516288],[139.76277739661845,35.666772878395705],[139.76277905213402,35.66677441170113],[139.7627803761183,35.66677612508702],[139.7627813686505,35.66677792841609],[139.76278214018828,35.66677982175306],[139.76278258027398,35.66678180503321],[139.7627827993652,35.666783878321255],[139.7627825767053,35.66678586121311],[139.76278213313014,35.66678784397554],[139.7627813582615,35.66678973640647],[139.76278036255687,35.666791538570635],[139.76277903555862,35.66679325040332],[139.76277737726681,35.66679487190449],[139.76277560875525,35.66679622292894],[139.762773619487,35.666797393549224],[139.7627714094621,35.66679838376539],[139.76276908921668,35.66679910440616],[139.76276676913142,35.666799642969465],[139.76276433890501,35.666799821820064],[139.76276179837964,35.666799820331214],[139.76275936847054,35.666799638632355],[139.76275693887882,35.66679909638415],[139.762754730361,35.666798373990716],[139.76275252208129,35.66679738118524],[139.7627505348755,35.666796208234565],[139.7627487687437,35.666794855138676],[139.76274711330765,35.66679323169552],[139.76274578932382,35.666791518309246],[139.76274479679222,35.666789714979885],[139.76274402525524,35.66678782164269],[139.76274358517048,35.6667858383624],[139.76274336600093,35.66678385521162],[139.76274358874113,35.66678178218251],[139.7627440323172,35.666779799420226],[139.76274480718664,35.666777906989516],[139.76274580289189,35.66677610482564],[139.76274712989056,35.66677439299333],[139.76274878810318,35.6667728616299],[139.76275055669484,35.66677141956715]]]}},{"type":"Feature","properties":{"height":12.0,"gml_id":"bldg_c6b2265f-8b7a-434f-837a-3c5a803fa7e1"},"geometry":{"type":"Polygon","coordinates":[[[139.7735109196485,35.67207335665033],[139.77358008627027,35.6720524791391],[139.77360876000265,35.672115769752516],[139.7735395934009,35.6721365571427],[139.7735109196485,35.67207335665033]]]}},{"type":"Feature","properties":{"height":3.5,"gml_id":"bldg_3b035bab-b1b1-4545-b29b-68c63db9760e"},"geometry":{"type":"Polygon","coordinates":[[[139.77192369698602,35.66725093104691],[139.7719043669965,35.66725065077548],[139.77188570189796,35.66724757658157],[139.77186858508267,35.66724206856456],[139.77185345796875,35.66723466957743],[139.77173290971822,35.6671406857253],[139.771771595455,35.667107625091354],[139.77186035081124,35.667176715664645],[139.77187471976816,35.6671644643158],[139.77187218655476,35.66715490755953],[139.7718727447862,35.66714715693135],[139.77187562229324,35.66713985727242],[139.77188148196058,35.667132830448786],[139.77189054394609,35.66712706537943],[139.77190214494573,35.66712328642976],[139.7719150693025,35.667122300609876],[139.77192777177592,35.6671240196982],[139.7719389240401,35.66712781115451],[139.77194786735083,35.66713277326966],[139.7719552632825,35.66713899742009],[139.77196111142322,35.66714702172604],[139.77196441799262,35.667156397698484],[139.771964189695,35.667166042281494],[139.771960427633,35.66717451327762],[139.77196914837845,35.66718163857477],[139.7719798695798,35.66717281057479],[139.77200426573532,35.66719256308786],[139.7719795075839,35.667212831385676],[139.77199385818815,35.66722455655551],[139.77197672847214,35.66723590513801],[139.77196059591114,35.667243288181716],[139.77194269774014,35.66724841688874],[139.77192369698602,35.66725093104691]]]}},{"type":"Feature","properties":{"height":14.0,"gml_id":"bldg_86b0cbe0-cead-43dd-a60d-281b3cfd0a6f"},"geometry":{"type":"Polygon","coordinates":[[[139.7714574011595,35.6741878410502],[139.77140996029104,35.674109757783924],[139.77155858569694,35.67404971256591],[139.77160801252626,35.67413113187163],[139.77156171216325,35.674149767444305],[139.77162007557664,35.67424597293913],[139.77145752650333,35.67431168972457],[139.77139717739323,35.67421214715026],[139.7714574011595,35.6741878410502]]]}},{"type":"Feature","properties":{"height":3.6,"gml_id":"bldg_70a45365-6664-4b36-bac5-3bc0e53b9ffe"},"geometry":{"type":"Polygon","coordinates":[[[139.77372631079788,35.66711657668815],[139.7736739768991,35.667159555314726],[139.77365131346758,35.66714123718276],[139.77370369156313,35.667098240560314],[139.77372631079788,35.66711657668815]]]}},{"type":"Feature","properties":{"height":20.9,"gml_id":"bldg_aa3488cd-341c-4fcf-8fd5-f0ce81a79170"},"geometry":{"type":"Polygon","coordinates":[[[139.77095771888094,35.66886724556204],[139.7710052243255,35.66882928718212],[139.77107109348609,35.668884160823175],[139.77102358803944,35.66892212013008],[139.77095771888094,35.66886724556204]]]}},{"type":"Feature","properties":{"height":119.2,"gml_id":"bldg_0ad6bb45-22c0-452c-832f-a5bb57a28e55"},"geometry":{"type":"Polygon","coordinates":[[[139.7635274999475,35.66733518688368],[139.76347578534526,35.66739625200263],[139.76279563204585,35.66701274463636],[139.76284998960125,35.6669485625996],[139.76280944970898,35.66692554481942],[139.76290947373326,35.66680729805124],[139.76295308298072,35.666831840913815],[139.7629643612907,35.66681859731062],[139.7636656451356,35.667213987054595],[139.76365821471626,35.66722276213548],[139.76367738048967,35.66723402236749],[139.76357438515242,35.66735293506072],[139.76355370709726,35.667340511164156],[139.76354883026644,35.667346962173696],[139.7635274999475,35.66733518688368]]]}},{"type":"Feature","properties":{"height":34.6,"gml_id":"bldg_d17a9ae5-4cf4-4d0b-89cb-e4da61ab0f81"},"geometry":{"type":"Polygon","coordinates":[[[139.7688548468957,35.674651854215355],[139.76883453679955,35.67463183286506],[139.76893579342072,35.67456156196936],[139.76895055167137,35.67457572141216],[139.76898278306973,35.67455228492598],[139.76902192524253,35.67458956858393],[139.76892266974838,35.674657839575],[139.7688548468957,35.674651854215355]]]}},{"type":"Feature","properties":{"height":8.0,"gml_id":"bldg_3fb3c4bd-f142-42aa-87f6-e9d085688e52"},"geometry":{"type":"Polygon","coordinates":[[[139.7723694779433,35.67179245712854],[139.77238822251505,35.671837716447264],[139.77227640887745,35.67186848585947],[139.77225777482624,35.67182322657966],[139.7723694779433,35.67179245712854]]]}},{"type":"Feature","properties":{"height":45.1,"gml_id":"bldg_cde74433-0cd8-4a4c-8fe1-0ab4faa29b27"},"geometry":{"type":"Polygon","coordinates":[[[139.7646395195237,35.668725924751676],[139.7646233467332,35.66874044566519],[139.76458037184355,35.668708575610125],[139.76459189068152,35.6686982254049],[139.76455283468215,35.668669250985864],[139.76453704879978,35.66868342057324],[139.76451776366784,35.668669113769894],[139.76452619828652,35.66866153803867],[139.7644351480952,35.66859471222734],[139.76453376336755,35.66852161313665],[139.7647903104773,35.6687111920991],[139.76469490989925,35.668796849362735],[139.76466585516846,35.66877529898503],[139.76467433399935,35.66876768721384],[139.76466596642416,35.668761471979145],[139.76467568336622,35.66875274321073],[139.7646395195237,35.668725924751676]]]}},{"type":"Feature","properties":{"height":9.6,"gml_id":"bldg_9f0581fc-0d2c-4f35-8d7b-32f984d85465"},"geometry":{"type":"Polygon","coordinates":[[[139.76944382442565,35.66998972627116],[139.76948096091704,35.66996306531866],[139.76952434056042,35.67000319942741],[139.76948720399233,35.67002995143179],[139.76944382442565,35.66998972627116]]]}},{"type":"Feature","properties":{"height":13.7,"gml_id":"bldg_3b81e1d5-0405-49b5-9003-c3caa31bf3d4"},"geometry":{"type":"Polygon","coordinates":[[[139.7659932206102,35.67260741655591],[139.76602147544352,35.672636456562316],[139.76591260717478,35.67270724356424],[139.76588424181446,35.672678293608],[139.7659932206102,35.67260741655591]]]}},{"type":"Feature","properties":{"height":30.1,"gml_id":"bldg_89d24962-9c29-4e87-9f9a-7275e56ee1a9"},"geometry":{"type":"Polygon","coordinates":[[[139.77478657839043,35.673270556271056],[139.77487440180803,35.673267173724646],[139.77488094758544,35.67337993864777],[139.77479312404455,35.67338332119879],[139.77478657839043,35.673270556271056]]]}},{"type":"Feature","properties":{"height":33.0,"gml_id":"bldg_c9bea396-1e18-4ebe-8d2a-21df9856e9c3"},"geometry":{"type":"Polygon","coordinates":[[[139.7683251105525,35.674019887402636],[139.76837643809475,35.67406913906766],[139.7683608754974,35.67407992911619],[139.7683924115688,35.6741102412659],[139.76832621525352,35.674156085416115],[139.7682433185061,35.67407653955945],[139.7683251105525,35.674019887402636]]]}},{"type":"Feature","properties":{"height":12.5,"gml_id":"bldg_95a65726-3771-40ba-8fd5-6d02ae6070c4"},"geometry":{"type":"Polygon","coordinates":[[[139.76750479299778,35.66888909642336],[139.76747267156978,35.66886158696751],[139.7675339057291,35.668814027923055],[139.76756591662473,35.66884162743979],[139.76750479299778,35.66888909642336]]]}},{"type":"Feature","properties":{"height":8.0,"gml_id":"bldg_2e645f9e-9595-48ff-9395-29b52e53ce5a"},"geometry":{"type":"Polygon","coordinates":[[[139.76983623334996,35.670083036688546],[139.769987958401,35.66996459502181],[139.77000396461221,35.66997825023342],[139.76985294692295,35.67009617941155],[139.76983623334996,35.670083036688546]]]}},{"type":"Feature","properties":{"height":18.2,"gml_id":"bldg_dc99003b-6204-402a-a2d9-58f0f0a0021b"},"geometry":{"type":"Polygon","coordinates":[[[139.77438656243527,35.668034193687596],[139.77446095882843,35.66810670142625],[139.77429330748816,35.66822118303138],[139.77421891114005,35.66814867609192],[139.77438656243527,35.668034193687596]]]}},{"type":"Feature","properties":{"height":35.4,"gml_id":"bldg_f40d6457-671d-4825-a7c7-2932dc736e35"},"geometry":{"type":"Polygon","coordinates":[[[139.77251797782978,35.66836697101441],[139.77250218067354,35.66835425366742],[139.77248754653644,35.66836645087222],[139.772461350409,35.66834538244672],[139.77255209480134,35.66827034296245],[139.7725940439398,35.66830407640367],[139.77251797782978,35.66836697101441]]]}},{"type":"Feature","properties":{"height":12.9,"gml_id":"bldg_038911fa-1681-450f-936b-0aae7aaac5e0"},"geometry":{"type":"Polygon","coordinates":[[[139.76717716471242,35.672372544112605],[139.76725829060203,35.67231877669142],[139.76729967980168,35.67236161461263],[139.76721711665795,35.672416822567506],[139.76717716471242,35.672372544112605]]]}},{"type":"Feature","properties":{"height":42.6,"gml_id":"bldg_fbc57572-8c31-4aa3-9922-b6992be0c56f"},"geometry":{"type":"Polygon","coordinates":[[[139.7655541183535,35.67012614071127],[139.7655061410755,35.67016946975108],[139.76545348346133,35.67013059088961],[139.76539809950197,35.67018058587307],[139.765382534021,35.670169129649594],[139.76533389339195,35.67021299907005],[139.7650256763065,35.66998540813866],[139.7651777887377,35.66984821517531],[139.7655541183535,35.67012614071127]]]}},{"type":"Feature","properties":{"height":9.7,"gml_id":"bldg_477d57a7-5a18-49af-aef4-48188753ecde"},"geometry":{"type":"Polygon","coordinates":[[[139.76639665101177,35.67418342144116],[139.76642016214646,35.67420560827716],[139.76634334143014,35.674260098608954],[139.76631971983292,35.67423791169665],[139.76639665101177,35.67418342144116]]]}},{"type":"Feature","properties":{"height":11.6,"gml_id":"bldg_63b5d128-7719-44da-a38e-b60f5875aac2"},"geometry":{"type":"Polygon","coordinates":[[[139.77168184922843,35.672349876654906],[139.77164140672454,35.67236572010575],[139.77160753808033,35.67230828528872],[139.77164787016608,35.67229235165521],[139.77168184922843,35.672349876654906]]]}},{"type":"Feature","properties":{"height":6.6,"gml_id":"bldg_2b90c1ba-7ecb-4351-8a49-00c6e0d5b7f7"},"geometry":{"type":"Polygon","coordinates":[[[139.76864018361786,35.66988897433871],[139.76872738387334,35.66996924338329],[139.76869986234007,35.66998968978857],[139.76861421044856,35.66990707798587],[139.76864018361786,35.66988897433871]]]}},{"type":"Feature","properties":{"height":12.3,"gml_id":"bldg_eef966d8-cbf6-401d-8dd0-69a658768c3e"},"geometry":{"type":"Polygon","coordinates":[[[139.77102731369766,35.673239284958825],[139.7709673058378,35.67327080194253],[139.77092227997053,35.673213631573915],[139.7709699104458,35.673188688224265],[139.77099176128343,35.673216371686316],[139.77100413857528,35.67320988820939],[139.77102731369766,35.673239284958825]]]}},{"type":"Feature","properties":{"height":35.8,"gml_id":"bldg_64a50c49-e27d-49f8-bcb8-03f24c3038c7"},"geometry":{"type":"Polygon","coordinates":[[[139.76882084453374,35.667842836241164],[139.76881183687556,35.66783562042579],[139.76883845323897,35.667813478919925],[139.76884746089706,35.667820694733315],[139.76882084453374,35.667842836241164]]]}},{"type":"Feature","properties":{"height":17.5,"gml_id":"bldg_95a38618-0cea-4ac7-8b2d-9411e6b0b101"},"geometry":{"type":"Polygon","coordinates":[[[139.77414437589277,35.668713440172425],[139.7742293691865,35.6687964082862],[139.77417366907974,35.668834418897085],[139.77408867587008,35.66875136060722],[139.77414437589277,35.668713440172425]]]}},{"type":"Feature","properties":{"height":9.3,"gml_id":"bldg_b1bcf810-5e21-489a-990c-1bd28c6b8df8"},"geometry":{"type":"Polygon","coordinates":[[[139.7685709831757,35.67186700062051],[139.76861447203657,35.67190938943737],[139.76856517748377,35.67194316442129],[139.76852190985144,35.671900415156735],[139.7685709831757,35.67186700062051]]]}},{"type":"Feature","properties":{"height":16.1,"gml_id":"bldg_c3867029-a0de-4178-9ea8-9af3143bafe6"},"geometry":{"type":"Polygon","coordinates":[[[139.77311961362676,35.669772136062555],[139.77309103877795,35.6697258813152],[139.7731828281077,35.66968751968123],[139.7732128392006,35.66973350471221],[139.77311961362676,35.669772136062555]]]}},{"type":"Feature","properties":{"height":9.1,"gml_id":"bldg_5b3b52ba-75c9-4032-a9af-44e0b9c3cf49"},"geometry":{"type":"Polygon","coordinates":[[[139.7657219987439,35.67023112790105],[139.76575051331648,35.67025232618038],[139.7656931288936,35.670303735331835],[139.76566461431796,35.67028253703908],[139.7657219987439,35.67023112790105]]]}},{"type":"Feature","properties":{"height":18.1,"gml_id":"bldg_6d282237-0036-4b2e-9c45-c26e80cd4c54"},"geometry":{"type":"Polygon","coordinates":[[[139.76611593062287,35.67262812655964],[139.766170344887,35.67268223929838],[139.76612734961148,35.67271096910436],[139.76607304582262,35.67265685640816],[139.76611593062287,35.67262812655964]]]}},{"type":"Feature","properties":{"height":11.4,"gml_id":"bldg_d8ac656d-d6a9-4d2a-855d-7bb73d93fad7"},"geometry":{"type":"Polygon","coordinates":[[[139.768752385644,35.673899784069775],[139.7686764577411,35.673945352782596],[139.76864566480631,35.673911264353904],[139.76872159276633,35.67386560642435],[139.768752385644,35.673899784069775]]]}},{"type":"Feature","properties":{"height":31.9,"gml_id":"bldg_759e1fd8-6bf8-4bfe-a095-9887ed550519"},"geometry":{"type":"Polygon","coordinates":[[[139.7697342807021,35.67069076085642],[139.76969253259747,35.67072378314142],[139.76967397615496,35.6707081615482],[139.76963847311123,35.67073623857681],[139.7695713012756,35.67067969593845],[139.76964855242002,35.6706185966737],[139.7697342807021,35.67069076085642]]]}},{"type":"Feature","properties":{"height":17.4,"gml_id":"bldg_5eddbd0f-7756-4c6b-9feb-a31cf9f0cf43"},"geometry":{"type":"Polygon","coordinates":[[[139.7709878410014,35.67285960626814],[139.77106398735606,35.67281421557456],[139.77108860005274,35.672841540801194],[139.7710124536167,35.67288702074598],[139.7709878410014,35.67285960626814]]]}},{"type":"Feature","properties":{"height":18.8,"gml_id":"bldg_f402909b-71d8-4372-a079-eeeef5e47438"},"geometry":{"type":"Polygon","coordinates":[[[139.77417325404474,35.67493581304704],[139.7742202384713,35.6750080000144],[139.77413528275144,35.67504477033303],[139.77408838671573,35.674972636557456],[139.77417325404474,35.67493581304704]]]}},{"type":"Feature","properties":{"height":8.5,"gml_id":"bldg_d802a7b9-a389-45e5-b8e5-dc48d7dacbeb"},"geometry":{"type":"Polygon","coordinates":[[[139.7675367245658,35.6746666447505],[139.76746409044986,35.674600714698585],[139.7674971404095,35.6745764858503],[139.76756977453067,35.67464241588255],[139.7675367245658,35.6746666447505]]]}},{"type":"Feature","properties":{"height":9.2,"gml_id":"bldg_f438adbf-1f43-4e29-a756-1e703bf1b33f"},"geometry":{"type":"Polygon","coordinates":[[[139.77314304629212,35.67019390037129],[139.77306293714227,35.67022721111391],[139.77303237483977,35.67017816110397],[139.7731124850579,35.67014485038191],[139.77314304629212,35.67019390037129]]]}},{"type":"Feature","properties":{"height":32.4,"gml_id":"bldg_ba8397f1-8ae2-46b9-a9e9-e94c5f5dba79"},"geometry":{"type":"Polygon","coordinates":[[[139.77356062452853,35.67296817428945],[139.77352968694737,35.67297762334325],[139.77357501416185,35.67307742782756],[139.77344476739472,35.6730867373947],[139.77338697626195,35.672962048764745],[139.77350731940092,35.67293072281302],[139.7735119942583,35.67294265931306],[139.77354157244295,35.67293408392042],[139.77356062452853,35.67296817428945]]]}},{"type":"Feature","properties":{"height":20.5,"gml_id":"bldg_8f2e6084-b9d0-434c-96a9-aaeb06a4d76e"},"geometry":{"type":"Polygon","coordinates":[[[139.77036246874354,35.67184946367106],[139.77035263223166,35.67185603043749],[139.77037098812679,35.6718743370088],[139.77033087946006,35.67190110483671],[139.7702578091478,35.67182823563899],[139.77033915377717,35.67177392542663],[139.770412224114,35.67184679457565],[139.77039421998555,35.6718588175952],[139.77037636189462,35.671841007042836],[139.77036246874354,35.67184946367106]]]}},{"type":"Feature","properties":{"height":6.6,"gml_id":"bldg_1cc1bb5b-9d02-4b2f-8477-cf250e2df8f8"},"geometry":{"type":"Polygon","coordinates":[[[139.76817781746774,35.67007257815975],[139.76814877072152,35.67009383484931],[139.7680733477333,35.67002521841576],[139.76810240552157,35.67000396084873],[139.76817781746774,35.67007257815975]]]}},{"type":"Feature","properties":{"height":14.4,"gml_id":"bldg_1196477b-7fa0-4291-9621-db680f0b40bc"},"geometry":{"type":"Polygon","coordinates":[[[139.7711690734403,35.6727859766788],[139.77120153109934,35.67282516709861],[139.77119260882702,35.67284931027481],[139.7711325761638,35.672870542665414],[139.77109617376607,35.67283279238509],[139.7711690734403,35.6727859766788]]]}},{"type":"Feature","properties":{"height":17.9,"gml_id":"bldg_d6fc6083-e812-4d8e-9dcc-2e975940d158"},"geometry":{"type":"Polygon","coordinates":[[[139.7645278520117,35.672398100564],[139.76455058938956,35.672419656367914],[139.76446172149272,35.67248216085235],[139.7644247457021,35.67244707629031],[139.76454699414654,35.672361245347226],[139.7645612326483,35.67237468393729],[139.7645278520117,35.672398100564]]]}},{"type":"Feature","properties":{"height":22.4,"gml_id":"bldg_7e7bc075-5001-49eb-a93d-faffb9ce1d0f"},"geometry":{"type":"Polygon","coordinates":[[[139.77440921494065,35.67193084182253],[139.7743674205427,35.67183329279584],[139.77443658594035,35.67181349643867],[139.7744783804063,35.671911053554126],[139.77440921494065,35.67193084182253]]]}},{"type":"Feature","properties":{"height":8.0,"gml_id":"bldg_23485119-ccfb-45af-ad00-cf78ac625ce8"},"geometry":{"type":"Polygon","coordinates":[[[139.7727695635519,35.66932902561115],[139.7728145827771,35.66939385699651],[139.77276662626625,35.66941546584723],[139.77272238063657,35.66935018414689],[139.7727695635519,35.66932902561115]]]}},{"type":"Feature","properties":{"height":5.9,"gml_id":"bldg_c591fb1b-0e2a-4fbd-96a2-49bb64c8015c"},"geometry":{"type":"Polygon","coordinates":[[[139.7725770405912,35.66785689456096],[139.77264147897762,35.66780311594899],[139.7726766942023,35.66783116641423],[139.77261214535704,35.667884945890464],[139.7725770405912,35.66785689456096]]]}},{"type":"Feature","properties":{"height":24.8,"gml_id":"bldg_79a90814-0e30-49ab-a768-752b7628c556"},"geometry":{"type":"Polygon","coordinates":[[[139.76604616663283,35.672568146295106],[139.766014046656,35.67253775207391],[139.76612159310025,35.672462096826386],[139.76615371308762,35.67249249101931],[139.76604616663283,35.672568146295106]]]}},{"type":"Feature","properties":{"height":11.4,"gml_id":"bldg_dc309e96-d089-43c5-9974-d624c318c352"},"geometry":{"type":"Polygon","coordinates":[[[139.77445087314229,35.67131152873215],[139.77447667477225,35.671375448703586],[139.7744144713117,35.67139209368612],[139.77438866972602,35.671328173701575],[139.77445087314229,35.67131152873215]]]}},{"type":"Feature","properties":{"height":41.9,"gml_id":"bldg_0ee86b64-760a-47c3-ad0b-f58cd800c1a9"},"geometry":{"type":"Polygon","coordinates":[[[139.77132132467446,35.671591457415815],[139.77139283162023,35.67168712900507],[139.771375040029,35.67169595330791],[139.77139788262252,35.67172643056851],[139.77137478670903,35.67173786702609],[139.7713681656695,35.67172903016278],[139.77135015306837,35.671737943584084],[139.77133404191773,35.67171639337425],[139.77131790790747,35.67172440728629],[139.7713389847976,35.67175263111718],[139.771358765532,35.67174281633317],[139.77138017348656,35.6717714910137],[139.77135895615166,35.671782026160244],[139.77137749496404,35.67180691359741],[139.77146004369783,35.671765853431054],[139.77152846108137,35.67185746807211],[139.77143839776804,35.67190231018907],[139.77150935329215,35.67199735136118],[139.7714952083047,35.67200446494476],[139.77150889190102,35.67202267970678],[139.77145913053,35.6720473427543],[139.7714556324041,35.67204266283065],[139.771423806272,35.672058510636816],[139.771212595498,35.67177573126682],[139.77122430927372,35.67176987838443],[139.77120554986794,35.6717446302605],[139.77119670928838,35.67174904242687],[139.7711632732949,35.67170422692577],[139.77117432399783,35.67169873425504],[139.77115556441402,35.671673757436245],[139.77122298028348,35.67163169720451],[139.77126165695512,35.67161341927448],[139.77132132467446,35.671591457415815]]]}},{"type":"Feature","properties":{"height":16.5,"gml_id":"bldg_dacfa85f-3cfc-4994-b6d8-8b4d5fdb0adc"},"geometry":{"type":"Polygon","coordinates":[[[139.77264931334668,35.66752207157722],[139.77255414874273,35.66760080364442],[139.7724817320599,35.667542448191824],[139.77257689659723,35.66746380631842],[139.77264931334668,35.66752207157722]]]}},{"type":"Feature","properties":{"height":15.6,"gml_id":"bldg_18bb8b2a-dc5a-4871-a5d0-2a3fab2bfaf1"},"geometry":{"type":"Polygon","coordinates":[[[139.7669361589821,35.67008247300871],[139.766983890483,35.67013492319013],[139.7668956751884,35.67018838908252],[139.76684371087975,35.67013850544334],[139.7669361589821,35.67008247300871]]]}},{"type":"Feature","properties":{"height":32.8,"gml_id":"bldg_c99ce3c2-ee6e-45e9-9925-c3083dbf6def"},"geometry":{"type":"Polygon","coordinates":[[[139.77143398744556,35.67275004922423],[139.77136691391794,35.67277687563821],[139.77128803245316,35.672645504980785],[139.77133869666528,35.672625241171474],[139.77135478186398,35.67265202022862],[139.77137102560346,35.672645196181726],[139.77143398744556,35.67275004922423]]]}},{"type":"Feature","properties":{"height":29.5,"gml_id":"bldg_2aac219f-ac8b-415f-93a1-3251db236727"},"geometry":{"type":"Polygon","coordinates":[[[139.76975734398383,35.66995419782695],[139.769738578029,35.669938323746614],[139.7698525353941,35.66984860709172],[139.76994316399188,35.66992527157093],[139.76980002641923,35.67003795793772],[139.76972816378566,35.66997716743703],[139.76975734398383,35.66995419782695]]]}},{"type":"Feature","properties":{"height":25.9,"gml_id":"bldg_26cdf7ce-1898-4e57-b0ae-a6ec4e843eb5"},"geometry":{"type":"Polygon","coordinates":[[[139.76862702708053,35.67205219981284],[139.768612305321,35.67203453400328],[139.76857144817515,35.67205715542725],[139.76854290968177,35.672022832916106],[139.7686599443658,35.67195790683748],[139.7687032046192,35.67200993928893],[139.76862702708053,35.67205219981284]]]}},{"type":"Feature","properties":{"height":12.8,"gml_id":"bldg_cb2b0b65-4a7e-4741-9680-30f0dbde2133"},"geometry":{"type":"Polygon","coordinates":[[[139.77324064470267,35.67350334036943],[139.77318894342866,35.67350701018427],[139.77316785541475,35.67349212699724],[139.77315885984967,35.673408565240116],[139.77323000422285,35.67340355308564],[139.77324064470267,35.67350334036943]]]}},{"type":"Feature","properties":{"height":20.7,"gml_id":"bldg_f98235a8-7c83-4a22-8c9e-2c3463330dcb"},"geometry":{"type":"Polygon","coordinates":[[[139.76791963339073,35.67111607515343],[139.7679680811948,35.67117216687299],[139.7678871839028,35.671218543647996],[139.76783884659108,35.671162451956434],[139.76791963339073,35.67111607515343]]]}},{"type":"Feature","properties":{"height":46.5,"gml_id":"bldg_b546953e-4756-4db7-b22f-39d0ea2b1c1f"},"geometry":{"type":"Polygon","coordinates":[[[139.77055078246661,35.6670047789946],[139.77059195611992,35.667039503345116],[139.77055139284968,35.6670716612476],[139.7706777843125,35.66717790890791],[139.7706371105484,35.667210066781],[139.77068855027312,35.66725335859131],[139.77062863373484,35.66730078563529],[139.77034804488034,35.66706488489097],[139.77049580799337,35.66694781143879],[139.77055739193696,35.6669995625848],[139.77055078246661,35.6670047789946]]]}},{"type":"Feature","properties":{"height":33.2,"gml_id":"bldg_faae0e28-fe3f-4806-97a7-60c9f1624ca7"},"geometry":{"type":"Polygon","coordinates":[[[139.77215788524552,35.6727305889791],[139.77209888789366,35.67274182615218],[139.77210902355944,35.67277743643853],[139.77202030649792,35.67279433620594],[139.7719824075556,35.67266190521712],[139.77206714716297,35.67264572365045],[139.77213518990618,35.67265116558859],[139.77215788524552,35.6727305889791]]]}},{"type":"Feature","properties":{"height":29.6,"gml_id":"bldg_b1336b4c-276e-4fe1-ab1f-33c868f7cfe6"},"geometry":{"type":"Polygon","coordinates":[[[139.7736595603546,35.67346965709126],[139.7734979394997,35.67348012294683],[139.7734903751514,35.67340260112342],[139.77353301733217,35.673399918190384],[139.7735275358871,35.67334375993939],[139.77364651425594,35.67333606716924],[139.7736595603546,35.67346965709126]]]}},{"type":"Feature","properties":{"height":32.7,"gml_id":"bldg_18e20362-545f-40f1-86e0-311902dc1ab9"},"geometry":{"type":"Polygon","coordinates":[[[139.7693653465797,35.67081360287388],[139.7693727480291,35.67081308400916],[139.7694005207462,35.670837949617585],[139.76939450798258,35.67084241723608],[139.76956418023167,35.670994324598226],[139.76944103989877,35.671085911847435],[139.76928241717087,35.670943897354725],[139.7692685346915,35.67095425576112],[139.76922440294257,35.670914833250734],[139.7693653465797,35.67081360287388]]]}},{"type":"Feature","properties":{"height":38.3,"gml_id":"bldg_9b745dc8-f958-4e06-ba80-362c5511445a"},"geometry":{"type":"Polygon","coordinates":[[[139.7702922576703,35.67269203942441],[139.77019688270283,35.672746612652276],[139.77002978525647,35.67255930976009],[139.77019865324763,35.67246214027858],[139.77042159157216,35.67271950880536],[139.77035108245707,35.672760123864165],[139.7702922576703,35.67269203942441]]]}},{"type":"Feature","properties":{"height":8.9,"gml_id":"bldg_be50e3e6-cb06-43f0-8f40-a9fbb16312d4"},"geometry":{"type":"Polygon","coordinates":[[[139.7726234467464,35.67294526123107],[139.77260040289366,35.67288774201842],[139.77269232931542,35.67286309073168],[139.77271548362498,35.67292070011991],[139.7726234467464,35.67294526123107]]]}},{"type":"Feature","properties":{"height":14.5,"gml_id":"bldg_20e0e835-23f1-4087-b397-1446d1f2fcc8"},"geometry":{"type":"Polygon","coordinates":[[[139.77492157845103,35.673257011106294],[139.774944547812,35.6732675683094],[139.77494755238547,35.6733890748284],[139.77488370182792,35.673390124596665],[139.77488081445486,35.67325951516841],[139.77492157845103,35.673257011106294]]]}},{"type":"Feature","properties":{"height":31.2,"gml_id":"bldg_e22b1aae-962a-4f77-b6fa-8f7b280da575"},"geometry":{"type":"Polygon","coordinates":[[[139.77478526768303,35.674808117281636],[139.77475618280127,35.67482113698393],[139.77470817011573,35.67474967082077],[139.7747776548018,35.674749794769475],[139.77482080091926,35.674814354025706],[139.77479632414617,35.67482523972378],[139.77478526768303,35.674808117281636]]]}},{"type":"Feature","properties":{"height":11.1,"gml_id":"bldg_f8ed5af9-def6-4dfc-859e-0642cd132ab0"},"geometry":{"type":"Polygon","coordinates":[[[139.76322342953907,35.67320984562943],[139.76329378100144,35.673227823890976],[139.7632844807884,35.67325188513491],[139.76321412930702,35.67323390686799],[139.76322342953907,35.67320984562943]]]}},{"type":"Feature","properties":{"height":12.1,"gml_id":"bldg_f5ca4d4d-8c72-4bfb-8dff-c91195a9c101"},"geometry":{"type":"Polygon","coordinates":[[[139.77262793468398,35.670227713695574],[139.7726577269863,35.670270724218476],[139.77257186769188,35.670310251212044],[139.7725418542911,35.670267510968564],[139.77262793468398,35.670227713695574]]]}},{"type":"Feature","properties":{"height":19.4,"gml_id":"bldg_80f9d596-9ffb-4ee9-94d6-6e8b0191c54d"},"geometry":{"type":"Polygon","coordinates":[[[139.76832537331603,35.67151614400755],[139.76843014519682,35.671452112898564],[139.76845398442381,35.6714780852913],[139.76834910206387,35.67154211636113],[139.76832537331603,35.67151614400755]]]}},{"type":"Feature","properties":{"height":9.2,"gml_id":"bldg_99cb1e5d-b76d-4242-a096-f5729f22b28d"},"geometry":{"type":"Polygon","coordinates":[[[139.76622736296423,35.67464059355898],[139.76616742867424,35.6745807991363],[139.7662281871269,35.674540217162665],[139.7662881213641,35.67460009267903],[139.76622736296423,35.67464059355898]]]}},{"type":"Feature","properties":{"height":5.6,"gml_id":"bldg_b6801839-0563-4299-828d-42e4b454fe83"},"geometry":{"type":"Polygon","coordinates":[[[139.77014492048235,35.668596663013886],[139.77021921288932,35.668656732552705],[139.77019423270053,35.66867727167513],[139.77012005075414,35.66861720127773],[139.77014492048235,35.668596663013886]]]}},{"type":"Feature","properties":{"height":6.9,"gml_id":"bldg_1b556dc2-4509-41a4-95ea-c038b0a3bb0f"},"geometry":{"type":"Polygon","coordinates":[[[139.77353525543688,35.66921439303489],[139.7734860437323,35.669142168570644],[139.77357742577706,35.669100750773204],[139.773651168182,35.66916181033031],[139.77353525543688,35.66921439303489]]]}},{"type":"Feature","properties":{"height":7.3,"gml_id":"bldg_e2d7c883-5b33-4eba-9f0d-4b637ab16356"},"geometry":{"type":"Polygon","coordinates":[[[139.77260958217437,35.66762309644302],[139.77267559951477,35.667673515604726],[139.77264221773297,35.667702703292484],[139.77257609103603,35.66765228315617],[139.77260958217437,35.66762309644302]]]}},{"type":"Feature","properties":{"height":35.9,"gml_id":"bldg_3ed5a9a7-9129-4466-a410-3915a7a46f5a"},"geometry":{"type":"Polygon","coordinates":[[[139.7738368307845,35.674595189819755],[139.77382918626842,35.67452091293383],[139.77390148038407,35.67451600010315],[139.77389314421023,35.6744358639564],[139.774183581058,35.674414283900745],[139.7742003747727,35.67456058493639],[139.77419097731618,35.67457094610661],[139.7738368307845,35.674595189819755]]]}},{"type":"Feature","properties":{"height":32.9,"gml_id":"bldg_e135395e-2cab-4b9c-80e9-ed7c65e83a75"},"geometry":{"type":"Polygon","coordinates":[[[139.76315398872126,35.67154587974436],[139.7631383267121,35.67153118724784],[139.76310832808716,35.67155246920164],[139.76311950891935,35.671562967704325],[139.76307650055085,35.67159347212329],[139.76300529868138,35.671526620786615],[139.76314046928943,35.67143073858013],[139.7632161523627,35.671501784733664],[139.76315398872126,35.67154587974436]]]}},{"type":"Feature","properties":{"height":8.4,"gml_id":"bldg_c49dc13d-161f-4a5b-9abe-232d82f9165d"},"geometry":{"type":"Polygon","coordinates":[[[139.76926801471998,35.67138379584868],[139.76931377596543,35.6714302949855],[139.7692817909214,35.671451252928115],[139.76923602968262,35.67140475377931],[139.76926801471998,35.67138379584868]]]}},{"type":"Feature","properties":{"height":31.4,"gml_id":"bldg_adc097da-f1ef-4144-b8bb-b2e458a38511"},"geometry":{"type":"Polygon","coordinates":[[[139.76729621687105,35.67494294603372],[139.76730396540026,35.67493728966337],[139.76731999280975,35.6749258510197],[139.7673401930232,35.674944790917024],[139.76718301407706,35.67505647486575],[139.7671457044273,35.6750214811069],[139.76727895285916,35.674926774953676],[139.76729621687105,35.67494294603372]]]}},{"type":"Feature","properties":{"height":23.1,"gml_id":"bldg_925d3b22-0fd6-4bfc-9cd4-fe0d6b6fac2c"},"geometry":{"type":"Polygon","coordinates":[[[139.7703443904979,35.66820160534418],[139.77030553515584,35.66816796377727],[139.7703760539111,35.66810995220627],[139.77041648192719,35.66811015361117],[139.77043833904014,35.66812783195238],[139.7703443904979,35.66820160534418]]]}},{"type":"Feature","properties":{"height":11.7,"gml_id":"bldg_138fc13e-75b7-426b-8825-32ab27edf808"},"geometry":{"type":"Polygon","coordinates":[[[139.76885798537344,35.67066704841478],[139.76882931516656,35.670687061572956],[139.76879962086295,35.67066189734927],[139.76887411811697,35.67060569156221],[139.76890630709678,35.670633082593085],[139.76893096573818,35.67065646929351],[139.76885282421165,35.670711411241314],[139.76882820973964,35.67068805158996],[139.76885798537344,35.67066704841478]]]}},{"type":"Feature","properties":{"height":29.0,"gml_id":"bldg_b9678a99-4878-4ec4-8b59-e1b165e455b2"},"geometry":{"type":"Polygon","coordinates":[[[139.7688054762885,35.673954706133124],[139.76875845619713,35.673906187072056],[139.76877205080478,35.673897360909166],[139.76869532880065,35.67381807105521],[139.76874593813454,35.673785387395405],[139.76881516574142,35.67385682224542],[139.76892812204014,35.673783872425616],[139.76904103347243,35.67390435526644],[139.76885513018638,35.674024949668656],[139.76879420272604,35.67396200121016],[139.7688054762885,35.673954706133124]]]}},{"type":"Feature","properties":{"height":38.8,"gml_id":"bldg_cc6b1e9e-057b-44c0-a0a1-64f176d416a7"},"geometry":{"type":"Polygon","coordinates":[[[139.7677940053024,35.67486988234307],[139.76776289938257,35.67484030940022],[139.7677844862973,35.67482518710801],[139.7677896632625,35.67483010240687],[139.7678088626682,35.67481666437737],[139.7678647606358,35.674869803657046],[139.76786775847395,35.67487826917568],[139.76789832842337,35.674955515396015],[139.76783643040872,35.67497182362652],[139.76780586052013,35.67489456837702],[139.7678046598365,35.67489037634103],[139.767797590247,35.67488986772471],[139.76778395794366,35.67487690757994],[139.7677940053024,35.67486988234307]]]}},{"type":"Feature","properties":{"height":21.8,"gml_id":"bldg_7818f374-3f9c-4e6e-8f3b-fbdb52de2a09"},"geometry":{"type":"Polygon","coordinates":[[[139.76759076144114,35.671950837940976],[139.76746065475473,35.67179104443289],[139.7675101649099,35.67176420968951],[139.76764027172476,35.671923913909],[139.76759076144114,35.671950837940976]]]}},{"type":"Feature","properties":{"height":49.8,"gml_id":"bldg_82248935-f4c4-4f60-b12a-56ef61106f63"},"geometry":{"type":"Polygon","coordinates":[[[139.76387272431145,35.67362395204906],[139.76387137996312,35.673645584219656],[139.76385567895463,35.673662520968705],[139.7633673368099,35.67375120368689],[139.76334685490795,35.67367673839536],[139.76334604018982,35.673673601144664],[139.76331349060288,35.67355395202883],[139.76339052626184,35.673381293777666],[139.76361626202208,35.673448306551535],[139.76375196554136,35.673517700614326],[139.76387272431145,35.67362395204906]]]}},{"type":"Feature","properties":{"height":34.6,"gml_id":"bldg_eacce016-0f8e-4829-9ac1-ce6247871255"},"geometry":{"type":"Polygon","coordinates":[[[139.7681352557737,35.67397183172151],[139.76809441477369,35.67393250974902],[139.7682222975207,35.67384406416645],[139.76823609510595,35.67385741194342],[139.76828771239806,35.67382165534039],[139.7683148662296,35.67384771967857],[139.7681352557737,35.67397183172151]]]}},{"type":"Feature","properties":{"height":27.9,"gml_id":"bldg_9da08d5b-3f88-4649-9e2e-d62e0bfef123"},"geometry":{"type":"Polygon","coordinates":[[[139.77493275645287,35.673228352870865],[139.77476712842062,35.67323593409392],[139.7747650407018,35.673205556812434],[139.7747647604033,35.673196092260824],[139.77476137288738,35.67314552359411],[139.77479693321072,35.6731439094019],[139.77479621191188,35.67313325482367],[139.77492591481257,35.67312737776163],[139.77493275645287,35.673228352870865]]]}},{"type":"Feature","properties":{"height":7.8,"gml_id":"bldg_da894ca2-8384-4749-a34b-a55100fc63ac"},"geometry":{"type":"Polygon","coordinates":[[[139.7628907424588,35.67442371037732],[139.76286320779232,35.674405396401006],[139.76289592357742,35.674373237442175],[139.76290028421556,35.67437648403315],[139.76292083570905,35.674371448366344],[139.76293340088776,35.674403544579455],[139.76297936408216,35.67439392675726],[139.76299578080415,35.67444297101961],[139.76296625542528,35.67447756557583],[139.7628907424588,35.67442371037732]]]}},{"type":"Feature","properties":{"height":9.0,"gml_id":"bldg_39b73389-3942-4267-9536-8690cb08b5db"},"geometry":{"type":"Polygon","coordinates":[[[139.77084086626513,35.67207975232122],[139.77087762046727,35.672119071254755],[139.77078624153535,35.672150300565306],[139.77076947125116,35.67212415293665],[139.77084086626513,35.67207975232122]]]}},{"type":"Feature","properties":{"height":29.1,"gml_id":"bldg_4e10772f-cfbc-4002-9b39-2a7f43ec6ab5"},"geometry":{"type":"Polygon","coordinates":[[[139.76290110064548,35.66967492299212],[139.76298177925773,35.669753389635716],[139.76287114048355,35.6698291304412],[139.76279046190362,35.669750663724514],[139.76290110064548,35.66967492299212]]]}},{"type":"Feature","properties":{"height":40.1,"gml_id":"bldg_4f0647af-8466-4016-88db-ca6465c3f85b"},"geometry":{"type":"Polygon","coordinates":[[[139.76812635144873,35.669028786952516],[139.7681850440948,35.668982037437985],[139.76820921850342,35.669002331417886],[139.76822181914474,35.668992332986434],[139.76824832273513,35.66901453912966],[139.7682316957547,35.66903139483922],[139.76825568272136,35.669051301117726],[139.76816449349042,35.669123992638944],[139.76804004580475,35.6690184825554],[139.76807875318525,35.668988957416545],[139.76812635144873,35.669028786952516]]]}},{"type":"Feature","properties":{"height":6.6,"gml_id":"bldg_4c946eaf-efc0-44f0-8a50-e163321e35e4"},"geometry":{"type":"Polygon","coordinates":[[[139.77268866522064,35.666914673646986],[139.7726602366496,35.66693953724372],[139.7726029089275,35.66689589086648],[139.77263133750077,35.66687102728311],[139.77268866522064,35.666914673646986]]]}},{"type":"Feature","properties":{"height":38.2,"gml_id":"bldg_dd2eaa9a-cfc2-4501-b380-4086b8eeceb5"},"geometry":{"type":"Polygon","coordinates":[[[139.7728268785164,35.674397835760345],[139.77281384039628,35.67434311588516],[139.77308037221928,35.67433582224374],[139.77308148732618,35.674395439592026],[139.7728268785164,35.674397835760345]]]}},{"type":"Feature","properties":{"height":3.3,"gml_id":"bldg_1cf2e1d1-bd38-4407-8d3f-b4b6c77d9a02"},"geometry":{"type":"Polygon","coordinates":[[[139.7700758115771,35.6745252460652],[139.770068520443,35.674511532356355],[139.7701000679493,35.674500371907],[139.77010734804094,35.67451408560817],[139.7700758115771,35.6745252460652]]]}},{"type":"Feature","properties":{"height":54.7,"gml_id":"bldg_9bc6da70-fa1c-4077-acd2-e20ba6de9307"},"geometry":{"type":"Polygon","coordinates":[[[139.76867563943173,35.673686171620744],[139.7686598115566,35.67366991136919],[139.76862249832695,35.673694093180885],[139.76871767537057,35.67379187112948],[139.7686648444574,35.67382600479435],[139.7686936525163,35.673855675426616],[139.76862888474153,35.67389764460944],[139.76830177594687,35.673561616891774],[139.76847054759324,35.67345219112997],[139.7685728213782,35.67355716597437],[139.76865571500326,35.673503398573146],[139.76877249234,35.673623433962476],[139.76867563943173,35.673686171620744]]]}},{"type":"Feature","properties":{"height":6.8,"gml_id":"bldg_a67cc421-55c9-446d-961d-7771681317ca"},"geometry":{"type":"Polygon","coordinates":[[[139.77279217189707,35.67215646456057],[139.77276156579794,35.67216609385965],[139.77270046544314,35.67203743717581],[139.77273107156861,35.67202771775472],[139.77279217189707,35.67215646456057]]]}},{"type":"Feature","properties":{"height":39.3,"gml_id":"bldg_e7cf2dda-92e3-4292-b8e9-3db40e702044"},"geometry":{"type":"Polygon","coordinates":[[[139.76798199851464,35.6711735255855],[139.76785916324025,35.67103780309742],[139.76798659022003,35.67096107532387],[139.7681550062261,35.671147029751175],[139.76805012472184,35.67121024932884],[139.7681025479038,35.67126814589501],[139.7679962295081,35.671332175881766],[139.76789833639853,35.671223867810596],[139.76798199851464,35.6711735255855]]]}},{"type":"Feature","properties":{"height":30.8,"gml_id":"bldg_a743d285-7a1b-4482-a087-2d2a185a90d3"},"geometry":{"type":"Polygon","coordinates":[[[139.77211581167458,35.67295828954938],[139.77211103027446,35.67294148642878],[139.77207550940838,35.67294933734841],[139.77205481150003,35.6728870149074],[139.7721667325025,35.672862284058645],[139.7721740064802,35.67288428125269],[139.77220019132787,35.67287852576317],[139.77221914812603,35.67293541201701],[139.77211581167458,35.67295828954938]]]}},{"type":"Feature","properties":{"height":6.9,"gml_id":"bldg_596827af-44da-4d72-b469-68c087744823"},"geometry":{"type":"Polygon","coordinates":[[[139.77431454903325,35.6729179701515],[139.77432544403447,35.67294385390775],[139.77434085724116,35.672939534870146],[139.774375648506,35.673022216820314],[139.77429899111556,35.673028804352],[139.77425921754448,35.673006575016835],[139.77422129465933,35.67291644615519],[139.7743203590062,35.67288869640655],[139.77433075775713,35.67291342616188],[139.77431454903325,35.6729179701515]]]}},{"type":"Feature","properties":{"height":17.2,"gml_id":"bldg_51d96258-dc41-4192-b25f-d32d9dc73d81"},"geometry":{"type":"Polygon","coordinates":[[[139.7721492457622,35.6689973671294],[139.77218527622003,35.66897079491316],[139.77228749249704,35.66906314742227],[139.77225135157067,35.66908971961265],[139.7721492457622,35.6689973671294]]]}},{"type":"Feature","properties":{"height":11.4,"gml_id":"bldg_6eb0d8fc-3299-4888-87c8-7e976acba5c2"},"geometry":{"type":"Polygon","coordinates":[[[139.76870725461632,35.672056091761526],[139.76873385319334,35.672085220382904],[139.76864267606842,35.67213916367596],[139.76861651871096,35.67211084740895],[139.76870725461632,35.672056091761526]]]}},{"type":"Feature","properties":{"height":35.4,"gml_id":"bldg_cbd5576d-2315-4eb9-a170-c715204e78e9"},"geometry":{"type":"Polygon","coordinates":[[[139.77083571084984,35.672883234411344],[139.77076552869684,35.672929617766655],[139.77075868514632,35.672922763776334],[139.7707222124745,35.67294690161037],[139.77071622994933,35.67294083225981],[139.7707021381625,35.67295024427756],[139.77064912302373,35.67289683738677],[139.77077003519682,35.67281703863184],[139.77083571084984,35.672883234411344]]]}},{"type":"Feature","properties":{"height":11.9,"gml_id":"bldg_919805b8-5159-4ef1-a610-1c80d4fe824b"},"geometry":{"type":"Polygon","coordinates":[[[139.76904797822172,35.669651951268676],[139.7690265641482,35.66963265044403],[139.7690737591841,35.669597791587584],[139.76909517325896,35.6696170933053],[139.76904797822172,35.669651951268676]]]}},{"type":"Feature","properties":{"height":30.7,"gml_id":"bldg_ccd0a966-df99-4390-ba87-80becfc1db49"},"geometry":{"type":"Polygon","coordinates":[[[139.76954024998153,35.67069374992803],[139.769488756091,35.67064713065383],[139.76951967066856,35.670624414408124],[139.76953918644674,35.6706421006783],[139.76958151847703,35.67061102572137],[139.76961341925733,35.67063997668783],[139.76954024998153,35.67069374992803]]]}},{"type":"Feature","properties":{"height":37.9,"gml_id":"bldg_7dfa79aa-bce4-453c-bcb3-c27e2df653c8"},"geometry":{"type":"Polygon","coordinates":[[[139.77201022480315,35.674854419448074],[139.77203895666648,35.67489915928559],[139.77202852487514,35.67490377801622],[139.77204644368882,35.67493167560676],[139.77205695271448,35.67492718310607],[139.77207786169592,35.67495973329616],[139.77190889965158,35.675031576753554],[139.77180562769908,35.67486603201583],[139.77199238114835,35.6747860854127],[139.77203066820738,35.674845685642346],[139.77201022480315,35.674854419448074]]]}},{"type":"Feature","properties":{"height":14.6,"gml_id":"bldg_b2b15511-2012-4ab5-82c0-d0276789feac"},"geometry":{"type":"Polygon","coordinates":[[[139.77249313118446,35.67158971072359],[139.7725077938664,35.671628025587054],[139.7724053734596,35.671654294802096],[139.77238783827093,35.67161660943366],[139.77249313118446,35.67158971072359]]]}},{"type":"Feature","properties":{"height":63.4,"gml_id":"bldg_49dcad23-bec6-4978-8f95-74d6c6b326a6"},"geometry":{"type":"Polygon","coordinates":[[[139.76741545180022,35.67298781674609],[139.76722782335747,35.673110309606336],[139.76718046209243,35.673062006065145],[139.76750358339828,35.67285127091433],[139.76756406809108,35.672913057023706],[139.76742866350637,35.67300131843134],[139.76741545180022,35.67298781674609]]]}},{"type":"Feature","properties":{"height":31.0,"gml_id":"bldg_da79cfa0-c7d7-4caf-8515-cd9589b70cdd"},"geometry":{"type":"Polygon","coordinates":[[[139.76502834278878,35.67013590293715],[139.76496288656728,35.67018335013365],[139.76495532581174,35.67017641427991],[139.7649670088996,35.67016794800485],[139.76494560701806,35.67014829492791],[139.7650887108441,35.670044564955155],[139.76515455008746,35.670105048344915],[139.76507294546275,35.670164195296124],[139.76507124567146,35.67016263495675],[139.76506353063937,35.67016822811096],[139.76502834278878,35.67013590293715]]]}},{"type":"Feature","properties":{"height":27.6,"gml_id":"bldg_a8835e60-2060-4705-8d63-3df8ead3fad7"},"geometry":{"type":"Polygon","coordinates":[[[139.7750387617092,35.672983140673125],[139.7748894065189,35.67298982856918],[139.77488295985765,35.67289265743899],[139.77498271975023,35.672880266877584],[139.77501029986374,35.67293030643724],[139.77503548692053,35.67292923698701],[139.7750387617092,35.672983140673125]]]}},{"type":"Feature","properties":{"height":8.4,"gml_id":"bldg_f6abb6f2-5276-4fbe-84d4-745c5b087cd9"},"geometry":{"type":"Polygon","coordinates":[[[139.7675798784808,35.67471453121033],[139.76760471357775,35.67473933341828],[139.76752966427802,35.67478940784209],[139.76750482918735,35.674764607421636],[139.7675798784808,35.67471453121033]]]}},{"type":"Feature","properties":{"height":7.1,"gml_id":"bldg_dc85d7ec-c734-4ce8-90bc-3b7aa72243f7"},"geometry":{"type":"Polygon","coordinates":[[[139.77416118458737,35.668837747844925],[139.7740708922933,35.668900077588205],[139.77399064478243,35.66882261098286],[139.77408082659178,35.6687602803432],[139.77416118458737,35.668837747844925]]]}},{"type":"Feature","properties":{"height":53.4,"gml_id":"bldg_7e4502a7-d285-4019-b823-0704f908fd26"},"geometry":{"type":"Polygon","coordinates":[[[139.7663151858565,35.673450794442964],[139.76643148949313,35.67333993618242],[139.7665850279926,35.67348487200353],[139.7664512843034,35.67357926165682],[139.7663151858565,35.673450794442964]]]}},{"type":"Feature","properties":{"height":7.2,"gml_id":"bldg_12aafebd-d29a-457f-b51d-afef04d4805d"},"geometry":{"type":"Polygon","coordinates":[[[139.77491891537622,35.6726668809645],[139.77487715045604,35.672679029230856],[139.77485156474606,35.67262096838793],[139.774893550834,35.67260845968846],[139.77491891537622,35.6726668809645]]]}},{"type":"Feature","properties":{"height":7.8,"gml_id":"bldg_296a215b-c5fc-4522-bb8e-3ec6915ec230"},"geometry":{"type":"Polygon","coordinates":[[[139.77284734175433,35.67152208788821],[139.7728376927573,35.671500061594045],[139.7728600998234,35.67149352076816],[139.77286972667926,35.67151561825791],[139.77284734175433,35.67152208788821]]]}},{"type":"Feature","properties":{"height":31.6,"gml_id":"bldg_76c4a587-7e48-4265-b47a-03a1fd87bb4c"},"geometry":{"type":"Polygon","coordinates":[[[139.77149338028627,35.67151015100824],[139.7715681881681,35.67162286104296],[139.77153293706706,35.67163969863268],[139.77156670220316,35.67168766900638],[139.7714475783268,35.67174367324729],[139.77133513814263,35.67158443291738],[139.77149338028627,35.67151015100824]]]}},{"type":"Feature","properties":{"height":63.0,"gml_id":"bldg_70af7e3f-23cf-4915-9f5c-3e7564722057"},"geometry":{"type":"Polygon","coordinates":[[[139.76716712189625,35.67369944958875],[139.76725266624464,35.6737816116246],[139.76714036713696,35.67385951868461],[139.76698837412755,35.67371377319584],[139.76724579949237,35.67353517344142],[139.76731213770174,35.67359884585085],[139.76716712189625,35.67369944958875]]]}},{"type":"Feature","properties":{"height":27.6,"gml_id":"bldg_21bef360-64f9-4bfd-8293-d8609ebbeb06"},"geometry":{"type":"Polygon","coordinates":[[[139.76259091314716,35.671440351000285],[139.76269067825203,35.67153497262014],[139.7626412812344,35.67156963657766],[139.76254151620773,35.671474943708986],[139.76259091314716,35.671440351000285]]]}},{"type":"Feature","properties":{"height":8.4,"gml_id":"bldg_593d7db8-5511-4ce6-84ec-df489bd24927"},"geometry":{"type":"Polygon","coordinates":[[[139.76597493318695,35.67307395693351],[139.76601798090084,35.67311463292269],[139.7658789317403,35.673212623569796],[139.76583588411964,35.67317185829572],[139.76597493318695,35.67307395693351]]]}},{"type":"Feature","properties":{"height":17.1,"gml_id":"bldg_dccea353-13ff-450c-bc03-899615851850"},"geometry":{"type":"Polygon","coordinates":[[[139.7695456046274,35.670627862381274],[139.76951801085235,35.670600265739346],[139.76957603461196,35.67056162756398],[139.76960362832207,35.670589314330066],[139.7695456046274,35.670627862381274]]]}},{"type":"Feature","properties":{"height":19.9,"gml_id":"bldg_fb1150ee-b37b-40fb-9a6d-78de15321ebf"},"geometry":{"type":"Polygon","coordinates":[[[139.76297046866813,35.671502191255954],[139.76303017035332,35.67155736311843],[139.76292373699053,35.671634052845135],[139.76286402426734,35.671578889937905],[139.76297046866813,35.671502191255954]]]}},{"type":"Feature","properties":{"height":54.1,"gml_id":"bldg_f7cece77-d230-4d95-aba4-ca08893bd05b"},"geometry":{"type":"Polygon","coordinates":[[[139.76655987984995,35.6687303490483],[139.76672866115752,35.66859989659694],[139.76695128947514,35.668791696609766],[139.76669873622444,35.66898689376633],[139.7664757657838,35.66879480466334],[139.76650315552135,35.66877363759045],[139.76648953448992,35.668761903160814],[139.7665459276845,35.668718316988084],[139.76655987984995,35.6687303490483]]]}},{"type":"Feature","properties":{"height":20.2,"gml_id":"bldg_4eed5b0f-b684-40e1-8867-8739a32e180c"},"geometry":{"type":"Polygon","coordinates":[[[139.76406045539898,35.66832714085327],[139.76416116119617,35.668237962762696],[139.764205316443,35.66827115866639],[139.76410461065308,35.66836033679342],[139.76406045539898,35.66832714085327]]]}},{"type":"Feature","properties":{"height":4.6,"gml_id":"bldg_91ae9cec-80be-4db1-9787-90dcfeadd1fc"},"geometry":{"type":"Polygon","coordinates":[[[139.76999270947874,35.670410506896694],[139.76995347066799,35.67044158362751],[139.76989574020493,35.67038909330253],[139.7699366350239,35.670359189247414],[139.76999270947874,35.670410506896694]]]}},{"type":"Feature","properties":{"height":24.6,"gml_id":"bldg_711eeeb8-c1b5-49c9-ba81-f31f4acfb117"},"geometry":{"type":"Polygon","coordinates":[[[139.7633840953882,35.668217413245515],[139.76343233290805,35.66825565859446],[139.7633797155116,35.668299886381796],[139.76333147799107,35.66826164011067],[139.7633840953882,35.668217413245515]]]}},{"type":"Feature","properties":{"height":15.1,"gml_id":"bldg_3ddbadaa-bd3e-4b98-b733-99436a915f8a"},"geometry":{"type":"Polygon","coordinates":[[[139.765980319058,35.667714755127186],[139.76595261250878,35.66769256583489],[139.76603783605304,35.66762140497301],[139.76606565313574,35.66764350417035],[139.765980319058,35.667714755127186]]]}},{"type":"Feature","properties":{"height":34.0,"gml_id":"bldg_25603634-791a-43cd-ba59-f0f3999bfd6a"},"geometry":{"type":"Polygon","coordinates":[[[139.77041268825482,35.67435189030928],[139.77040230715951,35.67434818925604],[139.7703925895811,35.67434358717606],[139.77038353551976,35.6743380840695],[139.77037536584092,35.674331770189234],[139.77036808047382,35.67432473567272],[139.77036730790573,35.67432383389603],[139.770317097677,35.67425674640148],[139.7705956689523,35.67416666356198],[139.770622185049,35.67421827194907],[139.77064538965803,35.67421015365049],[139.77068129356093,35.67427847836127],[139.7704786371135,35.67435264585185],[139.77046769886823,35.67435507384765],[139.7704565404639,35.674356510217564],[139.77044527243962,35.674356864881965],[139.77043455753343,35.674356228324285],[139.77042351200137,35.67435460008295],[139.77041268825482,35.67435189030928]]]}},{"type":"Feature","properties":{"height":19.2,"gml_id":"bldg_c4158a01-1f39-426a-b0ee-acf89861e77a"},"geometry":{"type":"Polygon","coordinates":[[[139.771854766342,35.66970614735523],[139.77179353876454,35.66974757925518],[139.7717401254999,35.66968220237484],[139.7717846685161,35.66964707158837],[139.771854766342,35.66970614735523]]]}},{"type":"Feature","properties":{"height":32.3,"gml_id":"bldg_fe7e750d-2893-44f7-ab6f-dbe97a711a25"},"geometry":{"type":"Polygon","coordinates":[[[139.7738894761875,35.66880480402418],[139.7738166384178,35.66886452911048],[139.77365502113042,35.66873429078214],[139.77375880799192,35.6686473596266],[139.77389325115243,35.66877875619238],[139.7738894761875,35.66880480402418]]]}},{"type":"Feature","properties":{"height":29.7,"gml_id":"bldg_5d07e50b-bc5d-428c-99bb-40ba6c64d66f"},"geometry":{"type":"Polygon","coordinates":[[[139.7733180139735,35.67155783840205],[139.77331124413155,35.671540924366504],[139.77328350103326,35.67154831080741],[139.7732653416372,35.67150284640452],[139.77336455824593,35.67147639458695],[139.7733894764946,35.67153878201495],[139.7733180139735,35.67155783840205]]]}},{"type":"Feature","properties":{"height":13.9,"gml_id":"bldg_ae5f7beb-130a-49bb-bc44-3d69633e6bf5"},"geometry":{"type":"Polygon","coordinates":[[[139.7738805000334,35.66809884379718],[139.77394474116193,35.66816134069075],[139.77389777201148,35.66819349655533],[139.77383353089388,35.66813099963705],[139.7738805000334,35.66809884379718]]]}},{"type":"Feature","properties":{"height":30.6,"gml_id":"bldg_3249a014-3373-46f6-92fb-54c96f8e1075"},"geometry":{"type":"Polygon","coordinates":[[[139.7702230796219,35.6712662113101],[139.77022477064742,35.671265031397574],[139.77022610625895,35.6712663030337],[139.77029816855253,35.67121559256975],[139.77030379802028,35.671220915420975],[139.77031297147036,35.67121460970899],[139.77033438549674,35.67123490181058],[139.77032786452284,35.671239495401736],[139.7703333835319,35.67124481639104],[139.77024827926815,35.67130471314838],[139.77023911757846,35.67129605516596],[139.77022917214407,35.67130073709462],[139.77022199731582,35.67129397303572],[139.7702085132765,35.671303430385606],[139.7701989100915,35.67129432058072],[139.77018078401113,35.67130702133816],[139.77015926549177,35.67132123371857],[139.77017510524175,35.67133624087686],[139.77016385378215,35.67134414903088],[139.77017456075689,35.67135434016383],[139.77009442991098,35.67141072406463],[139.77001738370234,35.6713376723526],[139.77018040832792,35.671223013163775],[139.77022174618233,35.67126218057186],[139.77022006620248,35.671263361391524],[139.77020497954157,35.67127396264493],[139.77020799295374,35.671276821577614],[139.7702230796219,35.6712662113101]]]}},{"type":"Feature","properties":{"height":7.3,"gml_id":"bldg_bc3cb01e-574d-460c-a6c3-b6f3618f04c4"},"geometry":{"type":"Polygon","coordinates":[[[139.7724739257571,35.672195216402855],[139.77238103719264,35.67222222863617],[139.77236965589753,35.67219762440474],[139.7724618716613,35.672169214711744],[139.77243738861054,35.67211629173553],[139.77250699783866,35.67209484719982],[139.7725538686314,35.67219618519621],[139.77248429250835,35.67221757569296],[139.7724739257571,35.672195216402855]]]}},{"type":"Feature","properties":{"height":13.7,"gml_id":"bldg_750fca50-40b0-45f4-8b8b-1d282c517631"},"geometry":{"type":"Polygon","coordinates":[[[139.7732425822332,35.674013338061215],[139.77329329259345,35.6740057016896],[139.7732985772519,35.674176965145364],[139.77324765050972,35.67417838193916],[139.7732425822332,35.674013338061215]]]}},{"type":"Feature","properties":{"height":25.4,"gml_id":"bldg_e873a83f-abb4-4ee7-8896-a9d05ee8417b"},"geometry":{"type":"Polygon","coordinates":[[[139.76657242902226,35.674818265644895],[139.76659831247488,35.67484405023586],[139.7665680381723,35.674864350390806],[139.76651421811297,35.67481093223716],[139.76662032737124,35.67473969340373],[139.7666482528269,35.67476747024777],[139.76657242902226,35.674818265644895]]]}},{"type":"Feature","properties":{"height":20.4,"gml_id":"bldg_744ccba9-9b4a-4838-b984-f9e8bfc4aecf"},"geometry":{"type":"Polygon","coordinates":[[[139.77348656986675,35.66973959914775],[139.7734823245801,35.66972956475183],[139.7734819999235,35.669720550856496],[139.77348348440927,35.66971479181834],[139.77348628517143,35.66970664479485],[139.77348811061438,35.66970285993382],[139.7735571590712,35.66967476236685],[139.77360643221186,35.66975400942642],[139.77365911661468,35.66973219436829],[139.77368100603314,35.66976739483143],[139.77354718468965,35.66982249341553],[139.77348656986675,35.66973959914775]]]}},{"type":"Feature","properties":{"height":11.9,"gml_id":"bldg_7668efe1-9cf0-4c60-91e8-18975ddd21ee"},"geometry":{"type":"Polygon","coordinates":[[[139.77462714887946,35.67285377395316],[139.7745272666644,35.67288229873572],[139.77451017372806,35.67284235956574],[139.77461005589942,35.672813834797125],[139.77462714887946,35.67285377395316]]]}},{"type":"Feature","properties":{"height":56.0,"gml_id":"bldg_62c8c10c-6522-4f1c-8ac4-c86f91b26cff"},"geometry":{"type":"Polygon","coordinates":[[[139.76823006238166,35.672172111818895],[139.76842036805587,35.67206738488135],[139.7685329323111,35.67220346269852],[139.7683547830414,35.67230152621215],[139.7685598271466,35.67254951425317],[139.76844776648377,35.672609485356915],[139.76809881715428,35.67218772467629],[139.76819772790785,35.67213297474369],[139.76823006238166,35.672172111818895]]]}},{"type":"Feature","properties":{"height":12.3,"gml_id":"bldg_e331a25b-266c-490d-8983-b1535cb11289"},"geometry":{"type":"Polygon","coordinates":[[[139.77462470674698,35.672869996573866],[139.77463881709576,35.672910025312255],[139.77454136916737,35.672932962780685],[139.77452725879644,35.67289302506971],[139.77462470674698,35.672869996573866]]]}},{"type":"Feature","properties":{"height":35.8,"gml_id":"bldg_30134c33-8ba3-498a-b700-01155552d46b"},"geometry":{"type":"Polygon","coordinates":[[[139.77269723802115,35.66783324992032],[139.77261631875356,35.667770834087406],[139.77269380108055,35.667703991203034],[139.77287738752304,35.66784559918215],[139.7727193299801,35.66797919343917],[139.7726205289226,35.66789991292053],[139.77269723802115,35.66783324992032]]]}},{"type":"Feature","properties":{"height":42.9,"gml_id":"bldg_7fa2c20d-181a-4133-baa9-633807c54ed0"},"geometry":{"type":"Polygon","coordinates":[[[139.77454829436547,35.66861043076388],[139.77455933231937,35.668621432909454],[139.77452586866144,35.668643670583414],[139.774552999906,35.66867078903485],[139.77451332534991,35.66869712582422],[139.77449036648284,35.66867412958147],[139.774456438711,35.668696557198935],[139.77450633004764,35.66874660781502],[139.77458987867152,35.66869121412878],[139.77459506647378,35.668696444626114],[139.7746222529646,35.66867834027599],[139.77462821339594,35.66868438238482],[139.77464423791685,35.66867375398804],[139.7747024078155,35.66873210119437],[139.7747288744801,35.66879205541914],[139.77467704336607,35.66882646265177],[139.77468267276083,35.66883205390976],[139.77466112255183,35.66884628511323],[139.77465615545862,35.66884132513848],[139.77451447618014,35.668935269275224],[139.7742453721974,35.6686651761511],[139.77451204257548,35.66848827694098],[139.77451877574148,35.66849495039438],[139.7745581358238,35.66859610372812],[139.77456277164757,35.668600883270734],[139.77454829436547,35.66861043076388]]]}},{"type":"Feature","properties":{"height":59.6,"gml_id":"bldg_dbb79757-b119-4b1d-a43f-8491d36956d0"},"geometry":{"type":"Polygon","coordinates":[[[139.7641869127607,35.672435195058696],[139.7639525402865,35.672598749563555],[139.7638976182729,35.6725459785755],[139.76386733237564,35.672567125343114],[139.76371919917605,35.6724257946549],[139.7639836363079,35.67224125592876],[139.7641869127607,35.672435195058696]]]}},{"type":"Feature","properties":{"height":16.2,"gml_id":"bldg_cc02aee3-febf-4622-85d9-13c9ff12a4f4"},"geometry":{"type":"Polygon","coordinates":[[[139.7686077898806,35.66937679657404],[139.76863549716495,35.669399706349004],[139.76856265552797,35.669458707148344],[139.76853494860833,35.66943534667032],[139.7686077898806,35.66937679657404]]]}},{"type":"Feature","properties":{"height":23.4,"gml_id":"bldg_fb11fa74-9275-40ff-9026-7c98067ff821"},"geometry":{"type":"Polygon","coordinates":[[[139.77006722688498,35.6711673390261],[139.76999327263252,35.67109591139205],[139.77009163880973,35.67102799955752],[139.7701655930874,35.671099427131985],[139.77006722688498,35.6711673390261]]]}},{"type":"Feature","properties":{"height":45.7,"gml_id":"bldg_bdfb7636-000d-4828-a597-1e26bf5dfa9d"},"geometry":{"type":"Polygon","coordinates":[[[139.7674829851547,35.66854295706989],[139.76741741961246,35.66848487274072],[139.76743488384201,35.66847082087204],[139.7674300268645,35.66846685217028],[139.76772414948093,35.668236351286865],[139.76772900542662,35.668241581899345],[139.76778714417668,35.6681963646058],[139.76804400405274,35.66841698012583],[139.76804602176526,35.668516492860334],[139.76771033616092,35.668783387365444],[139.7676675929441,35.668777324861516],[139.76743777714685,35.668579257692606],[139.7674829851547,35.66854295706989]]]}},{"type":"Feature","properties":{"height":16.3,"gml_id":"bldg_d170c844-748e-4f9f-8f21-a7b79865f037"},"geometry":{"type":"Polygon","coordinates":[[[139.76876258550894,35.66727029841358],[139.768740122213,35.667251708151994],[139.76871430997943,35.66727679756192],[139.76862776490705,35.66720954466241],[139.76869121405605,35.667152342407746],[139.7688023794576,35.66723432699058],[139.76876258550894,35.66727029841358]]]}},{"type":"Feature","properties":{"height":32.1,"gml_id":"bldg_1431f6fb-9878-48ec-8c2b-7717b5dc33c9"},"geometry":{"type":"Polygon","coordinates":[[[139.76451588993496,35.67222925755935],[139.76455184648302,35.67220334560357],[139.7645325300861,35.672185865959776],[139.76453017904478,35.67218369230752],[139.7645991739916,35.67213396690946],[139.76471366884104,35.672239736221286],[139.76460893837907,35.67231522055995],[139.76451588993496,35.67222925755935]]]}},{"type":"Feature","properties":{"height":28.3,"gml_id":"bldg_02d25209-435a-44f0-a81e-b843588f584f"},"geometry":{"type":"Polygon","coordinates":[[[139.7670161274511,35.671144965700464],[139.76694714896328,35.67107092495483],[139.76704053863367,35.67101292797489],[139.7671096276215,35.67108696872854],[139.7670161274511,35.671144965700464]]]}},{"type":"Feature","properties":{"height":34.1,"gml_id":"bldg_e862ac2d-78f5-4d97-b773-5b62e060da88"},"geometry":{"type":"Polygon","coordinates":[[[139.76573184785093,35.66711781636679],[139.76569800437474,35.667090566861745],[139.76571607686506,35.66707563223443],[139.76569236658057,35.66705653683595],[139.7656743051291,35.66707147957831],[139.76565645618746,35.66705711156573],[139.765584497776,35.667116561769745],[139.76548868537824,35.667039440370665],[139.76571395589204,35.66685316298405],[139.76588504948722,35.666990988850756],[139.76573184785093,35.66711781636679]]]}},{"type":"Feature","properties":{"height":27.7,"gml_id":"bldg_0e4eb904-574f-4789-83ec-596888a3b89e"},"geometry":{"type":"Polygon","coordinates":[[[139.77310335035736,35.674217159008734],[139.77283380311707,35.67422450526863],[139.7728802625681,35.674141060587765],[139.77293630449194,35.67409493932897],[139.77309814298863,35.67409060367246],[139.77310335035736,35.674217159008734]]]}},{"type":"Feature","properties":{"height":25.8,"gml_id":"bldg_5a6e4c7a-83ad-41f1-95e4-543904287de6"},"geometry":{"type":"Polygon","coordinates":[[[139.76444748327097,35.66912561924749],[139.76435575095715,35.6690550793322],[139.76442400649958,35.668988696202234],[139.76440059182295,35.668972367941],[139.76447462745531,35.668902364568744],[139.76459418410795,35.668986531021204],[139.76444748327097,35.66912561924749]]]}},{"type":"Feature","properties":{"height":27.8,"gml_id":"bldg_87e2ac0a-39b6-41d9-b2b1-9e0956cba5d2"},"geometry":{"type":"Polygon","coordinates":[[[139.76684778041826,35.67174488088416],[139.76689277803507,35.6717916509279],[139.76680886874888,35.671845390430164],[139.76676387115916,35.6717986104404],[139.76684778041826,35.67174488088416]]]}},{"type":"Feature","properties":{"height":10.1,"gml_id":"bldg_6aae4edd-c67f-45f9-92d5-40590fcc8dc7"},"geometry":{"type":"Polygon","coordinates":[[[139.77379959898116,35.67187826232074],[139.77378104366514,35.67187455841694],[139.7737602857572,35.67186183788707],[139.77374507299243,35.67181964609946],[139.77383368664508,35.67179129666713],[139.7738653410234,35.67185729281431],[139.77379959898116,35.67187826232074]]]}},{"type":"Feature","properties":{"height":20.3,"gml_id":"bldg_d0168767-61a3-49f9-a26f-03b370d99b75"},"geometry":{"type":"Polygon","coordinates":[[[139.7642540012613,35.67227806116487],[139.76414582971083,35.672180290228724],[139.76418164308612,35.67215399071068],[139.76424720818991,35.672213338688536],[139.7643523271846,35.6721358808791],[139.7643949336489,35.67217430376895],[139.7642540012613,35.67227806116487]]]}},{"type":"Feature","properties":{"height":9.2,"gml_id":"bldg_f72a093d-028d-47ad-a02f-442dbf3007bb"},"geometry":{"type":"Polygon","coordinates":[[[139.77059245549435,35.67303597984779],[139.7706250098961,35.67307836133168],[139.770532302199,35.67311211359598],[139.77050868323937,35.67308551167647],[139.77059245549435,35.67303597984779]]]}},{"type":"Feature","properties":{"height":34.3,"gml_id":"bldg_ffe5788f-7bb0-4258-bedc-2f3b2e768a8e"},"geometry":{"type":"Polygon","coordinates":[[[139.77427009855305,35.67261661036682],[139.7742393275738,35.67262513127118],[139.77424504789406,35.672642566631566],[139.77411604729102,35.67267073425969],[139.77407767236917,35.67257985698605],[139.77409371139538,35.672550751432354],[139.77423822362047,35.67251927258599],[139.77427009855305,35.67261661036682]]]}},{"type":"Feature","properties":{"height":17.6,"gml_id":"bldg_22ce8f6e-fae9-40e6-b613-b6a161b0e940"},"geometry":{"type":"Polygon","coordinates":[[[139.77190666095706,35.67002372767661],[139.77196702749288,35.67009722038333],[139.77183198980705,35.67016610654795],[139.77177460049347,35.670099555871154],[139.77190666095706,35.67002372767661]]]}},{"type":"Feature","properties":{"height":38.4,"gml_id":"bldg_89d94942-2e76-48ba-a191-60fd6b7cc0bb"},"geometry":{"type":"Polygon","coordinates":[[[139.7638458377602,35.67188933455264],[139.76374507273482,35.67178651983573],[139.76381337856137,35.6717418511892],[139.76391414354035,35.671844755987024],[139.7638458377602,35.67188933455264]]]}},{"type":"Feature","properties":{"height":9.2,"gml_id":"bldg_4fa61d17-3973-4a0e-af0a-d47f302878f4"},"geometry":{"type":"Polygon","coordinates":[[[139.77302376779707,35.67016616942952],[139.77299177335172,35.67011351229678],[139.7730716619202,35.670081102863776],[139.7731037668681,35.670133759129506],[139.77302376779707,35.67016616942952]]]}},{"type":"Feature","properties":{"height":21.5,"gml_id":"bldg_bf86f87c-d3bd-4403-bf83-610197ad0238"},"geometry":{"type":"Polygon","coordinates":[[[139.77419178040273,35.67108642802299],[139.77415661143334,35.670994551801186],[139.77419815235635,35.67098402614276],[139.77423321201653,35.67107589328523],[139.77419178040273,35.67108642802299]]]}},{"type":"Feature","properties":{"height":17.0,"gml_id":"bldg_68848694-262a-42ef-bbd2-df4188c8f2a7"},"geometry":{"type":"Polygon","coordinates":[[[139.76429182571377,35.668505295007755],[139.76423089251088,35.66845802808275],[139.7642790887411,35.66841659254851],[139.76434013247848,35.668463769375435],[139.76429182571377,35.668505295007755]]]}},{"type":"Feature","properties":{"height":59.0,"gml_id":"bldg_c9384201-760a-4c77-a5ae-fe8565b20452"},"geometry":{"type":"Polygon","coordinates":[[[139.767287112149,35.67288055515551],[139.76744349550435,35.67277722631964],[139.767506960981,35.672841078233425],[139.76717759257295,35.673058849683585],[139.76705364202675,35.67293412165057],[139.7670388519443,35.672919150718606],[139.76718534363215,35.672822315670984],[139.76720693286566,35.672844032588564],[139.76723344811222,35.67282650643069],[139.767287112149,35.67288055515551]]]}},{"type":"Feature","properties":{"height":31.7,"gml_id":"bldg_5ee453e0-501a-4678-a115-b25eb9fd898d"},"geometry":{"type":"Polygon","coordinates":[[[139.76453372645582,35.67116502560575],[139.76453802020444,35.67116885889478],[139.7645672582132,35.671196637888166],[139.76450782629544,35.67123806709614],[139.7644745377347,35.6712062566344],[139.76453372645582,35.67116502560575]]]}},{"type":"Feature","properties":{"height":6.6,"gml_id":"bldg_365ea594-04f9-4db6-b652-22d7c6699e30"},"geometry":{"type":"Polygon","coordinates":[[[139.7706522524938,35.67235574483632],[139.77062023455088,35.672376369606106],[139.77056970441055,35.67232411772713],[139.77060172234556,35.672303492970585],[139.7706522524938,35.67235574483632]]]}},{"type":"Feature","properties":{"height":18.1,"gml_id":"bldg_4b645078-b659-49ca-a40c-449f4c0d1d43"},"geometry":{"type":"Polygon","coordinates":[[[139.767339187417,35.67440844661595],[139.7674929903596,35.674303142323105],[139.7675316012636,35.67434067856049],[139.7674564185813,35.67439215089825],[139.76745445133807,35.67443358592311],[139.76741546765166,35.67445979543318],[139.7674067803217,35.67445186670993],[139.76739222454484,35.67446051191683],[139.76736963018925,35.674438037334376],[139.767339187417,35.67440844661595]]]}},{"type":"Feature","properties":{"height":6.1,"gml_id":"bldg_85676b10-8df3-43e1-9f46-4741a25962c6"},"geometry":{"type":"Polygon","coordinates":[[[139.77457695333936,35.67009509697449],[139.77455482280078,35.67010185458622],[139.7745327766862,35.67005373842838],[139.7745549072074,35.67004698893299],[139.77457695333936,35.67009509697449]]]}},{"type":"Feature","properties":{"height":6.4,"gml_id":"bldg_47598902-d071-40da-852b-0eacc8bb212a"},"geometry":{"type":"Polygon","coordinates":[[[139.7693857054972,35.670231227414085],[139.7693210829622,35.670178417671],[139.76940291139852,35.67011174058962],[139.76946753392593,35.67016456020447],[139.7693857054972,35.670231227414085]]]}},{"type":"Feature","properties":{"height":19.7,"gml_id":"bldg_dcf9ae06-377d-464c-beb8-eb99a6788ecd"},"geometry":{"type":"Polygon","coordinates":[[[139.76323079270648,35.66857895515804],[139.7631299768019,35.66866605924144],[139.76304067898278,35.668592455069245],[139.7631386316977,35.668507954359995],[139.76323079270648,35.66857895515804]]]}},{"type":"Feature","properties":{"height":52.2,"gml_id":"bldg_902ff4c7-f987-4cbf-9a18-b87165a01ce9"},"geometry":{"type":"Polygon","coordinates":[[[139.76290398570026,35.670540333164034],[139.76303366763332,35.6706679532534],[139.76291219664301,35.6707500884108],[139.7627825147717,35.670622467291075],[139.76290398570026,35.670540333164034]]]}},{"type":"Feature","properties":{"height":20.8,"gml_id":"bldg_4d7fca96-c22d-4438-8245-709a3bda70ca"},"geometry":{"type":"Polygon","coordinates":[[[139.77203429353298,35.67443862759868],[139.77206187509557,35.67448506233014],[139.77196551760812,35.67452314132241],[139.7719382673549,35.674476887012645],[139.77203429353298,35.67443862759868]]]}},{"type":"Feature","properties":{"height":15.8,"gml_id":"bldg_230a938a-7a26-4925-83cc-d6f2e714dcdd"},"geometry":{"type":"Polygon","coordinates":[[[139.76392368747167,35.66822115070261],[139.76388670747713,35.66819345721255],[139.76398840758986,35.668104099563195],[139.76402483567068,35.66813134201797],[139.76392368747167,35.66822115070261]]]}},{"type":"Feature","properties":{"height":6.0,"gml_id":"bldg_dc179919-cb00-48d8-a9c1-4c1e98496d78"},"geometry":{"type":"Polygon","coordinates":[[[139.77306208970666,35.67267552040048],[139.77309661096533,35.672748098197374],[139.773066888539,35.67275754774053],[139.77303247783675,35.67268487985332],[139.77306208970666,35.67267552040048]]]}},{"type":"Feature","properties":{"height":32.1,"gml_id":"bldg_7cc7177c-7ce3-452e-b704-a63465126787"},"geometry":{"type":"Polygon","coordinates":[[[139.7708836702242,35.67496003924404],[139.77087880502106,35.67495172606522],[139.7708584270813,35.67491878835243],[139.77085544827966,35.674913838271195],[139.77082987800023,35.67492382122249],[139.77078336620977,35.67484450332079],[139.7708928739967,35.674801835096886],[139.77096656917175,35.6749277049077],[139.7708836702242,35.67496003924404]]]}},{"type":"Feature","properties":{"height":26.1,"gml_id":"bldg_acbdc62c-96e2-4d06-9d63-d41b8e566e85"},"geometry":{"type":"Polygon","coordinates":[[[139.77352388719024,35.66994242669937],[139.77341018011575,35.669998165178434],[139.77334404744448,35.669908265325596],[139.77338913244944,35.66988616807565],[139.773374908342,35.669866862589885],[139.7733942683712,35.66985736273926],[139.77334692838286,35.66979298110589],[139.7733961019294,35.66976884878574],[139.77352388719024,35.66994242669937]]]}},{"type":"Feature","properties":{"height":7.5,"gml_id":"bldg_1284303f-78e9-42cc-a230-238124cf9f93"},"geometry":{"type":"Polygon","coordinates":[[[139.77264237864688,35.66938728043712],[139.77271354176747,35.669352793680495],[139.7727612115541,35.66941825738126],[139.77269015878895,35.66945283435858],[139.77264237864688,35.66938728043712]]]}},{"type":"Feature","properties":{"height":12.0,"gml_id":"bldg_183b2f92-560b-4352-a10c-b5a6c0504f62"},"geometry":{"type":"Polygon","coordinates":[[[139.77255599569995,35.66851587909774],[139.77260501215986,35.6685525897321],[139.77254167590215,35.66860880258257],[139.77249276989636,35.668572092879934],[139.77255599569995,35.66851587909774]]]}},{"type":"Feature","properties":{"height":12.0,"gml_id":"bldg_7925b817-815d-4aaf-a186-ce3bd47afed7"},"geometry":{"type":"Polygon","coordinates":[[[139.77063443484843,35.66695912292826],[139.77059519691926,35.66699155194814],[139.77050942514947,35.66692255213486],[139.7705486630795,35.66689012314256],[139.77063443484843,35.66695912292826]]]}},{"type":"Feature","properties":{"height":63.3,"gml_id":"bldg_d2daa6f9-1837-48e4-acb6-6f3b81f7ab71"},"geometry":{"type":"Polygon","coordinates":[[[139.76583983240926,35.66884921735174],[139.7658246224791,35.668861764958145],[139.7658382544374,35.66887354543893],[139.76566907052293,35.6690336416807],[139.76549269751743,35.66889039532302],[139.76568974154338,35.66872797140783],[139.76583983240926,35.66884921735174]]]}},{"type":"Feature","properties":{"height":40.4,"gml_id":"bldg_80a23e5a-a17f-4162-9ab5-374df21c49f8"},"geometry":{"type":"Polygon","coordinates":[[[139.76385168117577,35.66667598342207],[139.7637689142221,35.66674096074239],[139.76372068829147,35.666715676379496],[139.76379116401287,35.6666603547216],[139.7638133487029,35.666680269864806],[139.76383649338513,35.666663103039845],[139.76385168117577,35.66667598342207]]]}},{"type":"Feature","properties":{"height":28.5,"gml_id":"bldg_13e8ea70-c1d1-4f8d-827a-9a31e6ef197f"},"geometry":{"type":"Polygon","coordinates":[[[139.7714051231199,35.66835899544241],[139.7713441100838,35.668409709579],[139.7712588878935,35.66834143259797],[139.77132001139253,35.66829071675811],[139.7714051231199,35.66835899544241]]]}},{"type":"Feature","properties":{"height":33.8,"gml_id":"bldg_d8aeefd8-699e-4c60-a272-da32222f4679"},"geometry":{"type":"Polygon","coordinates":[[[139.76802873252413,35.673876138347296],[139.76815339251144,35.673784121653014],[139.76821587122072,35.67384049125516],[139.76809110074979,35.67393250795339],[139.76802873252413,35.673876138347296]]]}},{"type":"Feature","properties":{"height":24.7,"gml_id":"bldg_96995abf-e91c-4da0-9485-1b0dacea0f45"},"geometry":{"type":"Polygon","coordinates":[[[139.76343243269602,35.671017395395005],[139.76337595103817,35.67105729342361],[139.76327893407313,35.67096517076636],[139.76327018142533,35.67095704430175],[139.76332669600725,35.67091737168452],[139.76343243269602,35.671017395395005]]]}},{"type":"Feature","properties":{"height":61.1,"gml_id":"bldg_507eca44-e3d6-4ee3-86a4-0d825795f357"},"geometry":{"type":"Polygon","coordinates":[[[139.7668767711824,35.673617985863],[139.76700200318982,35.67352999079565],[139.76709350868347,35.673616663094364],[139.76696827664085,35.67370465825557],[139.7668767711824,35.673617985863]]]}},{"type":"Feature","properties":{"height":19.4,"gml_id":"bldg_24398758-44ce-43c6-ad19-08c014f3b470"},"geometry":{"type":"Polygon","coordinates":[[[139.77465052171857,35.66853981293792],[139.77456213769216,35.66856158307349],[139.7745555562687,35.66854378674669],[139.77459298688981,35.668534583959904],[139.77458278642828,35.668511251435234],[139.7746351981251,35.66849834228439],[139.77465052171857,35.66853981293792]]]}},{"type":"Feature","properties":{"height":6.4,"gml_id":"bldg_804788c6-9ca0-4213-ba91-d94f3937a2e0"},"geometry":{"type":"Polygon","coordinates":[[[139.76734522555782,35.67232026656218],[139.76732061362927,35.67229375270622],[139.76740151537354,35.67224368069407],[139.76742612731277,35.672270195435125],[139.76734522555782,35.67232026656218]]]}},{"type":"Feature","properties":{"height":10.6,"gml_id":"bldg_9c76ca95-a2c6-4eb9-9939-bae5128d6b00"},"geometry":{"type":"Polygon","coordinates":[[[139.76440712383157,35.66827406860807],[139.76437732057522,35.66824980459612],[139.76445690748525,35.66818468083584],[139.7644868211237,35.668209035028816],[139.76440712383157,35.66827406860807]]]}},{"type":"Feature","properties":{"height":31.1,"gml_id":"bldg_e85a2272-ede4-40d6-af7e-d118bd80f451"},"geometry":{"type":"Polygon","coordinates":[[[139.76642567771358,35.67487677340594],[139.7664977560242,35.674946128988175],[139.76641717765304,35.67500187919572],[139.76634509928684,35.67493261370312],[139.76642567771358,35.67487677340594]]]}},{"type":"Feature","properties":{"height":14.7,"gml_id":"bldg_fb012cf4-e0f1-4bbc-8805-38bb12a7ffd3"},"geometry":{"type":"Polygon","coordinates":[[[139.76886357768822,35.66706406322669],[139.7688279654863,35.66703725532674],[139.76885878308354,35.66701001428814],[139.7689680704479,35.66709227804159],[139.76891843952447,35.66713614840512],[139.7688447753922,35.66708070243368],[139.76886357768822,35.66706406322669]]]}},{"type":"Feature","properties":{"height":40.4,"gml_id":"bldg_8af95af0-d2fb-4149-8364-9c1a659f249b"},"geometry":{"type":"Polygon","coordinates":[[[139.76846127625095,35.67005676788345],[139.7684935506896,35.67003267443179],[139.76841078596732,35.669958834402244],[139.76850550909649,35.669888135741296],[139.76865438197513,35.67002095203608],[139.7685273733384,35.67011573526201],[139.76846127625095,35.67005676788345]]]}},{"type":"Feature","properties":{"height":14.9,"gml_id":"bldg_8ee0e721-9cbc-43b9-a21f-0ca02871cace"},"geometry":{"type":"Polygon","coordinates":[[[139.77348066715558,35.672926391991524],[139.77344466080737,35.67284494405846],[139.7734567815909,35.672841380649615],[139.77345458702084,35.67283642200718],[139.77361332834727,35.67278968443441],[139.77362813896636,35.672823195811176],[139.77351306336828,35.672857064570266],[139.77353645375368,35.67290996965299],[139.77348066715558,35.672926391991524]]]}},{"type":"Feature","properties":{"height":32.4,"gml_id":"bldg_076f16f8-b55f-418c-bb00-692f089ef494"},"geometry":{"type":"Polygon","coordinates":[[[139.76953265537125,35.67301919824981],[139.76940528388704,35.67288554723054],[139.76934880704485,35.67292148201114],[139.7693106177436,35.67288144075501],[139.7694358391786,35.672801916043355],[139.7696338500818,35.6730096071369],[139.76955140063524,35.6730619332552],[139.76954720650292,35.67305742416908],[139.7695189616556,35.67302792529644],[139.76953265537125,35.67301919824981]]]}},{"type":"Feature","properties":{"height":43.9,"gml_id":"bldg_44cd0e50-650f-4684-8084-92ff824915a3"},"geometry":{"type":"Polygon","coordinates":[[[139.77098309067833,35.667320123881076],[139.77103593352345,35.66727805707664],[139.77106466716566,35.667302093548834],[139.7711939388994,35.66719935864984],[139.7712437233,35.66724102779763],[139.77123123376882,35.66725102660583],[139.77124525289548,35.66726275169382],[139.77107559459824,35.66739768988409],[139.77098309067833,35.667320123881076]]]}},{"type":"Feature","properties":{"height":16.3,"gml_id":"bldg_03149477-cda4-4869-a418-bc3bfa62e73f"},"geometry":{"type":"Polygon","coordinates":[[[139.77290249497634,35.667566997175335],[139.77281380542658,35.66764311871279],[139.77277627141973,35.66761398457087],[139.77286497194322,35.66753796311868],[139.77290249497634,35.667566997175335]]]}},{"type":"Feature","properties":{"height":33.6,"gml_id":"bldg_c831a96f-e3d4-4afb-b356-3b597bc33ed8"},"geometry":{"type":"Polygon","coordinates":[[[139.76917390994282,35.672433484792116],[139.76915145007055,35.67240869407961],[139.76924276933872,35.67235653519783],[139.76929861287,35.672421553900016],[139.76917726640903,35.67249080488721],[139.76914317544907,35.67245103617071],[139.76917390994282,35.672433484792116]]]}},{"type":"Feature","properties":{"height":12.0,"gml_id":"bldg_ab074b3d-4e25-4d35-bb37-00018a308cf5"},"geometry":{"type":"Polygon","coordinates":[[[139.773178635592,35.67134452109472],[139.77320300532367,35.67140159018702],[139.77310146724997,35.67143038337942],[139.77307720804583,35.67137331432219],[139.773178635592,35.67134452109472]]]}},{"type":"Feature","properties":{"height":9.7,"gml_id":"bldg_3ac45751-e244-4842-89cd-085bceb23d45"},"geometry":{"type":"Polygon","coordinates":[[[139.77260065981525,35.67138199940186],[139.77253425655374,35.67140098396333],[139.77250955269284,35.671348151020936],[139.77257541001856,35.67132069238841],[139.77260065981525,35.67138199940186]]]}},{"type":"Feature","properties":{"height":61.8,"gml_id":"bldg_5700c722-66e4-4eba-891b-f52847d9510c"},"geometry":{"type":"Polygon","coordinates":[[[139.76644370787733,35.669353673555285],[139.76617705552252,35.6695898841689],[139.76608819002064,35.66952307886237],[139.76635913147254,35.669283076947885],[139.76644370787733,35.669353673555285]]]}},{"type":"Feature","properties":{"height":36.3,"gml_id":"bldg_ceeb93e0-7651-458e-afc4-d871068b1b04"},"geometry":{"type":"Polygon","coordinates":[[[139.77094507140285,35.669619327894864],[139.77073926291462,35.669784623103055],[139.77056109330425,35.66963679525701],[139.77076701216967,35.669471591445344],[139.77094507140285,35.669619327894864]]]}},{"type":"Feature","properties":{"height":16.8,"gml_id":"bldg_e8f7ed2b-620f-46de-ac44-74a0f205586a"},"geometry":{"type":"Polygon","coordinates":[[[139.77030634200176,35.67163825160751],[139.7703951991761,35.67158241295323],[139.77042985609063,35.671619207085556],[139.77034099897037,35.67167495562778],[139.77030634200176,35.67163825160751]]]}},{"type":"Feature","properties":{"height":31.7,"gml_id":"bldg_5fc092a9-4a21-4e30-8049-6aa750aa60e1"},"geometry":{"type":"Polygon","coordinates":[[[139.77066872212876,35.6732611834071],[139.7706362740789,35.67322393891554],[139.7707893396489,35.67313496288051],[139.77082178773466,35.673172206430024],[139.77066872212876,35.6732611834071]]]}},{"type":"Feature","properties":{"height":12.6,"gml_id":"bldg_8cc10bd0-9977-49b0-acf9-7f7622ffa380"},"geometry":{"type":"Polygon","coordinates":[[[139.76440738843317,35.67413389543269],[139.76436716235932,35.67415226040181],[139.76429798546778,35.67405189797926],[139.76433821158457,35.674033442895684],[139.76440738843317,35.67413389543269]]]}},{"type":"Feature","properties":{"height":42.2,"gml_id":"bldg_6d4eec57-5d9d-4692-92b1-14c4ec3bec0d"},"geometry":{"type":"Polygon","coordinates":[[[139.77368651325557,35.67272865179166],[139.77389368555035,35.672664306073095],[139.77394728045175,35.67278628827797],[139.77374309217376,35.67284982432849],[139.77368651325557,35.67272865179166]]]}},{"type":"Feature","properties":{"height":27.5,"gml_id":"bldg_9a034ed0-98f5-47cc-b95e-c1053704d8e5"},"geometry":{"type":"Polygon","coordinates":[[[139.77063461849139,35.67322213530775],[139.77058969700622,35.673173077224554],[139.7707485387202,35.673113939692534],[139.77077167350174,35.67313825272761],[139.77063461849139,35.67322213530775]]]}},{"type":"Feature","properties":{"height":7.0,"gml_id":"bldg_5e554148-d60c-4502-8600-1061bf1d2a91"},"geometry":{"type":"Polygon","coordinates":[[[139.7732066115527,35.66880230169097],[139.7732299046448,35.66882106188907],[139.77316679250805,35.668873310937045],[139.77314349941625,35.66885454982552],[139.7732066115527,35.66880230169097]]]}},{"type":"Feature","properties":{"height":15.5,"gml_id":"bldg_09903a70-337d-43fe-bfb9-b228547c92a6"},"geometry":{"type":"Polygon","coordinates":[[[139.77325566433578,35.667022023043835],[139.77316204253123,35.667107156122164],[139.77309260259617,35.667056283922044],[139.77318622441484,35.666971150897],[139.77325566433578,35.667022023043835]]]}},{"type":"Feature","properties":{"height":34.8,"gml_id":"bldg_764d34be-18d8-430c-b760-8d52372d4ef1"},"geometry":{"type":"Polygon","coordinates":[[[139.77203809255528,35.67464231271419],[139.77201427953023,35.674651548672806],[139.7719905268676,35.674610766587634],[139.7721040115867,35.674566748128505],[139.77214339718518,35.67463437109972],[139.7720533939205,35.67466928055856],[139.77203809255528,35.67464231271419]]]}},{"type":"Feature","properties":{"height":17.4,"gml_id":"bldg_175ed095-4064-40e0-8f62-8389b225d855"},"geometry":{"type":"Polygon","coordinates":[[[139.7732400420279,35.67371786679805],[139.77407389987522,35.6736485138159],[139.7741014538259,35.67388306457446],[139.7732373234394,35.67395510675659],[139.7732400420279,35.67371786679805]]]}},{"type":"Feature","properties":{"height":28.2,"gml_id":"bldg_07d68058-4786-4c1c-9bf3-df863fc9e6e8"},"geometry":{"type":"Polygon","coordinates":[[[139.76493232677808,35.66739337541625],[139.7649652410258,35.6674220839315],[139.76494406334194,35.66743829663226],[139.76495467054147,35.667447523708844],[139.76487966434888,35.66750492563838],[139.76483606561754,35.66746695301382],[139.76493232677808,35.66739337541625]]]}},{"type":"Feature","properties":{"height":19.8,"gml_id":"bldg_d633a944-209f-4a91-862a-dc8faf532f9f"},"geometry":{"type":"Polygon","coordinates":[[[139.7687757131729,35.669623592620255],[139.7688642491708,35.6695536033419],[139.76890834798562,35.66959161983262],[139.7688243941454,35.66966409037461],[139.7687757131729,35.669623592620255]]]}},{"type":"Feature","properties":{"height":19.7,"gml_id":"bldg_ccd0cb50-f9fe-456d-809c-c4daa935514b"},"geometry":{"type":"Polygon","coordinates":[[[139.7627550447028,35.67172437982911],[139.76281747272907,35.67178199611389],[139.76273187460905,35.67184374408941],[139.76266944659636,35.67178612776083],[139.7627550447028,35.67172437982911]]]}},{"type":"Feature","properties":{"height":21.0,"gml_id":"bldg_d6efad80-3344-42b3-b1e2-6c0073236a5d"},"geometry":{"type":"Polygon","coordinates":[[[139.77336915839794,35.669328289111036],[139.77329724540235,35.66922872362053],[139.77335118084028,35.66920278192969],[139.77342309387967,35.669302347388445],[139.77336915839794,35.669328289111036]]]}},{"type":"Feature","properties":{"height":21.8,"gml_id":"bldg_3949bfc2-50e8-467c-9674-336b048f186f"},"geometry":{"type":"Polygon","coordinates":[[[139.77467897818988,35.670741737837055],[139.77453466317294,35.670780038912284],[139.77449761655606,35.670685998572566],[139.77464208590447,35.67064792295961],[139.77467897818988,35.670741737837055]]]}},{"type":"Feature","properties":{"height":11.2,"gml_id":"bldg_cde7930b-d0ee-4cf2-8ea5-7d82b189d7a1"},"geometry":{"type":"Polygon","coordinates":[[[139.77008036162206,35.667581997899894],[139.77015291161783,35.66752506015539],[139.7702078612431,35.667571689994354],[139.77013531124405,35.66762862777151],[139.77008036162206,35.667581997899894]]]}},{"type":"Feature","properties":{"height":18.0,"gml_id":"bldg_3a3e60b4-71c5-4f9c-97ac-3e2fb78ae6e4"},"geometry":{"type":"Polygon","coordinates":[[[139.77031047148475,35.67242758613418],[139.770244713436,35.67246712197183],[139.77020332431022,35.67242212176775],[139.77032135738227,35.672350884990784],[139.77038857242997,35.672425193279906],[139.77033662904776,35.672456533894625],[139.77031047148475,35.67242758613418]]]}},{"type":"Feature","properties":{"height":9.5,"gml_id":"bldg_0babd5c6-6191-4d32-8768-b5f141909feb"},"geometry":{"type":"Polygon","coordinates":[[[139.7746036943877,35.67124372996638],[139.77452878633085,35.671262261694864],[139.77449957130054,35.67118337727081],[139.77457447929038,35.67116484556019],[139.7746036943877,35.67124372996638]]]}},{"type":"Feature","properties":{"height":28.4,"gml_id":"bldg_b0a89c13-5402-435d-9210-9c8453fb1e84"},"geometry":{"type":"Polygon","coordinates":[[[139.76784833316395,35.67266639802827],[139.7678840866018,35.67271229734915],[139.76779048391248,35.67275893755161],[139.76767282214655,35.67264309209583],[139.76769631714356,35.672630900316115],[139.76766449277852,35.67258945496273],[139.76784162345612,35.67249603489392],[139.76793494401244,35.672605259905986],[139.76790584614082,35.67262027899904],[139.76791403463193,35.672630161594114],[139.76784833316395,35.67266639802827]]]}},{"type":"Feature","properties":{"height":10.9,"gml_id":"bldg_db96e5f7-6c9c-4ba4-bb17-63711970c36c"},"geometry":{"type":"Polygon","coordinates":[[[139.77487560061263,35.67298657692483],[139.77478136809412,35.672993201298496],[139.77475589762818,35.6729285595706],[139.7748705860173,35.67289490486405],[139.77487560061263,35.67298657692483]]]}},{"type":"Feature","properties":{"height":38.1,"gml_id":"bldg_abf310f0-93d7-45c7-8fd6-b6b51d3cdf03"},"geometry":{"type":"Polygon","coordinates":[[[139.7659660545933,35.67191365063689],[139.76587585452899,35.67182842038667],[139.76601991933447,35.671726907253245],[139.76601574709431,35.67172295690679],[139.76602347313522,35.671717507918906],[139.76600234700734,35.67169753970809],[139.76601280312886,35.6716901723228],[139.765926466453,35.67160858581457],[139.76601493442544,35.67154625127617],[139.76603729673968,35.671567382947444],[139.76619538704105,35.67145598937423],[139.76637398589926,35.67162733168168],[139.7659660545933,35.67191365063689]]]}},{"type":"Feature","properties":{"height":6.9,"gml_id":"bldg_7b89ad04-525a-41e4-a0be-61c1890be0f3"},"geometry":{"type":"Polygon","coordinates":[[[139.76348826333515,35.6713823757405],[139.76338425322592,35.67145514630957],[139.76332575553232,35.67139985814313],[139.76335388627362,35.671379638669265],[139.76334290427914,35.671369131289865],[139.76338258497023,35.67134148219409],[139.76338909711006,35.67134748010809],[139.7634249093775,35.67132230842852],[139.7634583519604,35.67135441582077],[139.76348826333515,35.6713823757405]]]}},{"type":"Feature","properties":{"height":12.6,"gml_id":"bldg_8d185899-1669-4d2c-a6db-f2e740e72328"},"geometry":{"type":"Polygon","coordinates":[[[139.7722540076607,35.66893810993779],[139.77233955572032,35.66901558128462],[139.77228661533044,35.66905458392941],[139.77220106727978,35.66897711344687],[139.7722540076607,35.66893810993779]]]}},{"type":"Feature","properties":{"height":9.5,"gml_id":"bldg_858c63f7-a13b-4e8d-a760-9a1f2e5a758e"},"geometry":{"type":"Polygon","coordinates":[[[139.76402860930673,35.67092199615069],[139.7639485876858,35.67084767691774],[139.7639737447298,35.67082963690652],[139.76398991461326,35.67084464506918],[139.76401814440058,35.6708244354102],[139.76408188570917,35.670883718443164],[139.76402860930673,35.67092199615069]]]}},{"type":"Feature","properties":{"height":11.0,"gml_id":"bldg_ecaa9569-b2d0-4b61-84aa-ca2dabf729be"},"geometry":{"type":"Polygon","coordinates":[[[139.76906499355863,35.67074911193351],[139.7689560180492,35.67082242459841],[139.7689307419636,35.67079753408298],[139.769039827926,35.67072422059823],[139.76906499355863,35.67074911193351]]]}},{"type":"Feature","properties":{"height":21.3,"gml_id":"bldg_03d5d1ac-3273-4d84-9012-d6c5f218c5ba"},"geometry":{"type":"Polygon","coordinates":[[[139.77002110449087,35.667325120317514],[139.77009621565023,35.667381856193344],[139.77007975699732,35.6673962875561],[139.77009662495652,35.66740909592234],[139.77007901663376,35.66742466241207],[139.76998705960247,35.66735511815821],[139.77002110449087,35.667325120317514]]]}},{"type":"Feature","properties":{"height":22.8,"gml_id":"bldg_7537f1be-5c82-444b-aa3c-9a576f9edbaa"},"geometry":{"type":"Polygon","coordinates":[[[139.76623011380548,35.67280594098411],[139.76619810495987,35.672774555364846],[139.7663423447857,35.67267665556393],[139.76637435372334,35.67270795190948],[139.76623011380548,35.67280594098411]]]}},{"type":"Feature","properties":{"height":28.8,"gml_id":"bldg_e00b61de-512a-4003-9038-36064425fcb8"},"geometry":{"type":"Polygon","coordinates":[[[139.76459781402434,35.67003519088148],[139.7648118450209,35.67021666917156],[139.76468308084188,35.67030484027199],[139.76448662190688,35.67011345669774],[139.76459781402434,35.67003519088148]]]}},{"type":"Feature","properties":{"height":15.6,"gml_id":"bldg_7f9d9c6b-42f6-440a-92b1-b9c9621ac696"},"geometry":{"type":"Polygon","coordinates":[[[139.7684140081065,35.672050246351475],[139.76837830113254,35.67206969675202],[139.76833286132,35.67202207973572],[139.76837008650858,35.67199663603695],[139.7684140081065,35.672050246351475]]]}},{"type":"Feature","properties":{"height":40.2,"gml_id":"bldg_41d9a3e5-cf6b-4206-b791-e26c67eb3abf"},"geometry":{"type":"Polygon","coordinates":[[[139.769647168341,35.66764662340922],[139.76974430847324,35.667726897003206],[139.76971988139204,35.667746624184886],[139.7698045479867,35.66781661457778],[139.76983958584228,35.66778842096338],[139.76994269833614,35.6678735559486],[139.76976360700309,35.66801778858329],[139.76948070806182,35.667783813566174],[139.769647168341,35.66764662340922]]]}},{"type":"Feature","properties":{"height":14.8,"gml_id":"bldg_8eafffa9-b0f8-4fef-91a3-db875d0e5739"},"geometry":{"type":"Polygon","coordinates":[[[139.7700006220136,35.6715808540048],[139.76997666979597,35.67155740570367],[139.77007050446753,35.6714933674119],[139.7700944567646,35.67151672555734],[139.7700006220136,35.6715808540048]]]}},{"type":"Feature","properties":{"height":25.2,"gml_id":"bldg_25845b3e-7b23-4c22-b846-cef5af9c36cf"},"geometry":{"type":"Polygon","coordinates":[[[139.76487972971174,35.67206028625695],[139.76487311466528,35.67204523858077],[139.76484494678,35.67201859600401],[139.7649691838924,35.67193111624406],[139.76501037614963,35.671970060910965],[139.7650118572607,35.67196902517239],[139.76511763058622,35.672069038394504],[139.76511442517932,35.67207129902475],[139.7652025054324,35.672154581676544],[139.7650746648994,35.672244602404426],[139.76487972971174,35.67206028625695]]]}},{"type":"Feature","properties":{"height":42.3,"gml_id":"bldg_f1097aed-9fe9-4aca-96cc-60b3bd879aba"},"geometry":{"type":"Polygon","coordinates":[[[139.7686777301307,35.67031300141315],[139.76872115135654,35.67035610044787],[139.76869446020726,35.67037400542348],[139.76871162341232,35.67039104157671],[139.76869301145533,35.67040350659292],[139.7687175145397,35.67042785682239],[139.76863230173086,35.67048495813025],[139.76847954389552,35.670333355106564],[139.76862664914617,35.67023473387178],[139.76869430844064,35.67030192342232],[139.7686777301307,35.67031300141315]]]}},{"type":"Feature","properties":{"height":13.4,"gml_id":"bldg_edffc258-e752-468c-b38c-3bf830880f26"},"geometry":{"type":"Polygon","coordinates":[[[139.77167183020094,35.66953447738934],[139.77162537517415,35.66957095921502],[139.77156315970333,35.669518214998575],[139.77160961473473,35.669481724182845],[139.77167183020094,35.66953447738934]]]}},{"type":"Feature","properties":{"height":38.0,"gml_id":"bldg_a3f05933-b448-4ac7-bb1f-8241917ec5ea"},"geometry":{"type":"Polygon","coordinates":[[[139.76430166868607,35.666823337413774],[139.76421135912216,35.666899451692345],[139.76408034492476,35.66691244633636],[139.76382254453333,35.66677555939681],[139.76397939830295,35.66664332816458],[139.76413867984678,35.66676916144056],[139.7641844425551,35.66673060892979],[139.76430166868607,35.666823337413774]]]}},{"type":"Feature","properties":{"height":28.6,"gml_id":"bldg_1d327205-1f8f-4151-a43c-161dbb244a5f"},"geometry":{"type":"Polygon","coordinates":[[[139.77188708998003,35.671850431617514],[139.77174174051328,35.6718793004466],[139.77172576269,35.67182782387054],[139.77184499431328,35.67180407955266],[139.77185324686644,35.671831782961135],[139.77187993918545,35.67182647758436],[139.77188708998003,35.671850431617514]]]}},{"type":"Feature","properties":{"height":26.8,"gml_id":"bldg_ca2071cb-9d6d-4640-b142-5dc432c8d647"},"geometry":{"type":"Polygon","coordinates":[[[139.77110957556644,35.671862029614374],[139.77105070871707,35.67190498566112],[139.7710259924322,35.67188341203055],[139.77100300273733,35.671900183698554],[139.77091850202183,35.67182308244571],[139.77100570313013,35.6717657993858],[139.77110957556644,35.671862029614374]]]}},{"type":"Feature","properties":{"height":22.5,"gml_id":"bldg_6cc2e2e4-208a-4ac7-9280-81e225857e8f"},"geometry":{"type":"Polygon","coordinates":[[[139.76256862721897,35.66854273824702],[139.76247950771284,35.66860559269815],[139.762441452808,35.66856966859362],[139.76253057230392,35.66850681417024],[139.76256862721897,35.66854273824702]]]}},{"type":"Feature","properties":{"height":29.5,"gml_id":"bldg_3f08e910-e8e2-49ad-bd6a-3e7a813ca087"},"geometry":{"type":"Polygon","coordinates":[[[139.76383310561621,35.67166758943822],[139.76386003665309,35.6716932941114],[139.7638104081369,35.67172787819205],[139.76374595035247,35.67166627717928],[139.76381547446633,35.671617822566475],[139.76385300122595,35.67165371977513],[139.76383310561621,35.67166758943822]]]}},{"type":"Feature","properties":{"height":15.6,"gml_id":"bldg_53850d11-1af7-462e-ac47-df12e27da136"},"geometry":{"type":"Polygon","coordinates":[[[139.7701383913747,35.66763074761617],[139.7702095710398,35.667574629368936],[139.77023584283515,35.66759672679362],[139.77016455263896,35.66765293513558],[139.7701383913747,35.66763074761617]]]}},{"type":"Feature","properties":{"height":14.1,"gml_id":"bldg_02aaa18a-3e3d-4549-bac0-8bf8fb777b8b"},"geometry":{"type":"Polygon","coordinates":[[[139.77373883893932,35.67441054924802],[139.77372338290627,35.67424919588262],[139.77391769877025,35.67424550615982],[139.77393227786052,35.674398205890036],[139.77373883893932,35.67441054924802]]]}},{"type":"Feature","properties":{"height":36.9,"gml_id":"bldg_e274566c-402c-4e2f-8b4d-33d44e5b9e0b"},"geometry":{"type":"Polygon","coordinates":[[[139.76861527930043,35.6707724870442],[139.76858099672464,35.67079341742831],[139.76860431685444,35.670819109187846],[139.76855323689935,35.67084999881933],[139.76853610741986,35.6708307903535],[139.76850064272614,35.6708518633967],[139.76845331900833,35.670798810121724],[139.7685728988881,35.670726133675295],[139.76861527930043,35.6707724870442]]]}},{"type":"Feature","properties":{"height":41.6,"gml_id":"bldg_2ed85b02-05b5-4412-8501-2cfec5f126ac"},"geometry":{"type":"Polygon","coordinates":[[[139.77232048400506,35.66983663268496],[139.77242212231923,35.66996440874723],[139.7721162397487,35.67012632055508],[139.77201460178645,35.66999845410108],[139.77232048400506,35.66983663268496]]]}},{"type":"Feature","properties":{"height":46.4,"gml_id":"bldg_2e74e28e-3ab7-4d00-9c07-8205c4930701"},"geometry":{"type":"Polygon","coordinates":[[[139.76635266465647,35.67473638909898],[139.7662217940347,35.67482690417251],[139.76612787222973,35.67472301366318],[139.76625056337224,35.67463817278085],[139.76635266465647,35.67473638909898]]]}},{"type":"Feature","properties":{"height":37.4,"gml_id":"bldg_223d9cac-fb2d-4331-8740-64effb8c60dd"},"geometry":{"type":"Polygon","coordinates":[[[139.77162606002813,35.66919779096272],[139.77162745400037,35.66919497939185],[139.77162744663772,35.66919019309497],[139.77162596940866,35.66918636240211],[139.771622834407,35.669183646760004],[139.77161799776547,35.669181634218376],[139.7716131377623,35.66918127117803],[139.7716061225984,35.669182430353885],[139.7716012824736,35.66918494270461],[139.7715778397214,35.669203093359485],[139.7716030967343,35.669224477874856],[139.77148026924604,35.66931800354951],[139.7714652559233,35.66930582819654],[139.77148438279713,35.66928366423537],[139.77139143676234,35.66920312380962],[139.7715665217631,35.669054126573855],[139.77169059995506,35.669157848105904],[139.77163188870384,35.66920255320141],[139.77162606002813,35.66919779096272]]]}},{"type":"Feature","properties":{"height":23.0,"gml_id":"bldg_50a25e53-1d2d-4f1f-83a1-17c5f57fc7cb"},"geometry":{"type":"Polygon","coordinates":[[[139.76924046834097,35.669431217395974],[139.7692707694474,35.66945690463535],[139.76914697457306,35.66955454758793],[139.76911667346948,35.66952886031782],[139.76924046834097,35.669431217395974]]]}},{"type":"Feature","properties":{"height":11.9,"gml_id":"bldg_62799b89-5f3f-472a-bc97-0a89edba4af4"},"geometry":{"type":"Polygon","coordinates":[[[139.76591695332425,35.673056167439746],[139.76579503956796,35.67313857473495],[139.76576567990085,35.673109624195085],[139.7658875936432,35.67302721692921],[139.76591695332425,35.673056167439746]]]}},{"type":"Feature","properties":{"height":23.7,"gml_id":"bldg_ce64b203-b655-4b0d-b37f-3bb79619fbb3"},"geometry":{"type":"Polygon","coordinates":[[[139.76345775291864,35.668239269250535],[139.76341393000678,35.668205352166815],[139.76349329940436,35.66813716424688],[139.76353701185312,35.66817108123806],[139.76345775291864,35.668239269250535]]]}},{"type":"Feature","properties":{"height":36.5,"gml_id":"bldg_d821e689-c372-4dca-9b9f-bc8e92ad947c"},"geometry":{"type":"Polygon","coordinates":[[[139.76529770057098,35.67211983258979],[139.7651855556687,35.672016833277375],[139.76530250026104,35.671931088695736],[139.76541519705927,35.672034629937194],[139.76529770057098,35.67211983258979]]]}},{"type":"Feature","properties":{"height":20.1,"gml_id":"bldg_54435068-c4fb-4315-b86e-8951fadadb36"},"geometry":{"type":"Polygon","coordinates":[[[139.77333788915777,35.67342897242229],[139.7733158720425,35.673430411758844],[139.77332265838038,35.67349928903959],[139.7732478244691,35.67350411913307],[139.77323401183938,35.67336245158284],[139.77333078544862,35.67335610100032],[139.77333788915777,35.67342897242229]]]}},{"type":"Feature","properties":{"height":51.1,"gml_id":"bldg_39389f40-ced1-4702-83b2-aa06cf989d28"},"geometry":{"type":"Polygon","coordinates":[[[139.76545950409877,35.669412380002676],[139.76560290072538,35.669521977612334],[139.76551137099642,35.66960196804992],[139.76535859079314,35.669485694872904],[139.76545950409877,35.669412380002676]]]}},{"type":"Feature","properties":{"height":29.1,"gml_id":"bldg_4a5ca3e5-7d28-4b65-8acc-71e8a96d6c04"},"geometry":{"type":"Polygon","coordinates":[[[139.76925422404597,35.669772664957776],[139.7694057845197,35.66990254327973],[139.76932553937533,35.669964875686276],[139.76917397898617,35.66983490712739],[139.76925422404597,35.669772664957776]]]}},{"type":"Feature","properties":{"height":6.9,"gml_id":"bldg_254a0826-ee57-49f4-8ae2-e1c4672a7269"},"geometry":{"type":"Polygon","coordinates":[[[139.77381543997612,35.66988380161665],[139.77386284390843,35.669862552626334],[139.77388767002807,35.669900062017405],[139.77389318717687,35.66990808696399],[139.77384589382135,35.66992915574604],[139.77381543997612,35.66988380161665]]]}},{"type":"Feature","properties":{"height":36.7,"gml_id":"bldg_cfb08a12-efea-4e13-a3e1-6bed026fa45c"},"geometry":{"type":"Polygon","coordinates":[[[139.77477539719993,35.669068709586206],[139.77471768878218,35.66899820311423],[139.77474506128672,35.66898262267371],[139.77473126623454,35.66896547183662],[139.77479748227182,35.668927115446685],[139.774836285222,35.66903565877306],[139.77477539719993,35.669068709586206]]]}},{"type":"Feature","properties":{"height":31.6,"gml_id":"bldg_372b894d-cb7f-4a92-840b-de4634b431f0"},"geometry":{"type":"Polygon","coordinates":[[[139.77324258644998,35.668038612846296],[139.77327293689214,35.6680141917484],[139.773256554366,35.66800132097413],[139.77333152413615,35.66794092124996],[139.7735555078033,35.66812626493457],[139.77344609260274,35.66820697364559],[139.77324258644998,35.668038612846296]]]}},{"type":"Feature","properties":{"height":15.6,"gml_id":"bldg_eef6bcc6-a93d-4e65-a9db-b1e2b411f423"},"geometry":{"type":"Polygon","coordinates":[[[139.7684929260465,35.67195240877702],[139.76849924936073,35.67191924165413],[139.7685252206583,35.67190429284282],[139.76856164166665,35.67194433340292],[139.7685115774606,35.671973601085504],[139.7684929260465,35.67195240877702]]]}},{"type":"Feature","properties":{"height":7.9,"gml_id":"bldg_ba6b5535-ccc8-4680-a214-3f970fcd094d"},"geometry":{"type":"Polygon","coordinates":[[[139.76280551797322,35.67417062715777],[139.7627706885346,35.67415686081852],[139.7627408841632,35.67406922091069],[139.76286304155903,35.67404156624297],[139.76289967739234,35.674149310727955],[139.76280551797322,35.67417062715777]]]}},{"type":"Feature","properties":{"height":28.3,"gml_id":"bldg_6966fccf-2814-4b16-90c1-286deaf69014"},"geometry":{"type":"Polygon","coordinates":[[[139.76785650230573,35.67207778789493],[139.76789606046918,35.672063442414846],[139.76793439938484,35.672108314663724],[139.76784299362376,35.672171001446046],[139.7677860535057,35.672097778074075],[139.76784718013977,35.67206294622557],[139.76785650230573,35.67207778789493]]]}},{"type":"Feature","properties":{"height":9.0,"gml_id":"bldg_7230927f-fcef-4fbc-8cbc-6f7b781fe777"},"geometry":{"type":"Polygon","coordinates":[[[139.77331462923902,35.669261884802616],[139.77333886136714,35.66929546402603],[139.77322264753298,35.66935130925022],[139.77319841543672,35.66931773000376],[139.77331462923902,35.669261884802616]]]}},{"type":"Feature","properties":{"height":32.1,"gml_id":"bldg_cc946b17-8f51-454c-b886-54bda742b0e4"},"geometry":{"type":"Polygon","coordinates":[[[139.7671815756799,35.67104302126643],[139.76711137934936,35.67097222488797],[139.76721250396776,35.670910896946445],[139.76727916372306,35.67098385462232],[139.7671815756799,35.67104302126643]]]}},{"type":"Feature","properties":{"height":8.2,"gml_id":"bldg_e18aa929-839c-45b0-9780-7aacafa745db"},"geometry":{"type":"Polygon","coordinates":[[[139.77067990504662,35.672168048300556],[139.77072646218951,35.67221546670963],[139.77062411913332,35.672282367440054],[139.77054404048536,35.6722007974221],[139.77064902496411,35.672132175610095],[139.77068254651348,35.67216631903877],[139.77067990504662,35.672168048300556]]]}},{"type":"Feature","properties":{"height":8.4,"gml_id":"bldg_c609babd-e1d3-4f71-8315-e782ae46350c"},"geometry":{"type":"Polygon","coordinates":[[[139.77185541645224,35.67418840457459],[139.77189206012855,35.674231149246644],[139.77151768721606,35.674369228203126],[139.771483144855,35.67432495306538],[139.77185541645224,35.67418840457459]]]}},{"type":"Feature","properties":{"height":14.1,"gml_id":"bldg_f2dbd5f8-826b-4d61-88a7-712fd804ca77"},"geometry":{"type":"Polygon","coordinates":[[[139.7748571969712,35.67186580981569],[139.77489038197928,35.671954782435904],[139.77482364909886,35.671971425429554],[139.7747904642238,35.67188236265399],[139.7748571969712,35.67186580981569]]]}},{"type":"Feature","properties":{"height":35.9,"gml_id":"bldg_e0befaaa-d500-4bb2-86c6-abd2bac4a0c2"},"geometry":{"type":"Polygon","coordinates":[[[139.7687134980991,35.66888732643612],[139.76860595155537,35.66897207890577],[139.76858830093173,35.668957169712975],[139.76856886958677,35.668972473599005],[139.76854449651452,35.668951873117294],[139.7686714743995,35.6688518168025],[139.7687134980991,35.66888732643612]]]}},{"type":"Feature","properties":{"height":21.4,"gml_id":"bldg_dd708e29-aaba-4fce-87af-4ac807790511"},"geometry":{"type":"Polygon","coordinates":[[[139.768560661888,35.66932857479541],[139.76851402379828,35.669289294886184],[139.76861983574787,35.66920563223306],[139.76866647384816,35.669244903088135],[139.768560661888,35.66932857479541]]]}},{"type":"Feature","properties":{"height":4.3,"gml_id":"bldg_7327f58e-4513-42bf-8c3a-198140655440"},"geometry":{"type":"Polygon","coordinates":[[[139.76278821362672,35.667020347884986],[139.76274217663422,35.66699309941905],[139.76280111348305,35.66692174515345],[139.76280828983073,35.66692562526378],[139.76284891817613,35.66694854394499],[139.76278821362672,35.667020347884986]]]}},{"type":"Feature","properties":{"height":6.6,"gml_id":"bldg_e24e572b-e65a-4215-8095-771169c14003"},"geometry":{"type":"Polygon","coordinates":[[[139.77297798199817,35.67243949882766],[139.77296552166732,35.672409928448644],[139.77305424427374,35.672384823689185],[139.77306681509813,35.67241439501585],[139.77297798199817,35.67243949882766]]]}},{"type":"Feature","properties":{"height":42.4,"gml_id":"bldg_d4a42a7b-4b26-4cfb-b698-0ec0f676d6bb"},"geometry":{"type":"Polygon","coordinates":[[[139.76657367108317,35.66947961436247],[139.76633776585837,35.669695812952384],[139.7661983376603,35.669594420930615],[139.76644585093592,35.6693667816165],[139.76657367108317,35.66947961436247]]]}},{"type":"Feature","properties":{"height":4.0,"gml_id":"bldg_575e994c-330d-4433-8636-9e808c9fe0cf"},"geometry":{"type":"Polygon","coordinates":[[[139.77069327979228,35.66716608193197],[139.7707851648854,35.66724339455192],[139.77072954792143,35.66728738964547],[139.77063767388526,35.66721006707431],[139.77069327979228,35.66716608193197]]]}},{"type":"Feature","properties":{"height":21.1,"gml_id":"bldg_8ec7b96d-c964-4636-9d63-97259212542d"},"geometry":{"type":"Polygon","coordinates":[[[139.76858471932437,35.66716850901885],[139.76845799526745,35.667067217440774],[139.7685647586246,35.666978173213366],[139.76858336982897,35.666993037862134],[139.76861356726943,35.66696785168489],[139.76872177959194,35.667054198307696],[139.76858471932437,35.66716850901885]]]}},{"type":"Feature","properties":{"height":27.5,"gml_id":"bldg_8882749d-5f59-40a8-9465-a627b995ada0"},"geometry":{"type":"Polygon","coordinates":[[[139.7685021534159,35.669106517001666],[139.76861662394595,35.66920239457625],[139.76851353071666,35.66928435509434],[139.76839917058115,35.669188567619926],[139.7685021534159,35.669106517001666]]]}},{"type":"Feature","properties":{"height":31.1,"gml_id":"bldg_2d06cef8-4d9e-4341-90fa-b9a45ecf0495"},"geometry":{"type":"Polygon","coordinates":[[[139.77063965662416,35.674972603763884],[139.77038915355496,35.67506170895681],[139.77034767810844,35.67498416922551],[139.77059818098118,35.674895064117536],[139.77063965662416,35.674972603763884]]]}},{"type":"Feature","properties":{"height":12.6,"gml_id":"bldg_c5772b8d-8805-4db5-9292-ec227bacb318"},"geometry":{"type":"Polygon","coordinates":[[[139.771666891357,35.67197760193764],[139.77153826783666,35.672032700026904],[139.77147835656345,35.67194045880276],[139.77163438471348,35.67187302601094],[139.771666891357,35.67197760193764]]]}},{"type":"Feature","properties":{"height":25.8,"gml_id":"bldg_234b24fa-0b52-4db2-8498-518e31355cc9"},"geometry":{"type":"Polygon","coordinates":[[[139.77487022402772,35.67233092463418],[139.77490782417271,35.67242495608894],[139.7748310247352,35.6724453889806],[139.77479343566466,35.67235142961745],[139.77487022402772,35.67233092463418]]]}},{"type":"Feature","properties":{"height":38.5,"gml_id":"bldg_10da9143-2498-498a-a0a0-e18bd71ea080"},"geometry":{"type":"Polygon","coordinates":[[[139.7736530573166,35.673004996153345],[139.77361758880465,35.673016876690696],[139.77358670454822,35.672954756776676],[139.7735715669259,35.67295979695282],[139.7735609779698,35.67293860943336],[139.77365567090678,35.672907108350365],[139.773731558643,35.673059027273304],[139.77367709736225,35.67306089318614],[139.7736530573166,35.673004996153345]]]}},{"type":"Feature","properties":{"height":14.6,"gml_id":"bldg_c77b8077-5754-41d5-96b3-d63f3a2ee5b5"},"geometry":{"type":"Polygon","coordinates":[[[139.76745251123737,35.67484525075362],[139.76746191737675,35.67483886516813],[139.76753300203566,35.67490858013696],[139.76748833657348,35.67493901309935],[139.7674654873699,35.674917278424125],[139.7674564238164,35.67492349203508],[139.76743798952575,35.67490644600605],[139.76743279437977,35.67491022892764],[139.7674257294152,35.674904095727086],[139.76736416283663,35.67494714762085],[139.7673402098673,35.674924329768665],[139.76745251123737,35.67484525075362]]]}},{"type":"Feature","properties":{"height":7.3,"gml_id":"bldg_260e455f-87e7-4a3e-90be-d812e1441528"},"geometry":{"type":"Polygon","coordinates":[[[139.77030568192154,35.671353777907306],[139.770261085629,35.671314184275076],[139.77034177183782,35.6712536542364],[139.77038636813666,35.67129324783916],[139.77030568192154,35.671353777907306]]]}},{"type":"Feature","properties":{"height":30.6,"gml_id":"bldg_edf3ccf4-a405-41af-a290-303d3eb26e68"},"geometry":{"type":"Polygon","coordinates":[[[139.7718215737617,35.67170598017169],[139.77173408337853,35.67172366455301],[139.77171612314106,35.67166449914904],[139.77180361345737,35.67164682289288],[139.7718215737617,35.67170598017169]]]}},{"type":"Feature","properties":{"height":35.8,"gml_id":"bldg_5a6b0368-9425-43ec-b074-497192adf399"},"geometry":{"type":"Polygon","coordinates":[[[139.76504455630257,35.67072228156774],[139.76511267697083,35.67078944634441],[139.76508296734102,35.670809566185554],[139.76501475833243,35.670742375202366],[139.76504455630257,35.67072228156774]]]}},{"type":"Feature","properties":{"height":9.7,"gml_id":"bldg_9e81c016-fb54-4d62-b0dd-5aeb368d58d5"},"geometry":{"type":"Polygon","coordinates":[[[139.76803758990064,35.67005387081489],[139.7680730681233,35.67002946283119],[139.76814437093378,35.670098005825885],[139.76810999659133,35.670123315801554],[139.76803758990064,35.67005387081489]]]}},{"type":"Feature","properties":{"height":8.8,"gml_id":"bldg_128d4292-d349-4139-bdb5-06d0dff96b71"},"geometry":{"type":"Polygon","coordinates":[[[139.7707178745424,35.67227781021489],[139.7706890658771,35.672248680882525],[139.77072498556407,35.672224992553176],[139.7707537943036,35.67225403264116],[139.7707178745424,35.67227781021489]]]}},{"type":"Feature","properties":{"height":15.7,"gml_id":"bldg_4d3a9c93-fe68-48bb-ac11-e93b5ebd406b"},"geometry":{"type":"Polygon","coordinates":[[[139.7685626314799,35.671949742173574],[139.76859032952157,35.67198518102974],[139.76854026799577,35.6720111136453],[139.76851268043208,35.67197567483724],[139.7685626314799,35.671949742173574]]]}},{"type":"Feature","properties":{"height":36.8,"gml_id":"bldg_3c3d8164-8cde-4037-822c-d8d859657ba1"},"geometry":{"type":"Polygon","coordinates":[[[139.76902847469424,35.67244281844572],[139.76899557312635,35.672462756366244],[139.76899264425134,35.672464674725646],[139.76900819368103,35.67248356679692],[139.7689524503384,35.67251412058939],[139.76888965675897,35.67243783084628],[139.76898248857805,35.67238695292139],[139.76902847469424,35.67244281844572]]]}},{"type":"Feature","properties":{"height":12.7,"gml_id":"bldg_bded4f74-b219-4215-9381-b0d7747cc54b"},"geometry":{"type":"Polygon","coordinates":[[[139.769708969319,35.673702802560655],[139.76961138390863,35.673756743185805],[139.7695914084048,35.67373275609706],[139.7696889938001,35.6736788145865],[139.769708969319,35.673702802560655]]]}},{"type":"Feature","properties":{"height":29.1,"gml_id":"bldg_416eb820-bb99-44dd-8f6f-799470dcd872"},"geometry":{"type":"Polygon","coordinates":[[[139.77049998255677,35.66773816425024],[139.770479184988,35.667721703326656],[139.7704927914584,35.66771025396858],[139.7705801103402,35.66777943486605],[139.77052860249154,35.66782276408609],[139.7704591558157,35.66776774405152],[139.77048391494637,35.66774693524474],[139.77050188651052,35.66776117731368],[139.77050984480326,35.667754484259504],[139.7704947765009,35.66774255122344],[139.77049998255677,35.66773816425024]]]}},{"type":"Feature","properties":{"height":15.0,"gml_id":"bldg_108d267f-3997-48fe-821f-49329325ae80"},"geometry":{"type":"Polygon","coordinates":[[[139.77320447166485,35.67253948426823],[139.7731814235212,35.67248728326118],[139.77327434545285,35.672460018043815],[139.77329739371675,35.6725121288961],[139.77320447166485,35.67253948426823]]]}},{"type":"Feature","properties":{"height":3.7,"gml_id":"bldg_b59c53f8-a50b-4747-9755-c8ba82f34d48"},"geometry":{"type":"Polygon","coordinates":[[[139.76780583780808,35.674395289052725],[139.7678561088036,35.67443960985299],[139.76780389140043,35.67447902641477],[139.76775363146405,35.674434695683914],[139.76780583780808,35.674395289052725]]]}},{"type":"Feature","properties":{"height":11.4,"gml_id":"bldg_35da1577-dca3-4b28-8f4b-fcd41f19a62a"},"geometry":{"type":"Polygon","coordinates":[[[139.77297034181044,35.67261021503908],[139.77299509140803,35.67260319673469],[139.7729871518591,35.672584623571446],[139.7730107965871,35.67257787602333],[139.77303682084715,35.672638550557004],[139.77298842642523,35.672652408358196],[139.77297034181044,35.67261021503908]]]}},{"type":"Feature","properties":{"height":21.7,"gml_id":"bldg_090307da-2b32-46aa-9592-f7f8bcf06aca"},"geometry":{"type":"Polygon","coordinates":[[[139.77341388102553,35.669628063108995],[139.77334116287548,35.66952644211748],[139.77341586132408,35.669490965197035],[139.77350270367631,35.669612603652645],[139.77344755589647,35.669634578763564],[139.77341388102553,35.669628063108995]]]}},{"type":"Feature","properties":{"height":27.7,"gml_id":"bldg_bc6f7a4c-835f-4745-a263-9e28e78f4e6d"},"geometry":{"type":"Polygon","coordinates":[[[139.7676258527594,35.671725784245325],[139.76755391061695,35.671762070299934],[139.76753628769757,35.67173981478431],[139.7675191585984,35.67174846761827],[139.76750279443095,35.67172688881549],[139.76759241825582,35.67168159871545],[139.7676258527594,35.671725784245325]]]}},{"type":"Feature","properties":{"height":23.0,"gml_id":"bldg_ecab7d43-58ee-4403-bef0-dd959e8d839c"},"geometry":{"type":"Polygon","coordinates":[[[139.77250599828966,35.668898667196444],[139.77244477022805,35.66894199231766],[139.7723569063134,35.66885947218023],[139.77241780277262,35.668816417347365],[139.77250599828966,35.668898667196444]]]}},{"type":"Feature","properties":{"height":17.0,"gml_id":"bldg_6338cd5f-b83b-4c51-b257-9cc982fbc5f2"},"geometry":{"type":"Polygon","coordinates":[[[139.7733391198973,35.66930425344744],[139.77336438818608,35.66934077075781],[139.77325985580933,35.66938894213276],[139.77323458755365,35.6693524238994],[139.7733391198973,35.66930425344744]]]}},{"type":"Feature","properties":{"height":43.0,"gml_id":"bldg_1a2034b9-69df-4fa2-8730-93bd23db196b"},"geometry":{"type":"Polygon","coordinates":[[[139.7706914938181,35.67097918827409],[139.77067115805573,35.67099260815372],[139.7706464779288,35.67096766332522],[139.77055294525354,35.67087311462921],[139.77082758761568,35.67069217162771],[139.77104447718483,35.67091140784906],[139.7709019063119,35.67100534723788],[139.77086338491253,35.67096638793719],[139.7707516488802,35.671040062243655],[139.7706914938181,35.67097918827409]]]}},{"type":"Feature","properties":{"height":10.1,"gml_id":"bldg_45dbbf3e-de8a-403b-9d32-51081fb2c2b2"},"geometry":{"type":"Polygon","coordinates":[[[139.77372502394425,35.67337928182059],[139.77373368668609,35.67346554658851],[139.77370706283799,35.673467337054404],[139.77369851065902,35.67338098130072],[139.77372502394425,35.67337928182059]]]}},{"type":"Feature","properties":{"height":35.7,"gml_id":"bldg_679424ca-145c-4ae4-9265-d1c847f158a1"},"geometry":{"type":"Polygon","coordinates":[[[139.7709771223197,35.672722051209675],[139.77101200183668,35.672757672596944],[139.77093684689348,35.6728066692635],[139.77086940594268,35.67273767926786],[139.77097624736476,35.67266816668236],[139.7710087757441,35.672701462212444],[139.7709771223197,35.672722051209675]]]}},{"type":"Feature","properties":{"height":6.6,"gml_id":"bldg_5f33a3c5-8447-4409-aae2-f993715cbbc1"},"geometry":{"type":"Polygon","coordinates":[[[139.77268708888764,35.66737778067343],[139.77262032987952,35.66743336179262],[139.77261757012278,35.66743110696681],[139.7725306918309,35.667361746588426],[139.77259888877907,35.66730355316101],[139.77268708888764,35.66737778067343]]]}},{"type":"Feature","properties":{"height":16.4,"gml_id":"bldg_1de1ac5b-b40c-4ad1-a781-199c96de12fe"},"geometry":{"type":"Polygon","coordinates":[[[139.77256062770124,35.668671278237554],[139.7725187873405,35.66863952876481],[139.77261870975278,35.66855187644183],[139.77266055010816,35.66858362497896],[139.77256062770124,35.668671278237554]]]}},{"type":"Feature","properties":{"height":43.3,"gml_id":"bldg_e5daa800-9fc7-461f-87b1-c14f74e3eccc"},"geometry":{"type":"Polygon","coordinates":[[[139.76821522204065,35.667186518424394],[139.76822992563848,35.667170931707496],[139.76801145430352,35.6670169488926],[139.7681369134701,35.66690704928242],[139.76840802482536,35.667120821346295],[139.76827129537176,35.66723513187752],[139.76821522204065,35.667186518424394]]]}},{"type":"Feature","properties":{"height":14.7,"gml_id":"bldg_d5fda7fd-339c-4a40-9d7e-cca6c3c3d217"},"geometry":{"type":"Polygon","coordinates":[[[139.77373825047832,35.672527310689475],[139.7738218908236,35.67250319526097],[139.7738421815621,35.67255025695723],[139.77375843077513,35.67257428220765],[139.77373825047832,35.672527310689475]]]}},{"type":"Feature","properties":{"height":33.7,"gml_id":"bldg_4d87e8b2-1448-4b23-8c5f-2b9b2b06e073"},"geometry":{"type":"Polygon","coordinates":[[[139.77229609673014,35.6716903655911],[139.77231869416997,35.671753132441104],[139.77224533230134,35.671770761256],[139.77222273496758,35.67170792408541],[139.77229609673014,35.6716903655911]]]}},{"type":"Feature","properties":{"height":44.2,"gml_id":"bldg_e7e74e14-bae0-4d9b-b912-be49c5b8d77b"},"geometry":{"type":"Polygon","coordinates":[[[139.76262687349848,35.66767763410415],[139.7626061874264,35.667661847917195],[139.76264022391072,35.6676321315872],[139.76277574325874,35.66773549857428],[139.7627700060301,35.66774050775121],[139.762875600314,35.66782105323345],[139.7628191897353,35.66787029830918],[139.76259877321144,35.66770216200514],[139.76262687349848,35.66767763410415]]]}},{"type":"Feature","properties":{"height":41.5,"gml_id":"bldg_2cd25058-bef4-470e-9c5f-597bb88dbef4"},"geometry":{"type":"Polygon","coordinates":[[[139.76929899778946,35.67373755759439],[139.76916007204707,35.673823024809025],[139.76873028662084,35.67335831758302],[139.76886921201387,35.6732728517587],[139.76929899778946,35.67373755759439]]]}},{"type":"Feature","properties":{"height":33.8,"gml_id":"bldg_e3f4608e-51d4-4f26-bcf0-46472c8c4a73"},"geometry":{"type":"Polygon","coordinates":[[[139.7658790990221,35.669731432448515],[139.76584107114826,35.669765932837784],[139.7658093422184,35.669797282841905],[139.76560180850092,35.66963807388854],[139.76563132387972,35.66961186142334],[139.76568129081198,35.669566459387134],[139.76564773130625,35.66954183303459],[139.7657594932521,35.669440491298566],[139.76595036314595,35.66958058244731],[139.7658265516737,35.669692912555774],[139.7658790990221,35.669731432448515]]]}},{"type":"Feature","properties":{"height":14.3,"gml_id":"bldg_c0175f38-5795-49d3-8107-fad79d922f1c"},"geometry":{"type":"Polygon","coordinates":[[[139.77079337451852,35.67291890589529],[139.77086269446423,35.672986634984305],[139.77082390973462,35.67300085744891],[139.77076231709003,35.67293998188615],[139.77079337451852,35.67291890589529]]]}},{"type":"Feature","properties":{"height":33.0,"gml_id":"bldg_f47108bf-78b6-4e2f-bfe6-224684e72f20"},"geometry":{"type":"Polygon","coordinates":[[[139.76714303444606,35.669156966583074],[139.76718923601902,35.66912192944473],[139.76727389739648,35.66919732983835],[139.76723034487347,35.66923480307265],[139.76714303444606,35.669156966583074]]]}},{"type":"Feature","properties":{"height":26.4,"gml_id":"bldg_f163dd4e-fdc3-4052-8197-ae1b00231a39"},"geometry":{"type":"Polygon","coordinates":[[[139.77241581606006,35.66881434318321],[139.77246687908638,35.66877443815748],[139.7725615930057,35.668855068788744],[139.77251019838835,35.668895244098664],[139.77241581606006,35.66881434318321]]]}},{"type":"Feature","properties":{"height":44.7,"gml_id":"bldg_2ba7cb0d-a0a4-4bda-bff8-16445415fb07"},"geometry":{"type":"Polygon","coordinates":[[[139.76559571491137,35.6705748677262],[139.76549063285412,35.670481967124246],[139.76566284329763,35.67035226627949],[139.76576792538492,35.67044516673319],[139.76559571491137,35.6705748677262]]]}},{"type":"Feature","properties":{"height":29.7,"gml_id":"bldg_0d089d97-e923-4fd1-ac73-e526a678e3b4"},"geometry":{"type":"Polygon","coordinates":[[[139.77204198885573,35.66986380286468],[139.77194175949936,35.6699165722848],[139.77188702329138,35.66984749916603],[139.7719872526663,35.669794639653524],[139.77204198885573,35.66986380286468]]]}},{"type":"Feature","properties":{"height":28.2,"gml_id":"bldg_6d0d7d3d-7c52-457a-901c-44e8f7125f48"},"geometry":{"type":"Polygon","coordinates":[[[139.7736378314511,35.66808421162503],[139.7734519368034,35.66792475556221],[139.7735332708563,35.66786160157419],[139.77354471892664,35.66787037762474],[139.7735820650349,35.667840912228826],[139.77375819040176,35.66799188043261],[139.7736378314511,35.66808421162503]]]}},{"type":"Feature","properties":{"height":57.4,"gml_id":"bldg_3bd514bd-fd02-4a92-81b0-a856523755f7"},"geometry":{"type":"Polygon","coordinates":[[[139.77429478009094,35.66829145484088],[139.7743443459763,35.668257893951186],[139.7743620840227,35.66827533520513],[139.77442820496756,35.66823056028554],[139.77453003056124,35.6683307075938],[139.77418708043604,35.668562904729505],[139.77400923651393,35.668387977809516],[139.77421335780193,35.668249780445585],[139.77423479353968,35.66827085606934],[139.77425791325177,35.66825519342807],[139.77429478009094,35.66829145484088]]]}},{"type":"Feature","properties":{"height":27.0,"gml_id":"bldg_2c5d21e5-ee13-48df-a613-1f7d4a8b9d23"},"geometry":{"type":"Polygon","coordinates":[[[139.76596369860914,35.67250887998075],[139.76599636929313,35.672541167406656],[139.76585511406373,35.672636453585014],[139.7658224433979,35.67260416612134],[139.76596369860914,35.67250887998075]]]}},{"type":"Feature","properties":{"height":26.4,"gml_id":"bldg_7346d8c2-eb7d-4b7e-b33d-2633f8da42d7"},"geometry":{"type":"Polygon","coordinates":[[[139.76518889009554,35.673162390008514],[139.76517592083087,35.673149988791515],[139.7652095004543,35.67312654505952],[139.76519615532325,35.67311447713993],[139.76530785863247,35.67303671576703],[139.76533379717014,35.67306151817167],[139.76518889009554,35.673162390008514]]]}},{"type":"Feature","properties":{"height":33.3,"gml_id":"bldg_70908559-b9d2-49c9-bbd9-c12697d2342f"},"geometry":{"type":"Polygon","coordinates":[[[139.76754898830208,35.67479915322543],[139.76768725008912,35.67470575634566],[139.7677565805859,35.6747741181688],[139.76761830660996,35.67486751512045],[139.76754898830208,35.67479915322543]]]}},{"type":"Feature","properties":{"height":3.8,"gml_id":"bldg_3826318b-233a-44f5-a264-da9c4007a137"},"geometry":{"type":"Polygon","coordinates":[[[139.77451619305492,35.66781447513258],[139.7745094455315,35.66779733672276],[139.77455867556708,35.6677844080217],[139.7745915754217,35.66786784621018],[139.77454065499808,35.66788120675854],[139.77452515327894,35.66784188126893],[139.77451118855268,35.66784555205277],[139.77450054903792,35.66781857775433],[139.77451619305492,35.66781447513258]]]}},{"type":"Feature","properties":{"height":11.0,"gml_id":"bldg_076ec178-3b55-4e83-96b5-a4767db58a5d"},"geometry":{"type":"Polygon","coordinates":[[[139.77254353146083,35.672382457723536],[139.77255384922722,35.672367491126636],[139.77261704671884,35.672337976003334],[139.77266753542418,35.67244676111663],[139.77260589231554,35.67246580309578],[139.77258401168427,35.672418659265226],[139.77257235484646,35.67242226788923],[139.77257660083757,35.67243140995384],[139.77256601576485,35.67243468561002],[139.77259066454545,35.67248780694303],[139.77249247081198,35.67251814265075],[139.7724753545408,35.672481276860076],[139.77254353146083,35.672382457723536]]]}},{"type":"Feature","properties":{"height":5.0,"gml_id":"bldg_78b2f8d5-29bd-4284-ac2e-c4aec5b0b204"},"geometry":{"type":"Polygon","coordinates":[[[139.7685303468529,35.6674616605902],[139.7685142867115,35.6674746587689],[139.76846190897788,35.66743154489994],[139.76847796911912,35.667418546728115],[139.7685303468529,35.6674616605902]]]}},{"type":"Feature","properties":{"height":6.1,"gml_id":"bldg_e52ba793-cd50-4b39-8b51-2e7e50d93f07"},"geometry":{"type":"Polygon","coordinates":[[[139.7670587973576,35.67418099256165],[139.76709732053288,35.67421743011733],[139.76706736630942,35.674238505756705],[139.76702884306238,35.67420215923017],[139.7670587973576,35.67418099256165]]]}},{"type":"Feature","properties":{"height":14.8,"gml_id":"bldg_c7e3c5d8-b616-4607-9170-a6d11fe18916"},"geometry":{"type":"Polygon","coordinates":[[[139.77280442622668,35.67275137689058],[139.77283177631722,35.67281160234814],[139.77260504813418,35.672880262966096],[139.7725776981914,35.672820036556494],[139.77280442622668,35.67275137689058]]]}},{"type":"Feature","properties":{"height":29.6,"gml_id":"bldg_c4ccc049-1871-4de8-80ef-36e0c94d99be"},"geometry":{"type":"Polygon","coordinates":[[[139.76860745546378,35.67256871206749],[139.76858453598138,35.67253871106714],[139.76857098729903,35.67254564435249],[139.7685646880681,35.67254897604419],[139.76854294937192,35.67252048096381],[139.76871479423508,35.672432509169596],[139.7687598168548,35.67249121270239],[139.76860745546378,35.67256871206749]]]}},{"type":"Feature","properties":{"height":32.1,"gml_id":"bldg_c99c8a8c-91ac-442e-a4ea-a19dbe6b8b6b"},"geometry":{"type":"Polygon","coordinates":[[[139.76809918968294,35.67200141107664],[139.76800148752767,35.67206427394244],[139.76788837675508,35.67192242744277],[139.7679892803901,35.6718619090732],[139.76809918968294,35.67200141107664]]]}},{"type":"Feature","properties":{"height":25.2,"gml_id":"bldg_6f73a046-bce8-4422-a96d-fab902205280"},"geometry":{"type":"Polygon","coordinates":[[[139.76842490965564,35.671642570211496],[139.76830400577154,35.671711460017185],[139.7682004884315,35.67159043979999],[139.7683213922217,35.67152155009675],[139.76842490965564,35.671642570211496]]]}},{"type":"Feature","properties":{"height":51.9,"gml_id":"bldg_bf803d4c-5532-47f9-b58a-59659f8cda84"},"geometry":{"type":"Polygon","coordinates":[[[139.76722316089518,35.66923966744661],[139.76716645743647,35.669284433660074],[139.76704594166614,35.66928770155768],[139.76695432412868,35.66920896208889],[139.7670581243491,35.669128760972804],[139.7670932477681,35.66915930981796],[139.76711270118935,35.66914442081462],[139.76722316089518,35.66923966744661]]]}},{"type":"Feature","properties":{"height":39.0,"gml_id":"bldg_723e6f24-a3bd-44c4-aeba-84b7228f112a"},"geometry":{"type":"Polygon","coordinates":[[[139.76905423307946,35.67411257941427],[139.76899562398654,35.67405116462976],[139.7690568652777,35.67401231211785],[139.7690419646606,35.67399671041443],[139.76904913766222,35.67399215329818],[139.76906403827985,35.674007755000744],[139.76909443231844,35.67398848184364],[139.76925226876423,35.67415387770457],[139.76913378703915,35.674229079211024],[139.76918091729362,35.674278499554525],[139.7691196868841,35.674317379174695],[139.7691319826962,35.674330275360816],[139.7690914755393,35.674355996959335],[139.76907916869024,35.67434309174953],[139.76907282458754,35.67434712741488],[139.76892646722618,35.67419363468309],[139.76905423307946,35.67411257941427]]]}},{"type":"Feature","properties":{"height":27.7,"gml_id":"bldg_17f066dd-79c0-4333-8e0b-6deea5788981"},"geometry":{"type":"Polygon","coordinates":[[[139.770882607192,35.66756055832034],[139.77079440581326,35.667489844846045],[139.77082351946657,35.66746566709212],[139.77083732921255,35.66747673411565],[139.77086738132445,35.667453097662346],[139.77094096711383,35.66751209466715],[139.770882607192,35.66756055832034]]]}},{"type":"Feature","properties":{"height":21.6,"gml_id":"bldg_9b3b7ecf-f75c-41a0-a624-7e174e6b9995"},"geometry":{"type":"Polygon","coordinates":[[[139.77284310775354,35.67316611800429],[139.7728094733378,35.673089484407576],[139.77282781482734,35.6730840853882],[139.77281899262812,35.67306406957519],[139.7728928003421,35.67304256473541],[139.77293514651643,35.67313930329495],[139.77284310775354,35.67316611800429]]]}},{"type":"Feature","properties":{"height":30.7,"gml_id":"bldg_6f03dc64-35db-4ebd-a6b6-8d861834ad78"},"geometry":{"type":"Polygon","coordinates":[[[139.7720812808931,35.668171043433894],[139.77209841285938,35.668156990718664],[139.772192135048,35.668233024138516],[139.77220473527836,35.668222754876396],[139.77231049041322,35.6683084390088],[139.7722082510592,35.66839248531046],[139.77196362375918,35.668194148829905],[139.7720361308504,35.66813451482721],[139.7720812808931,35.668171043433894]]]}},{"type":"Feature","properties":{"height":57.6,"gml_id":"bldg_afdfeb77-da6f-493b-9fbe-8bc8e673b3d2"},"geometry":{"type":"Polygon","coordinates":[[[139.76462288436477,35.66694682905939],[139.76463802457798,35.66693809437193],[139.7648962103293,35.667143394048864],[139.7648863139729,35.66715552091453],[139.7649172898871,35.66717737880318],[139.76483669671006,35.66724539571666],[139.76485402833939,35.667257483981906],[139.764720168211,35.66736863729932],[139.7644725793555,35.667171275401586],[139.76446129506877,35.66706310409978],[139.7646100798303,35.66693681740506],[139.76462288436477,35.66694682905939]]]}},{"type":"Feature","properties":{"height":22.2,"gml_id":"bldg_d335fda7-f17d-45a2-8a0e-196014745593"},"geometry":{"type":"Polygon","coordinates":[[[139.7655300312848,35.672876576982986],[139.76546314283667,35.67281281223635],[139.76558085851624,35.67273066430867],[139.76559665344664,35.67274573513631],[139.765641429538,35.67271450971832],[139.76569251198097,35.67276327565767],[139.7655300312848,35.672876576982986]]]}},{"type":"Feature","properties":{"height":7.0,"gml_id":"bldg_455b1372-67c8-471b-a060-75ab7e8fca84"},"geometry":{"type":"Polygon","coordinates":[[[139.77093345072996,35.6710671977895],[139.7710107063513,35.671013696232755],[139.77105419653208,35.67105545231298],[139.77097694089946,35.671108953897225],[139.77093345072996,35.6710671977895]]]}},{"type":"Feature","properties":{"height":24.0,"gml_id":"bldg_152b66f8-aa71-4247-8002-173dc7d1034d"},"geometry":{"type":"Polygon","coordinates":[[[139.76804089395162,35.673050036765986],[139.7680123106609,35.67301630991787],[139.76818416354146,35.672920496949274],[139.76821870596427,35.67296170837478],[139.76804089395162,35.673050036765986]]]}},{"type":"Feature","properties":{"height":21.1,"gml_id":"bldg_3d814693-30f3-4467-aff5-df087fb6402f"},"geometry":{"type":"Polygon","coordinates":[[[139.77319156916138,35.67162665734534],[139.77328537319818,35.67160020379149],[139.773346793616,35.6717448146514],[139.77325298936262,35.671771358389606],[139.77319156916138,35.67162665734534]]]}},{"type":"Feature","properties":{"height":9.9,"gml_id":"bldg_e919e7cd-8365-45a5-9825-118cffa880c6"},"geometry":{"type":"Polygon","coordinates":[[[139.765280836082,35.669291585261604],[139.76528982358852,35.66928331573261],[139.7653285716497,35.66931136132144],[139.76531958414407,35.669319630853295],[139.765280836082,35.669291585261604]]]}},{"type":"Feature","properties":{"height":41.4,"gml_id":"bldg_55235457-e190-401a-9bcb-43ca0a5014fa"},"geometry":{"type":"Polygon","coordinates":[[[139.7743969214356,35.66922425523595],[139.77438841117512,35.669215706049805],[139.77432280950376,35.66925920124398],[139.7741727709342,35.66910852614126],[139.77438728076135,35.66896532196654],[139.77445359663494,35.669031911831475],[139.77439011703018,35.6690740019587],[139.77448294616167,35.66916722234074],[139.7743969214356,35.66922425523595]]]}},{"type":"Feature","properties":{"height":6.5,"gml_id":"bldg_4fcfa51e-d9ad-493d-b4a6-ae066b1412e9"},"geometry":{"type":"Polygon","coordinates":[[[139.7739878922759,35.67355613482486],[139.77398430049226,35.673528460908756],[139.7740094554307,35.673526282968915],[139.77401319002962,35.67355503860203],[139.77402204976627,35.6735546553762],[139.77402729069965,35.67363776543296],[139.77397592191025,35.67363990341558],[139.7739706809639,35.67355688259255],[139.7739878922759,35.67355613482486]]]}},{"type":"Feature","properties":{"height":9.7,"gml_id":"bldg_3e0e4b7f-2748-4296-af20-3bf8dc55fe69"},"geometry":{"type":"Polygon","coordinates":[[[139.77305716767927,35.67275736260014],[139.77307227880428,35.672787566157105],[139.77303879916374,35.6727988165587],[139.77302247448426,35.67276653923201],[139.77305716767927,35.67275736260014]]]}},{"type":"Feature","properties":{"height":8.6,"gml_id":"bldg_f586fe01-7db8-4ca0-88e9-f339787abf38"},"geometry":{"type":"Polygon","coordinates":[[[139.77382227261788,35.66975653107183],[139.7738654117409,35.669825867997915],[139.77383480438613,35.66983856224291],[139.77379166528277,35.66976922530602],[139.77382227261788,35.66975653107183]]]}},{"type":"Feature","properties":{"height":4.3,"gml_id":"bldg_db297777-1d36-43c4-a434-87cca5dac284"},"geometry":{"type":"Polygon","coordinates":[[[139.77215788524552,35.6727305889791],[139.7721663680063,35.672760879419236],[139.77210747016275,35.67277197242733],[139.77209888789366,35.67274182615218],[139.77215788524552,35.6727305889791]]]}},{"type":"Feature","properties":{"height":9.1,"gml_id":"bldg_73c871ee-3bc6-4c30-a5b4-c46f454a3f96"},"geometry":{"type":"Polygon","coordinates":[[[139.77246358516814,35.66860272483181],[139.77249033567062,35.6685774998914],[139.77253394410184,35.668608258756166],[139.7725071936028,35.66863348370614],[139.77246358516814,35.66860272483181]]]}},{"type":"Feature","properties":{"height":52.1,"gml_id":"bldg_00e8d4cf-1af7-4a36-afcb-cf9222bcc8cb"},"geometry":{"type":"Polygon","coordinates":[[[139.76874780046265,35.67259810908924],[139.76873610417917,35.6725818781021],[139.76880528561128,35.67254468759243],[139.76904320792121,35.67284587431931],[139.76903964908328,35.67287570786216],[139.76892834818875,35.67295235521398],[139.76889447015733,35.672908710640534],[139.76887247683104,35.67292185891273],[139.7688252475412,35.67285945861503],[139.7688155139292,35.67284766344242],[139.76881318209615,35.67284890608755],[139.76865809056096,35.67265378381209],[139.76868607289873,35.672638394375454],[139.76868110678413,35.67263238856534],[139.76869563946636,35.672624401189616],[139.76874780046265,35.67259810908924]]]}},{"type":"Feature","properties":{"height":36.5,"gml_id":"bldg_055e5719-6105-414f-b70c-d354d3e293a2"},"geometry":{"type":"Polygon","coordinates":[[[139.76905257852303,35.6724149329212],[139.76903181839938,35.67239196386711],[139.7691869202005,35.67229863731271],[139.76923327458428,35.67234995012097],[139.76904903998258,35.67246081091605],[139.76902332431126,35.67243240393594],[139.7690406758362,35.67242186713824],[139.76905257852303,35.6724149329212]]]}},{"type":"Feature","properties":{"height":6.9,"gml_id":"bldg_6615bac1-042a-4db1-a23f-11f9f4dcb910"},"geometry":{"type":"Polygon","coordinates":[[[139.76982420228364,35.670364132621614],[139.76987117262868,35.670403916961156],[139.76983941694223,35.670428877273956],[139.7697924465984,35.67038909292219],[139.76982420228364,35.670364132621614]]]}},{"type":"Feature","properties":{"height":6.8,"gml_id":"bldg_a889b4e9-531c-473a-bc10-eea79a52172f"},"geometry":{"type":"Polygon","coordinates":[[[139.77053813723012,35.66735459555827],[139.7706061330006,35.66741421180115],[139.7705362817287,35.66746717616926],[139.77046839642387,35.667407559945154],[139.77053813723012,35.66735459555827]]]}},{"type":"Feature","properties":{"height":8.4,"gml_id":"bldg_cfb945d2-8613-4e8a-9ec6-8370a10857df"},"geometry":{"type":"Polygon","coordinates":[[[139.7693649219656,35.67113812403665],[139.76934679672453,35.67114965198281],[139.7693360906739,35.67113846926599],[139.769328354335,35.67114333256905],[139.76925882052993,35.67107037359782],[139.76928468209877,35.67105398326627],[139.7693649219656,35.67113812403665]]]}},{"type":"Feature","properties":{"height":6.9,"gml_id":"bldg_f73029bd-d6d4-4178-b31b-0329fceec68e"},"geometry":{"type":"Polygon","coordinates":[[[139.77375444746028,35.669907387436346],[139.77378898007308,35.66996392062767],[139.77373737870485,35.66998489709918],[139.77370284611945,35.66992836389326],[139.77375444746028,35.669907387436346]]]}},{"type":"Feature","properties":{"height":9.3,"gml_id":"bldg_c9a7d840-5466-4031-a4ee-cf6adbf772cf"},"geometry":{"type":"Polygon","coordinates":[[[139.77293031081717,35.67002731018955],[139.7730174076206,35.66998670191017],[139.77304510383829,35.670026286070325],[139.77295800700583,35.67006689436946],[139.77293031081717,35.67002731018955]]]}},{"type":"Feature","properties":{"height":13.0,"gml_id":"bldg_8ab2e1e4-360e-498d-8e7f-710642f775fc"},"geometry":{"type":"Polygon","coordinates":[[[139.76932005367863,35.67102486969456],[139.76934549679797,35.67100680167187],[139.76943372433206,35.67108952157052],[139.76940828120482,35.67110759141435],[139.76932005367863,35.67102486969456]]]}},{"type":"Feature","properties":{"height":6.2,"gml_id":"bldg_edb5e6dc-0712-4b22-bbc8-c611e222bc57"},"geometry":{"type":"Polygon","coordinates":[[[139.76861387280564,35.66991482961513],[139.7686950029553,35.66998851539481],[139.76865974470064,35.67001436587749],[139.76857861455733,35.66994068007439],[139.76861387280564,35.66991482961513]]]}},{"type":"Feature","properties":{"height":32.6,"gml_id":"bldg_3a3f71f1-898a-468f-a915-7ec53c6b2efe"},"geometry":{"type":"Polygon","coordinates":[[[139.774966019421,35.67183037555636],[139.7749417785681,35.67183712410174],[139.77491790458288,35.67178001955042],[139.77486873788385,35.67179369655904],[139.77483742054255,35.67171886738189],[139.77503607589293,35.67166352927866],[139.7751074227365,35.671833743041724],[139.77498125755417,35.67186895269617],[139.774966019421,35.67183037555636]]]}},{"type":"Feature","properties":{"height":6.6,"gml_id":"bldg_e542c357-c0ac-4f45-9c89-c7d6e815f88f"},"geometry":{"type":"Polygon","coordinates":[[[139.7683643360786,35.66732847429332],[139.76843686367408,35.667382325413705],[139.76841331887687,35.66740349500482],[139.7683406808197,35.66734964381081],[139.7683643360786,35.66732847429332]]]}},{"type":"Feature","properties":{"height":24.4,"gml_id":"bldg_1a427ca7-53f3-40c1-8a0d-ae85d9146439"},"geometry":{"type":"Polygon","coordinates":[[[139.7667361984494,35.67364864500688],[139.766775206501,35.67368601856176],[139.7667658997947,35.67369248617477],[139.76677287577937,35.673699160189656],[139.76676339221987,35.67370575299551],[139.76678691407125,35.67372829130295],[139.76667441552047,35.67380646823048],[139.7666609492313,35.673793571144415],[139.76655436389467,35.673867640973256],[139.7664543713767,35.6737718416627],[139.76668449721922,35.67361193142974],[139.76672599010772,35.673610177784056],[139.76675355180305,35.673636585222226],[139.7667361984494,35.67364864500688]]]}},{"type":"Feature","properties":{"height":6.9,"gml_id":"bldg_a6bd5c27-cdb0-443a-a9e9-f5090478890e"},"geometry":{"type":"Polygon","coordinates":[[[139.77018130683413,35.674289394185365],[139.77023560449962,35.674356214367705],[139.7701565860295,35.67439907827299],[139.77010217786182,35.67433234813475],[139.77018130683413,35.674289394185365]]]}},{"type":"Feature","properties":{"height":25.1,"gml_id":"bldg_3ca955ad-6244-4330-827f-fce28d9d72bb"},"geometry":{"type":"Polygon","coordinates":[[[139.76779691335878,35.67489357199764],[139.76782954406457,35.67497687658058],[139.76775175611272,35.67499864655213],[139.76769358371115,35.67494399257665],[139.76777184188308,35.674887519152485],[139.76779691335878,35.67489357199764]]]}},{"type":"Feature","properties":{"height":36.6,"gml_id":"bldg_61d2965e-2f05-468b-a5a3-5d0113e66942"},"geometry":{"type":"Polygon","coordinates":[[[139.77012325825484,35.67421635343851],[139.7700668081183,35.674245662570925],[139.77004458148053,35.67421829422871],[139.7700154501703,35.67423344901577],[139.7699996471421,35.6742132229148],[139.77008551480048,35.67417000215999],[139.77012325825484,35.67421635343851]]]}},{"type":"Feature","properties":{"height":7.5,"gml_id":"bldg_a512f8c7-21ee-4cd0-836b-c1128f0d8631"},"geometry":{"type":"Polygon","coordinates":[[[139.76545290070175,35.67016655535527],[139.7655028994654,35.6702146267265],[139.76537833514962,35.67030099819007],[139.765328336407,35.67025292676785],[139.76545290070175,35.67016655535527]]]}},{"type":"Feature","properties":{"height":29.7,"gml_id":"bldg_d864b3d9-cb06-496f-919c-6805990761d4"},"geometry":{"type":"Polygon","coordinates":[[[139.7736877762483,35.6710310063686],[139.77365647609264,35.67096464979215],[139.77368814230886,35.6709547053079],[139.77367818315997,35.670933608241064],[139.77379800866754,35.67089594507657],[139.77383925705954,35.670983398665854],[139.7736877762483,35.6710310063686]]]}},{"type":"Feature","properties":{"height":14.5,"gml_id":"bldg_0059854a-00b8-4de6-aebc-586064a8afda"},"geometry":{"type":"Polygon","coordinates":[[[139.7744240162682,35.67087975783498],[139.77445797150784,35.67097162437338],[139.77441377806687,35.67098260041157],[139.7743756248713,35.67089127172808],[139.7744240162682,35.67087975783498]]]}},{"type":"Feature","properties":{"height":9.1,"gml_id":"bldg_4d86c598-5f5a-4006-bf5e-fba07be9b754"},"geometry":{"type":"Polygon","coordinates":[[[139.77091282488908,35.67321253601158],[139.77086822732778,35.6731586828964],[139.77094040393567,35.673118888650876],[139.77098500152337,35.67317274173971],[139.77091282488908,35.67321253601158]]]}},{"type":"Feature","properties":{"height":28.7,"gml_id":"bldg_7868379a-02bf-4515-b79f-bb9289413815"},"geometry":{"type":"Polygon","coordinates":[[[139.77114234353803,35.6689230288135],[139.77106484690884,35.6688628671508],[139.77112597225712,35.66881043880536],[139.77108104202162,35.66877544229303],[139.77115808419873,35.66870932128036],[139.77128062157965,35.6688043892589],[139.77114234353803,35.6689230288135]]]}},{"type":"Feature","properties":{"height":14.4,"gml_id":"bldg_1365fe60-0191-41e7-9d6f-12833c761d51"},"geometry":{"type":"Polygon","coordinates":[[[139.77324239271522,35.6671916549687],[139.77319392638077,35.667158550355595],[139.77324996958745,35.66710395508048],[139.7732985463702,35.667137059726386],[139.77324239271522,35.6671916549687]]]}},{"type":"Feature","properties":{"height":39.8,"gml_id":"bldg_cd3267e3-9725-4746-afd2-23887422c1d7"},"geometry":{"type":"Polygon","coordinates":[[[139.7724916482224,35.66745909416035],[139.7724976944153,35.66745367995895],[139.77253591362967,35.667482101547726],[139.77245996581723,35.66755018900447],[139.7725233334174,35.66759727272931],[139.77247878817047,35.667637271218574],[139.7724987699982,35.667652063843775],[139.7724126642994,35.667728727214026],[139.77227964543553,35.66761815142903],[139.77227966753466,35.66758912720681],[139.77245510703924,35.66743194434276],[139.7724916482224,35.66745909416035]]]}},{"type":"Feature","properties":{"height":17.9,"gml_id":"bldg_1f294c0f-d8f9-40cd-a562-aece52b3c375"},"geometry":{"type":"Polygon","coordinates":[[[139.77317778343564,35.67248025073343],[139.77315440541796,35.67242606743671],[139.77329362179293,35.672386115071774],[139.77331699989244,35.67244029924329],[139.77317778343564,35.67248025073343]]]}},{"type":"Feature","properties":{"height":6.3,"gml_id":"bldg_51f4fe1d-8f1d-4820-b325-5bf0809d6bc2"},"geometry":{"type":"Polygon","coordinates":[[[139.77442037117018,35.67012782955605],[139.77432192225095,35.67016455828273],[139.7742993074802,35.67012380512282],[139.77439687352293,35.670085905098276],[139.77442037117018,35.67012782955605]]]}},{"type":"Feature","properties":{"height":15.7,"gml_id":"bldg_02a5b79e-9eb8-41d5-a1db-ef1098497961"},"geometry":{"type":"Polygon","coordinates":[[[139.77295956681422,35.67254296721369],[139.77298261150452,35.67259958498843],[139.772929687666,35.67261389028094],[139.7729363033825,35.67263011831281],[139.77287542435386,35.67264658288594],[139.7728458744952,35.672573737110106],[139.77295956681422,35.67254296721369]]]}},{"type":"Feature","properties":{"height":31.1,"gml_id":"bldg_45e24340-9f08-46b2-9d45-c8118bc2e248"},"geometry":{"type":"Polygon","coordinates":[[[139.76806228521542,35.67309818167454],[139.76793297940534,35.6731719339483],[139.76784048763412,35.67307507623114],[139.767947309197,35.67300659389299],[139.7679805755566,35.67304114354774],[139.76799670157993,35.6730301095801],[139.76806228521542,35.67309818167454]]]}},{"type":"Feature","properties":{"height":7.8,"gml_id":"bldg_e10b8bb7-e091-44ea-bd1b-8b1fce7fd85d"},"geometry":{"type":"Polygon","coordinates":[[[139.76810358588284,35.66890609769169],[139.76812779272052,35.668886460860136],[139.76822393802547,35.66896754636146],[139.76819984164743,35.66898718327182],[139.76810358588284,35.66890609769169]]]}},{"type":"Feature","properties":{"height":19.9,"gml_id":"bldg_14db580b-2d56-44ed-b725-34f83a8db809"},"geometry":{"type":"Polygon","coordinates":[[[139.76706356836485,35.67175026385759],[139.76719441575867,35.671680659662115],[139.76725356358733,35.67175478500177],[139.76712271619812,35.67182429912331],[139.76706356836485,35.67175026385759]]]}},{"type":"Feature","properties":{"height":12.1,"gml_id":"bldg_b21f4ca6-93e4-41c5-8da4-8369c7aba1d3"},"geometry":{"type":"Polygon","coordinates":[[[139.7667340598545,35.67349699686722],[139.76679227616276,35.67345677374406],[139.76681766324583,35.673481233001205],[139.76675944693258,35.67352145613648],[139.7667340598545,35.67349699686722]]]}},{"type":"Feature","properties":{"height":43.6,"gml_id":"bldg_10f7bbec-7dc9-4f2e-a620-430a671f7309"},"geometry":{"type":"Polygon","coordinates":[[[139.77169641301785,35.67151070579541],[139.77176789418002,35.671496590806335],[139.77180811072438,35.671630646445095],[139.77172646507066,35.67164691865165],[139.77171985376762,35.671625371550405],[139.77169973469913,35.671629941130725],[139.7716934313526,35.67161015276453],[139.7716633689629,35.67161671739516],[139.77163564123495,35.67153212735209],[139.77169641301785,35.67151070579541]]]}},{"type":"Feature","properties":{"height":14.6,"gml_id":"bldg_a82cad7c-2e64-4e06-bda6-2c74f00559ce"},"geometry":{"type":"Polygon","coordinates":[[[139.76716842791296,35.67225085396068],[139.7671140528553,35.67228255239852],[139.7670713430565,35.67223385476191],[139.76712560770733,35.672202066145076],[139.76716842791296,35.67225085396068]]]}},{"type":"Feature","properties":{"height":20.0,"gml_id":"bldg_f18cccd5-4039-42bf-b053-54e0ee870bbf"},"geometry":{"type":"Polygon","coordinates":[[[139.77259891112232,35.671794736366685],[139.77249229267426,35.671821273047875],[139.77246583482957,35.67175059202677],[139.77254680953212,35.67173046020222],[139.7725608920434,35.67176186213527],[139.77258446961025,35.671756006093936],[139.77259891112232,35.671794736366685]]]}},{"type":"Feature","properties":{"height":43.8,"gml_id":"bldg_42eccf77-c00d-4eca-86c3-7d97580a4b22"},"geometry":{"type":"Polygon","coordinates":[[[139.76332986947187,35.67007873588344],[139.7632950144395,35.670045617188016],[139.7633029725917,35.670040033302186],[139.76328200219885,35.670020100754606],[139.76338670552724,35.669948385264966],[139.76340356983093,35.669964773012936],[139.76343484926653,35.669943348404736],[139.76341799601576,35.66992695075237],[139.7634366862948,35.66991415308826],[139.76349070088762,35.6699663829582],[139.76332986947187,35.67007873588344]]]}},{"type":"Feature","properties":{"height":41.0,"gml_id":"bldg_21e256b3-780f-4efb-9861-10ce18e99a93"},"geometry":{"type":"Polygon","coordinates":[[[139.76790908297937,35.67435267421381],[139.76795434536442,35.67432115976902],[139.76799253822816,35.67435683880393],[139.76806658252264,35.674305599870756],[139.76812577053036,35.67436085904281],[139.76792648315262,35.6744998327539],[139.7678111450067,35.674389505128346],[139.7678901083205,35.674334537297845],[139.76790908297937,35.67435267421381]]]}},{"type":"Feature","properties":{"height":12.6,"gml_id":"bldg_40d4372d-029c-4736-b611-77dd179059ce"},"geometry":{"type":"Polygon","coordinates":[[[139.76432674173128,35.67401162310345],[139.76427955259234,35.67403422140598],[139.7641512328743,35.673855584911216],[139.76419831139827,35.67383307763341],[139.76432674173128,35.67401162310345]]]}},{"type":"Feature","properties":{"height":9.2,"gml_id":"bldg_fb18c576-6793-408e-add0-80b4dd188b9c"},"geometry":{"type":"Polygon","coordinates":[[[139.76960735850972,35.6714414294418],[139.76955407059364,35.671385939740055],[139.76965601434426,35.671320779347994],[139.76970929124136,35.67137626899944],[139.76960735850972,35.6714414294418]]]}},{"type":"Feature","properties":{"height":29.6,"gml_id":"bldg_b0a08371-d9b6-4c46-8bcb-6f0c4db10be8"},"geometry":{"type":"Polygon","coordinates":[[[139.7717497837391,35.66947579280401],[139.77168730247394,35.6694239318609],[139.77174676670285,35.66937700073281],[139.7717277797048,35.6693609465731],[139.77183090227354,35.669279786441315],[139.77190662373323,35.66935139324314],[139.7717497837391,35.66947579280401]]]}},{"type":"Feature","properties":{"height":24.3,"gml_id":"bldg_5454eb70-f17b-49ec-b0d2-a9f73ed68834"},"geometry":{"type":"Polygon","coordinates":[[[139.76396085838545,35.67121995109703],[139.7640362434014,35.67129138325523],[139.76392283838732,35.67137117959397],[139.76384745339763,35.671299747365744],[139.76396085838545,35.67121995109703]]]}},{"type":"Feature","properties":{"height":27.1,"gml_id":"bldg_02690fb4-1b40-4844-a9d3-baea556769bb"},"geometry":{"type":"Polygon","coordinates":[[[139.76979776466163,35.67195817006911],[139.7697660996549,35.671923684851535],[139.76984927391572,35.671875072614775],[139.76987995533258,35.67191015219867],[139.76979776466163,35.67195817006911]]]}},{"type":"Feature","properties":{"height":21.5,"gml_id":"bldg_27507b8e-9771-434c-a7db-1331671af932"},"geometry":{"type":"Polygon","coordinates":[[[139.76966965269452,35.673829695065145],[139.76961358823806,35.67376305396175],[139.76971139523275,35.67370830221646],[139.76976745973238,35.673774943274964],[139.76966965269452,35.673829695065145]]]}},{"type":"Feature","properties":{"height":40.5,"gml_id":"bldg_9af6a912-3ea9-426f-b914-1f2f062d2149"},"geometry":{"type":"Polygon","coordinates":[[[139.767018766131,35.67468564095795],[139.76692102233764,35.67459377327025],[139.7669325178052,35.67458562218789],[139.76689179772538,35.674547353582945],[139.76695189461836,35.674504788760196],[139.76714387211615,35.67468521404046],[139.7670546938528,35.67474839627366],[139.76700118027034,35.674698106268195],[139.767018766131,35.67468564095795]]]}},{"type":"Feature","properties":{"height":21.9,"gml_id":"bldg_389d0a19-05d0-4575-9f38-cd337787ebdd"},"geometry":{"type":"Polygon","coordinates":[[[139.76514174633,35.66914532183247],[139.76510391524687,35.66911726768866],[139.76521297916648,35.66901931408819],[139.76525081024164,35.66904736819817],[139.76514174633,35.66914532183247]]]}},{"type":"Feature","properties":{"height":56.5,"gml_id":"bldg_ae5b6fd1-89ad-4505-9e8d-b891dc43c056"},"geometry":{"type":"Polygon","coordinates":[[[139.76386776282746,35.67164960901718],[139.76383325979043,35.67161716671857],[139.76384191446274,35.67161103336311],[139.76370369285735,35.67148109269603],[139.76370056480596,35.67148329925119],[139.76367711032862,35.6714612561274],[139.76379598748747,35.67137707259341],[139.76412943963922,35.67169057386642],[139.7640010013181,35.671781538657854],[139.76388969950696,35.671676897219015],[139.7638705442746,35.67169046084839],[139.76384456211915,35.67166603667487],[139.76386776282746,35.67164960901718]]]}},{"type":"Feature","properties":{"height":22.6,"gml_id":"bldg_5c525bfd-67e8-44c3-a8f7-b48b2f0c40b3"},"geometry":{"type":"Polygon","coordinates":[[[139.76933735455307,35.67149252930529],[139.76929497053504,35.67144969154891],[139.7693789674293,35.67139430174467],[139.76942135146373,35.67143713857053],[139.76933735455307,35.67149252930529]]]}},{"type":"Feature","properties":{"height":17.4,"gml_id":"bldg_cecc90fc-60c3-453d-9a66-e2823cbd57f2"},"geometry":{"type":"Polygon","coordinates":[[[139.76902824832598,35.672628634555856],[139.76912030478044,35.67258055126982],[139.76914612739088,35.672613465150256],[139.7690540709133,35.67266154935714],[139.76902824832598,35.672628634555856]]]}},{"type":"Feature","properties":{"height":8.1,"gml_id":"bldg_61b19236-d229-4938-a373-e883cd45b70b"},"geometry":{"type":"Polygon","coordinates":[[[139.77425760736367,35.67154885575483],[139.77422780724257,35.67146969155594],[139.77426194702653,35.67146104611315],[139.7742917471715,35.67154021931746],[139.77425760736367,35.67154885575483]]]}},{"type":"Feature","properties":{"height":7.3,"gml_id":"bldg_04fd3f2e-8b4d-4507-a535-8daa7e5c5800"},"geometry":{"type":"Polygon","coordinates":[[[139.77249274801434,35.668746508651054],[139.77258823412555,35.66882849171217],[139.77255806072998,35.66885182206131],[139.7724625746219,35.668769838976594],[139.77249274801434,35.668746508651054]]]}},{"type":"Feature","properties":{"height":12.8,"gml_id":"bldg_c78c1ad6-0e12-489d-a384-53621f6fc47b"},"geometry":{"type":"Polygon","coordinates":[[[139.77054187114155,35.66752333466644],[139.77062444013686,35.667592513056924],[139.77055812361507,35.667645208864684],[139.7704755545522,35.66757612056667],[139.77054187114155,35.66752333466644]]]}},{"type":"Feature","properties":{"height":7.2,"gml_id":"bldg_7815b0b2-1fc6-4ee0-a38e-93029404e438"},"geometry":{"type":"Polygon","coordinates":[[[139.7671757213461,35.670319837303474],[139.7670905021248,35.67037014116285],[139.7670683529333,35.67034515192269],[139.76706146775078,35.670349222340654],[139.7670257664156,35.670308947356176],[139.76711172606775,35.67025821129014],[139.7671453857582,35.67029619563914],[139.76715154152336,35.670292556573244],[139.7671757213461,35.670319837303474]]]}},{"type":"Feature","properties":{"height":32.3,"gml_id":"bldg_0f0dc5e3-511c-48a3-b13b-b2d10471ec99"},"geometry":{"type":"Polygon","coordinates":[[[139.76976042083933,35.67315075691138],[139.76975033339752,35.673139168943756],[139.7698759471775,35.67306634118546],[139.76992594476903,35.6731215324456],[139.76969971598052,35.67325265208793],[139.76965104463284,35.67319674123961],[139.76970813789947,35.673163636955415],[139.76971822533824,35.6731752249265],[139.76976042083933,35.67315075691138]]]}},{"type":"Feature","properties":{"height":42.5,"gml_id":"bldg_35c82c83-889b-4259-b833-268be2309752"},"geometry":{"type":"Polygon","coordinates":[[[139.7741217190389,35.67083939930312],[139.77410900196637,35.67084312473415],[139.77405375660751,35.67071229026446],[139.77417507023156,35.67067818788008],[139.77424994388863,35.670855605882664],[139.774243425229,35.6708574054304],[139.77424761551856,35.670867331605876],[139.77414906180232,35.67089504640259],[139.7741296766077,35.67084865130528],[139.7741258758207,35.67084980319421],[139.7741217190389,35.67083939930312]]]}},{"type":"Feature","properties":{"height":16.0,"gml_id":"bldg_e82d8061-1b49-4101-af1f-c48315e90913"},"geometry":{"type":"Polygon","coordinates":[[[139.7718930934089,35.669566092589406],[139.77195160264955,35.66961227364886],[139.77189821520318,35.66965731509262],[139.77183970595976,35.66961113490894],[139.7718930934089,35.669566092589406]]]}},{"type":"Feature","properties":{"height":14.0,"gml_id":"bldg_8ce6a08c-3d14-4371-8bd5-acf5127376a8"},"geometry":{"type":"Polygon","coordinates":[[[139.76958060538715,35.671342579716985],[139.76953761197922,35.67137140088639],[139.76945615386694,35.67129068480581],[139.76946059719424,35.67125958978947],[139.76948214918957,35.67124508911218],[139.76958060538715,35.671342579716985]]]}},{"type":"Feature","properties":{"height":7.0,"gml_id":"bldg_4fc925b0-3492-43a4-a983-9ef3ccbff01c"},"geometry":{"type":"Polygon","coordinates":[[[139.77059419182092,35.67235585881783],[139.77061566055303,35.672377304651654],[139.77055474024667,35.67241790679887],[139.77053327151293,35.672396469968064],[139.77059419182092,35.67235585881783]]]}},{"type":"Feature","properties":{"height":8.7,"gml_id":"bldg_f44eef0d-6fa7-48d8-bd2e-d53136fd12c0"},"geometry":{"type":"Polygon","coordinates":[[[139.77440786503388,35.67121245579536],[139.77444458107155,35.67130557659222],[139.7743974039268,35.67131790232282],[139.77436068787867,35.67122486263537],[139.77440786503388,35.67121245579536]]]}},{"type":"Feature","properties":{"height":6.4,"gml_id":"bldg_1887f537-6cf9-4a9c-942b-1230a6831bb3"},"geometry":{"type":"Polygon","coordinates":[[[139.77381278902442,35.66988362003165],[139.77383948629196,35.66993014409109],[139.77378423971297,35.669951118781725],[139.7737576529325,35.669904594764866],[139.77381278902442,35.66988362003165]]]}},{"type":"Feature","properties":{"height":38.2,"gml_id":"bldg_ed6a3c0f-fe8a-4694-94a0-368f5c741565"},"geometry":{"type":"Polygon","coordinates":[[[139.76776337039826,35.671063440107204],[139.7676626091322,35.670951164236044],[139.76766981235653,35.670922955183705],[139.76782653101225,35.67082307825668],[139.76787027038338,35.6708280595964],[139.76797092088185,35.67094087605997],[139.76797112490743,35.6709616077539],[139.76778954479656,35.6710701254203],[139.76776337039826,35.671063440107204]]]}},{"type":"Feature","properties":{"height":30.8,"gml_id":"bldg_8c2efd19-99e5-4301-aadc-3fc7f71d91fb"},"geometry":{"type":"Polygon","coordinates":[[[139.7724752231318,35.67029688010826],[139.77248269353248,35.67030730375904],[139.77246852673454,35.67031455265414],[139.77248833555046,35.670339864213744],[139.77249153595406,35.670343831873396],[139.77236213011395,35.670415065045795],[139.77224614061524,35.67027493284828],[139.77232570689998,35.670231166444026],[139.772355393926,35.670267146276494],[139.77242744555312,35.670227522316466],[139.7724818205047,35.670293241894285],[139.7724752231318,35.67029688010826]]]}},{"type":"Feature","properties":{"height":28.7,"gml_id":"bldg_7a2f3142-1680-4dfa-aacc-f270581ab8db"},"geometry":{"type":"Polygon","coordinates":[[[139.76468511213142,35.66918382142996],[139.76473099535815,35.669147730447115],[139.76473877721295,35.66915432301874],[139.76477368425614,35.669126860022494],[139.76483099410606,35.66917536940352],[139.764801624884,35.66919847201925],[139.7648040091222,35.669200483438914],[139.7647525880704,35.6692409348441],[139.76468511213142,35.66918382142996]]]}},{"type":"Feature","properties":{"height":15.1,"gml_id":"bldg_39ab246a-e97b-402f-aec3-139638123d80"},"geometry":{"type":"Polygon","coordinates":[[[139.7705230364239,35.67239001981271],[139.77050029871845,35.67236684266412],[139.77057179898833,35.67232956311176],[139.77059155237754,35.67235499212446],[139.7705230364239,35.67239001981271]]]}},{"type":"Feature","properties":{"height":19.1,"gml_id":"bldg_c2b309e0-6234-41fe-839e-d2401983549c"},"geometry":{"type":"Polygon","coordinates":[[[139.7676421081872,35.67318782004682],[139.76762566350055,35.67316973854848],[139.76765669804172,35.673150746428085],[139.76764010948128,35.67313299655834],[139.76772416073806,35.67308222388557],[139.76775693973477,35.673118296656206],[139.7676421081872,35.67318782004682]]]}},{"type":"Feature","properties":{"height":19.4,"gml_id":"bldg_ce5abe56-675b-4c7d-8a42-2d79c43d69c9"},"geometry":{"type":"Polygon","coordinates":[[[139.77102878801858,35.672905777755616],[139.7710124520051,35.672889093902846],[139.77109401155556,35.67284325620704],[139.77112381001945,35.67287851528698],[139.77106115016198,35.67291147314598],[139.77102878801858,35.672905777755616]]]}},{"type":"Feature","properties":{"height":9.4,"gml_id":"bldg_ef9cb32e-21d5-4e9b-b817-e2060e12cf91"},"geometry":{"type":"Polygon","coordinates":[[[139.76913580898682,35.6712902440284],[139.76906054518955,35.67121350603729],[139.76910001244448,35.67118773881153],[139.76917515473804,35.671264485727335],[139.76913580898682,35.6712902440284]]]}},{"type":"Feature","properties":{"height":7.8,"gml_id":"bldg_0fc8e682-4add-4814-aa07-43acb4f76ba2"},"geometry":{"type":"Polygon","coordinates":[[[139.77091172780314,35.671017881417086],[139.77080264026756,35.67109489222393],[139.7707590392406,35.6710537669568],[139.7708681268322,35.67097666605163],[139.77091172780314,35.671017881417086]]]}},{"type":"Feature","properties":{"height":15.1,"gml_id":"bldg_aa7deb25-5007-43ac-9cf0-e9589ea2260f"},"geometry":{"type":"Polygon","coordinates":[[[139.77483941997897,35.67200649740542],[139.77499840771952,35.67196691321818],[139.77502354478162,35.67203416782411],[139.7748644464492,35.67207376010271],[139.77483941997897,35.67200649740542]]]}},{"type":"Feature","properties":{"height":8.3,"gml_id":"bldg_5d06c48f-a0fb-405d-a511-63f339b16d25"},"geometry":{"type":"Polygon","coordinates":[[[139.77379066481882,35.66695144079082],[139.77384486779712,35.66699437297361],[139.77381049390723,35.66702329008659],[139.7737562909948,35.666980267751214],[139.77379066481882,35.66695144079082]]]}},{"type":"Feature","properties":{"height":33.3,"gml_id":"bldg_5b3ff20b-a837-4c98-a565-e8e2ca0f1a8b"},"geometry":{"type":"Polygon","coordinates":[[[139.7706314256727,35.67171127030032],[139.77062315814214,35.67170327081562],[139.77060583904083,35.671715186960505],[139.77058378481547,35.67169401122946],[139.77071674541781,35.67160196011521],[139.7708217182843,35.67170287830673],[139.7706888680993,35.67179492959279],[139.7706375847746,35.67174567891789],[139.77065230656814,35.671735546135196],[139.77062897203749,35.671712963604016],[139.7706314256727,35.67171127030032]]]}},{"type":"Feature","properties":{"height":21.2,"gml_id":"bldg_25e5da48-1e71-4a1b-993d-3409e55fa2f0"},"geometry":{"type":"Polygon","coordinates":[[[139.76716701625668,35.67476433122126],[139.76711866786,35.674719686698936],[139.767230528551,35.674639075312385],[139.7672788769615,35.67468371979042],[139.76716701625668,35.67476433122126]]]}},{"type":"Feature","properties":{"height":8.8,"gml_id":"bldg_058c17b7-d7c6-4525-b900-ba29241a4588"},"geometry":{"type":"Polygon","coordinates":[[[139.7711453616936,35.672010143694436],[139.7711363104311,35.672001305563626],[139.77112282659022,35.67201049260295],[139.77111399618983,35.67200174472189],[139.77107254997637,35.67202993627462],[139.7710118404839,35.67197050438483],[139.77109793808737,35.67191187043157],[139.77117663973036,35.67198888744055],[139.7711453616936,35.672010143694436]]]}},{"type":"Feature","properties":{"height":3.1,"gml_id":"bldg_3bdff716-3ad7-4692-911a-e22ad5de041e"},"geometry":{"type":"Polygon","coordinates":[[[139.77207357370727,35.668745584046334],[139.7721292443864,35.668790762155425],[139.77211227809067,35.66880467073797],[139.77205661845062,35.668759501640494],[139.77207357370727,35.668745584046334]]]}},{"type":"Feature","properties":{"height":10.9,"gml_id":"bldg_69024dc8-f4ce-4976-a735-3fee1d919fc5"},"geometry":{"type":"Polygon","coordinates":[[[139.76278398437964,35.67422471493003],[139.76277214948308,35.67424156366388],[139.76284137392588,35.674285861608105],[139.76281483862653,35.674311985877075],[139.76276559664907,35.67428158076946],[139.76275310178946,35.674295184172934],[139.76265075704788,35.67422815214914],[139.7626653678875,35.67419516958443],[139.76278398437964,35.67422471493003]]]}},{"type":"Feature","properties":{"height":9.7,"gml_id":"bldg_cbdbd1b0-4cfc-48c1-b632-f9f03b9c328a"},"geometry":{"type":"Polygon","coordinates":[[[139.77196471382558,35.6695120476081],[139.77202296446853,35.66946304256685],[139.77206581967033,35.66946802193328],[139.77211327000032,35.66953096193184],[139.77202034459214,35.66956669917623],[139.77196471382558,35.6695120476081]]]}},{"type":"Feature","properties":{"height":31.1,"gml_id":"bldg_979ca72a-57fa-40e9-944d-4a9218c3ccde"},"geometry":{"type":"Polygon","coordinates":[[[139.77177178057178,35.672621235932155],[139.77166691648551,35.67266300597793],[139.7716189255121,35.672582938570905],[139.7716689817556,35.672563044775046],[139.771649344195,35.672530134603505],[139.77166821751206,35.67252259977873],[139.77167772744036,35.67253846881286],[139.77171366185988,35.67252414636369],[139.77177178057178,35.672621235932155]]]}},{"type":"Feature","properties":{"height":29.5,"gml_id":"bldg_cd327ef7-e0a1-4ef0-930d-fe010ba45432"},"geometry":{"type":"Polygon","coordinates":[[[139.76722704444683,35.6743094414217],[139.76738620909984,35.6741992006847],[139.76748987721348,35.67430064381844],[139.76732950929662,35.67440979337007],[139.76722704444683,35.6743094414217]]]}},{"type":"Feature","properties":{"height":35.0,"gml_id":"bldg_417757eb-9150-46ec-9720-57b580e475ef"},"geometry":{"type":"Polygon","coordinates":[[[139.76867825771424,35.66678196006273],[139.76865849736052,35.666767617607746],[139.76876029239776,35.66667498396725],[139.76888942884366,35.666770490606226],[139.768829892812,35.66682462228206],[139.76881251751539,35.66681126362742],[139.7687825969864,35.66683564778105],[139.76872895577824,35.666880417292354],[139.76873870367922,35.66688727296256],[139.76864828292,35.666969429714776],[139.7685832505522,35.66692188335144],[139.76859924590508,35.66690689309136],[139.7685823991087,35.66689566193],[139.76856628181147,35.666883845265644],[139.76867825771424,35.66678196006273]]]}},{"type":"Feature","properties":{"height":30.6,"gml_id":"bldg_7e701a49-d23e-47bf-b62d-ce46b34b4867"},"geometry":{"type":"Polygon","coordinates":[[[139.7649795114137,35.6671250533384],[139.7648449564016,35.6670156402492],[139.76490796141664,35.66696411658685],[139.76498037159692,35.667023018318616],[139.76511754551774,35.66691069479642],[139.7651796903481,35.6669612069159],[139.7649795114137,35.6671250533384]]]}},{"type":"Feature","properties":{"height":31.0,"gml_id":"bldg_6c6ffa89-de8e-43b8-907e-7fe0e88cebb5"},"geometry":{"type":"Polygon","coordinates":[[[139.77146425680604,35.669698781425325],[139.7713967940495,35.6697466096707],[139.77132070853372,35.6696745057088],[139.77138845826593,35.66962694806512],[139.77146425680604,35.669698781425325]]]}},{"type":"Feature","properties":{"height":15.1,"gml_id":"bldg_68b10935-439d-4ff6-80ea-527847285f06"},"geometry":{"type":"Polygon","coordinates":[[[139.7738800147103,35.66964722300158],[139.773835120661,35.66956120980329],[139.77387622294935,35.66954689826796],[139.77392111703543,35.6696329105498],[139.7738800147103,35.66964722300158]]]}},{"type":"Feature","properties":{"height":6.8,"gml_id":"bldg_9dcb89f2-b585-4ea1-8e73-d19b3f0e002a"},"geometry":{"type":"Polygon","coordinates":[[[139.76974968207563,35.67042254735158],[139.76978759447616,35.67039264177239],[139.7698358342906,35.67043349942965],[139.76979792188874,35.67046340502383],[139.76974968207563,35.67042254735158]]]}},{"type":"Feature","properties":{"height":41.0,"gml_id":"bldg_d50e709b-7101-4bed-9ff0-e33cde24570a"},"geometry":{"type":"Polygon","coordinates":[[[139.76853903287937,35.66692360823216],[139.76857952278905,35.66695584511123],[139.7684859790801,35.6670339799341],[139.76838926906635,35.66695712175545],[139.76851605020005,35.66685082795703],[139.7685713555156,35.66689295186977],[139.76853903287937,35.66692360823216]]]}},{"type":"Feature","properties":{"height":28.6,"gml_id":"bldg_8905b45e-1bc3-448a-8887-cd5ecf125318"},"geometry":{"type":"Polygon","coordinates":[[[139.7666685889934,35.670770163100514],[139.76673987595223,35.67072414237562],[139.76701844721407,35.671011382574726],[139.76694716015848,35.67105740436361],[139.7666685889934,35.670770163100514]]]}},{"type":"Feature","properties":{"height":11.8,"gml_id":"bldg_6c5db832-e30b-439c-8bfc-85b37975c255"},"geometry":{"type":"Polygon","coordinates":[[[139.76398023844047,35.673589671721],[139.76398893882308,35.6736203234058],[139.7639779980648,35.673625545066415],[139.76391144498587,35.67355790375634],[139.76385239173402,35.67350414787745],[139.76378593564434,35.67345228057642],[139.76367860742386,35.67339984877767],[139.7637000650565,35.67336867369008],[139.7638006597029,35.67341542293315],[139.7638875429185,35.673477938208215],[139.7639507823714,35.673545036799375],[139.76398023844047,35.673589671721]]]}},{"type":"Feature","properties":{"height":44.1,"gml_id":"bldg_6decf386-8504-4509-b222-43f48e5fa783"},"geometry":{"type":"Polygon","coordinates":[[[139.77032512637024,35.66867950443504],[139.77011306616106,35.66850957360872],[139.77018126463304,35.66845291299746],[139.77019119970848,35.66846094043225],[139.77020590045933,35.66844877959675],[139.77023073819197,35.66846880310848],[139.77025085502024,35.668452138237775],[139.77026156289662,35.66846070689576],[139.77026731057043,35.66845593262624],[139.77036437692803,35.66853372689407],[139.77034238101442,35.66855200425922],[139.770348761584,35.66855712739859],[139.77034093590595,35.66856362220838],[139.7703890423516,35.66860447958627],[139.7704114472331,35.66858586891824],[139.77042756428165,35.66859878500818],[139.770425143628,35.668600793806604],[139.77043665739276,35.66861001185879],[139.77044562155623,35.66860256218147],[139.77051149177876,35.668655353958094],[139.7703747632663,35.66876894575041],[139.77029472996517,35.668704726083696],[139.77032512637024,35.66867950443504]]]}},{"type":"Feature","properties":{"height":12.6,"gml_id":"bldg_0f795ddc-83cd-41db-abc5-0d951e6f26d3"},"geometry":{"type":"Polygon","coordinates":[[[139.7688219818501,35.67047935420813],[139.76883737813677,35.670468383729414],[139.7688200264347,35.670452176756704],[139.76891483383287,35.67038685992464],[139.76895346577186,35.67042419743909],[139.7688433839446,35.670500034161165],[139.7688219818501,35.67047935420813]]]}},{"type":"Feature","properties":{"height":33.5,"gml_id":"bldg_bfb2637c-fdd1-47a5-b0fe-846cbdc159d4"},"geometry":{"type":"Polygon","coordinates":[[[139.77306637091533,35.67006622755561],[139.77283742179986,35.670160937223905],[139.77278976001827,35.67008420639847],[139.77292655483436,35.670027668854715],[139.77295380632177,35.67007103858053],[139.7730441948636,35.67003052206996],[139.77306637091533,35.67006622755561]]]}},{"type":"Feature","properties":{"height":40.8,"gml_id":"bldg_fec4444c-824d-4276-a888-1413c15e8547"},"geometry":{"type":"Polygon","coordinates":[[[139.7644576119005,35.67109377361466],[139.76458251292163,35.67100379781576],[139.7646521585102,35.67107017862438],[139.76453023913086,35.67116114770868],[139.7644576119005,35.67109377361466]]]}},{"type":"Feature","properties":{"height":8.1,"gml_id":"bldg_02ed99bc-a199-4dcd-a1b4-2198d7a2592a"},"geometry":{"type":"Polygon","coordinates":[[[139.76923287133687,35.67390429529884],[139.7692020116987,35.67387045936093],[139.7691999741382,35.673862850689645],[139.76920072919575,35.67385800170639],[139.7692035604194,35.6738539290095],[139.7692274219555,35.67383939355958],[139.76923863560728,35.673851694253635],[139.7692239801971,35.67386098861832],[139.7692487922864,35.67388724078733],[139.76926288389697,35.67387846891585],[139.76928517878733,35.67390291699233],[139.76926114049485,35.67391745235948],[139.76925309446452,35.673908632652285],[139.7692417282015,35.67390758101035],[139.76923566462773,35.67390621670978],[139.76923287133687,35.67390429529884]]]}},{"type":"Feature","properties":{"height":43.8,"gml_id":"bldg_6f2d30cf-52d2-4fe0-bb10-cec890258fc3"},"geometry":{"type":"Polygon","coordinates":[[[139.77083644144113,35.674638386960574],[139.77086490103372,35.67469135737174],[139.770821707181,35.674706351822714],[139.77083205411088,35.67472562042864],[139.77073858262878,35.67475902992352],[139.77069997481493,35.67468708031067],[139.77083644144113,35.674638386960574]]]}},{"type":"Feature","properties":{"height":27.1,"gml_id":"bldg_abeacb71-baa1-4a7b-9712-2b9458649a1c"},"geometry":{"type":"Polygon","coordinates":[[[139.77036015103997,35.67190310316958],[139.77042591443907,35.67185608587131],[139.7704918128485,35.67191858543393],[139.77042671257882,35.67196515242761],[139.77036015103997,35.67190310316958]]]}},{"type":"Feature","properties":{"height":18.3,"gml_id":"bldg_77236a86-3eb5-4c66-9e7f-5315bac75740"},"geometry":{"type":"Polygon","coordinates":[[[139.77440424270324,35.67193264213538],[139.7743475618269,35.67194956920987],[139.77430499245077,35.671854452588136],[139.77436167326815,35.671837526434736],[139.77440424270324,35.67193264213538]]]}},{"type":"Feature","properties":{"height":20.1,"gml_id":"bldg_5dfc0a4d-f143-4207-8d0b-d75dc16855cb"},"geometry":{"type":"Polygon","coordinates":[[[139.76314667774915,35.668010590135054],[139.76319160487722,35.66804468823492],[139.76312096752997,35.66810612074693],[139.76307697894694,35.66807242878675],[139.76314667774915,35.668010590135054]]]}},{"type":"Feature","properties":{"height":14.3,"gml_id":"bldg_c468e717-5560-42cb-abfd-dc1f298dd532"},"geometry":{"type":"Polygon","coordinates":[[[139.77328220809736,35.67272881138357],[139.7732587223761,35.67267075125051],[139.77333794222824,35.67264951834683],[139.77336142806809,35.67270748832745],[139.77328220809736,35.67272881138357]]]}},{"type":"Feature","properties":{"height":36.7,"gml_id":"bldg_1626e1c6-3d41-4385-8844-3d3f52119d35"},"geometry":{"type":"Polygon","coordinates":[[[139.76983916825253,35.666781315860376],[139.76975870358478,35.666846261556614],[139.76979855274797,35.666879183633625],[139.76976152567713,35.66690908970198],[139.76984641241143,35.66697899095497],[139.76978261514287,35.66703066010308],[139.76956677806857,35.66685276804823],[139.7697481001858,35.66670627440682],[139.76983916825253,35.666781315860376]]]}},{"type":"Feature","properties":{"height":6.2,"gml_id":"bldg_a4ca77bc-ee1c-459b-a6c1-bca573b4ddfb"},"geometry":{"type":"Polygon","coordinates":[[[139.77219091985816,35.668971978578206],[139.7721638853765,35.66894925023575],[139.7721989557218,35.66892146968696],[139.77222599020405,35.66894419802164],[139.77219091985816,35.668971978578206]]]}},{"type":"Feature","properties":{"height":12.7,"gml_id":"bldg_ddabb7ed-1d8f-47c8-992c-a5e1866e8809"},"geometry":{"type":"Polygon","coordinates":[[[139.76884436469672,35.67051671009162],[139.7688612522348,35.670533214265305],[139.76882754252142,35.670556271366735],[139.76883372372566,35.67056213360397],[139.7687549202459,35.67061608362398],[139.7687319620476,35.67059362711549],[139.76884436469672,35.67051671009162]]]}},{"type":"Feature","properties":{"height":8.8,"gml_id":"bldg_6474cb42-a62b-41e4-8d02-31da24ad9ba3"},"geometry":{"type":"Polygon","coordinates":[[[139.77016263042358,35.67373792454895],[139.77018260240752,35.673766598679556],[139.77011243004924,35.67379910141273],[139.7700924581534,35.67377033713342],[139.77016263042358,35.67373792454895]]]}},{"type":"Feature","properties":{"height":32.1,"gml_id":"bldg_6cb6ba09-a6c5-439e-b9be-386d4d6f2470"},"geometry":{"type":"Polygon","coordinates":[[[139.7632405777437,35.66858093486218],[139.76319072755416,35.66854251633672],[139.7632074197101,35.66852801394519],[139.76315598005758,35.66848832444407],[139.76327315613102,35.66838707739002],[139.76341411852167,35.66849586496982],[139.76330072306953,35.66859383155574],[139.76326105041326,35.66856325281535],[139.7632405777437,35.66858093486218]]]}},{"type":"Feature","properties":{"height":45.7,"gml_id":"bldg_70112c5d-763d-411a-87cb-0db7a1b773ab"},"geometry":{"type":"Polygon","coordinates":[[[139.77099455945336,35.66919147155733],[139.77123111681234,35.669398729409274],[139.77103835849778,35.66954528329814],[139.77080180113552,35.669338115209975],[139.77099455945336,35.66919147155733]]]}},{"type":"Feature","properties":{"height":48.7,"gml_id":"bldg_526fd2d4-cd84-41f7-8a66-f7b2e8e2eeab"},"geometry":{"type":"Polygon","coordinates":[[[139.76327200433553,35.67109579373027],[139.7631740729792,35.671165052302946],[139.76309162471216,35.67108730587193],[139.7631896443514,35.67101812042806],[139.76327200433553,35.67109579373027]]]}},{"type":"Feature","properties":{"height":34.7,"gml_id":"bldg_5676587c-dd52-47c7-93e0-bdbca87fc8db"},"geometry":{"type":"Polygon","coordinates":[[[139.76421017456983,35.66827359516384],[139.76433116016747,35.66836452300746],[139.764227359192,35.668456403582695],[139.76410637357375,35.66836547563614],[139.76421017456983,35.66827359516384]]]}},{"type":"Feature","properties":{"height":11.8,"gml_id":"bldg_8f8d8ba9-0bb7-4214-b45c-878fe5f4e6c4"},"geometry":{"type":"Polygon","coordinates":[[[139.77160676836309,35.67230368789184],[139.77159187318907,35.67228078538091],[139.77167519181413,35.67224459287952],[139.77169019753975,35.67226740529958],[139.77160676836309,35.67230368789184]]]}},{"type":"Feature","properties":{"height":54.4,"gml_id":"bldg_edf9773a-d504-45f6-b393-097256f7da3e"},"geometry":{"type":"Polygon","coordinates":[[[139.7626604996022,35.66952968795173],[139.7626556765157,35.66952506107554],[139.76267612426213,35.669511011651174],[139.7626276725017,35.66946474275687],[139.76268238467802,35.66942637636482],[139.76281681366612,35.66955472059403],[139.7627416536346,35.66960722662236],[139.76274245914647,35.66960820057781],[139.76268769185035,35.669646332606526],[139.76260571012523,35.66956793710919],[139.7626604996022,35.66952968795173]]]}},{"type":"Feature","properties":{"height":27.4,"gml_id":"bldg_528d9e16-84eb-4c25-bde2-6d78246ecd47"},"geometry":{"type":"Polygon","coordinates":[[[139.76957859167055,35.67363870908918],[139.7696351644184,35.67360770476521],[139.76968955014223,35.67367376809437],[139.76958489205896,35.67373122031355],[139.76951514417323,35.67364654356094],[139.76956475446593,35.6736193853429],[139.76957859167055,35.67363870908918]]]}},{"type":"Feature","properties":{"height":29.9,"gml_id":"bldg_2c76122b-3b70-4583-9366-455fe73f89be"},"geometry":{"type":"Polygon","coordinates":[[[139.77400230179123,35.668295492559416],[139.77390108152275,35.66819926698003],[139.77395611896023,35.668160715340136],[139.77389463636936,35.6681021858583],[139.77405886412424,35.66798725243411],[139.77422156708548,35.66814200723081],[139.77400230179123,35.668295492559416]]]}},{"type":"Feature","properties":{"height":18.2,"gml_id":"bldg_3c29505f-a1fb-46b0-9284-0130094936a8"},"geometry":{"type":"Polygon","coordinates":[[[139.76572714511565,35.674267235598805],[139.76595428396803,35.67411593230684],[139.76604932388966,35.674202698406816],[139.76581234473653,35.67436418096776],[139.76572714511565,35.674267235598805]]]}},{"type":"Feature","properties":{"height":9.1,"gml_id":"bldg_89fb3292-a2ee-4550-a867-de1951e8eba3"},"geometry":{"type":"Polygon","coordinates":[[[139.77004261756116,35.67155662914941],[139.77009555813632,35.67152087155069],[139.77012701590104,35.671551986341136],[139.77007396492692,35.67158765285679],[139.77004261756116,35.67155662914941]]]}},{"type":"Feature","properties":{"height":22.7,"gml_id":"bldg_1f86f7a6-ad13-4974-95f4-028ce5daff38"},"geometry":{"type":"Polygon","coordinates":[[[139.762931433898,35.66746017588078],[139.7630193156181,35.66738360956435],[139.76309570176755,35.66744197392215],[139.76300781997716,35.66751863043089],[139.762931433898,35.66746017588078]]]}},{"type":"Feature","properties":{"height":104.9,"gml_id":"bldg_6887e14e-65da-4045-bba8-a6325383b970"},"geometry":{"type":"Polygon","coordinates":[[[139.76349079782526,35.674305889981824],[139.7631032139706,35.67437669270422],[139.76300653211075,35.67402428969905],[139.76334295971745,35.673962831833904],[139.76334747448448,35.673979329578586],[139.7634008387876,35.67396962575898],[139.76339401134902,35.673944924181356],[139.7639883101422,35.67383629195268],[139.76411783947455,35.674020876573856],[139.76414194503658,35.67410870305737],[139.764176781007,35.67410234135189],[139.76418611930183,35.674136391561284],[139.76418955539265,35.67413576257362],[139.76421705280836,35.67423596593355],[139.76417878068764,35.674242956637904],[139.76418887886567,35.67427974655425],[139.76424282340923,35.67428905444737],[139.76421956986272,35.67439159838104],[139.76422983325892,35.67442899320894],[139.76403935603466,35.6744637668618],[139.76399439197422,35.67446779715361],[139.7639281070009,35.674472446101575],[139.76387419586464,35.67447547968101],[139.76380437933602,35.67447615958262],[139.76374307292525,35.67447215902761],[139.76368740478455,35.67446311311468],[139.76364698181274,35.674453445039354],[139.76361429287607,35.674442339232684],[139.76358326473502,35.67442690779057],[139.76354043229108,35.67439335190874],[139.76352630721036,35.67437630777757],[139.7635097570203,35.67435331317895],[139.76350137581855,35.67433681319902],[139.76349079782526,35.674305889981824]]]}},{"type":"Feature","properties":{"height":7.1,"gml_id":"bldg_f94b4b91-f2f1-4466-a3d4-e5d54b335f1e"},"geometry":{"type":"Polygon","coordinates":[[[139.770876451235,35.67265572108133],[139.7709169366337,35.672698673566124],[139.7708603836102,35.672734177260125],[139.77081988718507,35.672691214835744],[139.770876451235,35.67265572108133]]]}},{"type":"Feature","properties":{"height":35.1,"gml_id":"bldg_32a1736e-ee73-4d9e-b0f5-5f9886028ec2"},"geometry":{"type":"Polygon","coordinates":[[[139.76683153655478,35.668222341031665],[139.76689048298948,35.668269425272314],[139.76681034267912,35.66833815582966],[139.76677185677647,35.668366825282824],[139.76679211220545,35.668383638080755],[139.7667189194379,35.668439301596976],[139.76669609293134,35.66841931543057],[139.76670269203672,35.668413721552504],[139.76664010455679,35.66836167764992],[139.76679475470604,35.66822087941631],[139.76683153655478,35.668222341031665]]]}}]}