{"type":"FeatureCollection","crs":{"type":"name","properties":{"name":"urn:ogc:def:crs:OGC:1.3:CRS84"}},"features":[{"type":"Feature","properties":{"height":5.2,"gml_id":"bldg_eed6f843-1a23-4e0b-ad68-b2f127c0b0bd"},"geometry":{"type":"Polygon","coordinates":[[[139.65092740762768,35.79408117284458],[139.6510728516738,35.79404975589129],[139.65108735334775,35.794094394867095],[139.65094190922585,35.79412581183747],[139.65092740762768,35.79408117284458]]]}},{"type":"Feature","properties":{"height":3.5,"gml_id":"bldg_28b64ff7-ed21-4652-9c07-c5122da1303f"},"geometry":{"type":"Polygon","coordinates":[[[139.66123717565807,35.79923471508914],[139.66126710080354,35.79921051152799],[139.66129924035968,35.79923687702107],[139.66126931521399,35.799261080590114],[139.66123717565807,35.79923471508914]]]}},{"type":"Feature","properties":{"height":5.1,"gml_id":"bldg_9ca88160-81e3-41be-9e42-c7d3d4a6ae54"},"geometry":{"type":"Polygon","coordinates":[[[139.6513919238667,35.792542815430174],[139.65150835705617,35.792521268927835],[139.65156739388578,35.79273326643142],[139.6514509604025,35.792754812989315],[139.6513919238667,35.792542815430174]]]}},{"type":"Feature","properties":{"height":3.5,"gml_id":"bldg_1bfbfe4b-969d-4eb5-94f2-65b851388c3c"},"geometry":{"type":"Polygon","coordinates":[[[139.66110662340165,35.7991305120361],[139.6611642672766,35.79913041432292],[139.6611644644264,35.79919287835618],[139.6611068203118,35.799193066204325],[139.66110662340165,35.7991305120361]]]}},{"type":"Feature","properties":{"height":5.2,"gml_id":"bldg_7049ff0d-9d94-4944-828a-b8f41914eab7"},"geometry":{"type":"Polygon","coordinates":[[[139.6530152536581,35.792673343125884],[139.6529902226346,35.792587947392526],[139.65310643644216,35.79256540752426],[139.65313146758317,35.79265080323409],[139.6530152536581,35.792673343125884]]]}},{"type":"Feature","properties":{"height":13.0,"gml_id":"bldg_716403c9-a80a-4773-a154-02b241fa6759"},"geometry":{"type":"Polygon","coordinates":[[[139.65137578875834,35.79190445231222],[139.65144926559725,35.79213918585894],[139.65142072308046,35.792187635511596],[139.65139991470264,35.792191930527174],[139.6513139171884,35.791917248028305],[139.65137578875834,35.79190445231222]]]}},{"type":"Feature","properties":{"height":35.8,"gml_id":"bldg_96fa90c6-f599-4504-91e8-a19a6771b9a5"},"geometry":{"type":"Polygon","coordinates":[[[139.6510003212279,35.791753898284455],[139.6497321430415,35.792004978572244],[139.64967287045056,35.79180163278545],[139.6509407060778,35.7915538875995],[139.65097693623505,35.791675445042536],[139.65099461254198,35.79173460065693],[139.6510003212279,35.791753898284455]]]}},{"type":"Feature","properties":{"height":6.7,"gml_id":"bldg_714c5ee7-55e7-40e4-b8a4-10bfb7e14a91"},"geometry":{"type":"Polygon","coordinates":[[[139.65161735758684,35.792071297661046],[139.65162910617522,35.79211034403237],[139.65160486705784,35.79211517471138],[139.6515931184806,35.79207612833774],[139.65161735758684,35.792071297661046]]]}},{"type":"Feature","properties":{"height":4.8,"gml_id":"bldg_8e1547e0-b3da-46e3-9729-51c269ff6852"},"geometry":{"type":"Polygon","coordinates":[[[139.6514015964048,35.79407504097318],[139.6514549558235,35.794060069095266],[139.65146706034523,35.79408866030832],[139.65141370090961,35.79410363219148],[139.6514015964048,35.79407504097318]]]}},{"type":"Feature","properties":{"height":3.0,"gml_id":"bldg_3f847d67-8b11-418d-b9d4-c58f7104b1b1"},"geometry":{"type":"Polygon","coordinates":[[[139.65092262875032,35.793945421766594],[139.65091329685782,35.79391395037376],[139.6509626615339,35.79390420050336],[139.6509719932388,35.793935762027495],[139.65092262875032,35.793945421766594]]]}},{"type":"Feature","properties":{"height":4.5,"gml_id":"bldg_c07292fd-bd04-47d7-af56-6067f72ac492"},"geometry":{"type":"Polygon","coordinates":[[[139.6509733338384,35.79422059174534],[139.65095904914673,35.79417784592805],[139.65109198769827,35.79414821269085],[139.651106272456,35.794190958492756],[139.6509733338384,35.79422059174534]]]}},{"type":"Feature","properties":{"height":9.8,"gml_id":"bldg_bb20282b-54c6-4021-ade9-59abccbeea59"},"geometry":{"type":"Polygon","coordinates":[[[139.6515474873601,35.79190435147006],[139.6515717260063,35.79189970107241],[139.65162056812116,35.79207031102375],[139.6515968823719,35.79207505240209],[139.6515474873601,35.79190435147006]]]}},{"type":"Feature","properties":{"height":4.0,"gml_id":"bldg_1e1c8eb3-47b2-4221-8a09-3e37da0e6130"},"geometry":{"type":"Polygon","coordinates":[[[139.65090866498056,35.79197134606388],[139.65089018192452,35.79197474316548],[139.65088217144552,35.791946067961824],[139.65090065470127,35.791942580726364],[139.65090866498056,35.79197134606388]]]}},{"type":"Feature","properties":{"height":3.4,"gml_id":"bldg_bf8c8a68-951e-48e5-a8b9-11438bc81118"},"geometry":{"type":"Polygon","coordinates":[[[139.65323951790054,35.792863143768955],[139.65322612725038,35.792815982916096],[139.6532861152306,35.79280462556396],[139.6532995059144,35.79285178641031],[139.65323951790054,35.792863143768955]]]}},{"type":"Feature","properties":{"height":35.6,"gml_id":"bldg_7b5832c0-0779-416e-bcef-e2e425c55a7c"},"geometry":{"type":"Polygon","coordinates":[[[139.6497321430415,35.792004978572244],[139.6510003212279,35.791753898284455],[139.65100438220517,35.79176805569668],[139.65074361628493,35.79182102014979],[139.65073456948457,35.79185850272849],[139.65050911037744,35.79190439958788],[139.650478202943,35.79187424737528],[139.64973631733895,35.7920178743042],[139.6497321430415,35.792004978572244]]]}},{"type":"Feature","properties":{"height":3.2,"gml_id":"bldg_38962086-7f39-4e39-b09e-fd6f996d188a"},"geometry":{"type":"Polygon","coordinates":[[[139.65106528329278,35.7937304850226],[139.65129827087293,35.79368432813284],[139.6513113354124,35.79372851423197],[139.651078458549,35.79377458117901],[139.65106528329278,35.7937304850226]]]}},{"type":"Feature","properties":{"height":3.9,"gml_id":"bldg_8609b3f7-e533-4207-9d8a-66aaf4ce2235"},"geometry":{"type":"Polygon","coordinates":[[[139.65200327147267,35.79390667566268],[139.65199734542733,35.79388548491902],[139.65211112482132,35.79386411410878],[139.65211705069063,35.79388539498205],[139.65200327147267,35.79390667566268]]]}},{"type":"Feature","properties":{"height":10.1,"gml_id":"bldg_da72ec4a-e317-4f70-bd81-4ffd00733dad"},"geometry":{"type":"Polygon","coordinates":[[[139.65053629704047,35.79273801281252],[139.65125926612393,35.79259606490199],[139.65131986783277,35.79280076392878],[139.6505968969997,35.79294271219375],[139.65053629704047,35.79273801281252]]]}},{"type":"Feature","properties":{"height":3.2,"gml_id":"bldg_0d4a9f8b-1ed7-4ab6-9e5e-71d39b18311f"},"geometry":{"type":"Polygon","coordinates":[[[139.65126845744146,35.791767644613714],[139.6512625305141,35.79174699463773],[139.6513516269547,35.7917298235203],[139.65135755369835,35.79175056362711],[139.65126845744146,35.791767644613714]]]}},{"type":"Feature","properties":{"height":6.6,"gml_id":"bldg_77635a6c-bef2-4cf1-8583-38082af685dd"},"geometry":{"type":"Polygon","coordinates":[[[139.6527222977962,35.79194163516776],[139.65259921592784,35.79196849084335],[139.6524935445366,35.7916351916015],[139.65262237417585,35.79161032764864],[139.6527222977962,35.79194163516776]]]}},{"type":"Feature","properties":{"height":1.8,"gml_id":"bldg_bc87e414-9f92-4e1d-b514-dc841ab22c72"},"geometry":{"type":"Polygon","coordinates":[[[139.66238834330724,35.79925690814972],[139.66238709556234,35.799271237885705],[139.66234561028193,35.79926892551314],[139.66234674720081,35.79925468575527],[139.66238834330724,35.79925690814972]]]}},{"type":"Feature","properties":{"height":6.2,"gml_id":"bldg_be156069-c156-40a2-a656-93a553964314"},"geometry":{"type":"Polygon","coordinates":[[[139.6518598756538,35.792113036055945],[139.65186152445204,35.79211772558377],[139.65180762043192,35.79212954208865],[139.65177663529047,35.792036024924386],[139.6518406117222,35.79202197025228],[139.65184995155053,35.792050016451],[139.65188249322682,35.79204285473185],[139.65190260046413,35.79210363631526],[139.6518598756538,35.792113036055945]]]}},{"type":"Feature","properties":{"height":3.2,"gml_id":"bldg_673272c4-aa23-43d8-8426-a470a621e128"},"geometry":{"type":"Polygon","coordinates":[[[139.66113185478804,35.79912802438789],[139.6611328402756,35.79908151599301],[139.66122942648641,35.79908282604541],[139.66122855169527,35.7991293345996],[139.66113185478804,35.79912802438789]]]}},{"type":"Feature","properties":{"height":20.8,"gml_id":"bldg_989418a0-851b-45d1-a868-c68bc3b1f234"},"geometry":{"type":"Polygon","coordinates":[[[139.65319896628662,35.79176243998246],[139.65320125228828,35.791778938181864],[139.6531770672352,35.791808917030636],[139.65316320731947,35.791812416952006],[139.65315070889346,35.7917724628421],[139.65319896628662,35.79176243998246]]]}},{"type":"Feature","properties":{"height":3.2,"gml_id":"bldg_0cd2a66e-bd18-49b0-b3f9-37e063e08038"},"geometry":{"type":"Polygon","coordinates":[[[139.65187984613365,35.792428630130885],[139.6518797805833,35.79240880025064],[139.6519612379702,35.79239432121734],[139.65197238156392,35.79240758792504],[139.65196868118628,35.792429395103206],[139.65189286511423,35.79244424319552],[139.65187984613365,35.792428630130885]]]}},{"type":"Feature","properties":{"height":4.0,"gml_id":"bldg_413705f5-428f-41ca-a9e7-ceb6fd4a2066"},"geometry":{"type":"Polygon","coordinates":[[[139.65109221214067,35.79191799384037],[139.65109660112253,35.79193386431838],[139.65105764267173,35.79194110623334],[139.65105325369723,35.791925235753965],[139.65109221214067,35.79191799384037]]]}},{"type":"Feature","properties":{"height":4.5,"gml_id":"bldg_e6237dc8-5c5b-4787-9fbc-cdb300104ea5"},"geometry":{"type":"Polygon","coordinates":[[[139.65157237187756,35.7927334542271],[139.65158335289465,35.79276952497141],[139.65152058927157,35.792785113639006],[139.65145517827892,35.79279727312557],[139.65144608030587,35.79276021372924],[139.65157237187756,35.7927334542271]]]}},{"type":"Feature","properties":{"height":3.1,"gml_id":"bldg_53427e7f-6c64-4ab1-bc83-f9139ad7e4e1"},"geometry":{"type":"Polygon","coordinates":[[[139.6506598548369,35.79318076520194],[139.65061635673953,35.79318935210503],[139.65060570841086,35.79315310151032],[139.65064909585783,35.79314451444288],[139.6506598548369,35.79318076520194]]]}},{"type":"Feature","properties":{"height":3.5,"gml_id":"bldg_29b74439-fc77-431b-85a8-ea980be05efa"},"geometry":{"type":"Polygon","coordinates":[[[139.65065055635117,35.793134782043275],[139.6506384733099,35.79309699697029],[139.6506995716867,35.79308411029598],[139.65071154412328,35.79312189519495],[139.65065055635117,35.793134782043275]]]}},{"type":"Feature","properties":{"height":4.0,"gml_id":"bldg_d15b9bf7-de83-4162-8e77-366c4bca8b33"},"geometry":{"type":"Polygon","coordinates":[[[139.6506285332261,35.792654687651805],[139.6506815622134,35.792638724121346],[139.65070313679286,35.79268643849944],[139.65065010798438,35.79270231190418],[139.6506285332261,35.792654687651805]]]}},{"type":"Feature","properties":{"height":2.8,"gml_id":"bldg_6f50f1e6-3a5b-4623-bb88-399b0e02300e"},"geometry":{"type":"Polygon","coordinates":[[[139.6624507922505,35.79918299585405],[139.66247884872885,35.799204578059204],[139.6624386120182,35.79923922295935],[139.66241055553866,35.79921764074494],[139.6624507922505,35.79918299585405]]]}},{"type":"Feature","properties":{"height":6.5,"gml_id":"bldg_22fb850d-1527-42c9-8360-aad179b25227"},"geometry":{"type":"Polygon","coordinates":[[[139.65307013526032,35.79247368543703],[139.65300348596355,35.7922506807249],[139.65314460374796,35.79222258977081],[139.65321136404702,35.79244559457257],[139.65307013526032,35.79247368543703]]]}},{"type":"Feature","properties":{"height":16.4,"gml_id":"bldg_66b86efc-b5a9-40ba-ac2d-de2fa0b62cd0"},"geometry":{"type":"Polygon","coordinates":[[[139.65008176053817,35.79237957368635],[139.65071596276098,35.79225443916567],[139.6507302346102,35.79230259312752],[139.65009603202648,35.792427727721424],[139.65008176053817,35.79237957368635]]]}},{"type":"Feature","properties":{"height":5.6,"gml_id":"bldg_f49146b4-3578-4788-981b-75bcc7a33731"},"geometry":{"type":"Polygon","coordinates":[[[139.65074405736075,35.79307904014114],[139.65077770463424,35.79307242121396],[139.65079219689747,35.7931210261736],[139.65075843897296,35.793127644936746],[139.65074405736075,35.79307904014114]]]}},{"type":"Feature","properties":{"height":20.9,"gml_id":"bldg_9ef06a08-da1b-4317-a586-f4f9acc68c0b"},"geometry":{"type":"Polygon","coordinates":[[[139.65245847192975,35.791734107498065],[139.65227108860665,35.79177222315505],[139.6522616513233,35.79173831804111],[139.65244814994185,35.79170002079689],[139.65245847192975,35.791734107498065]]]}},{"type":"Feature","properties":{"height":13.2,"gml_id":"bldg_ddf598f0-f2e5-4d8d-8ec2-58ca2e604d3c"},"geometry":{"type":"Polygon","coordinates":[[[139.6519159164421,35.79174518801197],[139.65199069505175,35.791991911205194],[139.65191797745376,35.79200658371712],[139.651910291117,35.79198115394417],[139.65177138614,35.79200915665667],[139.65170418381095,35.79178786294985],[139.6519159164421,35.79174518801197]]]}},{"type":"Feature","properties":{"height":20.8,"gml_id":"bldg_fe4ccbec-8fd9-4b53-89d2-e9794eabe189"},"geometry":{"type":"Polygon","coordinates":[[[139.65316320731947,35.791812416952006],[139.6531746532714,35.79184911379356],[139.65273834425514,35.79193940588477],[139.65270352725034,35.791827675853106],[139.65321520997372,35.791721813258484],[139.65322608320415,35.79175689220906],[139.65319896628662,35.79176243998246],[139.65315070889346,35.7917724628421],[139.65316320731947,35.791812416952006]]]}},{"type":"Feature","properties":{"height":4.1,"gml_id":"bldg_d4f65e58-6079-4519-b450-9a666b5b1301"},"geometry":{"type":"Polygon","coordinates":[[[139.65063960690003,35.79269842012885],[139.65058447834977,35.79271329882525],[139.6505646764079,35.79266450549622],[139.6506198049281,35.7926496268087],[139.65063960690003,35.79269842012885]]]}},{"type":"Feature","properties":{"height":3.2,"gml_id":"bldg_f3b2c7b3-1127-4dba-beb9-971f88d08aa6"},"geometry":{"type":"Polygon","coordinates":[[[139.65080108700948,35.7926199771972],[139.6508166492925,35.79263604491523],[139.65081196053526,35.79265451554777],[139.65073437125946,35.79267053197652],[139.6507185934985,35.7926519401305],[139.6507225020859,35.792635992107],[139.65080108700948,35.7926199771972]]]}},{"type":"Feature","properties":{"height":7.4,"gml_id":"bldg_b7bcab6b-f00f-43a6-9f1a-a1e632ad2d95"},"geometry":{"type":"Polygon","coordinates":[[[139.65272111782355,35.792658660285234],[139.65274579956377,35.79265383004655],[139.65278060046754,35.792772860991626],[139.65279609515926,35.79277009006076],[139.65292662659547,35.793216726427055],[139.6529136773726,35.79321905051708],[139.65292454578176,35.79325629272765],[139.65272985800456,35.793294127719385],[139.6527340302019,35.793308195101794],[139.6516949547789,35.79350988517339],[139.65169078172877,35.793496268431134],[139.65148779187805,35.79353562116777],[139.65131401581303,35.7929412760995],[139.6513592842151,35.79293251135184],[139.651350826837,35.7929056382145],[139.6527136550824,35.79263205914204],[139.65272111782355,35.792658660285234]]]}},{"type":"Feature","properties":{"height":3.3,"gml_id":"bldg_100886b1-620a-4d55-a6b0-cc51f78a1c62"},"geometry":{"type":"Polygon","coordinates":[[[139.65133136250182,35.79183525124209],[139.6513388257361,35.79186140179773],[139.65131071360076,35.791866677232534],[139.65130336079955,35.791840616977744],[139.65133136250182,35.79183525124209]]]}},{"type":"Feature","properties":{"height":4.4,"gml_id":"bldg_bfd7997c-d706-4910-b1ed-d739c37c5be9"},"geometry":{"type":"Polygon","coordinates":[[[139.6507302309859,35.79302953483306],[139.65076166457757,35.7930233632253],[139.65077461931847,35.79306700840819],[139.65074318571064,35.793073180019256],[139.6507302309859,35.79302953483306]]]}},{"type":"Feature","properties":{"height":34.7,"gml_id":"bldg_b7c1b067-2274-420f-b279-52e0ea3d286d"},"geometry":{"type":"Polygon","coordinates":[[[139.65099461254198,35.79173460065693],[139.65097693623505,35.791675445042536],[139.6510262995178,35.7916656951383],[139.65104397585924,35.79172485074562],[139.65099461254198,35.79173460065693]]]}},{"type":"Feature","properties":{"height":15.7,"gml_id":"bldg_42247681-8a07-4822-ae94-13256ad0df8d"},"geometry":{"type":"Polygon","coordinates":[[[139.65071596276098,35.79225443916567],[139.65063691701485,35.79198860001304],[139.6507615432326,35.79196400207639],[139.65084025953968,35.79222893929504],[139.65071596276098,35.79225443916567]]]}},{"type":"Feature","properties":{"height":4.3,"gml_id":"bldg_4a6a9a66-4069-41fd-bac8-d3f866fd0c24"},"geometry":{"type":"Polygon","coordinates":[[[139.6511392094281,35.793768724313814],[139.65130545297538,35.79373679777904],[139.65131730735186,35.79377800757864],[139.65115117456176,35.79380984416195],[139.6511392094281,35.793768724313814]]]}},{"type":"Feature","properties":{"height":3.1,"gml_id":"bldg_a31c987a-1548-4e51-80a6-6b2c8fc5e6e3"},"geometry":{"type":"Polygon","coordinates":[[[139.65326817301414,35.79271536468343],[139.65328384888483,35.79273035062832],[139.65327971323848,35.792749092591905],[139.6532004648906,35.792765108127945],[139.65318623008253,35.79274886243617],[139.65318848034192,35.79273219076464],[139.65326817301414,35.79271536468343]]]}},{"type":"Feature","properties":{"height":6.8,"gml_id":"bldg_db85f865-2764-4fb4-977f-c348ba6f2966"},"geometry":{"type":"Polygon","coordinates":[[[139.65311340212094,35.79256722067204],[139.65332435393788,35.792527967235216],[139.65335596178102,35.792640593626004],[139.65314489925387,35.79267975681589],[139.65311340212094,35.79256722067204]]]}},{"type":"Feature","properties":{"height":4.6,"gml_id":"bldg_f35e0ef2-f81b-42c7-bffa-761308b64477"},"geometry":{"type":"Polygon","coordinates":[[[139.65135314228053,35.79189008651555],[139.65133122747125,35.79189446998043],[139.65132617651471,35.791877787290424],[139.65134820194967,35.79187340399389],[139.65135314228053,35.79189008651555]]]}},{"type":"Feature","properties":{"height":3.0,"gml_id":"bldg_8e5e3032-21e0-4963-8129-a483e40b8545"},"geometry":{"type":"Polygon","coordinates":[[[139.65066615981675,35.7931812254572],[139.6506550714152,35.79314389257395],[139.65071229400326,35.79313262244135],[139.65072338243007,35.79316995531947],[139.65066615981675,35.7931812254572]]]}},{"type":"Feature","properties":{"height":8.3,"gml_id":"bldg_bfee6543-36d2-4225-a9f8-1e77c1499219"},"geometry":{"type":"Polygon","coordinates":[[[139.65089105810637,35.791978620316016],[139.65097171328125,35.79226672518062],[139.65091604223795,35.792277096439356],[139.65083538725386,35.79198899153846],[139.65089105810637,35.791978620316016]]]}},{"type":"Feature","properties":{"height":3.2,"gml_id":"bldg_790acae5-14cb-4cea-8fe5-e90fc1d79e2a"},"geometry":{"type":"Polygon","coordinates":[[[139.6530483317502,35.79218386752453],[139.6530623480191,35.79219885101107],[139.65305677333856,35.792217951352676],[139.65298018569757,35.79223171735036],[139.65296572528715,35.792217454271096],[139.65296853219186,35.79219925113586],[139.6530483317502,35.79218386752453]]]}},{"type":"Feature","properties":{"height":9.9,"gml_id":"bldg_7b7741f1-06bc-43c7-aced-8d0a9a0893c5"},"geometry":{"type":"Polygon","coordinates":[[[139.65130661378402,35.79293675812621],[139.6514819450024,35.79352831136164],[139.6509493413674,35.79363305317339],[139.65077401387327,35.79304149918257],[139.65130661378402,35.79293675812621]]]}},{"type":"Feature","properties":{"height":5.9,"gml_id":"bldg_e36e64ce-c286-4315-80fc-dcb57ac1a556"},"geometry":{"type":"Polygon","coordinates":[[[139.65184849495196,35.79200945333363],[139.65187650077564,35.7920022847699],[139.6518833196839,35.792019961593645],[139.6518553138546,35.7920271301589],[139.65184849495196,35.79200945333363]]]}},{"type":"Feature","properties":{"height":3.0,"gml_id":"bldg_7e908c77-3df6-4f3a-a0e0-185fb3693b36"},"geometry":{"type":"Polygon","coordinates":[[[139.66128026000862,35.799059824165745],[139.66123910115445,35.79906012580186],[139.66123873751656,35.79902353035579],[139.6612798961575,35.79902331885475],[139.66128026000862,35.799059824165745]]]}},{"type":"Feature","properties":{"height":24.6,"gml_id":"bldg_c1d52bc0-e038-409b-9ba4-c9c3d7ba2368"},"geometry":{"type":"Polygon","coordinates":[[[139.64979038537916,35.79304135377707],[139.65003499812437,35.79299080044014],[139.65001841643993,35.79298509663407],[139.64998470240548,35.79297260655114],[139.64994921558588,35.79296128551467],[139.64992536206293,35.792942591113444],[139.64990406198098,35.792920024782326],[139.64988829182278,35.79289818796699],[139.6498702684428,35.79284588196003],[139.64986811590052,35.792819739421255],[139.64986829614602,35.792789454215104],[139.64988107964564,35.79276297392331],[139.64990182961577,35.79273605510647],[139.64993208328534,35.792713747685404],[139.64997449973237,35.792694343136006],[139.65005685149228,35.79267608107302],[139.65008838507325,35.792674506696684],[139.65011902367317,35.79267725744581],[139.65015374238604,35.79268578306616],[139.65018313757656,35.792700069231145],[139.65020698136817,35.792722999929175],[139.65022474004547,35.79274610162668],[139.6502365126554,35.79277442205743],[139.65028546575954,35.792943860932304],[139.65029752748106,35.7929426173986],[139.6505963339213,35.79396178162811],[139.65058570697528,35.79396446953755],[139.65065279778597,35.79418558334737],[139.65065861492573,35.7942058726369],[139.65065945192285,35.79422687544289],[139.65065628569883,35.79425679556555],[139.6506448261005,35.79428490038083],[139.65062584961674,35.794310289712826],[139.65059990920284,35.794333054533745],[139.6505664512756,35.79435337426827],[139.65053357292356,35.794362157551255],[139.65036201075011,35.794396959250676],[139.65033146971462,35.794399616832045],[139.65030282019484,35.7943975902474],[139.650272629871,35.79439204603199],[139.65023494025715,35.79437612482567],[139.65020356420817,35.79435696835129],[139.65017696402583,35.79432970696324],[139.65015934853741,35.79429227396357],[139.64979038537916,35.79304135377707]]]}},{"type":"Feature","properties":{"height":2.6,"gml_id":"bldg_11853484-507c-433c-a434-12072cf740e7"},"geometry":{"type":"Polygon","coordinates":[[[139.6614787100756,35.799283282943215],[139.66148022099975,35.7992495745075],[139.66153963093595,35.79925146211494],[139.66153812023094,35.79928508041646],[139.6614787100756,35.799283282943215]]]}},{"type":"Feature","properties":{"height":2.1,"gml_id":"bldg_8904152d-e472-4e06-938f-453c9c48398f"},"geometry":{"type":"Polygon","coordinates":[[[139.65295282510854,35.79361777793186],[139.65300961312957,35.79360299077615],[139.65301720298203,35.793622381259304],[139.65296052558097,35.79363716858448],[139.65295282510854,35.79361777793186]]]}},{"type":"Feature","properties":{"height":17.8,"gml_id":"bldg_3f2547a3-5494-43f6-8b5d-6ec8eeeebb0d"},"geometry":{"type":"Polygon","coordinates":[[[139.65063691701485,35.79198860001304],[139.65071596276098,35.79225443916567],[139.65008176053817,35.79237957368635],[139.65007987898912,35.792379931360315],[139.65000083503392,35.79211418193601],[139.65063691701485,35.79198860001304]]]}},{"type":"Feature","properties":{"height":3.5,"gml_id":"bldg_e612ac06-97b5-406b-994e-022df42bc8aa"},"geometry":{"type":"Polygon","coordinates":[[[139.65145849484716,35.794060615260484],[139.65196453688674,35.79391238590457],[139.65197400276617,35.79393376225964],[139.6514679606083,35.79408199165454],[139.65145849484716,35.794060615260484]]]}},{"type":"Feature","properties":{"height":2.4,"gml_id":"bldg_8680d08b-776a-4348-8826-f77998a971e9"},"geometry":{"type":"Polygon","coordinates":[[[139.66132321878666,35.79925106256713],[139.66132358470907,35.799235289416316],[139.66136385639476,35.799235977970596],[139.66136337984008,35.7992517509633],[139.66132321878666,35.79925106256713]]]}},{"type":"Feature","properties":{"height":4.9,"gml_id":"bldg_064ebb39-7054-4dd9-8fa1-47d2a03df8d7"},"geometry":{"type":"Polygon","coordinates":[[[139.6509832065336,35.79396696586292],[139.65097079913807,35.793925755193136],[139.65096717544102,35.79391385183159],[139.65133243097995,35.79384103507943],[139.65134835166864,35.79389414889594],[139.6509832065336,35.79396696586292]]]}},{"type":"Feature","properties":{"height":3.0,"gml_id":"bldg_0c532b76-93cc-4ef6-a29e-267c4af27bb6"},"geometry":{"type":"Polygon","coordinates":[[[139.6512449381727,35.79247535194919],[139.6512389026253,35.79245380045625],[139.65127000303096,35.792448078886885],[139.6512760385864,35.79246963037832],[139.6512449381727,35.79247535194919]]]}},{"type":"Feature","properties":{"height":5.2,"gml_id":"bldg_dcb0cebb-007f-4c86-97df-68be7d13166a"},"geometry":{"type":"Polygon","coordinates":[[[139.65097606857188,35.79399210279884],[139.65110600449123,35.79396913500647],[139.6511231160887,35.7940336077097],[139.65099329070213,35.7940565756878],[139.65097606857188,35.79399210279884]]]}},{"type":"Feature","properties":{"height":3.2,"gml_id":"bldg_6a4b82b8-dcec-4d1e-aea4-3c8bd2d7d94a"},"geometry":{"type":"Polygon","coordinates":[[[139.65060196529774,35.79314507377522],[139.65059142802585,35.793108643077076],[139.65063724996574,35.79309978930763],[139.6506477872574,35.79313622000188],[139.65060196529774,35.79314507377522]]]}},{"type":"Feature","properties":{"height":3.1,"gml_id":"bldg_3edce84b-20b6-4d64-a9ba-fbdbe862886d"},"geometry":{"type":"Polygon","coordinates":[[[139.65082794202493,35.79379358029737],[139.65084862929592,35.793794062372164],[139.65086706638647,35.79385934834313],[139.65084536197062,35.793868238803796],[139.65082213528055,35.79386549949026],[139.6508045756595,35.79380354985237],[139.65082794202493,35.79379358029737]]]}},{"type":"Feature","properties":{"height":2.3,"gml_id":"bldg_0a2427f2-0ae0-44d1-a95c-54fe28b35ff0"},"geometry":{"type":"Polygon","coordinates":[[[139.66245694915392,35.79925285944943],[139.66245647069204,35.79926962393211],[139.66241752685488,35.79926884749609],[139.662418005325,35.79925208301358],[139.66245694915392,35.79925285944943]]]}},{"type":"Feature","properties":{"height":22.4,"gml_id":"bldg_1bdd59ec-41fc-4c45-85e7-979b0e3225f4"},"geometry":{"type":"Polygon","coordinates":[[[139.65277440022453,35.79355747998846],[139.65281140238432,35.79368174206323],[139.65164469726238,35.79391199317391],[139.65160769681543,35.79378773074985],[139.65277440022453,35.79355747998846]]]}},{"type":"Feature","properties":{"height":3.6,"gml_id":"bldg_14d96feb-7457-47a0-8a1a-ede21530923b"},"geometry":{"type":"Polygon","coordinates":[[[139.66116670252538,35.799129876998364],[139.66122445606797,35.799130230089794],[139.66122387800604,35.799193053554454],[139.66116612441797,35.79919270046265],[139.66116670252538,35.799129876998364]]]}},{"type":"Feature","properties":{"height":10.5,"gml_id":"bldg_82ff9dfd-ebac-40b8-833a-91af3fee610c"},"geometry":{"type":"Polygon","coordinates":[[[139.6516801527565,35.792138813802836],[139.65163473087978,35.792118014038735],[139.65154176379116,35.791794377656274],[139.6516940569383,35.791765403943316],[139.65179492664492,35.79211690397237],[139.6516801527565,35.792138813802836]]]}},{"type":"Feature","properties":{"height":9.8,"gml_id":"bldg_8b7e90ff-3fd9-4841-b20d-86d4b52969c9"},"geometry":{"type":"Polygon","coordinates":[[[139.65097171328125,35.79226672518062],[139.65089105810637,35.791978620316016],[139.65123880659533,35.791913979567326],[139.6513194629622,35.79220208420525],[139.65097171328125,35.79226672518062]]]}},{"type":"Feature","properties":{"height":3.4,"gml_id":"bldg_90ee2fbd-f6e5-4077-b26b-cb7fa76bd3a6"},"geometry":{"type":"Polygon","coordinates":[[[139.65095089413688,35.791936798139574],[139.6509560517356,35.79195519357892],[139.65091653990535,35.791962524744164],[139.6509113823153,35.79194412930316],[139.65095089413688,35.791936798139574]]]}},{"type":"Feature","properties":{"height":24.5,"gml_id":"bldg_2a95712f-18aa-450b-9bff-691aef38e5ea"},"geometry":{"type":"Polygon","coordinates":[[[139.65227108860665,35.79177222315505],[139.65245847192975,35.791734107498065],[139.6525089423892,35.79172390797359],[139.6525815312355,35.79196134356588],[139.65254976569832,35.79196778555834],[139.65254119983967,35.79193983071236],[139.6525241548461,35.79194332036283],[139.65253283030844,35.79197172605169],[139.65234378660074,35.79201001959388],[139.65227108860665,35.79177222315505]]]}},{"type":"Feature","properties":{"height":5.3,"gml_id":"bldg_6987fcec-22bb-4af5-9f54-2dfa59073c4f"},"geometry":{"type":"Polygon","coordinates":[[[139.6505748082657,35.79287796143401],[139.650589510902,35.79293125377788],[139.6505632803136,35.7929359910838],[139.650548577694,35.792882698736804],[139.6505748082657,35.79287796143401]]]}},{"type":"Feature","properties":{"height":3.8,"gml_id":"bldg_c000e389-efb3-4da1-85b1-4799b7abb32e"},"geometry":{"type":"Polygon","coordinates":[[[139.65367292791447,35.79322721791621],[139.65368007536537,35.79324660769789],[139.65367321233344,35.79324831001544],[139.65368299953326,35.7932745540284],[139.65363329819928,35.79328673816926],[139.6536230719368,35.793258961195],[139.65362141164644,35.793259319254986],[139.6536148139178,35.79324146259265],[139.65367292791447,35.79322721791621]]]}},{"type":"Feature","properties":{"height":2.7,"gml_id":"bldg_f71d4470-2265-4c6e-a262-17e2720a24b7"},"geometry":{"type":"Polygon","coordinates":[[[139.65745434252062,35.79774327066645],[139.65745858212972,35.79772723278491],[139.65742097967313,35.79772059789905],[139.65743191280595,35.797679512198116],[139.65748920107353,35.797689691149344],[139.65748250697652,35.79771500937809],[139.65754311322837,35.79772573396807],[139.65753463483688,35.79775744919702],[139.65745434252062,35.79774327066645]]]}},{"type":"Feature","properties":{"height":2.4,"gml_id":"bldg_de3595a5-ad50-4ec6-8c8a-e11bef3c5fd8"},"geometry":{"type":"Polygon","coordinates":[[[139.6623703286526,35.798369771013384],[139.6623739693219,35.79832299597101],[139.66244233687414,35.798326518303504],[139.66243869624475,35.79837329334803],[139.6623703286526,35.798369771013384]]]}},{"type":"Feature","properties":{"height":3.0,"gml_id":"bldg_9095b196-70e7-485f-8de3-3da75e7216db"},"geometry":{"type":"Polygon","coordinates":[[[139.65334093422857,35.793515515091016],[139.65334907609522,35.79353544719205],[139.65302140355163,35.793623919859506],[139.65301337218673,35.79360407803774],[139.65334093422857,35.793515515091016]]]}},{"type":"Feature","properties":{"height":4.0,"gml_id":"bldg_5e9454ee-6629-4c0d-be92-1a82adb97b6c"},"geometry":{"type":"Polygon","coordinates":[[[139.65016623061612,35.794475169047075],[139.65011941130462,35.79448438165541],[139.65009811476833,35.7944118803928],[139.65014482340624,35.79440266762397],[139.65016623061612,35.794475169047075]]]}},{"type":"Feature","properties":{"height":2.4,"gml_id":"bldg_a8e37ad7-5050-4f99-92c8-2d27bfb95cac"},"geometry":{"type":"Polygon","coordinates":[[[139.66132840944803,35.799306773596776],[139.6613293443086,35.79928370030225],[139.66136806627756,35.79928474717924],[139.66136713142816,35.79930782047411],[139.66132840944803,35.799306773596776]]]}},{"type":"Feature","properties":{"height":1.5,"gml_id":"bldg_4933a2d9-2cdf-44f0-bd90-a6abd1a49be4"},"geometry":{"type":"Polygon","coordinates":[[[139.65124238252602,35.79175282292788],[139.6512593164931,35.79174951356166],[139.6512648046013,35.79176854043654],[139.65124787083602,35.791771759668464],[139.65124238252602,35.79175282292788]]]}},{"type":"Feature","properties":{"height":6.5,"gml_id":"bldg_db03f0e9-8daa-4451-9cce-57b3f8bab915"},"geometry":{"type":"Polygon","coordinates":[[[139.65330512818875,35.79286062809399],[139.65333081244563,35.79295089204606],[139.65331409997756,35.792954021764004],[139.6533191493842,35.792971605719515],[139.65326657684835,35.79298153202697],[139.6532616376775,35.792964128505126],[139.65323817383538,35.792968509996705],[139.65324289336533,35.79298519210761],[139.65318722170414,35.79299574468616],[139.6531826122064,35.79297933314405],[139.6531424356705,35.79298693444925],[139.6531474846343,35.79300469868187],[139.6530914810524,35.79301525071862],[139.65308676134882,35.792998658736984],[139.65305909165608,35.79300384510703],[139.6530329688293,35.79291195800394],[139.65330512818875,35.79286062809399]]]}},{"type":"Feature","properties":{"height":6.2,"gml_id":"bldg_395c6c6c-b3a3-463e-9d27-e97e93566e4d"},"geometry":{"type":"Polygon","coordinates":[[[139.65153001321096,35.791804815594325],[139.6515397529511,35.79180293747709],[139.65156785867703,35.791897622112764],[139.65154937525514,35.791901199586015],[139.65152368472414,35.79181472091734],[139.65153001321096,35.791804815594325]]]}},{"type":"Feature","properties":{"height":8.0,"gml_id":"bldg_6241a72f-f54c-4933-b270-120e4d281c41"},"geometry":{"type":"Polygon","coordinates":[[[139.650406791943,35.79324960443008],[139.6503748809262,35.793126160576875],[139.6504740465782,35.79310900543691],[139.65050606816718,35.79323253956785],[139.650406791943,35.79324960443008]]]}},{"type":"Feature","properties":{"height":2.7,"gml_id":"bldg_3f50e881-3f2a-48c6-876b-b635293c3090"},"geometry":{"type":"Polygon","coordinates":[[[139.661128113488,35.79906726784825],[139.66109979042608,35.79906686673786],[139.66110041113342,35.799035590683374],[139.66112873418422,35.799035991793566],[139.661128113488,35.79906726784825]]]}},{"type":"Feature","properties":{"height":6.4,"gml_id":"bldg_6ddfe4a7-e5b9-4a17-b5a3-da894fff3d61"},"geometry":{"type":"Polygon","coordinates":[[[139.65287556477963,35.792509447734744],[139.6528075861884,35.792287432410184],[139.65294826280598,35.7922588002123],[139.6530162417648,35.79248081545946],[139.65287556477963,35.792509447734744]]]}},{"type":"Feature","properties":{"height":4.9,"gml_id":"bldg_fe38aced-ad6b-4f66-9884-1c45d60b0907"},"geometry":{"type":"Polygon","coordinates":[[[139.65155290903166,35.793798464175744],[139.651595626592,35.79393841880788],[139.65138709734993,35.79398064732839],[139.65134438013328,35.79384069262415],[139.65155290903166,35.793798464175744]]]}},{"type":"Feature","properties":{"height":3.0,"gml_id":"bldg_3a4832e9-18b3-4191-ad05-2bdef93324e5"},"geometry":{"type":"Polygon","coordinates":[[[139.65082790928574,35.79356598849148],[139.65085843612135,35.79366617519598],[139.650767564613,35.793684515003605],[139.65073703788462,35.79358432827665],[139.65082790928574,35.79356598849148]]]}},{"type":"Feature","properties":{"height":8.72,"gml_id":"bldg_c0a44228-dcb4-4190-8590-c35a2357f450"},"geometry":{"type":"Polygon","coordinates":[[[139.65196054796098,35.79514238203405],[139.65188207162745,35.795141759775305],[139.65188271724875,35.79509039262555],[139.65196117803885,35.795091016663065],[139.65196079459992,35.79512294291968],[139.65196054796098,35.79514238203405]]]}},{"type":"Feature","properties":{"height":7.3,"gml_id":"bldg_e4b87b9e-bd1f-4efe-9a8a-39964e142393"},"geometry":{"type":"Polygon","coordinates":[[[139.65587748464657,35.7926563104509],[139.6558846622023,35.79265491312895],[139.6558916202154,35.79267861908507],[139.65589759433533,35.79269901381801],[139.6557512971189,35.79272750415822],[139.65572816702462,35.79264861326334],[139.65577592851588,35.792639304313624],[139.65584729012602,35.79262541074476],[139.65584964861446,35.792633448893156],[139.65586963065996,35.792629558398616],[139.65587748464657,35.7926563104509]]]}},{"type":"Feature","properties":{"height":6.31,"gml_id":"bldg_ced9314f-8044-475d-a813-47993421c892"},"geometry":{"type":"Polygon","coordinates":[[[139.65980832096156,35.79337877774693],[139.65984677838648,35.79337957595564],[139.65984705132934,35.7933710702748],[139.65992521959208,35.79337268829255],[139.65997652083453,35.793373766374586],[139.65997537807314,35.7934098972918],[139.65997367106996,35.79340987139553],[139.6599694802513,35.79354283484833],[139.6598803132422,35.793540976556436],[139.6598813815513,35.79350705385002],[139.65980432832157,35.79350544191958],[139.65980832096156,35.79337877774693]]]}},{"type":"Feature","properties":{"height":4.78,"gml_id":"bldg_c68087d4-a80b-4ab3-99cf-f07fe994cc28"},"geometry":{"type":"Polygon","coordinates":[[[139.66184222439392,35.794153756527535],[139.66191672518036,35.79414904322258],[139.66192284321156,35.79421549612537],[139.66184833128264,35.79422021753026],[139.66184222439392,35.794153756527535]]]}},{"type":"Feature","properties":{"height":7.61,"gml_id":"bldg_bcd10884-a994-4de1-bcf0-7fcc07422678"},"geometry":{"type":"Polygon","coordinates":[[[139.66043616338834,35.7964332495508],[139.660479932342,35.796433262005436],[139.6604798959822,35.79659154047905],[139.66039310574584,35.79659154366959],[139.66039314656888,35.796412905435965],[139.66041917718488,35.79641289510194],[139.66041917291216,35.79643324945439],[139.66043616338834,35.7964332495508]]]}},{"type":"Feature","properties":{"height":3.41,"gml_id":"bldg_c9c2b006-780c-4c7e-a567-351b13829253"},"geometry":{"type":"Polygon","coordinates":[[[139.65907613182867,35.793631780714406],[139.65901370149462,35.79363087900383],[139.65901441403338,35.79359843130624],[139.6590768343871,35.7935993321006],[139.65907613182867,35.793631780714406]]]}},{"type":"Feature","properties":{"height":8.03,"gml_id":"bldg_c7dda8a3-4cba-4ad8-8a25-59d8c7a130e6"},"geometry":{"type":"Polygon","coordinates":[[[139.6615935606059,35.79715288657218],[139.6614766095139,35.7971515386951],[139.6614783384911,35.79705354515147],[139.66159528833703,35.797054891222224],[139.6615943980002,35.797105650554315],[139.6615935606059,35.79715288657218]]]}},{"type":"Feature","properties":{"height":9.22,"gml_id":"bldg_c03d1e61-8cf4-43f6-b2ce-174a336ec08e"},"geometry":{"type":"Polygon","coordinates":[[[139.65803856528026,35.791740828687686],[139.6580389353374,35.791742088418545],[139.65805258629706,35.7917394321988],[139.65806596958183,35.7917851197033],[139.65800301284239,35.79179738367992],[139.65799622454193,35.7917742297178],[139.65799028447648,35.79177538650653],[139.65798332499898,35.79175159503675],[139.65803856528026,35.791740828687686]]]}},{"type":"Feature","properties":{"height":7.23,"gml_id":"bldg_ccb3c052-27aa-4e33-8a2c-ffebccb31c3a"},"geometry":{"type":"Polygon","coordinates":[[[139.6544420820323,35.79235200735743],[139.65460427820534,35.79231839641273],[139.65461387524851,35.79234911619432],[139.65462504728836,35.79238495439967],[139.65446282997274,35.79241856353767],[139.6544420820323,35.79235200735743]]]}},{"type":"Feature","properties":{"height":7.34,"gml_id":"bldg_b1b0a367-8871-4d8d-9043-cbe020d95ab3"},"geometry":{"type":"Polygon","coordinates":[[[139.65622506822325,35.79210212169663],[139.65630457668055,35.79208547990835],[139.65632410489536,35.79214747763318],[139.656244595274,35.79216411943239],[139.65622506822325,35.79210212169663]]]}},{"type":"Feature","properties":{"height":8.24,"gml_id":"bldg_cf1342e1-3a9a-4545-8d60-a7cf822f8f9d"},"geometry":{"type":"Polygon","coordinates":[[[139.66180230288813,35.79177054906502],[139.66186444125418,35.79175890026008],[139.66186979597,35.79177837083164],[139.66187673126726,35.79180365919233],[139.6618145961986,35.79181530260008],[139.66177905740358,35.79182195707324],[139.6617684639535,35.79178260416877],[139.66180378473092,35.791775977329664],[139.66180230288813,35.79177054906502]]]}},{"type":"Feature","properties":{"height":2.49,"gml_id":"bldg_e635aacd-bd17-4ffe-ae58-4a0c4d94282c"},"geometry":{"type":"Polygon","coordinates":[[[139.66177790073073,35.796003627827425],[139.6618638068952,35.796002339749904],[139.66186442100664,35.79602907837029],[139.66177852032,35.796030378173604],[139.66177790073073,35.796003627827425]]]}},{"type":"Feature","properties":{"height":7.66,"gml_id":"bldg_cfb25891-712c-4754-935f-6f98407b005e"},"geometry":{"type":"Polygon","coordinates":[[[139.66167861617242,35.794031861067786],[139.6616773998519,35.79408711501117],[139.661671362751,35.79408703788954],[139.66167025694978,35.79413719844099],[139.6614636165942,35.794134206399896],[139.66146701070028,35.793979623701105],[139.66167365176597,35.79398261393422],[139.66167257356733,35.79403177312212],[139.66167861617242,35.794031861067786]]]}},{"type":"Feature","properties":{"height":9.09,"gml_id":"bldg_bc627634-a8e1-4998-8438-4e92fde62040"},"geometry":{"type":"Polygon","coordinates":[[[139.66020179962197,35.79669327179279],[139.66005136589567,35.796690968453234],[139.6600543274958,35.79641588513216],[139.66020528624387,35.79641818111122],[139.6602047162589,35.79646315511221],[139.66020179962197,35.79669327179279]]]}},{"type":"Feature","properties":{"height":10.31,"gml_id":"bldg_cd7a427f-1aa2-49ba-a1dc-d6c9492ba2d1"},"geometry":{"type":"Polygon","coordinates":[[[139.65500986833584,35.793281341482434],[139.65501249588007,35.793290242640715],[139.6549835781948,35.79329596120392],[139.6549822682046,35.79329155164167],[139.65495637214323,35.79329665995705],[139.6549211386245,35.7931780751754],[139.65501617925688,35.79315932198248],[139.65501721587802,35.7931627892245],[139.65502003579044,35.79317224319783],[139.65503456545335,35.793221119011875],[139.6550397022193,35.79323840287367],[139.65505008212457,35.79327339439039],[139.65500986833584,35.793281341482434]]]}},{"type":"Feature","properties":{"height":7.06,"gml_id":"bldg_c60a5c2c-b319-409a-9bcd-8239f77ff0c2"},"geometry":{"type":"Polygon","coordinates":[[[139.65450457108165,35.795153529636444],[139.6543427098095,35.79515065684286],[139.65434399192776,35.795103362038255],[139.654405758027,35.795104448161],[139.65440543339227,35.79511650327871],[139.65450552848444,35.795118289947894],[139.65450457108165,35.795153529636444]]]}},{"type":"Feature","properties":{"height":6.19,"gml_id":"bldg_be0e7d41-6a8b-4e6e-8700-d9b83daddf69"},"geometry":{"type":"Polygon","coordinates":[[[139.6570252447644,35.79176139518554],[139.65710183306436,35.79174631153434],[139.65711533664896,35.79179188304551],[139.657038749412,35.79180696760805],[139.6570252447644,35.79176139518554]]]}},{"type":"Feature","properties":{"height":2.77,"gml_id":"bldg_c7f87f45-8040-43dd-abe2-ee2f152bb161"},"geometry":{"type":"Polygon","coordinates":[[[139.65460969002157,35.79265595872406],[139.65472599803041,35.7926321978987],[139.65473876715618,35.792673707979],[139.65462245799432,35.792697464308],[139.65460969002157,35.79265595872406]]]}},{"type":"Feature","properties":{"height":11.19,"gml_id":"bldg_ca8b3fc6-d421-4e6e-a2b5-a122328c07d1"},"geometry":{"type":"Polygon","coordinates":[[[139.65844067886528,35.79267060366791],[139.6585185823158,35.792655914921916],[139.65852756933745,35.79268754297057],[139.6585414327124,35.792736480493744],[139.658463528083,35.7927511683512],[139.65844067886528,35.79267060366791]]]}},{"type":"Feature","properties":{"height":9.88,"gml_id":"bldg_affc0706-dbf2-4099-984d-69f8ae12bca3"},"geometry":{"type":"Polygon","coordinates":[[[139.656353496961,35.791633203886576],[139.65636616184733,35.79163072667772],[139.6564081739919,35.79177379189882],[139.65626449698956,35.79180191086119],[139.65625707111107,35.791776647596],[139.65627097791997,35.791773888299716],[139.6562617061057,35.791742423705955],[139.65624777830627,35.79174517215404],[139.65622236444577,35.79165887065148],[139.656353496961,35.791633203886576]]]}},{"type":"Feature","properties":{"height":8.99,"gml_id":"bldg_cda07451-8437-42cd-9b9c-2ca58e95d5f5"},"geometry":{"type":"Polygon","coordinates":[[[139.6558155585643,35.7917231898762],[139.65579787050677,35.791664229640496],[139.65579564577902,35.7916567496254],[139.65582840128022,35.791650213593805],[139.65583062271403,35.79165768368858],[139.65585277623495,35.79165327271477],[139.65586384455128,35.79169019228135],[139.65587044547755,35.79171225364592],[139.6558155585643,35.7917231898762]]]}},{"type":"Feature","properties":{"height":8.92,"gml_id":"bldg_b5639a23-48e1-4c7d-82b8-799184123a39"},"geometry":{"type":"Polygon","coordinates":[[[139.66042612920242,35.79246460169569],[139.66042667949722,35.79246643313662],[139.66044111210812,35.792464033754584],[139.66044566439473,35.792481996169506],[139.6604319865859,35.792484256927615],[139.66043378340362,35.79249030849678],[139.66043797782905,35.79250442612334],[139.66034155726382,35.79252377921886],[139.66032962736662,35.79248370048321],[139.66042612920242,35.79246460169569]]]}},{"type":"Feature","properties":{"height":7.84,"gml_id":"bldg_c8018b62-1165-45c1-a3e3-43c096482383"},"geometry":{"type":"Polygon","coordinates":[[[139.65021417307628,35.79607633385889],[139.65014892149694,35.79607417487259],[139.65015304917253,35.7959923031445],[139.65021828849447,35.795994471123386],[139.65021417307628,35.79607633385889]]]}},{"type":"Feature","properties":{"height":8.98,"gml_id":"bldg_dd031004-ae0a-4b46-a7d2-023fbe543b92"},"geometry":{"type":"Polygon","coordinates":[[[139.6519853237191,35.795491886683045],[139.65198386520515,35.7955173540216],[139.65198249427735,35.79554127927674],[139.6519805294477,35.795575335747614],[139.65193600727352,35.79557495581795],[139.65193610852842,35.795566914097236],[139.65192665048596,35.79556683312788],[139.65192766823287,35.79548315933893],[139.6519697653416,35.79548348964473],[139.6519696658031,35.79549175129836],[139.65197168816974,35.795491772375875],[139.6519853237191,35.795491886683045]]]}},{"type":"Feature","properties":{"height":8.28,"gml_id":"bldg_f6f6e4f8-fed8-4b56-a4a0-da1a0b35dc3a"},"geometry":{"type":"Polygon","coordinates":[[[139.65435998062182,35.79182454094038],[139.65449460616944,35.791801041948844],[139.65454205386962,35.791981540107656],[139.65440742803312,35.79200503824943],[139.65440442128698,35.79199360190503],[139.65434782047103,35.79200348123126],[139.65432673050609,35.791923281626474],[139.65433938385937,35.79192106240137],[139.65433203220098,35.791893062618946],[139.6543759707826,35.791885385391176],[139.65435998062182,35.79182454094038]]]}},{"type":"Feature","properties":{"height":7.28,"gml_id":"bldg_d046657e-af3b-4040-b937-29dd3736ed1b"},"geometry":{"type":"Polygon","coordinates":[[[139.66013229137707,35.79342319214621],[139.6601751564304,35.79342398848661],[139.66017523392622,35.793421414332116],[139.66022388042663,35.7934223064121],[139.6602664135684,35.793423109452945],[139.6602648853283,35.79347737775784],[139.66026232687864,35.79356797003307],[139.66013393505392,35.793565579549195],[139.6601364342491,35.79347686921796],[139.66013077894,35.79347676372566],[139.66013229137707,35.79342319214621]]]}},{"type":"Feature","properties":{"height":6.9,"gml_id":"bldg_c328dd3a-56db-4c78-937a-f4236bfb5955"},"geometry":{"type":"Polygon","coordinates":[[[139.6584790514179,35.791714106733224],[139.6585146571644,35.79170678813375],[139.65851966632346,35.79172303150421],[139.65854666004603,35.79171749046343],[139.65857139973443,35.791797567550226],[139.65852333804352,35.79180743331172],[139.65852620402418,35.7918167313382],[139.6585116816748,35.79181972164842],[139.6584790514179,35.791714106733224]]]}},{"type":"Feature","properties":{"height":8.18,"gml_id":"bldg_c28b81f3-7bec-4cdf-a053-8671e305fc47"},"geometry":{"type":"Polygon","coordinates":[[[139.66178383842532,35.79170633550592],[139.66184596345875,35.791694691198096],[139.6618513138278,35.791714121203555],[139.66185827115058,35.791739451059264],[139.66179966997998,35.79175042979299],[139.66175964335017,35.79175792513103],[139.66174904994128,35.791718561408274],[139.66178532027732,35.791711758362744],[139.66178383842532,35.79170633550592]]]}},{"type":"Feature","properties":{"height":6.6,"gml_id":"bldg_fdf1049f-cc69-45b7-9bf0-ee0a5f367ba2"},"geometry":{"type":"Polygon","coordinates":[[[139.65742789706778,35.792825936621306],[139.65747404304432,35.79281722132998],[139.65749220297744,35.79288111240472],[139.65749763593138,35.79290027321476],[139.65745148990737,35.79290898941622],[139.65742789706778,35.792825936621306]]]}},{"type":"Feature","properties":{"height":10.88,"gml_id":"bldg_c73a7d8d-8955-45c0-8a6a-d0e4237e8ace"},"geometry":{"type":"Polygon","coordinates":[[[139.66146297237393,35.795299018296625],[139.66146216190026,35.79534914049979],[139.66146137455044,35.79539725812564],[139.6612320041871,35.79539480735191],[139.66123185489664,35.79540349798764],[139.6610778574579,35.795401863243804],[139.66107867533245,35.795352012361974],[139.66110105636182,35.79535223010191],[139.66110290359643,35.79523859191307],[139.66127532986945,35.79524042876088],[139.6612751576235,35.795251045556306],[139.66142884607052,35.79525269582969],[139.66142835447957,35.79528317258993],[139.66142810320545,35.79529864306065],[139.66146297237393,35.795299018296625]]]}},{"type":"Feature","properties":{"height":5.51,"gml_id":"bldg_cf304c46-9de5-443d-b90c-a5cf2ce0ce00"},"geometry":{"type":"Polygon","coordinates":[[[139.65816365562145,35.79541723490151],[139.65811168181247,35.79541603067776],[139.6581135101989,35.795364820247734],[139.6581654717889,35.7953660316637],[139.65816365562145,35.79541723490151]]]}},{"type":"Feature","properties":{"height":2.46,"gml_id":"bldg_d8517993-c594-44e2-8b3a-f3f4c9798ab3"},"geometry":{"type":"Polygon","coordinates":[[[139.65659504605296,35.79487541275134],[139.65636887650143,35.794869153696006],[139.65637056715354,35.79482866738943],[139.65659674873632,35.79483493727541],[139.65659504605296,35.79487541275134]]]}},{"type":"Feature","properties":{"height":6.86,"gml_id":"bldg_edccfaa9-644f-42b7-b2c2-5208d66e27be"},"geometry":{"type":"Polygon","coordinates":[[[139.65710568028786,35.79174753760601],[139.65717752378686,35.791733386163244],[139.65719337301664,35.79178686867968],[139.6571215294742,35.79180101923031],[139.65710568028786,35.79174753760601]]]}},{"type":"Feature","properties":{"height":8.43,"gml_id":"bldg_c3562a59-275c-4e9b-b6ae-93bdd83ac420"},"geometry":{"type":"Polygon","coordinates":[[[139.65643411099148,35.79243880293456],[139.65651984065082,35.79242160681157],[139.6565226027881,35.792430741586855],[139.65652766022998,35.79244749978183],[139.65652948322813,35.79245358479758],[139.6564437535385,35.7924707800259],[139.65643411099148,35.79243880293456]]]}},{"type":"Feature","properties":{"height":3.04,"gml_id":"bldg_a5f05843-a8f0-4cd3-a988-b024e301160c"},"geometry":{"type":"Polygon","coordinates":[[[139.6623198813543,35.793927087507505],[139.66235069206354,35.793926870833225],[139.66235465557975,35.79397253724138],[139.66232383378573,35.79397275570358],[139.6623198813543,35.793927087507505]]]}},{"type":"Feature","properties":{"height":5.88,"gml_id":"bldg_fd09ac81-5983-4c92-b7b4-3f3bc869a12a"},"geometry":{"type":"Polygon","coordinates":[[[139.65402204738004,35.79254045868778],[139.65412342115985,35.79252020136766],[139.65416746022237,35.79266654228038],[139.65402277563976,35.792695444838415],[139.65397872240246,35.79254912278103],[139.65402204738004,35.79254045868778]]]}},{"type":"Feature","properties":{"height":2.15,"gml_id":"bldg_c99dba6a-a146-4462-944d-1ffbb66fa6a7"},"geometry":{"type":"Polygon","coordinates":[[[139.6622583570918,35.795568398073634],[139.66239377876173,35.79555989712182],[139.66239549781054,35.795578081666214],[139.66226007500353,35.79558658261826],[139.6622583570918,35.795568398073634]]]}},{"type":"Feature","properties":{"height":4.95,"gml_id":"bldg_c297c9a9-6e4e-4f3e-a657-442d7472a422"},"geometry":{"type":"Polygon","coordinates":[[[139.6570121175358,35.79545414320945],[139.65696838790527,35.795453102008075],[139.65697027082518,35.795401076853345],[139.65701399159838,35.79540210812613],[139.6570121175358,35.79545414320945]]]}},{"type":"Feature","properties":{"height":7.19,"gml_id":"bldg_bf06b4af-1e2b-441c-8202-184952d578f0"},"geometry":{"type":"Polygon","coordinates":[[[139.65434548139956,35.79202682101007],[139.65438764217095,35.792018672427986],[139.654436424319,35.79218617869176],[139.65435922143877,35.79220110920198],[139.65436153866588,35.792209221229484],[139.65434596735284,35.792212192349055],[139.65429309085323,35.79202795623496],[139.65430866547135,35.79202497611349],[139.65431110572482,35.792033475907495],[139.65434548139956,35.79202682101007]]]}},{"type":"Feature","properties":{"height":6.44,"gml_id":"bldg_e46de666-6fb8-4189-8456-8b0f5845f58e"},"geometry":{"type":"Polygon","coordinates":[[[139.65903926026562,35.79234642030118],[139.65895462830778,35.79236227048679],[139.6589226216156,35.79225292319715],[139.65894825754128,35.79224761444941],[139.65897450106735,35.79224219571074],[139.6589937048789,35.79230780966575],[139.6590259802742,35.79230176871368],[139.65903336054802,35.792326554924635],[139.65903926026562,35.79234642030118]]]}},{"type":"Feature","properties":{"height":8.26,"gml_id":"bldg_d7527b62-a994-4b9e-8631-602fae5539a8"},"geometry":{"type":"Polygon","coordinates":[[[139.6604200688212,35.792366554527554],[139.660361660587,35.792377538244],[139.66034216085794,35.79230398675901],[139.66035322315867,35.792301801567554],[139.66035130727388,35.79229505307917],[139.66037994636824,35.79228940943743],[139.66040074338326,35.79229882965375],[139.6604010958321,35.79230006501542],[139.66041553315546,35.79235062829354],[139.6604200688212,35.792366554527554]]]}},{"type":"Feature","properties":{"height":10.57,"gml_id":"bldg_e91b8b6d-6ceb-4894-8a2b-9dfb33ec52fe"},"geometry":{"type":"Polygon","coordinates":[[[139.66026423953656,35.79250172269646],[139.66027133755762,35.792500228553145],[139.66032096589973,35.7924898938419],[139.6603324024012,35.79252638898709],[139.66033489968024,35.79253440291138],[139.66027817884049,35.79254622186543],[139.66026423953656,35.79250172269646]]]}},{"type":"Feature","properties":{"height":4.66,"gml_id":"bldg_cb768057-cfd1-4ba7-af13-de3b563a6d04"},"geometry":{"type":"Polygon","coordinates":[[[139.65916333544692,35.79268648167394],[139.6593239374627,35.79267712289193],[139.65933086019874,35.79275604823504],[139.65917025802293,35.79276540792707],[139.65916333544692,35.79268648167394]]]}},{"type":"Feature","properties":{"height":7.99,"gml_id":"bldg_a295a53d-596a-4b4a-9ecd-b4aa57d3e5c4"},"geometry":{"type":"Polygon","coordinates":[[[139.65524127341655,35.79263682267995],[139.65539384207673,35.792607458012746],[139.6554055915455,35.792647966011316],[139.6554179457394,35.792690657080605],[139.65526537693077,35.792720020876196],[139.65524127341655,35.79263682267995]]]}},{"type":"Feature","properties":{"height":7.21,"gml_id":"bldg_ce977607-1629-4ad8-a12c-b3ab6904ac2c"},"geometry":{"type":"Polygon","coordinates":[[[139.65486505302846,35.791950316628004],[139.6549872617062,35.791926221788934],[139.6550256721139,35.79205569062672],[139.65492369435725,35.792075789175804],[139.65493020782412,35.79209777564813],[139.6549099866756,35.792101768386544],[139.65486505302846,35.791950316628004]]]}},{"type":"Feature","properties":{"height":6.54,"gml_id":"bldg_ce0a99bc-a8fc-4a6c-960f-f74d2321d092"},"geometry":{"type":"Polygon","coordinates":[[[139.6619510802239,35.79414388417376],[139.66198432349108,35.794141772809986],[139.662058777775,35.7941370674629],[139.66206489047318,35.7942034824943],[139.66199041306882,35.794208106690256],[139.66195717554777,35.79421010539465],[139.6619510802239,35.79414388417376]]]}},{"type":"Feature","properties":{"height":1.03,"gml_id":"bldg_c94f5e93-b06f-46ae-b906-1ea494052d7d"},"geometry":{"type":"Polygon","coordinates":[[[139.65202536840977,35.79497947095091],[139.65194459367947,35.79497865868729],[139.65194486924463,35.794960610404246],[139.65202564395665,35.79496142266761],[139.65202536840977,35.79497947095091]]]}},{"type":"Feature","properties":{"height":9.43,"gml_id":"bldg_ac08b38e-1382-4e3a-9403-2826f67437c3"},"geometry":{"type":"Polygon","coordinates":[[[139.6507571992562,35.795214283421046],[139.65078692261585,35.79520453715026],[139.6507895259102,35.79520935072354],[139.65082893547287,35.795282283155764],[139.65082456841492,35.795283862007494],[139.65083071537467,35.795296408260086],[139.65079227744107,35.79530897696903],[139.65078002886304,35.7952863163796],[139.65074674804762,35.79522471333388],[139.65075355993886,35.795222253969854],[139.65075997096747,35.795219953536304],[139.6507571992562,35.795214283421046]]]}},{"type":"Feature","properties":{"height":6.67,"gml_id":"bldg_c05c686c-8c36-49ca-82a3-80a05ec295fa"},"geometry":{"type":"Polygon","coordinates":[[[139.65003436863475,35.795748139500915],[139.6501034774161,35.79574757963653],[139.65010467928835,35.79584957859168],[139.65003557148364,35.79585015648517],[139.65003436863475,35.795748139500915]]]}},{"type":"Feature","properties":{"height":8.61,"gml_id":"bldg_c43376f2-46cd-4a8c-bd3c-ef9f77b458d5"},"geometry":{"type":"Polygon","coordinates":[[[139.651566336091,35.795159811105435],[139.65156739876505,35.795131868056096],[139.65159193956134,35.79513245497759],[139.65161426441693,35.795133008800455],[139.65161322494532,35.7951609726164],[139.65162175993743,35.79516118831976],[139.65162090042065,35.79518397503437],[139.65156131575492,35.79518252032266],[139.65156217751985,35.795159725499694],[139.651566336091,35.795159811105435]]]}},{"type":"Feature","properties":{"height":27.6,"gml_id":"bldg_c5551018-b682-4af5-9356-dde49c9c769f"},"geometry":{"type":"Polygon","coordinates":[[[139.65375169194846,35.79544498952077],[139.6537524822314,35.795392717619244],[139.65342508458153,35.79538943039194],[139.6534274484896,35.79523499425419],[139.6537548865727,35.795238222946686],[139.65385722833508,35.7952392320378],[139.65385501796584,35.795382831443746],[139.65385040112895,35.79538284438194],[139.65384940740327,35.79544591148876],[139.65375169194846,35.79544498952077]]]}},{"type":"Feature","properties":{"height":2.74,"gml_id":"bldg_e7a909f1-47f7-4d81-8808-c5d35ea23fa5"},"geometry":{"type":"Polygon","coordinates":[[[139.6623179332153,35.794810969167536],[139.66235044317185,35.79480837533736],[139.6623568377083,35.79486163008535],[139.66232433877434,35.7948642329464],[139.6623179332153,35.794810969167536]]]}},{"type":"Feature","properties":{"height":25.28,"gml_id":"bldg_ca40a36a-5d5d-48b4-80e6-3e81dca0a22f"},"geometry":{"type":"Polygon","coordinates":[[[139.65398397694287,35.795224150436454],[139.65409679960263,35.795225448066674],[139.65409795953022,35.795172033795666],[139.65446206421404,35.795177148566594],[139.6544618341232,35.795187995110176],[139.65445493899966,35.79551196007065],[139.65445278649472,35.795611955703606],[139.65433879336774,35.795610386258346],[139.6543381888422,35.79563377367264],[139.65426527833606,35.79563254382731],[139.65426587247882,35.79560935559701],[139.65417712457665,35.79560810030829],[139.6541761876068,35.795644519893],[139.65410755520557,35.79564336392789],[139.65410848293894,35.79560713000875],[139.65408867427806,35.795606849003136],[139.65409071371946,35.79551109317447],[139.65398618704901,35.795509864697884],[139.65398686453813,35.795472270263595],[139.65402380584825,35.79547268770326],[139.6540273965032,35.79527005892415],[139.65398316798823,35.795269537776825],[139.65398397694287,35.795224150436454]]]}},{"type":"Feature","properties":{"height":12.43,"gml_id":"bldg_f19c9ab2-47d2-46d3-9a4a-d4de369d3e51"},"geometry":{"type":"Polygon","coordinates":[[[139.6609440419779,35.79499821936358],[139.66026254888223,35.79498900739909],[139.6602665862747,35.79479192055986],[139.66094807658178,35.79480113249551],[139.6609440419779,35.79499821936358]]]}},{"type":"Feature","properties":{"height":6.78,"gml_id":"bldg_a3db685e-67d7-4b9d-aaa8-0d3ffefd3d45"},"geometry":{"type":"Polygon","coordinates":[[[139.6539657443935,35.79240727541439],[139.6540134979097,35.792398588185264],[139.65401171373372,35.792392051611266],[139.65405634727105,35.79238393207176],[139.65406219814625,35.792405291160925],[139.65406766709447,35.792425285030795],[139.65404804527824,35.79242885758519],[139.65405108477688,35.79243998031537],[139.65405405183094,35.792450848755685],[139.65398186975352,35.79246399641984],[139.6539788883268,35.79245312795635],[139.6539337345635,35.79246134223429],[139.6539197656385,35.792410438171586],[139.65396437931625,35.79240230331362],[139.6539657443935,35.79240727541439]]]}},{"type":"Feature","properties":{"height":11.46,"gml_id":"bldg_c40b68ef-7b12-433b-aaf9-ce6131c5214a"},"geometry":{"type":"Polygon","coordinates":[[[139.6619569351503,35.79163762695446],[139.66196784317015,35.79163561355275],[139.6619772634861,35.791669546730226],[139.66198508757446,35.79169773781014],[139.6619324886429,35.791707450647365],[139.66191523649272,35.79164534529995],[139.6619569351503,35.79163762695446]]]}},{"type":"Feature","properties":{"height":5.36,"gml_id":"bldg_c636f17a-7800-4035-b44a-ffd6ba7981d0"},"geometry":{"type":"Polygon","coordinates":[[[139.65192215313743,35.79573573001947],[139.6519811718177,35.79573716296804],[139.65197327550413,35.79595391748496],[139.65184779791386,35.795950893400196],[139.65185570452508,35.79573413890744],[139.65192215313743,35.79573573001947]]]}},{"type":"Feature","properties":{"height":1.37,"gml_id":"bldg_cd5194fc-5611-4c7f-be89-611cc83d7555"},"geometry":{"type":"Polygon","coordinates":[[[139.65695494381978,35.79292032399205],[139.65695993780918,35.79294632635809],[139.6567534648425,35.79297266733699],[139.65674848405897,35.79294672627402],[139.65695494381978,35.79292032399205]]]}},{"type":"Feature","properties":{"height":6.91,"gml_id":"bldg_cf41b727-7ed2-4041-ae9f-c79c21eb29f9"},"geometry":{"type":"Polygon","coordinates":[[[139.65626150758163,35.792190965923986],[139.6562586337512,35.79218132982519],[139.6563012992696,35.792172509806896],[139.65631354920222,35.79221201344757],[139.65628919586814,35.792217077452285],[139.65630332307504,35.79226262653356],[139.65624672828855,35.792274295048074],[139.6562232411932,35.79219858008698],[139.65623688247982,35.79219585826068],[139.65626150758163,35.792190965923986]]]}},{"type":"Feature","properties":{"height":6.45,"gml_id":"bldg_ae2d1fbd-6eba-41b6-afdb-d80879103699"},"geometry":{"type":"Polygon","coordinates":[[[139.65580217224763,35.7920122081503],[139.6557959219257,35.79199217624818],[139.65584183488335,35.79198264100563],[139.65584809847965,35.792002678333105],[139.65585194577233,35.79200188000424],[139.65586048986637,35.7920292018332],[139.65586902834048,35.79205656601677],[139.65581266366837,35.79206827072127],[139.6557955800281,35.79201358560067],[139.65580217224763,35.7920122081503]]]}},{"type":"Feature","properties":{"height":8.47,"gml_id":"bldg_c0e9e67b-ae30-4290-b647-94505caa3334"},"geometry":{"type":"Polygon","coordinates":[[[139.6553557002246,35.79308648997558],[139.6552955631712,35.79309825374823],[139.6552662915517,35.79299884517629],[139.65530055373625,35.792992134856696],[139.6553045197312,35.79300559793896],[139.6553180027866,35.793002964315896],[139.6553304100199,35.79300054542359],[139.6553535636126,35.793079185848434],[139.6553557002246,35.79308648997558]]]}},{"type":"Feature","properties":{"height":7.85,"gml_id":"bldg_ca248da7-d660-436e-a43b-ee25b3eb7dea"},"geometry":{"type":"Polygon","coordinates":[[[139.66102022435965,35.797300770613596],[139.66103047894947,35.797304047306156],[139.66103641696716,35.79729171088329],[139.66110019222128,35.797312095319526],[139.66109425976126,35.7973244236413],[139.6611317323964,35.79733641573721],[139.66109151773364,35.797419962240006],[139.6609800118131,35.79738431618114],[139.66102022435965,35.797300770613596]]]}},{"type":"Feature","properties":{"height":8.21,"gml_id":"bldg_c8ac7bad-934e-4119-89c0-7e4a65294d71"},"geometry":{"type":"Polygon","coordinates":[[[139.6587312530074,35.79229963304207],[139.65877631323536,35.79229092378519],[139.65877902982652,35.79230026034632],[139.658782494035,35.79229959296526],[139.658786322879,35.79231278893515],[139.6588054313624,35.79230910940365],[139.65882836705546,35.792388194125365],[139.65876071861285,35.792401231359015],[139.6587312530074,35.79229963304207]]]}},{"type":"Feature","properties":{"height":1.23,"gml_id":"bldg_ce7a7d40-7861-4099-aa2f-f69cb55de607"},"geometry":{"type":"Polygon","coordinates":[[[139.6569682433241,35.79484415827825],[139.6570211600107,35.79484406102141],[139.65702120385566,35.79486628124998],[139.65696829934802,35.794866367708444],[139.6569682433241,35.79484415827825]]]}},{"type":"Feature","properties":{"height":1.87,"gml_id":"bldg_c2ea484f-30f1-4eca-9087-df37dcc78009"},"geometry":{"type":"Polygon","coordinates":[[[139.6519845884226,35.795762890938725],[139.65204389465467,35.79576242964581],[139.65204416516758,35.7957860473101],[139.65198486002637,35.79578650770342],[139.6519845884226,35.795762890938725]]]}},{"type":"Feature","properties":{"height":10.11,"gml_id":"bldg_c6ca620b-c8ae-4eab-80e2-7df9069dd310"},"geometry":{"type":"Polygon","coordinates":[[[139.65016582138787,35.796107823794074],[139.65016680068874,35.79607641673518],[139.65021759238365,35.79607749730513],[139.65021782323163,35.796107558684554],[139.65021832069374,35.796175238441826],[139.6500668356548,35.79617602256657],[139.65006639179703,35.7961139628272],[139.6501177066398,35.79611367778544],[139.65011768627448,35.7961080911678],[139.65016582138787,35.796107823794074]]]}},{"type":"Feature","properties":{"height":11.64,"gml_id":"bldg_cde5698e-ab0b-4da5-9bb0-042376762628"},"geometry":{"type":"Polygon","coordinates":[[[139.65775048203557,35.79226337657399],[139.65781546335256,35.79225027652596],[139.65781792039056,35.792258359848056],[139.65784721103893,35.79235496643523],[139.65778222520467,35.7923680719016],[139.65775048203557,35.79226337657399]]]}},{"type":"Feature","properties":{"height":9.68,"gml_id":"bldg_cbde074c-f6d3-48bd-a9ac-0a7883cbf146"},"geometry":{"type":"Polygon","coordinates":[[[139.6564903183897,35.79193192187038],[139.65652949308762,35.79192422332879],[139.65653497475856,35.791942733479154],[139.65655727678663,35.79201814558847],[139.6564715771237,35.79203498484793],[139.65644928181186,35.79195957183154],[139.65649578678446,35.79195042839754],[139.6564903183897,35.79193192187038]]]}},{"type":"Feature","properties":{"height":9.9,"gml_id":"bldg_a3b02ef7-f66a-485b-a389-3f8272b2ef1e"},"geometry":{"type":"Polygon","coordinates":[[[139.66146488544666,35.79668446866686],[139.66146447481393,35.79672204910026],[139.66143997016536,35.79672188157138],[139.66143965392166,35.79675056307932],[139.66143078757082,35.796750512546566],[139.66143071996044,35.79675621891697],[139.66129781358427,35.79675528250654],[139.66129886960562,35.79665854358146],[139.66131674277574,35.796658653880215],[139.66131681058266,35.796652860078815],[139.66144070774658,35.796653736718284],[139.661440377508,35.796684293021194],[139.66146488544666,35.79668446866686]]]}},{"type":"Feature","properties":{"height":13.78,"gml_id":"bldg_c566b6d5-b922-4657-b219-6a03516903ae"},"geometry":{"type":"Polygon","coordinates":[[[139.6506758452796,35.795670938634636],[139.65067529616863,35.79569139761646],[139.65066783287187,35.795695667706084],[139.6506499947023,35.795695352172025],[139.65064855000202,35.79574939601507],[139.650647498081,35.79578844644441],[139.65064686750273,35.79581162558577],[139.6505277662082,35.79580953369857],[139.65052838351386,35.795786368057996],[139.65052350799397,35.795786281326265],[139.65052765710104,35.79563112238853],[139.65065659109294,35.795633356305444],[139.65065573990134,35.795665433270976],[139.6506706518596,35.79566570199519],[139.6506758452796,35.795670938634636]]]}},{"type":"Feature","properties":{"height":2.07,"gml_id":"bldg_c5925ca9-f763-48bf-acad-708a300fe77e"},"geometry":{"type":"Polygon","coordinates":[[[139.6620899605035,35.79425689545883],[139.66211155548598,35.79425516406574],[139.662115042504,35.79428411600131],[139.66209344640936,35.79428584649205],[139.6620899605035,35.79425689545883]]]}},{"type":"Feature","properties":{"height":6.1,"gml_id":"bldg_ef5a233a-2c1d-419d-8946-b39226d944ac"},"geometry":{"type":"Polygon","coordinates":[[[139.65087828100275,35.795719240343885],[139.65079696357435,35.7957183615874],[139.65079752133408,35.795685400849486],[139.6508788331951,35.79568628049846],[139.65087858504378,35.79570142555953],[139.65087828100275,35.795719240343885]]]}},{"type":"Feature","properties":{"height":29.23,"gml_id":"bldg_a901faf0-81fb-4331-bc36-d4d11c5ff471"},"geometry":{"type":"Polygon","coordinates":[[[139.6539380321589,35.793273196085984],[139.6539558585179,35.79326917920861],[139.65397581776082,35.793264716636024],[139.65398644379584,35.79326234209606],[139.65401720827,35.793255515157846],[139.65407387366105,35.793242912196234],[139.6541380625678,35.79322858982144],[139.65414469459935,35.79325142287965],[139.65413941070543,35.79325245156191],[139.65414504261608,35.793272331196505],[139.65418335109575,35.79340745521383],[139.65412803577897,35.79341788346978],[139.6541454791313,35.79347655693761],[139.65402203740442,35.79350073470108],[139.6540159261924,35.79347999355405],[139.65399984531746,35.79348313873049],[139.6539380321589,35.793273196085984]]]}},{"type":"Feature","properties":{"height":8.66,"gml_id":"bldg_c8f43906-ec84-4c20-91d3-41bce1571ce1"},"geometry":{"type":"Polygon","coordinates":[[[139.65414350222406,35.793258214604855],[139.6542426115253,35.793238277399155],[139.65424623224274,35.793250233839416],[139.65432662292238,35.79323406969171],[139.6543529970172,35.79332118151367],[139.6543418435393,35.79332343542083],[139.65434326339485,35.79332817144351],[139.6542274542487,35.7933514693417],[139.65422601562048,35.79334672067073],[139.65417349131454,35.793357279294646],[139.65414350222406,35.793258214604855]]]}},{"type":"Feature","properties":{"height":5.25,"gml_id":"bldg_c2b2000e-ccdb-4c73-b79f-20ed9168b5f9"},"geometry":{"type":"Polygon","coordinates":[[[139.6562258625756,35.7938281719029],[139.65626337858905,35.793828018943266],[139.65626350572916,35.79385099733659],[139.6562259874923,35.79385115029297],[139.6562258625756,35.7938281719029]]]}},{"type":"Feature","properties":{"height":10.58,"gml_id":"bldg_c569298b-f292-442e-be7b-2f1f77a61490"},"geometry":{"type":"Polygon","coordinates":[[[139.6598039609423,35.795620192457825],[139.66007012580758,35.79562526783998],[139.6600687971425,35.7956716099086],[139.66009560304136,35.795672123546424],[139.66009434171593,35.7957154822325],[139.6597748888846,35.79570938267424],[139.65977615149177,35.7956660230922],[139.65980262112006,35.79566650656531],[139.6598039609423,35.795620192457825]]]}},{"type":"Feature","properties":{"height":5.67,"gml_id":"bldg_cce60f90-5963-4213-bc0d-97d0b4a828d2"},"geometry":{"type":"Polygon","coordinates":[[[139.65089817704043,35.795066159895],[139.65092887853288,35.795063589845014],[139.65095083074274,35.795073246893864],[139.65095744975957,35.7950723934372],[139.6509695478941,35.795134755689],[139.6509221822216,35.795140858111054],[139.65092064254506,35.79513295541379],[139.65091408439446,35.7951337990459],[139.6509208574222,35.79516431111602],[139.6508636166325,35.79517275557193],[139.65084428418263,35.795085708685924],[139.65087440361216,35.79508126114892],[139.65090035732118,35.79507743642857],[139.65089817704043,35.795066159895]]]}},{"type":"Feature","properties":{"height":5.97,"gml_id":"bldg_a3d22a87-c241-4a72-890c-2b38eb9e605a"},"geometry":{"type":"Polygon","coordinates":[[[139.65088079732524,35.79555159427027],[139.65079983060278,35.795548375233835],[139.65080223710387,35.79550814698649],[139.65088321596986,35.79551135973022],[139.65088196555908,35.79553227012875],[139.65088079732524,35.79555159427027]]]}},{"type":"Feature","properties":{"height":3.16,"gml_id":"bldg_caa198b3-198f-42b5-b345-72900693aa6d"},"geometry":{"type":"Polygon","coordinates":[[[139.65952761177917,35.79232982389454],[139.6595690209975,35.792321676916025],[139.65957797156392,35.792351930271195],[139.65953655903343,35.79236006733305],[139.65952761177917,35.79232982389454]]]}},{"type":"Feature","properties":{"height":9.22,"gml_id":"bldg_c0f7cb69-de3d-4ffc-9d10-f6f97d1e4bea"},"geometry":{"type":"Polygon","coordinates":[[[139.65474702623357,35.793220862649655],[139.6548171774929,35.793206802047756],[139.65483342840804,35.79326065501173],[139.65484704233467,35.793305889822285],[139.65477688988904,35.79331994953814],[139.65474702623357,35.793220862649655]]]}},{"type":"Feature","properties":{"height":7.24,"gml_id":"bldg_cf62b2af-0232-48ef-ab00-888ca1f785d2"},"geometry":{"type":"Polygon","coordinates":[[[139.6615887428747,35.79546895800663],[139.66149812100267,35.795468140798576],[139.66149883323632,35.79541687644099],[139.66156993052127,35.79541751433133],[139.6615698019086,35.79542689543375],[139.66158932422903,35.79542707384628],[139.66158903146513,35.79544847155765],[139.6615887428747,35.79546895800663]]]}},{"type":"Feature","properties":{"height":8.95,"gml_id":"bldg_f49f8b00-0a6b-4cfe-bf49-01a71548567d"},"geometry":{"type":"Polygon","coordinates":[[[139.6516694696428,35.79514244916882],[139.65166791100356,35.795184157838364],[139.65162787444322,35.79518318066529],[139.65163061358604,35.79510988224896],[139.65166545055064,35.79511073709328],[139.65166519519252,35.795117449986755],[139.65167039142065,35.79511757771759],[139.6516694696428,35.79514244916882]]]}},{"type":"Feature","properties":{"height":1.34,"gml_id":"bldg_c9a010f4-78bd-48d0-a9aa-d805b8ac6f93"},"geometry":{"type":"Polygon","coordinates":[[[139.65806592353692,35.792411678632746],[139.6581129864976,35.792401378049114],[139.6581204211599,35.79242394165613],[139.65807335929512,35.79243424134285],[139.65806592353692,35.792411678632746]]]}},{"type":"Feature","properties":{"height":2.94,"gml_id":"bldg_c6128169-6e9e-4cf6-b604-675910773c86"},"geometry":{"type":"Polygon","coordinates":[[[139.65571184297738,35.79258117329998],[139.655775382866,35.792568792408325],[139.65578581582596,35.79260440948358],[139.65572227481425,35.79261678587221],[139.65571184297738,35.79258117329998]]]}},{"type":"Feature","properties":{"height":8.67,"gml_id":"bldg_c620a7ed-afa4-4d10-b86e-d9061cf61d53"},"geometry":{"type":"Polygon","coordinates":[[[139.6588093970447,35.792279457914795],[139.6589114404297,35.7922583646759],[139.6589350743315,35.79233439480143],[139.65893456184963,35.792334513938194],[139.65893955138648,35.79235118720693],[139.65884044916973,35.79237094532562],[139.65883563961867,35.79235494382262],[139.65883301980017,35.79235548443839],[139.6588093970447,35.792279457914795]]]}},{"type":"Feature","properties":{"height":10.13,"gml_id":"bldg_c1320312-b785-4697-8c55-25295e80bff3"},"geometry":{"type":"Polygon","coordinates":[[[139.66137742867488,35.796289287712],[139.6613783988113,35.79623441381124],[139.661458211066,35.79623532472285],[139.66145757166151,35.79627124994742],[139.66144839234133,35.796271162914515],[139.66144805285583,35.79629009084775],[139.66137742867488,35.796289287712]]]}},{"type":"Feature","properties":{"height":6.83,"gml_id":"bldg_cd2e337f-4271-4607-a182-ea2f8e89c39a"},"geometry":{"type":"Polygon","coordinates":[[[139.65881527189143,35.79278477078268],[139.65879173103167,35.79270969350527],[139.6588391459065,35.79269938233263],[139.65884266475476,35.79271117714628],[139.65884593429723,35.79271049686201],[139.65886591335737,35.792774216410365],[139.65881527189143,35.79278477078268]]]}},{"type":"Feature","properties":{"height":9.83,"gml_id":"bldg_c90d3d51-531d-4a9e-8252-8a55fd6e9d9b"},"geometry":{"type":"Polygon","coordinates":[[[139.6607680314294,35.795774739714425],[139.66074365751635,35.79577462180608],[139.6607426864015,35.79589062818995],[139.66038749091635,35.79588599412268],[139.66038884912837,35.79572331532237],[139.66043295467938,35.79572353649034],[139.66063292301885,35.79572463599458],[139.6607440663249,35.79572524896134],[139.66074393456745,35.79574115495453],[139.66076831506942,35.79574129089935],[139.6607680314294,35.795774739714425]]]}},{"type":"Feature","properties":{"height":1.91,"gml_id":"bldg_fda39215-a6ad-44ac-acd7-8ff286b67383"},"geometry":{"type":"Polygon","coordinates":[[[139.65673383809238,35.792557954509505],[139.65676282201989,35.79255262049944],[139.65677853671855,35.7926093522458],[139.65674955166517,35.792614686257934],[139.65673383809238,35.792557954509505]]]}},{"type":"Feature","properties":{"height":9.13,"gml_id":"bldg_b544e0a2-e410-450a-9551-2950650b9ba7"},"geometry":{"type":"Polygon","coordinates":[[[139.6618770409876,35.7921399872293],[139.66187485237242,35.79213241994664],[139.6618559986505,35.79213603993888],[139.66184511061587,35.79209833790337],[139.6619295954163,35.792082100593575],[139.6619450903133,35.79213569915586],[139.66190952553663,35.79214254201299],[139.661907116187,35.792134212772176],[139.6618770409876,35.7921399872293]]]}},{"type":"Feature","properties":{"height":10.55,"gml_id":"bldg_a1efef54-f61a-4675-a3e9-62b2801d9f26"},"geometry":{"type":"Polygon","coordinates":[[[139.6568247716109,35.791673916717755],[139.65683218683807,35.791672554840545],[139.65684290214992,35.79171122422857],[139.65683330619018,35.791725688590844],[139.6567688577861,35.79173755584003],[139.65675480719187,35.79168680160305],[139.65676065087692,35.79168570963131],[139.65678602647702,35.7916810391203],[139.6568247716109,35.791673916717755]]]}},{"type":"Feature","properties":{"height":9.9,"gml_id":"bldg_c4953cd2-8052-4cc2-90bd-b0a323ea4c1f"},"geometry":{"type":"Polygon","coordinates":[[[139.65855631664257,35.79273769191603],[139.65860902252345,35.79272763098899],[139.65861035287318,35.792731924267336],[139.65863051768645,35.79279712594981],[139.65857793036395,35.79280758906218],[139.65855631664257,35.79273769191603]]]}},{"type":"Feature","properties":{"height":5.72,"gml_id":"bldg_c93ee0c9-fa62-409c-9271-e9368d16de0e"},"geometry":{"type":"Polygon","coordinates":[[[139.65074314078882,35.795719168599874],[139.65069568394546,35.79571757323698],[139.65069940237674,35.79564458640263],[139.65072119703626,35.795645309941875],[139.650746869134,35.79564618177908],[139.65074314078882,35.795719168599874]]]}},{"type":"Feature","properties":{"height":19.58,"gml_id":"bldg_a7acaec2-a412-4f3a-84eb-20aa03b00c79"},"geometry":{"type":"Polygon","coordinates":[[[139.65607563800603,35.79589008035573],[139.65584583325946,35.79588688947045],[139.65584504935728,35.7959184996726],[139.65569999737937,35.795916230382154],[139.65570755634465,35.795560175464935],[139.6558330685332,35.79556236001782],[139.65599040482633,35.79556513129282],[139.65608249201847,35.795566737186846],[139.6560816060504,35.79560897870389],[139.65607563800603,35.79589008035573]]]}},{"type":"Feature","properties":{"height":9.49,"gml_id":"bldg_cc0b030c-5f0a-46dc-bec1-22776deae7fb"},"geometry":{"type":"Polygon","coordinates":[[[139.6516400750939,35.79527315866551],[139.65164027447938,35.79526138909588],[139.65176472600547,35.79526268395237],[139.65177888805226,35.79526283603341],[139.65177836411542,35.79529569858236],[139.65173198143384,35.79529522292866],[139.6517317322309,35.795310415762835],[139.65160998780965,35.795309148398694],[139.6516105760386,35.795272860805454],[139.6516400750939,35.79527315866551]]]}},{"type":"Feature","properties":{"height":8.6,"gml_id":"bldg_c75454b9-afcd-462e-8721-a353b56f35e4"},"geometry":{"type":"Polygon","coordinates":[[[139.65863453640907,35.792145836071455],[139.65865556092834,35.79214218188122],[139.65867966717175,35.79221659211003],[139.65867066500843,35.792218169022156],[139.65867478209898,35.792230066563576],[139.65863824774522,35.792238485314776],[139.6586107228824,35.79215909463732],[139.65862112080046,35.79215668961081],[139.65861852422276,35.79214863674818],[139.65863453640907,35.792145836071455]]]}},{"type":"Feature","properties":{"height":9.26,"gml_id":"bldg_cc745e5e-ac2d-41bc-a737-e75db8a8cf60"},"geometry":{"type":"Polygon","coordinates":[[[139.65695930945125,35.7917572586212],[139.6570126127953,35.79174696762008],[139.65701990109696,35.7917720161151],[139.65703296220153,35.791817048878215],[139.6569796588152,35.79182733898676],[139.65695930945125,35.7917572586212]]]}},{"type":"Feature","properties":{"height":6.37,"gml_id":"bldg_e43a31a3-8fd9-40b5-9a7d-472cdfc3aba5"},"geometry":{"type":"Polygon","coordinates":[[[139.65788607299143,35.791776403552774],[139.65792213433807,35.79176971493873],[139.6579288278791,35.79179369170291],[139.65793486381344,35.791815363646855],[139.65791647287318,35.791818779089155],[139.65791904130975,35.79182802171334],[139.6578714254376,35.79183684589936],[139.65785826465768,35.79178963270631],[139.65788820566186,35.7917840807915],[139.65788607299143,35.791776403552774]]]}},{"type":"Feature","properties":{"height":2.33,"gml_id":"bldg_c0b5e892-43ce-4a7e-9d80-7d70e4e4d06b"},"geometry":{"type":"Polygon","coordinates":[[[139.65429358449293,35.7931770035763],[139.65431937323484,35.793172392791],[139.65433475477218,35.79322946055754],[139.6542819420728,35.793238914641655],[139.65426655836688,35.793181843259845],[139.65429358449293,35.7931770035763]]]}},{"type":"Feature","properties":{"height":2.33,"gml_id":"bldg_b6262319-624b-4c57-9829-9c54e8cb47b6"},"geometry":{"type":"Polygon","coordinates":[[[139.66238139627885,35.795357505848905],[139.66251681757834,35.795349004757185],[139.6625185344362,35.79536719019874],[139.6623831120016,35.79537569038934],[139.66238139627885,35.795357505848905]]]}},{"type":"Feature","properties":{"height":14.95,"gml_id":"bldg_deadbb4e-999b-410c-9fde-f283d49286e0"},"geometry":{"type":"Polygon","coordinates":[[[139.65521191558392,35.791656543428154],[139.65538120041788,35.79162585600672],[139.65540624371909,35.79171767702898],[139.65536126283592,35.791726010177925],[139.65540529012847,35.791871507875925],[139.65540142309908,35.791872227743546],[139.65541025482455,35.79190295173983],[139.65530504685827,35.791923091802545],[139.6552945649596,35.791886735499354],[139.65527221250898,35.79189101177371],[139.6552658376883,35.79186882993057],[139.65529823194387,35.79186261709489],[139.655279514676,35.79179405223708],[139.6552367111119,35.79180181259828],[139.65521733777544,35.79173081310307],[139.65521061537606,35.79173203349304],[139.65519547675032,35.79167651200558],[139.65521191558392,35.791656543428154]]]}},{"type":"Feature","properties":{"height":1.37,"gml_id":"bldg_caf00715-90be-4701-8400-cf4558da3473"},"geometry":{"type":"Polygon","coordinates":[[[139.6543227931358,35.79584423566156],[139.65434121364268,35.79581825363608],[139.65436942696985,35.79579897422476],[139.65440403250085,35.79578871875297],[139.6544408565036,35.79578872397168],[139.6544754580701,35.79579899048376],[139.65450366238082,35.795818279030776],[139.65452206817605,35.795844262673114],[139.65452845647528,35.795873808616975],[139.6545220530476,35.795903356269],[139.65450363258176,35.7959293374206],[139.6544754192406,35.795948616862965],[139.6544408136493,35.79595887235484],[139.654403989568,35.795958867135894],[139.65436938904793,35.79594860060498],[139.65434118472186,35.79592931292821],[139.65432277786184,35.79590332835566],[139.65431639074282,35.795873782402865],[139.6543227931358,35.79584423566156]]]}},{"type":"Feature","properties":{"height":0.72,"gml_id":"bldg_cf78dd4d-cc52-4f78-8ed1-5361dfd72477"},"geometry":{"type":"Polygon","coordinates":[[[139.65971439518688,35.79230815658721],[139.6597484099187,35.79230097323319],[139.65975221174173,35.79231293247607],[139.6597181981134,35.79232011493139],[139.65971439518688,35.79230815658721]]]}},{"type":"Feature","properties":{"height":8.7,"gml_id":"bldg_a329f52d-e61c-4882-91d9-ae428e0be12a"},"geometry":{"type":"Polygon","coordinates":[[[139.65677852796318,35.79226471240819],[139.65684056060687,35.79225184741637],[139.65684505370868,35.792267185138],[139.65687447935602,35.792367750904354],[139.65681222260545,35.79237986295391],[139.65677852796318,35.79226471240819]]]}},{"type":"Feature","properties":{"height":10.43,"gml_id":"bldg_ed50be64-c05f-48ec-8d99-928a7dc55569"},"geometry":{"type":"Polygon","coordinates":[[[139.660327475975,35.79255242651732],[139.66034130667956,35.79254955847866],[139.66034423255516,35.792558895305376],[139.6603553787809,35.792594573403825],[139.6602959451563,35.792606931979854],[139.66028187419656,35.7925619152468],[139.66029025833296,35.79256015615261],[139.660327475975,35.79255242651732]]]}},{"type":"Feature","properties":{"height":4.81,"gml_id":"bldg_cb98e4c2-7158-468e-9811-07d044aadf63"},"geometry":{"type":"Polygon","coordinates":[[[139.6600989079904,35.79346907793895],[139.66009730149977,35.79350582561598],[139.66009491993853,35.79356019814677],[139.66001284005029,35.793557824674586],[139.6600180777637,35.79343793145637],[139.66004584370498,35.793438723203835],[139.66006991360925,35.793439424891865],[139.66006865741608,35.79346820060028],[139.6600989079904,35.79346907793895]]]}},{"type":"Feature","properties":{"height":9.7,"gml_id":"bldg_ca158d74-10a0-481c-9bcd-dff9ffce61e0"},"geometry":{"type":"Polygon","coordinates":[[[139.65893630481784,35.792772244510495],[139.65889340739875,35.792782373892074],[139.65886625959848,35.79269072271148],[139.65890950946212,35.79268179986196],[139.65891153789067,35.79268863416457],[139.65893630481784,35.792772244510495]]]}},{"type":"Feature","properties":{"height":2.35,"gml_id":"bldg_bc296f72-73a2-4335-9981-1450bd81b1a6"},"geometry":{"type":"Polygon","coordinates":[[[139.661934429926,35.79555178179732],[139.6619097418737,35.79555114900485],[139.66191191806627,35.7954960388547],[139.6619366049816,35.79549667795457],[139.661934429926,35.79555178179732]]]}},{"type":"Feature","properties":{"height":10.36,"gml_id":"bldg_ce8052c4-620b-4483-b5d8-1293ee318300"},"geometry":{"type":"Polygon","coordinates":[[[139.65224383370375,35.795710593965325],[139.65223281341622,35.795710535905016],[139.65223255498873,35.795733735445936],[139.65199870355877,35.79573211479095],[139.65199894550398,35.795708895396004],[139.6519901534281,35.795708833463024],[139.65199087238392,35.79564123215533],[139.65224456903792,35.79564299358185],[139.652244247221,35.79567365262678],[139.65224383370375,35.795710593965325]]]}},{"type":"Feature","properties":{"height":6.53,"gml_id":"bldg_c3d8e391-243f-4e4a-9c30-176985337d78"},"geometry":{"type":"Polygon","coordinates":[[[139.6517861029692,35.79487260060937],[139.65178907711953,35.79487879379189],[139.65174459939183,35.79489211533084],[139.65171522369715,35.794826974324586],[139.65177733085056,35.79480836413665],[139.65179446576403,35.794846365827],[139.65178377730396,35.79484979826678],[139.65179311313835,35.79487049391475],[139.6517861029692,35.79487260060937]]]}},{"type":"Feature","properties":{"height":5.18,"gml_id":"bldg_a288cf43-f826-4553-98bb-6c95fc73aca3"},"geometry":{"type":"Polygon","coordinates":[[[139.65539131289293,35.792122200558765],[139.65547400823635,35.79210631396246],[139.6554763497578,35.7921149920549],[139.65551933821175,35.79210673884187],[139.6555270924247,35.79213350789732],[139.65553252339876,35.79215232988586],[139.65534713085987,35.79218793759983],[139.65533417741418,35.79214314908384],[139.65534931487983,35.7921402339793],[139.6553490931913,35.792139433249],[139.6553936433589,35.79213087142558],[139.65539131289293,35.792122200558765]]]}},{"type":"Feature","properties":{"height":18.48,"gml_id":"bldg_cb29444b-1c96-43c8-9fd5-53ddde6af94d"},"geometry":{"type":"Polygon","coordinates":[[[139.65390849303287,35.79555872020862],[139.65390773074034,35.79560793656412],[139.6533858469988,35.795602737315015],[139.65338830056538,35.795442430803995],[139.65339815467627,35.79544250864567],[139.65343677879915,35.79544289633523],[139.653540378673,35.795443936422025],[139.65384733930904,35.79544703779728],[139.65384715437418,35.795460397379415],[139.6539099583844,35.79546104364339],[139.65390849303287,35.79555872020862]]]}},{"type":"Feature","properties":{"height":1.81,"gml_id":"bldg_a9c54f0e-98be-46ad-b281-9d78f7a3b830"},"geometry":{"type":"Polygon","coordinates":[[[139.65681406181594,35.79474870403994],[139.65683536865004,35.79472679817822],[139.65685052180257,35.79472699257888],[139.65684873037108,35.794815165749206],[139.65681272211967,35.794814692861],[139.65681406181594,35.79474870403994]]]}},{"type":"Feature","properties":{"height":2.3,"gml_id":"bldg_cc3421c5-cea3-4859-b6a2-486653a11f2d"},"geometry":{"type":"Polygon","coordinates":[[[139.65988714327287,35.79453694425472],[139.65979141407468,35.79453530717607],[139.65979201904653,35.79451199273816],[139.65988774821875,35.79451362891492],[139.65988714327287,35.79453694425472]]]}},{"type":"Feature","properties":{"height":7.96,"gml_id":"bldg_cdee4df5-8f2a-42d4-b1f5-6e43a33ddb46"},"geometry":{"type":"Polygon","coordinates":[[[139.6568757544196,35.791878071582445],[139.65688550648102,35.791876072268735],[139.65689287258246,35.79189944436687],[139.6569010940091,35.79189772492964],[139.65691825629227,35.79195219819247],[139.65684152178272,35.79196825767751],[139.65683942126532,35.79196159268812],[139.6568281329365,35.791963910624965],[139.65680602007143,35.79189239809932],[139.6568757544196,35.791878071582445]]]}},{"type":"Feature","properties":{"height":12.62,"gml_id":"bldg_c7b1f64a-3635-4cf9-886a-99520d6b2812"},"geometry":{"type":"Polygon","coordinates":[[[139.6581088454778,35.79203102645969],[139.65811877324583,35.792065396929836],[139.6581359907582,35.79206234209135],[139.65814673969288,35.79210263745292],[139.6581122293503,35.792108779469466],[139.65811095320274,35.79210400223717],[139.65795329668674,35.79213423364417],[139.65793341053632,35.79206538897617],[139.65792955118488,35.79206614499042],[139.65791541834048,35.792018223725925],[139.65809909872067,35.79198223909739],[139.65811323277543,35.79203016034249],[139.6581088454778,35.79203102645969]]]}},{"type":"Feature","properties":{"height":6.18,"gml_id":"bldg_c31812ea-4559-4736-91f8-00b2647bce56"},"geometry":{"type":"Polygon","coordinates":[[[139.65713565407358,35.79185144003131],[139.65720943207367,35.79183752034843],[139.65722273594972,35.791884389504006],[139.65714895569994,35.79189830738887],[139.65713565407358,35.79185144003131]]]}},{"type":"Feature","properties":{"height":8.16,"gml_id":"bldg_c400f8b2-2e34-4698-99f6-cb91be09727b"},"geometry":{"type":"Polygon","coordinates":[[[139.65126766646847,35.7951640129177],[139.65123373395616,35.79509744346302],[139.65124525554194,35.79509353101138],[139.65124010096804,35.79508339109297],[139.65127095541388,35.795072937951424],[139.6512761287845,35.79508308420645],[139.6512785358437,35.795082269422245],[139.65129332683307,35.79511127393001],[139.65130110493146,35.795108642937876],[139.65132024317145,35.7951462069648],[139.65126766646847,35.7951640129177]]]}},{"type":"Feature","properties":{"height":6.84,"gml_id":"bldg_c1e34f13-9371-4f29-a149-748c5bb585a2"},"geometry":{"type":"Polygon","coordinates":[[[139.65446835311565,35.79327687046514],[139.6545404334611,35.79326300578425],[139.65457243740858,35.79337354489832],[139.6545187918418,35.793383869456854],[139.65452254080483,35.79339638041172],[139.6545047619188,35.7933999476682],[139.65448459294046,35.79338889501718],[139.6544518805834,35.793280050272394],[139.65446835311565,35.79327687046514]]]}},{"type":"Feature","properties":{"height":6.41,"gml_id":"bldg_b2bdf8ce-c2e7-4c18-8bba-f29e1b5390e6"},"geometry":{"type":"Polygon","coordinates":[[[139.65556575261846,35.792602290647324],[139.65555099085446,35.79254626410979],[139.65560910052702,35.792536063763926],[139.65561243319465,35.79255374694054],[139.65564185932686,35.79254858961835],[139.6556474027567,35.79256959845082],[139.65565202014685,35.792587154631136],[139.65556575261846,35.792602290647324]]]}},{"type":"Feature","properties":{"height":1.0,"gml_id":"bldg_c7c23ad4-149b-4f64-afae-852642b5e859"},"geometry":{"type":"Polygon","coordinates":[[[139.6569434453914,35.794797248820856],[139.65699634653816,35.79479716056562],[139.65699640786679,35.79482899014877],[139.65694350559454,35.79482907750098],[139.6569434453914,35.794797248820856]]]}},{"type":"Feature","properties":{"height":12.85,"gml_id":"bldg_c42f3f78-8dac-406c-9306-b7e2cb2c0a57"},"geometry":{"type":"Polygon","coordinates":[[[139.65781928382728,35.79528876216669],[139.65785938366525,35.79528869540618],[139.65785942951345,35.79532621250382],[139.6578193351725,35.795326286483174],[139.65781928382728,35.79528876216669]]]}},{"type":"Feature","properties":{"height":2.85,"gml_id":"bldg_c5b962cf-be5f-425b-86e0-20296341f2d5"},"geometry":{"type":"Polygon","coordinates":[[[139.657101674002,35.79283099415128],[139.6571465077102,35.792821875058635],[139.6571764138574,35.792919534580975],[139.65713158009572,35.79292865458582],[139.657101674002,35.79283099415128]]]}},{"type":"Feature","properties":{"height":7.85,"gml_id":"bldg_f2648d14-c6cc-4644-86be-7e70f5367313"},"geometry":{"type":"Polygon","coordinates":[[[139.65515805373607,35.792568662510845],[139.6552134628765,35.79255800587508],[139.65525694580563,35.792708073565755],[139.65516540423903,35.792725700035724],[139.6551219258919,35.79257563502345],[139.65515805373607,35.792568662510845]]]}},{"type":"Feature","properties":{"height":6.12,"gml_id":"bldg_cf877089-8385-453d-9511-bd0955f1b0db"},"geometry":{"type":"Polygon","coordinates":[[[139.6612242434439,35.79547417753498],[139.6611139253003,35.79547329398568],[139.66111472354544,35.79540843283806],[139.6612250404912,35.79540931728614],[139.6612246383497,35.79544239908397],[139.6612242434439,35.79547417753498]]]}},{"type":"Feature","properties":{"height":2.69,"gml_id":"bldg_c3be9f9f-82d1-45d5-bd85-5594e619b21d"},"geometry":{"type":"Polygon","coordinates":[[[139.662263308632,35.79451776589052],[139.66233278456946,35.794511581381144],[139.66233505818838,35.79452857963563],[139.66226558334648,35.79453476234511],[139.662263308632,35.79451776589052]]]}},{"type":"Feature","properties":{"height":7.74,"gml_id":"bldg_c9b47c48-2c2a-4acf-bb4b-ef429b4767d3"},"geometry":{"type":"Polygon","coordinates":[[[139.6548169734427,35.79319168604454],[139.6547634825155,35.79320169456723],[139.65476031813114,35.793190457198904],[139.6546732284692,35.79320677032166],[139.654677794395,35.79322302039941],[139.65462348772556,35.79323318268051],[139.65459489769137,35.79313161531814],[139.65478979462293,35.79309516209354],[139.6548169734427,35.79319168604454]]]}},{"type":"Feature","properties":{"height":9.62,"gml_id":"bldg_c98a70a6-b854-4735-8c8f-923f51342043"},"geometry":{"type":"Polygon","coordinates":[[[139.65791095220732,35.79162960659747],[139.65796320128214,35.791619205473914],[139.6579764836762,35.7916634488731],[139.6580115496062,35.79165611431231],[139.65802070671324,35.79168521164994],[139.65802719296394,35.79170586030819],[139.65784768992998,35.79174163910777],[139.65782891902262,35.79167887567789],[139.65787086963778,35.79167046417388],[139.6578615751561,35.791639467471704],[139.65791095220732,35.79162960659747]]]}},{"type":"Feature","properties":{"height":2.0,"gml_id":"bldg_c46ac5ab-1a5f-4f9a-b5a9-cd04070c7ad5"},"geometry":{"type":"Polygon","coordinates":[[[139.66198143111467,35.79597126021944],[139.66207834426868,35.79596334109485],[139.66208086944994,35.79598374682384],[139.6619839551631,35.795991666850135],[139.66198143111467,35.79597126021944]]]}},{"type":"Feature","properties":{"height":6.6,"gml_id":"bldg_c7ce04a7-7948-4310-9d0d-6d0c32f2dae7"},"geometry":{"type":"Polygon","coordinates":[[[139.66086392601525,35.79605173878944],[139.66085257183136,35.79605155124529],[139.66085242967077,35.79605692310697],[139.660799915933,35.796056029335745],[139.66080005347297,35.79605074940554],[139.66040758962876,35.7960440059265],[139.6604116074311,35.79588901409074],[139.66080517133386,35.795895760937],[139.66085658305317,35.79589664501284],[139.66085576591706,35.795928169574076],[139.66085574903528,35.79592881401747],[139.6608640541709,35.79592895662688],[139.66086267186162,35.795982413908554],[139.66086572419601,35.79598246695991],[139.66086392601525,35.79605173878944]]]}},{"type":"Feature","properties":{"height":3.26,"gml_id":"bldg_ce772118-9948-49a9-a732-b42fa53884ff"},"geometry":{"type":"Polygon","coordinates":[[[139.65547544510278,35.79178469501651],[139.65561732740085,35.79175730984947],[139.65565145327412,35.791874696722466],[139.65547012623625,35.791909699518236],[139.65543773318845,35.79179822263158],[139.65547716992273,35.791790610449],[139.65547544510278,35.79178469501651]]]}},{"type":"Feature","properties":{"height":9.07,"gml_id":"bldg_cf3f66cc-bea0-41cc-a69d-2ec32027c18e"},"geometry":{"type":"Polygon","coordinates":[[[139.65981814805195,35.792074141831236],[139.65985590673873,35.79206680971746],[139.6599074943687,35.792237121033956],[139.6598680317723,35.792244507490814],[139.65987052229698,35.792253058622194],[139.6595247605912,35.79232027533755],[139.65947238709015,35.79214135299191],[139.65981814805195,35.792074141831236]]]}},{"type":"Feature","properties":{"height":3.82,"gml_id":"bldg_cd8fdbec-6c00-4361-8d96-f74ff436ed79"},"geometry":{"type":"Polygon","coordinates":[[[139.6603106125372,35.792619239439965],[139.66045244845103,35.79259582798148],[139.66045642743333,35.79261185977286],[139.6603145925984,35.79263527123751],[139.6603106125372,35.792619239439965]]]}},{"type":"Feature","properties":{"height":9.52,"gml_id":"bldg_c36ffed6-aea3-4bfc-8c2b-99067644a095"},"geometry":{"type":"Polygon","coordinates":[[[139.6613698825179,35.79572638088001],[139.6613162096031,35.795725966098],[139.6613176005454,35.79561292395568],[139.66137127338615,35.79561333783552],[139.6613698825179,35.79572638088001]]]}},{"type":"Feature","properties":{"height":2.39,"gml_id":"bldg_d23d1b42-8984-42e6-ac1a-75d0cf592458"},"geometry":{"type":"Polygon","coordinates":[[[139.65619246577,35.79478023680998],[139.65619759973893,35.794666843297215],[139.65625068739914,35.794668418641784],[139.6562450659751,35.79479261596227],[139.6562138414721,35.79479168844721],[139.65621432896273,35.794780904471786],[139.65619246577,35.79478023680998]]]}},{"type":"Feature","properties":{"height":1.47,"gml_id":"bldg_c480175e-0720-4ad1-8e3b-b2b75a734b69"},"geometry":{"type":"Polygon","coordinates":[[[139.6553223730875,35.7919263857629],[139.6554220316688,35.7919073118881],[139.6554283659745,35.79192932691245],[139.65532870628098,35.791948391777225],[139.6553223730875,35.7919263857629]]]}},{"type":"Feature","properties":{"height":9.49,"gml_id":"bldg_f3b60e52-76ad-4d1b-b1e9-36abaccd21a0"},"geometry":{"type":"Polygon","coordinates":[[[139.65600062488065,35.792122650030166],[139.65593191223908,35.79213604915138],[139.65592800996376,35.792122758340376],[139.655917827266,35.79208802947736],[139.6559865376739,35.79207462224855],[139.655996731499,35.79210933489791],[139.65600062488065,35.792122650030166]]]}},{"type":"Feature","properties":{"height":4.67,"gml_id":"bldg_cc0acb47-8726-430a-b474-cf1239b9064a"},"geometry":{"type":"Polygon","coordinates":[[[139.65304966959394,35.795685639544665],[139.65305028244543,35.79566069280897],[139.65321149593424,35.79566327163062],[139.65321090769697,35.79568762891907],[139.65324171417672,35.7956881257413],[139.6532384784835,35.79582130214211],[139.65321037565502,35.79582091032078],[139.65320900587446,35.79587733027516],[139.6532371153386,35.79587773202165],[139.65323393207973,35.79600874705174],[139.6532043634228,35.79600828182641],[139.65320376770438,35.79603252012357],[139.65304328476617,35.796029945090154],[139.65304384102006,35.796007036230606],[139.65301287842436,35.796006538222024],[139.65301607888313,35.795874926528235],[139.65304413194556,35.795875317419025],[139.6530455226685,35.79581800425705],[139.6530174630125,35.79581760254049],[139.6530206807684,35.79568518325587],[139.65304966959394,35.795685639544665]]]}},{"type":"Feature","properties":{"height":7.02,"gml_id":"bldg_cf43c296-e7f2-4e63-9969-6944d9beee06"},"geometry":{"type":"Polygon","coordinates":[[[139.6580468617794,35.79185653946834],[139.65808310343826,35.79184986819473],[139.65809452957785,35.79189107942351],[139.65807641314174,35.791894425886014],[139.65808223004845,35.791915606265185],[139.6580266699709,35.79192585028372],[139.65800936833492,35.791863461284926],[139.6580468617794,35.79185653946834]]]}},{"type":"Feature","properties":{"height":1.41,"gml_id":"bldg_b2ef198d-4971-47b0-b943-d9bd762feb92"},"geometry":{"type":"Polygon","coordinates":[[[139.65501297630394,35.79191696516574],[139.65503421740755,35.79191297482359],[139.6550593477813,35.79200183058834],[139.65503810554895,35.792005820933184],[139.65501297630394,35.79191696516574]]]}},{"type":"Feature","properties":{"height":8.33,"gml_id":"bldg_c7fa052e-3dc2-45e2-8f50-2e7785109018"},"geometry":{"type":"Polygon","coordinates":[[[139.65601061655224,35.79179719310828],[139.6560601789212,35.79178822020024],[139.65608123481178,35.79186560182283],[139.65603167018443,35.79187457473603],[139.65601061655224,35.79179719310828]]]}},{"type":"Feature","properties":{"height":7.04,"gml_id":"bldg_d6ed05ab-397a-4bb3-b581-d2f43d14a755"},"geometry":{"type":"Polygon","coordinates":[[[139.65149629984404,35.79490824746991],[139.65151992410046,35.79490027557156],[139.6515509629507,35.79496133330442],[139.65150042156674,35.79497840152454],[139.6514694037691,35.79491734381067],[139.65149629984404,35.79490824746991]]]}},{"type":"Feature","properties":{"height":11.71,"gml_id":"bldg_f1d018fc-b8d1-42e0-a686-cace27dd5b6e"},"geometry":{"type":"Polygon","coordinates":[[[139.65458393544202,35.794439062798396],[139.65457484594336,35.79443898078268],[139.6545711580426,35.79464763410973],[139.65440682735422,35.794645738404775],[139.6544061717969,35.79469387510882],[139.65436415371573,35.79469351242411],[139.6543648029474,35.79464524771874],[139.65411373407386,35.79464231301238],[139.65411310776773,35.79468818375578],[139.65407108858702,35.794687820065676],[139.65407170745843,35.7946418222206],[139.65402558527464,35.794641282943076],[139.65403113220776,35.79432721641838],[139.65413896636682,35.79432845338863],[139.65413913992052,35.7943201395631],[139.6543072103562,35.7943220808608],[139.6543070511518,35.79433041724182],[139.65443131284508,35.79433186949478],[139.65443147272865,35.79432371789207],[139.6545859510776,35.79432549796496],[139.65458393544202,35.794439062798396]]]}},{"type":"Feature","properties":{"height":8.97,"gml_id":"bldg_ce199289-c5fa-4790-88b2-396332d6c622"},"geometry":{"type":"Polygon","coordinates":[[[139.65061425044826,35.79561855754957],[139.6505058809981,35.79561747163492],[139.6505063322929,35.79559288430731],[139.6505023118932,35.79559284304129],[139.65050357855475,35.795512725483775],[139.65059568039814,35.79551365237635],[139.65059522630494,35.79554333955686],[139.6506154532905,35.79554355417217],[139.6506146303034,35.79559568178268],[139.65061425044826,35.79561855754957]]]}},{"type":"Feature","properties":{"height":5.76,"gml_id":"bldg_a68bb994-878a-4526-910a-79a27cc82e9c"},"geometry":{"type":"Polygon","coordinates":[[[139.65887949471139,35.79381628659075],[139.65876826168216,35.793815430210834],[139.65876971161995,35.7936927247404],[139.65888094226557,35.79369358111532],[139.65887949471139,35.79381628659075]]]}},{"type":"Feature","properties":{"height":5.53,"gml_id":"bldg_c9f0ca5c-851c-4fbe-a188-2003aabd2f78"},"geometry":{"type":"Polygon","coordinates":[[[139.65064062533358,35.79526892124995],[139.65071388284423,35.79524500786679],[139.6507224393577,35.795262414275896],[139.6507253667346,35.79526145878056],[139.65076163667655,35.795335254469094],[139.65068187222175,35.79536128519016],[139.6506455934623,35.795287502083525],[139.65064916856159,35.795286325841275],[139.65064062533358,35.79526892124995]]]}},{"type":"Feature","properties":{"height":1.98,"gml_id":"bldg_c6eabaa6-c8d5-40df-b4dd-eae45f8372bb"},"geometry":{"type":"Polygon","coordinates":[[[139.65979629133633,35.79565800397737],[139.659769298018,35.79565769821491],[139.6597702022187,35.795605667096076],[139.65979719220036,35.7956059728535],[139.65979629133633,35.79565800397737]]]}},{"type":"Feature","properties":{"height":9.86,"gml_id":"bldg_deeb29c2-1e84-459d-9aaa-ffc333f96818"},"geometry":{"type":"Polygon","coordinates":[[[139.6614287638696,35.7963828305487],[139.66137242133337,35.796382192044206],[139.66137386043056,35.79630068472762],[139.66143383059347,35.796301363570485],[139.6614324823347,35.79637770896769],[139.66142886014194,35.79637768576199],[139.6614287638696,35.7963828305487]]]}},{"type":"Feature","properties":{"height":6.39,"gml_id":"bldg_b655c3c4-8f10-4e68-a99b-e952b7500551"},"geometry":{"type":"Polygon","coordinates":[[[139.65751549022647,35.792660966472205],[139.65748886304544,35.79257076061229],[139.65754675931865,35.79255939807402],[139.65755316246538,35.792581086795515],[139.65757338544518,35.79264960842658],[139.65751549022647,35.792660966472205]]]}},{"type":"Feature","properties":{"height":4.43,"gml_id":"bldg_c23acff8-67e4-4bda-9199-505b3bf83b2a"},"geometry":{"type":"Polygon","coordinates":[[[139.65668992712656,35.79589170546989],[139.65662236900303,35.79589043444091],[139.6566239553148,35.795835065740576],[139.65669152331077,35.79583635390882],[139.65668992712656,35.79589170546989]]]}},{"type":"Feature","properties":{"height":5.06,"gml_id":"bldg_cfc43ffe-019b-44d7-b1f4-3dfc5134b1aa"},"geometry":{"type":"Polygon","coordinates":[[[139.6623904361681,35.79618915237376],[139.66248423757955,35.79618474197374],[139.66248789785516,35.796236740837855],[139.66239410523178,35.796241152154494],[139.6623904361681,35.79618915237376]]]}},{"type":"Feature","properties":{"height":2.81,"gml_id":"bldg_e04bf10c-e070-4f6a-84fb-833d34006f5e"},"geometry":{"type":"Polygon","coordinates":[[[139.6612519030323,35.796459491833204],[139.66117616580578,35.79645937530322],[139.66117624458363,35.79642901152957],[139.66125198067303,35.79642912895918],[139.6612519030323,35.796459491833204]]]}},{"type":"Feature","properties":{"height":5.95,"gml_id":"bldg_db52fabb-8c2a-4212-aab9-5851fa865978"},"geometry":{"type":"Polygon","coordinates":[[[139.6515901652805,35.794870944464456],[139.65164208075234,35.794855292505936],[139.65167175460522,35.794920655713064],[139.65161983909658,35.794936307684104],[139.6515901652805,35.794870944464456]]]}},{"type":"Feature","properties":{"height":5.31,"gml_id":"bldg_eb0438fe-6743-4184-aa7c-a0579eb125bb"},"geometry":{"type":"Polygon","coordinates":[[[139.658239255581,35.79539323201096],[139.65822560585372,35.79539302735571],[139.65822609866072,35.79537213470274],[139.6582918049206,35.79537314074177],[139.65829068799388,35.79542134259151],[139.65823861923866,35.795420549301525],[139.658239255581,35.79539323201096]]]}},{"type":"Feature","properties":{"height":7.42,"gml_id":"bldg_cf095909-604d-490a-8372-7f8bada52ae9"},"geometry":{"type":"Polygon","coordinates":[[[139.65498894718766,35.793067216432284],[139.65502344340382,35.793060757115256],[139.6550463849844,35.793142061685025],[139.65497752746265,35.79315497511408],[139.6549545748794,35.79307367321916],[139.65498894718766,35.793067216432284]]]}},{"type":"Feature","properties":{"height":6.21,"gml_id":"bldg_c30e22b2-90bf-4d2f-8340-a363f5e15d66"},"geometry":{"type":"Polygon","coordinates":[[[139.6587744524129,35.793689610235354],[139.65869443849974,35.793689007318136],[139.65869516304218,35.793628380622195],[139.65877517579023,35.79362898263581],[139.6587744524129,35.793689610235354]]]}},{"type":"Feature","properties":{"height":7.86,"gml_id":"bldg_facebda0-1707-485a-98a8-e5f532d8da08"},"geometry":{"type":"Polygon","coordinates":[[[139.66181089581875,35.791947002256585],[139.66198097264038,35.79191651849036],[139.66199898035288,35.791983333575146],[139.66200050260247,35.791989015175226],[139.66185426464813,35.79201522179178],[139.66181424966044,35.79202238816989],[139.6617976018845,35.79196580266103],[139.66181503685053,35.79196238526141],[139.66181089581875,35.791947002256585]]]}},{"type":"Feature","properties":{"height":6.09,"gml_id":"bldg_b68753bb-a9c2-44ae-b48c-60becbfc6939"},"geometry":{"type":"Polygon","coordinates":[[[139.65150823390002,35.79499084300063],[139.65155795239858,35.79497513097135],[139.6515872783216,35.79503683237488],[139.65153757860017,35.79505254354314],[139.65150823390002,35.79499084300063]]]}},{"type":"Feature","properties":{"height":6.5,"gml_id":"bldg_cd4c548e-d92f-4bfa-9217-3481daabf65f"},"geometry":{"type":"Polygon","coordinates":[[[139.65275060002278,35.79508783960635],[139.6528261307456,35.795089646662504],[139.65282692438268,35.79506795318108],[139.6529533420907,35.79507099297596],[139.6529522141302,35.79510209338122],[139.65294970035035,35.79517118104491],[139.65279120230963,35.79516737199813],[139.652791429981,35.79516111875079],[139.6527479672142,35.79516007100732],[139.65275060002278,35.79508783960635]]]}},{"type":"Feature","properties":{"height":6.63,"gml_id":"bldg_ce658b66-7918-42d3-b23e-20ba493d0283"},"geometry":{"type":"Polygon","coordinates":[[[139.66040062246924,35.79719244967496],[139.66043688990737,35.797136608925356],[139.6605322778188,35.79717774500083],[139.66049601042846,35.797233585778955],[139.66040062246924,35.79719244967496]]]}},{"type":"Feature","properties":{"height":8.26,"gml_id":"bldg_e33f4720-5cbd-4a3c-b083-e92d342d8bfb"},"geometry":{"type":"Polygon","coordinates":[[[139.6578860373194,35.79230650411942],[139.65787232507068,35.79226251156538],[139.6578252512247,35.79227225139715],[139.65781152812073,35.79222818220506],[139.6578817044459,35.7922136529463],[139.6578844508488,35.79222246408184],[139.65791909511972,35.792333613695085],[139.65792994555355,35.792368465946616],[139.65785842763827,35.792383274497546],[139.65783763967266,35.7923165304576],[139.6578860373194,35.79230650411942]]]}},{"type":"Feature","properties":{"height":10.27,"gml_id":"bldg_cefe8e61-7dc7-44dc-be20-e5f5bc2658d7"},"geometry":{"type":"Polygon","coordinates":[[[139.6620802290458,35.796722482427015],[139.66209819748155,35.79669315454948],[139.662295126774,35.79677327851497],[139.6622185490336,35.79689825304432],[139.66202161836176,35.79681814878257],[139.6620802290458,35.796722482427015]]]}},{"type":"Feature","properties":{"height":10.61,"gml_id":"bldg_c39b7ad7-dd3e-4e98-8d8a-8cf1e6997844"},"geometry":{"type":"Polygon","coordinates":[[[139.66007018438972,35.7925650148124],[139.66010324673832,35.792558306802235],[139.66013274458575,35.79265456250361],[139.66012851989336,35.7926554334354],[139.66013240616792,35.79266929464381],[139.66006070996036,35.79268271796513],[139.6600273267719,35.79257374485413],[139.66007018438972,35.7925650148124]]]}},{"type":"Feature","properties":{"height":2.29,"gml_id":"bldg_a8ccd29d-0d29-48a1-a3af-4db8db1687b2"},"geometry":{"type":"Polygon","coordinates":[[[139.65489959138293,35.79435953381804],[139.6549662866676,35.79435917488647],[139.65496668672904,35.79441184246333],[139.65489999143463,35.794412186072016],[139.65489959138293,35.79435953381804]]]}},{"type":"Feature","properties":{"height":7.39,"gml_id":"bldg_acfa74e4-5753-4570-be7d-ead64f9c171c"},"geometry":{"type":"Polygon","coordinates":[[[139.66130605614714,35.79740244061806],[139.66141725386404,35.797409184948435],[139.66141141778604,35.797472829257565],[139.6613002210854,35.79746608582453],[139.66130047261603,35.79746334246565],[139.66128397089105,35.79746233908309],[139.66128767021272,35.79742199079879],[139.66130416974966,35.7974229788547],[139.66130605614714,35.79740244061806]]]}},{"type":"Feature","properties":{"height":2.65,"gml_id":"bldg_cfe91e25-d5a0-429e-b627-dc91c1bc11c1"},"geometry":{"type":"Polygon","coordinates":[[[139.66017376060526,35.797118135600456],[139.66018998559056,35.79709112017504],[139.66022127117785,35.797103597586684],[139.66020504509225,35.79713061391606],[139.66017376060526,35.797118135600456]]]}},{"type":"Feature","properties":{"height":7.08,"gml_id":"bldg_fb6e971f-f98a-46ec-80ac-5e46aa105d07"},"geometry":{"type":"Polygon","coordinates":[[[139.65127220316086,35.795051692239625],[139.6512431899113,35.79498979563958],[139.6512617919865,35.79498399295464],[139.6512565171736,35.794972730669826],[139.65129391616347,35.794961066098544],[139.65129920974556,35.794972347338586],[139.6513282252574,35.795034238520664],[139.65127220316086,35.795051692239625]]]}},{"type":"Feature","properties":{"height":17.55,"gml_id":"bldg_eafc036b-1447-456e-9048-757effc63089"},"geometry":{"type":"Polygon","coordinates":[[[139.6535347750674,35.79489241609199],[139.65353383972115,35.794945177214196],[139.65353176995146,35.79506196337198],[139.6535314525443,35.79507860909055],[139.65339951408188,35.79507607901876],[139.65340283801697,35.79488988692766],[139.6535347750674,35.79489241609199]]]}},{"type":"Feature","properties":{"height":9.47,"gml_id":"bldg_c545bbd5-aa48-4ea7-a45c-8cc721111ab6"},"geometry":{"type":"Polygon","coordinates":[[[139.6613100462063,35.79573309690009],[139.66125637107467,35.79573268208819],[139.66125772020172,35.795622653111245],[139.6613113874877,35.79562308053016],[139.6613112398375,35.79563563346717],[139.6613100462063,35.79573309690009]]]}},{"type":"Feature","properties":{"height":5.9,"gml_id":"bldg_b2dde3f0-cdc5-42ec-ba57-ade0e6cfaf3c"},"geometry":{"type":"Polygon","coordinates":[[[139.65669262602415,35.79646731449414],[139.6566142034576,35.79646628528556],[139.656615032205,35.79642528034269],[139.6566934547313,35.796426309550625],[139.65669262602415,35.79646731449414]]]}},{"type":"Feature","properties":{"height":6.87,"gml_id":"bldg_cf84e54b-2b2b-40e7-a585-f9c13b880f33"},"geometry":{"type":"Polygon","coordinates":[[[139.65572301800646,35.79227981857391],[139.65577063291082,35.792270162387695],[139.65577510518963,35.792284822300196],[139.65577854505733,35.79228416668736],[139.65579487369317,35.792341086951936],[139.65570350127683,35.79235851037716],[139.6556871627319,35.79230159639529],[139.6557273211234,35.79229393111656],[139.65572301800646,35.79227981857391]]]}},{"type":"Feature","properties":{"height":6.4,"gml_id":"bldg_c7b91128-2b1c-41ab-b7f1-c72246b42860"},"geometry":{"type":"Polygon","coordinates":[[[139.65566626309203,35.792525903452805],[139.65564626270896,35.7924595198419],[139.65564695116166,35.79245937303723],[139.6556911536174,35.7924505284667],[139.655691845488,35.79245282253278],[139.65570038282863,35.79248118722735],[139.65570387369792,35.792480485723],[139.65571501702914,35.792478246997],[139.65571643151216,35.79248294153401],[139.6557343628651,35.79247934998614],[139.6557417460426,35.79250387050196],[139.65572382132234,35.79250746206071],[139.65572578044998,35.79251399345968],[139.65566626309203,35.792525903452805]]]}},{"type":"Feature","properties":{"height":1.49,"gml_id":"bldg_f869c35a-985c-43f2-b836-88fb8370c029"},"geometry":{"type":"Polygon","coordinates":[[[139.65633795456392,35.79541721935572],[139.65627541261483,35.79541564635198],[139.65627656032308,35.79538553563041],[139.6563391044573,35.79538711043946],[139.65633795456392,35.79541721935572]]]}},{"type":"Feature","properties":{"height":1.96,"gml_id":"bldg_c2f00600-3258-4c72-a6f3-339957799301"},"geometry":{"type":"Polygon","coordinates":[[[139.66212943540972,35.79424259220779],[139.66215576487508,35.794239608356904],[139.6621586951604,35.79425681756564],[139.66213236679775,35.79425980051736],[139.66212943540972,35.79424259220779]]]}},{"type":"Feature","properties":{"height":5.88,"gml_id":"bldg_cb4e72e7-7807-4e11-bb21-880a14463779"},"geometry":{"type":"Polygon","coordinates":[[[139.66170706606192,35.79698104432432],[139.66172393423508,35.796955653847064],[139.66174319545905,35.79692667308737],[139.66187325174954,35.79698545018257],[139.6618375316044,35.797038870212965],[139.66170706606192,35.79698104432432]]]}},{"type":"Feature","properties":{"height":9.04,"gml_id":"bldg_a6a0b24e-788b-4e3e-aba3-46e476d5cb4f"},"geometry":{"type":"Polygon","coordinates":[[[139.6605247904724,35.796419753908424],[139.66059021786154,35.796420692492866],[139.66058989729495,35.79643538589266],[139.6605939774484,35.79643544493434],[139.66059008641167,35.796613290755126],[139.66048254621094,35.79661175352914],[139.6604864363789,35.79643390861224],[139.66052446548787,35.79643443828813],[139.6605247904724,35.796419753908424]]]}},{"type":"Feature","properties":{"height":9.17,"gml_id":"bldg_c8bca9f2-c104-460c-bcd5-084f509ad8d0"},"geometry":{"type":"Polygon","coordinates":[[[139.6586773795739,35.79169117699653],[139.65867303216908,35.79169202426392],[139.65866959139893,35.791680475626414],[139.65870988678452,35.79167262296871],[139.65871283770085,35.79168204279712],[139.65871468891606,35.79168794034006],[139.65873842448963,35.79176385798937],[139.65870226097007,35.791770758518105],[139.6586773795739,35.79169117699653]]]}},{"type":"Feature","properties":{"height":7.16,"gml_id":"bldg_be0f117d-428a-40c1-857d-bf38f9f643c6"},"geometry":{"type":"Polygon","coordinates":[[[139.65648932275883,35.79229691011271],[139.65655203008242,35.79228415352328],[139.6565764862082,35.792364061139104],[139.65651377772332,35.79237681593662],[139.65648932275883,35.79229691011271]]]}},{"type":"Feature","properties":{"height":6.31,"gml_id":"bldg_bc382ea7-7ed9-41c5-b833-6123c1c54cfa"},"geometry":{"type":"Polygon","coordinates":[[[139.65775069094266,35.791797761818806],[139.65781084855715,35.79178660345504],[139.65781919954233,35.79181651084908],[139.65782574918543,35.79184000788846],[139.6577655904264,35.79185116625785],[139.65775069094266,35.791797761818806]]]}},{"type":"Feature","properties":{"height":6.22,"gml_id":"bldg_daab273a-46a8-4661-b389-e017ba520203"},"geometry":{"type":"Polygon","coordinates":[[[139.6556328745034,35.79306309787391],[139.6557930856913,35.79303599287486],[139.65580580691085,35.79308588986497],[139.6558192035495,35.79313852526151],[139.65565899106002,35.79316562939134],[139.6556328745034,35.79306309787391]]]}},{"type":"Feature","properties":{"height":8.49,"gml_id":"bldg_ccc3b9e7-8779-47d1-95fe-8b8b1f29466a"},"geometry":{"type":"Polygon","coordinates":[[[139.65879698085993,35.79240900950383],[139.65882667415764,35.79240297927907],[139.658860473937,35.79251341802858],[139.6587940512416,35.792526936579364],[139.65876023604847,35.792416503197266],[139.65879698085993,35.79240900950383]]]}},{"type":"Feature","properties":{"height":11.18,"gml_id":"bldg_f5b9fc53-7bf3-4849-977c-a8d5b57aef9c"},"geometry":{"type":"Polygon","coordinates":[[[139.65782668031082,35.79508879419709],[139.65786382943506,35.7950887195225],[139.65786388189903,35.795127254259015],[139.65782673278062,35.795127318117366],[139.65782668031082,35.79508879419709]]]}},{"type":"Feature","properties":{"height":9.26,"gml_id":"bldg_cdf2b22b-171a-4236-874f-0b834e9f092e"},"geometry":{"type":"Polygon","coordinates":[[[139.65192231176604,35.79515440609051],[139.65195646747415,35.79515467214036],[139.65195619748278,35.795170755481124],[139.6519554099186,35.79521644659496],[139.65189788560252,35.795215808178625],[139.65189813788743,35.795201192214556],[139.65189268261895,35.79520112990147],[139.6518934114703,35.795159381218646],[139.65192223558572,35.79515969060989],[139.65192231176604,35.79515440609051]]]}},{"type":"Feature","properties":{"height":7.54,"gml_id":"bldg_ec2664b3-9ac1-4428-b4d8-82fdef18b5f2"},"geometry":{"type":"Polygon","coordinates":[[[139.65110712122038,35.79510424253978],[139.65105963309009,35.795120862721866],[139.65102123341296,35.79504796434306],[139.65103576535998,35.795031464570435],[139.6510636432412,35.79502171363009],[139.65107451028567,35.79504232512424],[139.65109843429912,35.795087713877955],[139.65110712122038,35.79510424253978]]]}},{"type":"Feature","properties":{"height":19.46,"gml_id":"bldg_c2ad4409-5715-4cdd-bc2a-9bd970c10d77"},"geometry":{"type":"Polygon","coordinates":[[[139.65782405688597,35.79286722426135],[139.6577446397622,35.79288337504581],[139.65773397976704,35.79284845906256],[139.65774779503923,35.792845630959576],[139.6577116177359,35.792727305192976],[139.65779786261032,35.79270977180585],[139.65781882028855,35.792783387115655],[139.65783130138627,35.79282732469523],[139.6578129410007,35.7928308239913],[139.65782405688597,35.79286722426135]]]}},{"type":"Feature","properties":{"height":7.31,"gml_id":"bldg_a4fbacdb-8e00-43a3-b300-d35c0234b6a5"},"geometry":{"type":"Polygon","coordinates":[[[139.65023186654935,35.79542944431178],[139.65028931978165,35.795402768809154],[139.65033642194572,35.79547018060444],[139.650278977525,35.79549685884671],[139.65023186654935,35.79542944431178]]]}},{"type":"Feature","properties":{"height":6.98,"gml_id":"bldg_b3412bbc-f696-484b-9fbc-fe7ed584148e"},"geometry":{"type":"Polygon","coordinates":[[[139.65890820510492,35.79193205095921],[139.65896323495315,35.79192088638333],[139.65897277605706,35.791952132130824],[139.65898258724738,35.79198432649329],[139.65892755736,35.79199549017645],[139.65890820510492,35.79193205095921]]]}},{"type":"Feature","properties":{"height":1.13,"gml_id":"bldg_c24a89d8-ca09-43da-bc54-3e76e908f8d4"},"geometry":{"type":"Polygon","coordinates":[[[139.6585818301832,35.795472414929705],[139.65849480070014,35.79547209011402],[139.65849502169146,35.79543282658234],[139.65858204896048,35.79543313246619],[139.6585818301832,35.795472414929705]]]}},{"type":"Feature","properties":{"height":8.29,"gml_id":"bldg_a1929226-c476-4d56-91ac-7a0236bf7a6f"},"geometry":{"type":"Polygon","coordinates":[[[139.65529900247634,35.79312068271663],[139.6553179945547,35.79311677372281],[139.65534533758776,35.7932049395458],[139.65530803845428,35.793212644982596],[139.65528069769664,35.79312446833842],[139.65529900247634,35.79312068271663]]]}},{"type":"Feature","properties":{"height":2.13,"gml_id":"bldg_c8029438-8e74-45ec-82b8-df25eb73a315"},"geometry":{"type":"Polygon","coordinates":[[[139.66202264083842,35.794283781584035],[139.66204459258955,35.79428129267295],[139.6620468083128,35.79429430596681],[139.6620248576683,35.794296793077166],[139.66202264083842,35.794283781584035]]]}},{"type":"Feature","properties":{"height":4.37,"gml_id":"bldg_a1a892aa-adef-4eb4-a8e3-997b74cf3b66"},"geometry":{"type":"Polygon","coordinates":[[[139.6586692593388,35.79585275983406],[139.65860906874485,35.79585186296764],[139.65861050156673,35.79578916060541],[139.65867068990468,35.795790055665066],[139.6586692593388,35.79585275983406]]]}},{"type":"Feature","properties":{"height":34.36,"gml_id":"bldg_c162db8e-142e-4dff-af2c-c7b8841064b8"},"geometry":{"type":"Polygon","coordinates":[[[139.65695494381978,35.79292032399205],[139.65637775305163,35.79299229901563],[139.6563767591253,35.79298701381764],[139.65634773120152,35.79299115157292],[139.65633909748573,35.79295074199515],[139.65636912592151,35.79294641733148],[139.65635686693665,35.792880997065005],[139.65703245242875,35.7927966304199],[139.65703608164975,35.79281593642824],[139.6570450229887,35.79286348152431],[139.65707428876365,35.79285930969771],[139.65708375609884,35.7929041379802],[139.65695494381978,35.79292032399205]]]}},{"type":"Feature","properties":{"height":6.29,"gml_id":"bldg_cb39bc61-2c80-475b-adfd-a5872a88b252"},"geometry":{"type":"Polygon","coordinates":[[[139.65014779183795,35.7953140908609],[139.65017206255678,35.79530270138034],[139.65019785501102,35.795290607551664],[139.6502000208526,35.79529367184604],[139.6502070754992,35.79529053776919],[139.6502459719008,35.7953487063447],[139.65024061059546,35.795351084964274],[139.65026868270104,35.795390836824076],[139.65021861392498,35.79541433277276],[139.65014779183795,35.7953140908609]]]}},{"type":"Feature","properties":{"height":2.77,"gml_id":"bldg_c649477e-9302-4939-90bd-99db4b92ee4d"},"geometry":{"type":"Polygon","coordinates":[[[139.66059581828978,35.79674271167579],[139.6605553857431,35.79674229844858],[139.66055606116836,35.79669912370024],[139.66059649369515,35.796699536025805],[139.66059581828978,35.79674271167579]]]}},{"type":"Feature","properties":{"height":2.0,"gml_id":"bldg_a19c9083-edc3-4de0-a5d9-bbda6abfa183"},"geometry":{"type":"Polygon","coordinates":[[[139.6576417767516,35.79205902869955],[139.65777979509028,35.79203186608254],[139.65779539550897,35.79208450358577],[139.6576573770884,35.79211166441754],[139.6576417767516,35.79205902869955]]]}},{"type":"Feature","properties":{"height":15.03,"gml_id":"bldg_c39392f1-7997-4318-bca3-2fd5af11e76b"},"geometry":{"type":"Polygon","coordinates":[[[139.6522016849919,35.796028836143925],[139.65240405389977,35.79603861044804],[139.65240110779771,35.79607905333641],[139.65246311589996,35.79608205259214],[139.6524542621642,35.79620094758315],[139.65205684216753,35.79619405762287],[139.65206602089864,35.79606287951105],[139.65219872664846,35.796069265488526],[139.6522016849919,35.796028836143925]]]}},{"type":"Feature","properties":{"height":5.04,"gml_id":"bldg_d5a88f5e-3175-40c6-9b0e-73b632ebbc59"},"geometry":{"type":"Polygon","coordinates":[[[139.65294138844413,35.79496262426117],[139.65284017696655,35.794962444431384],[139.65284032972662,35.79491104138145],[139.65294154224534,35.79491122121258],[139.65294138844413,35.79496262426117]]]}},{"type":"Feature","properties":{"height":9.49,"gml_id":"bldg_c87c81f0-a6cf-40dd-a23f-5cffd8d7add7"},"geometry":{"type":"Polygon","coordinates":[[[139.6591610918965,35.79198783276763],[139.6591593252474,35.79198169379144],[139.65920223904752,35.791973477911014],[139.65920407815716,35.791979872976015],[139.65921314024374,35.79197819515898],[139.65924203027666,35.792074068933594],[139.65908306056903,35.792103511236796],[139.6590541718073,35.79200764463738],[139.65906100160927,35.792006366501546],[139.6590596424004,35.7920016044818],[139.65910255290834,35.79199338592817],[139.65910399785045,35.79199840495752],[139.6591610918965,35.79198783276763]]]}},{"type":"Feature","properties":{"height":7.13,"gml_id":"bldg_a731754c-5cc5-4db9-8016-03bd600307a0"},"geometry":{"type":"Polygon","coordinates":[[[139.66149460250074,35.79552531402335],[139.66150048511025,35.795525256631535],[139.66150032725844,35.795510189382846],[139.66155270954428,35.79550979733007],[139.6615528740189,35.79552487630575],[139.66158736626107,35.79552462542802],[139.66158774730096,35.79555988781775],[139.6615405394791,35.79556024491538],[139.6615405568564,35.79556245145327],[139.66152759456742,35.795562560924644],[139.66152763612249,35.795566898296435],[139.66149505564312,35.79556714918516],[139.66149460250074,35.79552531402335]]]}},{"type":"Feature","properties":{"height":7.51,"gml_id":"bldg_c3475f49-1421-457f-a669-9fab498dae54"},"geometry":{"type":"Polygon","coordinates":[[[139.66201138740584,35.79195042118916],[139.66207344805215,35.791938953338125],[139.66207084291642,35.791927511446346],[139.66211512060522,35.79192077649153],[139.6621174078799,35.79193083795692],[139.66218691685083,35.79191800518665],[139.66219768118063,35.79195670932204],[139.66220784924917,35.79199333678956],[139.6621966523063,35.79199541289643],[139.66220166346574,35.792014177203505],[139.66210280612611,35.792031747170896],[139.66210024565976,35.79202217024477],[139.66206656310575,35.79202782694311],[139.66206452369687,35.79201980469253],[139.6620323318277,35.792025747431026],[139.66201138740584,35.79195042118916]]]}},{"type":"Feature","properties":{"height":10.38,"gml_id":"bldg_cabbf5f7-ef69-4a08-8c0c-f41c5a8ef05b"},"geometry":{"type":"Polygon","coordinates":[[[139.66159551950756,35.79557065476896],[139.66159558896186,35.79556202891637],[139.66159335415136,35.795562016710804],[139.6615937559252,35.795513097231435],[139.66167104388197,35.79551348701851],[139.66167095426422,35.795524804283644],[139.661686303649,35.79552488568606],[139.66168592652062,35.79557111736513],[139.66159551950756,35.79557065476896]]]}},{"type":"Feature","properties":{"height":1.48,"gml_id":"bldg_c907364c-032f-4a54-ac40-d92fdc89010c"},"geometry":{"type":"Polygon","coordinates":[[[139.6567316401988,35.794879259426445],[139.65664705745135,35.79487895759894],[139.65664733051884,35.79482857414755],[139.65673191542757,35.79482887507661],[139.6567316401988,35.794879259426445]]]}},{"type":"Feature","properties":{"height":0.77,"gml_id":"bldg_c56ea9e3-3b0b-4077-a31f-213d85812184"},"geometry":{"type":"Polygon","coordinates":[[[139.6537075075487,35.79592866538044],[139.65372642883383,35.79590197663566],[139.65375541133375,35.795882172127605],[139.65379096022633,35.79587163701931],[139.65382878773278,35.79587164302263],[139.65386433235253,35.79588218873507],[139.6538933053883,35.79590200315979],[139.65391221280484,35.79592869520574],[139.65391877387958,35.79595904634752],[139.65391219692643,35.79598939771443],[139.65389327568442,35.79601608558682],[139.65386429316985,35.796035890127605],[139.65382874421357,35.79604642525713],[139.6537909166243,35.796046419253564],[139.65375537304763,35.79603587352118],[139.6537263999978,35.79601605906362],[139.65370749262294,35.795989366988955],[139.65370093051985,35.79595901583438],[139.6537075075487,35.79592866538044]]]}},{"type":"Feature","properties":{"height":8.55,"gml_id":"bldg_ce2f4603-5e1a-42d4-b292-e8746b812645"},"geometry":{"type":"Polygon","coordinates":[[[139.66033063896325,35.79686615110209],[139.6602479933991,35.79686490456604],[139.66025110728594,35.79673048754647],[139.66033374939187,35.79673173407525],[139.66033063896325,35.79686615110209]]]}},{"type":"Feature","properties":{"height":10.67,"gml_id":"bldg_c1e41ac6-fa50-4220-ae7f-5a6cf4ba985b"},"geometry":{"type":"Polygon","coordinates":[[[139.6507045064248,35.79550951105473],[139.65074698977625,35.79550979009684],[139.65074621355916,35.79558310048132],[139.65074601667118,35.79560000686434],[139.6507344410308,35.79559993971121],[139.65073430996011,35.79561177247697],[139.65070340993887,35.79561156150059],[139.6507045064248,35.79550951105473]]]}},{"type":"Feature","properties":{"height":8.43,"gml_id":"bldg_ca305c46-1d85-4c45-a238-9543ad3987cf"},"geometry":{"type":"Polygon","coordinates":[[[139.65536671163346,35.79297228132997],[139.6553859777299,35.79296851153927],[139.65539251079525,35.79299072875911],[139.6553991682022,35.79298942894406],[139.65542232296588,35.79306806935765],[139.65542445847953,35.7930753725806],[139.65536433804525,35.79308713370823],[139.6553347636725,35.79298652680553],[139.65536892730967,35.79297984967064],[139.65536671163346,35.79297228132997]]]}},{"type":"Feature","properties":{"height":9.97,"gml_id":"bldg_ca472769-79d6-4c69-8fab-6c54fcab8c47"},"geometry":{"type":"Polygon","coordinates":[[[139.6538421206323,35.79220268644431],[139.65376908629509,35.79221806446124],[139.65375543189322,35.792174945839726],[139.65382846508726,35.79215956782923],[139.65382940982528,35.79216254100293],[139.65383308444945,35.79217409102755],[139.6538421206323,35.79220268644431]]]}},{"type":"Feature","properties":{"height":20.15,"gml_id":"bldg_c779dece-2615-4669-8f21-5a0d1b38339b"},"geometry":{"type":"Polygon","coordinates":[[[139.6615625127419,35.79567129870622],[139.66156184667685,35.79572580349332],[139.6615684149203,35.795725895801],[139.6615682347002,35.79573355254024],[139.66138084662902,35.7957309501974],[139.66138275151897,35.79564223541514],[139.6615352526143,35.79564434444697],[139.66153486112654,35.7956627711557],[139.66156973904953,35.79566326535205],[139.66156955015796,35.795671352925886],[139.6615625127419,35.79567129870622]]]}},{"type":"Feature","properties":{"height":6.62,"gml_id":"bldg_d8a805ad-93ea-479a-aac4-ae79dbefb73d"},"geometry":{"type":"Polygon","coordinates":[[[139.65553893053593,35.79214663739568],[139.65562801984453,35.79213096926173],[139.65564106632658,35.792180255639266],[139.65555197472275,35.79219593729962],[139.65553893053593,35.79214663739568]]]}},{"type":"Feature","properties":{"height":8.49,"gml_id":"bldg_cc10069f-67e0-4a14-b908-373d7ca55812"},"geometry":{"type":"Polygon","coordinates":[[[139.6550184383424,35.79300928780754],[139.6551404398867,35.79298650758703],[139.65517770579498,35.79311904376749],[139.65505571287878,35.793141837558146],[139.6550184383424,35.79300928780754]]]}},{"type":"Feature","properties":{"height":1.37,"gml_id":"bldg_c476079f-74c6-44a1-ae72-cd3c250cd014"},"geometry":{"type":"Polygon","coordinates":[[[139.6563312872131,35.79484276262371],[139.65636067888386,35.79484253007292],[139.656361004334,35.79487038687878],[139.65633161265498,35.79487061852827],[139.6563312872131,35.79484276262371]]]}},{"type":"Feature","properties":{"height":10.63,"gml_id":"bldg_f854a1b7-41f0-48a3-9409-5afa1cb400ae"},"geometry":{"type":"Polygon","coordinates":[[[139.66155326367007,35.795808505723585],[139.6616543050986,35.79580956130395],[139.66165367916003,35.795849041489],[139.66165448235856,35.79584904984666],[139.6616528356379,35.79595315110031],[139.66165116353707,35.79605773363855],[139.66107560962706,35.796051680800375],[139.66107893327222,35.79584299703306],[139.661164520376,35.79584388396342],[139.66116491752365,35.79581928389574],[139.66122025191686,35.79581985345237],[139.66121986803137,35.79584446796092],[139.6613111383404,35.79584543052344],[139.6613115406299,35.79582047713206],[139.66136687502328,35.795821047522594],[139.66136648378745,35.79584601354893],[139.6614643766137,35.79584704585729],[139.66146477268296,35.79582238990306],[139.66152010929179,35.795822960226246],[139.66151972427406,35.79584762971677],[139.66155263217107,35.795847975985225],[139.66155326367007,35.795808505723585]]]}},{"type":"Feature","properties":{"height":10.56,"gml_id":"bldg_c39aaaff-623d-430f-8562-58f105c51eb8"},"geometry":{"type":"Polygon","coordinates":[[[139.65782658970699,35.795159677396214],[139.65786280728554,35.795159617586606],[139.65786284866886,35.79518809590691],[139.6578266310774,35.7951881557165],[139.65782658970699,35.795159677396214]]]}},{"type":"Feature","properties":{"height":2.49,"gml_id":"bldg_bd6c924c-afb9-4efd-a76b-f38c3c7a69d7"},"geometry":{"type":"Polygon","coordinates":[[[139.65252012379986,35.7961839380601],[139.65246136902158,35.79617965479269],[139.65246470251154,35.79614938065106],[139.6525234561614,35.79615366391511],[139.65252012379986,35.7961839380601]]]}},{"type":"Feature","properties":{"height":9.27,"gml_id":"bldg_c4503af6-eac2-40a5-9e9d-828396db13d9"},"geometry":{"type":"Polygon","coordinates":[[[139.6519853607947,35.795345571869014],[139.65198507063837,35.795362254578826],[139.65194118274377,35.79536177736037],[139.65194145846732,35.79534512076815],[139.6519261834503,35.79534495350678],[139.65192709008807,35.79529117743498],[139.65195323587093,35.795291444921155],[139.6519862584885,35.795291819218434],[139.6519853607947,35.795345571869014]]]}},{"type":"Feature","properties":{"height":7.05,"gml_id":"bldg_ca2563e1-e74e-4330-b7e2-c34f9a981f01"},"geometry":{"type":"Polygon","coordinates":[[[139.66048108989395,35.79667575832864],[139.66042569837708,35.79667575079335],[139.6604257086149,35.79665672774898],[139.66039300434372,35.79665671586663],[139.66039303579174,35.79661055040391],[139.6604811315215,35.79661056711729],[139.66048112049444,35.796633536285],[139.66048110567968,35.79665672177193],[139.66048108989395,35.79667575832864]]]}},{"type":"Feature","properties":{"height":2.16,"gml_id":"bldg_c8c82123-8a9d-46ef-8ed1-b0a16d588692"},"geometry":{"type":"Polygon","coordinates":[[[139.65795232045366,35.792355983286306],[139.65803850940833,35.79233902200297],[139.65804250452427,35.79235251838952],[139.65795631555585,35.79236947967563],[139.65795232045366,35.792355983286306]]]}},{"type":"Feature","properties":{"height":6.42,"gml_id":"bldg_e57759b7-4cd4-4499-bea4-6b41150f3b79"},"geometry":{"type":"Polygon","coordinates":[[[139.65718162580927,35.79171791141967],[139.65721370868462,35.79171183461712],[139.6572411176654,35.7917066550193],[139.65726190969997,35.791780284616486],[139.65726379331,35.79178699615153],[139.65720425183244,35.79179815334125],[139.65718162580927,35.79171791141967]]]}},{"type":"Feature","properties":{"height":7.37,"gml_id":"bldg_cdc5a0c1-b133-4f45-a784-eab9c3cf3004"},"geometry":{"type":"Polygon","coordinates":[[[139.65869276339555,35.79272131968217],[139.6587827679622,35.792703487292606],[139.65880679612053,35.79278388777301],[139.65871677375952,35.79280172375979],[139.65869276339555,35.79272131968217]]]}},{"type":"Feature","properties":{"height":2.37,"gml_id":"bldg_c9caa53a-4e57-4b7f-bffb-ec1218470290"},"geometry":{"type":"Polygon","coordinates":[[[139.66196833883293,35.79572994476582],[139.66196943401386,35.79567486552427],[139.66199901877997,35.79567449486512],[139.66199792251504,35.795729573204056],[139.66196833883293,35.79572994476582]]]}},{"type":"Feature","properties":{"height":4.69,"gml_id":"bldg_e9762a9a-9c42-4b86-9145-b46c7d24e2d8"},"geometry":{"type":"Polygon","coordinates":[[[139.6608309581524,35.79642817413387],[139.66084446781952,35.79642825660996],[139.66084319765432,35.796571095838345],[139.6607570856243,35.796570596408145],[139.66075835482945,35.7964277607849],[139.6608309581524,35.79642817413387]]]}},{"type":"Feature","properties":{"height":8.81,"gml_id":"bldg_c71d429a-7d16-4769-a5a8-5352091717b8"},"geometry":{"type":"Polygon","coordinates":[[[139.65397915233277,35.79211901093704],[139.65392238549757,35.79212984434864],[139.65391713295708,35.7921115426352],[139.65390807247755,35.79207996821312],[139.6539744671978,35.792067283367494],[139.6539756428646,35.79207137185921],[139.65398368584306,35.792069836231605],[139.6539898714383,35.792091395023796],[139.6539882145596,35.79209172334937],[139.65399614338432,35.79211933012098],[139.65398012491826,35.79212239426711],[139.65397915233277,35.79211901093704]]]}},{"type":"Feature","properties":{"height":4.35,"gml_id":"bldg_c0e4d449-01ee-44fd-aa80-86be6421e88e"},"geometry":{"type":"Polygon","coordinates":[[[139.65869435885796,35.7945596552387],[139.658632842693,35.794558778092494],[139.65863416701413,35.794498112617646],[139.65869567094487,35.79449899785755],[139.65869435885796,35.7945596552387]]]}},{"type":"Feature","properties":{"height":2.46,"gml_id":"bldg_cf56fdba-8188-46a5-b161-f9d173cce9db"},"geometry":{"type":"Polygon","coordinates":[[[139.66198446346746,35.795888897972645],[139.66198586758236,35.7958182347734],[139.6620112348505,35.79581791668898],[139.6620098285473,35.79588857898408],[139.66198446346746,35.795888897972645]]]}},{"type":"Feature","properties":{"height":8.21,"gml_id":"bldg_f8c718a1-b8d7-41d5-b0cb-dcce58801640"},"geometry":{"type":"Polygon","coordinates":[[[139.65027450225801,35.79528080127085],[139.6503141398401,35.79526183134002],[139.6503314511897,35.79528583188249],[139.65033442614438,35.795284394245115],[139.6503710184908,35.79533467333421],[139.65032864028828,35.79535516239926],[139.65027450225801,35.79528080127085]]]}},{"type":"Feature","properties":{"height":6.54,"gml_id":"bldg_db0aa253-fdc7-4ae4-a612-c8746c71b52a"},"geometry":{"type":"Polygon","coordinates":[[[139.65075028537458,35.79574636606388],[139.6507469626574,35.79581952926341],[139.65069650732775,35.795818019482724],[139.6507002052496,35.795736592347254],[139.65074374519224,35.79573788251112],[139.6507433678008,35.795746157261554],[139.65075028537458,35.79574636606388]]]}},{"type":"Feature","properties":{"height":9.96,"gml_id":"bldg_c0813266-ec71-4060-95e8-8ff853bf5edd"},"geometry":{"type":"Polygon","coordinates":[[[139.65942854743955,35.79257295515207],[139.65935900283182,35.79258695442797],[139.65933075071726,35.792493663990996],[139.65939130131179,35.79247999784064],[139.65940122861622,35.79248896805237],[139.65940301497628,35.79248861370024],[139.65941191583116,35.79248682747277],[139.65943257917627,35.79255350796551],[139.65942325317138,35.792555440500244],[139.65942854743955,35.79257295515207]]]}},{"type":"Feature","properties":{"height":1.85,"gml_id":"bldg_c675a53f-a5b5-4710-937b-b4d6ac865704"},"geometry":{"type":"Polygon","coordinates":[[[139.65539588950597,35.79237686050441],[139.65544923805945,35.79236740852415],[139.65546531671959,35.792427683301234],[139.6554248639588,35.7924348514107],[139.6554179673149,35.792408997591615],[139.6554050681688,35.792411281463714],[139.65539588950597,35.79237686050441]]]}},{"type":"Feature","properties":{"height":5.47,"gml_id":"bldg_a2b900c8-90f1-4277-87a0-ef89a9bed158"},"geometry":{"type":"Polygon","coordinates":[[[139.65826127833566,35.79268749355496],[139.6583271619569,35.792673708615204],[139.65834540307262,35.792731648944205],[139.65827951940864,35.79274543299233],[139.65826127833566,35.79268749355496]]]}},{"type":"Feature","properties":{"height":9.01,"gml_id":"bldg_c226868f-765b-42e8-9b4a-0b10b9b6c5d1"},"geometry":{"type":"Polygon","coordinates":[[[139.6574172911025,35.79229624056733],[139.6574628251773,35.792287939908014],[139.65748187968916,35.79235749009596],[139.65743634447028,35.792365790760655],[139.6574172911025,35.79229624056733]]]}},{"type":"Feature","properties":{"height":8.58,"gml_id":"bldg_c40e0bcc-5d1d-4eed-90c2-eaab3ac58799"},"geometry":{"type":"Polygon","coordinates":[[[139.65125999214638,35.79516819258971],[139.65122650769356,35.79517969272292],[139.6511784534171,35.79508662100595],[139.65121194668018,35.79507512450465],[139.65121831766425,35.79508745294974],[139.65125620204535,35.795160808372536],[139.65125999214638,35.79516819258971]]]}},{"type":"Feature","properties":{"height":1.97,"gml_id":"bldg_cd126e7e-2e2a-4845-b9af-76219a421cda"},"geometry":{"type":"Polygon","coordinates":[[[139.65933846626504,35.791880543623314],[139.65937432977964,35.79187271587753],[139.659381389804,35.791894222480224],[139.6593455262804,35.79190205022806],[139.65933846626504,35.791880543623314]]]}},{"type":"Feature","properties":{"height":6.2,"gml_id":"bldg_cadefb64-390f-4182-9f0c-c45755df2c70"},"geometry":{"type":"Polygon","coordinates":[[[139.66152574400192,35.795407700360755],[139.66147513745616,35.7954070755093],[139.66147636938854,35.79534259264512],[139.66167925002577,35.795345137637334],[139.6616780939645,35.795405798873674],[139.66152582189818,35.795403893155324],[139.66152574400192,35.795407700360755]]]}},{"type":"Feature","properties":{"height":4.37,"gml_id":"bldg_cbef3703-e7c5-4529-8cc9-f6cb752e18f1"},"geometry":{"type":"Polygon","coordinates":[[[139.66240202026336,35.793948088666],[139.66248884913082,35.793946786127215],[139.6624904522272,35.794018100799704],[139.66240362326283,35.79401941235295],[139.66240202026336,35.793948088666]]]}},{"type":"Feature","properties":{"height":7.71,"gml_id":"bldg_b5052512-9d7f-45a5-bc3a-4a71f479c607"},"geometry":{"type":"Polygon","coordinates":[[[139.6590591125945,35.791793808293136],[139.6592140133352,35.791765095632016],[139.65923899204404,35.791854589372036],[139.65908407230174,35.79188331555744],[139.6590591125945,35.791793808293136]]]}},{"type":"Feature","properties":{"height":7.59,"gml_id":"bldg_c0c62129-dccf-4b11-aef9-61031dc3e5d1"},"geometry":{"type":"Polygon","coordinates":[[[139.65125287875637,35.79615530778763],[139.65120292463385,35.79615320498652],[139.6512044133783,35.79613011908126],[139.65125436527785,35.79613222007567],[139.65125287875637,35.79615530778763]]]}},{"type":"Feature","properties":{"height":6.6,"gml_id":"bldg_c3f96286-7e3a-48c3-b8ca-c50a42b7b050"},"geometry":{"type":"Polygon","coordinates":[[[139.65089722246103,35.7959173955254],[139.65088673935523,35.79591754817203],[139.650886290026,35.79594616545281],[139.6508166584347,35.79594546668429],[139.65081809794094,35.79585252583864],[139.65084088068735,35.795852743394285],[139.65086034107506,35.7958529450874],[139.650860324071,35.79585409158282],[139.65088717459577,35.7958728318009],[139.65089631008928,35.7958727059528],[139.65089722246103,35.7959173955254]]]}},{"type":"Feature","properties":{"height":6.49,"gml_id":"bldg_cd695d8b-d786-4814-93bb-11a37d47a82d"},"geometry":{"type":"Polygon","coordinates":[[[139.66034129561885,35.79620873562868],[139.66002268912527,35.79620275061345],[139.66002464077295,35.79613396304714],[139.65991114034406,35.796131826333315],[139.65991208914335,35.79609843526736],[139.65976759253715,35.79609596797866],[139.6597690542797,35.796044478480425],[139.65991355471678,35.79604717651923],[139.66034565313106,35.79605531264305],[139.66034129561885,35.79620873562868]]]}},{"type":"Feature","properties":{"height":1.37,"gml_id":"bldg_b328481b-cdaf-41b3-bd59-bd41b5cc98f2"},"geometry":{"type":"Polygon","coordinates":[[[139.66193167884242,35.79531874286936],[139.66200331879824,35.79531392808877],[139.6620053641568,35.795334160077935],[139.6619337252912,35.795338973959915],[139.66193167884242,35.79531874286936]]]}},{"type":"Feature","properties":{"height":7.65,"gml_id":"bldg_c6aa51dd-0926-4bc0-b527-70a1480f033c"},"geometry":{"type":"Polygon","coordinates":[[[139.65396287383734,35.79216689450923],[139.65402141747472,35.79215653062952],[139.65402781235818,35.79218047200959],[139.65403220487542,35.79219700488086],[139.65401877889087,35.7921993914744],[139.65402186922702,35.792211024447774],[139.65394456836415,35.792224712479985],[139.65393252937562,35.792179491627465],[139.65393889098436,35.79217835639945],[139.6539370633492,35.79217147183673],[139.65396287383734,35.79216689450923]]]}},{"type":"Feature","properties":{"height":12.92,"gml_id":"bldg_cf6fb248-4bb5-4be5-9047-abdaaadfd6c5"},"geometry":{"type":"Polygon","coordinates":[[[139.6539565543421,35.79517470545316],[139.65391033891828,35.79517416599193],[139.65391024755303,35.795178881736135],[139.65390995250326,35.795194475609506],[139.6538716107273,35.79519403891909],[139.6538719706322,35.7951737148404],[139.6538496793897,35.795173452624006],[139.65384953270865,35.79518160965253],[139.65379486168237,35.79518096829075],[139.65379996331214,35.79489363798595],[139.65397894833836,35.79489638562598],[139.65397612131216,35.7949629851123],[139.65398147711505,35.79496299400263],[139.6539790767449,35.7951233060277],[139.65395746870036,35.79512328370903],[139.6539565543421,35.79517470545316]]]}},{"type":"Feature","properties":{"height":7.51,"gml_id":"bldg_c7b1fe92-b632-4190-9396-d5cf223db889"},"geometry":{"type":"Polygon","coordinates":[[[139.65494097434106,35.79327834324064],[139.6548558401173,35.79329388242962],[139.65483648324908,35.79322342643134],[139.65491120816472,35.79320980070699],[139.65491353356373,35.79321825434778],[139.65492394608606,35.79321635622414],[139.65494097434106,35.79327834324064]]]}},{"type":"Feature","properties":{"height":8.39,"gml_id":"bldg_c3b2a8a0-df60-4c1b-a954-7ea6c90822a9"},"geometry":{"type":"Polygon","coordinates":[[[139.66123332646657,35.79542806828331],[139.66126621933037,35.795428635440004],[139.66133732748202,35.795429881896986],[139.6614088858543,35.79543115960169],[139.6614053550951,35.79556332450621],[139.6612243656444,35.795560132570486],[139.66122416512718,35.79556743865386],[139.66107203162449,35.79556475829626],[139.6610741978195,35.79548379372759],[139.66122550475728,35.79548645757617],[139.66122602191965,35.795467245969085],[139.66123227481606,35.79546734505456],[139.66123332646657,35.79542806828331]]]}},{"type":"Feature","properties":{"height":3.68,"gml_id":"bldg_cb7c7081-f307-4900-b89e-343a53260bce"},"geometry":{"type":"Polygon","coordinates":[[[139.66001243500745,35.793537504875346],[139.6599717162718,35.793536661095615],[139.65997434578483,35.79345323198658],[139.66001506669062,35.793454075768494],[139.66001243500745,35.793537504875346]]]}},{"type":"Feature","properties":{"height":9.18,"gml_id":"bldg_c9965450-fe45-4ddf-887f-62f9570c22e2"},"geometry":{"type":"Polygon","coordinates":[[[139.66082776914575,35.797253448521815],[139.6608746113239,35.797175475664254],[139.6609526553831,35.79720662116812],[139.66090011705916,35.79729407262833],[139.66086077941355,35.79727836330883],[139.66086645898804,35.79726890184003],[139.66082776914575,35.797253448521815]]]}},{"type":"Feature","properties":{"height":1.81,"gml_id":"bldg_e4e7868f-ef6c-4a6e-9ddd-92f0d6e5a1cb"},"geometry":{"type":"Polygon","coordinates":[[[139.66162393215967,35.79213539419488],[139.66163724469826,35.79213317784707],[139.66165598188172,35.7922079187254],[139.66164265937445,35.79221013506103],[139.66162393215967,35.79213539419488]]]}},{"type":"Feature","properties":{"height":5.94,"gml_id":"bldg_c846d3f9-0563-44dd-9147-a61faf09e7ae"},"geometry":{"type":"Polygon","coordinates":[[[139.6553627355486,35.792593205740005],[139.65536505593056,35.79260144213929],[139.6552654723491,35.79262022403593],[139.65526312654984,35.79261197948493],[139.65523791854596,35.79261673014203],[139.65521581452566,35.79253883846618],[139.6553405761356,35.79251529687892],[139.6553434169257,35.79252531782812],[139.65535042948406,35.79252398969801],[139.65536970051718,35.79259188835462],[139.6553627355486,35.792593205740005]]]}},{"type":"Feature","properties":{"height":6.29,"gml_id":"bldg_c4997402-20f8-462b-93f2-1f8653c997b7"},"geometry":{"type":"Polygon","coordinates":[[[139.66145440042152,35.79401829087133],[139.66133386251317,35.79401654744744],[139.66133499924337,35.79396496640931],[139.66145553707383,35.793966709831864],[139.66145440042152,35.79401829087133]]]}},{"type":"Feature","properties":{"height":2.68,"gml_id":"bldg_caee50e6-0bb1-438c-ba10-949dccdbb7a9"},"geometry":{"type":"Polygon","coordinates":[[[139.66253611726964,35.793380648139454],[139.662537088938,35.79340221440727],[139.66246185965989,35.79340390031716],[139.6624591536633,35.7933227349776],[139.6625078331163,35.79332165491975],[139.66250864501743,35.793346015157546],[139.6625345191748,35.793345238892655],[139.66253611726964,35.793380648139454]]]}},{"type":"Feature","properties":{"height":2.62,"gml_id":"bldg_afb63be9-44b4-4478-b57f-5288eb07473b"},"geometry":{"type":"Polygon","coordinates":[[[139.6616939600386,35.794855419058464],[139.66163504282554,35.794854350662774],[139.66163611703433,35.794815291142136],[139.66169503422054,35.79481635863587],[139.6616939600386,35.794855419058464]]]}},{"type":"Feature","properties":{"height":6.38,"gml_id":"bldg_e2065daa-4c57-4ab2-9106-87b75028350f"},"geometry":{"type":"Polygon","coordinates":[[[139.65794830950767,35.79176918436589],[139.6579689857616,35.791765399091105],[139.65798592661736,35.791826814108354],[139.65794286854873,35.791834710265114],[139.6579259288268,35.7917732970463],[139.65794830950767,35.79176918436589]]]}},{"type":"Feature","properties":{"height":7.39,"gml_id":"bldg_c45dc18a-f244-462d-a2da-c64c55b4d675"},"geometry":{"type":"Polygon","coordinates":[[[139.6618210754551,35.79183503436764],[139.66195223254215,35.7918101069504],[139.6619709985425,35.791875650409516],[139.6618398203395,35.79190057511263],[139.6618210754551,35.79183503436764]]]}},{"type":"Feature","properties":{"height":7.03,"gml_id":"bldg_cccea004-15db-42ef-9d74-922d6857a51e"},"geometry":{"type":"Polygon","coordinates":[[[139.65860853972163,35.79539006644423],[139.65849636459274,35.795389491465976],[139.65849785004465,35.795201795800736],[139.65861002380535,35.7952023698739],[139.65860853972163,35.79539006644423]]]}},{"type":"Feature","properties":{"height":2.62,"gml_id":"bldg_7fc6d596-660d-438c-b7bb-f5d0ac4610fa"},"geometry":{"type":"Polygon","coordinates":[[[139.6566429350689,35.794872024640334],[139.65659882862394,35.79487092686725],[139.65660011243315,35.794837250585644],[139.6566442055435,35.79483836636572],[139.6566429350689,35.794872024640334]]]}},{"type":"Feature","properties":{"height":7.08,"gml_id":"bldg_c31fce70-9088-435e-a584-3bcc7530e2a0"},"geometry":{"type":"Polygon","coordinates":[[[139.65128162594607,35.79506817242877],[139.65133085454966,35.79505192074271],[139.65133697884383,35.795064245202745],[139.651340662505,35.795062998798656],[139.65137268081378,35.79512581569718],[139.65132009970017,35.795143626173186],[139.65128162594607,35.79506817242877]]]}},{"type":"Feature","properties":{"height":7.41,"gml_id":"bldg_caf7c6cb-ce79-4cd0-864c-f29607cfdca6"},"geometry":{"type":"Polygon","coordinates":[[[139.65164565123695,35.79484640875466],[139.6517030860988,35.794827899707414],[139.65171960608686,35.794861909286844],[139.65173962105024,35.794903205274395],[139.65168218614255,35.79492171433873],[139.65164565123695,35.79484640875466]]]}},{"type":"Feature","properties":{"height":9.52,"gml_id":"bldg_e853fb18-5014-4518-8952-0f1b6a7ebbab"},"geometry":{"type":"Polygon","coordinates":[[[139.65755437962986,35.79223587368018],[139.65755964242658,35.79225341721194],[139.65750799460338,35.7922638695134],[139.65747515001252,35.792154627875306],[139.6575027889239,35.792149089815844],[139.65752683623376,35.79214429191845],[139.65755437962986,35.79223587368018]]]}},{"type":"Feature","properties":{"height":2.6,"gml_id":"bldg_c7b59ce5-31c5-4cfa-8fc4-2418a7e4bbbb"},"geometry":{"type":"Polygon","coordinates":[[[139.65625553616175,35.79542898324942],[139.65617491166094,35.795427551213166],[139.65617954428774,35.79525445403408],[139.65626015646194,35.79525587793669],[139.65625553616175,35.79542898324942]]]}},{"type":"Feature","properties":{"height":1.21,"gml_id":"bldg_cd4345eb-41db-4c66-8b90-60f71ee9ca4e"},"geometry":{"type":"Polygon","coordinates":[[[139.6569098744734,35.79252899734514],[139.65699421087882,35.79251348527282],[139.65700739256263,35.792561073548015],[139.6569230572177,35.79257658472959],[139.6569098744734,35.79252899734514]]]}},{"type":"Feature","properties":{"height":7.15,"gml_id":"bldg_c4167c2a-d2fe-4b52-a40c-eb977a23e5a4"},"geometry":{"type":"Polygon","coordinates":[[[139.65087117412847,35.7955971367625],[139.65080051468217,35.7955956261087],[139.6508019562954,35.795551592686365],[139.6508726156677,35.795553118662156],[139.65087117412847,35.7955971367625]]]}},{"type":"Feature","properties":{"height":9.38,"gml_id":"bldg_ca279b6e-7c26-4f77-a567-0a59f3b239fd"},"geometry":{"type":"Polygon","coordinates":[[[139.65080087039613,35.79520597525228],[139.65080729803168,35.79520366853192],[139.65080452964693,35.795197993916034],[139.6508342518967,35.7951882440264],[139.65083685960226,35.79519306481619],[139.6508762581368,35.79526599721642],[139.65087191986837,35.79526756619869],[139.65087806793863,35.795280113351915],[139.65083948939468,35.79529273414113],[139.6508272363906,35.79527006904296],[139.65079336280726,35.79520738258495],[139.65080087039613,35.79520597525228]]]}},{"type":"Feature","properties":{"height":11.97,"gml_id":"bldg_c65ed744-81d4-497f-af78-b9623bc00f3f"},"geometry":{"type":"Polygon","coordinates":[[[139.65679961041434,35.791984315063836],[139.65685098871685,35.79197413397799],[139.65685505410622,35.79198777111884],[139.65691332434358,35.7919762426824],[139.65695383987327,35.792112224474764],[139.65693149041138,35.79211666150279],[139.6569361421098,35.792132325744134],[139.65684886272086,35.792149609124785],[139.65679961041434,35.791984315063836]]]}},{"type":"Feature","properties":{"height":6.62,"gml_id":"bldg_ca111564-af53-4c26-bf83-5f7b4cea7530"},"geometry":{"type":"Polygon","coordinates":[[[139.65502735119372,35.793159186221075],[139.65511968675222,35.793140464988994],[139.65515327451664,35.79325054660884],[139.65506093776435,35.79326925344279],[139.65502735119372,35.793159186221075]]]}},{"type":"Feature","properties":{"height":8.23,"gml_id":"bldg_c2b77db3-24f7-4ed9-9c6f-1a2864f7f045"},"geometry":{"type":"Polygon","coordinates":[[[139.6553721724367,35.79227166085592],[139.65555791777354,35.792236683671995],[139.65558241474963,35.79232312996988],[139.6553966769702,35.79235810539935],[139.6553721724367,35.79227166085592]]]}},{"type":"Feature","properties":{"height":13.94,"gml_id":"bldg_c59301bb-881d-4c69-88ae-86c5b202e08f"},"geometry":{"type":"Polygon","coordinates":[[[139.65792851466443,35.79215823119444],[139.65784048788163,35.792176391222064],[139.657808922782,35.792074734630226],[139.65780270473397,35.792076016291986],[139.6577950227418,35.79205127643494],[139.65780154874622,35.79203622794451],[139.6578175604073,35.792028134625966],[139.6578751376327,35.79201626490138],[139.65789220516265,35.79202205306153],[139.65790126220102,35.79203275362846],[139.65790951876164,35.792059341191106],[139.65792046508878,35.79205708484726],[139.65793802499005,35.7921136974568],[139.6579340393355,35.79211453621149],[139.6579377500142,35.79212656207899],[139.657919851764,35.792130273884275],[139.65792851466443,35.79215823119444]]]}},{"type":"Feature","properties":{"height":6.86,"gml_id":"bldg_dd0287a9-4cc9-4456-9b03-abed6f232037"},"geometry":{"type":"Polygon","coordinates":[[[139.66134485302823,35.794128376081815],[139.66114304392164,35.79412545439633],[139.6611446677244,35.79405174853198],[139.6613464755345,35.79405467201538],[139.66134485302823,35.794128376081815]]]}},{"type":"Feature","properties":{"height":4.01,"gml_id":"bldg_ce2c4a5b-e46a-4ff6-84b4-fe94f220c18d"},"geometry":{"type":"Polygon","coordinates":[[[139.6599458923444,35.79359830439188],[139.6598646516248,35.79359565170759],[139.65986699153956,35.79354829706133],[139.65994823221112,35.79355094974393],[139.6599458923444,35.79359830439188]]]}},{"type":"Feature","properties":{"height":6.61,"gml_id":"bldg_ceb4ee81-7d53-4752-899d-d980879645d7"},"geometry":{"type":"Polygon","coordinates":[[[139.65868637669695,35.79187895289768],[139.65873578928057,35.79186955953945],[139.65873862629002,35.79187947043941],[139.65875477492284,35.79187647344944],[139.65876245830003,35.7919032376891],[139.65876974853816,35.79192867005773],[139.6587856839449,35.791984228307115],[139.6587032661542,35.791999519987876],[139.65867235941667,35.791891780435755],[139.65868914667178,35.791888655488656],[139.65868637669695,35.79187895289768]]]}},{"type":"Feature","properties":{"height":7.07,"gml_id":"bldg_cc7db885-3b5a-4567-b3d8-3f3a91311227"},"geometry":{"type":"Polygon","coordinates":[[[139.65910131687681,35.792279866839664],[139.6591405938102,35.79227293735203],[139.65914830335055,35.79230198383129],[139.65915728231892,35.792335877826865],[139.65911800425164,35.792342806416855],[139.65910131687681,35.792279866839664]]]}},{"type":"Feature","properties":{"height":6.4,"gml_id":"bldg_d409bea9-bc9d-49e2-afd7-5dfbc531e545"},"geometry":{"type":"Polygon","coordinates":[[[139.65728967711675,35.791869417793365],[139.6572284630773,35.79188147480134],[139.65720645108962,35.791807210662284],[139.65726766397103,35.79179515276225],[139.6572728339795,35.79181259071347],[139.65728967711675,35.791869417793365]]]}},{"type":"Feature","properties":{"height":2.51,"gml_id":"bldg_b810434c-45e5-4b96-8c7d-099e782bdf5d"},"geometry":{"type":"Polygon","coordinates":[[[139.6619549633404,35.79645517800257],[139.661928160542,35.7964546377428],[139.66192987662112,35.79639895638811],[139.66195667940272,35.79639949574611],[139.6619549633404,35.79645517800257]]]}},{"type":"Feature","properties":{"height":4.76,"gml_id":"bldg_cbdbd460-c757-4b69-9e10-4083d06d7baf"},"geometry":{"type":"Polygon","coordinates":[[[139.65981621313392,35.797247296010866],[139.65981484689902,35.797255371965605],[139.65973217852166,35.79724612192752],[139.65974276700902,35.79718335526776],[139.65982543754131,35.79719260259762],[139.6598202906885,35.79722312670388],[139.65982937184086,35.79722414301457],[139.65982713914522,35.79723738517646],[139.6598252943047,35.797248305111076],[139.65981621313392,35.797247296010866]]]}},{"type":"Feature","properties":{"height":12.34,"gml_id":"bldg_c136e761-30fc-493e-b0d0-3006883e654a"},"geometry":{"type":"Polygon","coordinates":[[[139.6548187348999,35.79470170997547],[139.65482567290437,35.79444196464208],[139.6549378744202,35.79444398254369],[139.65535550277752,35.79445156529513],[139.6553528043334,35.794550328005215],[139.65534840474885,35.79471091382868],[139.6548187348999,35.79470170997547]]]}},{"type":"Feature","properties":{"height":7.86,"gml_id":"bldg_efd3c745-930f-44c5-a48f-5112fda22dd0"},"geometry":{"type":"Polygon","coordinates":[[[139.66000430225407,35.797285313265874],[139.65998922632843,35.79728397375363],[139.65998910383246,35.79728484879088],[139.65993014860985,35.79727958280307],[139.65993535039334,35.79724107278314],[139.65999430669424,35.79724633876996],[139.65999332839945,35.7972535878439],[139.66000840429396,35.797254939073156],[139.66000430225407,35.797285313265874]]]}},{"type":"Feature","properties":{"height":7.61,"gml_id":"bldg_c45cf429-fbd7-4d9d-b995-e8d5910eab55"},"geometry":{"type":"Polygon","coordinates":[[[139.66110185223542,35.7962250900919],[139.66116608529202,35.796225194702956],[139.66116607572513,35.79622860360732],[139.66118262576052,35.79622863361355],[139.6611824852563,35.79627735606308],[139.6611723974362,35.79627734973152],[139.6611723873311,35.796278956829916],[139.66105869549847,35.79627876063725],[139.66105881551113,35.79623751578531],[139.6610626225277,35.79623750771959],[139.66106265209157,35.79622842482509],[139.66110183716512,35.79622848456671],[139.66110185223542,35.7962250900919]]]}},{"type":"Feature","properties":{"height":17.76,"gml_id":"bldg_c81e3324-6a4e-4cda-b386-5e6cb7906571"},"geometry":{"type":"Polygon","coordinates":[[[139.65420614746316,35.79507974591194],[139.6540630569694,35.79507722429041],[139.65406515287282,35.795000174323896],[139.65420823880518,35.79500269503462],[139.65420781833436,35.79501849513234],[139.65420658944657,35.795064219857856],[139.65420614746316,35.79507974591194]]]}},{"type":"Feature","properties":{"height":8.63,"gml_id":"bldg_cf532168-eae0-45c5-9620-7d3802929dcd"},"geometry":{"type":"Polygon","coordinates":[[[139.65034616255605,35.796000350634436],[139.65041247388282,35.79600110140958],[139.65041105782822,35.79604112654518],[139.65041053117505,35.79605610082482],[139.650406489367,35.79616964714156],[139.65034322659494,35.79616812403623],[139.65034616255605,35.796000350634436]]]}},{"type":"Feature","properties":{"height":6.96,"gml_id":"bldg_ca77d5d8-9b1a-4b07-8230-524d63438d65"},"geometry":{"type":"Polygon","coordinates":[[[139.65733596018515,35.792226761475504],[139.6573971234425,35.79221476833565],[139.65741273779133,35.792276045383254],[139.65735159552696,35.792288030449406],[139.65733596018515,35.792226761475504]]]}},{"type":"Feature","properties":{"height":8.12,"gml_id":"bldg_a77a7849-5317-48ab-889c-adb3ae5819cd"},"geometry":{"type":"Polygon","coordinates":[[[139.66166262935917,35.79650851677844],[139.6615676196601,35.796508165665536],[139.66156771203146,35.796491978394776],[139.66153354545915,35.7964918502619],[139.66153361304416,35.7964799849445],[139.66151921157373,35.79647993101612],[139.66151944056378,35.79644088832648],[139.6616216227242,35.796441256030086],[139.66162159369443,35.79644652079291],[139.6616451679739,35.79644660943981],[139.6616583524442,35.796446658911385],[139.66165816188314,35.79648021241501],[139.66166279310025,35.79648022984364],[139.66166262935917,35.79650851677844]]]}},{"type":"Feature","properties":{"height":7.42,"gml_id":"bldg_e4212419-eb33-47ae-97d7-0fd9425cfcac"},"geometry":{"type":"Polygon","coordinates":[[[139.6583223911347,35.79275562481261],[139.65835496951564,35.79274925098152],[139.6583757278518,35.792819666098616],[139.65830964681803,35.79283261341952],[139.65828888853298,35.792762200094],[139.6583223911347,35.79275562481261]]]}},{"type":"Feature","properties":{"height":8.76,"gml_id":"bldg_cc942792-08f1-4565-9091-f5b8ed0c4e92"},"geometry":{"type":"Polygon","coordinates":[[[139.65177480016692,35.79515289180182],[139.65176743786424,35.795152694104516],[139.65176712299532,35.795158336100606],[139.6517673527834,35.795162372707594],[139.65174038422603,35.79516294309836],[139.65173992439614,35.79517345939398],[139.6516772106765,35.79517165209157],[139.65167918302643,35.795126566676096],[139.65176846175547,35.7951291234595],[139.65176838004408,35.79513099905231],[139.6517757389991,35.795131208462095],[139.65177480016692,35.79515289180182]]]}},{"type":"Feature","properties":{"height":6.09,"gml_id":"bldg_c63ed3d1-aba6-4a8f-beed-93bb831cc76b"},"geometry":{"type":"Polygon","coordinates":[[[139.65565199038423,35.792546354810426],[139.6557503227777,35.79252697044377],[139.6557561778067,35.79254667096591],[139.655762111781,35.79256669158487],[139.6556637693846,35.792586075946204],[139.65565199038423,35.792546354810426]]]}},{"type":"Feature","properties":{"height":29.07,"gml_id":"bldg_c49ea8f5-25dd-4b79-a068-7650e5980481"},"geometry":{"type":"Polygon","coordinates":[[[139.66160212519682,35.7947276067022],[139.661601311411,35.79477622725157],[139.6615628689339,35.79477587309055],[139.66156276168869,35.79478098090758],[139.66114935587947,35.79477657779326],[139.66115329664268,35.79453608068914],[139.66161119940642,35.79454096467235],[139.66160813816563,35.794727609881924],[139.66160212519682,35.7947276067022]]]}},{"type":"Feature","properties":{"height":9.38,"gml_id":"bldg_ec3b002b-0d6e-4b05-87eb-aef4773a48a8"},"geometry":{"type":"Polygon","coordinates":[[[139.65719239174638,35.79258846822944],[139.65744937274866,35.79253983509361],[139.6574737180256,35.79262530551809],[139.65728299615535,35.792661403262414],[139.65728798344657,35.79267894730278],[139.65723170382,35.79268960722512],[139.65722670107405,35.79267205324494],[139.6572167345499,35.79267393870126],[139.65719239174638,35.79258846822944]]]}},{"type":"Feature","properties":{"height":3.22,"gml_id":"bldg_c457d4c1-ab72-4ecd-ae5d-b5755cf4608b"},"geometry":{"type":"Polygon","coordinates":[[[139.65445396483085,35.79268771800462],[139.65460409058377,35.79265711675283],[139.65461088253122,35.79267922353425],[139.65461757884484,35.7927010570629],[139.65446745191204,35.79273165652673],[139.65445396483085,35.79268771800462]]]}},{"type":"Feature","properties":{"height":5.11,"gml_id":"bldg_c2070038-54be-487a-b09e-33ec3b3cd38d"},"geometry":{"type":"Polygon","coordinates":[[[139.65418448024036,35.796090827378265],[139.65420075985298,35.796083165794506],[139.65421925999794,35.79608582620765],[139.65423133285535,35.79609755276943],[139.65423132281933,35.79611287035042],[139.65421923602844,35.796124604188435],[139.65420073390112,35.79612725905201],[139.6541844665372,35.79611960305808],[139.65417804430805,35.79610521960993],[139.65418448024036,35.796090827378265]]]}},{"type":"Feature","properties":{"height":7.22,"gml_id":"bldg_a47ae091-e614-4736-b052-41653b9aaaee"},"geometry":{"type":"Polygon","coordinates":[[[139.65148727665343,35.795088802832296],[139.65143305027652,35.79510668928735],[139.65139908306847,35.79503830359917],[139.65139415817055,35.79502835151627],[139.65143489351541,35.79501491808631],[139.6514398295201,35.79502485305867],[139.65144912982157,35.79502178810461],[139.65145941700956,35.79504250053989],[139.65146361100238,35.7950411187996],[139.65148727665343,35.795088802832296]]]}},{"type":"Feature","properties":{"height":12.02,"gml_id":"bldg_d679ede0-8d24-4e49-83f2-821cb3cfa475"},"geometry":{"type":"Polygon","coordinates":[[[139.6538104592205,35.79192870244135],[139.65391634643055,35.79190677551313],[139.65392947984225,35.79190656346104],[139.6539383586398,35.791911663047465],[139.65394974772016,35.79191820493885],[139.65396663575405,35.79197222482991],[139.65396946618637,35.791981354357866],[139.65395019751716,35.79198536097465],[139.65395371452294,35.79199665567764],[139.65395748404865,35.79200880974738],[139.65389704164946,35.79202133851874],[139.6539105803191,35.79206478053866],[139.65381588727647,35.79208439777976],[139.65379343195679,35.79201237312635],[139.65380043373656,35.79201090986734],[139.6538510553017,35.79200042427646],[139.65384981522143,35.79199644925793],[139.65383266171474,35.79200000112536],[139.65382961039637,35.79199021958571],[139.65379604716574,35.79199716939007],[139.6537768826979,35.7919356702477],[139.6538104592205,35.79192870244135]]]}},{"type":"Feature","properties":{"height":1.55,"gml_id":"bldg_c1806853-86c0-4df1-b8e9-9559c30fd6db"},"geometry":{"type":"Polygon","coordinates":[[[139.65983691302344,35.79259540650641],[139.65980905436152,35.79259465423673],[139.65981005560886,35.79257021276945],[139.65983791204965,35.79257096503567],[139.65983691302344,35.79259540650641]]]}},{"type":"Feature","properties":{"height":6.43,"gml_id":"bldg_a1d35696-4821-46d6-a76d-fff6cb665b9c"},"geometry":{"type":"Polygon","coordinates":[[[139.65772376669878,35.791814427291754],[139.6577444956551,35.79181033116552],[139.65776308799187,35.79187278247798],[139.65771895823613,35.791881517051436],[139.65770036703424,35.79181906753665],[139.65772376669878,35.791814427291754]]]}},{"type":"Feature","properties":{"height":11.38,"gml_id":"bldg_e796f35b-11bc-450e-9d42-ddcf46efc202"},"geometry":{"type":"Polygon","coordinates":[[[139.66014236465642,35.79243705805461],[139.66016014044683,35.79249691191753],[139.66007376392153,35.79251325972801],[139.6600597936787,35.79246625022029],[139.66003714660079,35.79247072885882],[139.66003145871187,35.79245101346134],[139.6600067775492,35.79245580824174],[139.65998624113783,35.79238395876477],[139.6602735960046,35.79232755314156],[139.6602932843808,35.792392648407144],[139.66029540313573,35.79239971446482],[139.66027164058772,35.792404350180625],[139.6602736278761,35.79241133042084],[139.66027785599414,35.79242622146318],[139.66025690112562,35.79243040693456],[139.66026380611217,35.7924536474654],[139.66027031344495,35.79247558406584],[139.6601764858722,35.79249349859499],[139.66015874834318,35.79243385119956],[139.66014236465642,35.79243705805461]]]}},{"type":"Feature","properties":{"height":10.14,"gml_id":"bldg_f9354308-a323-4edb-a2c7-eeff059a679f"},"geometry":{"type":"Polygon","coordinates":[[[139.6584219949386,35.79183026234834],[139.65838849492408,35.79171974548256],[139.65840647157228,35.79171604994554],[139.65840436460493,35.79170924255975],[139.6584631956266,35.79169706521212],[139.6584686566096,35.79171461169819],[139.658471188931,35.791714107918544],[139.65850156402624,35.791814397963556],[139.6584219949386,35.79183026234834]]]}},{"type":"Feature","properties":{"height":1.4,"gml_id":"bldg_f0ccfa33-5666-42b5-98fb-19980a5ee72f"},"geometry":{"type":"Polygon","coordinates":[[[139.656820094711,35.79183225699672],[139.65688080871064,35.791820706925],[139.65688777115267,35.79184501313528],[139.65682705602921,35.791856563208775],[139.656820094711,35.79183225699672]]]}},{"type":"Feature","properties":{"height":9.3,"gml_id":"bldg_baf8568e-b42c-4e92-abac-6f8fd5ead8da"},"geometry":{"type":"Polygon","coordinates":[[[139.66185693088264,35.79167842027426],[139.66190888950953,35.79166858938119],[139.6619175804526,35.791699055817325],[139.66192544438132,35.79172671696164],[139.66186521936967,35.79173812155571],[139.6618486645375,35.79167999486853],[139.66185693088264,35.79167842027426]]]}},{"type":"Feature","properties":{"height":9.64,"gml_id":"bldg_ce1f6ca0-3a25-4a32-b315-daf287addf9e"},"geometry":{"type":"Polygon","coordinates":[[[139.66001600093597,35.79620692775876],[139.65975156181605,35.796201554595456],[139.65975340904228,35.7961417164196],[139.66001784685972,35.7961470886754],[139.6600176182014,35.79615456507112],[139.66001733364683,35.79616383598059],[139.66001693000962,35.796176996057696],[139.66001652526592,35.796190156133186],[139.66001623960076,35.79619942884371],[139.66001600093597,35.79620692775876]]]}},{"type":"Feature","properties":{"height":8.93,"gml_id":"bldg_c7e7afb2-1eb3-4bb5-ac60-80b76c2c1517"},"geometry":{"type":"Polygon","coordinates":[[[139.65108412712596,35.795021771720364],[139.65112035563706,35.79500962771185],[139.6511240488685,35.79501678915241],[139.65113752416391,35.7950429641405],[139.65115245003378,35.79507198419309],[139.65115916772712,35.795085092837205],[139.65111862495988,35.79509894289053],[139.65108350499068,35.795030653614056],[139.65108783310592,35.79502916302642],[139.65108412712596,35.795021771720364]]]}},{"type":"Feature","properties":{"height":4.39,"gml_id":"bldg_d44902f5-496a-4241-82e5-995acd8163e5"},"geometry":{"type":"Polygon","coordinates":[[[139.65492491331702,35.79476088187827],[139.65483728329392,35.794759337599466],[139.65483692477068,35.79473661304683],[139.65492456143704,35.79473814381543],[139.65492491331702,35.79476088187827]]]}},{"type":"Feature","properties":{"height":8.79,"gml_id":"bldg_f7152525-4559-41a8-b0b9-4baf72cae16e"},"geometry":{"type":"Polygon","coordinates":[[[139.65444006634584,35.792336207232786],[139.65441776332761,35.79226505182973],[139.65457778045038,35.79223169185948],[139.65459082688838,35.79227330512465],[139.65460008023487,35.792302868861135],[139.65444006634584,35.792336207232786]]]}},{"type":"Feature","properties":{"height":3.53,"gml_id":"bldg_b9e0dd65-ed95-41b0-bb8c-2a5581d86eaa"},"geometry":{"type":"Polygon","coordinates":[[[139.65410603965648,35.79315487175858],[139.65421541857847,35.79313405483769],[139.65423161867523,35.79319064611965],[139.65412226074233,35.79321144415783],[139.65410603965648,35.79315487175858]]]}},{"type":"Feature","properties":{"height":2.88,"gml_id":"bldg_cd353f5c-a043-4ecc-9f8e-00462caf1580"},"geometry":{"type":"Polygon","coordinates":[[[139.65800642818309,35.79510413967914],[139.65795309761467,35.79510370406584],[139.65795399744027,35.795032046882206],[139.6580073279608,35.795032482494996],[139.65800642818309,35.79510413967914]]]}},{"type":"Feature","properties":{"height":10.54,"gml_id":"bldg_ca9d5e5b-4e8e-42cb-8eb9-19c2f0d605bf"},"geometry":{"type":"Polygon","coordinates":[[[139.65465662943885,35.79293140375177],[139.65464558028182,35.79293353976503],[139.6546654544658,35.79300062730585],[139.65467030657527,35.793017029237085],[139.65456406741123,35.79303697242084],[139.65455967361774,35.79302143376225],[139.65451870404985,35.79302948863057],[139.6545230307988,35.79304482709041],[139.65445852292072,35.79305693457105],[139.65445433767414,35.793042142539754],[139.65440087444318,35.79305265209529],[139.6543854540629,35.79300056696065],[139.65436356031447,35.7930048698867],[139.65435305905555,35.79296938238448],[139.65437739109,35.79296459996366],[139.6543763381369,35.792961029036086],[139.6545035256818,35.79293601551348],[139.65444643691313,35.79274324912128],[139.65473277114623,35.792686960690055],[139.65476817568245,35.79280652015323],[139.6547192361462,35.79281614513002],[139.65472055701795,35.792820625918544],[139.65467792182346,35.79282901096686],[139.65467659432014,35.7928245283653],[139.65461893979497,35.79283586283897],[139.65463029886726,35.792874173732145],[139.65463495989405,35.79288993632139],[139.65464406771304,35.79288818049944],[139.65465662943885,35.79293140375177]]]}},{"type":"Feature","properties":{"height":12.74,"gml_id":"bldg_a3170cee-3b93-4572-8f93-476967503f37"},"geometry":{"type":"Polygon","coordinates":[[[139.65576477160548,35.79555216221644],[139.65570832433,35.79555462877],[139.6557640504153,35.7954476717707],[139.6557648024986,35.7954099872997],[139.65575279583985,35.795400773961184],[139.65576210743222,35.79493461767832],[139.6558113417368,35.7949352528228],[139.65584171999717,35.794935655506954],[139.65596626988184,35.7949373021939],[139.65596203420532,35.795149630462205],[139.65598935007398,35.79515007816605],[139.65598791876056,35.79520769596897],[139.65596088383202,35.795207272114396],[139.6559576752684,35.79536762805336],[139.65581918947703,35.7953658129613],[139.65581754211098,35.79544838440722],[139.65576477160548,35.79555216221644]]]}},{"type":"Feature","properties":{"height":2.13,"gml_id":"bldg_ee1b7d48-241a-4159-a16a-7a7e36ed3d05"},"geometry":{"type":"Polygon","coordinates":[[[139.65307725588283,35.795142725526816],[139.65314250502556,35.79514223294094],[139.6531429101204,35.79517841837642],[139.6530776609481,35.79517891096242],[139.65307725588283,35.795142725526816]]]}},{"type":"Feature","properties":{"height":2.42,"gml_id":"bldg_c559f88c-5ea8-4e34-a27a-393bf5f78bc4"},"geometry":{"type":"Polygon","coordinates":[[[139.66232001042417,35.79562491320378],[139.66241668289538,35.79561964704746],[139.6624184230328,35.7956409025323],[139.66232175053597,35.795646168689935],[139.66232001042417,35.79562491320378]]]}},{"type":"Feature","properties":{"height":11.64,"gml_id":"bldg_c170df1e-0d5b-43b2-aa5d-bb53a0caab92"},"geometry":{"type":"Polygon","coordinates":[[[139.65980283477265,35.79433078220952],[139.65980654031347,35.79418506122325],[139.66009954157374,35.79418996704881],[139.6600958376739,35.7943356880471],[139.65980283477265,35.79433078220952]]]}},{"type":"Feature","properties":{"height":11.7,"gml_id":"bldg_f2429669-4754-44d6-b757-517c1f6e05a1"},"geometry":{"type":"Polygon","coordinates":[[[139.65794065416435,35.79235559220795],[139.657902054714,35.792228374705786],[139.65799262074736,35.792210110173684],[139.6580028672422,35.79224391416555],[139.6579964499897,35.79224522258743],[139.65802037753252,35.79232618102116],[139.6579851772264,35.79233311158084],[139.6579890224739,35.792345831684976],[139.65794065416435,35.79235559220795]]]}},{"type":"Feature","properties":{"height":8.27,"gml_id":"bldg_e636e9e7-4b1e-4f01-878b-f833638453c3"},"geometry":{"type":"Polygon","coordinates":[[[139.6543111900667,35.79235989048377],[139.65442565536802,35.79233727642976],[139.65443746045833,35.7923769175045],[139.65444917416903,35.79241636555216],[139.65433470876073,35.79243897962794],[139.6543111900667,35.79235989048377]]]}},{"type":"Feature","properties":{"height":7.68,"gml_id":"bldg_be949e50-3b97-4ddd-9e02-88aa05445fe6"},"geometry":{"type":"Polygon","coordinates":[[[139.65118998964184,35.796155364864326],[139.6511720179667,35.79615484369683],[139.6511727350744,35.79613925227554],[139.65119070563966,35.79613977344124],[139.65118998964184,35.796155364864326]]]}},{"type":"Feature","properties":{"height":1.41,"gml_id":"bldg_c789fedc-3d18-4338-b8d4-4cf6b93f23d3"},"geometry":{"type":"Polygon","coordinates":[[[139.65755387773513,35.79488048861514],[139.65751537541303,35.79487966527012],[139.65751603513246,35.79485942363977],[139.65755453742497,35.79486025599806],[139.65755387773513,35.79488048861514]]]}},{"type":"Feature","properties":{"height":3.65,"gml_id":"bldg_b25e8664-bbe5-4a12-b2b9-1ac668cd4752"},"geometry":{"type":"Polygon","coordinates":[[[139.6620836567029,35.79418259781995],[139.66211777040982,35.794181638687554],[139.66212491415857,35.79424810385673],[139.66206714455194,35.79425224082153],[139.66206637753322,35.79423537991031],[139.6620901116866,35.79423387149831],[139.6620836567029,35.79418259781995]]]}},{"type":"Feature","properties":{"height":6.55,"gml_id":"bldg_cc2733f4-52bf-4e48-83ee-f0ca6cce7f16"},"geometry":{"type":"Polygon","coordinates":[[[139.65078891642136,35.795738463968156],[139.65078924271816,35.79573269400048],[139.65081253956225,35.79573353697969],[139.65081199548322,35.79574503832171],[139.65080911208483,35.7958056075821],[139.65075443204165,35.795803896720166],[139.65075760026704,35.79573732668414],[139.65078891642136,35.795738463968156]]]}},{"type":"Feature","properties":{"height":7.93,"gml_id":"bldg_c2b2009a-7d5d-4221-ae59-01f0c3615c11"},"geometry":{"type":"Polygon","coordinates":[[[139.6590244999664,35.79179926178946],[139.65902177240656,35.79178987654409],[139.65904726017513,35.791784963254194],[139.65905006263134,35.791793995276855],[139.65909466259149,35.791937705978214],[139.65910118915286,35.79195877647009],[139.65901007720112,35.79197650744572],[139.65900331000273,35.791953681664125],[139.6590086811998,35.7919526285577],[139.65896491420762,35.79181155278901],[139.6590244999664,35.79179926178946]]]}},{"type":"Feature","properties":{"height":3.26,"gml_id":"bldg_c8b24881-bb99-4cd6-ad3e-187ff4e1444c"},"geometry":{"type":"Polygon","coordinates":[[[139.6623105236702,35.79473678985438],[139.66234302033612,35.79473418879642],[139.66234751601166,35.7947772852953],[139.66231501045445,35.79477989715802],[139.6623105236702,35.79473678985438]]]}},{"type":"Feature","properties":{"height":8.1,"gml_id":"bldg_c592e0c6-1687-4466-9bfc-6280efe87528"},"geometry":{"type":"Polygon","coordinates":[[[139.65144143038566,35.79499767697433],[139.65138405100498,35.795015548723],[139.65135572793423,35.79495515484864],[139.65136620807465,35.79495187986858],[139.6513626894039,35.7949443311176],[139.65140159073152,35.79493220368807],[139.65140513814774,35.794939762396304],[139.65141311502623,35.79493728132222],[139.65144143038566,35.79499767697433]]]}},{"type":"Feature","properties":{"height":7.37,"gml_id":"bldg_ce578f28-4c7a-42f0-9f0a-17efbcc148d6"},"geometry":{"type":"Polygon","coordinates":[[[139.65822653136556,35.791971846452505],[139.65829085355995,35.79195849551162],[139.65836985530248,35.79194211030747],[139.65837881691155,35.791970127510254],[139.65839031213966,35.79200614160452],[139.6583076514654,35.79202368153841],[139.6583057506056,35.79201773073741],[139.65824480082702,35.79203037632991],[139.65822653136556,35.791971846452505]]]}},{"type":"Feature","properties":{"height":4.82,"gml_id":"bldg_a9e6632f-3677-4b03-b15c-b7e89d485470"},"geometry":{"type":"Polygon","coordinates":[[[139.66205490534452,35.796912173090725],[139.66199010884145,35.79688979300972],[139.66199946214746,35.7968346408193],[139.6620652060915,35.79685939911334],[139.66205490534452,35.796912173090725]]]}},{"type":"Feature","properties":{"height":7.42,"gml_id":"bldg_e7b446d6-7f92-4afa-859f-62f14a5ba840"},"geometry":{"type":"Polygon","coordinates":[[[139.65589252028073,35.7927733842359],[139.655741462738,35.792802240699174],[139.65573805398176,35.79279039548235],[139.6557301714474,35.79279190081802],[139.65571671004878,35.79274505290519],[139.65588365316637,35.792713168834766],[139.6558982992436,35.79271037642179],[139.65591117015146,35.792755152132585],[139.65589654508236,35.79275794638081],[139.65589712354634,35.79275999961683],[139.65588911924945,35.79276153813332],[139.65589252028073,35.7927733842359]]]}},{"type":"Feature","properties":{"height":1.03,"gml_id":"bldg_cc13e170-7d11-43ad-a939-0ef8435f6633"},"geometry":{"type":"Polygon","coordinates":[[[139.65714851678086,35.79376660028016],[139.65717012752796,35.79376723765335],[139.65716889536088,35.7937951778089],[139.65709887909614,35.793793147212554],[139.6570998126556,35.79377218670216],[139.6571482025948,35.79377361144927],[139.65714851678086,35.79376660028016]]]}},{"type":"Feature","properties":{"height":31.51,"gml_id":"bldg_c77e275d-909a-4e93-9a38-3e5e2e06c4f7"},"geometry":{"type":"Polygon","coordinates":[[[139.66222424940327,35.79622006495629],[139.6622403726149,35.79620863260113],[139.66226145524158,35.796206164949034],[139.6622808288122,35.796213375396235],[139.66229234132518,35.79622797386712],[139.6622923139428,35.796245396085766],[139.66228077078415,35.79626006361106],[139.66226139506296,35.79626727030654],[139.66224031305234,35.79626479854348],[139.6622242176869,35.79625343391101],[139.66221821927587,35.79623678368894],[139.66222424940327,35.79622006495629]]]}},{"type":"Feature","properties":{"height":9.39,"gml_id":"bldg_c7a6ad6a-1f2e-4c77-9a50-46c7c1255d5d"},"geometry":{"type":"Polygon","coordinates":[[[139.65883880180564,35.7925956603509],[139.6588807454817,35.79258806511281],[139.6588833047663,35.79259649558238],[139.65890106480208,35.792655042642814],[139.65890344280436,35.79266289868654],[139.65890712564206,35.79267508672651],[139.65885461075587,35.79268536258376],[139.65882994141955,35.79260625011694],[139.6588403062147,35.79260434437364],[139.6588413620682,35.79260414760804],[139.65883880180564,35.7925956603509]]]}},{"type":"Feature","properties":{"height":2.29,"gml_id":"bldg_a075b793-735b-4c16-95b3-8b2a2d3cbd7c"},"geometry":{"type":"Polygon","coordinates":[[[139.66180277961075,35.792545871825965],[139.6617810594782,35.792545820108266],[139.66178121184038,35.79250735955759],[139.6618029308562,35.79250741127366],[139.66180277961075,35.792545871825965]]]}},{"type":"Feature","properties":{"height":15.11,"gml_id":"bldg_b15fa417-6035-446c-aec9-e8da0417d17c"},"geometry":{"type":"Polygon","coordinates":[[[139.66169828562965,35.79380037736952],[139.66131675390412,35.79379543264794],[139.6613249285563,35.79342172779045],[139.66134283168535,35.79342197423168],[139.66134405821336,35.793366705878796],[139.66163650926381,35.79337094737793],[139.66170771671,35.79337198644431],[139.66169944579204,35.793748077980354],[139.66169828562965,35.79380037736952]]]}},{"type":"Feature","properties":{"height":10.17,"gml_id":"bldg_c2a1a470-60e6-4991-9c44-dd579e3b4214"},"geometry":{"type":"Polygon","coordinates":[[[139.6586513693779,35.79272642971926],[139.65868071383125,35.79272062075726],[139.6587024384716,35.79279346817328],[139.65863908652616,35.79280603295813],[139.6586173630446,35.792733186433914],[139.6586513693779,35.79272642971926]]]}},{"type":"Feature","properties":{"height":13.58,"gml_id":"bldg_cbf05130-9714-480b-93d3-72bd2b4cb590"},"geometry":{"type":"Polygon","coordinates":[[[139.65673719124828,35.7926054923241],[139.65668781100788,35.79261545636471],[139.65667925301324,35.79258726116453],[139.65648267262478,35.79262450186351],[139.65645743349145,35.79253599596825],[139.65650520426504,35.7925269228968],[139.65670371682722,35.79248931904868],[139.6567289705894,35.792577830322884],[139.65673719124828,35.7926054923241]]]}},{"type":"Feature","properties":{"height":6.77,"gml_id":"bldg_c2b363cf-30c9-4dcb-b335-e94040c8f821"},"geometry":{"type":"Polygon","coordinates":[[[139.6609634953275,35.796548054904775],[139.66087533831646,35.79654724526619],[139.6608766161911,35.796456616933895],[139.66096477310788,35.796457423867224],[139.6609634953275,35.796548054904775]]]}},{"type":"Feature","properties":{"height":12.7,"gml_id":"bldg_a61b56a8-f10a-47eb-a37a-44f90f303d8c"},"geometry":{"type":"Polygon","coordinates":[[[139.65469417221638,35.795043053178645],[139.65469436120014,35.79503424633586],[139.65467386118996,35.795033975215915],[139.65467647932152,35.79490327025034],[139.65479485266144,35.79490480081067],[139.65479222806542,35.79503551478299],[139.65478052983883,35.79503538474273],[139.65478033760604,35.795044164540236],[139.65469417221638,35.795043053178645]]]}},{"type":"Feature","properties":{"height":14.64,"gml_id":"bldg_c54f7aac-e796-49f1-b70e-5e39c7f13047"},"geometry":{"type":"Polygon","coordinates":[[[139.65587470750344,35.79220612071171],[139.65605762834085,35.79216952516313],[139.65608393808125,35.792256918651844],[139.6558829351937,35.79229715065787],[139.65585662454217,35.79220976253282],[139.65587470750344,35.79220612071171]]]}},{"type":"Feature","properties":{"height":6.94,"gml_id":"bldg_cca33e3f-4ec6-46c3-ac49-858d9480477f"},"geometry":{"type":"Polygon","coordinates":[[[139.65813612291043,35.79279092097594],[139.65821454468468,35.79277554815381],[139.6582313639193,35.79283257335688],[139.65817331372472,35.79284395492838],[139.65817026087768,35.79283360474304],[139.658149887037,35.79283759509928],[139.65813612291043,35.79279092097594]]]}},{"type":"Feature","properties":{"height":2.35,"gml_id":"bldg_c345dc68-e192-4b8d-a0d7-fd226a2c92bd"},"geometry":{"type":"Polygon","coordinates":[[[139.66239226393225,35.79496496204404],[139.66247896921394,35.794959373402584],[139.66248170995203,35.79498764915015],[139.66239500463982,35.79499323779347],[139.66239226393225,35.79496496204404]]]}},{"type":"Feature","properties":{"height":10.5,"gml_id":"bldg_b01a4024-4127-40ed-b111-ea3b35882d9e"},"geometry":{"type":"Polygon","coordinates":[[[139.65852249871332,35.792651853707525],[139.65858587576594,35.79263990103934],[139.6585959705125,35.7926754443709],[139.65860916536485,35.792722013959946],[139.6585457882524,35.79273396573873],[139.65852249871332,35.792651853707525]]]}},{"type":"Feature","properties":{"height":1.31,"gml_id":"bldg_ccab4d12-aa5a-41d3-91e3-6dafe961a9bc"},"geometry":{"type":"Polygon","coordinates":[[[139.65683020619036,35.79472291478046],[139.6568123076902,35.79471144672495],[139.65681330202275,35.79466254795827],[139.65684823265357,35.79466300934962],[139.65684702324887,35.79472312424299],[139.65683020619036,35.79472291478046]]]}},{"type":"Feature","properties":{"height":2.04,"gml_id":"bldg_bf88edcb-2393-4b9f-b2cf-77a155b803e1"},"geometry":{"type":"Polygon","coordinates":[[[139.65935887152332,35.79192443032466],[139.6593931251218,35.79191773775265],[139.65941831946498,35.792003327100396],[139.6593840658318,35.792010019679395],[139.65935887152332,35.79192443032466]]]}},{"type":"Feature","properties":{"height":17.96,"gml_id":"bldg_c7e9412f-9f8a-444a-8c40-a171d930991e"},"geometry":{"type":"Polygon","coordinates":[[[139.654885394281,35.792974294577135],[139.6548431232716,35.79283958672387],[139.65484956618906,35.79283822442741],[139.6547830703903,35.79262634003514],[139.65486493156737,35.79260925922894],[139.654863615765,35.792604983056655],[139.65490409920486,35.79259652444342],[139.6549127729126,35.79262414577841],[139.65497531242917,35.792823353001076],[139.65499029810627,35.79287110370885],[139.65499303552662,35.79287984098473],[139.65500990723206,35.79293365248497],[139.65496326965183,35.792943386433066],[139.65496757565163,35.79295715468837],[139.654885394281,35.792974294577135]]]}},{"type":"Feature","properties":{"height":8.06,"gml_id":"bldg_de44268a-c823-41a8-afec-70f7a581f8b2"},"geometry":{"type":"Polygon","coordinates":[[[139.6572315650454,35.792143271257906],[139.65728736827765,35.792132745839716],[139.65730929068224,35.79220656996838],[139.65725354382073,35.792217096380426],[139.6572315650454,35.792143271257906]]]}},{"type":"Feature","properties":{"height":8.86,"gml_id":"bldg_ccc59be7-3702-419f-a612-ea20fb20f4ab"},"geometry":{"type":"Polygon","coordinates":[[[139.65888913235872,35.791736178018255],[139.65885297106536,35.79174308400374],[139.65882531553305,35.79165310407336],[139.65885938891,35.791646330269586],[139.65886165133998,35.791653901319854],[139.65886372873044,35.79165350593568],[139.65888913235872,35.791736178018255]]]}},{"type":"Feature","properties":{"height":6.35,"gml_id":"bldg_c0ec0e15-e43f-41e6-8717-6f76a05c1f67"},"geometry":{"type":"Polygon","coordinates":[[[139.65305403337004,35.7951668352615],[139.65295789904656,35.795164530540816],[139.6529605327676,35.79509230093914],[139.65305666590393,35.795094602951764],[139.65305403337004,35.7951668352615]]]}},{"type":"Feature","properties":{"height":3.75,"gml_id":"bldg_c1f48a1d-16b3-4a36-92d8-4dd0002668b6"},"geometry":{"type":"Polygon","coordinates":[[[139.65355684312973,35.79159284233769],[139.65364804061633,35.79157382127779],[139.65370605738224,35.791758566518666],[139.6535927542431,35.7917822001577],[139.65358140627052,35.79177658488559],[139.6535544004777,35.79169056166619],[139.6535855541721,35.79168406080648],[139.65355684312973,35.79159284233769]]]}},{"type":"Feature","properties":{"height":8.54,"gml_id":"bldg_c8d00698-a751-4435-8f7f-35522e2208ab"},"geometry":{"type":"Polygon","coordinates":[[[139.6517134766297,35.7950798445549],[139.6517792716043,35.79508061452648],[139.65177884245048,35.795104396986474],[139.65177852110835,35.79512115265893],[139.65168281679905,35.795120017524766],[139.6516833881601,35.795089181289185],[139.65169068194544,35.79508448183569],[139.65171337363236,35.795084753169355],[139.6517134766297,35.7950798445549]]]}},{"type":"Feature","properties":{"height":8.25,"gml_id":"bldg_b49b1533-15da-4c0a-af63-cab1d64200d0"},"geometry":{"type":"Polygon","coordinates":[[[139.6602654909574,35.79363532463327],[139.6602719184974,35.793349193755446],[139.66043325560167,35.79334884808931],[139.66043367500498,35.793469324526605],[139.66090452761986,35.79347633177084],[139.66090428900065,35.79348692503841],[139.6609016782555,35.79360308324827],[139.6609016697479,35.79360343656671],[139.66090012023488,35.79367235815438],[139.66089872246573,35.79373453963633],[139.6608945242493,35.79392130129744],[139.6608940272746,35.793943427013076],[139.66098711329477,35.79394481605912],[139.66098322293823,35.79411769641178],[139.66031554713214,35.7941077402132],[139.66031523650182,35.79412140428639],[139.66022101299265,35.79412000767422],[139.6602213203416,35.79410633368169],[139.66010395863455,35.794104581879914],[139.66011443972877,35.79363881349024],[139.6601900548413,35.793639927406744],[139.6601901900383,35.793634213920676],[139.6602654909574,35.79363532463327]]]}},{"type":"Feature","properties":{"height":7.93,"gml_id":"bldg_c17e8ae1-c995-42d4-9e23-e39961dc21dd"},"geometry":{"type":"Polygon","coordinates":[[[139.65977017719868,35.79261407638144],[139.65979825105447,35.792613043388826],[139.6598045480631,35.79272657888669],[139.65974911718288,35.79272863598808],[139.65974282025095,35.79261510138894],[139.65977017719868,35.79261407638144]]]}},{"type":"Feature","properties":{"height":3.13,"gml_id":"bldg_c28bcd0e-7f78-4d2f-93cf-5e96dcc1950e"},"geometry":{"type":"Polygon","coordinates":[[[139.66231901632182,35.794708740996114],[139.66234242366386,35.794707501574486],[139.6623440265054,35.794727757267275],[139.66232061915937,35.794728995787835],[139.66231901632182,35.794708740996114]]]}},{"type":"Feature","properties":{"height":4.36,"gml_id":"bldg_8af8701e-adc8-4fea-a594-493291d1bc5e"},"geometry":{"type":"Polygon","coordinates":[[[139.6547651355682,35.79556223894486],[139.65470052792293,35.795561183036206],[139.65470245867533,35.79548350637807],[139.65476707843166,35.79548456050089],[139.6547651355682,35.79556223894486]]]}},{"type":"Feature","properties":{"height":9.12,"gml_id":"bldg_c636d14c-3410-42ae-bcb4-bac241dc4134"},"geometry":{"type":"Polygon","coordinates":[[[139.65953238825526,35.79267760193882],[139.65963369595218,35.7926744430643],[139.65963540970486,35.79270592892596],[139.65962243797014,35.792707032372185],[139.65962528305403,35.792743288931014],[139.65953527710843,35.792745053515745],[139.6595346611048,35.79273072921266],[139.65951894209027,35.792731459121676],[139.6595160802847,35.792690711090316],[139.65953290685232,35.7926899169837],[139.65953238825526,35.79267760193882]]]}},{"type":"Feature","properties":{"height":8.25,"gml_id":"bldg_c8fb27f0-69f1-4541-b51c-8bdc35e3d189"},"geometry":{"type":"Polygon","coordinates":[[[139.66023330788002,35.79712124898858],[139.66028758815088,35.79703588605624],[139.6603975464279,35.79708231522248],[139.66036315923304,35.7971363884081],[139.6603571493622,35.79713385146672],[139.66033300224595,35.79717182408222],[139.66026569769298,35.79714339949731],[139.6602699363105,35.79713672657168],[139.66023330788002,35.79712124898858]]]}},{"type":"Feature","properties":{"height":5.8,"gml_id":"bldg_c1428471-6f6a-4eae-b37d-abf5ab831aed"},"geometry":{"type":"Polygon","coordinates":[[[139.6549557569717,35.79270909273492],[139.65493857168428,35.792637225743796],[139.6550535474683,35.79261895727705],[139.65505935787345,35.792643207799976],[139.655069606251,35.7926860390979],[139.6550707405996,35.79269082426373],[139.6549557569717,35.79270909273492]]]}},{"type":"Feature","properties":{"height":9.12,"gml_id":"bldg_c4e02a3b-f9d5-4686-8daa-ea0a1762f75a"},"geometry":{"type":"Polygon","coordinates":[[[139.6613708449171,35.797145096031514],[139.66136462488794,35.79714508623407],[139.66136452596675,35.79716069933154],[139.66124299702165,35.79716021899215],[139.66124309808527,35.797143623422976],[139.66122315692493,35.79714354260165],[139.66122352187142,35.79708410789829],[139.66125483537726,35.79708422482558],[139.66125481345722,35.79708772024168],[139.66131290433867,35.79708795028617],[139.66135853086206,35.79708814625103],[139.6613598529695,35.79708815174745],[139.66137119542933,35.79708820132006],[139.6613708449171,35.797145096031514]]]}},{"type":"Feature","properties":{"height":9.08,"gml_id":"bldg_c9fb873c-4338-4519-8e75-90f0b0a3e17d"},"geometry":{"type":"Polygon","coordinates":[[[139.6557134484953,35.79285498078985],[139.65571737857957,35.79286870069165],[139.65563825981582,35.79288382208046],[139.6556365241624,35.79287778765659],[139.6555756209206,35.79288942064279],[139.65556915036817,35.79286693311877],[139.65555838131817,35.79286899031096],[139.6555514267468,35.79284476966852],[139.65556217811476,35.79284270253594],[139.6555607049737,35.79283752298237],[139.6556329861042,35.792823648928],[139.65563366565337,35.79282352734817],[139.6556624388593,35.79281800671218],[139.65570070277724,35.79281066583545],[139.65570391940636,35.79282184466908],[139.65572449790108,35.79281791361772],[139.65573401816766,35.79285104071033],[139.6557134484953,35.79285498078985]]]}},{"type":"Feature","properties":{"height":6.94,"gml_id":"bldg_c29fb2c1-f787-4cf1-849d-3d5a2a16ad9d"},"geometry":{"type":"Polygon","coordinates":[[[139.66172142895306,35.793978405210275],[139.66160396328183,35.79397670970695],[139.66160571338193,35.79389706679805],[139.66172317782772,35.7938987631991],[139.66172229681365,35.79393907047572],[139.66172142895306,35.793978405210275]]]}},{"type":"Feature","properties":{"height":1.82,"gml_id":"bldg_c8c123a7-9f87-4513-a00e-425d43d3c906"},"geometry":{"type":"Polygon","coordinates":[[[139.65425242196957,35.79312505856096],[139.6542987781834,35.79311606448154],[139.654305454458,35.793138918328374],[139.65425909491267,35.793147912405374],[139.65425242196957,35.79312505856096]]]}},{"type":"Feature","properties":{"height":6.55,"gml_id":"bldg_fb488edf-0b22-4c6e-9638-9fe3c0e65deb"},"geometry":{"type":"Polygon","coordinates":[[[139.66053189214165,35.79685513032798],[139.6603836373151,35.79685349393117],[139.66038540708087,35.79674801562206],[139.6604427600106,35.79674864162056],[139.66044233423048,35.79677409612341],[139.66050352726637,35.796774781695845],[139.66053323372225,35.79677511823379],[139.66053189214165,35.79685513032798]]]}},{"type":"Feature","properties":{"height":3.83,"gml_id":"bldg_f7f4e462-cb2c-49f4-be4c-b9c7c6cd37f1"},"geometry":{"type":"Polygon","coordinates":[[[139.6543400136025,35.7922712131443],[139.6544064062574,35.79225899676159],[139.6544256607956,35.792328438664335],[139.65435926586915,35.792340656856815],[139.6543400136025,35.7922712131443]]]}},{"type":"Feature","properties":{"height":15.19,"gml_id":"bldg_cd5728ea-83ed-4899-b815-545b2058ccac"},"geometry":{"type":"Polygon","coordinates":[[[139.66202515575552,35.795557302988065],[139.6620371722426,35.79555661615082],[139.66202827863,35.79548943642864],[139.66254948833938,35.79545541898121],[139.66256300970372,35.79554923121775],[139.66249078678572,35.79555495587001],[139.66248941276524,35.79554303532183],[139.66211111641775,35.79557061042609],[139.6621124838292,35.795582491309496],[139.66202869113357,35.79558744567659],[139.6620297707959,35.79559678884118],[139.6619978016457,35.795599322062465],[139.6619923846452,35.79555307581636],[139.6620243637226,35.795550548018724],[139.66202515575552,35.795557302988065]]]}},{"type":"Feature","properties":{"height":8.81,"gml_id":"bldg_c12a6451-c6d2-4a8e-92a1-ceb1b2d341db"},"geometry":{"type":"Polygon","coordinates":[[[139.66003016101968,35.79685866709721],[139.65980884070157,35.79685528960171],[139.65981452634884,35.79660901296776],[139.65976545829292,35.796608260722586],[139.65976632634997,35.79657082066539],[139.6598224616427,35.796571675948336],[139.65982166890896,35.79660603348673],[139.65992193805639,35.79660755811328],[139.6600359223578,35.79660931784806],[139.66003016101968,35.79685866709721]]]}},{"type":"Feature","properties":{"height":14.62,"gml_id":"bldg_f87c1e82-3d03-4519-beeb-46592bbd8cff"},"geometry":{"type":"Polygon","coordinates":[[[139.66000278230098,35.792017338902575],[139.66001516576998,35.79205884517042],[139.66015347696725,35.79203145671407],[139.66027639054008,35.79200711595004],[139.660309683003,35.79211869378447],[139.66031877265956,35.792149206875905],[139.66019134205013,35.792174464164596],[139.66020025813066,35.79220439654284],[139.66012614009944,35.79221909003068],[139.6601172063697,35.79218914590401],[139.65994199135898,35.792223846971275],[139.65993907094486,35.79221406036663],[139.65990337603057,35.79222113048488],[139.65984207733015,35.79201566947959],[139.6594464599058,35.792094017858275],[139.65941911935965,35.791999248729674],[139.6594513196958,35.79199305792961],[139.65943232191208,35.79192718835729],[139.66020831075494,35.791773489771],[139.6602107396421,35.79178190560422],[139.66024164419568,35.791775785736114],[139.66027298472702,35.791880853901084],[139.66024113714687,35.79188716621069],[139.66025495711773,35.791935113794985],[139.66016513314963,35.79195235175557],[139.66017437752703,35.79198443523998],[139.66000278230098,35.792017338902575]]]}},{"type":"Feature","properties":{"height":8.82,"gml_id":"bldg_d750a600-79e4-40ce-87bf-ff4e3526f9a6"},"geometry":{"type":"Polygon","coordinates":[[[139.65839688927895,35.79192026026222],[139.65850148010145,35.79189867533101],[139.65854093987068,35.792025929052215],[139.65855292384126,35.79206461815803],[139.65844941487924,35.792085149221265],[139.65843158253134,35.79203507200619],[139.65843884196804,35.79203362237206],[139.65842751373384,35.791997118188974],[139.65842112407472,35.791998468136036],[139.65839688927895,35.79192026026222]]]}},{"type":"Feature","properties":{"height":12.78,"gml_id":"bldg_da180fb3-2294-4fdb-8c98-c6ee0d7ac6d3"},"geometry":{"type":"Polygon","coordinates":[[[139.6622142695407,35.79745500197299],[139.66221618326094,35.79742109669422],[139.66234808209256,35.797425999315806],[139.6623434392306,35.797508327713416],[139.66221154691115,35.79750342058912],[139.6622120150797,35.79749508644339],[139.66215439270425,35.797492933111066],[139.66215704433347,35.7974528726424],[139.6622142695407,35.79745500197299]]]}},{"type":"Feature","properties":{"height":8.29,"gml_id":"bldg_c2018600-202f-4aac-a0c3-247dfd9efc7d"},"geometry":{"type":"Polygon","coordinates":[[[139.65198064177625,35.79545287265868],[139.65198049271305,35.795460533035055],[139.65192998570924,35.79545994307454],[139.65193122496092,35.795391739544115],[139.65195334370918,35.79539198292762],[139.65197226623516,35.795392213373916],[139.6519717280296,35.79542213929268],[139.65198119594044,35.795422251820725],[139.651981020769,35.79543215111922],[139.65198064177625,35.79545287265868]]]}},{"type":"Feature","properties":{"height":7.19,"gml_id":"bldg_ca71e3a3-a106-44ef-af06-e8dce332ca6f"},"geometry":{"type":"Polygon","coordinates":[[[139.65982461463742,35.792610951535146],[139.65984650925802,35.79261013495298],[139.6598522097085,35.79271109389989],[139.65980729515138,35.7927127903357],[139.65980159475563,35.792611832288195],[139.65982461463742,35.792610951535146]]]}},{"type":"Feature","properties":{"height":8.15,"gml_id":"bldg_c5ec40ed-9b16-4641-8a5d-9fff9d4335e6"},"geometry":{"type":"Polygon","coordinates":[[[139.66028200049317,35.79724936620416],[139.66031905383767,35.79719084960316],[139.66042038091658,35.7972334590119],[139.66038332541552,35.79729197473932],[139.66028200049317,35.79724936620416]]]}},{"type":"Feature","properties":{"height":9.69,"gml_id":"bldg_e810c4ab-04c4-47fb-8c46-e31f333f3aa4"},"geometry":{"type":"Polygon","coordinates":[[[139.65883890892016,35.79211298193352],[139.65884017250985,35.792112896335894],[139.65883394149242,35.79209177848761],[139.65887663628158,35.79208358764374],[139.65888376567395,35.792106710502836],[139.65890676406687,35.79218141292089],[139.65887390896737,35.79218696536763],[139.65886195021184,35.79218777906442],[139.65883890892016,35.79211298193352]]]}},{"type":"Feature","properties":{"height":4.39,"gml_id":"bldg_c9f3a2de-0b9a-4c0f-b769-b70a82b235e7"},"geometry":{"type":"Polygon","coordinates":[[[139.66052171874418,35.7966263766057],[139.6605891475139,35.79662639057497],[139.66058911162563,35.796683859901776],[139.6605216828073,35.796683845932336],[139.66052171874418,35.7966263766057]]]}},{"type":"Feature","properties":{"height":8.94,"gml_id":"bldg_c71aed90-d8d5-4b9c-bc9e-ed122b87661d"},"geometry":{"type":"Polygon","coordinates":[[[139.66033194058474,35.79636422272947],[139.66004564686065,35.79636038531716],[139.66004835732878,35.79622694748155],[139.66016690743902,35.7962285297956],[139.6603335154444,35.796286925842864],[139.660333297223,35.79629776700573],[139.66033194058474,35.79636422272947]]]}},{"type":"Feature","properties":{"height":2.1,"gml_id":"bldg_c0183b5b-d8ec-40e5-ba81-991f07237bb0"},"geometry":{"type":"Polygon","coordinates":[[[139.65707484064797,35.79482567009089],[139.65717012038346,35.794825562752614],[139.6571702080626,35.79488207503603],[139.6570749194149,35.79488217965716],[139.65707484064797,35.79482567009089]]]}},{"type":"Feature","properties":{"height":9.2,"gml_id":"bldg_c5817042-7032-41a0-aff1-24ba863670fb"},"geometry":{"type":"Polygon","coordinates":[[[139.65361139325992,35.79216444078318],[139.65370282451985,35.792148501762355],[139.65370779026057,35.792167392541906],[139.65371318573366,35.7921880352935],[139.65362175334445,35.792203965306804],[139.65361139325992,35.79216444078318]]]}},{"type":"Feature","properties":{"height":7.53,"gml_id":"bldg_e978ec82-8d46-424b-932f-76cc8b15d84d"},"geometry":{"type":"Polygon","coordinates":[[[139.65699849090834,35.79186512431843],[139.6570439932452,35.791856074745255],[139.65705089985323,35.79187913699582],[139.6570639408794,35.79192275730389],[139.65699112295306,35.79193671976741],[139.65697861321166,35.79189299927919],[139.65698673916143,35.79189143022216],[139.65698440007318,35.791883582309076],[139.65700290339936,35.791879897669446],[139.65699849090834,35.79186512431843]]]}},{"type":"Feature","properties":{"height":6.71,"gml_id":"bldg_c59b8bd4-c759-4329-bdbb-478347c7faa6"},"geometry":{"type":"Polygon","coordinates":[[[139.6590944102325,35.79220940250926],[139.65912466382858,35.79220360286771],[139.65914070451961,35.79225921440033],[139.65908250267427,35.7922703789666],[139.6590664509369,35.79221477732524],[139.6590944102325,35.79220940250926]]]}},{"type":"Feature","properties":{"height":6.73,"gml_id":"bldg_ed4bb6a8-afcc-430e-ba6a-a90bc9c4781e"},"geometry":{"type":"Polygon","coordinates":[[[139.66193534324202,35.79204783570596],[139.6620055824419,35.79203451735073],[139.66200794099018,35.79204280866047],[139.6620165306191,35.79204113716976],[139.66203875736605,35.79211693844718],[139.6619492074911,35.792134385442104],[139.6619269941427,35.792058564337765],[139.66193779622864,35.79205645163906],[139.66193534324202,35.79204783570596]]]}},{"type":"Feature","properties":{"height":6.52,"gml_id":"bldg_c76423ef-c808-4cd9-ab6f-8015683c56e3"},"geometry":{"type":"Polygon","coordinates":[[[139.6615814054625,35.793975024404894],[139.66146720781148,35.79397337309555],[139.6614706459187,35.793816845334256],[139.66158484113322,35.79381849663659],[139.66158162697263,35.79396514318164],[139.6615814054625,35.793975024404894]]]}},{"type":"Feature","properties":{"height":6.95,"gml_id":"bldg_c0af6bd0-4df6-466f-bdee-427599aec428"},"geometry":{"type":"Polygon","coordinates":[[[139.65895319772244,35.791886835803496],[139.65890199850958,35.79189621223763],[139.6588947061137,35.79186972438829],[139.6588880101614,35.791871012623794],[139.65887647877557,35.791831201119635],[139.65892722077282,35.7918214436617],[139.65892828584785,35.79182512273042],[139.65893584270339,35.79182374109913],[139.65895319772244,35.791886835803496]]]}},{"type":"Feature","properties":{"height":2.82,"gml_id":"bldg_cecd4781-53c0-4a7c-919a-5bba07166575"},"geometry":{"type":"Polygon","coordinates":[[[139.65470720565034,35.79210299421112],[139.65472858220804,35.792098321799564],[139.65473709481654,35.792124220423005],[139.65471571935868,35.79212889283767],[139.65470720565034,35.79210299421112]]]}},{"type":"Feature","properties":{"height":6.47,"gml_id":"bldg_c261fabd-b41f-44fa-b425-4c5de10ee129"},"geometry":{"type":"Polygon","coordinates":[[[139.65634010364866,35.792456099481356],[139.6564215755043,35.79243974353228],[139.6564268735249,35.792457261025284],[139.6564329127523,35.792477285371916],[139.65635143864998,35.792493640423864],[139.65634010364866,35.792456099481356]]]}},{"type":"Feature","properties":{"height":5.16,"gml_id":"bldg_c7caa791-b8cb-4f80-ba94-2c77f330b380"},"geometry":{"type":"Polygon","coordinates":[[[139.65323374303637,35.794902655620426],[139.65317357813032,35.79490199853645],[139.65317374703926,35.79489186667659],[139.65307240168931,35.794890748532985],[139.65307348772274,35.79482577700635],[139.65312536073375,35.79482633878868],[139.65316115006294,35.79482674395023],[139.65323499450642,35.79482755853649],[139.65323430707372,35.79486891520407],[139.65323776652986,35.79486895283444],[139.65323723206876,35.79490086354784],[139.65323377592213,35.794900829527805],[139.65323374303637,35.794902655620426]]]}},{"type":"Feature","properties":{"height":5.13,"gml_id":"bldg_c70c34e1-845f-40a5-be3b-a08343373000"},"geometry":{"type":"Polygon","coordinates":[[[139.65558031575634,35.796051368261566],[139.65546644156206,35.79604975499278],[139.6554673516269,35.79600777130649],[139.65558122463486,35.796009393586125],[139.65558031575634,35.796051368261566]]]}},{"type":"Feature","properties":{"height":9.21,"gml_id":"bldg_cbb01ebb-4e60-4904-baf3-e78a2504cdbc"},"geometry":{"type":"Polygon","coordinates":[[[139.66055373082943,35.79685615410193],[139.6605543696846,35.7968201621853],[139.66055497826878,35.79678588730274],[139.66055522833037,35.79677207983278],[139.66060103207738,35.79677260803747],[139.6606009261824,35.79677859557451],[139.66068130756943,35.796779542071484],[139.6606811734364,35.79678733407709],[139.66067992275006,35.79685761890013],[139.66055373082943,35.79685615410193]]]}},{"type":"Feature","properties":{"height":6.55,"gml_id":"bldg_c449f9cf-6a1b-4176-8b7d-73a7cc4fe053"},"geometry":{"type":"Polygon","coordinates":[[[139.65784965506114,35.79670174892618],[139.6578498208974,35.796692243497944],[139.65788364403048,35.79669261824597],[139.65788348261182,35.79670212908884],[139.6579072291644,35.796702395385296],[139.65790583008106,35.7967842172808],[139.65787146368424,35.796783840844824],[139.65787127925717,35.7967942548098],[139.6578575163011,35.79679411394332],[139.6578576941215,35.796783686448435],[139.65782456795995,35.796783313611776],[139.65782596712265,35.796701493520146],[139.65784965506114,35.79670174892618]]]}},{"type":"Feature","properties":{"height":14.29,"gml_id":"bldg_e53cd81e-c46a-4f34-8a88-3021aafcf0bf"},"geometry":{"type":"Polygon","coordinates":[[[139.65096034432815,35.796026490116766],[139.65100194430607,35.79602662351277],[139.65125307281423,35.79602757913148],[139.65125300349382,35.796037110836004],[139.65125298134802,35.796040513410574],[139.6512592101343,35.79604052554697],[139.6512587589691,35.79611364984106],[139.6512525644434,35.79611365127682],[139.65125247545504,35.79612501450099],[139.65109456567404,35.79612443185209],[139.65109436809152,35.796155239802445],[139.65104353331685,35.7961550708055],[139.65104371770647,35.79612423489332],[139.65102197345402,35.79612414964685],[139.651022036276,35.79611360030511],[139.65095639194172,35.796113352931414],[139.65095682612096,35.79604003662483],[139.65096025253874,35.79604002920304],[139.65096034432815,35.796026490116766]]]}},{"type":"Feature","properties":{"height":6.54,"gml_id":"bldg_c7187996-6720-4f7e-9ab4-2af84b55caea"},"geometry":{"type":"Polygon","coordinates":[[[139.65383081325882,35.792094371909684],[139.653871461532,35.792086833270105],[139.65387355440663,35.79209432844627],[139.6538766765983,35.79209374993013],[139.6538943251167,35.792090479116226],[139.65391111527387,35.7921506361853],[139.65383636407793,35.79216450732201],[139.65381957398236,35.79210434663742],[139.65383289838567,35.79210186707499],[139.65383081325882,35.792094371909684]]]}},{"type":"Feature","properties":{"height":2.14,"gml_id":"bldg_d4051ada-9afa-47f4-9be0-5a3a4eba6c0b"},"geometry":{"type":"Polygon","coordinates":[[[139.65111105830854,35.79528855001167],[139.6511407197648,35.79527344321188],[139.65116734272058,35.79527452911937],[139.6511647401925,35.79531686894954],[139.6511094532134,35.79531461922191],[139.65111105830854,35.79528855001167]]]}},{"type":"Feature","properties":{"height":8.34,"gml_id":"bldg_c05a4952-fc91-4b07-b256-b5dadcee7ddd"},"geometry":{"type":"Polygon","coordinates":[[[139.66187487171345,35.79714034191987],[139.66166236068486,35.797131784997575],[139.66166772381794,35.7970435907427],[139.6617971884264,35.79704879334725],[139.66179678237933,35.79705548801919],[139.66187891018316,35.79709647972251],[139.66187487171345,35.79714034191987]]]}},{"type":"Feature","properties":{"height":7.45,"gml_id":"bldg_ffb6992c-e651-4b37-b9c6-55ec885f4130"},"geometry":{"type":"Polygon","coordinates":[[[139.6604880320917,35.796366326539456],[139.66038198546656,35.79636546287914],[139.66038387051518,35.796214441150056],[139.66047142883562,35.7962151466322],[139.66047101738485,35.79624829330669],[139.66048949997844,35.79624844516535],[139.6604880320917,35.796366326539456]]]}},{"type":"Feature","properties":{"height":2.14,"gml_id":"bldg_dd65a0c5-9603-488e-ac58-10f38979ba1c"},"geometry":{"type":"Polygon","coordinates":[[[139.6593888142566,35.79202872874009],[139.65942107809627,35.792022340643534],[139.65944452973162,35.792098436207674],[139.65941228133553,35.792104831543575],[139.6593888142566,35.79202872874009]]]}},{"type":"Feature","properties":{"height":9.41,"gml_id":"bldg_c4898c00-6d67-4698-8696-20bb22450e73"},"geometry":{"type":"Polygon","coordinates":[[[139.65596364576348,35.79240528977934],[139.6560120139851,35.79239569049293],[139.65604975422465,35.79252190772615],[139.65594727659757,35.79254226869827],[139.65590953982965,35.79241605143864],[139.65596364576348,35.79240528977934]]]}},{"type":"Feature","properties":{"height":6.74,"gml_id":"bldg_b1e9a13d-1a58-4fb1-9565-8db53c480585"},"geometry":{"type":"Polygon","coordinates":[[[139.65816999323832,35.79680978080824],[139.657941082757,35.79680721265399],[139.65794321952922,35.79668219989294],[139.65817211637957,35.79668476622011],[139.65816999323832,35.79680978080824]]]}},{"type":"Feature","properties":{"height":1.31,"gml_id":"bldg_eaecfcda-0a5c-4f01-b35a-bbf86be8fca4"},"geometry":{"type":"Polygon","coordinates":[[[139.65640870014073,35.79298929347315],[139.65654569008967,35.7929718167132],[139.65655067412771,35.79299775778916],[139.6564136841353,35.7930152345546],[139.65640870014073,35.79298929347315]]]}},{"type":"Feature","properties":{"height":23.4,"gml_id":"bldg_ca76e6ad-0949-4183-baa0-f04cd54482d1"},"geometry":{"type":"Polygon","coordinates":[[[139.65778453308755,35.79549207838201],[139.65749393656932,35.795490810091415],[139.65749424389892,35.79544472073988],[139.65709015545525,35.79543902925685],[139.6570911502642,35.79538884065767],[139.65705412283688,35.795388351925915],[139.65706050276486,35.79506645284321],[139.65700766512737,35.795065757042096],[139.65700842346422,35.79502797882853],[139.65706125226185,35.79502865839194],[139.65706148677717,35.795017151157055],[139.65709850853247,35.79501762545637],[139.65709888468007,35.79499959353178],[139.65730153947405,35.7950022420232],[139.6576504977286,35.79500684904813],[139.65764941902898,35.79506163623805],[139.65771676158354,35.79506251969374],[139.65771025195065,35.79538976274961],[139.6576858050798,35.795389672958265],[139.65768541704438,35.79544734818871],[139.657685377873,35.795451573675905],[139.6577848115085,35.79545201363299],[139.65778453308755,35.79549207838201]]]}},{"type":"Feature","properties":{"height":6.94,"gml_id":"bldg_c5e8910e-d8e6-4fd5-8b27-360bb76d4bf8"},"geometry":{"type":"Polygon","coordinates":[[[139.657400039558,35.79187151182275],[139.65746066690969,35.791860601292704],[139.65747553739385,35.791915536223335],[139.65738637706087,35.791931576981405],[139.65737350056432,35.79188400180817],[139.65740202133628,35.79187886436175],[139.657400039558,35.79187151182275]]]}},{"type":"Feature","properties":{"height":18.44,"gml_id":"bldg_cddfdcc2-ed3b-422e-8594-a9fe97811f93"},"geometry":{"type":"Polygon","coordinates":[[[139.66055789588447,35.79536720018846],[139.66062107450537,35.795367534321066],[139.66076208184518,35.79536830373445],[139.6607608168282,35.795520984871835],[139.66081984676237,35.7955213102416],[139.6608195218863,35.79555849150317],[139.66040727790843,35.795556262465254],[139.66040958845687,35.79527469741448],[139.66049866969843,35.795275168911125],[139.66053744018336,35.79527538777969],[139.66053668182232,35.79536708948284],[139.66055789588447,35.79536720018846]]]}},{"type":"Feature","properties":{"height":10.42,"gml_id":"bldg_cb1f0519-25e7-4c32-830d-6097a581fd0e"},"geometry":{"type":"Polygon","coordinates":[[[139.65925851324897,35.792339318869196],[139.65925322855273,35.79232099030063],[139.6593733068031,35.792297926279495],[139.65940594686987,35.792410859950834],[139.65907828612745,35.79247376694984],[139.65905095214075,35.79237917532015],[139.65925851324897,35.792339318869196]]]}},{"type":"Feature","properties":{"height":1.88,"gml_id":"bldg_be7b5b2f-a634-4196-9a0e-bb52590fdf56"},"geometry":{"type":"Polygon","coordinates":[[[139.66197672713363,35.79603348475115],[139.6619505872656,35.79603342315857],[139.66195079221288,35.795977656721206],[139.66197692875713,35.79597771199952],[139.66197672713363,35.79603348475115]]]}},{"type":"Feature","properties":{"height":15.87,"gml_id":"bldg_c9fe1b4f-a8e1-4fcd-93b2-d470d2e0eb02"},"geometry":{"type":"Polygon","coordinates":[[[139.66207266607483,35.796144465362545],[139.66200120523928,35.796150016843704],[139.66198856194043,35.79605355402397],[139.66245180836825,35.796019674323716],[139.6624663331781,35.796115038316046],[139.66239156380018,35.796121373110324],[139.66239019416614,35.796109473299516],[139.66219659534318,35.79612226842617],[139.66219695464378,35.796130647917835],[139.66220319641903,35.79613028274009],[139.66220527957736,35.796154589795236],[139.66214835778464,35.7961579266995],[139.66214699192565,35.7961262313703],[139.66207130524987,35.796132607023],[139.66207266607483,35.796144465362545]]]}},{"type":"Feature","properties":{"height":8.51,"gml_id":"bldg_cd294b54-02a2-4dc5-8229-b01c2d820255"},"geometry":{"type":"Polygon","coordinates":[[[139.66163102125046,35.795323344355815],[139.66148179175934,35.79532197562652],[139.6614828062983,35.795249009813624],[139.6616972781067,35.795250959322225],[139.66169677688956,35.79528750307979],[139.66169620688424,35.79532825245399],[139.66163096105612,35.79532766806217],[139.66163102125046,35.795323344355815]]]}},{"type":"Feature","properties":{"height":9.23,"gml_id":"bldg_a16d78e1-b4f6-44d1-a01a-b0022dc1e903"},"geometry":{"type":"Polygon","coordinates":[[[139.6612939053875,35.797292842130744],[139.66134141332546,35.797234305921215],[139.66135966398625,35.797244130636294],[139.66147238816882,35.79730487355858],[139.66142487695376,35.797363415222684],[139.6612939053875,35.797292842130744]]]}},{"type":"Feature","properties":{"height":3.77,"gml_id":"bldg_cd02e8a4-1aff-42b8-a087-4a4483694903"},"geometry":{"type":"Polygon","coordinates":[[[139.6618445336655,35.79648960096946],[139.6617627821578,35.79648744277799],[139.66176467859384,35.796439525940336],[139.66175404567232,35.79643935303073],[139.6617560281553,35.79636428034476],[139.6618870129068,35.79636639968876],[139.66188502943672,35.796441474178295],[139.66184650817155,35.79644085589816],[139.6618445336655,35.79648960096946]]]}},{"type":"Feature","properties":{"height":6.42,"gml_id":"bldg_c0b40c9b-a9ac-477c-b65a-3500285259f5"},"geometry":{"type":"Polygon","coordinates":[[[139.65734911558724,35.79232798743914],[139.65741433134002,35.7923154891543],[139.65742951663154,35.79236816034637],[139.65736429973373,35.79238065773626],[139.65734911558724,35.79232798743914]]]}},{"type":"Feature","properties":{"height":0.88,"gml_id":"bldg_c2e1ceac-d7cc-4443-bc6d-ac5c6f625d7a"},"geometry":{"type":"Polygon","coordinates":[[[139.66226492974064,35.791754547499586],[139.66229949283473,35.791751963812004],[139.6623015541105,35.79177044089461],[139.6622670120282,35.791773024612645],[139.66226492974064,35.791754547499586]]]}},{"type":"Feature","properties":{"height":8.13,"gml_id":"bldg_dc99d8e1-1155-416c-bf41-446a9564a564"},"geometry":{"type":"Polygon","coordinates":[[[139.66117887287712,35.796331253618426],[139.66108634676905,35.79633109406431],[139.6610864942781,35.79628017863295],[139.66117014399958,35.7962803209707],[139.66117901811054,35.79628033998634],[139.66117887287712,35.796331253618426]]]}},{"type":"Feature","properties":{"height":2.15,"gml_id":"bldg_c611822d-5820-4ba2-9b88-99bcd46edc3e"},"geometry":{"type":"Polygon","coordinates":[[[139.65865710394235,35.79430842094343],[139.65867703169386,35.79430823717196],[139.65867731138468,35.7943270398126],[139.65865738250443,35.79432723169464],[139.65865710394235,35.79430842094343]]]}},{"type":"Feature","properties":{"height":9.46,"gml_id":"bldg_fcbefc1c-4296-4c6c-88ff-67fc4529cae9"},"geometry":{"type":"Polygon","coordinates":[[[139.657950224967,35.79184752382564],[139.65799864635972,35.7918386385896],[139.65802115408962,35.79192024032753],[139.65797273154354,35.791929125570775],[139.657950224967,35.79184752382564]]]}},{"type":"Feature","properties":{"height":23.41,"gml_id":"bldg_37f8b3a5-883d-47a9-b274-932783cf9025"},"geometry":{"type":"Polygon","coordinates":[[[139.65352537641616,35.794676948838095],[139.65341116545952,35.794675436777226],[139.65341286615154,35.7945933719975],[139.6535270781012,35.79459488225537],[139.65352537641616,35.794676948838095]]]}},{"type":"Feature","properties":{"height":5.46,"gml_id":"bldg_c7c81e09-0939-4dc0-a677-c6ac6bd10ac4"},"geometry":{"type":"Polygon","coordinates":[[[139.66095446428528,35.79613100473824],[139.66087729139528,35.79613084990803],[139.6608774215598,35.79609263001156],[139.6608806377661,35.796092624709615],[139.6608813480938,35.79606188507458],[139.6609493450742,35.79606291548135],[139.66094865880785,35.79609277182508],[139.66095459330842,35.79609278393865],[139.6609545251645,35.796114088227164],[139.66095446428528,35.79613100473824]]]}},{"type":"Feature","properties":{"height":6.54,"gml_id":"bldg_cadb357a-5daa-442e-b2fb-c02d3baf22c9"},"geometry":{"type":"Polygon","coordinates":[[[139.65755377990732,35.79279704033761],[139.65757103368176,35.7927936764693],[139.6575916930518,35.79286401135518],[139.65754630566664,35.79287287562258],[139.65753305400668,35.79282775611397],[139.65753874072988,35.79282663593326],[139.65753139722602,35.792801418839865],[139.65755377990732,35.79279704033761]]]}},{"type":"Feature","properties":{"height":11.73,"gml_id":"bldg_c0cae072-1be2-4769-ad70-f27e622718e1"},"geometry":{"type":"Polygon","coordinates":[[[139.6561577597535,35.7923780765577],[139.65620056614515,35.792369141409885],[139.65621366629486,35.79241087175432],[139.6562270551732,35.792453613841275],[139.65621724203987,35.79245567520473],[139.65622491945715,35.792482772193615],[139.65625201497843,35.79247741028722],[139.6562619047513,35.792510619006165],[139.65609835307592,35.79254299262954],[139.6560884622589,35.79250978479723],[139.65612762081832,35.79250202597327],[139.6561202145651,35.79247588661562],[139.65606843623323,35.79248667160643],[139.65604369954966,35.792407772090776],[139.65605881404178,35.79240475140481],[139.65606129039955,35.792413024075124],[139.6561621994943,35.79239297616781],[139.6561577597535,35.7923780765577]]]}},{"type":"Feature","properties":{"height":8.02,"gml_id":"bldg_e3d3b21f-d780-40f0-884a-461f96d3d2d0"},"geometry":{"type":"Polygon","coordinates":[[[139.65770094296673,35.79241354818578],[139.65765646260294,35.79225874329394],[139.6577326517993,35.7922442012746],[139.65774113421892,35.792273712268056],[139.65774892268004,35.79230084898288],[139.6577135556964,35.79230760345567],[139.6577183085163,35.792324144831426],[139.6577466242258,35.79231874561173],[139.65777006444435,35.79240035055437],[139.65770094296673,35.79241354818578]]]}},{"type":"Feature","properties":{"height":6.44,"gml_id":"bldg_c97e5d3f-1382-415b-b729-6deb627cc5fe"},"geometry":{"type":"Polygon","coordinates":[[[139.66070234346031,35.79525108169838],[139.6607356983518,35.79525129903698],[139.66073594092117,35.795228660992954],[139.66087321815414,35.79522959527702],[139.66087247412506,35.79530050818923],[139.6607018341452,35.79529934213244],[139.66070234346031,35.79525108169838]]]}},{"type":"Feature","properties":{"height":11.19,"gml_id":"bldg_c3769b4d-8fd7-41bf-a688-ed6fa91cf8a5"},"geometry":{"type":"Polygon","coordinates":[[[139.6537852628125,35.79467009752485],[139.65386758328972,35.7946711893769],[139.65386475047623,35.79480920398348],[139.65383561684033,35.794808833303954],[139.6538353856282,35.79481964919922],[139.65375207929551,35.7948185351214],[139.6537549239933,35.79467975077992],[139.65378504106812,35.79468014457992],[139.6537852628125,35.79467009752485]]]}},{"type":"Feature","properties":{"height":3.59,"gml_id":"bldg_dc295a9f-b7d3-4a39-825e-da94bcecbdf1"},"geometry":{"type":"Polygon","coordinates":[[[139.65866786678924,35.7968454036817],[139.65870643606496,35.79684539390563],[139.65870643406828,35.79686703629288],[139.65866785375394,35.79686702982853],[139.65866786678924,35.7968454036817]]]}},{"type":"Feature","properties":{"height":3.45,"gml_id":"bldg_cb51f9ce-bd82-46c1-8139-fcf66e30442e"},"geometry":{"type":"Polygon","coordinates":[[[139.66147512210918,35.795032982269106],[139.6613405950453,35.79503127203449],[139.66134375563195,35.79486710403576],[139.66147828241918,35.794868814266124],[139.66147512210918,35.795032982269106]]]}},{"type":"Feature","properties":{"height":8.82,"gml_id":"bldg_c9115f17-530c-4159-a938-2a5f3cfbf1ce"},"geometry":{"type":"Polygon","coordinates":[[[139.6581824305239,35.79240853592335],[139.65820384663036,35.79240443981807],[139.65822069362451,35.79246289281088],[139.65822410047366,35.792474760489526],[139.65818197763568,35.79248283115251],[139.65816172160496,35.7924125149777],[139.6581824305239,35.79240853592335]]]}},{"type":"Feature","properties":{"height":3.37,"gml_id":"bldg_cf7c5da1-f30a-4b46-958a-5a6608ba5e71"},"geometry":{"type":"Polygon","coordinates":[[[139.66112244881862,35.794659522844434],[139.66108429421206,35.7946590932291],[139.66108673670993,35.794517750976944],[139.6611248901407,35.7945181814911],[139.66112244881862,35.794659522844434]]]}},{"type":"Feature","properties":{"height":4.59,"gml_id":"bldg_c37eb270-6578-4951-822f-98107a74816a"},"geometry":{"type":"Polygon","coordinates":[[[139.65277974985344,35.7956821104368],[139.65278036168496,35.7956571627997],[139.65294157625863,35.795659743787574],[139.65294098683265,35.795684101072816],[139.65297179331108,35.795684597062845],[139.6529685560633,35.79581777255216],[139.65294045323563,35.7958173815691],[139.65293908436868,35.795873802422896],[139.6529671938299,35.79587420423248],[139.65296400791746,35.79600521834954],[139.65293444147844,35.79600475215981],[139.65293384567607,35.79602899135678],[139.65277336275315,35.79602641686447],[139.65277391908452,35.796003508006386],[139.6527429564942,35.79600300902697],[139.65274615739995,35.795871396440226],[139.65277421156387,35.79587178829699],[139.6527756002658,35.79581447603669],[139.6527475406127,35.795814074257144],[139.65275075992466,35.795681654081285],[139.65277974985344,35.7956821104368]]]}},{"type":"Feature","properties":{"height":8.36,"gml_id":"bldg_cd240823-9643-4137-9224-24aa71c77689"},"geometry":{"type":"Polygon","coordinates":[[[139.65974511048987,35.79650323271385],[139.65976849161245,35.79650362610723],[139.65977054181656,35.79641506210012],[139.65982950922483,35.796415951212424],[139.66004641292983,35.796419276334284],[139.66004465881522,35.79649543544896],[139.66004291592787,35.79657049853333],[139.65975908866068,35.79656616193885],[139.65976003756032,35.796525126500235],[139.65974464967513,35.796524855511926],[139.65974511048987,35.79650323271385]]]}},{"type":"Feature","properties":{"height":8.57,"gml_id":"bldg_d7e94c5f-8741-472c-9cc7-d8a887168921"},"geometry":{"type":"Polygon","coordinates":[[[139.65891945575163,35.79218388932293],[139.6588889247088,35.79207821447457],[139.65894527060757,35.792067305097035],[139.65894724577947,35.792074204219965],[139.65895904168207,35.7921155168536],[139.65896284473536,35.79212888043271],[139.65894154814134,35.792133013802356],[139.65895483491067,35.79217706060173],[139.65891945575163,35.79218388932293]]]}},{"type":"Feature","properties":{"height":9.43,"gml_id":"bldg_ce1c8f29-4133-42f7-b71a-f5e4e9ddee12"},"geometry":{"type":"Polygon","coordinates":[[[139.65817266570932,35.79260487260672],[139.6582936329483,35.7925808537232],[139.65830826270818,35.79262985007619],[139.6582641834233,35.79263861196224],[139.65826642374375,35.7926461622591],[139.65818955339003,35.79266143011428],[139.65817266570932,35.79260487260672]]]}},{"type":"Feature","properties":{"height":9.19,"gml_id":"bldg_a6d05fa3-59f4-412b-b444-fa177f8213ff"},"geometry":{"type":"Polygon","coordinates":[[[139.65655467733967,35.79238861440365],[139.6565863751253,35.79238222353234],[139.65659129883554,35.792398427195664],[139.6565973966304,35.79241849849077],[139.65660991681142,35.79241597417362],[139.65661519199656,35.79243333028258],[139.65661935117737,35.79244707032252],[139.6565423252209,35.792462608203756],[139.6565328919895,35.79243151205061],[139.65654030760746,35.79243000777837],[139.65652819456568,35.79239007081215],[139.65655356256696,35.792384942452166],[139.65655467733967,35.79238861440365]]]}},{"type":"Feature","properties":{"height":9.08,"gml_id":"bldg_c97ccf91-ebf4-41ff-8655-1700933b91df"},"geometry":{"type":"Polygon","coordinates":[[[139.65048519628635,35.79615891366614],[139.65041453909265,35.79615717204201],[139.6504179275172,35.79606706532015],[139.65045123269107,35.79606786951336],[139.6504885857438,35.79606880423974],[139.6504873661027,35.79610134573955],[139.65048519628635,35.79615891366614]]]}},{"type":"Feature","properties":{"height":8.37,"gml_id":"bldg_ce529f8b-e836-46e0-a8e0-0d57c3ba0b85"},"geometry":{"type":"Polygon","coordinates":[[[139.65082830868687,35.79613402220651],[139.65076217346095,35.79613313852767],[139.65076394040892,35.796047016017994],[139.65082005334486,35.796047764602974],[139.65081985739855,35.79605749260992],[139.65088428657756,35.796058365556],[139.65088294848942,35.79612343040525],[139.65082854919956,35.79612270608313],[139.65082830868687,35.79613402220651]]]}},{"type":"Feature","properties":{"height":20.4,"gml_id":"bldg_b77e2eed-7638-4636-ba43-4d6bd66c0870"},"geometry":{"type":"Polygon","coordinates":[[[139.6545225281198,35.79184352101495],[139.65456996312312,35.7918341165135],[139.65463342553556,35.79182156394942],[139.65463848955264,35.79182283697598],[139.65464270780294,35.79182880389756],[139.65469804300395,35.79201460646515],[139.65471415252406,35.792068716131254],[139.6547129403535,35.792074001671935],[139.65470844093116,35.79207700100288],[139.65459530530535,35.79209937033326],[139.65458710573031,35.79209871097253],[139.65458142586016,35.79209282389964],[139.65454966215594,35.7919863781699],[139.65455115405064,35.79198018538342],[139.65455598363977,35.7919764744797],[139.65456017175137,35.79197564695422],[139.65458628107226,35.791970473240696],[139.65458271460818,35.79195849976309],[139.65455819135533,35.791963347741216],[139.6545225281198,35.79184352101495]]]}},{"type":"Feature","properties":{"height":9.78,"gml_id":"bldg_c94f94d8-f344-47dd-8ad1-8d6e9b5f1d92"},"geometry":{"type":"Polygon","coordinates":[[[139.65670336274673,35.79164796061772],[139.65673144984675,35.791642305315946],[139.65676099279423,35.79173968861177],[139.656703283352,35.79175133046805],[139.65667374157502,35.7916539480614],[139.65670336274673,35.79164796061772]]]}},{"type":"Feature","properties":{"height":1.65,"gml_id":"bldg_c0bcca1f-519b-4803-b5bd-c092572e8213"},"geometry":{"type":"Polygon","coordinates":[[[139.65212585359708,35.79576584763783],[139.65218897461816,35.795765356869715],[139.65218924738673,35.795788974537096],[139.6521261252406,35.79578946530365],[139.65212585359708,35.79576584763783]]]}},{"type":"Feature","properties":{"height":11.17,"gml_id":"bldg_71889f4c-7b3c-4c5e-9a6b-7656721b9d21"},"geometry":{"type":"Polygon","coordinates":[[[139.6578288970945,35.795048699825834],[139.65786424282155,35.795048639644506],[139.65786429506076,35.79508627032349],[139.65782894928532,35.7950863449264],[139.6578288970945,35.795048699825834]]]}},{"type":"Feature","properties":{"height":6.41,"gml_id":"bldg_a8bb80b6-5889-4b4a-b206-665fcc7602a9"},"geometry":{"type":"Polygon","coordinates":[[[139.65735460376726,35.79236522048165],[139.65732592847922,35.79237061277309],[139.65725671447458,35.792383606307745],[139.65724329983678,35.79233574731103],[139.65731254900308,35.79232284487213],[139.65731554018294,35.79233350775946],[139.6573442076923,35.79232812537393],[139.65735460376726,35.79236522048165]]]}},{"type":"Feature","properties":{"height":10.9,"gml_id":"bldg_c7c2650d-f1c6-42ba-a8a4-a931a757f684"},"geometry":{"type":"Polygon","coordinates":[[[139.656545435698,35.791895407051854],[139.65658310748015,35.79188794874724],[139.65677010254305,35.7918510083749],[139.65679859255712,35.79194682536187],[139.65657393100926,35.79199121508526],[139.656545435698,35.791895407051854]]]}},{"type":"Feature","properties":{"height":8.73,"gml_id":"bldg_c1810609-920d-45a5-8650-082be0c4ee41"},"geometry":{"type":"Polygon","coordinates":[[[139.6502231306596,35.79529303733649],[139.65026169400778,35.795274543504306],[139.6502664166017,35.795280995370355],[139.65031001476885,35.79534072772082],[139.65032387905615,35.79535976647562],[139.65028305103618,35.79537871747125],[139.6502231306596,35.79529303733649]]]}},{"type":"Feature","properties":{"height":12.02,"gml_id":"bldg_b177cf9b-e080-4533-802d-90278bdab7e0"},"geometry":{"type":"Polygon","coordinates":[[[139.65436283612536,35.7926336435937],[139.6542923768191,35.79264811268834],[139.65427934316037,35.79260429740545],[139.65426727654105,35.7926067879037],[139.65423650567223,35.79250466557027],[139.65462597216273,35.79242794313686],[139.65462889660114,35.7924366329278],[139.65465594032202,35.79251721448109],[139.65465831407957,35.79252430715545],[139.6546625703,35.79253705141074],[139.65464261116225,35.792553919429594],[139.6546121082625,35.79257796728062],[139.65460048185767,35.79258495441898],[139.6545907043338,35.792582945189125],[139.65458243114156,35.79257363993378],[139.65457970660935,35.79256114852912],[139.6543540001337,35.79260496649257],[139.65436283612536,35.7926336435937]]]}},{"type":"Feature","properties":{"height":2.04,"gml_id":"bldg_c74172df-1a83-4ee9-abf8-e3c063dbfb65"},"geometry":{"type":"Polygon","coordinates":[[[139.65314779326025,35.79497812245338],[139.65307528638255,35.794976759993105],[139.65307713464196,35.79491180853848],[139.65314964035636,35.79491317009449],[139.65314779326025,35.79497812245338]]]}},{"type":"Feature","properties":{"height":9.03,"gml_id":"bldg_f6bc9a5b-c1b9-4cb9-bf35-c6ff0ad6ed84"},"geometry":{"type":"Polygon","coordinates":[[[139.66149010510287,35.79556901962906],[139.66142167886642,35.795568690167784],[139.66142228262768,35.7954902507534],[139.66149070768859,35.79549058111395],[139.6614904009013,35.795531324552336],[139.66149010510287,35.79556901962906]]]}},{"type":"Feature","properties":{"height":1.9,"gml_id":"bldg_dd4eced2-5220-40f3-8f09-50adcb95c5b0"},"geometry":{"type":"Polygon","coordinates":[[[139.6619536642268,35.79639707221634],[139.66192990329964,35.796396837344645],[139.66193065707623,35.79634774170724],[139.6619544301626,35.79634797479338],[139.6619536642268,35.79639707221634]]]}},{"type":"Feature","properties":{"height":5.36,"gml_id":"bldg_bd75ddc8-cf57-4278-a4a9-4178acaa31d0"},"geometry":{"type":"Polygon","coordinates":[[[139.66074418943106,35.79670070355501],[139.660809433642,35.796704087128724],[139.660956939437,35.79671175468327],[139.66095732124907,35.79673116587161],[139.66095783486472,35.796757680813315],[139.66088621338616,35.79675792423254],[139.66088572730087,35.79678728781934],[139.66074093904015,35.796776357574295],[139.66074418943106,35.79670070355501]]]}},{"type":"Feature","properties":{"height":1.32,"gml_id":"bldg_cea7bfab-0e83-446b-805f-ddaa9e38da03"},"geometry":{"type":"Polygon","coordinates":[[[139.650799207619,35.796033106701316],[139.65076810422931,35.796031768741194],[139.65077010985223,35.796000907652285],[139.65080121323402,35.796002243809156],[139.650799207619,35.796033106701316]]]}},{"type":"Feature","properties":{"height":8.43,"gml_id":"bldg_c79ee8b0-c82e-4bea-a60b-0a77d61aa0b4"},"geometry":{"type":"Polygon","coordinates":[[[139.650795795948,35.79510229479719],[139.65082802304818,35.79509443073719],[139.65085429138196,35.795165908260834],[139.65083121664125,35.79517154635696],[139.6508300038903,35.79516824376055],[139.65072874208738,35.79520155365987],[139.6506944829464,35.79513238495651],[139.65079441055548,35.79509949940019],[139.650795795948,35.79510229479719]]]}},{"type":"Feature","properties":{"height":8.35,"gml_id":"bldg_c944db63-86f7-408c-b5b0-4fe5fded1e98"},"geometry":{"type":"Polygon","coordinates":[[[139.6517780633757,35.79495907332127],[139.65178549396364,35.79497398931924],[139.65176875446522,35.794979547927014],[139.65177284022246,35.79498780688747],[139.65175345344042,35.794994246624626],[139.6517172463431,35.79492166905327],[139.6517740004334,35.794902852484014],[139.6517896457462,35.79493425492029],[139.65177873666093,35.79493788532418],[139.65178770140886,35.79495586914116],[139.6517780633757,35.79495907332127]]]}},{"type":"Feature","properties":{"height":2.91,"gml_id":"bldg_c9eedd63-b241-48d2-862d-00797ef9ccb0"},"geometry":{"type":"Polygon","coordinates":[[[139.65298484417536,35.79588030312456],[139.65298518362408,35.79586717452307],[139.65297111235736,35.79586694790784],[139.65297230000377,35.79581825137869],[139.6530051930658,35.795818773925355],[139.65300400764806,35.795867472260895],[139.65299888537848,35.79586739607571],[139.65299854152488,35.795880516558434],[139.65298484417536,35.79588030312456]]]}},{"type":"Feature","properties":{"height":4.07,"gml_id":"bldg_cfcb7f75-9b8c-4cfe-bf54-4cdef0f4ffb8"},"geometry":{"type":"Polygon","coordinates":[[[139.65069141786228,35.795623774648085],[139.65062791741423,35.7956228381129],[139.65062979486666,35.79554021301641],[139.6506932940952,35.7955411702798],[139.65069141786228,35.795623774648085]]]}},{"type":"Feature","properties":{"height":8.45,"gml_id":"bldg_c2bbee64-e274-4268-8238-68e72216be33"},"geometry":{"type":"Polygon","coordinates":[[[139.65640373442332,35.79198838960533],[139.65642708668884,35.79198372791082],[139.65644895470223,35.79197937950222],[139.65646685067543,35.79203911871533],[139.6563756331056,35.79205727928672],[139.65635932736848,35.7920028432627],[139.6564053069331,35.79199367655666],[139.65640373442332,35.79198838960533]]]}},{"type":"Feature","properties":{"height":2.93,"gml_id":"bldg_c835b2ce-da2b-4845-b0db-ad73c6e8440c"},"geometry":{"type":"Polygon","coordinates":[[[139.65958797627957,35.79231009396834],[139.6596707590396,35.79229289043779],[139.6596831343933,35.792332473236975],[139.6596003615516,35.79234967679019],[139.65958797627957,35.79231009396834]]]}},{"type":"Feature","properties":{"height":8.23,"gml_id":"bldg_ec77abd4-8a78-4eb6-908c-7de658985db6"},"geometry":{"type":"Polygon","coordinates":[[[139.65577108640716,35.792904261802256],[139.6559208560638,35.7928770402606],[139.65594469727006,35.792964123667105],[139.65579491414397,35.79299136234368],[139.65577108640716,35.792904261802256]]]}},{"type":"Feature","properties":{"height":17.85,"gml_id":"bldg_fa5e44d0-8dbe-4851-add6-4365b12a8757"},"geometry":{"type":"Polygon","coordinates":[[[139.65367014628885,35.794810876508436],[139.65355906823672,35.79480939450691],[139.6535592659221,35.794799726886296],[139.6534240947167,35.79479789416285],[139.65342657278995,35.79467771051063],[139.65351902068554,35.79467882135935],[139.65351854936495,35.79470190882135],[139.653519052735,35.794701915883586],[139.65351901919018,35.79470354638169],[139.65357126244476,35.79470424372824],[139.65361631358485,35.794704843772635],[139.65361559733242,35.7947399260796],[139.65367159540256,35.79474068487863],[139.65367014628885,35.794810876508436]]]}},{"type":"Feature","properties":{"height":2.42,"gml_id":"bldg_cfe4f15d-c940-47ef-9752-fbe0f8126411"},"geometry":{"type":"Polygon","coordinates":[[[139.65283142484552,35.79488262727149],[139.65274899914442,35.79488247736734],[139.6527491259335,35.79483964434556],[139.65283155159034,35.79483979424947],[139.65283142484552,35.79488262727149]]]}},{"type":"Feature","properties":{"height":10.13,"gml_id":"bldg_cd48c819-3048-4d64-803e-b0d64741def9"},"geometry":{"type":"Polygon","coordinates":[[[139.6618733391187,35.797264050451766],[139.66167499765774,35.79725474219865],[139.66168292485068,35.79714312724021],[139.66188125604302,35.79715245168977],[139.66187890109416,35.79718567851779],[139.6618733391187,35.797264050451766]]]}},{"type":"Feature","properties":{"height":8.61,"gml_id":"bldg_d2d176cb-a77d-4537-9c66-7ca1a9e782d8"},"geometry":{"type":"Polygon","coordinates":[[[139.66029066818814,35.79231191488583],[139.6603355772624,35.79230345179784],[139.6603379300977,35.79231175034234],[139.66035185712943,35.79236089506423],[139.66035707324943,35.7923793343526],[139.66030092165113,35.79238990936708],[139.66028180488283,35.792322423633614],[139.66029302641184,35.79232027743508],[139.66029066818814,35.79231191488583]]]}},{"type":"Feature","properties":{"height":7.68,"gml_id":"bldg_cc084bf5-c666-42c8-bdd6-13bd4a7ddc83"},"geometry":{"type":"Polygon","coordinates":[[[139.65577279938967,35.7930234332026],[139.65571991812016,35.79303400910174],[139.655704252304,35.79298196072785],[139.65559462263133,35.793003865666286],[139.6555724853309,35.79293028158044],[139.65573499499115,35.792897801678386],[139.65577279938967,35.7930234332026]]]}},{"type":"Feature","properties":{"height":8.24,"gml_id":"bldg_c85157e7-3401-4ded-8952-8d718bbdb889"},"geometry":{"type":"Polygon","coordinates":[[[139.6620798067916,35.79491261839358],[139.66226192110335,35.79490031096599],[139.6622635202429,35.794918672910256],[139.66224877602372,35.7949196803764],[139.66225756204582,35.79499994939082],[139.66208110088442,35.795012798464256],[139.66208037278201,35.79500615445221],[139.6620540833401,35.79500841275333],[139.6620444018677,35.79493358752516],[139.66207215970567,35.79493118980509],[139.66207072645662,35.79491803250965],[139.66208020825115,35.79491732583324],[139.6620798067916,35.79491261839358]]]}},{"type":"Feature","properties":{"height":3.98,"gml_id":"bldg_e79e9132-abe4-41ad-b97e-972bd0493c6f"},"geometry":{"type":"Polygon","coordinates":[[[139.6543287038822,35.79601267042042],[139.65417252118058,35.79601116509021],[139.65417387465862,35.79591882887975],[139.65433005718157,35.795920333306356],[139.6543287038822,35.79601267042042]]]}},{"type":"Feature","properties":{"height":9.01,"gml_id":"bldg_f0c86ce3-75a1-47f9-ac9d-1e6d5814c57a"},"geometry":{"type":"Polygon","coordinates":[[[139.6586099979596,35.79212890453973],[139.6585928808384,35.7920724603231],[139.65859975516778,35.79207106239814],[139.65859883940558,35.79206791173701],[139.6586560898699,35.79205669103971],[139.6586670932041,35.792094096082934],[139.6586634352625,35.792094826274074],[139.65867009363856,35.79211678661638],[139.6586099979596,35.79212890453973]]]}},{"type":"Feature","properties":{"height":7.69,"gml_id":"bldg_ca318509-4de9-40f3-959e-a56a9873162d"},"geometry":{"type":"Polygon","coordinates":[[[139.6570073109653,35.7922719957519],[139.65694612268194,35.792284253654536],[139.65692153378603,35.792202693736044],[139.65696779573895,35.79219342357389],[139.65698637262958,35.79220254277587],[139.65698838688172,35.79220920403051],[139.65699503470182,35.79223123114925],[139.65700015148317,35.79224821024374],[139.6570073109653,35.7922719957519]]]}},{"type":"Feature","properties":{"height":6.9,"gml_id":"bldg_ca87e803-b9bf-4893-b406-e59489132d41"},"geometry":{"type":"Polygon","coordinates":[[[139.6539473835912,35.792804724274724],[139.65397070759695,35.79280050017281],[139.65398593899877,35.79285629685446],[139.6539400424061,35.79286462810325],[139.6539248121411,35.7928088314176],[139.6539473835912,35.792804724274724]]]}},{"type":"Feature","properties":{"height":6.56,"gml_id":"bldg_e70a74a2-2caf-4457-980f-97f07e8e5d0f"},"geometry":{"type":"Polygon","coordinates":[[[139.65560362737378,35.793011133972215],[139.6557021280695,35.79299145154798],[139.65570764327148,35.79300975447078],[139.65571400835182,35.79303094027638],[139.65561549544475,35.793050620889396],[139.65560362737378,35.793011133972215]]]}},{"type":"Feature","properties":{"height":17.39,"gml_id":"bldg_cee58c36-ae46-4bd7-aa97-e761758c0068"},"geometry":{"type":"Polygon","coordinates":[[[139.657001080008,35.79237876188591],[139.65700190885,35.792381669065975],[139.65702943208586,35.7923764617429],[139.65707360438176,35.792531478228625],[139.65702452107655,35.79254078034801],[139.65701168238343,35.7924956776098],[139.65675566498183,35.79254675479546],[139.65672878938506,35.792457226219994],[139.65696976407986,35.792409119522304],[139.65696318182916,35.792385953187804],[139.657001080008,35.79237876188591]]]}},{"type":"Feature","properties":{"height":5.47,"gml_id":"bldg_c2ad12da-b350-49f6-8505-eb2757e7d549"},"geometry":{"type":"Polygon","coordinates":[[[139.66147455097703,35.79716110001085],[139.6613708760767,35.79715990170263],[139.66137208598897,35.79709131586748],[139.66147576080215,35.797092513273086],[139.66147455097703,35.79716110001085]]]}},{"type":"Feature","properties":{"height":6.84,"gml_id":"bldg_c8f0072c-4c1f-4b13-9004-ee314d92350c"},"geometry":{"type":"Polygon","coordinates":[[[139.65748964378608,35.79273611509921],[139.65754495790753,35.79272581689026],[139.657554089612,35.792758388939674],[139.65756247255112,35.79278835678413],[139.6575071583905,35.79279865409956],[139.65748964378608,35.79273611509921]]]}},{"type":"Feature","properties":{"height":8.67,"gml_id":"bldg_c2600b73-b183-46dd-a287-9bfce69c4ae2"},"geometry":{"type":"Polygon","coordinates":[[[139.6612930374392,35.797399842318285],[139.66125115582102,35.797461222216285],[139.66123998785565,35.797456163161584],[139.66123977472944,35.797456488245004],[139.66114095013657,35.797450530325136],[139.6611203291541,35.79744039391942],[139.6611940058389,35.797332419075396],[139.66129188070707,35.7973770102906],[139.66130195652053,35.79738162431218],[139.66129036818367,35.79739861175737],[139.6612930374392,35.797399842318285]]]}},{"type":"Feature","properties":{"height":2.58,"gml_id":"bldg_cf7974f9-bf27-46ae-9e95-73b25e27bf1c"},"geometry":{"type":"Polygon","coordinates":[[[139.65645742689088,35.794240319553744],[139.65649419980815,35.794239091917255],[139.65649517878197,35.79425912503708],[139.6564584070137,35.79426032924037],[139.65645742689088,35.794240319553744]]]}},{"type":"Feature","properties":{"height":17.73,"gml_id":"bldg_b5c903b2-4e12-4f1e-9bcb-37608c620c9c"},"geometry":{"type":"Polygon","coordinates":[[[139.65007934373082,35.795348462419255],[139.65013023490752,35.795331065435995],[139.65013666479314,35.79533068314414],[139.65013975045406,35.795334518596675],[139.65018251653223,35.795423196683664],[139.650147657811,35.79543514239477],[139.65015458123628,35.79544917799857],[139.65015528929007,35.79545062935458],[139.65019483313876,35.79543784260406],[139.6501970850347,35.795442460061075],[139.65020579284882,35.79543969355038],[139.6502231490253,35.795475984127066],[139.65021475005517,35.79547867449431],[139.6502163532109,35.795482028167086],[139.65011122230084,35.79551609870273],[139.650116064028,35.79552607865241],[139.65004514704495,35.795549064139585],[139.6500292648824,35.795516502880396],[139.64999678850535,35.79552729934864],[139.649977674236,35.79549253565515],[139.6499483764562,35.795502351778424],[139.6499035521022,35.79541348749497],[139.64994699665553,35.795398912182286],[139.64994245759368,35.79538963303873],[139.64996490696504,35.795382245534576],[139.6499663727633,35.79538518618146],[139.64999914106093,35.79537443433253],[139.6499977316606,35.79537150458826],[139.65002039807302,35.795364027269336],[139.65002210834356,35.79536746403255],[139.65005692051992,35.795356029354004],[139.6500552666056,35.7953526215205],[139.65007773812454,35.79534521600191],[139.65007934373082,35.795348462419255]]]}},{"type":"Feature","properties":{"height":7.26,"gml_id":"bldg_cf7eae9d-92bd-44e7-aab1-3273411b7b7a"},"geometry":{"type":"Polygon","coordinates":[[[139.65450977129552,35.79323653249934],[139.65446084248208,35.79324568417516],[139.65444031098573,35.79317279361222],[139.65457533215832,35.79314753207959],[139.65457776444111,35.793156160748396],[139.65458867844606,35.79315412008407],[139.65460934285198,35.7932274957479],[139.654512339669,35.793245647201324],[139.65450977129552,35.79323653249934]]]}},{"type":"Feature","properties":{"height":4.44,"gml_id":"bldg_cc5b00d1-4254-452d-84d9-3b6b86b66a4e"},"geometry":{"type":"Polygon","coordinates":[[[139.65671280932816,35.792182972168405],[139.6566832985115,35.79207752269964],[139.6567076705289,35.79207298413162],[139.65674308577883,35.79206640669064],[139.65675311745596,35.792102551289474],[139.65679110926357,35.79209549178841],[139.65680011758622,35.79212765540356],[139.65680855557082,35.792126073296465],[139.6568189545202,35.79216324507067],[139.65681050548673,35.79216481905005],[139.65671280932816,35.792182972168405]]]}},{"type":"Feature","properties":{"height":8.14,"gml_id":"bldg_c47a3d3f-6857-4575-97af-3c8739456773"},"geometry":{"type":"Polygon","coordinates":[[[139.65748684437685,35.792804101018554],[139.65743647864505,35.792813441990965],[139.6574283143475,35.792784182020455],[139.65741540943134,35.792786572459356],[139.65740547581103,35.79275093913042],[139.65745496494628,35.792741760935066],[139.657462264341,35.7927679036591],[139.6574760413864,35.792765351345615],[139.65748109389185,35.79278344620022],[139.65748684437685,35.792804101018554]]]}},{"type":"Feature","properties":{"height":3.91,"gml_id":"bldg_cf8e7ddf-55cc-451f-ac29-fbd18751610e"},"geometry":{"type":"Polygon","coordinates":[[[139.66133621022175,35.79492261030692],[139.66129843063524,35.794922136228166],[139.66129945305357,35.79486919939901],[139.6613372315087,35.79486967347581],[139.66133621022175,35.79492261030692]]]}},{"type":"Feature","properties":{"height":6.24,"gml_id":"bldg_c3da4cf7-eea7-4668-a677-b8963ae28926"},"geometry":{"type":"Polygon","coordinates":[[[139.6570577936642,35.79187142700646],[139.65713157279845,35.79185750917582],[139.65714557589192,35.79190684997525],[139.65707179671242,35.79192076871559],[139.6570577936642,35.79187142700646]]]}},{"type":"Feature","properties":{"height":7.96,"gml_id":"bldg_a87c9f9c-93dd-40a1-950f-8f6a0c07abbb"},"geometry":{"type":"Polygon","coordinates":[[[139.66013836810984,35.79416309324081],[139.6601957232843,35.794163867180146],[139.66019487472173,35.794205177695986],[139.66019139096267,35.7942051348227],[139.66019133032896,35.79420809568182],[139.6601932685963,35.794208111091784],[139.66019204357175,35.79425670219919],[139.66018906422215,35.794256695204936],[139.66018810995837,35.79430337943771],[139.66018930587012,35.794303397384155],[139.66018798952132,35.79435277524087],[139.66011304189695,35.79435169112721],[139.6601143593965,35.79430231417437],[139.66013357590168,35.794302578912294],[139.66013398187445,35.794282720875835],[139.66011319441162,35.79428243945318],[139.6601139502945,35.794245620249725],[139.66011964114284,35.794245687937234],[139.66012060013625,35.79420754764179],[139.66012521129326,35.794207571410055],[139.66012534448956,35.79420125311349],[139.66013758243636,35.794201410451656],[139.66013836810984,35.79416309324081]]]}},{"type":"Feature","properties":{"height":5.56,"gml_id":"bldg_c839655e-50c0-49dd-958f-fbcedb195044"},"geometry":{"type":"Polygon","coordinates":[[[139.65167466070722,35.79502235979758],[139.6516427666804,35.79495637761307],[139.65166346386795,35.79494972174613],[139.65169234400352,35.794940452595355],[139.65169452871314,35.79494496987309],[139.65170642509943,35.79494114807863],[139.6517227036189,35.7949748075672],[139.65173613887424,35.795002617483064],[139.65167466070722,35.79502235979758]]]}},{"type":"Feature","properties":{"height":7.74,"gml_id":"bldg_ae5a09ec-f9fe-4668-83f5-438c2b3310fe"},"geometry":{"type":"Polygon","coordinates":[[[139.65071118926605,35.795414544714845],[139.65077174367391,35.79541581564164],[139.65077245822914,35.79539363262087],[139.65086529995378,35.7953955861701],[139.6508636770895,35.795446811216735],[139.65086201226168,35.795498485073125],[139.65070860933713,35.79549524886515],[139.65071118926605,35.795414544714845]]]}},{"type":"Feature","properties":{"height":6.07,"gml_id":"bldg_c6dce792-a207-4daa-b47b-ae047bdf42d6"},"geometry":{"type":"Polygon","coordinates":[[[139.6601426620419,35.79719026395597],[139.6601100776716,35.79725469350779],[139.6601041628571,35.797252708318865],[139.66008883012123,35.7972830284766],[139.66006220681993,35.79727409195516],[139.66005157978972,35.79729510430646],[139.66001742423913,35.797283631328185],[139.66002805461747,35.797262609069826],[139.6600454374371,35.79722823758817],[139.65997147802977,35.797203400547765],[139.65998721080638,35.79717229049469],[139.66000589144306,35.79713535383565],[139.6600784788082,35.797159719273075],[139.66008170668536,35.79715333873882],[139.66010081870576,35.7971597496591],[139.66012051332447,35.797166375036326],[139.66011340421164,35.79718043221267],[139.6601426620419,35.79719026395597]]]}},{"type":"Feature","properties":{"height":7.91,"gml_id":"bldg_ca689c4e-b1d5-4274-a938-c96fa3a90853"},"geometry":{"type":"Polygon","coordinates":[[[139.65602065586887,35.79195871880371],[139.65607654634553,35.79194777765036],[139.65612169447297,35.79210082737578],[139.65600576943777,35.792123542746616],[139.65596062152014,35.791970492978834],[139.65602065586887,35.79195871880371]]]}},{"type":"Feature","properties":{"height":3.76,"gml_id":"bldg_ca4ff0d5-2105-4042-be80-e58f46558106"},"geometry":{"type":"Polygon","coordinates":[[[139.65420885592425,35.79238374834198],[139.65429546679778,35.79236746097859],[139.65431626988556,35.79244094507066],[139.65422965893842,35.79245723154728],[139.65420885592425,35.79238374834198]]]}},{"type":"Feature","properties":{"height":6.79,"gml_id":"bldg_cf1aedcc-10d6-49f3-a524-65ba252c9ca2"},"geometry":{"type":"Polygon","coordinates":[[[139.65807164094446,35.79183932637879],[139.6580053384551,35.791851702655805],[139.65799213074084,35.791804666074356],[139.6580278214298,35.791798000323354],[139.65803084676548,35.79180876149126],[139.65806145742437,35.79180305187133],[139.65806633245063,35.791820386604314],[139.65807164094446,35.79183932637879]]]}},{"type":"Feature","properties":{"height":10.55,"gml_id":"bldg_de65b78d-2473-42ca-aa71-ac178c8009ed"},"geometry":{"type":"Polygon","coordinates":[[[139.6600400252884,35.796368086489316],[139.65977785293512,35.79636458335275],[139.65978091923512,35.796213737300874],[139.65983816862285,35.79621448331783],[139.66004309221506,35.79621723322024],[139.6600400252884,35.796368086489316]]]}},{"type":"Feature","properties":{"height":9.71,"gml_id":"bldg_ce6352c3-a01f-4523-81d2-b9ca0872c9da"},"geometry":{"type":"Polygon","coordinates":[[[139.6587994692788,35.79260718566153],[139.65882085503964,35.79260281088417],[139.65882438224392,35.79261432268558],[139.65883909070502,35.7926623888913],[139.6588178299699,35.79266675123435],[139.65881994451894,35.79267366047586],[139.6587885454013,35.792680096535655],[139.65876807129396,35.79261362081637],[139.6587994692788,35.79260718566153]]]}},{"type":"Feature","properties":{"height":11.3,"gml_id":"bldg_ce6eac9b-47c0-4c76-aa83-be5900c3fda9"},"geometry":{"type":"Polygon","coordinates":[[[139.65050552754226,35.796136862332744],[139.650507651001,35.796032877353014],[139.6507420751496,35.7960359989264],[139.65073969741601,35.796152123849645],[139.65067387190524,35.7961512631264],[139.65067411430073,35.79613913398574],[139.65050552754226,35.796136862332744]]]}},{"type":"Feature","properties":{"height":6.91,"gml_id":"bldg_d0917229-f40d-4676-b018-c5787925c669"},"geometry":{"type":"Polygon","coordinates":[[[139.6561482911249,35.79221299047664],[139.65614541840966,35.79220335617956],[139.65618808284586,35.7921945361999],[139.65620033162347,35.792234038047475],[139.65617598048416,35.79223910383515],[139.65619010652395,35.792284652927776],[139.6561335128118,35.7922963213905],[139.65611002471326,35.792220605504866],[139.65612366489913,35.792217884591174],[139.6561482911249,35.79221299047664]]]}},{"type":"Feature","properties":{"height":7.99,"gml_id":"bldg_cf4e21eb-2110-4a8c-aa58-b4804f36f020"},"geometry":{"type":"Polygon","coordinates":[[[139.65068726326106,35.795936651458504],[139.6505881567144,35.79593517588163],[139.65059052051558,35.79583102631445],[139.65068962582865,35.795832500986],[139.65068726326106,35.795936651458504]]]}},{"type":"Feature","properties":{"height":8.35,"gml_id":"bldg_c558e168-6897-4080-8155-d486472592cb"},"geometry":{"type":"Polygon","coordinates":[[[139.6555350287093,35.792414275109216],[139.65548447581557,35.79242420897999],[139.65546379329203,35.79235422612468],[139.65555799477687,35.79233572543985],[139.65556340155734,35.79235399486076],[139.65556712038565,35.79235326485406],[139.65558719541266,35.79234932587055],[139.65560021699946,35.792393401487885],[139.65553278550564,35.79240664814219],[139.6555350287093,35.792414275109216]]]}},{"type":"Feature","properties":{"height":2.28,"gml_id":"bldg_a42fd90c-a604-43a9-91c7-528841537aa1"},"geometry":{"type":"Polygon","coordinates":[[[139.652206507982,35.79576349044157],[139.65213742897916,35.79576067959728],[139.65213847992334,35.79574366633668],[139.6522075555965,35.79574647537262],[139.652206507982,35.79576349044157]]]}},{"type":"Feature","properties":{"height":12.42,"gml_id":"bldg_ec98bbf5-ed05-4214-b02a-16b664226a23"},"geometry":{"type":"Polygon","coordinates":[[[139.65702956898028,35.794808163431505],[139.65704801525294,35.793811820805914],[139.65708271995575,35.79381222140677],[139.65860810149317,35.79383060532242],[139.65858983422223,35.79482684842062],[139.65702956898028,35.794808163431505]]]}},{"type":"Feature","properties":{"height":8.94,"gml_id":"bldg_c86a9fcf-f3aa-482c-90d5-e6d468e97a0d"},"geometry":{"type":"Polygon","coordinates":[[[139.65623582474203,35.7923818880116],[139.65622642739334,35.79235063324876],[139.65625849031895,35.7923442213692],[139.65626064720388,35.79235139211072],[139.6562899829542,35.79234553234189],[139.65629723116626,35.79236962358124],[139.6563012732042,35.79236881560991],[139.6563052399772,35.79236802375198],[139.65634503381924,35.79250030191573],[139.6562702250031,35.792515253400474],[139.65623043238614,35.79238297431292],[139.65623582474203,35.7923818880116]]]}},{"type":"Feature","properties":{"height":10.23,"gml_id":"bldg_c5ee5c4f-943d-4069-9d52-241fde877c33"},"geometry":{"type":"Polygon","coordinates":[[[139.66109876866207,35.796203622650815],[139.6610999798937,35.796136063451065],[139.66106430614155,35.79613563918491],[139.6610656361226,35.79606177158323],[139.66118978446903,35.79606322931153],[139.66118958055108,35.796074674403684],[139.66135012172822,35.79607658156121],[139.66134901323318,35.79613866428883],[139.66134779263302,35.79620656148542],[139.66134743475124,35.796226314130486],[139.6611657998608,35.796224164047466],[139.6611661544432,35.79620442311587],[139.66109876866207,35.796203622650815]]]}},{"type":"Feature","properties":{"height":9.59,"gml_id":"bldg_ca7c09c0-e9c7-43f3-bd47-5e2cfafed2cb"},"geometry":{"type":"Polygon","coordinates":[[[139.6603998866831,35.797362995439215],[139.6603832784573,35.79735601400622],[139.66037824712845,35.79736395760451],[139.6603531143204,35.797353370209976],[139.66035815233033,35.79734540769393],[139.66039417984945,35.7972885156359],[139.6604375568134,35.797306770929445],[139.66042879195814,35.79732061392528],[139.66043547725118,35.797323424042894],[139.66044976524023,35.79732945661315],[139.66042697883015,35.79736544462057],[139.66040435736977,35.797355937063756],[139.6603998866831,35.797362995439215]]]}},{"type":"Feature","properties":{"height":6.72,"gml_id":"bldg_cdbae993-d0a0-4ce2-a3db-d2f1446b2670"},"geometry":{"type":"Polygon","coordinates":[[[139.6511704449047,35.79615524692252],[139.65110348905287,35.7961532553265],[139.65110454304977,35.79613015884873],[139.65117149888428,35.79613214954277],[139.6511704449047,35.79615524692252]]]}},{"type":"Feature","properties":{"height":8.6,"gml_id":"bldg_cf3edf33-518d-40e5-bdcf-47f19b807a25"},"geometry":{"type":"Polygon","coordinates":[[[139.65877020555857,35.79184160985098],[139.65879248296864,35.791837156151765],[139.6587961347634,35.79185086743977],[139.65882312812803,35.7918455011992],[139.65883640327442,35.79188975260409],[139.65884178595783,35.791907735214416],[139.658786046937,35.79191840476336],[139.65876477752036,35.79184488019481],[139.65877080610164,35.79184371538413],[139.65877020555857,35.79184160985098]]]}},{"type":"Feature","properties":{"height":8.89,"gml_id":"bldg_c4b6788e-17df-43de-a991-8965d58d057e"},"geometry":{"type":"Polygon","coordinates":[[[139.6614906970395,35.795475487936315],[139.66142550197344,35.795474908913526],[139.66142639432678,35.79541092581628],[139.66149158823814,35.79541150303415],[139.6614906970395,35.795475487936315]]]}},{"type":"Feature","properties":{"height":8.26,"gml_id":"bldg_c27cf42a-a62c-4da8-872d-1f3a68830b67"},"geometry":{"type":"Polygon","coordinates":[[[139.655250493924,35.793129969638144],[139.65526947604604,35.793126062439946],[139.65529682785905,35.79321423730029],[139.6552595298471,35.793221931907446],[139.6552321891399,35.79313375525252],[139.655250493924,35.793129969638144]]]}},{"type":"Feature","properties":{"height":5.4,"gml_id":"bldg_a590ce07-275f-43a1-91f2-619731cb3b8e"},"geometry":{"type":"Polygon","coordinates":[[[139.6602483886713,35.7936080836427],[139.6602103832413,35.793606950008204],[139.66021198406756,35.793571770677396],[139.66024998948282,35.793572903410016],[139.6602483886713,35.7936080836427]]]}},{"type":"Feature","properties":{"height":3.9,"gml_id":"bldg_a04bb56a-c926-424e-8e80-06d4d6e2b1e3"},"geometry":{"type":"Polygon","coordinates":[[[139.65082015853784,35.79581503177344],[139.65082281999244,35.79572040454602],[139.6508543696517,35.79572151152141],[139.6508905611694,35.79572280039444],[139.65088840571232,35.795798901076786],[139.65086829708358,35.79581705626454],[139.65082015853784,35.79581503177344]]]}},{"type":"Feature","properties":{"height":1.99,"gml_id":"bldg_c41cf2ed-267d-4778-b8ba-033b8fdd688e"},"geometry":{"type":"Polygon","coordinates":[[[139.66204933610112,35.793396371157854],[139.66208483410136,35.793395640245926],[139.66208607520016,35.79343595145249],[139.66205057497132,35.793436681460214],[139.66204933610112,35.793396371157854]]]}},{"type":"Feature","properties":{"height":11.66,"gml_id":"bldg_c1882074-e53c-4cd3-888c-41bff42bf341"},"geometry":{"type":"Polygon","coordinates":[[[139.65868421131196,35.79202017567998],[139.65866722248452,35.792023896128384],[139.65867101807777,35.79203710557452],[139.65856522194088,35.792058878184996],[139.6585534993857,35.79201498504313],[139.65857367977634,35.792010819473845],[139.6585433752696,35.79191105774607],[139.65853980257967,35.791911761016785],[139.65853313994668,35.79188924272235],[139.65856253271053,35.79188346450424],[139.6585665970844,35.79189719172174],[139.65861340332856,35.791887758571534],[139.6586160987575,35.79189663992246],[139.65864493956306,35.791890820321285],[139.65865324123382,35.791918133489204],[139.6586634287995,35.79195167775125],[139.65868180153757,35.79201219609951],[139.65868421131196,35.79202017567998]]]}},{"type":"Feature","properties":{"height":8.1,"gml_id":"bldg_cda23b29-cdba-4403-8221-3300b5299cc8"},"geometry":{"type":"Polygon","coordinates":[[[139.66148575092367,35.796966333603784],[139.66148841947088,35.796966346431304],[139.66148910058024,35.79692800564382],[139.66154801243675,35.79692867480558],[139.66154797963154,35.79693055137601],[139.6615862780121,35.79693099817657],[139.6615856363551,35.796967479529414],[139.6615963867247,35.79696760485003],[139.66159487321062,35.797053458379125],[139.66148423508173,35.79705218532532],[139.66148575092367,35.796966333603784]]]}},{"type":"Feature","properties":{"height":7.35,"gml_id":"bldg_c2c0e63d-95e8-482e-ba20-30c37f0c7cd4"},"geometry":{"type":"Polygon","coordinates":[[[139.65761230388335,35.792544854090146],[139.65766143006599,35.792535141677426],[139.65766510296217,35.79254673124203],[139.6576867787639,35.79261518737549],[139.65769011207072,35.79262575250526],[139.65763934999433,35.79263578702654],[139.65761230388335,35.792544854090146]]]}},{"type":"Feature","properties":{"height":3.27,"gml_id":"bldg_b4c4dda0-7de6-4d99-9362-534699ff8c2a"},"geometry":{"type":"Polygon","coordinates":[[[139.65476848327995,35.7954401565163],[139.65477679631633,35.79544020131033],[139.65477711995572,35.79542016020054],[139.65532769443888,35.79542599979453],[139.6553274127949,35.79544364336837],[139.65535175665036,35.79544379477878],[139.6553293351858,35.796199295702664],[139.654764170867,35.796192653870705],[139.65476848327995,35.7954401565163]]]}},{"type":"Feature","properties":{"height":9.95,"gml_id":"bldg_d5daf592-8dfe-483d-878c-07a1cadd0eed"},"geometry":{"type":"Polygon","coordinates":[[[139.65574905606465,35.79245337213828],[139.65574303641156,35.79243308098566],[139.65580330480563,35.79242120180776],[139.65580762357058,35.79243574972419],[139.6558115659809,35.79243497226827],[139.65581327349756,35.792440726327484],[139.65582239903281,35.792438928979905],[139.65582976834062,35.79246372708701],[139.65583683210164,35.792487624290125],[139.65575015548876,35.7925047004498],[139.6557357246744,35.79245600873813],[139.65574905606465,35.79245337213828]]]}},{"type":"Feature","properties":{"height":5.76,"gml_id":"bldg_fef0c084-7322-47fd-8e8a-3cb28f62a847"},"geometry":{"type":"Polygon","coordinates":[[[139.6583234532508,35.79534941902418],[139.65822770449316,35.795348704558215],[139.65822913806295,35.79522225758512],[139.6583249076895,35.79522297208011],[139.6583234532508,35.79534941902418]]]}},{"type":"Feature","properties":{"height":15.68,"gml_id":"bldg_f60e979d-252f-461b-b6f8-0af79e85319b"},"geometry":{"type":"Polygon","coordinates":[[[139.65782453042883,35.79651061096291],[139.6570022198383,35.79650079089565],[139.65702019865526,35.79550307781357],[139.65704865004804,35.79550339985118],[139.65711830757363,35.79550423205392],[139.65857896861255,35.795521671533386],[139.65856781394893,35.79614175844084],[139.6585610125999,35.796519383102385],[139.65803204420595,35.796513087753624],[139.65803107961102,35.79655733828136],[139.65782358623602,35.796554587507245],[139.65782453042883,35.79651061096291]]]}},{"type":"Feature","properties":{"height":9.32,"gml_id":"bldg_a13b2f28-9fbc-457e-b5a5-ce161a29b062"},"geometry":{"type":"Polygon","coordinates":[[[139.6515073675828,35.79520938831546],[139.65150666996612,35.79516109816018],[139.6515482242991,35.79516067335986],[139.65154833677911,35.795168120510695],[139.6515493460209,35.7952360110637],[139.6515460396705,35.7952518067877],[139.65150443441667,35.795252223398],[139.65150776617605,35.79523644754337],[139.65150273327933,35.7952364958164],[139.6515023479352,35.795209449227464],[139.6515073675828,35.79520938831546]]]}},{"type":"Feature","properties":{"height":4.8,"gml_id":"bldg_f56d70a4-40ea-4f82-9986-c0effc3c98bd"},"geometry":{"type":"Polygon","coordinates":[[[139.6607047880784,35.7971657019545],[139.66071314476318,35.79715179075062],[139.66081894488593,35.797193981708396],[139.66085137996018,35.79713999572753],[139.66087687101646,35.797150171613744],[139.66083143126835,35.797225804769205],[139.66082202631281,35.79722205426561],[139.6607986085354,35.797261031226746],[139.66067672332733,35.79721241754754],[139.660691034973,35.797188591899946],[139.6607047880784,35.7971657019545]]]}},{"type":"Feature","properties":{"height":6.46,"gml_id":"bldg_cf485381-8b53-4411-859b-36512978d2e3"},"geometry":{"type":"Polygon","coordinates":[[[139.6572426306541,35.792388339423226],[139.65724783827977,35.79240729530871],[139.65720361763005,35.79241544908684],[139.65719835912427,35.792396493124954],[139.65718432113374,35.792345867855275],[139.65723852140488,35.79233587371349],[139.6572525594241,35.79238650077974],[139.6572426306541,35.792388339423226]]]}},{"type":"Feature","properties":{"height":8.9,"gml_id":"bldg_cd0d02a8-9bbf-4b9b-abf8-8cdeba04f5fb"},"geometry":{"type":"Polygon","coordinates":[[[139.65872618010548,35.7916869105552],[139.65872192300617,35.79167378606849],[139.65876157274693,35.79166522489303],[139.65876393323194,35.79167247160007],[139.65876575964856,35.791678075264855],[139.65878054646856,35.791723604287455],[139.6587744578016,35.79172493125513],[139.6587848368944,35.79175690743024],[139.65874644223283,35.79176520543744],[139.6587213510065,35.79168796533764],[139.65872618010548,35.7916869105552]]]}},{"type":"Feature","properties":{"height":9.79,"gml_id":"bldg_e09b402a-5b4e-4547-9a7c-c6d9013b0654"},"geometry":{"type":"Polygon","coordinates":[[[139.6556280384807,35.79229999385516],[139.65567277349567,35.79229141687879],[139.65567533881767,35.79230045764201],[139.65569511000055,35.79237040125859],[139.6556076771199,35.792386822717276],[139.65559025303264,35.79232508217136],[139.6556328593528,35.79231707983102],[139.6556280384807,35.79229999385516]]]}},{"type":"Feature","properties":{"height":2.11,"gml_id":"bldg_c46c5a78-189d-4256-b4d9-2100ea324291"},"geometry":{"type":"Polygon","coordinates":[[[139.66213751230973,35.79427117571489],[139.6621638406779,35.794268191860695],[139.66216677207228,35.79428540107074],[139.6621404437024,35.79428838312284],[139.66213751230973,35.79427117571489]]]}},{"type":"Feature","properties":{"height":7.1,"gml_id":"bldg_aa47c881-83e9-45a3-84fa-2f6ebfb2ae2a"},"geometry":{"type":"Polygon","coordinates":[[[139.658911884378,35.792006100714275],[139.65893928618817,35.7920006548198],[139.6589418993994,35.792009208852626],[139.65894653134112,35.79200826914877],[139.65895004093332,35.792019736755755],[139.65895468079265,35.792034922283726],[139.6589566920535,35.792041506886385],[139.65895847371607,35.79204735024317],[139.6589616328093,35.792057714985674],[139.65888091821967,35.79207423329638],[139.65887277661372,35.79204754321252],[139.6588756886216,35.792046940826346],[139.6588703439828,35.7920287536658],[139.6588818383458,35.79202629342221],[139.6588804411922,35.79202168727965],[139.6588836376468,35.79202102671797],[139.65888019517817,35.792009728660986],[139.6589110759148,35.79200345677198],[139.658911884378,35.792006100714275]]]}},{"type":"Feature","properties":{"height":7.56,"gml_id":"bldg_a8b6cb55-5c44-440d-b49d-1669c32bf6e1"},"geometry":{"type":"Polygon","coordinates":[[[139.65539185639335,35.7929488031275],[139.6554900096604,35.79292962602205],[139.65552694988767,35.79305515178721],[139.65542880751997,35.79307433705052],[139.65539185639335,35.7929488031275]]]}},{"type":"Feature","properties":{"height":7.7,"gml_id":"bldg_cd5f49e4-3f98-4387-b1ac-11f18d40d544"},"geometry":{"type":"Polygon","coordinates":[[[139.65121139575825,35.79498832424942],[139.651237786487,35.79498010962613],[139.65127154503244,35.795052112175114],[139.6512143172407,35.79506994170842],[139.65118056758814,35.79499794005848],[139.65121139575825,35.79498832424942]]]}},{"type":"Feature","properties":{"height":2.04,"gml_id":"bldg_ca74509d-8782-44b4-a75a-4baff7dcce8a"},"geometry":{"type":"Polygon","coordinates":[[[139.66181801713728,35.79538341243618],[139.66187505104972,35.79537964860554],[139.6618772656107,35.7954019584575],[139.6618202316805,35.79540572319049],[139.66181801713728,35.79538341243618]]]}},{"type":"Feature","properties":{"height":8.45,"gml_id":"bldg_d52e7f78-04b0-420e-88cf-0cffc8814061"},"geometry":{"type":"Polygon","coordinates":[[[139.6537447319676,35.79222890652779],[139.65383302420904,35.79221071654631],[139.65383583818783,35.79221978025365],[139.65384420632373,35.79224682975247],[139.6537559073502,35.79226504496984],[139.6537447319676,35.79222890652779]]]}},{"type":"Feature","properties":{"height":11.86,"gml_id":"bldg_c3a9f4fa-8bba-4740-b6f2-d3e7dd15c8d3"},"geometry":{"type":"Polygon","coordinates":[[[139.65817535784493,35.79175821865172],[139.6581874492261,35.79174785897715],[139.6583638334207,35.791718153862696],[139.65837678556895,35.791724911230745],[139.65840876436076,35.7918298942779],[139.65841253286672,35.791842315008495],[139.65821825140904,35.79187771862878],[139.658209859317,35.79184781931487],[139.65820247534006,35.791849059639745],[139.65817535784493,35.79175821865172]]]}},{"type":"Feature","properties":{"height":11.86,"gml_id":"bldg_c6e9d167-2103-4574-9771-d398f5f0c650"},"geometry":{"type":"Polygon","coordinates":[[[139.6579505834144,35.79264856649859],[139.65803213745536,35.79263250972926],[139.65806045274365,35.79272810171542],[139.65807179295,35.79272587117023],[139.6581007363269,35.79282365164651],[139.65801992476113,35.792839563524836],[139.65799169622372,35.792744270906866],[139.65797961556888,35.792746646383975],[139.6579505834144,35.79264856649859]]]}},{"type":"Feature","properties":{"height":3.81,"gml_id":"bldg_af9ac146-0265-4791-9d84-2bbf0981db0e"},"geometry":{"type":"Polygon","coordinates":[[[139.65204339106825,35.79618574849909],[139.65196664859073,35.7961816722192],[139.65197348166274,35.796096398294736],[139.65205021190513,35.79610046734094],[139.65204339106825,35.79618574849909]]]}},{"type":"Feature","properties":{"height":6.31,"gml_id":"bldg_cb0f3d87-3f11-476d-bda9-f307ec735b08"},"geometry":{"type":"Polygon","coordinates":[[[139.6580241310912,35.79528837598201],[139.65794491046128,35.79528652985299],[139.6579467893518,35.79523352941042],[139.6580260099331,35.79523537373538],[139.6580241310912,35.79528837598201]]]}},{"type":"Feature","properties":{"height":8.51,"gml_id":"bldg_c4e50eb9-c251-463a-8ab6-fdd6ed0aa7fa"},"geometry":{"type":"Polygon","coordinates":[[[139.65894622398284,35.792389975829444],[139.65898586331144,35.79238228166875],[139.65898843974026,35.792391475607914],[139.65899303614628,35.792390607057804],[139.65901908100787,35.79248225391143],[139.65897444167803,35.79249069706851],[139.65894622398284,35.792389975829444]]]}},{"type":"Feature","properties":{"height":7.23,"gml_id":"bldg_c1f46a74-c9cd-4cd4-ad1d-0a8f54878454"},"geometry":{"type":"Polygon","coordinates":[[[139.65056220168077,35.79525200985511],[139.6505641764986,35.79525491611575],[139.65057456368874,35.79525023044585],[139.65058760118637,35.795269440973705],[139.65057722506418,35.79527412395751],[139.65060010025462,35.795307823366684],[139.6505385190885,35.795335599604776],[139.6505006172092,35.79527979327989],[139.65048318577738,35.79525409983766],[139.65049212992832,35.795250055546624],[139.65048406199475,35.79523816975146],[139.65052590757665,35.795219288736874],[139.65053399321405,35.79523117545754],[139.65055145013008,35.79525685721366],[139.65056220168077,35.79525200985511]]]}},{"type":"Feature","properties":{"height":2.21,"gml_id":"bldg_ca41ad01-87d2-4ec1-8fef-288e24f8ebf1"},"geometry":{"type":"Polygon","coordinates":[[[139.6617943735427,35.79534725967355],[139.66176661544185,35.7953461059963],[139.66176964186656,35.79529798615456],[139.66179739995266,35.7952991389297],[139.6617943735427,35.79534725967355]]]}},{"type":"Feature","properties":{"height":8.55,"gml_id":"bldg_deef7111-1a5a-41cd-bcd3-c752885cf6cd"},"geometry":{"type":"Polygon","coordinates":[[[139.66073298853573,35.79701632603258],[139.66073557416374,35.79692218701313],[139.6609349935509,35.79692579189392],[139.66093240815798,35.797019930918246],[139.6608329400574,35.79701814238384],[139.66083308377114,35.79706016637752],[139.6608200992608,35.79706020633618],[139.66075653103366,35.79702914191467],[139.66075648701758,35.79701675275254],[139.66073298853573,35.79701632603258]]]}},{"type":"Feature","properties":{"height":2.31,"gml_id":"bldg_f9a243ac-eef9-4a8c-82aa-115178c70922"},"geometry":{"type":"Polygon","coordinates":[[[139.65560221565124,35.795938836040015],[139.65545122556728,35.79593667574905],[139.65545234948226,35.79588511910578],[139.6556033383624,35.79588727939344],[139.65560221565124,35.795938836040015]]]}},{"type":"Feature","properties":{"height":9.5,"gml_id":"bldg_c1657189-b9b5-4975-aa41-c37b0298eb46"},"geometry":{"type":"Polygon","coordinates":[[[139.65712493957687,35.79232398070712],[139.657104434535,35.792252642754875],[139.6570806266947,35.792257184934165],[139.6570591973991,35.79218258632333],[139.65720521077833,35.79215471770828],[139.6572193306796,35.79220380989426],[139.65722664797508,35.79222930368623],[139.6572471431397,35.79230065241981],[139.65712493957687,35.79232398070712]]]}},{"type":"Feature","properties":{"height":10.43,"gml_id":"bldg_c95bf0b0-c582-4806-9b4e-09292c05a100"},"geometry":{"type":"Polygon","coordinates":[[[139.66065615900473,35.79642144700214],[139.660721586401,35.79642238371242],[139.66072121430102,35.796439430471885],[139.66075535571727,35.79643992474888],[139.6607518741548,35.79659946467938],[139.6607513838077,35.7966215678602],[139.66060096758943,35.796619408548686],[139.66060493650463,35.796437773550615],[139.6606477870043,35.796438376813796],[139.66065578248876,35.79643848293882],[139.66065615900473,35.79642144700214]]]}},{"type":"Feature","properties":{"height":1.0,"gml_id":"bldg_bb817989-20c8-4be3-8908-8a779b54f9c1"},"geometry":{"type":"Polygon","coordinates":[[[139.66209700412497,35.793339222920714],[139.66212817949392,35.79333858408755],[139.66212953027008,35.793382444981155],[139.66209835377575,35.7933830847144],[139.66209700412497,35.793339222920714]]]}},{"type":"Feature","properties":{"height":8.94,"gml_id":"bldg_b0703b3d-c524-49a8-9c9e-3357811c69d0"},"geometry":{"type":"Polygon","coordinates":[[[139.660359861526,35.79260122733679],[139.66034990426454,35.792567738534956],[139.66035879280315,35.79256601441308],[139.66038717936507,35.79256055067747],[139.66044195251484,35.79255001780748],[139.6604432515678,35.792554503009164],[139.66045658639138,35.79255226068514],[139.66046113979468,35.79257022219949],[139.66045695858628,35.79257094087656],[139.66046007454753,35.792581398356525],[139.660359861526,35.79260122733679]]]}},{"type":"Feature","properties":{"height":13.9,"gml_id":"bldg_c229dcbb-14a3-4fac-b312-dc74bcaab5d3"},"geometry":{"type":"Polygon","coordinates":[[[139.65627373160527,35.79256032174466],[139.65644388767754,35.7925280630571],[139.65647173290773,35.79262571882496],[139.6563015755319,35.79265797754918],[139.65627373160527,35.79256032174466]]]}},{"type":"Feature","properties":{"height":9.93,"gml_id":"bldg_c77bc6d6-74fc-4e10-9ccb-f74ecce7ba53"},"geometry":{"type":"Polygon","coordinates":[[[139.65884356756646,35.79193535888807],[139.65889989908177,35.791923900586035],[139.6589099846328,35.79195962505431],[139.65891988658467,35.791994825568636],[139.6588635395319,35.79200628475866],[139.65884356756646,35.79193535888807]]]}},{"type":"Feature","properties":{"height":8.0,"gml_id":"bldg_d9958f27-a9eb-4e65-a068-a5f4bc79a53a"},"geometry":{"type":"Polygon","coordinates":[[[139.65902048751744,35.792554516582584],[139.65908034692194,35.79254229896397],[139.65913094092443,35.79270902086905],[139.65901086872225,35.79273355926914],[139.658960270544,35.792566830999014],[139.65902048751744,35.792554516582584]]]}},{"type":"Feature","properties":{"height":14.8,"gml_id":"bldg_c311a964-b537-40b5-b670-d157a0c16476"},"geometry":{"type":"Polygon","coordinates":[[[139.6536460962723,35.79196181513827],[139.65364631497334,35.7919624608344],[139.65376303110267,35.7919408828228],[139.65379896908797,35.79206988686392],[139.6538048643791,35.792091132462346],[139.65360240860053,35.79213068968248],[139.65357921237808,35.7920517243597],[139.65359006452533,35.79204958544543],[139.65362129269784,35.79199778264723],[139.65362058507546,35.791995142425755],[139.6536460962723,35.79196181513827]]]}},{"type":"Feature","properties":{"height":7.01,"gml_id":"bldg_ce8825e6-9011-445f-968f-2fc6cbe2e549"},"geometry":{"type":"Polygon","coordinates":[[[139.65639617115914,35.791881842959214],[139.65641860598146,35.79187731061254],[139.6564483965198,35.79197515944381],[139.65637928894915,35.79198913871219],[139.65636419166518,35.79193953121642],[139.65639634425273,35.791933016677035],[139.65638166652195,35.79188478706904],[139.65639617115914,35.791881842959214]]]}},{"type":"Feature","properties":{"height":8.98,"gml_id":"bldg_cced4397-6549-4e43-aa83-2e49fc55a0bb"},"geometry":{"type":"Polygon","coordinates":[[[139.65930737411358,35.79229942987569],[139.65927600250754,35.79219085695911],[139.65934506282645,35.79217810270012],[139.65937643673223,35.79228667650372],[139.65930737411358,35.79229942987569]]]}},{"type":"Feature","properties":{"height":9.4,"gml_id":"bldg_fc9b3472-b54a-4ab2-8cef-77d91e19e089"},"geometry":{"type":"Polygon","coordinates":[[[139.66194861096142,35.79172848779391],[139.66210499099307,35.79169709469113],[139.6621335893267,35.791791792900405],[139.6619772213013,35.791823180648656],[139.66194861096142,35.79172848779391]]]}},{"type":"Feature","properties":{"height":3.13,"gml_id":"bldg_ed483923-3b57-4ed0-81c1-9a21efc38405"},"geometry":{"type":"Polygon","coordinates":[[[139.65865100210758,35.79680053055328],[139.6586324772186,35.796800437839714],[139.65863311207454,35.796719161044585],[139.65865163694465,35.79671925375799],[139.65865100210758,35.79680053055328]]]}},{"type":"Feature","properties":{"height":10.34,"gml_id":"bldg_c15013f7-20cb-4604-9a42-7a57ef078e94"},"geometry":{"type":"Polygon","coordinates":[[[139.66069837554133,35.79571011274048],[139.66063509487398,35.79570977399481],[139.66063502661385,35.7957167774122],[139.6603962842219,35.795715484242415],[139.66039755489342,35.79556358099084],[139.66063629794516,35.79556487055305],[139.66063593291665,35.79560880830082],[139.6606992168035,35.795609156064096],[139.66069837554133,35.79571011274048]]]}},{"type":"Feature","properties":{"height":9.29,"gml_id":"bldg_d65334f5-efa0-41e8-9527-346d86adea45"},"geometry":{"type":"Polygon","coordinates":[[[139.65424272539957,35.79310469515954],[139.65414497936365,35.79312359693957],[139.65414188665977,35.79311299511608],[139.65401097191088,35.79313832898637],[139.65401344725848,35.7931469667443],[139.65391300197146,35.793166236569],[139.65385341892483,35.79295955559169],[139.65389507005747,35.792951482137326],[139.6539488483752,35.79294106701736],[139.65406583265218,35.79291842642131],[139.6540681732969,35.792926451958465],[139.65421487618903,35.792898049901275],[139.65422968754876,35.79294884070886],[139.65424086929994,35.79298721356712],[139.65409417512367,35.79301560665483],[139.6540956122311,35.79302053379335],[139.65421655560345,35.79299712829524],[139.6542573876498,35.79298923016056],[139.6542868696798,35.79309044920793],[139.6542411665503,35.79309929102544],[139.65424272539957,35.79310469515954]]]}},{"type":"Feature","properties":{"height":9.47,"gml_id":"bldg_b2b44999-8eca-4fdc-b574-0ae529128103"},"geometry":{"type":"Polygon","coordinates":[[[139.65591483783095,35.79197812299556],[139.65595618806347,35.7919687233908],[139.65597965056924,35.79204390927556],[139.65593830029843,35.79205330978953],[139.65591483783095,35.79197812299556]]]}},{"type":"Feature","properties":{"height":10.63,"gml_id":"bldg_c5d83d0b-7a88-4c4c-92d8-b08f2c88964d"},"geometry":{"type":"Polygon","coordinates":[[[139.66136336398634,35.79630803917974],[139.66119039562204,35.79630511915404],[139.6611922823491,35.79623159846965],[139.6612851095738,35.7962331581746],[139.66136524722538,35.79623452299422],[139.661364280332,35.796272484808235],[139.66136336398634,35.79630803917974]]]}},{"type":"Feature","properties":{"height":2.59,"gml_id":"bldg_c7e93efc-f3d0-49ab-84cf-308707230445"},"geometry":{"type":"Polygon","coordinates":[[[139.65708289220336,35.79379734571994],[139.65695678661507,35.79379708509289],[139.65695686332484,35.79377588987622],[139.65708297989713,35.793776171250364],[139.65708289220336,35.79379734571994]]]}},{"type":"Feature","properties":{"height":7.71,"gml_id":"bldg_c414c283-6fab-456f-86a7-9d07e9bfe9e2"},"geometry":{"type":"Polygon","coordinates":[[[139.65763682226145,35.79264876553116],[139.65771218003584,35.79263314970039],[139.65771641180768,35.79264717373465],[139.65772681149423,35.79268171888403],[139.65762454955436,35.792702199677734],[139.65761011910723,35.79265431310043],[139.65763682226145,35.79264876553116]]]}},{"type":"Feature","properties":{"height":9.19,"gml_id":"bldg_cf8c5a09-ba8a-4473-bd7c-894f66533dac"},"geometry":{"type":"Polygon","coordinates":[[[139.66157125394784,35.79743144132345],[139.6615454132452,35.79743147561297],[139.661545400499,35.797424547794876],[139.6615338786164,35.79742456378104],[139.66153385964697,35.797415387979434],[139.66151421027274,35.7974154139829],[139.66151419370092,35.79740666722878],[139.6614964340305,35.79740669142298],[139.66149633271644,35.79735303553086],[139.66158415078849,35.79735289961302],[139.6615841774839,35.797365685344936],[139.66160916293236,35.79736565162827],[139.6616093009852,35.79743723188039],[139.66157126567995,35.79743729923396],[139.66157125394784,35.79743144132345]]]}},{"type":"Feature","properties":{"height":10.84,"gml_id":"bldg_c48a6d09-41e4-413f-9ea9-12fa8e021251"},"geometry":{"type":"Polygon","coordinates":[[[139.6619724610841,35.79680477656337],[139.66174597693956,35.796717218800396],[139.66181758709075,35.79659353272753],[139.6618284032716,35.796574852287534],[139.6620567101323,35.796665112947615],[139.6619724610841,35.79680477656337]]]}},{"type":"Feature","properties":{"height":7.34,"gml_id":"bldg_a30e706b-5535-4e81-9702-8c6c460f6a50"},"geometry":{"type":"Polygon","coordinates":[[[139.65605888619186,35.792135164706615],[139.65613454487342,35.79212046878617],[139.65615276893178,35.79218282786196],[139.65608702145627,35.792195599591835],[139.65608507255973,35.792188934813105],[139.65607516129853,35.79219085901469],[139.65605888619186,35.792135164706615]]]}},{"type":"Feature","properties":{"height":4.01,"gml_id":"bldg_c3bf6df2-882e-453d-9d79-74f9a7873ca2"},"geometry":{"type":"Polygon","coordinates":[[[139.65633740510424,35.79427214549479],[139.6562729194781,35.794271903632676],[139.6562732566813,35.79421415891782],[139.65633774115642,35.794214399876644],[139.65633740510424,35.79427214549479]]]}},{"type":"Feature","properties":{"height":4.54,"gml_id":"bldg_e312174c-b110-4ad9-827f-8e998cf1b428"},"geometry":{"type":"Polygon","coordinates":[[[139.6590801342785,35.79375502859484],[139.65898599738316,35.793753694235654],[139.65898862183045,35.793631022912635],[139.65908276079577,35.79363235637122],[139.6590801342785,35.79375502859484]]]}},{"type":"Feature","properties":{"height":13.95,"gml_id":"bldg_cbeae3da-9b1c-4230-82bb-bb35446a0d00"},"geometry":{"type":"Polygon","coordinates":[[[139.65607655315102,35.79259929780767],[139.6562559365955,35.79256529174359],[139.65628439416335,35.79266509728298],[139.65610501050628,35.79269910338835],[139.65607655315102,35.79259929780767]]]}},{"type":"Feature","properties":{"height":8.8,"gml_id":"bldg_c950c1fc-1c62-4156-8594-4db37a4ef26c"},"geometry":{"type":"Polygon","coordinates":[[[139.65855777198715,35.791704240488485],[139.65863925906726,35.79168795336079],[139.65864193581754,35.791696774293605],[139.65867207595875,35.79179633926623],[139.6586120607808,35.79180818059286],[139.65861141274235,35.79180604254115],[139.65858969868992,35.79181038165221],[139.65855777198715,35.791704240488485]]]}},{"type":"Feature","properties":{"height":10.58,"gml_id":"bldg_c38e255c-55fd-40e2-8b8b-6a9ba8fe48cd"},"geometry":{"type":"Polygon","coordinates":[[[139.65236174882062,35.79564050560724],[139.65242245914868,35.795641409988185],[139.65242187613802,35.795667259921295],[139.65247593971424,35.795668069547126],[139.65246938008997,35.795959044433765],[139.65225541178756,35.79595583355114],[139.65226214785844,35.79565716409042],[139.6523613393228,35.79565862219059],[139.65236174882062,35.79564050560724]]]}},{"type":"Feature","properties":{"height":4.29,"gml_id":"bldg_c071ae11-e44a-4b62-86e9-926e739ebd35"},"geometry":{"type":"Polygon","coordinates":[[[139.65526705104472,35.79272139251167],[139.65535130213908,35.792705177509326],[139.6553716433948,35.79277539062134],[139.65528738672091,35.79279159571451],[139.65526705104472,35.79272139251167]]]}},{"type":"Feature","properties":{"height":7.34,"gml_id":"bldg_b203347b-8280-4b1e-83a5-1d4fdcf77566"},"geometry":{"type":"Polygon","coordinates":[[[139.65543668413804,35.79251361747152],[139.6554481978515,35.792502553262445],[139.65552204541922,35.79248859686371],[139.65552445944328,35.79249701637335],[139.65553892423083,35.79254778487912],[139.65545112344162,35.792564379640446],[139.65543668413804,35.79251361747152]]]}},{"type":"Feature","properties":{"height":7.0,"gml_id":"bldg_c9ab428d-1e83-4403-917b-8af7576b6863"},"geometry":{"type":"Polygon","coordinates":[[[139.65725534059519,35.79224211248109],[139.65731650387627,35.79223011938236],[139.6573321181661,35.79229139644008],[139.65727097587805,35.79230338146514],[139.65725534059519,35.79224211248109]]]}},{"type":"Feature","properties":{"height":7.62,"gml_id":"bldg_f2b20e0b-4e89-4e94-a4cc-77f04764dc44"},"geometry":{"type":"Polygon","coordinates":[[[139.66060392256333,35.79722468766187],[139.66056765076243,35.79728053476435],[139.66048915239688,35.7972466797919],[139.6605254220283,35.79719083090703],[139.66052833461262,35.797192087072546],[139.66053414032322,35.7971831476841],[139.66057326842076,35.79720003217394],[139.6605674738044,35.79720895896126],[139.66060392256333,35.79722468766187]]]}},{"type":"Feature","properties":{"height":2.2,"gml_id":"bldg_c5d6ae79-bef5-40d8-916a-f4aa84afb3ab"},"geometry":{"type":"Polygon","coordinates":[[[139.66140665996903,35.79237425257042],[139.66150184099874,35.792371872045514],[139.66150268020388,35.7923936805998],[139.6614074858473,35.7923960728239],[139.66140665996903,35.79237425257042]]]}},{"type":"Feature","properties":{"height":11.58,"gml_id":"bldg_e096d7f9-2d32-434e-afdf-c6350d6c987d"},"geometry":{"type":"Polygon","coordinates":[[[139.65647819558993,35.79207218624407],[139.65666158707126,35.79203511815791],[139.65669523064176,35.79214573215168],[139.65651183781318,35.792182801187515],[139.65647819558993,35.79207218624407]]]}},{"type":"Feature","properties":{"height":5.2,"gml_id":"bldg_c1762670-e7a2-4818-a0cd-b1d60b80f41b"},"geometry":{"type":"Polygon","coordinates":[[[139.65821938732316,35.79520533129129],[139.65813948218258,35.795204886799475],[139.658139658731,35.79518494010649],[139.6582195638516,35.79518538459812],[139.65821938732316,35.79520533129129]]]}},{"type":"Feature","properties":{"height":13.99,"gml_id":"bldg_c7f2a592-dc24-428d-85ba-3fedd3f902c4"},"geometry":{"type":"Polygon","coordinates":[[[139.6574901242022,35.79188833396523],[139.6575878265628,35.791870135155065],[139.65761363285122,35.79196230385383],[139.6575159292772,35.79198050268277],[139.6574901242022,35.79188833396523]]]}},{"type":"Feature","properties":{"height":5.41,"gml_id":"bldg_cacb595b-7a02-4d9c-826d-ca1a1c64de71"},"geometry":{"type":"Polygon","coordinates":[[[139.65370269350103,35.792462339419195],[139.6538875449526,35.79242886063149],[139.65391885434474,35.792543679425414],[139.6537340159157,35.792577158279684],[139.65370269350103,35.792462339419195]]]}},{"type":"Feature","properties":{"height":10.9,"gml_id":"bldg_eba12ea4-3e75-4627-a18f-6dcaaa1c5c11"},"geometry":{"type":"Polygon","coordinates":[[[139.66099529120632,35.79344120904995],[139.6609737738794,35.793441908304395],[139.66097478977036,35.79346329347535],[139.6607125581001,35.79347165772269],[139.66070599112086,35.79333449471268],[139.66096822013424,35.79332612777103],[139.66096921848796,35.793346923432],[139.66099074460874,35.79334623861258],[139.66099529120632,35.79344120904995]]]}},{"type":"Feature","properties":{"height":9.25,"gml_id":"bldg_e0685a4f-ae8d-4dc3-b975-8d6661e844d9"},"geometry":{"type":"Polygon","coordinates":[[[139.65185937715896,35.7952979138234],[139.65187634266528,35.795298083644454],[139.65187655251447,35.7952855894022],[139.65187671720204,35.795276413874475],[139.65191697079183,35.795276845072124],[139.6519168205426,35.79528599808785],[139.65191591148243,35.795340350120654],[139.65191553061692,35.79536237501418],[139.6518752780842,35.795361946521666],[139.65187563680516,35.795339934213814],[139.6518586624822,35.795339745450924],[139.65185937715896,35.7952979138234]]]}},{"type":"Feature","properties":{"height":9.62,"gml_id":"bldg_c89d59c0-a022-4a41-ad96-d19abc5bc9de"},"geometry":{"type":"Polygon","coordinates":[[[139.65185555132757,35.79550569611197],[139.65187136919752,35.79550019919655],[139.65188454156794,35.79549771241202],[139.65190165132327,35.79549820152629],[139.65191877876507,35.79550745812771],[139.6519185618846,35.7955162342769],[139.65191803550303,35.79553754237442],[139.65191741404212,35.79556222769892],[139.65191699191783,35.79557855417431],[139.6518745570274,35.79557786640433],[139.6518749669516,35.7955615570364],[139.6518541395079,35.795561210129094],[139.65185555132757,35.79550569611197]]]}},{"type":"Feature","properties":{"height":7.95,"gml_id":"bldg_cb8619c8-4ed9-43d5-9ae3-ff8937d64a0b"},"geometry":{"type":"Polygon","coordinates":[[[139.65684297188793,35.79222754504904],[139.656897421648,35.79221627510998],[139.65689992517824,35.79222430353637],[139.65692217886777,35.792219665371924],[139.6569347503495,35.79225998694908],[139.65694206855667,35.79228352752568],[139.65686535294682,35.79229940317617],[139.65684297188793,35.79222754504904]]]}},{"type":"Feature","properties":{"height":13.66,"gml_id":"bldg_c343ab86-97bc-459a-838c-e9c291d4362e"},"geometry":{"type":"Polygon","coordinates":[[[139.65967525266447,35.792591972432504],[139.65967428446282,35.792584426702966],[139.6597161299625,35.792583273007104],[139.6597184130585,35.79260733163362],[139.65973052567568,35.79260701291714],[139.6597329001657,35.792665351060975],[139.65972319715405,35.79266564170939],[139.65972337408488,35.79269009208746],[139.6597341978342,35.792689784128655],[139.65973696319477,35.79273728585957],[139.65964700626552,35.792740424261865],[139.65963706988194,35.79259376415553],[139.65967525266447,35.792591972432504]]]}},{"type":"Feature","properties":{"height":3.48,"gml_id":"bldg_b66a85f6-a02f-41b4-8cc3-ed18edd70900"},"geometry":{"type":"Polygon","coordinates":[[[139.66068274493892,35.796965089486946],[139.66060735641844,35.79696414926197],[139.66060904100746,35.796875398140784],[139.66068443054854,35.7968763392674],[139.66068274493892,35.796965089486946]]]}},{"type":"Feature","properties":{"height":1.11,"gml_id":"bldg_c1826a22-505f-4984-bdac-ee48b0805fbe"},"geometry":{"type":"Polygon","coordinates":[[[139.65342049114898,35.79592479398996],[139.65343941363741,35.79589810439092],[139.65346839620886,35.795878299050905],[139.6535039462436,35.7958677640292],[139.65354177374778,35.7958677701228],[139.65357731832546,35.795878316821344],[139.6536062912883,35.79589813131504],[139.65362519971208,35.79592482430886],[139.65363176067729,35.795955175466],[139.65362518361331,35.795985527718265],[139.65360626116808,35.796012216444936],[139.65357727858193,35.796032021817695],[139.65354172848353,35.796042556860606],[139.65350390089648,35.79604255076675],[139.65346835625553,35.796032004046616],[139.65343938327865,35.79601218952008],[139.65342047489455,35.79598549739891],[139.65341391400935,35.79595514532926],[139.65342049114898,35.79592479398996]]]}},{"type":"Feature","properties":{"height":9.47,"gml_id":"bldg_c6c685e9-3861-425a-8405-1b9623469890"},"geometry":{"type":"Polygon","coordinates":[[[139.65039583026106,35.79544343411563],[139.65035044344097,35.79537965019643],[139.65035341501573,35.79537824049541],[139.65034820877645,35.79537089195171],[139.65038804621344,35.79535210617706],[139.65039326131836,35.79535944932442],[139.65039917341267,35.79535666232166],[139.65044350228803,35.795419127736515],[139.65039583026106,35.79544343411563]]]}},{"type":"Feature","properties":{"height":12.8,"gml_id":"bldg_cfe21ad9-f56b-4188-a1ce-f448717468ef"},"geometry":{"type":"Polygon","coordinates":[[[139.65782060959052,35.795243827130086],[139.65786070280947,35.79524374143102],[139.65786075635324,35.79528128107399],[139.65782065430827,35.79528134693041],[139.65782060959052,35.795243827130086]]]}},{"type":"Feature","properties":{"height":8.5,"gml_id":"bldg_b4490ee8-c4c5-43e4-94d1-d37370893aaa"},"geometry":{"type":"Polygon","coordinates":[[[139.66041485713643,35.792377211851424],[139.66041645751474,35.79237691039665],[139.66042493359967,35.79240725674738],[139.66031726820833,35.792427811382396],[139.66031419387136,35.79241704659673],[139.6603085899209,35.79239736648567],[139.66033072416238,35.792393154760155],[139.66039639961886,35.79238070779742],[139.66041485713643,35.792377211851424]]]}},{"type":"Feature","properties":{"height":1.32,"gml_id":"bldg_cd0871a4-e44a-4b5d-89b4-518fdca5fb4c"},"geometry":{"type":"Polygon","coordinates":[[[139.65391025252023,35.79248276121849],[139.65393279634247,35.79247810781639],[139.65394683442292,35.79252335508429],[139.65392428838015,35.79252800668294],[139.65391025252023,35.79248276121849]]]}},{"type":"Feature","properties":{"height":4.7,"gml_id":"bldg_d54ed75b-ef82-404b-9a95-4b2f14951a1e"},"geometry":{"type":"Polygon","coordinates":[[[139.6573703159567,35.79375758975153],[139.65742737233754,35.79375323677323],[139.65743114427323,35.79378615972406],[139.6573740768356,35.7937904991676],[139.6573703159567,35.79375758975153]]]}},{"type":"Feature","properties":{"height":9.9,"gml_id":"bldg_d10d3089-5ff0-453f-9631-ec52dd07c0ee"},"geometry":{"type":"Polygon","coordinates":[[[139.66160731900388,35.79637881148147],[139.66160722163664,35.79638395626677],[139.66155267247316,35.79638333843514],[139.66155276213814,35.796378175611835],[139.661550972082,35.796378155027334],[139.66155231911915,35.796301810528256],[139.6616122903912,35.79630248928371],[139.6616109423031,35.796378834683374],[139.66160731900388,35.79637881148147]]]}},{"type":"Feature","properties":{"height":2.63,"gml_id":"bldg_b341e51d-ba89-4923-b5e5-2c5e4360d9e5"},"geometry":{"type":"Polygon","coordinates":[[[139.66114734973064,35.79270137941872],[139.66122873748583,35.79269906138121],[139.6612305310496,35.79274102827699],[139.6611611098959,35.792743006514876],[139.66116045485424,35.792727668140806],[139.66114848821235,35.79272800794147],[139.66114734973064,35.79270137941872]]]}},{"type":"Feature","properties":{"height":9.61,"gml_id":"bldg_c4103c42-8797-4ffb-bedd-31fb4048607a"},"geometry":{"type":"Polygon","coordinates":[[[139.65390136911665,35.792159311593714],[139.6539032038017,35.792165027111665],[139.65391557492313,35.792162392887434],[139.65393294717143,35.792216580254035],[139.6538640564248,35.79223126145478],[139.65384668422016,35.79217707407849],[139.65385432917128,35.792175436012485],[139.6538525165973,35.79216972863899],[139.65390136911665,35.792159311593714]]]}},{"type":"Feature","properties":{"height":7.03,"gml_id":"bldg_c6cad25c-d819-4ba2-96eb-25a3e375acc7"},"geometry":{"type":"Polygon","coordinates":[[[139.6575115259914,35.792027799294125],[139.65746627423678,35.79203607334476],[139.65745452751617,35.79199338156575],[139.65743388772083,35.79199715148213],[139.65741903293684,35.791943130542904],[139.65748492221078,35.791931085683515],[139.6575115259914,35.792027799294125]]]}},{"type":"Feature","properties":{"height":7.68,"gml_id":"bldg_dfcb16c9-e296-449e-98eb-b298616805df"},"geometry":{"type":"Polygon","coordinates":[[[139.6560798130286,35.79172171120285],[139.65613298703354,35.79171191434299],[139.65613688100865,35.79172596047057],[139.65617710819032,35.79171855383038],[139.6561865534536,35.791752602867795],[139.65618943440035,35.79175204286456],[139.65619907135226,35.791784964589525],[139.6560946886625,35.79180527511296],[139.65607583090627,35.791740886142904],[139.65608464753632,35.791739161329396],[139.6560798130286,35.79172171120285]]]}},{"type":"Feature","properties":{"height":8.45,"gml_id":"bldg_c5eb10c6-32ba-4409-ac41-0c5b9370425e"},"geometry":{"type":"Polygon","coordinates":[[[139.65921393557076,35.792234856821416],[139.6592805664089,35.79222264440063],[139.6592944303515,35.79227048219044],[139.65930368781838,35.792302507170604],[139.6592370691276,35.792314700693126],[139.65921393557076,35.792234856821416]]]}},{"type":"Feature","properties":{"height":6.32,"gml_id":"bldg_cdb967ab-8cea-4443-befc-a207173e6bb4"},"geometry":{"type":"Polygon","coordinates":[[[139.65554124523592,35.792064054276274],[139.6555735707283,35.792058441566645],[139.65558188229593,35.792057000871296],[139.65558873826905,35.792083244007266],[139.6555946035704,35.79210575136954],[139.65558630415322,35.79210719839318],[139.65558750310984,35.79211179526718],[139.65558846066696,35.79211549944407],[139.65552963329526,35.79212570412795],[139.65551906866952,35.792085206903685],[139.65554555836465,35.792080605904054],[139.65554124523592,35.792064054276274]]]}},{"type":"Feature","properties":{"height":7.25,"gml_id":"bldg_cfd598b1-d616-48d2-bc36-042eefa6c8ae"},"geometry":{"type":"Polygon","coordinates":[[[139.6542091399116,35.796184989725546],[139.65420964008769,35.79615389108228],[139.65431454870904,35.79615489008928],[139.65431390873894,35.796195552783374],[139.65434145437953,35.796195819130745],[139.6543407278589,35.796244986864316],[139.65421236029272,35.79624375643984],[139.65421251303633,35.79623337578305],[139.65417054513352,35.79623297074081],[139.6541712588235,35.79618463674087],[139.6542091399116,35.796184989725546]]]}},{"type":"Feature","properties":{"height":13.67,"gml_id":"bldg_d631d3c0-aae4-4b0f-9ed3-cd6bbdfb4020"},"geometry":{"type":"Polygon","coordinates":[[[139.6563300528013,35.79211736584871],[139.6564710822393,35.79208907165879],[139.65649978261501,35.79218419137397],[139.65635875302084,35.792212484695284],[139.6563300528013,35.79211736584871]]]}},{"type":"Feature","properties":{"height":32.52,"gml_id":"bldg_c53b4306-4229-47c5-be45-167093aa4d6f"},"geometry":{"type":"Polygon","coordinates":[[[139.6555874139684,35.79493227743484],[139.65558834035681,35.79489435436084],[139.65575949480805,35.794897070648844],[139.65575023697517,35.795281385934956],[139.65574773689215,35.79538468274102],[139.65571072625656,35.79538411069589],[139.65567950908294,35.79536984933313],[139.65478607326045,35.795355559985],[139.65479659180983,35.794919649584365],[139.65484739232957,35.79492044248191],[139.6548478432062,35.794903357096736],[139.65508083079922,35.79490729101027],[139.65508039924327,35.79492416911374],[139.6555874139684,35.79493227743484]]]}},{"type":"Feature","properties":{"height":8.35,"gml_id":"bldg_adf24547-8473-4e96-af4b-2ee17a3629a6"},"geometry":{"type":"Polygon","coordinates":[[[139.65899072632453,35.79199142203463],[139.65902932087948,35.79198332163612],[139.65903292031535,35.791994687517985],[139.65904194941098,35.79199292133335],[139.6590433191619,35.79199741476514],[139.6590491846785,35.792016720351924],[139.6590471370827,35.792017146428506],[139.65904850029762,35.79204185992199],[139.65897205101209,35.79205664846864],[139.6589706940919,35.79203260919619],[139.65895900627802,35.79199448841395],[139.65898974309093,35.79198825865963],[139.65899072632453,35.79199142203463]]]}},{"type":"Feature","properties":{"height":2.07,"gml_id":"bldg_bba3fad2-25cb-46fb-9e44-96d562078c91"},"geometry":{"type":"Polygon","coordinates":[[[139.65493655164715,35.79302821194693],[139.65500592852487,35.79301552735366],[139.6550171012797,35.79305611745648],[139.65494772324197,35.7930688110679],[139.65493655164715,35.79302821194693]]]}},{"type":"Feature","properties":{"height":15.34,"gml_id":"bldg_ac8fbd1f-7376-4884-b64b-23a9f4feb4a1"},"geometry":{"type":"Polygon","coordinates":[[[139.66228763870225,35.79583437863378],[139.6622872679807,35.7958256457952],[139.66209287804799,35.79583981509614],[139.66209423331054,35.79585168694838],[139.6620227760674,35.79585723394132],[139.66201012730403,35.795760748577585],[139.66253130667806,35.79572674559129],[139.66254472530727,35.79581842778176],[139.6624725087728,35.79582415693831],[139.6624711457871,35.795812249025076],[139.66233301531545,35.79582230645338],[139.66233341691154,35.795831606286995],[139.66234083158275,35.79583115714154],[139.66234312832498,35.795856486634],[139.66228434421882,35.79586007062956],[139.6622820585394,35.795834750165284],[139.66228763870225,35.79583437863378]]]}},{"type":"Feature","properties":{"height":8.65,"gml_id":"bldg_c2c24888-5bca-40c5-a254-e430108b07fd"},"geometry":{"type":"Polygon","coordinates":[[[139.66019208182524,35.79362249994878],[139.66001432002292,35.793615019499484],[139.66001583093592,35.79359122684248],[139.65997453184983,35.79358964401852],[139.65997574380535,35.793568518036345],[139.66001717531842,35.793570248872776],[139.6601949325745,35.793577739226116],[139.66019344690096,35.79360114163572],[139.66019208182524,35.79362249994878]]]}},{"type":"Feature","properties":{"height":3.32,"gml_id":"bldg_c4ed8f84-be15-49e0-a37b-bdb7c2d57777"},"geometry":{"type":"Polygon","coordinates":[[[139.6617037589205,35.79697958842507],[139.66167892014806,35.796968581696056],[139.66166714157748,35.7969660609208],[139.66167863362432,35.79691558983288],[139.66170695872725,35.79692291951076],[139.66173538336798,35.79693695719436],[139.6617037589205,35.79697958842507]]]}},{"type":"Feature","properties":{"height":2.42,"gml_id":"bldg_b0da1fc4-bd33-424c-ad03-f17e1a9b84f2"},"geometry":{"type":"Polygon","coordinates":[[[139.66224278471392,35.79563259283768],[139.6623066864396,35.79562910988225],[139.66230842765432,35.79565036537012],[139.6622445259136,35.795653847425086],[139.66224278471392,35.79563259283768]]]}},{"type":"Feature","properties":{"height":15.78,"gml_id":"bldg_c8cd68d5-0eb9-443c-85c6-491c026d120f"},"geometry":{"type":"Polygon","coordinates":[[[139.66123655627135,35.79515751816005],[139.66123671469,35.79514459387995],[139.66143770746305,35.795146074782686],[139.66143762793104,35.79515320798007],[139.66147211780788,35.79515346729782],[139.6614715064297,35.795207211424916],[139.66147112375282,35.795240036366906],[139.66113237135147,35.795237513736886],[139.66113256207336,35.79522090657332],[139.6611484777803,35.79522102040274],[139.66114882462213,35.795190508283426],[139.6611658986501,35.79519063188145],[139.6611661727302,35.795166664384965],[139.6612263992184,35.79516710844406],[139.6612265129749,35.795157452407615],[139.66123655627135,35.79515751816005]]]}},{"type":"Feature","properties":{"height":2.37,"gml_id":"bldg_e08d0e6e-cc5f-4ece-89a4-dcd7e203a0b7"},"geometry":{"type":"Polygon","coordinates":[[[139.66244825091988,35.79561740338052],[139.6624850382243,35.795615395163935],[139.66248678059256,35.795636650650984],[139.6624499910676,35.795638657963565],[139.66244825091988,35.79561740338052]]]}},{"type":"Feature","properties":{"height":11.78,"gml_id":"bldg_cdd8ab3c-b682-45e3-9a1a-833cefa20daf"},"geometry":{"type":"Polygon","coordinates":[[[139.65023335284138,35.79604600729725],[139.65027229489365,35.79604682102517],[139.65033845868334,35.79604824132194],[139.65033458787212,35.79616678139274],[139.65030089298423,35.79616607932819],[139.6503007051597,35.79617127354024],[139.65025658996723,35.796170340177014],[139.65025677337124,35.79616514505697],[139.65022949181076,35.796164556392924],[139.65023335284138,35.79604600729725]]]}},{"type":"Feature","properties":{"height":3.72,"gml_id":"bldg_c5cd5fb0-65bf-4623-9652-4492f8a27701"},"geometry":{"type":"Polygon","coordinates":[[[139.6558996757697,35.79309643725043],[139.65588994864711,35.79309808859786],[139.65589552010474,35.79311997267286],[139.65582152695353,35.793132497734284],[139.65580226586272,35.79305691422888],[139.65588599269296,35.79304274144781],[139.65589459566226,35.79307647919204],[139.6558996757697,35.79309643725043]]]}},{"type":"Feature","properties":{"height":10.92,"gml_id":"bldg_cfa391ae-b6f4-42d6-a0fe-b11f1eb18e5d"},"geometry":{"type":"Polygon","coordinates":[[[139.65705352692797,35.79207067042677],[139.65704109339922,35.79207306241835],[139.65701092225996,35.79196887305345],[139.65726471677834,35.79192003463013],[139.6572948893373,35.79202422393472],[139.65714184103737,35.79205368225468],[139.657147687058,35.792074095668724],[139.65705939834234,35.79209109740253],[139.65705352692797,35.79207067042677]]]}},{"type":"Feature","properties":{"height":2.25,"gml_id":"bldg_f0afa2f1-5a45-44e4-90c8-5e0e718be3bb"},"geometry":{"type":"Polygon","coordinates":[[[139.66200299223019,35.79550418439846],[139.66197601057038,35.795503621361],[139.66197889656712,35.79542449205399],[139.6620058782021,35.79542505418939],[139.66200299223019,35.79550418439846]]]}},{"type":"Feature","properties":{"height":9.47,"gml_id":"bldg_cffb7137-34ba-418c-bc9f-b81500ab3077"},"geometry":{"type":"Polygon","coordinates":[[[139.65074277382863,35.79594194018162],[139.6506979019028,35.79594008554971],[139.65069903845148,35.795922059311714],[139.6506924938551,35.7959217852742],[139.65069693433423,35.79585139814038],[139.65074834970096,35.795853524101595],[139.65074515212763,35.79590438530874],[139.6507439236744,35.79592390044307],[139.65074277382863,35.79594194018162]]]}},{"type":"Feature","properties":{"height":3.55,"gml_id":"bldg_cc119f15-e5f3-4a31-ad39-27d66c9ee0cc"},"geometry":{"type":"Polygon","coordinates":[[[139.66144257792212,35.79412883670704],[139.661353639107,35.79412755039004],[139.66135524449282,35.794054599830574],[139.66144418101206,35.79405588704437],[139.66144257792212,35.79412883670704]]]}},{"type":"Feature","properties":{"height":2.74,"gml_id":"bldg_cbf47dc4-4b6c-4018-90f2-948ade850ddf"},"geometry":{"type":"Polygon","coordinates":[[[139.65988345616904,35.79715433463469],[139.6598527306161,35.79715195580223],[139.65985817782638,35.797105402463764],[139.6598889033655,35.7971077794921],[139.65988345616904,35.79715433463469]]]}},{"type":"Feature","properties":{"height":4.14,"gml_id":"bldg_b872f738-6edd-4c5b-9acb-d655c43c4516"},"geometry":{"type":"Polygon","coordinates":[[[139.65860022238263,35.794934166939186],[139.65851206496694,35.79493335827353],[139.65851295373338,35.79489278333861],[139.65860023946195,35.79489402518916],[139.65860022238263,35.794934166939186]]]}},{"type":"Feature","properties":{"height":7.12,"gml_id":"bldg_c284f75d-c61b-4f4a-bd4c-2347d4556b17"},"geometry":{"type":"Polygon","coordinates":[[[139.65198356484964,35.795644664303204],[139.6519820698234,35.79570518611358],[139.65198171475492,35.7957192737286],[139.65191460012008,35.79571817288208],[139.65191645578673,35.795643573381085],[139.65194948706875,35.79564409372095],[139.65198356484964,35.795644664303204]]]}},{"type":"Feature","properties":{"height":9.81,"gml_id":"bldg_c63e670b-4e0f-4345-aa6e-2c6de5841410"},"geometry":{"type":"Polygon","coordinates":[[[139.6601801635525,35.793354683402],[139.66026876009906,35.793352182605176],[139.66027032858506,35.79338955859181],[139.66018172978244,35.79339206028783],[139.6601801635525,35.793354683402]]]}},{"type":"Feature","properties":{"height":3.47,"gml_id":"bldg_c53dd00d-b593-4b48-9d96-d0ea01523c65"},"geometry":{"type":"Polygon","coordinates":[[[139.6617850080686,35.79629439290655],[139.66188195089467,35.796296543000956],[139.661880340947,35.796344522443576],[139.66178339806658,35.796342370545055],[139.66178367590067,35.796334072181985],[139.6617607260321,35.79633328860858],[139.661761979602,35.7963090746406],[139.66178448694993,35.79630984316073],[139.6617850080686,35.79629439290655]]]}},{"type":"Feature","properties":{"height":5.45,"gml_id":"bldg_a77a5189-f931-49e1-bc32-ccd194161983"},"geometry":{"type":"Polygon","coordinates":[[[139.6529433168129,35.79480549873275],[139.6529432597014,35.794828319111254],[139.6529431361438,35.79486976856096],[139.65293154831255,35.79486975658376],[139.65293148552516,35.79489068140741],[139.65286706219368,35.79489056400096],[139.65286719559302,35.794843801088334],[139.65285823755843,35.794843784037546],[139.65285829360323,35.794826827862465],[139.65286724391396,35.79482683498677],[139.6528673706794,35.794784962807],[139.65293327754202,35.79478507612951],[139.65293321943324,35.794805399757806],[139.6529433168129,35.79480549873275]]]}},{"type":"Feature","properties":{"height":2.79,"gml_id":"bldg_ca29a4d2-21e0-4aca-97b5-ec27dabcacad"},"geometry":{"type":"Polygon","coordinates":[[[139.6519348422725,35.794984529813355],[139.65187997238687,35.79498188447401],[139.65188356855353,35.79493249844335],[139.6519384384074,35.79493514287964],[139.6519364455099,35.79496256354776],[139.6519348422725,35.794984529813355]]]}},{"type":"Feature","properties":{"height":7.31,"gml_id":"bldg_c026f393-224d-4beb-af7f-0d1d26fcf470"},"geometry":{"type":"Polygon","coordinates":[[[139.65913918782636,35.79224550170995],[139.6592082415842,35.792232743914816],[139.65923299142543,35.79231868688516],[139.65916392543167,35.79233144287378],[139.65913918782636,35.79224550170995]]]}},{"type":"Feature","properties":{"height":2.09,"gml_id":"bldg_c6751c98-9abe-4d32-bc9d-2fd2ad0d5153"},"geometry":{"type":"Polygon","coordinates":[[[139.65367208817457,35.79585167295201],[139.65368965317148,35.79585147475966],[139.65368991388843,35.79586737321708],[139.65367235109673,35.79586757321546],[139.65367208817457,35.79585167295201]]]}},{"type":"Feature","properties":{"height":9.06,"gml_id":"bldg_cde4f2c3-8887-40ae-9304-4e81cbdf5f60"},"geometry":{"type":"Polygon","coordinates":[[[139.65823267209564,35.79239865003889],[139.65825408708858,35.79239455482439],[139.65827093411752,35.79245300781035],[139.65827434207804,35.79246487639057],[139.658232218142,35.79247294797094],[139.658211964288,35.79240262910353],[139.65823267209564,35.79239865003889]]]}},{"type":"Feature","properties":{"height":6.83,"gml_id":"bldg_c3cea01a-5bc9-4f57-b971-1b87db8af111"},"geometry":{"type":"Polygon","coordinates":[[[139.65633034527406,35.79199844886705],[139.656261108035,35.79201201505648],[139.65623219544523,35.79191397097767],[139.65625472850655,35.79190954696877],[139.6562691499064,35.791906726237194],[139.65628327519028,35.79195460892534],[139.65631555900046,35.791948292898645],[139.65633034527406,35.79199844886705]]]}},{"type":"Feature","properties":{"height":8.04,"gml_id":"bldg_c9a918dd-e277-49e2-b40c-70a06ffffc70"},"geometry":{"type":"Polygon","coordinates":[[[139.6576557309655,35.79167081704781],[139.6577222896522,35.791658105132214],[139.65773075335818,35.791687543993575],[139.6577390618492,35.791685958026456],[139.65776607563612,35.79177995370044],[139.65765969425954,35.791800264467426],[139.65763268280182,35.79170626967478],[139.65766418139052,35.79170024778215],[139.6576557309655,35.79167081704781]]]}},{"type":"Feature","properties":{"height":15.48,"gml_id":"bldg_c24c516e-b7aa-4dca-8548-bfc3cf88ed76"},"geometry":{"type":"Polygon","coordinates":[[[139.66034512400577,35.792642718885844],[139.66045852956898,35.79262047883613],[139.660460105809,35.79262621641653],[139.6604656904176,35.79262522484405],[139.66047677771857,35.7926855864198],[139.66045941494346,35.79268928585222],[139.66046430100334,35.79270587778656],[139.66043013933572,35.79271138461312],[139.66042522345518,35.792694772804765],[139.66033111389598,35.792711506274685],[139.6603127781601,35.79264908908437],[139.66032315874057,35.792647032709866],[139.66034512400577,35.792642718885844]]]}},{"type":"Feature","properties":{"height":7.42,"gml_id":"bldg_c902371e-811a-4e0a-9028-2b4c766f77ac"},"geometry":{"type":"Polygon","coordinates":[[[139.6595904938048,35.792598971587374],[139.6596310164389,35.792596165630904],[139.65963306859848,35.792627199502284],[139.6596353463195,35.792661850832005],[139.6595209302287,35.79266893057762],[139.65951757289204,35.79261696177767],[139.65959137179783,35.792612378690905],[139.6595904938048,35.792598971587374]]]}},{"type":"Feature","properties":{"height":9.56,"gml_id":"bldg_c207495a-26c5-40cc-9d6a-613ff8bb465b"},"geometry":{"type":"Polygon","coordinates":[[[139.6621893776546,35.797400046198426],[139.66215726140476,35.79739861149462],[139.66214954979966,35.79750389117652],[139.66165932121456,35.79748008333067],[139.6616742589477,35.797276181630686],[139.66190650677302,35.797287443692454],[139.66191139767804,35.7972155199821],[139.66213264521895,35.797225483297744],[139.66212770304534,35.79729819022009],[139.66216448077844,35.79729997768757],[139.66216381969136,35.79730901641688],[139.6621954734538,35.797310444151144],[139.6621893776546,35.797400046198426]]]}},{"type":"Feature","properties":{"height":8.74,"gml_id":"bldg_cc320eb2-a75d-41fe-8862-8a6b1c9c2664"},"geometry":{"type":"Polygon","coordinates":[[[139.6515269896505,35.79530755823126],[139.6515274579408,35.79528994108855],[139.65149176073402,35.795289319255026],[139.65149248037028,35.79526287554003],[139.65159995808636,35.795264735282224],[139.6515996021029,35.79527822439712],[139.65159925179674,35.79529116369506],[139.65159877021327,35.79530879523963],[139.6515269896505,35.79530755823126]]]}},{"type":"Feature","properties":{"height":9.61,"gml_id":"bldg_c49b7b37-fde2-4808-96da-4b2c5235cd20"},"geometry":{"type":"Polygon","coordinates":[[[139.65250165098522,35.794769833955556],[139.65242674491657,35.7947912933684],[139.65243130111415,35.79480191095497],[139.65240397432945,35.79480975668005],[139.65239939272192,35.794799124632576],[139.6523161936162,35.794822945661586],[139.6523088055755,35.79480581783886],[139.65223218573865,35.79482774505655],[139.65223674300236,35.794838369862845],[139.65220940625164,35.794846205613716],[139.65220482466597,35.7948355744603],[139.65212161552608,35.7948593872271],[139.652114568711,35.79484304318291],[139.65203729007845,35.79486516037015],[139.65204185064346,35.79487578248463],[139.65201452603074,35.794883618209404],[139.65200994114787,35.79487298794504],[139.65192674187048,35.79489679969022],[139.65189085214047,35.794813533499386],[139.65207903642053,35.79475966131141],[139.65208608764024,35.79477600806859],[139.65227573408941,35.794721734871175],[139.65228312652226,35.79473887081495],[139.65246575735947,35.794686582349605],[139.65248383080893,35.794728465680905],[139.65250165098522,35.794769833955556]]]}},{"type":"Feature","properties":{"height":9.89,"gml_id":"bldg_c66cf7d8-7ff1-4f77-9f91-a425f0a28a12"},"geometry":{"type":"Polygon","coordinates":[[[139.6615587446953,35.79624587271092],[139.6615588761452,35.796238772939],[139.66160561005356,35.79623929758274],[139.66165890338985,35.796239918103936],[139.66166692100458,35.79624001427839],[139.66166611249403,35.79628567748342],[139.6615551424172,35.79628440221947],[139.66155582613462,35.79624585952781],[139.6615587446953,35.79624587271092]]]}},{"type":"Feature","properties":{"height":2.0,"gml_id":"bldg_caa270c6-fa51-43dd-896e-b9f80687a6d6"},"geometry":{"type":"Polygon","coordinates":[[[139.66112601751502,35.79475967553973],[139.6611048204884,35.794759435164046],[139.66110642080673,35.79466689999979],[139.6611276144937,35.794667138567675],[139.66112601751502,35.79475967553973]]]}},{"type":"Feature","properties":{"height":10.0,"gml_id":"bldg_fc572de9-6546-4c57-971a-ee019e8baba2"},"geometry":{"type":"Polygon","coordinates":[[[139.66104775834845,35.79685820601965],[139.66114549544662,35.796859173468555],[139.66114679916933,35.79677334758449],[139.66110429440312,35.79677291895533],[139.6611045872776,35.79675409641626],[139.6611470985087,35.79675460076822],[139.6613057202537,35.796756571938026],[139.6613673921718,35.79675733707505],[139.66143170381153,35.79675814020588],[139.66142932690948,35.79691447291137],[139.66104699918142,35.796910569044115],[139.66104775834845,35.79685820601965]]]}},{"type":"Feature","properties":{"height":2.29,"gml_id":"bldg_c65efc5a-510a-46e4-b3e0-5210ca0d409d"},"geometry":{"type":"Polygon","coordinates":[[[139.65560103747077,35.79586278622493],[139.65545004640225,35.79586063584609],[139.65545116035753,35.795809080088816],[139.65560215794662,35.79581123948932],[139.65560103747077,35.79586278622493]]]}},{"type":"Feature","properties":{"height":5.25,"gml_id":"bldg_cae5d9b9-725b-40f0-8a43-d0a811b400de"},"geometry":{"type":"Polygon","coordinates":[[[139.65819886409926,35.795306865897416],[139.65813310373946,35.795305330634385],[139.6581345886142,35.795263431584196],[139.65820034894153,35.79526496594496],[139.65819886409926,35.795306865897416]]]}},{"type":"Feature","properties":{"height":7.85,"gml_id":"bldg_c2c598dd-3bdb-466e-b8d7-713be2d6c2f5"},"geometry":{"type":"Polygon","coordinates":[[[139.66014879150367,35.79558884481361],[139.66016695958731,35.79558906657421],[139.66016757307077,35.795557703966544],[139.66035115982717,35.79556004314122],[139.66034816011182,35.79571487961255],[139.66016457410376,35.795712541335305],[139.6601663065024,35.79562287359495],[139.66014813290474,35.795622640108704],[139.66014879150367,35.79558884481361]]]}},{"type":"Feature","properties":{"height":10.36,"gml_id":"bldg_c95191a3-fe28-4479-932c-a012ae4e99bc"},"geometry":{"type":"Polygon","coordinates":[[[139.65850468389718,35.79281693778691],[139.65849842253917,35.79279655538432],[139.6584716731683,35.7928019940138],[139.65845908198435,35.79276168789416],[139.65855318424778,35.79274242848366],[139.65857332487647,35.79280804476312],[139.65853697218515,35.79281572914309],[139.65853537359123,35.79281066211254],[139.65850468389718,35.79281693778691]]]}},{"type":"Feature","properties":{"height":1.56,"gml_id":"bldg_c90dba3a-71c9-484c-bcaa-2dbf056994df"},"geometry":{"type":"Polygon","coordinates":[[[139.6570317207144,35.79277228738844],[139.65706155766554,35.792766454306026],[139.6570792922704,35.79285646965572],[139.65704945639317,35.79286230274397],[139.6570317207144,35.79277228738844]]]}},{"type":"Feature","properties":{"height":15.34,"gml_id":"bldg_c177c951-e3dd-4127-a496-26c3b1df2b1a"},"geometry":{"type":"Polygon","coordinates":[[[139.66190408308324,35.79546555022207],[139.66189802544562,35.79571396178616],[139.6619005235087,35.79571400410607],[139.6619314660313,35.79571455117443],[139.66193021344122,35.79576100333792],[139.66190844772152,35.79576064962373],[139.6619061487988,35.795760608489275],[139.66189925645605,35.79576048509192],[139.66189690774934,35.795760442984935],[139.66189536013908,35.795824220540965],[139.66191133761205,35.79582447947553],[139.6619099884243,35.79587932670517],[139.6617908188074,35.795877427950096],[139.66180232517732,35.79540632408721],[139.66192142992483,35.79540822183625],[139.6619200140874,35.795465776640405],[139.66190408308324,35.79546555022207]]]}},{"type":"Feature","properties":{"height":6.83,"gml_id":"bldg_c882caf6-8098-4aa0-b38e-031196455aba"},"geometry":{"type":"Polygon","coordinates":[[[139.65660984976648,35.79226587613659],[139.6566705134567,35.79225472629953],[139.65669852015864,35.79235598677058],[139.65663785860588,35.792367137525964],[139.65660984976648,35.79226587613659]]]}},{"type":"Feature","properties":{"height":0.81,"gml_id":"bldg_ff118553-8b0e-4142-b00d-5714f7677e42"},"geometry":{"type":"Polygon","coordinates":[[[139.65633836888927,35.7952119394485],[139.6563797867019,35.79521171468058],[139.65638008705108,35.79524939890322],[139.65633868249301,35.79524962459209],[139.65633836888927,35.7952119394485]]]}},{"type":"Feature","properties":{"height":8.85,"gml_id":"bldg_c122fb7f-2a04-444c-8c31-d256b5db4a08"},"geometry":{"type":"Polygon","coordinates":[[[139.65185872184986,35.7953900248277],[139.65191777230223,35.79539002199935],[139.65191776977682,35.79540086707783],[139.65192577423164,35.79540086923979],[139.65192576061392,35.79546234691865],[139.65185871337098,35.79546235661005],[139.65185872184986,35.7953900248277]]]}},{"type":"Feature","properties":{"height":5.75,"gml_id":"bldg_cc7d20ad-0ec1-4e2a-b3c8-f3f6281305d6"},"geometry":{"type":"Polygon","coordinates":[[[139.65643830864488,35.792312371709386],[139.65646255561956,35.79230738593591],[139.6564830161551,35.792303190484],[139.6564959117353,35.792344938524536],[139.6564414188633,35.79235612799743],[139.6564319625167,35.79232550140721],[139.65644173569564,35.792323487739125],[139.65643830864488,35.792312371709386]]]}},{"type":"Feature","properties":{"height":7.17,"gml_id":"bldg_d7c0eb55-ac85-4ea9-8170-8abd22f003b8"},"geometry":{"type":"Polygon","coordinates":[[[139.65630938688088,35.79200867091341],[139.65635481079127,35.79199963861173],[139.6563721609207,35.79205754818834],[139.65628093777903,35.792075707778224],[139.65626358992256,35.79201779909341],[139.65630938688088,35.79200867091341]]]}},{"type":"Feature","properties":{"height":9.77,"gml_id":"bldg_cd10ae32-179a-4a51-9cab-7f98613e3e20"},"geometry":{"type":"Polygon","coordinates":[[[139.6511510528238,35.79519261739599],[139.6511117007275,35.795204884671676],[139.65109768404685,35.795198733325044],[139.6510655087705,35.795130126724274],[139.6511139725117,35.79511359094291],[139.6511188256992,35.79512392600358],[139.6511510528238,35.79519261739599]]]}},{"type":"Feature","properties":{"height":6.82,"gml_id":"bldg_cac0a2a0-7b21-4746-a5ed-eb9177658048"},"geometry":{"type":"Polygon","coordinates":[[[139.65146734762936,35.795011772782644],[139.6515046551117,35.79499947706016],[139.65150800304255,35.79500622064023],[139.65151018861076,35.79500550105988],[139.6515406095978,35.79506680212682],[139.65148637438878,35.79508469219809],[139.65145594239178,35.79502338298884],[139.65147068560458,35.79501851454599],[139.65146734762936,35.795011772782644]]]}},{"type":"Feature","properties":{"height":7.33,"gml_id":"bldg_cd3e2616-5679-41ec-8260-4cab0476249e"},"geometry":{"type":"Polygon","coordinates":[[[139.66118417907037,35.79657382077919],[139.66129855493307,35.79661102829682],[139.66129658097861,35.7967507135863],[139.66106735098307,35.79674857906966],[139.6610703405528,35.79653682483917],[139.66118417907037,35.79657382077919]]]}},{"type":"Feature","properties":{"height":2.27,"gml_id":"bldg_cfdddeb2-11ff-44ed-94bb-22d7b1d9dd1f"},"geometry":{"type":"Polygon","coordinates":[[[139.66204213104342,35.795379238669774],[139.66224984897678,35.79536620248585],[139.66225156577607,35.79538438702964],[139.6620438466893,35.79539742321478],[139.66204213104342,35.795379238669774]]]}},{"type":"Feature","properties":{"height":2.35,"gml_id":"bldg_ca6c2cbe-65f0-45c5-a581-febf2271c479"},"geometry":{"type":"Polygon","coordinates":[[[139.66193718178954,35.795697402962396],[139.66191249593007,35.79569675845597],[139.66191777028425,35.79556370007889],[139.66194245723415,35.795564332868146],[139.66193718178954,35.795697402962396]]]}},{"type":"Feature","properties":{"height":2.07,"gml_id":"bldg_ae4420ff-d917-4f8a-a710-264c5e50f68a"},"geometry":{"type":"Polygon","coordinates":[[[139.6527917004845,35.79496280249954],[139.65273962718555,35.794962708976065],[139.65273977458065,35.79491126085063],[139.65279185116506,35.79491135437894],[139.6527917004845,35.79496280249954]]]}},{"type":"Feature","properties":{"height":6.39,"gml_id":"bldg_eac8aa54-7907-497c-b662-25b3121e64a5"},"geometry":{"type":"Polygon","coordinates":[[[139.6589982271968,35.7923788474102],[139.6590314677061,35.79237263119069],[139.65903344591854,35.792379664618004],[139.65903586976853,35.79237919311806],[139.6590636532098,35.79247414954949],[139.65902564188627,35.79248154233944],[139.658997858468,35.79238659491296],[139.6590002701648,35.79238611618528],[139.6589982271968,35.7923788474102]]]}},{"type":"Feature","properties":{"height":8.02,"gml_id":"bldg_c7d3aa42-1fcb-41a2-bba3-1a6e9facd613"},"geometry":{"type":"Polygon","coordinates":[[[139.66134776769988,35.79542957054088],[139.66131025478913,35.79542896434807],[139.66131030682874,35.79542689221107],[139.66126962437002,35.795426215672116],[139.6612703879689,35.79539583935282],[139.66131107930175,35.795396497877114],[139.6613485855242,35.79539712028448],[139.66136823362453,35.79539745484694],[139.661367470059,35.79542783296966],[139.66134782523332,35.79542751553747],[139.66134776769988,35.79542957054088]]]}},{"type":"Feature","properties":{"height":2.75,"gml_id":"bldg_b64efdb2-66c0-4a16-ac55-8d13a9dcd7ad"},"geometry":{"type":"Polygon","coordinates":[[[139.66130527714608,35.79380965941885],[139.66126325088123,35.79380918646468],[139.66126362760863,35.79378736703504],[139.66130565496636,35.79378784089195],[139.66130527714608,35.79380965941885]]]}},{"type":"Feature","properties":{"height":2.42,"gml_id":"bldg_cb0bd498-4c8a-4192-82a7-34454720aa9d"},"geometry":{"type":"Polygon","coordinates":[[[139.6621199727012,35.79409932029825],[139.66216922597184,35.794094508690065],[139.6621711418385,35.79410754769447],[139.6621218885599,35.7941123593034],[139.6621199727012,35.79409932029825]]]}},{"type":"Feature","properties":{"height":1.41,"gml_id":"bldg_c5349993-c595-4640-a2e5-78183d9aab8d"},"geometry":{"type":"Polygon","coordinates":[[[139.65936632758414,35.79190533962066],[139.6593849173797,35.791902033308084],[139.6593889941137,35.79191726127005],[139.6593704032065,35.79192056848298],[139.65936632758414,35.79190533962066]]]}},{"type":"Feature","properties":{"height":6.64,"gml_id":"bldg_c26e96b3-26d0-4858-8d75-52c4a171c5d7"},"geometry":{"type":"Polygon","coordinates":[[[139.65901790513198,35.79225271795107],[139.6590695060484,35.792242881458805],[139.65909550446875,35.792333522320014],[139.65904390351847,35.79234334890828],[139.65901790513198,35.79225271795107]]]}},{"type":"Feature","properties":{"height":9.29,"gml_id":"bldg_cea78209-e61e-43aa-8759-bdd6cf00584e"},"geometry":{"type":"Polygon","coordinates":[[[139.6576269354841,35.79224605776215],[139.65757772557365,35.79225619187269],[139.65754181991673,35.792136822673406],[139.65754687531538,35.79212847631687],[139.65757692521655,35.79212227205911],[139.65758682062392,35.79212752789509],[139.65758832009868,35.79213235773782],[139.6575925048864,35.79213152198967],[139.6576194992332,35.79222127138333],[139.6576242008763,35.79223692665744],[139.6576269354841,35.79224605776215]]]}},{"type":"Feature","properties":{"height":8.68,"gml_id":"bldg_caa385e9-3435-484d-863f-0ebda7513f69"},"geometry":{"type":"Polygon","coordinates":[[[139.6586598663894,35.79245220247259],[139.6587542464738,35.792433703148006],[139.65875623953258,35.79244101962642],[139.6587803665249,35.79252980194786],[139.65867073743746,35.79254957889511],[139.65864662937048,35.792460795678274],[139.65866158821578,35.792458083603286],[139.6586598663894,35.79245220247259]]]}},{"type":"Feature","properties":{"height":5.8,"gml_id":"bldg_c6e4d25a-4a2a-4082-95a0-9a88a660e0ad"},"geometry":{"type":"Polygon","coordinates":[[[139.65340414846193,35.795728302477634],[139.65341843891602,35.79572846176865],[139.65341828221716,35.79573711632782],[139.6534854982225,35.79573792715229],[139.65348491628194,35.79576983688992],[139.65352364659302,35.79577030493105],[139.65352346836033,35.79577968324474],[139.65348474576075,35.79577922783403],[139.6534845866937,35.79578795449794],[139.65348456272363,35.79578926322697],[139.65352326981275,35.79578973033214],[139.65352309158197,35.79579910774445],[139.65348439220438,35.795798653269706],[139.65348380859857,35.79583031963914],[139.6534165847506,35.79582951781543],[139.65341641539166,35.79583838958163],[139.65340212381153,35.79583823028866],[139.65340228545602,35.79582934589199],[139.65338336060452,35.795829117469815],[139.65338504813198,35.79573672498141],[139.65340398294114,35.79573694350328],[139.65340414846193,35.795728302477634]]]}},{"type":"Feature","properties":{"height":3.01,"gml_id":"bldg_d7a75f75-fb0e-4bd1-bd93-a73f7ad6278a"},"geometry":{"type":"Polygon","coordinates":[[[139.65322721471387,35.79516434927293],[139.65319877293422,35.795164240867734],[139.65319893539572,35.7951383380198],[139.6532273782725,35.795138446426584],[139.65322721471387,35.79516434927293]]]}},{"type":"Feature","properties":{"height":5.92,"gml_id":"bldg_ccad0aa7-b8d1-4f33-ac6b-edc59ab81bb9"},"geometry":{"type":"Polygon","coordinates":[[[139.65822928384262,35.79278223693242],[139.65828590635027,35.79277158154915],[139.6583000186885,35.79282144785608],[139.65824339835987,35.792832103249026],[139.65822928384262,35.79278223693242]]]}},{"type":"Feature","properties":{"height":4.44,"gml_id":"bldg_c73a7508-5999-47db-a920-5981b41acfe9"},"geometry":{"type":"Polygon","coordinates":[[[139.65371501023728,35.792116661617],[139.6538065111354,35.79210071541029],[139.653811900156,35.79212128513842],[139.65372039925361,35.79213722323695],[139.65371501023728,35.792116661617]]]}},{"type":"Feature","properties":{"height":7.2,"gml_id":"bldg_a4a71951-9101-4016-b97a-172dc39a1133"},"geometry":{"type":"Polygon","coordinates":[[[139.65382115420212,35.79283119162221],[139.65384579863948,35.792826709024645],[139.6538685405012,35.792822588630656],[139.65386205236246,35.79279879042072],[139.65388833259644,35.79279400830248],[139.65391716388874,35.79278878020954],[139.6539409069033,35.792875743083655],[139.6538888090548,35.79288520527326],[139.6538932463608,35.79290150386257],[139.65388194512653,35.79290356011033],[139.65388532790098,35.792916015556806],[139.6538688912602,35.79291900064565],[139.65387318367758,35.79293478885321],[139.65383791425623,35.79294118178862],[139.65382685061726,35.792900555685065],[139.6538329843539,35.792899433642994],[139.65383155692015,35.7928941486783],[139.65383801715262,35.79289296763403],[139.65382115420212,35.79283119162221]]]}},{"type":"Feature","properties":{"height":6.52,"gml_id":"bldg_c2e8b104-41cc-4ae7-a814-48e0662662af"},"geometry":{"type":"Polygon","coordinates":[[[139.65842978308478,35.79358677058196],[139.6585502287751,35.79358836535483],[139.65854966199007,35.793616813955325],[139.65862623850737,35.79361739935545],[139.6586238770072,35.793822361931475],[139.65841535704283,35.79382078696174],[139.65841549110954,35.793809084883144],[139.65824174592643,35.79380775759172],[139.6582417514116,35.79380727447419],[139.6581749412348,35.793806260491685],[139.6581777382554,35.79368416450411],[139.65824315332114,35.793685145807416],[139.65824387218927,35.79362322746661],[139.65824873334293,35.793623250769464],[139.6582488398845,35.793614524920265],[139.65842919929082,35.793615893369584],[139.65842978308478,35.79358677058196]]]}},{"type":"Feature","properties":{"height":3.16,"gml_id":"bldg_c4b5eb94-c6f0-4142-a171-0fd0734ad99a"},"geometry":{"type":"Polygon","coordinates":[[[139.65385293826665,35.79572561298285],[139.65379705589348,35.79572475529132],[139.65379798607825,35.79568503584597],[139.65385386842564,35.795685892635646],[139.65385293826665,35.79572561298285]]]}},{"type":"Feature","properties":{"height":7.62,"gml_id":"bldg_f7ff818c-e646-49cc-ae51-75970c423ba5"},"geometry":{"type":"Polygon","coordinates":[[[139.65633457625805,35.7923260061663],[139.6563654119019,35.792319759202044],[139.65639827969196,35.79242736251126],[139.65633276210662,35.79244066020229],[139.65629989661414,35.79233305597753],[139.65633457625805,35.7923260061663]]]}},{"type":"Feature","properties":{"height":6.77,"gml_id":"bldg_c25d37fe-1f78-4ea4-b575-161fb946b5aa"},"geometry":{"type":"Polygon","coordinates":[[[139.65032208271822,35.79526021468457],[139.65032980621135,35.7952558458632],[139.65032475391274,35.795249880228546],[139.65035146371505,35.795234793467515],[139.65043074022245,35.79532801396121],[139.6504040403857,35.795343089938505],[139.65040051288338,35.79533894375503],[139.6503927617005,35.7953433242563],[139.65032208271822,35.79526021468457]]]}},{"type":"Feature","properties":{"height":15.25,"gml_id":"bldg_c885d123-6908-4c56-a6fc-3ecc9dbc2096"},"geometry":{"type":"Polygon","coordinates":[[[139.65117744713635,35.79564626340019],[139.65118445637987,35.79564169063768],[139.6513542115258,35.79564396490851],[139.65135419251922,35.79564793353791],[139.65135775052266,35.795647949739084],[139.65135770804105,35.79565736160493],[139.6513623624234,35.795657386676126],[139.65136157450993,35.795749659714296],[139.6513568801907,35.795749679650264],[139.6513567893993,35.795758929199266],[139.65135396705233,35.7957589420534],[139.65135392569894,35.79576155140829],[139.65120713153684,35.79576077841988],[139.6512069889302,35.79577818153113],[139.65131957491676,35.79577879187454],[139.65132906968205,35.79578073063618],[139.65133349005256,35.795784404933336],[139.65133309738792,35.79582899698477],[139.65132906554578,35.79583299739671],[139.65132903147486,35.795837264351064],[139.65134247024335,35.79583733787243],[139.65134175359495,35.79592648782681],[139.65118309694063,35.79592562744885],[139.6511834422254,35.79588341129389],[139.6511504260341,35.795883509094615],[139.6511500166742,35.795910167796826],[139.65112598236487,35.79591006107229],[139.65112638137018,35.795883579921046],[139.65098941208407,35.79588398430022],[139.6509901861278,35.79578973908539],[139.65111675638266,35.79579039696456],[139.6511165704872,35.795813667819154],[139.65112979573536,35.79581373653395],[139.65112998571578,35.79579400529945],[139.65115296454488,35.79579410321309],[139.65115276446602,35.79581777604976],[139.65118499670177,35.79581795287483],[139.6511855894988,35.79574581847784],[139.65117659382605,35.795745766993186],[139.65117674058027,35.79572897320294],[139.65117169455098,35.795728944827154],[139.65117198540526,35.79569652088948],[139.65117700828958,35.795696509570654],[139.65117744713635,35.79564626340019]]]}},{"type":"Feature","properties":{"height":2.15,"gml_id":"bldg_bc3b41d7-ce5f-4bf7-9417-9c28696dfe5d"},"geometry":{"type":"Polygon","coordinates":[[[139.66014854649075,35.791637167667076],[139.66018649039816,35.79162951032666],[139.6602141778795,35.79171923581056],[139.66017623393398,35.79172689225815],[139.66014854649075,35.791637167667076]]]}},{"type":"Feature","properties":{"height":9.18,"gml_id":"bldg_ea9ee755-82e8-41bb-a114-b376acf1f875"},"geometry":{"type":"Polygon","coordinates":[[[139.65173268796423,35.79523852436856],[139.65167914793096,35.7952401713875],[139.6516765626154,35.79518368958687],[139.65173010705257,35.79518203536482],[139.65173061211144,35.795192970444255],[139.65176951516145,35.79519178622905],[139.651780581631,35.79519145141141],[139.65178192651274,35.79522325679108],[139.65178235638925,35.795233686998884],[139.65173254612435,35.79523522069458],[139.65173268796423,35.79523852436856]]]}},{"type":"Feature","properties":{"height":7.06,"gml_id":"bldg_cfbcdfd6-e91c-4815-8047-7269b5e2a791"},"geometry":{"type":"Polygon","coordinates":[[[139.65747369169893,35.79239523402854],[139.65749579764883,35.792390874961654],[139.65751546034681,35.792457063081606],[139.6574654465701,35.792466939985744],[139.6574623980498,35.792456682627694],[139.6574530224061,35.792458532913805],[139.65744355077467,35.792426628261104],[139.65745291205272,35.79242476894116],[139.6574457861199,35.79240075366378],[139.65747369169893,35.79239523402854]]]}},{"type":"Feature","properties":{"height":2.37,"gml_id":"bldg_f660cfe5-96f9-4af5-9f15-07f2e3f15bf5"},"geometry":{"type":"Polygon","coordinates":[[[139.6551394053774,35.7921391821747],[139.65518779699042,35.79213146618208],[139.65519522294775,35.792162505386564],[139.65514684016904,35.79217022049385],[139.6551394053774,35.7921391821747]]]}},{"type":"Feature","properties":{"height":8.87,"gml_id":"bldg_ca435511-82bf-4f29-bf2c-86fb96527e7d"},"geometry":{"type":"Polygon","coordinates":[[[139.6612529116215,35.79573108444584],[139.66114628414184,35.79573061542212],[139.66114667754113,35.79561186358282],[139.66120150690864,35.7956120980226],[139.66125593461445,35.795612358001804],[139.66125508111247,35.795645943009205],[139.6612539651403,35.79568991213271],[139.6612529116215,35.79573108444584]]]}},{"type":"Feature","properties":{"height":6.83,"gml_id":"bldg_cea6f70c-ac04-4b72-a081-53ede81f3470"},"geometry":{"type":"Polygon","coordinates":[[[139.65558543795007,35.79197205623448],[139.65567055954938,35.79195503017225],[139.65568568268412,35.792005257022645],[139.65560055992808,35.79202228309367],[139.65558543795007,35.79197205623448]]]}},{"type":"Feature","properties":{"height":3.16,"gml_id":"bldg_c4be8200-e8b6-4ec4-b773-6534cb91a21d"},"geometry":{"type":"Polygon","coordinates":[[[139.65609982259394,35.79478179934028],[139.65601200859172,35.79477988248607],[139.6560117847274,35.79475714912162],[139.65609960203562,35.79475906057274],[139.65609982259394,35.79478179934028]]]}},{"type":"Feature","properties":{"height":9.39,"gml_id":"bldg_cff10c58-70b9-41cb-98be-af9f0d3bd7d2"},"geometry":{"type":"Polygon","coordinates":[[[139.65561732785153,35.79252676854535],[139.65554617739647,35.792540254878325],[139.65553049863217,35.79248517340332],[139.65560166227831,35.79247170422464],[139.65561226635046,35.792508935892876],[139.65561732785153,35.79252676854535]]]}},{"type":"Feature","properties":{"height":6.79,"gml_id":"bldg_c625c510-14d1-44e7-879e-97f58c28ed9b"},"geometry":{"type":"Polygon","coordinates":[[[139.6605082976477,35.79714836878655],[139.6605390784979,35.79710324622137],[139.66065290486426,35.79715480851065],[139.6606221251686,35.7971999293036],[139.6605082976477,35.79714836878655]]]}},{"type":"Feature","properties":{"height":5.72,"gml_id":"bldg_cfa6f466-e538-4e73-8a2e-5a6b69de0243"},"geometry":{"type":"Polygon","coordinates":[[[139.65645015010435,35.79236101175765],[139.65649739674006,35.792351278126894],[139.656515181885,35.79240866283025],[139.65646793300482,35.792418396464555],[139.6564604876324,35.792394386968766],[139.6564515345685,35.79239624410787],[139.6564422394781,35.792366232479125],[139.65645118038344,35.792364369013356],[139.65645015010435,35.79236101175765]]]}},{"type":"Feature","properties":{"height":6.95,"gml_id":"bldg_cdb5605f-d752-48b7-84a1-ede159d6c778"},"geometry":{"type":"Polygon","coordinates":[[[139.65915668741525,35.79187287762838],[139.65922419557074,35.791860014829645],[139.65924493148535,35.791932334336146],[139.6591065527005,35.79195869320499],[139.6590866710972,35.79188935659177],[139.659136019503,35.79187995035709],[139.6591411732806,35.79189791820087],[139.65916268655587,35.79189382206499],[139.65915668741525,35.79187287762838]]]}},{"type":"Feature","properties":{"height":9.4,"gml_id":"bldg_d865dc95-8315-444e-ab39-9be910c4b7ff"},"geometry":{"type":"Polygon","coordinates":[[[139.6505020792514,35.79537372462256],[139.65054822915644,35.79535701970293],[139.65057029654196,35.795397560963],[139.65048605652512,35.795428042843795],[139.65046800386517,35.79539485820997],[139.6504749752651,35.795392324292074],[139.6505060640677,35.79538108392134],[139.6505020792514,35.79537372462256]]]}},{"type":"Feature","properties":{"height":9.38,"gml_id":"bldg_cd7fd128-008f-4cc3-b622-a4deeb13b894"},"geometry":{"type":"Polygon","coordinates":[[[139.65821069813583,35.79257783961885],[139.65819282331043,35.79251083849211],[139.6582770818645,35.79249589596313],[139.6582793829289,35.7925045009323],[139.65828223483004,35.792515172606194],[139.65828628057767,35.7925303230422],[139.6582901024504,35.79254464751209],[139.6582927940983,35.792554742085954],[139.6582949556491,35.79256289797746],[139.65821069813583,35.79257783961885]]]}},{"type":"Feature","properties":{"height":7.53,"gml_id":"bldg_ba0c6740-41d1-4c97-aa3a-312a9b44e798"},"geometry":{"type":"Polygon","coordinates":[[[139.66107785187404,35.795625374535966],[139.66109953043582,35.795605602857826],[139.6611404618709,35.7956057867707],[139.6611403271695,35.795625657813964],[139.66114381990036,35.795625673632095],[139.66114310583103,35.7957294724613],[139.66107326104768,35.79572917141608],[139.66107397520784,35.795625372587544],[139.66107785187404,35.795625374535966]]]}},{"type":"Feature","properties":{"height":13.99,"gml_id":"bldg_cb306731-deb7-400c-9c4a-4386cea7c31c"},"geometry":{"type":"Polygon","coordinates":[[[139.6560821923954,35.792705244928285],[139.65609162872704,35.79273886581147],[139.6560238940571,35.79275153993367],[139.65600193058205,35.792738995853384],[139.65598160338388,35.792666691726915],[139.65606684935656,35.79265074809628],[139.65606783397223,35.792654236885404],[139.6560821923954,35.792705244928285]]]}},{"type":"Feature","properties":{"height":14.89,"gml_id":"bldg_cf1d98d5-c044-4e7d-87d1-0bad9ea5ad09"},"geometry":{"type":"Polygon","coordinates":[[[139.66122336800711,35.79265928957135],[139.66121896426358,35.792552860423314],[139.66175843233316,35.79253797218448],[139.66176226510035,35.79263037994066],[139.66176283345317,35.79264441212649],[139.66122336800711,35.79265928957135]]]}},{"type":"Feature","properties":{"height":6.0,"gml_id":"bldg_ecaa29ca-ba92-4673-930a-f1bfb2c025ae"},"geometry":{"type":"Polygon","coordinates":[[[139.65075867387222,35.795515640495644],[139.65075886522948,35.795509371874616],[139.65079757377168,35.795510103955756],[139.65079736669563,35.79551647440591],[139.65079506401597,35.79558676834822],[139.65075211960172,35.79558586218245],[139.6507544024193,35.795515561901375],[139.65075867387222,35.795515640495644]]]}},{"type":"Feature","properties":{"height":7.33,"gml_id":"bldg_fdd0df8b-d716-48e3-8e69-4f5921565403"},"geometry":{"type":"Polygon","coordinates":[[[139.65773697301532,35.79215118156138],[139.6577316950906,35.792133459546875],[139.65778902455116,35.79212211138587],[139.65781315323017,35.792203053931445],[139.65765736118786,35.79223449728789],[139.6576352511199,35.792160337644766],[139.65770919684417,35.79214570042366],[139.65771231353506,35.79215615797611],[139.65773697301532,35.79215118156138]]]}},{"type":"Feature","properties":{"height":23.88,"gml_id":"bldg_c45be33a-0166-49c9-8568-28531a90a09f"},"geometry":{"type":"Polygon","coordinates":[[[139.65993235804046,35.79602546389824],[139.6599328828225,35.79599830778204],[139.65991598142574,35.79599808781288],[139.65992057928645,35.795761408982194],[139.6599374630333,35.79576158205481],[139.6599379927556,35.79573520561513],[139.6600113046936,35.79573609369063],[139.66008637334713,35.79573706537442],[139.66033913350591,35.79574032535056],[139.66033350802107,35.796030571048526],[139.65993235804046,35.79602546389824]]]}},{"type":"Feature","properties":{"height":9.85,"gml_id":"bldg_b2a9c6e7-e376-41cf-b69e-fc6539d3b6be"},"geometry":{"type":"Polygon","coordinates":[[[139.66154514833838,35.796378591073996],[139.6615450520735,35.79638373586079],[139.66149050291077,35.79638311800098],[139.66149059368612,35.796377955179295],[139.66148880252368,35.7963779345923],[139.66149015072858,35.79630158919432],[139.66155012199783,35.79630226888213],[139.6615487738503,35.79637861428093],[139.66154514833838,35.796378591073996]]]}},{"type":"Feature","properties":{"height":8.14,"gml_id":"bldg_c90581c8-46c5-429c-80b9-fa16dd0df5dc"},"geometry":{"type":"Polygon","coordinates":[[[139.65562872050785,35.79208806856034],[139.65562098289274,35.79206029092082],[139.65568722929956,35.79204800511091],[139.65568843880158,35.79205233970559],[139.65569369592072,35.79205136679929],[139.6556952193262,35.792056824944495],[139.6557003491706,35.79205587438372],[139.65570219415568,35.79206248673675],[139.65571278033858,35.79206052570598],[139.65571595007978,35.7920718820381],[139.65572095367395,35.792089883155114],[139.6556338943583,35.79210660984345],[139.65562872050785,35.79208806856034]]]}},{"type":"Feature","properties":{"height":3.42,"gml_id":"bldg_c50cd0d6-923f-4911-bd8d-fe3037872952"},"geometry":{"type":"Polygon","coordinates":[[[139.6538696122036,35.79437456060284],[139.65377190542506,35.79437282384239],[139.65377341602291,35.79431656632078],[139.65387112384104,35.79431830218013],[139.6538704339886,35.79434415557258],[139.6538696122036,35.79437456060284]]]}},{"type":"Feature","properties":{"height":15.18,"gml_id":"bldg_bd4e3579-06e9-4332-a045-c05aa704ea56"},"geometry":{"type":"Polygon","coordinates":[[[139.66096379681633,35.79560732643121],[139.660963340144,35.795660995059286],[139.66073891839065,35.79565979250305],[139.66073968026416,35.795569942187626],[139.66075637391805,35.79557000490724],[139.66096409622142,35.79557115014193],[139.66096407664105,35.795573556727355],[139.6609736653063,35.79557360923113],[139.66097338107582,35.79560737171787],[139.66096379681633,35.79560732643121]]]}},{"type":"Feature","properties":{"height":7.29,"gml_id":"bldg_c634f538-01bd-4b05-9e10-8d6a54fbd61b"},"geometry":{"type":"Polygon","coordinates":[[[139.65142340220507,35.794924982597195],[139.6514460314565,35.79491767711086],[139.65146107884505,35.79491283076168],[139.6514726456122,35.79493665480059],[139.65147615530674,35.794935523502396],[139.6514974322152,35.794979374070785],[139.65144464723934,35.794996397412156],[139.65142338030432,35.79495255045507],[139.65143495568657,35.794948806619566],[139.65142340220507,35.794924982597195]]]}},{"type":"Feature","properties":{"height":20.44,"gml_id":"bldg_c6ff3cdf-ae81-4169-9294-62b863c5f3c3"},"geometry":{"type":"Polygon","coordinates":[[[139.6609252172488,35.79254921184876],[139.66113065581308,35.79254480657985],[139.66113597132485,35.79271058848049],[139.6610513065805,35.792712425845224],[139.66105108965732,35.79270580238673],[139.66102283197355,35.79270639825178],[139.6610219617021,35.792679053535885],[139.66098372792487,35.792679863137785],[139.6609832459876,35.792650979465826],[139.66092849978924,35.79265210879666],[139.6609252172488,35.79254921184876]]]}},{"type":"Feature","properties":{"height":10.95,"gml_id":"bldg_cb25d045-4404-41f3-ad20-20d4dc1ea880"},"geometry":{"type":"Polygon","coordinates":[[[139.65191336945009,35.79602058222746],[139.6519682767195,35.79602121038015],[139.6519656234334,35.79617563611362],[139.65185319433957,35.79617438304507],[139.65185584894954,35.79601995731633],[139.65191336945009,35.79602058222746]]]}},{"type":"Feature","properties":{"height":24.56,"gml_id":"bldg_a9b1992f-30f4-4eb3-8408-675f22a36c6f"},"geometry":{"type":"Polygon","coordinates":[[[139.6572608943657,35.792784700427916],[139.65738336381406,35.792759499381184],[139.65739152164576,35.79276508438835],[139.65739788584492,35.79276377682267],[139.6573994413148,35.79276880054021],[139.65740446036486,35.79277144885022],[139.65743862005547,35.7928819056425],[139.65743438440117,35.79288572389015],[139.6574355903045,35.792889732171474],[139.65742889951073,35.792891140212966],[139.65742553326734,35.79290105198189],[139.65736154354022,35.79291423529132],[139.6573510214498,35.79290716499653],[139.65728924667965,35.792919789965794],[139.6572652124551,35.79283027649101],[139.6572522068064,35.79282717121124],[139.65724553044487,35.79280549018679],[139.65725409023105,35.79279736890581],[139.6572525833501,35.79279238942391],[139.6572587506141,35.792791088788036],[139.6572608943657,35.792784700427916]]]}},{"type":"Feature","properties":{"height":3.53,"gml_id":"bldg_ec74cabb-1f93-4531-9907-e50a74b7e5ee"},"geometry":{"type":"Polygon","coordinates":[[[139.66018021046273,35.79342077252401],[139.66013774434285,35.79341916464039],[139.66013918152916,35.793394150540585],[139.66023367269287,35.7933977369893],[139.66023254135322,35.793417432642514],[139.66018051737404,35.793415461288774],[139.66018021046273,35.79342077252401]]]}},{"type":"Feature","properties":{"height":8.5,"gml_id":"bldg_c2eebf2c-0045-44a0-966e-efdbad3b4ee0"},"geometry":{"type":"Polygon","coordinates":[[[139.65584911591614,35.79198493127677],[139.6559049843575,35.791972474994985],[139.65593102793403,35.792050101958374],[139.6558751594423,35.79206255825198],[139.65584911591614,35.79198493127677]]]}},{"type":"Feature","properties":{"height":9.41,"gml_id":"bldg_c639ae8c-610e-4794-824f-bc3abdb4b0fc"},"geometry":{"type":"Polygon","coordinates":[[[139.65224241902993,35.79590985398501],[139.65198507168836,35.79590710096636],[139.6519867810498,35.79580289179366],[139.65224411257054,35.79580564298167],[139.65224241902993,35.79590985398501]]]}},{"type":"Feature","properties":{"height":1.76,"gml_id":"bldg_c077e689-06fc-48dc-a898-d44a08a74906"},"geometry":{"type":"Polygon","coordinates":[[[139.65503873321938,35.7920081203161],[139.65506007313206,35.792004479841246],[139.65507341086555,35.79205644102945],[139.655052068729,35.79206008060194],[139.65503873321938,35.7920081203161]]]}},{"type":"Feature","properties":{"height":7.85,"gml_id":"bldg_c444e53f-c3a2-455b-8c63-53a7cc067394"},"geometry":{"type":"Polygon","coordinates":[[[139.65676667780457,35.792347948550535],[139.65677576190544,35.79237837176332],[139.65679350819138,35.79237488975074],[139.65680172355778,35.79240244447961],[139.65672734272636,35.79241704715233],[139.6566999082661,35.79232513276562],[139.65671116108234,35.79232288960124],[139.65670167024302,35.792290807294876],[139.65675327236065,35.79228056709099],[139.65677285596348,35.79234671195157],[139.65676667780457,35.792347948550535]]]}},{"type":"Feature","properties":{"height":7.59,"gml_id":"bldg_e1c47d4b-e0ba-42c8-b087-67bd31143482"},"geometry":{"type":"Polygon","coordinates":[[[139.6611841066586,35.79638120509553],[139.66117839227155,35.79638120773007],[139.66117838372594,35.796382091945354],[139.66110987113376,35.79638198030958],[139.66111000912096,35.79633444493966],[139.66117852167432,35.79633455567389],[139.66117850311903,35.79634110578141],[139.66118422189948,35.79634111667344],[139.6611841066586,35.79638120509553]]]}},{"type":"Feature","properties":{"height":3.94,"gml_id":"bldg_aabe6adf-83a1-4e60-8833-63cc009b94fa"},"geometry":{"type":"Polygon","coordinates":[[[139.65631511269135,35.795887631751086],[139.65624755017672,35.79588634968882],[139.65624920018323,35.7958288187411],[139.6563167770538,35.79583009090861],[139.65631511269135,35.795887631751086]]]}},{"type":"Feature","properties":{"height":1.31,"gml_id":"bldg_a64dbfcd-f0dd-4eff-ac23-f8a553c4e4a3"},"geometry":{"type":"Polygon","coordinates":[[[139.65399707033535,35.7958392065617],[139.65401454644385,35.79581455627922],[139.65404131383266,35.79579626447439],[139.65407414583856,35.795786534646],[139.65410908350006,35.79578653985807],[139.65414191049976,35.79579628013472],[139.65416866983264,35.79581457962497],[139.6541861325687,35.79583923241735],[139.65419219333992,35.79586726451889],[139.65418611735174,35.79589529746598],[139.6541686412783,35.79591994777319],[139.65414187387697,35.795938239605945],[139.65410904181675,35.79594796945242],[139.6540741040846,35.79594796424015],[139.65404127592458,35.79593822394343],[139.65401451768807,35.79591992352546],[139.6539970549876,35.79589527070859],[139.65399099428086,35.7958672394989],[139.65399707033535,35.7958392065617]]]}},{"type":"Feature","properties":{"height":2.9,"gml_id":"bldg_c8466286-bc4d-4375-8817-dc72725b8799"},"geometry":{"type":"Polygon","coordinates":[[[139.65998359916793,35.79336049062626],[139.6600416364324,35.793359705378556],[139.6600422884999,35.79339211268714],[139.6599842512138,35.79339289703374],[139.65998359916793,35.79336049062626]]]}},{"type":"Feature","properties":{"height":8.63,"gml_id":"bldg_c3ff8475-00a0-44bc-ba51-d26190cceaa8"},"geometry":{"type":"Polygon","coordinates":[[[139.65865041051765,35.79230520497052],[139.65869364756904,35.792296996952786],[139.65872750004337,35.79241510363466],[139.658631278355,35.79243342540001],[139.65859740613553,35.79231530333988],[139.65865041051765,35.79230520497052]]]}},{"type":"Feature","properties":{"height":24.97,"gml_id":"bldg_c24b5c52-227e-4a98-8102-74e9f44db1df"},"geometry":{"type":"Polygon","coordinates":[[[139.6620394739567,35.792335650283334],[139.66216074386386,35.792334846813006],[139.66216105377157,35.79238120929151],[139.66219142349667,35.7923810280836],[139.66222528257114,35.79238082569419],[139.6622232408684,35.79248584583573],[139.66220651381704,35.79248566429436],[139.6622064614196,35.792507007377445],[139.66216319356158,35.79250699626749],[139.6621633130339,35.79252144513963],[139.66219665009712,35.792521708015215],[139.66219641587332,35.79254065233682],[139.66216347030817,35.79254044950783],[139.6621636277662,35.79255936824761],[139.66220570801306,35.79255912709091],[139.66220588253455,35.792579379858545],[139.66222862859732,35.7925792598995],[139.662229471855,35.79268493942713],[139.6622107360643,35.79268510114773],[139.6622107279905,35.792688866992485],[139.6621820529752,35.79268907044716],[139.66218204898922,35.79268525410942],[139.66216465421041,35.79268534201789],[139.66216477089705,35.79270057416208],[139.66204419983413,35.79270128038365],[139.66204404390106,35.79268321072166],[139.66203967610178,35.79268324235636],[139.66203950596926,35.79265993310434],[139.66204385283245,35.792659861780265],[139.66204356512657,35.792627414435636],[139.6620388576678,35.79262745730406],[139.66203866483144,35.79260287080109],[139.66204337901178,35.79260278828269],[139.66204312230568,35.792571876888836],[139.66203804977368,35.792571916533106],[139.66203787506205,35.792547648233665],[139.66204292334848,35.792547564388514],[139.66204266078643,35.792515773264704],[139.66203697760815,35.792515796716025],[139.662036824045,35.79249559265093],[139.66204248299522,35.79249551688658],[139.66204200495704,35.792433707668316],[139.66203523975148,35.79243375932285],[139.66203504867082,35.79240887086805],[139.66204007923983,35.79240879060319],[139.66203981925685,35.79237837584965],[139.66203440599642,35.79237841410704],[139.6620342130126,35.7923544125815],[139.66203961971482,35.79235433645793],[139.6620394739567,35.792335650283334]]]}},{"type":"Feature","properties":{"height":8.85,"gml_id":"bldg_c346acb3-c93a-4e31-9278-4d748d0c186b"},"geometry":{"type":"Polygon","coordinates":[[[139.66049536905112,35.79728349908779],[139.66049979864843,35.797276505547025],[139.66055970317393,35.79730170424075],[139.66051467999785,35.797372806770724],[139.66047067180568,35.79735428920524],[139.66047519356826,35.79734714346931],[139.66045930718755,35.79734044701079],[139.66049536905112,35.79728349908779]]]}},{"type":"Feature","properties":{"height":9.15,"gml_id":"bldg_c2485878-618f-4524-9b8d-c655dd9d6915"},"geometry":{"type":"Polygon","coordinates":[[[139.65058306301623,35.79533753041235],[139.65062496131773,35.795323179645166],[139.6506504479205,35.79537265939833],[139.6505915759199,35.79539281793647],[139.650569726364,35.79535039318308],[139.6505866746006,35.79534457997708],[139.65058306301623,35.79533753041235]]]}},{"type":"Feature","properties":{"height":7.29,"gml_id":"bldg_c1349904-c0e2-4d0f-88cc-ed72943c0b4e"},"geometry":{"type":"Polygon","coordinates":[[[139.6561451354628,35.79211851493468],[139.65622079411094,35.79210381986118],[139.65623901933728,35.792166179827234],[139.65617327078277,35.79217895160276],[139.6561713218794,35.79217228682539],[139.65616141173066,35.79217421013436],[139.6561451354628,35.79211851493468]]]}},{"type":"Feature","properties":{"height":2.27,"gml_id":"bldg_ccf20029-8051-4d27-9311-87532904e4ca"},"geometry":{"type":"Polygon","coordinates":[[[139.65696764922816,35.79266627895692],[139.65707835709006,35.792644706944216],[139.65709583916325,35.792704287714315],[139.65698513011898,35.792725858839724],[139.65696764922816,35.79266627895692]]]}},{"type":"Feature","properties":{"height":5.36,"gml_id":"bldg_ac9cb5ac-4fbf-47b5-8d7d-25e9bef0f055"},"geometry":{"type":"Polygon","coordinates":[[[139.65427422217658,35.79609011738986],[139.65429050067414,35.79608245579228],[139.6543089997156,35.79608511619],[139.6543210714818,35.79609684183979],[139.65432106035865,35.79611215851785],[139.65430897468943,35.79612389146522],[139.6542904747779,35.796126546345924],[139.65427420740144,35.79611889216681],[139.65426778626048,35.79610450962638],[139.65427422217658,35.79609011738986]]]}},{"type":"Feature","properties":{"height":7.03,"gml_id":"bldg_f3e9d1bb-8d15-432d-b2c7-cc3e0d4cb509"},"geometry":{"type":"Polygon","coordinates":[[[139.65081019844874,35.79593577003577],[139.6507551846124,35.795934360620684],[139.65075803454653,35.795860389993344],[139.65080475673554,35.79586155336966],[139.65080427795485,35.795874011146225],[139.6508125740501,35.79587422564308],[139.65081019844874,35.79593577003577]]]}},{"type":"Feature","properties":{"height":17.96,"gml_id":"bldg_c1e6ddd6-5aa7-4a7d-85ad-aeda703eed83"},"geometry":{"type":"Polygon","coordinates":[[[139.65841207910708,35.792552668598574],[139.6583978801434,35.79250395320529],[139.6583920972082,35.7925050723854],[139.6583532668358,35.79237180751156],[139.65859329631004,35.792325357377365],[139.6586034183561,35.792360037252834],[139.65863076688441,35.792453805167604],[139.65864320228735,35.79249656092467],[139.65863842314113,35.79249751572584],[139.65864154707435,35.79250826440159],[139.65841207910708,35.792552668598574]]]}},{"type":"Feature","properties":{"height":4.73,"gml_id":"bldg_c670b85a-e5a8-4936-83d9-65877012d272"},"geometry":{"type":"Polygon","coordinates":[[[139.65692744773958,35.79649999168173],[139.6568924105134,35.796498839719504],[139.65689417267637,35.79646393740405],[139.65692920988727,35.79646508936573],[139.65692744773958,35.79649999168173]]]}},{"type":"Feature","properties":{"height":2.53,"gml_id":"bldg_dfcf0049-4160-4826-8d6c-5d36edfb2588"},"geometry":{"type":"Polygon","coordinates":[[[139.66055504652482,35.796268379058546],[139.6604942628184,35.79626788428673],[139.6604949094558,35.79621604839051],[139.66055569311885,35.7962165449646],[139.66055504652482,35.796268379058546]]]}},{"type":"Feature","properties":{"height":2.36,"gml_id":"bldg_c4a5e4b3-a7f0-43fa-ac59-c02c1ec7c4e9"},"geometry":{"type":"Polygon","coordinates":[[[139.66191027217047,35.793453550453044],[139.66193715319483,35.79345274150075],[139.66193937146997,35.79350164129786],[139.66191247824224,35.79350245834539],[139.66191027217047,35.793453550453044]]]}},{"type":"Feature","properties":{"height":2.46,"gml_id":"bldg_bc155f2e-da44-4b2c-afb2-99d877bb5c2c"},"geometry":{"type":"Polygon","coordinates":[[[139.66031171610953,35.79220303458846],[139.6603540432598,35.79219496076838],[139.66035976830915,35.792214914162386],[139.66031744115085,35.79222298708308],[139.66031171610953,35.79220303458846]]]}},{"type":"Feature","properties":{"height":10.11,"gml_id":"bldg_cdbe470f-1d5b-4dfb-8e2e-af475687a000"},"geometry":{"type":"Polygon","coordinates":[[[139.6595238267106,35.79247428290639],[139.65992234455067,35.7923943746146],[139.65992425133922,35.79240274823748],[139.65994562481384,35.79249666407305],[139.65995885506882,35.79249417918925],[139.66001852537613,35.79268970845914],[139.65988385225268,35.792714279864995],[139.65987237443062,35.79267549968709],[139.65988702166595,35.79267210738944],[139.65984154613804,35.79251861063689],[139.65960091715007,35.792562025734426],[139.6596084924401,35.79258320677589],[139.6595266962225,35.79259836651658],[139.65951345029595,35.79254910460894],[139.65953345765814,35.792545181994456],[139.6595142076267,35.792487353954904],[139.65952696253586,35.792484705286434],[139.6595238267106,35.79247428290639]]]}},{"type":"Feature","properties":{"height":7.15,"gml_id":"bldg_c95f9adf-b6ca-4ec1-8142-dc75cbee849a"},"geometry":{"type":"Polygon","coordinates":[[[139.65191426266645,35.79565928967205],[139.6519127631742,35.7957198060665],[139.65191245815842,35.79573182424985],[139.65184000332766,35.79573063598494],[139.6518418178423,35.79565810863425],[139.65188210765652,35.79565874991378],[139.65191426266645,35.79565928967205]]]}},{"type":"Feature","properties":{"height":5.2,"gml_id":"bldg_c87e76dc-7ec5-474f-b055-7345bb8bfe4f"},"geometry":{"type":"Polygon","coordinates":[[[139.66126807477306,35.7938644742872],[139.66114403678168,35.79386267879419],[139.6611451527456,35.79381206127398],[139.66126918955013,35.79381385766539],[139.66126807477306,35.7938644742872]]]}},{"type":"Feature","properties":{"height":5.95,"gml_id":"bldg_ec79f811-d13f-43a0-88f8-d0001628f9f9"},"geometry":{"type":"Polygon","coordinates":[[[139.65173072609318,35.79532326123122],[139.65173103104564,35.79531322692596],[139.65178274957444,35.795314230717686],[139.65178048038302,35.7953906142756],[139.65174038240696,35.79538983985163],[139.65174022477723,35.79539493406211],[139.65165188760812,35.79539319530619],[139.65165210201255,35.7953860055353],[139.65161022625125,35.795385178807244],[139.65161230104613,35.79531552806774],[139.65166355158976,35.795316531203454],[139.65166338883435,35.795321930964896],[139.65173072609318,35.79532326123122]]]}},{"type":"Feature","properties":{"height":11.02,"gml_id":"bldg_c4b79592-8ea1-4eba-9d93-54ecb9018c70"},"geometry":{"type":"Polygon","coordinates":[[[139.66153230568221,35.79685189853568],[139.6615324499389,35.7968393654258],[139.6616130391316,35.79683992131098],[139.66161259680874,35.79688094937463],[139.66161216571052,35.79691984575381],[139.66153173022064,35.79691929098894],[139.6615317185748,35.796919561378246],[139.661438281186,35.796918912258526],[139.66143902104383,35.796851253240305],[139.66153230568221,35.79685189853568]]]}},{"type":"Feature","properties":{"height":6.9,"gml_id":"bldg_c6aa8254-7a47-4c45-9761-4c56edff32d4"},"geometry":{"type":"Polygon","coordinates":[[[139.6602596259423,35.796446519469676],[139.66025926206288,35.796462280909644],[139.66027692242307,35.7964625487934],[139.6603408893243,35.79646354039404],[139.6603383376793,35.79657394978719],[139.66020773736892,35.79657195910415],[139.66021029141118,35.796461547914724],[139.6602163474884,35.79646162964402],[139.6602167146895,35.796445870913004],[139.6602596259423,35.796446519469676]]]}},{"type":"Feature","properties":{"height":16.41,"gml_id":"bldg_f09a9ea4-1205-4ad0-b3dc-26f291f682a1"},"geometry":{"type":"Polygon","coordinates":[[[139.6598805328291,35.79553216951415],[139.65976088249008,35.79553079264199],[139.65976484659024,35.79530236747885],[139.65988360947188,35.79530417120931],[139.66004893821577,35.79530669992883],[139.66023733913417,35.795309594237416],[139.6602894233333,35.79531038488134],[139.66031837669001,35.795310829451644],[139.66034024961988,35.79531117189016],[139.6603552191677,35.79531139893521],[139.6603527960675,35.795450836620276],[139.66033993277063,35.795450710852805],[139.66033842715177,35.79553741888035],[139.66012388710107,35.795534970203036],[139.6601236117861,35.79555069571841],[139.66009002589666,35.795550315633406],[139.66008996445964,35.79555364424282],[139.6600257753432,35.79555291538441],[139.66002610551425,35.79553384502606],[139.6599714319529,35.795533215482216],[139.65997117136615,35.795547749429325],[139.65988027992526,35.795546724203234],[139.6598805328291,35.79553216951415]]]}},{"type":"Feature","properties":{"height":7.33,"gml_id":"bldg_cf0b1ca1-317d-43a2-91dd-a4d26a9b86b5"},"geometry":{"type":"Polygon","coordinates":[[[139.65728190268626,35.79188817349963],[139.65735537887065,35.79187366289862],[139.6573696691211,35.791921780955086],[139.65729619179265,35.79193628976029],[139.65728190268626,35.79188817349963]]]}},{"type":"Feature","properties":{"height":9.2,"gml_id":"bldg_e9cf62d1-77ed-40ae-9428-ab2d4b82fe08"},"geometry":{"type":"Polygon","coordinates":[[[139.66182316022375,35.79204641114529],[139.66191358783405,35.79202872843912],[139.66191972507758,35.792049586405504],[139.6619271252218,35.792074800612504],[139.6618366975661,35.79209248152587],[139.66183360589798,35.79208197003394],[139.66183078696233,35.79208251583921],[139.6618214171082,35.79205033315387],[139.66182414529885,35.79204979983834],[139.66182316022375,35.79204641114529]]]}},{"type":"Feature","properties":{"height":23.34,"gml_id":"bldg_c121d407-8efd-492a-8344-39b4fa56caa7"},"geometry":{"type":"Polygon","coordinates":[[[139.6523957344909,35.79552310862607],[139.65242216277858,35.795523728864595],[139.65242440663832,35.79546362009157],[139.6523997850107,35.79546301519115],[139.65240060814799,35.79544105045114],[139.65233150811048,35.795438853508486],[139.65233332802947,35.795400817338134],[139.65226495928027,35.79539912892],[139.6522686752584,35.79529976302277],[139.65233012858735,35.79530124633635],[139.6525197786414,35.79530592487546],[139.65251805442057,35.79535254748449],[139.65251608848283,35.79540526377902],[139.65251187656364,35.79551856566057],[139.65250994812655,35.79556986418128],[139.65243446568172,35.7955680371689],[139.652419294961,35.79557503949063],[139.65240625693704,35.79557634125637],[139.65239856570074,35.79557383834249],[139.652395389725,35.795570259697676],[139.65239254865435,35.79555120712446],[139.65242124517812,35.79554832270973],[139.65242158086514,35.795539334019004],[139.6523951349586,35.79553867499564],[139.6523957344909,35.79552310862607]]]}},{"type":"Feature","properties":{"height":1.85,"gml_id":"bldg_c4cccda7-b804-47ca-bd76-5798e330e5bc"},"geometry":{"type":"Polygon","coordinates":[[[139.65619383458557,35.79180120377826],[139.65623275526173,35.79179479209223],[139.6562444318125,35.79184187708639],[139.6562055111123,35.791848289677446],[139.65619383458557,35.79180120377826]]]}},{"type":"Feature","properties":{"height":1.42,"gml_id":"bldg_c0243a11-3888-4b78-9843-8d2790f62d3f"},"geometry":{"type":"Polygon","coordinates":[[[139.65421924264362,35.792204983001994],[139.6542455588129,35.79219986645618],[139.65425608868827,35.79223584705525],[139.6542297725098,35.79224096270196],[139.65421924264362,35.792204983001994]]]}},{"type":"Feature","properties":{"height":11.91,"gml_id":"bldg_b49b8fad-4f10-447f-93fd-a0fbbe568cfa"},"geometry":{"type":"Polygon","coordinates":[[[139.65037369863634,35.79524225174974],[139.65043860646202,35.79521211370219],[139.6505255560623,35.795336524514994],[139.65053188454564,35.79534563510012],[139.650458326597,35.79538134122049],[139.65045090079892,35.79537118609686],[139.65044644077813,35.79537325512959],[139.6504278167726,35.79534656296911],[139.65044196994802,35.7953399703679],[139.65037369863634,35.79524225174974]]]}},{"type":"Feature","properties":{"height":6.97,"gml_id":"bldg_cdbe20c4-b8e5-44e8-ba01-92d83ddc5e34"},"geometry":{"type":"Polygon","coordinates":[[[139.6574149735238,35.7922093394588],[139.6574761356498,35.792197346277035],[139.65749175116227,35.792258623316336],[139.65743060671036,35.79227060841952],[139.6574149735238,35.7922093394588]]]}},{"type":"Feature","properties":{"height":1.73,"gml_id":"bldg_c5f5eaed-782e-4fa8-8b44-1356097e7c3d"},"geometry":{"type":"Polygon","coordinates":[[[139.66086673738923,35.79270390395238],[139.6608925285959,35.79270353984017],[139.6608933236612,35.7927421189226],[139.66086753243428,35.79274248664034],[139.66086673738923,35.79270390395238]]]}},{"type":"Feature","properties":{"height":7.96,"gml_id":"bldg_c3d54922-b30b-420c-a2a6-9152a9bbebb0"},"geometry":{"type":"Polygon","coordinates":[[[139.65156419068634,35.79522984571564],[139.65155505384294,35.7952296254929],[139.65155571543136,35.795211657114294],[139.65166381647705,35.79521425955543],[139.651663669614,35.795222884383],[139.6516635056699,35.79523220863488],[139.65166316593834,35.795251199634954],[139.6515635046139,35.795248849712124],[139.65156419068634,35.79522984571564]]]}},{"type":"Feature","properties":{"height":2.87,"gml_id":"bldg_cf3abc17-f1e9-4129-8652-0a761c9502ce"},"geometry":{"type":"Polygon","coordinates":[[[139.662230948693,35.79178442139773],[139.66226991502404,35.79177661072322],[139.66229040329424,35.79184445143047],[139.66225143693012,35.791852263012814],[139.662230948693,35.79178442139773]]]}},{"type":"Feature","properties":{"height":7.48,"gml_id":"bldg_af5e41ec-903f-4da2-95a2-be41d03d6bd8"},"geometry":{"type":"Polygon","coordinates":[[[139.66007201954613,35.794947641200416],[139.65979024495365,35.7949447552175],[139.65979182173967,35.79484390235201],[139.66007359596443,35.79484679373837],[139.66007201954613,35.794947641200416]]]}},{"type":"Feature","properties":{"height":9.35,"gml_id":"bldg_c561aa56-b88f-4244-83c5-cdbdbc94ced5"},"geometry":{"type":"Polygon","coordinates":[[[139.65085481361743,35.795186697865105],[139.65085204080037,35.79518102504628],[139.65088176967197,35.79517127695761],[139.6508843729689,35.79517609143025],[139.65092378369198,35.79524903104446],[139.65091944542948,35.79525059822574],[139.6509256001399,35.79526314718937],[139.6508870038915,35.795275776079215],[139.65088029566672,35.795263377701104],[139.65084087066813,35.79519040560246],[139.65084839484152,35.79518900189741],[139.65085481361743,35.795186697865105]]]}},{"type":"Feature","properties":{"height":22.7,"gml_id":"bldg_cae1c0ab-8cd6-4fa4-87ab-896103ae0613"},"geometry":{"type":"Polygon","coordinates":[[[139.6609745556626,35.79438983958362],[139.66092003378833,35.79449450049966],[139.6609198650069,35.79450195625399],[139.66042657340438,35.794495311590246],[139.66042753610375,35.79444824519513],[139.66040313429477,35.794447913557356],[139.66040425828072,35.79439381503379],[139.66042864244994,35.794394110591824],[139.66043118064033,35.79427092084509],[139.6608834280675,35.79427700637802],[139.66092446422434,35.79427756277278],[139.66092417835262,35.79429159283232],[139.6609745556626,35.79438983958362]]]}},{"type":"Feature","properties":{"height":1.95,"gml_id":"bldg_dd72f28a-88c6-43ac-8d39-a939ed32206e"},"geometry":{"type":"Polygon","coordinates":[[[139.65700245319226,35.791939965032675],[139.65709746139623,35.79192098119669],[139.65710533361604,35.791947146417755],[139.65701032538274,35.7919661302598],[139.65700245319226,35.791939965032675]]]}},{"type":"Feature","properties":{"height":8.0,"gml_id":"bldg_c28e0b26-5e9e-4360-bcfb-51448e7d3cf6"},"geometry":{"type":"Polygon","coordinates":[[[139.65890681140206,35.792594109549064],[139.6589282616485,35.79258958432005],[139.6589528663156,35.79258440477227],[139.658970276458,35.79264817466035],[139.65891026476515,35.79266017297396],[139.65889195357184,35.79259311453293],[139.6589056838945,35.79259013925277],[139.65890681140206,35.792594109549064]]]}},{"type":"Feature","properties":{"height":9.4,"gml_id":"bldg_c6cf67c9-24fc-4964-aed8-7d20e6386725"},"geometry":{"type":"Polygon","coordinates":[[[139.65586924155565,35.79209103500251],[139.65590386699336,35.792084451235056],[139.6559096313959,35.79210461130789],[139.65591532660312,35.79212454684119],[139.6559197186199,35.792139986301294],[139.65583280694213,35.79215648260478],[139.6558283994029,35.79214106565246],[139.6558228031341,35.79212142229982],[139.65587506386657,35.792111517847104],[139.65586924155565,35.79209103500251]]]}},{"type":"Feature","properties":{"height":15.74,"gml_id":"bldg_c6d31bb7-59e8-4ac9-8d5f-55ce2d49f2c7"},"geometry":{"type":"Polygon","coordinates":[[[139.66094813334382,35.79469904618237],[139.66026738954199,35.7946898533496],[139.6602707593141,35.794525635197985],[139.66095150060363,35.7945348307105],[139.66094813334382,35.79469904618237]]]}},{"type":"Feature","properties":{"height":2.01,"gml_id":"bldg_cdb13797-368d-4aa8-a322-81e352b23dcd"},"geometry":{"type":"Polygon","coordinates":[[[139.6575128020114,35.79377483106296],[139.6575356642777,35.793773845961304],[139.65753756837668,35.793803432972325],[139.6575147028028,35.79380440905597],[139.6575128020114,35.79377483106296]]]}},{"type":"Feature","properties":{"height":10.04,"gml_id":"bldg_eebc7270-bc38-4012-a0a0-be53c6941063"},"geometry":{"type":"Polygon","coordinates":[[[139.65782603509822,35.79512913783282],[139.65785992382013,35.795129068315234],[139.65785996983882,35.795156444287265],[139.65782606229743,35.79515651377738],[139.65782603509822,35.79512913783282]]]}},{"type":"Feature","properties":{"height":8.85,"gml_id":"bldg_f683a5a2-d385-4d24-bd4a-0a42395eccd2"},"geometry":{"type":"Polygon","coordinates":[[[139.6609031034007,35.79731445019525],[139.66084161088787,35.797416804377505],[139.66078849736215,35.797395600452106],[139.66084998771376,35.79729324629365],[139.6608765256896,35.797303824783704],[139.66089627854439,35.79731170660359],[139.6609031034007,35.79731445019525]]]}},{"type":"Feature","properties":{"height":7.51,"gml_id":"bldg_c2d981a7-6b8e-4551-ac6e-ef7459a5662b"},"geometry":{"type":"Polygon","coordinates":[[[139.65134280234437,35.795059045997874],[139.65134526699987,35.795058201554845],[139.6513389346295,35.795045427906324],[139.65138459914465,35.79503037411014],[139.65139077190474,35.795042795085635],[139.65139503020026,35.795041354857055],[139.65142705407501,35.79510417174981],[139.65137483616473,35.79512185300446],[139.65134280234437,35.795059045997874]]]}},{"type":"Feature","properties":{"height":2.04,"gml_id":"bldg_c056eaea-2677-41f1-8e0f-b2e8f7b088e1"},"geometry":{"type":"Polygon","coordinates":[[[139.6623121978402,35.794480579791184],[139.66234402494445,35.79447855194259],[139.66234600412946,35.79449923451153],[139.66231417591266,35.79450126145771],[139.6623121978402,35.794480579791184]]]}},{"type":"Feature","properties":{"height":7.18,"gml_id":"bldg_cbca7be2-d00a-4150-9843-04028f137c98"},"geometry":{"type":"Polygon","coordinates":[[[139.6607173213082,35.79740703831309],[139.66065429435162,35.79738188478829],[139.6606889492718,35.79732419838136],[139.6606955537996,35.797313204145865],[139.66075429277248,35.797336645233266],[139.66074769934383,35.79734762596757],[139.6607519773003,35.797349351889736],[139.6607173213082,35.79740703831309]]]}},{"type":"Feature","properties":{"height":9.84,"gml_id":"bldg_c89efcac-5045-46e1-afdc-faef26c71217"},"geometry":{"type":"Polygon","coordinates":[[[139.65516600999925,35.7932334262411],[139.6551383180085,35.793139607472206],[139.65522224820742,35.79312313429935],[139.65524995250098,35.79321693504046],[139.65525571152023,35.79323649483124],[139.65521307396426,35.79324487195283],[139.6552073016368,35.79322533106874],[139.65516600999925,35.7932334262411]]]}},{"type":"Feature","properties":{"height":7.72,"gml_id":"bldg_c3d9879a-8d75-4995-a811-2adeae7881aa"},"geometry":{"type":"Polygon","coordinates":[[[139.65114893515965,35.795779092281464],[139.65104597895646,35.79577846212653],[139.6510464657475,35.79572663685924],[139.6510215310252,35.79572648368118],[139.65102240047133,35.79563356179478],[139.65115028235496,35.79563433429622],[139.65114893515965,35.795779092281464]]]}},{"type":"Feature","properties":{"height":8.02,"gml_id":"bldg_c4effc15-d30f-4727-9c41-87bf3928c4ab"},"geometry":{"type":"Polygon","coordinates":[[[139.6552070111927,35.792734334454344],[139.6552624160105,35.79272368049411],[139.65530590907548,35.79287374907956],[139.6552143673334,35.79289137378309],[139.6551708755315,35.792741307871125],[139.6552070111927,35.792734334454344]]]}},{"type":"Feature","properties":{"height":6.06,"gml_id":"bldg_cdccc165-51e4-4b81-ae2e-18aea31f6deb"},"geometry":{"type":"Polygon","coordinates":[[[139.66037988569886,35.79730064621642],[139.66037041143002,35.79731560947077],[139.66036311155187,35.79731254157977],[139.66033628517278,35.797354904436624],[139.66028245358575,35.797332260695036],[139.66030948537846,35.79728956915175],[139.66034591511087,35.797304881477835],[139.66035518177776,35.7972902469206],[139.66037988569886,35.79730064621642]]]}},{"type":"Feature","properties":{"height":39.7,"gml_id":"bldg_c3b190d6-15cb-4717-a682-0fffb9c76771"},"geometry":{"type":"Polygon","coordinates":[[[139.66225887705906,35.79385122933603],[139.66220405730172,35.793848623030826],[139.6621514522373,35.79383578678576],[139.66210389813884,35.79381341237552],[139.66206396022133,35.79378270676706],[139.6620337889596,35.79374532521275],[139.66201501407215,35.79370328186319],[139.66200864407188,35.79365884506505],[139.6620150456275,35.79361436156626],[139.66203385170522,35.7935722744117],[139.66206403175465,35.79353489860664],[139.66210397848192,35.793504199508845],[139.66215153763386,35.79348183433531],[139.6622041454909,35.793469008143695],[139.66225896618394,35.793466410935096],[139.66231304443343,35.79347418452254],[139.66236346488344,35.79349190923766],[139.66240750803186,35.79351863029103],[139.66244280169224,35.793552904856334],[139.66246744139818,35.79359288786792],[139.66248009973714,35.79363642230942],[139.6624800935773,35.7936811618916],[139.66246740583424,35.7937247414381],[139.66244273638867,35.79376476704295],[139.66240743413485,35.79379903590528],[139.66236338257679,35.793825748888054],[139.66231295788717,35.79384346449157],[139.66225887705906,35.79385122933603]]]}},{"type":"Feature","properties":{"height":6.34,"gml_id":"bldg_ce2cef2f-0493-4c77-88b0-602a27eb67fc"},"geometry":{"type":"Polygon","coordinates":[[[139.65577995836415,35.792501749262726],[139.65582952270185,35.7924920995377],[139.6558331098553,35.792504316373616],[139.65583980041188,35.79250301297752],[139.65584634004566,35.79252530139118],[139.6558531771118,35.79254866105167],[139.65576846208583,35.79256516956268],[139.65575508653598,35.79251952238235],[139.65578353111238,35.79251397328965],[139.65577995836415,35.792501749262726]]]}},{"type":"Feature","properties":{"height":4.23,"gml_id":"bldg_fc54cc58-0836-42f6-adc1-401e41a0d423"},"geometry":{"type":"Polygon","coordinates":[[[139.66166289653657,35.79442933194671],[139.66159764268102,35.79442922073686],[139.66159786501785,35.794350058777496],[139.66166311991697,35.794350169087295],[139.66166289653657,35.79442933194671]]]}},{"type":"Feature","properties":{"height":10.52,"gml_id":"bldg_a5b5fcbf-2179-4236-a3b6-b49e2441c31e"},"geometry":{"type":"Polygon","coordinates":[[[139.65859290585715,35.79264469383901],[139.65865630946092,35.792632733961426],[139.65866690157824,35.79267002303053],[139.65867959910466,35.792714858586244],[139.6586162120436,35.79272681399314],[139.65859290585715,35.79264469383901]]]}},{"type":"Feature","properties":{"height":2.45,"gml_id":"bldg_c8249338-2bfe-4e5b-be4d-3c5bcf2fbc0c"},"geometry":{"type":"Polygon","coordinates":[[[139.6624387530169,35.79338992173412],[139.66242120458392,35.793389879666165],[139.66242131647536,35.793362426393784],[139.6624388649023,35.79336246846168],[139.6624387530169,35.79338992173412]]]}},{"type":"Feature","properties":{"height":11.59,"gml_id":"bldg_b83ee776-fbd8-4a3d-b137-5de6593a2195"},"geometry":{"type":"Polygon","coordinates":[[[139.65456833591264,35.793284297583234],[139.65474679284716,35.793250507823544],[139.65477464152903,35.79334827574312],[139.65459618328302,35.79338206464],[139.65456833591264,35.793284297583234]]]}},{"type":"Feature","properties":{"height":9.81,"gml_id":"bldg_e27b2c93-2adf-4827-a415-5a4743567b89"},"geometry":{"type":"Polygon","coordinates":[[[139.6587026656986,35.79265775707635],[139.6586933306337,35.79262640074387],[139.65869656248447,35.79262575466034],[139.65869469771116,35.792619471318886],[139.65875502942308,35.79260784493519],[139.6587568360514,35.79261390645827],[139.65876183984733,35.79261292313525],[139.65877329802893,35.792651327525796],[139.65878491741825,35.792690386531866],[139.6587164081419,35.79270386415329],[139.6587153296533,35.79270024725716],[139.65868640834762,35.792705816180785],[139.65867266416853,35.79266354345686],[139.6587026656986,35.79265775707635]]]}},{"type":"Feature","properties":{"height":9.61,"gml_id":"bldg_d95df55a-94af-47f6-b6b5-51a0ce446d13"},"geometry":{"type":"Polygon","coordinates":[[[139.65723501617563,35.792510071422235],[139.65721743029354,35.79244987759775],[139.65731158563915,35.79243159900713],[139.65731884689774,35.792456439229085],[139.65732565032548,35.792455110677594],[139.6573309723967,35.79247335105192],[139.6573241800147,35.79247468683071],[139.65732917048007,35.792491793717964],[139.65723501617563,35.792510071422235]]]}},{"type":"Feature","properties":{"height":2.72,"gml_id":"bldg_f026425b-f1b4-4521-8686-e7a76cd55095"},"geometry":{"type":"Polygon","coordinates":[[[139.6608998201731,35.79708738472146],[139.66091237021303,35.79707951047105],[139.6609218202657,35.79708952273256],[139.66090926912068,35.79709739608102],[139.6608998201731,35.79708738472146]]]}},{"type":"Feature","properties":{"height":2.82,"gml_id":"bldg_f361b2b6-9702-494c-9245-6ad633805e17"},"geometry":{"type":"Polygon","coordinates":[[[139.6587586293578,35.793842010664],[139.65871532080803,35.79384105363473],[139.65871629586326,35.79381205760435],[139.65875960548593,35.793813022746996],[139.6587586293578,35.793842010664]]]}},{"type":"Feature","properties":{"height":6.94,"gml_id":"bldg_ba9f66b2-ae6e-48d5-89b6-f596ee067c09"},"geometry":{"type":"Polygon","coordinates":[[[139.65791381949074,35.79186379333762],[139.65794114410505,35.79185874775901],[139.6579642899271,35.791941947637035],[139.65793219957635,35.79194788582017],[139.657903727334,35.79193598066428],[139.65788512689377,35.79186910641879],[139.65791381949074,35.79186379333762]]]}},{"type":"Feature","properties":{"height":8.75,"gml_id":"bldg_c7214ae6-4866-4287-9835-1fd1b2ceaf92"},"geometry":{"type":"Polygon","coordinates":[[[139.66161032868067,35.79683881778904],[139.66143961357963,35.79683760760026],[139.66144062002806,35.796745313176764],[139.66161133493364,35.79674652246223],[139.66161032868067,35.79683881778904]]]}},{"type":"Feature","properties":{"height":9.65,"gml_id":"bldg_a8cd2a12-f63c-42cd-bead-c9224e916454"},"geometry":{"type":"Polygon","coordinates":[[[139.65099291913674,35.79520852363348],[139.6510160742334,35.79520064215992],[139.65101983676868,35.79520797676837],[139.6510230144275,35.795206910778816],[139.65103173359955,35.79522384961037],[139.65102109299303,35.79524649530066],[139.65100967443124,35.79525033487728],[139.6510114654415,35.79525379969093],[139.65095836605778,35.795272240169545],[139.6509549491013,35.79526570107701],[139.65094524710173,35.79526975416782],[139.65092636906417,35.795231194481566],[139.650936319609,35.79522779164498],[139.65097123884996,35.795215898976146],[139.65099291913674,35.79520852363348]]]}},{"type":"Feature","properties":{"height":8.49,"gml_id":"bldg_c2495746-0722-45da-afde-9fce5d8fad6e"},"geometry":{"type":"Polygon","coordinates":[[[139.65371669000015,35.79214156132],[139.6538074917215,35.792123164188695],[139.6538091950591,35.79212874160487],[139.65381884931034,35.79216044130739],[139.65372805973877,35.79217882945171],[139.65371669000015,35.79214156132]]]}},{"type":"Feature","properties":{"height":7.01,"gml_id":"bldg_c1a8e13f-c570-4061-93c7-2677516f71d0"},"geometry":{"type":"Polygon","coordinates":[[[139.66197697122206,35.791875768886385],[139.6620457902868,35.79186169405002],[139.66206665658817,35.79192960744103],[139.66199785966023,35.79194365167463],[139.66197697122206,35.791875768886385]]]}},{"type":"Feature","properties":{"height":8.57,"gml_id":"bldg_ce5533bd-4c33-4530-b4b6-8c61149ba20e"},"geometry":{"type":"Polygon","coordinates":[[[139.65819557816332,35.79271093853388],[139.65826141423383,35.79269715806777],[139.65827051656836,35.7927261029731],[139.65820468158975,35.79273987984025],[139.65819557816332,35.79271093853388]]]}},{"type":"Feature","properties":{"height":19.15,"gml_id":"bldg_aea24b00-c049-4cc4-babc-16f85096cea1"},"geometry":{"type":"Polygon","coordinates":[[[139.65478340246176,35.795233443376596],[139.65470875016982,35.79523155953565],[139.65471412644393,35.795093904729875],[139.65478876641936,35.79509579666124],[139.65478340246176,35.795233443376596]]]}},{"type":"Feature","properties":{"height":6.4,"gml_id":"bldg_c6ad0676-2f45-4120-9bab-65a3c36a94c5"},"geometry":{"type":"Polygon","coordinates":[[[139.65754978886224,35.79255065035793],[139.657599574708,35.79254080643585],[139.65762923997224,35.79264054762587],[139.65757945296545,35.792650389755565],[139.65754978886224,35.79255065035793]]]}},{"type":"Feature","properties":{"height":8.28,"gml_id":"bldg_ce447cca-f8dc-4ed4-9812-96d8ee66f7ef"},"geometry":{"type":"Polygon","coordinates":[[[139.6509976419063,35.795383926025686],[139.65099951557985,35.79531828060635],[139.65116206148593,35.795321331997805],[139.65116020341014,35.79538698825971],[139.65115633605748,35.79552298127945],[139.6511558920881,35.795538146776],[139.65097005136948,35.795534647227335],[139.65097437295918,35.79538350676076],[139.6509976419063,35.795383926025686]]]}},{"type":"Feature","properties":{"height":8.07,"gml_id":"bldg_c2218c8c-8538-403b-8a71-1acdc98c5597"},"geometry":{"type":"Polygon","coordinates":[[[139.65555622613022,35.79261819446967],[139.65570792217537,35.79258864243463],[139.65572711941752,35.79265404958295],[139.65574660850513,35.79272056492229],[139.6555949045091,35.7927501034731],[139.65555622613022,35.79261819446967]]]}},{"type":"Feature","properties":{"height":9.12,"gml_id":"bldg_c93f7691-4a11-4e9e-99de-d7370a84e3bc"},"geometry":{"type":"Polygon","coordinates":[[[139.65555879435775,35.79260904141425],[139.65547772541728,35.79262365415567],[139.65546191671086,35.79256533752177],[139.6555429922207,35.79255073020864],[139.65554424100745,35.79255530822799],[139.65555012479615,35.792576975556365],[139.65555518217576,35.792595660885766],[139.65555879435775,35.79260904141425]]]}},{"type":"Feature","properties":{"height":7.58,"gml_id":"bldg_cd116615-4ee9-4ef6-912c-cc4bea475b56"},"geometry":{"type":"Polygon","coordinates":[[[139.66074583599345,35.79737739318281],[139.66079959483648,35.79728791369571],[139.6608142826381,35.797293766525804],[139.66083567369097,35.79730231770747],[139.6607819148727,35.79739179991461],[139.66074583599345,35.79737739318281]]]}},{"type":"Feature","properties":{"height":5.79,"gml_id":"bldg_c7813ec7-1c99-477c-b13c-7f0952ede5de"},"geometry":{"type":"Polygon","coordinates":[[[139.6555966644169,35.7957528272837],[139.6555007722731,35.79575121448852],[139.6555058666966,35.79555177057201],[139.65560176634332,35.795553384275294],[139.6555966644169,35.7957528272837]]]}},{"type":"Feature","properties":{"height":4.94,"gml_id":"bldg_cb778c7f-9a28-4457-b129-f0da39eb0766"},"geometry":{"type":"Polygon","coordinates":[[[139.6529821365279,35.794888101103076],[139.6529827751833,35.79482481443708],[139.65304770116302,35.79482523538983],[139.65305516555424,35.794825286241185],[139.65305452695623,35.79488857290773],[139.6529821365279,35.794888101103076]]]}},{"type":"Feature","properties":{"height":9.48,"gml_id":"bldg_cac791fc-7aa2-428e-a578-f1fb644d3dc2"},"geometry":{"type":"Polygon","coordinates":[[[139.6588577359495,35.7920047224036],[139.6588161883748,35.792012942847926],[139.65879375331696,35.79193516220352],[139.65883156090925,35.79192672632377],[139.65883419337982,35.791934561106586],[139.65885115542403,35.79198508587445],[139.6588577359495,35.7920047224036]]]}},{"type":"Feature","properties":{"height":9.74,"gml_id":"bldg_d6dc12c8-2ee1-4e52-8b3a-3f0f4686a594"},"geometry":{"type":"Polygon","coordinates":[[[139.661603535287,35.79729395086563],[139.66158522343724,35.797344925071584],[139.66149345650115,35.79732306233081],[139.6615146156033,35.797264153990604],[139.6615537160056,35.79727346044627],[139.66155653979968,35.79726560378],[139.66159999377805,35.79727595209508],[139.66159716775186,35.79728381957539],[139.66159431834768,35.79729175372237],[139.661603535287,35.79729395086563]]]}},{"type":"Feature","properties":{"height":7.5,"gml_id":"bldg_cedaae7d-90c1-4df5-9a48-1ea566ebf9ed"},"geometry":{"type":"Polygon","coordinates":[[[139.65612800292058,35.792015487479965],[139.65623217482383,35.791995562397695],[139.65623604583328,35.792009003679205],[139.65624127879232,35.79200794598612],[139.65626272099794,35.79207835436889],[139.6561444778492,35.792102279682176],[139.6561256223485,35.79204679159525],[139.65613631353,35.792044371892835],[139.65612800292058,35.792015487479965]]]}},{"type":"Feature","properties":{"height":8.89,"gml_id":"bldg_c521a9b3-8162-4408-968c-5265de51356c"},"geometry":{"type":"Polygon","coordinates":[[[139.65811367854337,35.792708009696206],[139.65816963537347,35.79269668549434],[139.65817803704707,35.79272426834176],[139.65818352892109,35.79274236110316],[139.65812757206092,35.79275368531132],[139.65811367854337,35.792708009696206]]]}},{"type":"Feature","properties":{"height":2.03,"gml_id":"bldg_cb0abd6b-2653-49ae-919e-3d9fde1224a0"},"geometry":{"type":"Polygon","coordinates":[[[139.65416298964468,35.793412672555725],[139.65418846912308,35.79340787295506],[139.65420399971313,35.79346258842527],[139.6541785202242,35.79346738532507],[139.65416298964468,35.793412672555725]]]}},{"type":"Feature","properties":{"height":5.44,"gml_id":"bldg_da9cdbd4-d988-44d6-9ab9-644d8460bda5"},"geometry":{"type":"Polygon","coordinates":[[[139.65547430888006,35.7919326685952],[139.6555620116869,35.791916041220645],[139.65557317781023,35.79195519721566],[139.6554854628054,35.79197181917204],[139.65547430888006,35.7919326685952]]]}},{"type":"Feature","properties":{"height":8.6,"gml_id":"bldg_ce2874d2-ab57-4006-980a-3b320832db7c"},"geometry":{"type":"Polygon","coordinates":[[[139.65908349608245,35.79215385067781],[139.65904539623364,35.792160817005964],[139.6590337764402,35.792120906241564],[139.65902889774785,35.792121863618135],[139.65902655667045,35.792113818345406],[139.65901000634648,35.79211684453402],[139.65899277115523,35.79205962593969],[139.65904851499158,35.79204881028293],[139.659050639775,35.79205610080863],[139.65905483004758,35.79205527763646],[139.65907174573658,35.792113428660194],[139.65908349608245,35.79215385067781]]]}},{"type":"Feature","properties":{"height":6.47,"gml_id":"bldg_c75ef5d2-b07d-4055-8cca-c42cdcf11e43"},"geometry":{"type":"Polygon","coordinates":[[[139.65132223114705,35.79521757732351],[139.65132234105218,35.795213531315056],[139.6514547879656,35.795215850814714],[139.65145069913075,35.79536915219989],[139.65120902182844,35.79536489703692],[139.6512092903228,35.79535486898743],[139.6511790960048,35.795354281535325],[139.65118045899757,35.79530339860389],[139.65121194990851,35.795303999737136],[139.65121297361523,35.795266038091306],[139.65130616665985,35.79526766554221],[139.65130751062256,35.79521732879978],[139.65132223114705,35.79521757732351]]]}},{"type":"Feature","properties":{"height":6.5,"gml_id":"bldg_c2eb72d4-8ae2-4ed6-a488-15963b87e7f4"},"geometry":{"type":"Polygon","coordinates":[[[139.66005779625021,35.797034855666865],[139.66007499900846,35.79700542333524],[139.66013874773856,35.797030163581894],[139.66012692092366,35.797050399048835],[139.66013845289746,35.797054884569484],[139.66010374199837,35.79711427519807],[139.66008865709043,35.797108423511645],[139.6600720550956,35.797136828266495],[139.66001185256778,35.79711346405485],[139.66002826469256,35.79708537991626],[139.66005779625021,35.797034855666865]]]}},{"type":"Feature","properties":{"height":6.9,"gml_id":"bldg_ebf4a83b-18fb-43d3-a357-a14bd433f85b"},"geometry":{"type":"Polygon","coordinates":[[[139.6568702415736,35.79232099056304],[139.6570104874019,35.79229342919502],[139.65701961824894,35.792324265278346],[139.6570293803714,35.79235730158969],[139.65688913443924,35.7923848620778],[139.6568702415736,35.79232099056304]]]}},{"type":"Feature","properties":{"height":9.3,"gml_id":"bldg_f6d04ceb-eee3-4038-9195-f3d347b16866"},"geometry":{"type":"Polygon","coordinates":[[[139.66187491295082,35.791741135084365],[139.66192687161447,35.79173130508508],[139.66193556257306,35.79176177061829],[139.6619434265141,35.791789431761174],[139.66188275873847,35.791800928572194],[139.66186620279183,35.79174279377424],[139.66187491295082,35.791741135084365]]]}},{"type":"Feature","properties":{"height":6.28,"gml_id":"bldg_c9a69a91-fc50-43f1-81dd-1d4921903cd6"},"geometry":{"type":"Polygon","coordinates":[[[139.65536097246638,35.79221049734037],[139.65553723015194,35.7921764318351],[139.6555482243718,35.79221429954203],[139.65537199094996,35.7922483632963],[139.65536097246638,35.79221049734037]]]}},{"type":"Feature","properties":{"height":2.05,"gml_id":"bldg_e4a8b1df-92df-464d-aa7e-3c395de49dd8"},"geometry":{"type":"Polygon","coordinates":[[[139.6619710009755,35.79615027485241],[139.6619448544543,35.796150202432806],[139.66195069188518,35.796038800781524],[139.66197682955774,35.79603885516014],[139.6619710009755,35.79615027485241]]]}},{"type":"Feature","properties":{"height":25.68,"gml_id":"bldg_d110715d-57bb-48fa-9459-d0376f587603"},"geometry":{"type":"Polygon","coordinates":[[[139.66049866092936,35.793352169868136],[139.6605515500969,35.7933505288005],[139.66068861490186,35.793346394674245],[139.660693217253,35.79344764583503],[139.66069421321725,35.79347002517274],[139.66050397072596,35.79346942648846],[139.6605012798678,35.793410288411415],[139.66049866092936,35.793352169868136]]]}},{"type":"Feature","properties":{"height":5.58,"gml_id":"bldg_ccc1010d-f944-4e9e-a126-1bd87e825a39"},"geometry":{"type":"Polygon","coordinates":[[[139.6515221260758,35.794885067662534],[139.65155905138562,35.79487392597854],[139.65156387075896,35.794884553910414],[139.6515885359539,35.79487711987737],[139.6516108859983,35.79492634411401],[139.65160091760256,35.79492935579238],[139.65160415176203,35.79493650751096],[139.65155252519673,35.7949520670502],[139.6515221260758,35.794885067662534]]]}},{"type":"Feature","properties":{"height":7.82,"gml_id":"bldg_aeacfc41-427e-4fde-bddf-10de2a08776c"},"geometry":{"type":"Polygon","coordinates":[[[139.65511072879664,35.79190135442771],[139.65516703808444,35.79189066489424],[139.65520779189805,35.7920330337175],[139.65508288448697,35.79205679218],[139.65504212096192,35.79191440797784],[139.65511072879664,35.79190135442771]]]}},{"type":"Feature","properties":{"height":8.57,"gml_id":"bldg_c4991645-5692-418c-b39e-9a508bc34baf"},"geometry":{"type":"Polygon","coordinates":[[[139.65120547538385,35.795177535475716],[139.6511671026054,35.79519069208595],[139.6511264001279,35.79510438172118],[139.65116481683307,35.79509135318243],[139.65116953583973,35.79510134281949],[139.65120237831155,35.79517092386502],[139.65120547538385,35.795177535475716]]]}},{"type":"Feature","properties":{"height":1.47,"gml_id":"bldg_c68bd8df-f869-4085-902f-219a03f1af0b"},"geometry":{"type":"Polygon","coordinates":[[[139.66089748135377,35.79271695367918],[139.66093592587296,35.79271641391169],[139.66093660867702,35.79274961084935],[139.66089816523257,35.79275015782942],[139.66089748135377,35.79271695367918]]]}},{"type":"Feature","properties":{"height":1.58,"gml_id":"bldg_ce4055f6-2225-4b55-9578-73d20e40e2ef"},"geometry":{"type":"Polygon","coordinates":[[[139.6622252532189,35.793332191057296],[139.66239876875088,35.793326655667165],[139.66240245748207,35.793403511230196],[139.66222894289533,35.793409043922644],[139.6622252532189,35.793332191057296]]]}},{"type":"Feature","properties":{"height":9.09,"gml_id":"bldg_ece0e4c3-df18-4668-b495-56fa8375b5fd"},"geometry":{"type":"Polygon","coordinates":[[[139.6520175715848,35.795169568125026],[139.65196808382797,35.79516941417001],[139.65196845152343,35.795102546028154],[139.65201793920195,35.7951027162072],[139.6520175715848,35.795169568125026]]]}},{"type":"Feature","properties":{"height":9.66,"gml_id":"bldg_c718721e-eeec-441c-a887-54d0d0edc37c"},"geometry":{"type":"Polygon","coordinates":[[[139.65763016082207,35.79195888753849],[139.65759552013088,35.7918453627736],[139.65768286412708,35.79182765440614],[139.65770364457427,35.791895688304336],[139.6577175082539,35.79194117915137],[139.65763016082207,35.79195888753849]]]}},{"type":"Feature","properties":{"height":11.14,"gml_id":"bldg_c717bc87-38da-498c-b6ff-d19ca36fb470"},"geometry":{"type":"Polygon","coordinates":[[[139.65782707609657,35.79519205922619],[139.65786330148774,35.7951919750913],[139.65786335498325,35.79522953726837],[139.6578271451214,35.795229595286656],[139.65782707609657,35.79519205922619]]]}},{"type":"Feature","properties":{"height":15.59,"gml_id":"bldg_c6e995c9-f4dd-4e26-b997-a171dbdd266b"},"geometry":{"type":"Polygon","coordinates":[[[139.6615803504577,35.796072312847905],[139.66165280210885,35.796073139204715],[139.66165218906522,35.79610662360433],[139.66161528389657,35.79610622027721],[139.66161465569766,35.796141084626676],[139.66159464097726,35.79614085684167],[139.66159336482949,35.79621152832703],[139.66136317617654,35.79620882154899],[139.66136563333544,35.79607228265973],[139.66158029199275,35.796074803203545],[139.6615803504577,35.796072312847905]]]}},{"type":"Feature","properties":{"height":7.47,"gml_id":"bldg_c9b3142f-b2be-4911-b1a8-d9eb6887a63a"},"geometry":{"type":"Polygon","coordinates":[[[139.6565307772867,35.79175151410064],[139.65648716007075,35.791760073211734],[139.65648384522893,35.791748751838625],[139.6564468720471,35.791755999321936],[139.65640630322335,35.79161857781153],[139.65648686581895,35.7916027748095],[139.65652744253967,35.79174018638997],[139.6565307772867,35.79175151410064]]]}},{"type":"Feature","properties":{"height":12.83,"gml_id":"bldg_cafdb05e-49be-4fe4-b980-aadd89f2a964"},"geometry":{"type":"Polygon","coordinates":[[[139.65127663197717,35.79614965892159],[139.65127827679336,35.79603001850093],[139.65169331968633,35.796033746867174],[139.65174572800686,35.796034237044765],[139.6517416400118,35.79615384403821],[139.65127663197717,35.79614965892159]]]}},{"type":"Feature","properties":{"height":8.13,"gml_id":"bldg_c4c4684a-dfe6-4d2b-9737-6e4fdb9b24a8"},"geometry":{"type":"Polygon","coordinates":[[[139.65738983689405,35.79211256668457],[139.65744564119058,35.79210204119437],[139.65746756152072,35.7921758652917],[139.65741181580756,35.792186391778934],[139.65738983689405,35.79211256668457]]]}},{"type":"Feature","properties":{"height":6.01,"gml_id":"bldg_a5051869-a373-4a15-9a1d-769b80b61d33"},"geometry":{"type":"Polygon","coordinates":[[[139.655973994099,35.79171029815804],[139.65602986198851,35.79169899104272],[139.65605194532344,35.79177150777703],[139.6559960773882,35.79178281400099],[139.655973994099,35.79171029815804]]]}},{"type":"Feature","properties":{"height":2.71,"gml_id":"bldg_cfb0b312-54f9-499c-be5e-7db56f85ec10"},"geometry":{"type":"Polygon","coordinates":[[[139.6587087581981,35.792006947908895],[139.6587529016399,35.791998514044366],[139.65875731868763,35.79201388493535],[139.65876142826318,35.79202820800656],[139.65871729920354,35.792036634684216],[139.6587087581981,35.792006947908895]]]}},{"type":"Feature","properties":{"height":26.83,"gml_id":"bldg_c538faf0-9e9c-4dbd-82c6-a0460e8d3c38"},"geometry":{"type":"Polygon","coordinates":[[[139.66058996800578,35.792560401417774],[139.66084915396766,35.7925542539994],[139.66084945431814,35.792562707326304],[139.6608764165432,35.792562072688405],[139.66087858430458,35.79262277566707],[139.66087911592763,35.79263735041918],[139.66087964037746,35.79265217303327],[139.66088043089945,35.792674930646406],[139.66061931726935,35.792681114120896],[139.66062045768268,35.792713414870654],[139.66055497926132,35.79271496757468],[139.6605520343708,35.792629564578014],[139.66058294315667,35.79262878515082],[139.6605923639152,35.79262855712228],[139.66058996800578,35.792560401417774]]]}},{"type":"Feature","properties":{"height":9.99,"gml_id":"bldg_c13f354e-2169-49ac-8079-d281416c910d"},"geometry":{"type":"Polygon","coordinates":[[[139.65782222173607,35.79186843504632],[139.65783300135124,35.7918665164747],[139.6578558935021,35.79195182787518],[139.6578045939308,35.791960983764895],[139.65778170183026,35.79187567325628],[139.65779686306155,35.791872955274485],[139.65782222173607,35.79186843504632]]]}},{"type":"Feature","properties":{"height":5.83,"gml_id":"bldg_d5f1b5e2-4693-4a41-91be-f365d33d59fd"},"geometry":{"type":"Polygon","coordinates":[[[139.65304136514752,35.7953487607375],[139.65278857420768,35.79534659674441],[139.65278973839233,35.79525745465333],[139.65304252794758,35.79525961683883],[139.65304192168503,35.795306624207626],[139.65304136514752,35.7953487607375]]]}},{"type":"Feature","properties":{"height":7.49,"gml_id":"bldg_cf534a92-e29d-4763-b22f-28417b1bc0fb"},"geometry":{"type":"Polygon","coordinates":[[[139.65785904688042,35.79266319712511],[139.65791961076266,35.792651208254135],[139.65797058384132,35.792822070210576],[139.65785648061845,35.79284467915267],[139.65780550887635,35.792673817150764],[139.65785904688042,35.79266319712511]]]}},{"type":"Feature","properties":{"height":1.88,"gml_id":"bldg_c5a2d14d-dad1-4152-bda1-a95e9731f006"},"geometry":{"type":"Polygon","coordinates":[[[139.66225885244893,35.791858988650205],[139.6622788552555,35.79185498354833],[139.6622824679719,35.791867076745305],[139.66226249728766,35.79187106206368],[139.66225885244893,35.791858988650205]]]}},{"type":"Feature","properties":{"height":12.93,"gml_id":"bldg_c3618f3c-6f73-4174-8bbf-bd61043e112e"},"geometry":{"type":"Polygon","coordinates":[[[139.6598444477689,35.79454287125141],[139.6598892214978,35.79454332432857],[139.65988958875855,35.79452043588748],[139.65997988630642,35.79452133496076],[139.6600745614577,35.79452232049466],[139.66006975267928,35.79483092347805],[139.65988477816262,35.7948290370573],[139.65988615295316,35.79474064060207],[139.65979032473965,35.79473965325529],[139.65979170988686,35.79465061144584],[139.65978810334622,35.79465054945519],[139.65978856588498,35.794632701521074],[139.6597926404021,35.79463276598984],[139.65979268127694,35.79463126709798],[139.6598529967988,35.79463229695142],[139.65985252803742,35.794650469364065],[139.65988754961947,35.79465083085483],[139.65988855015047,35.794586503600854],[139.65984377198967,35.794586042404816],[139.6598444477689,35.79454287125141]]]}},{"type":"Feature","properties":{"height":10.08,"gml_id":"bldg_c099da37-1c61-4946-8b15-678de0d22e64"},"geometry":{"type":"Polygon","coordinates":[[[139.65039330978834,35.7954575184316],[139.65035462052805,35.79547541181252],[139.6502942498439,35.79538871159857],[139.65033292245346,35.79537082992904],[139.65033416306898,35.795372587653326],[139.65038583121023,35.79544673948735],[139.65039330978834,35.7954575184316]]]}},{"type":"Feature","properties":{"height":9.47,"gml_id":"bldg_d09c0ec0-11f3-42a1-93f1-8e6e5cacc007"},"geometry":{"type":"Polygon","coordinates":[[[139.65711162539952,35.79235843707636],[139.6571744323171,35.79234664836233],[139.65718407916665,35.792380815691196],[139.65719171591428,35.792407938698815],[139.6571289111894,35.7924197157073],[139.65712126112268,35.79239262151958],[139.65711162539952,35.79235843707636]]]}},{"type":"Feature","properties":{"height":15.36,"gml_id":"bldg_f8e3f988-b970-4257-a437-b3e8b5fb908b"},"geometry":{"type":"Polygon","coordinates":[[[139.66192652808576,35.79648220150186],[139.66192267908278,35.79648835946821],[139.66193301851703,35.796492796246724],[139.66197602475313,35.79642449530974],[139.66249240083377,35.79664033987412],[139.66243505402002,35.79673143115743],[139.66237169252076,35.796704918813894],[139.66238055378543,35.79669081441913],[139.66199146602017,35.79652820899214],[139.66198186987995,35.7965434353974],[139.66191797699804,35.796516699422796],[139.66192355000462,35.796507835347875],[139.66190104224933,35.79649847425272],[139.66188812789343,35.79651843072801],[139.66184758927503,35.79650101105137],[139.6618599067482,35.79648131422026],[139.66187323780744,35.79645999820006],[139.66192652808576,35.79648220150186]]]}},{"type":"Feature","properties":{"height":1.38,"gml_id":"bldg_c7187f44-53b1-4d46-96db-dfa93c476944"},"geometry":{"type":"Polygon","coordinates":[[[139.66225583287542,35.79529617854342],[139.66230025042506,35.79529319155319],[139.66230229696282,35.795313424440515],[139.66225788051023,35.79531641053165],[139.66225583287542,35.79529617854342]]]}},{"type":"Feature","properties":{"height":9.77,"gml_id":"bldg_c6c85f4b-0ceb-460c-a985-9df32896fd9b"},"geometry":{"type":"Polygon","coordinates":[[[139.65770320934507,35.792788319066375],[139.6575868638085,35.79281133188935],[139.65756446184477,35.79273604782545],[139.65765737196114,35.79271766799613],[139.65765940692714,35.79272449962517],[139.6576828411375,35.79271986755196],[139.65770320934507,35.792788319066375]]]}},{"type":"Feature","properties":{"height":1.61,"gml_id":"bldg_e67f15fd-eb6f-4090-9ec8-1ca0f4160e1b"},"geometry":{"type":"Polygon","coordinates":[[[139.6581292032671,35.794916033126086],[139.65803916079452,35.79491315005681],[139.65804203016808,35.79485393351742],[139.65813207257597,35.79485681568305],[139.6581292032671,35.794916033126086]]]}},{"type":"Feature","properties":{"height":9.47,"gml_id":"bldg_cdbf32e4-a399-485d-bd84-617229cf130f"},"geometry":{"type":"Polygon","coordinates":[[[139.65241319175882,35.79504624780594],[139.65238607029178,35.79504596452996],[139.65238620799346,35.79503793007378],[139.6522155759827,35.79503600296169],[139.65221541159656,35.795045063117506],[139.652188289047,35.79504476988039],[139.65218844572047,35.79503569709403],[139.65209968796128,35.795034694439565],[139.65210116355746,35.79494906629621],[139.6525015931171,35.794953577450755],[139.6525008987942,35.794994388783635],[139.65250011686044,35.79503919838774],[139.6524133393617,35.7950382367998],[139.65241319175882,35.79504624780594]]]}},{"type":"Feature","properties":{"height":13.1,"gml_id":"bldg_c227161d-77c6-4c78-8bd9-8455aef5b92d"},"geometry":{"type":"Polygon","coordinates":[[[139.6621089362349,35.79220654284286],[139.66212625478119,35.7922063583889],[139.66221386403583,35.792205516847424],[139.66221512643415,35.792294743664606],[139.66221546331633,35.7923192501531],[139.6621994458124,35.792319413036374],[139.66219945595242,35.79232706734788],[139.66214446662968,35.792327153118904],[139.66214445335052,35.79231993325552],[139.6621105387312,35.7923202545218],[139.6621089362349,35.79220654284286]]]}},{"type":"Feature","properties":{"height":10.13,"gml_id":"bldg_cf85b204-eb23-47b5-80e1-6b0d46ee979e"},"geometry":{"type":"Polygon","coordinates":[[[139.65881017500476,35.792029913824244],[139.65885212031586,35.79202194183149],[139.65885544569127,35.79203366425702],[139.65886020684346,35.79205054360848],[139.6587621296276,35.79206919538748],[139.6587539590267,35.792040606100905],[139.6587882532976,35.79203407870827],[139.65881017500476,35.792029913824244]]]}},{"type":"Feature","properties":{"height":9.61,"gml_id":"bldg_c9e40201-8c4e-4a4d-96c1-f67c0c1c1ca2"},"geometry":{"type":"Polygon","coordinates":[[[139.65363592527294,35.79224371455493],[139.6537289965715,35.79222612127729],[139.65373194267886,35.79223644257285],[139.65373966434814,35.79226364704741],[139.65364659744753,35.792281234030256],[139.65363592527294,35.79224371455493]]]}},{"type":"Feature","properties":{"height":8.71,"gml_id":"bldg_cb93af57-fb6f-46c6-bcd2-0b47dbb6a134"},"geometry":{"type":"Polygon","coordinates":[[[139.66006807050786,35.79684559081936],[139.66006835632987,35.79683318680905],[139.6600409114628,35.79683276598453],[139.66004393294256,35.79670234183149],[139.66014606307084,35.796703894191275],[139.66019920579154,35.79670472065138],[139.66019766520608,35.79677125452183],[139.6601445257113,35.796770450599446],[139.6601430495475,35.79683429762739],[139.66014275484505,35.79684672055352],[139.66006807050786,35.79684559081936]]]}},{"type":"Feature","properties":{"height":8.3,"gml_id":"bldg_c94faec5-c9e7-4c26-a4df-b9d1a59f1706"},"geometry":{"type":"Polygon","coordinates":[[[139.66050508957903,35.797016880188856],[139.66054553654038,35.79700456815021],[139.66057782902806,35.7970190542297],[139.66057282764123,35.79702647329212],[139.66058032195352,35.797029665836604],[139.66050165012638,35.79714498186121],[139.6604368601355,35.79711562538187],[139.66050360063238,35.79701779382341],[139.66050527008892,35.797017312196466],[139.66050508957903,35.797016880188856]]]}},{"type":"Feature","properties":{"height":9.87,"gml_id":"bldg_f6a4a8e2-61cd-4346-b56b-21f07cbb0c61"},"geometry":{"type":"Polygon","coordinates":[[[139.66028087512703,35.79434986328649],[139.66028439789858,35.794162002841375],[139.66038678319777,35.79416325971624],[139.66038511332832,35.794252284005445],[139.6603832551218,35.79435112646649],[139.66028087512703,35.79434986328649]]]}},{"type":"Feature","properties":{"height":6.25,"gml_id":"bldg_cada2dba-e476-4e5a-9ec5-27698ac8f64a"},"geometry":{"type":"Polygon","coordinates":[[[139.66145733078363,35.79396243997975],[139.66133679184938,35.793960698360124],[139.66133974064147,35.793826511755135],[139.66146027936927,35.79382825517398],[139.66145733078363,35.79396243997975]]]}},{"type":"Feature","properties":{"height":1.19,"gml_id":"bldg_cf1c053a-6e1f-4615-8b6a-25f99b4fea51"},"geometry":{"type":"Polygon","coordinates":[[[139.65684849601598,35.79254160915024],[139.65689102338308,35.79253378561788],[139.6569042061129,35.79258137480703],[139.65686167761743,35.79258919744095],[139.65684849601598,35.79254160915024]]]}},{"type":"Feature","properties":{"height":2.99,"gml_id":"bldg_c2db1443-f5e1-4685-8656-55d670f103c2"},"geometry":{"type":"Polygon","coordinates":[[[139.65323838615316,35.79513318188577],[139.65319926490147,35.795133028641104],[139.653199612898,35.79507639172564],[139.65323873412595,35.7950765431674],[139.65323838615316,35.79513318188577]]]}},{"type":"Feature","properties":{"height":6.43,"gml_id":"bldg_c9d26a7e-29c8-4827-b564-3d438554e3c8"},"geometry":{"type":"Polygon","coordinates":[[[139.65592449064224,35.7928281165393],[139.65592662850318,35.792836372488],[139.65577191842192,35.79286594107752],[139.6557693726017,35.79285707250456],[139.6557599804941,35.79285882528789],[139.65574672670346,35.79281163787516],[139.65591136731416,35.792780924830055],[139.65591838011542,35.792805872029064],[139.65592449064224,35.7928281165393]]]}},{"type":"Feature","properties":{"height":7.75,"gml_id":"bldg_ce9f3e84-5040-4f54-a0e7-16406e292fed"},"geometry":{"type":"Polygon","coordinates":[[[139.65553959653408,35.79197429592711],[139.65555985508897,35.79197036803541],[139.65556920587477,35.792002523235524],[139.65556146723839,35.79200402697045],[139.655564575601,35.79201461796651],[139.65556965904779,35.79201363669668],[139.65557720587375,35.79203964379874],[139.6555146826287,35.79205172684129],[139.65549697353435,35.791990855663556],[139.65550236359266,35.791989800037676],[139.65550683610113,35.791988934141614],[139.65550564495715,35.79198480598226],[139.65552152034596,35.79198137006336],[139.6555404572207,35.79197728428628],[139.65553959653408,35.79197429592711]]]}},{"type":"Feature","properties":{"height":8.96,"gml_id":"bldg_c0e456ce-7eae-4bb8-8879-5f539b773130"},"geometry":{"type":"Polygon","coordinates":[[[139.65798974552618,35.79218590372939],[139.65807903554682,35.79216831238525],[139.65812003051366,35.7923065704003],[139.65803073924084,35.792324161772456],[139.65798974552618,35.79218590372939]]]}},{"type":"Feature","properties":{"height":8.72,"gml_id":"bldg_f8d72832-cac1-4ce7-be2c-f7d160f2285d"},"geometry":{"type":"Polygon","coordinates":[[[139.6557726013205,35.79171702248161],[139.65570772241023,35.79172889213155],[139.6557048740498,35.79171928219578],[139.65569719225272,35.79169177955488],[139.65578773451364,35.79167520127697],[139.65579531343462,35.79170271277385],[139.65579796811707,35.79171236117977],[139.65580024409448,35.791720675022766],[139.65577488949475,35.791725322822785],[139.6557726013205,35.79171702248161]]]}},{"type":"Feature","properties":{"height":13.78,"gml_id":"bldg_c9fffd52-fb96-436a-91a2-dca9705a3866"},"geometry":{"type":"Polygon","coordinates":[[[139.65981796727453,35.7936066358452],[139.66000597758938,35.793607200850246],[139.66000592168092,35.79361919057581],[139.66008337738214,35.79361943289955],[139.66008260203947,35.79378600373602],[139.66008237945104,35.79383503074246],[139.66008192916,35.79393289185707],[139.66008187059876,35.79394559905565],[139.6600961794601,35.79394580264686],[139.66009568581563,35.79396884053346],[139.6600926217465,35.794111335613074],[139.65979367667362,35.79410632204368],[139.65979973081238,35.79388180180118],[139.65981667868297,35.79388181183782],[139.65981796727453,35.7936066358452]]]}},{"type":"Feature","properties":{"height":9.34,"gml_id":"bldg_cda2acc0-e06b-4d6e-a3ba-11788d033832"},"geometry":{"type":"Polygon","coordinates":[[[139.66087439958378,35.79621573521142],[139.66045221067873,35.79620930256869],[139.66045575810472,35.79605537636022],[139.66084235572794,35.79606125858644],[139.66084788845248,35.79606134674392],[139.6608779450817,35.796061812592235],[139.66087439958378,35.79621573521142]]]}},{"type":"Feature","properties":{"height":4.86,"gml_id":"bldg_c7ed41ae-5f60-4e2c-a17b-c0163cd31ffc"},"geometry":{"type":"Polygon","coordinates":[[[139.65773557970078,35.79268745258138],[139.6576771109825,35.79249289740346],[139.65793928144146,35.79244058065751],[139.6579438480963,35.792455775129966],[139.65799845413687,35.79244487717981],[139.65803733685854,35.792574201523514],[139.65805236908517,35.792624238656444],[139.65773557970078,35.79268745258138]]]}},{"type":"Feature","properties":{"height":14.03,"gml_id":"bldg_b5069823-b82a-4aad-8f22-00bca607c6cc"},"geometry":{"type":"Polygon","coordinates":[[[139.66058585063152,35.79512262746154],[139.66067781909726,35.795123692458425],[139.66067596440388,35.79522873802934],[139.66066933640525,35.79522867082505],[139.6606692552436,35.79523294582771],[139.66066786824848,35.79531101546241],[139.66058254523884,35.79531003391655],[139.66058585063152,35.79512262746154]]]}},{"type":"Feature","properties":{"height":9.47,"gml_id":"bldg_cca5ba40-5adc-4c55-96e0-82b31921a57a"},"geometry":{"type":"Polygon","coordinates":[[[139.65928125151189,35.79252081954484],[139.6593044113543,35.79251611825519],[139.65932756007396,35.79251144308424],[139.6593338838601,35.792532202301125],[139.6593444301456,35.792566802506904],[139.65935747524455,35.79260968796562],[139.65914948050604,35.79265175858279],[139.6591188274303,35.79255108703851],[139.65914199725367,35.79254638309058],[139.65916515263325,35.79254170615789],[139.65916775704358,35.79255025656693],[139.6591904188003,35.792545674457884],[139.659194877396,35.79256030898567],[139.65923174828004,35.79255284869227],[139.65926510836306,35.79254610799365],[139.6592605949116,35.792531257064084],[139.6592830331066,35.79252670976669],[139.65928125151189,35.79252081954484]]]}},{"type":"Feature","properties":{"height":8.48,"gml_id":"bldg_cdbd11f8-2277-4a50-803a-0f84f9cdc54e"},"geometry":{"type":"Polygon","coordinates":[[[139.65884302482652,35.7924123662708],[139.65888552629175,35.79240361900862],[139.65888750218377,35.79241019004041],[139.65891269421837,35.792494126400356],[139.65888267793173,35.792500119222126],[139.65887030618575,35.79250258360064],[139.65884302482652,35.7924123662708]]]}},{"type":"Feature","properties":{"height":1.44,"gml_id":"bldg_c95f3630-e208-424d-8f01-d221d6c24303"},"geometry":{"type":"Polygon","coordinates":[[[139.65432361110362,35.796039887310236],[139.65434187960153,35.79601412048267],[139.65436985919894,35.795995000263545],[139.65440417807858,35.795984829092696],[139.65444069792167,35.795984834760304],[139.65447501211014,35.79599501611754],[139.6545029834059,35.79601414477805],[139.65452123704912,35.79603991367135],[139.65452757169913,35.79606921526784],[139.65452122190962,35.796098517830536],[139.6545029545564,35.79612428468676],[139.65447497383894,35.79614340493477],[139.654440654902,35.79615357522401],[139.65440413498166,35.796153569556175],[139.65436982073226,35.796143389080164],[139.65434184942333,35.79612426038905],[139.65432359582104,35.79609849056762],[139.65431726124166,35.7960691898621],[139.65432361110362,35.796039887310236]]]}},{"type":"Feature","properties":{"height":16.93,"gml_id":"bldg_c4e04785-09de-4497-b7df-ff2b22bc378e"},"geometry":{"type":"Polygon","coordinates":[[[139.66163191397163,35.79562576591667],[139.66163198219547,35.7956171959463],[139.66159160952844,35.795616981451474],[139.6615910283616,35.79563718535837],[139.6613942917825,35.79563356827984],[139.6613945302567,35.79562506976003],[139.66137871068833,35.795624971423564],[139.6613791981502,35.795572800886525],[139.6613980457828,35.79557290805971],[139.66139798230452,35.795579777182965],[139.66153319008407,35.79558228872887],[139.66158719575924,35.795583290670265],[139.6615872349731,35.79557946357987],[139.66166308585295,35.795579846812686],[139.66166271128603,35.79562590994183],[139.66163191397163,35.79562576591667]]]}},{"type":"Feature","properties":{"height":7.49,"gml_id":"bldg_cf22bab2-b615-4abf-88d9-05c207644f38"},"geometry":{"type":"Polygon","coordinates":[[[139.65088967069065,35.79567337604528],[139.6508036584821,35.79567177359387],[139.65080450538642,35.7956473500107],[139.65080490839838,35.79563609362245],[139.65086170851043,35.79563714338143],[139.65086138187152,35.795648388168196],[139.65089052977564,35.79564893625561],[139.65089005353929,35.795662707308445],[139.65088967069065,35.79567337604528]]]}},{"type":"Feature","properties":{"height":10.47,"gml_id":"bldg_daa70a1a-bdf1-4611-b761-a86a3c7c5e2d"},"geometry":{"type":"Polygon","coordinates":[[[139.6555891990736,35.791957789757824],[139.65558267449862,35.79193723735797],[139.65557267958138,35.79190569773234],[139.6556318946623,35.79189320416103],[139.65565958516305,35.79188736825319],[139.655662476711,35.79189646267918],[139.65566684923007,35.791910196758785],[139.65566960120037,35.79191887725693],[139.65567345388632,35.79193106294364],[139.65564259556658,35.79193710328746],[139.65564540140076,35.791945937997205],[139.6555891990736,35.791957789757824]]]}},{"type":"Feature","properties":{"height":10.17,"gml_id":"bldg_c44496b0-f9fd-4591-a0be-9f3cfbd40264"},"geometry":{"type":"Polygon","coordinates":[[[139.66153745290683,35.79719246325115],[139.66157970104936,35.797192456908654],[139.66157969607642,35.79720196437435],[139.66158252950845,35.79720196481637],[139.66158250047917,35.79724886758609],[139.66157943908573,35.7972488884509],[139.66157943025894,35.79725607402538],[139.66149743326378,35.7972560641279],[139.66149746677888,35.79720196315866],[139.66153744133135,35.797201951778995],[139.66153745290683,35.79719246325115]]]}},{"type":"Feature","properties":{"height":9.52,"gml_id":"bldg_d4fbed63-849e-4bee-9db7-36140cfa133f"},"geometry":{"type":"Polygon","coordinates":[[[139.6577292874358,35.79189978274979],[139.6577747953236,35.79189119890807],[139.657794933062,35.791962269414014],[139.65774942624407,35.79197085236343],[139.6577292874358,35.79189978274979]]]}},{"type":"Feature","properties":{"height":6.95,"gml_id":"bldg_fcdd531a-e667-4e7b-a61e-100f0b199465"},"geometry":{"type":"Polygon","coordinates":[[[139.65596149193212,35.79259240583758],[139.6560406805365,35.79257706260482],[139.65604866929212,35.79260442686412],[139.65605777121965,35.79263567940123],[139.65597858255833,35.79265102354627],[139.65596149193212,35.79259240583758]]]}},{"type":"Feature","properties":{"height":6.29,"gml_id":"bldg_ea7a1e0e-8713-4cdf-bde4-45e38c2bbed8"},"geometry":{"type":"Polygon","coordinates":[[[139.6588943161424,35.79240402925761],[139.6589385033142,35.79239592618605],[139.6589662921749,35.7924908835488],[139.6589221016363,35.79249898572414],[139.6588943161424,35.79240402925761]]]}},{"type":"Feature","properties":{"height":11.61,"gml_id":"bldg_a7654d5f-de5d-4167-be2b-cdd4525a7ae1"},"geometry":{"type":"Polygon","coordinates":[[[139.66157971902422,35.796620175186284],[139.66142061222715,35.796619054562164],[139.66142084690344,35.79659742512462],[139.6612685063133,35.79659700080444],[139.66126908995372,35.79645972103682],[139.6614897946625,35.79646129676368],[139.66148926439976,35.796509739235404],[139.66148543197426,35.796509723843116],[139.66148536989402,35.79651543292574],[139.66158085351574,35.79651611737996],[139.66157971902422,35.796620175186284]]]}},{"type":"Feature","properties":{"height":6.93,"gml_id":"bldg_cf3b866d-291c-42d2-993e-30f81951c8d9"},"geometry":{"type":"Polygon","coordinates":[[[139.65868370406793,35.79204975467283],[139.65871591819004,35.79204286013252],[139.65871831806518,35.79205030970183],[139.65872934404598,35.79204804258373],[139.65873657034692,35.79207134856718],[139.65874757884117,35.792106918454074],[139.65869886169273,35.79211694828104],[139.65869061471906,35.792091418074484],[139.65867935944044,35.79209381555224],[139.65866903315597,35.792060456769704],[139.65868601376974,35.792056954436774],[139.65868370406793,35.79204975467283]]]}},{"type":"Feature","properties":{"height":3.08,"gml_id":"bldg_cf42b1fe-3ebf-490c-a84c-092798f2e159"},"geometry":{"type":"Polygon","coordinates":[[[139.66168788382882,35.79667854174133],[139.6617194893521,35.796626651785274],[139.6617673247676,35.79664601261539],[139.66173571816321,35.796697901681],[139.66168788382882,35.79667854174133]]]}},{"type":"Feature","properties":{"height":2.43,"gml_id":"bldg_b9b509ae-de86-466b-a932-1c94944e9e8a"},"geometry":{"type":"Polygon","coordinates":[[[139.6584278917863,35.79255613567361],[139.6584614480333,35.79254977315062],[139.658473787361,35.79259140479655],[139.65844022113868,35.79259776820975],[139.6584278917863,35.79255613567361]]]}},{"type":"Feature","properties":{"height":10.28,"gml_id":"bldg_e61649a2-fb3e-4f80-a410-5112a17512ab"},"geometry":{"type":"Polygon","coordinates":[[[139.6605754819365,35.795227400307226],[139.66040006379677,35.79522674253123],[139.6604005523642,35.79514372047238],[139.66057596700634,35.79514437643971],[139.6605757601129,35.79518015626777],[139.6605754819365,35.795227400307226]]]}},{"type":"Feature","properties":{"height":9.3,"gml_id":"bldg_c33056a2-1589-4e48-b23b-649305792aa9"},"geometry":{"type":"Polygon","coordinates":[[[139.65161059560265,35.79556017078624],[139.65118674180368,35.79555263138938],[139.65119085245817,35.79540017642233],[139.6516147065728,35.79540770769206],[139.65161059560265,35.79556017078624]]]}},{"type":"Feature","properties":{"height":11.35,"gml_id":"bldg_b80eaa40-4462-4cd1-b92e-255a26a57e27"},"geometry":{"type":"Polygon","coordinates":[[[139.66258865987763,35.79210899365534],[139.66233742148708,35.79211232497562],[139.66233522994668,35.792002307107374],[139.66230311520013,35.79200273193941],[139.66230124761378,35.79190883254046],[139.66233335901524,35.791908402295974],[139.66232997693615,35.791738561671565],[139.66247160418797,35.79173668357849],[139.66247233544124,35.791773383244],[139.6625420687435,35.79177246738729],[139.66254559239192,35.79194925854662],[139.66256935870322,35.79194894437818],[139.6625706875002,35.79201559327591],[139.66258679797997,35.7920153799993],[139.66258697783465,35.79202439289255],[139.66261807143877,35.79202398185798],[139.66261831324064,35.79203610270742],[139.6626188174918,35.79206155315118],[139.6626191642089,35.792078932648245],[139.66258807279212,35.79207934548889],[139.66258865987763,35.79210899365534]]]}},{"type":"Feature","properties":{"height":7.78,"gml_id":"bldg_c152fc98-b93d-486d-befb-f2863227eb58"},"geometry":{"type":"Polygon","coordinates":[[[139.66050780308822,35.79725872163847],[139.66047537040802,35.79730994037466],[139.66040296193447,35.7972794867942],[139.6604299980879,35.79723678711746],[139.66043539132752,35.79722826897396],[139.66047248538615,35.79724385983389],[139.66050780308822,35.79725872163847]]]}},{"type":"Feature","properties":{"height":8.54,"gml_id":"bldg_accea73c-7f0a-408a-a59a-7c5db8f9ace1"},"geometry":{"type":"Polygon","coordinates":[[[139.66033080226583,35.79247553590803],[139.66032112352576,35.79244116327579],[139.66034293897056,35.79243703942203],[139.6604089905826,35.792424603809984],[139.66042689468247,35.79242123325581],[139.6604286303156,35.79242743977],[139.66043242979367,35.792426742177476],[139.66044110232366,35.792455271680005],[139.66033080226583,35.79247553590803]]]}},{"type":"Feature","properties":{"height":15.4,"gml_id":"bldg_cea2d0c6-9c2a-440d-80f9-36f0da92859f"},"geometry":{"type":"Polygon","coordinates":[[[139.66207511080444,35.79533414857319],[139.66207132739666,35.795303068123914],[139.6618859175344,35.795315838364104],[139.66188712581075,35.795327618072044],[139.66181719062175,35.79533248028286],[139.66180721626895,35.79523649444908],[139.6623819851016,35.79519676111826],[139.66239196123203,35.795292754119274],[139.66232362724332,35.7952974999225],[139.66232244241982,35.79528610422872],[139.66213026303666,35.795299314091615],[139.6621309403459,35.79530488361743],[139.66213393298284,35.7953296597745],[139.66207511080444,35.79533414857319]]]}},{"type":"Feature","properties":{"height":9.06,"gml_id":"bldg_b60573f9-6082-4d48-92d2-d25cae648d37"},"geometry":{"type":"Polygon","coordinates":[[[139.65079107710986,35.795704616929704],[139.65074729427772,35.795704079044064],[139.65074848298477,35.79564197040359],[139.65079226797903,35.795642515502834],[139.65079156096994,35.79568026490387],[139.65079107710986,35.795704616929704]]]}},{"type":"Feature","properties":{"height":6.49,"gml_id":"bldg_c238436b-284c-4ff8-857c-efd97a4288ca"},"geometry":{"type":"Polygon","coordinates":[[[139.66073082958977,35.795689057749776],[139.66070594786933,35.79568894721705],[139.66070679931923,35.79557713826042],[139.66073168100672,35.79557724789156],[139.66073082958977,35.795689057749776]]]}},{"type":"Feature","properties":{"height":0.74,"gml_id":"bldg_c0192c1d-ea3b-4af5-a02a-d38c08e96d08"},"geometry":{"type":"Polygon","coordinates":[[[139.65630361609902,35.794817970721944],[139.65624875147964,35.79481742393192],[139.65624920595658,35.79478661363774],[139.6563040606217,35.79478714959664],[139.65630361609902,35.794817970721944]]]}},{"type":"Feature","properties":{"height":5.82,"gml_id":"bldg_cf67c8f6-ba81-4287-921a-772fc06cbf5f"},"geometry":{"type":"Polygon","coordinates":[[[139.65404366979402,35.79598415416252],[139.6540775531181,35.795976306124025],[139.6541126287421,35.79597895971655],[139.65414415894236,35.79599175635082],[139.65416788590395,35.796012969001865],[139.65418060540043,35.796039732004964],[139.6541805985061,35.79606843108015],[139.65416786504954,35.79609519401388],[139.6541441257939,35.79611640172946],[139.6541125900893,35.79612918909574],[139.65407751246025,35.79613183185143],[139.65404363337873,35.796123972915545],[139.65404304781657,35.79612361240248],[139.6540470441282,35.796127494180105],[139.65404703398337,35.796139889573794],[139.65403725342262,35.796149386068265],[139.65402228503876,35.79615153420515],[139.65400912438545,35.79614534121],[139.6540039285023,35.79613370420204],[139.6540091379814,35.79612205747514],[139.6540223098859,35.79611585507824],[139.65403292421598,35.796117381574916],[139.65401552528283,35.79610667279021],[139.65399698659616,35.79608226984689],[139.65399052024532,35.79605405866369],[139.65399700275273,35.79602584606303],[139.6540155548309,35.79600144525816],[139.65404366979402,35.79598415416252]]]}},{"type":"Feature","properties":{"height":10.03,"gml_id":"bldg_c7a0132f-8150-475c-a14f-66892a57065e"},"geometry":{"type":"Polygon","coordinates":[[[139.6616702889539,35.79638189118912],[139.66161278476216,35.796381238519814],[139.66161423511684,35.79629901283752],[139.66166218050174,35.79629955090711],[139.66166213003305,35.79630243967226],[139.6616716887888,35.79630255066574],[139.66167120442623,35.79633022061802],[139.66167037484942,35.79637744854156],[139.6616702889539,35.79638189118912]]]}},{"type":"Feature","properties":{"height":6.22,"gml_id":"bldg_d0ae79ed-3d1e-4760-8525-68d7626d74c6"},"geometry":{"type":"Polygon","coordinates":[[[139.66065995799266,35.79725503919134],[139.66067733982587,35.79722611088795],[139.66075213392375,35.79725595300492],[139.66071638758703,35.797315452287734],[139.66062836592693,35.797280338965095],[139.66064673158868,35.7972497653073],[139.66065995799266,35.79725503919134]]]}},{"type":"Feature","properties":{"height":25.08,"gml_id":"bldg_c7b55072-5ce9-4acc-8954-ab7f4277807b"},"geometry":{"type":"Polygon","coordinates":[[[139.6537422604567,35.79461352836096],[139.65374083014933,35.794614917914274],[139.6537423778754,35.794614938253055],[139.65374200101317,35.7946334433767],[139.65376942860306,35.79463381513647],[139.65376887159883,35.794659613742766],[139.65370842944117,35.794658840238014],[139.6537082322049,35.794667333396355],[139.6537119118081,35.79467278126497],[139.65374028530653,35.7946731652607],[139.653738587102,35.794754764949815],[139.65369380026058,35.79475420410427],[139.65369423026414,35.79473323025365],[139.6536564066526,35.794732716752634],[139.65365764383697,35.79467214134469],[139.6536176684829,35.794671599378205],[139.65361931102558,35.794591189393124],[139.65355690090342,35.79459034346666],[139.65355716823618,35.79457726072179],[139.65343624000562,35.79457562146546],[139.65343790080502,35.794495535996376],[139.6536323751146,35.79449813967264],[139.65379915408735,35.7945004033367],[139.65379882832877,35.79451636131245],[139.65389439440318,35.79451765589749],[139.65389326450946,35.794571434363775],[139.65387095572154,35.79457117753347],[139.65387003906255,35.79461523702361],[139.6537422604567,35.79461352836096]]]}},{"type":"Feature","properties":{"height":7.85,"gml_id":"bldg_ef92440d-5929-4a19-a815-57c53d1f6c1d"},"geometry":{"type":"Polygon","coordinates":[[[139.65812472236618,35.79242853761711],[139.6581344455913,35.792426587734774],[139.6581849592082,35.792593717333084],[139.6580534645438,35.79262011385581],[139.65800295008165,35.79245298330074],[139.65801752776173,35.792450047214345],[139.65812472236618,35.79242853761711]]]}},{"type":"Feature","properties":{"height":6.56,"gml_id":"bldg_cdb6b681-180f-4900-b5a6-e32b71295af2"},"geometry":{"type":"Polygon","coordinates":[[[139.6581019857541,35.792679855997925],[139.65808640455367,35.7926233598718],[139.65814812299246,35.79261204407681],[139.65816370644504,35.79266854109974],[139.6581417416718,35.79267257420478],[139.65814506728844,35.79268465538773],[139.65811275651788,35.792690583381884],[139.65810942096496,35.792678494972755],[139.6581019857541,35.792679855997925]]]}},{"type":"Feature","properties":{"height":13.03,"gml_id":"bldg_c28b2f83-2121-420a-b942-0290b0a893d6"},"geometry":{"type":"Polygon","coordinates":[[[139.6578207132245,35.79533857033549],[139.65785202534263,35.79533850066456],[139.65785211762181,35.79538861153857],[139.65782079000508,35.795388676680105],[139.6578207132245,35.79533857033549]]]}},{"type":"Feature","properties":{"height":9.0,"gml_id":"bldg_c25f6ac0-11ec-4e6f-b668-a7517addf133"},"geometry":{"type":"Polygon","coordinates":[[[139.6605933137541,35.797345709720695],[139.66062408682197,35.7972944831609],[139.66065477785568,35.79730671533881],[139.66068460990985,35.797318638914035],[139.66065383576696,35.79736986458624],[139.66064686052928,35.79736708290764],[139.660633480457,35.79738935325051],[139.66060048352625,35.79737617854472],[139.66061385251447,35.797353920808504],[139.6605933137541,35.797345709720695]]]}},{"type":"Feature","properties":{"height":9.48,"gml_id":"bldg_c63c426d-8f2b-4430-861d-2d04fb9ae7f8"},"geometry":{"type":"Polygon","coordinates":[[[139.6554896129829,35.7926305058024],[139.65555174850277,35.79261687277437],[139.6555872217629,35.79272598090481],[139.6555903223937,35.792735586707906],[139.65553192020167,35.792748406846826],[139.65553304539515,35.79275185168178],[139.65551142625768,35.79275659959064],[139.65547111517182,35.79263458500946],[139.65547785705522,35.79263309332654],[139.6554896129829,35.7926305058024]]]}},{"type":"Feature","properties":{"height":5.71,"gml_id":"bldg_cb15b58e-024b-452b-9a91-9daa94681f21"},"geometry":{"type":"Polygon","coordinates":[[[139.65597152105533,35.79253895863703],[139.65604616726532,35.79252403233645],[139.65605438069653,35.79255135276054],[139.65597973446245,35.79256627906609],[139.65597152105533,35.79253895863703]]]}},{"type":"Feature","properties":{"height":5.97,"gml_id":"bldg_cde4e052-b983-4666-92f9-72821b9d9750"},"geometry":{"type":"Polygon","coordinates":[[[139.6566181882818,35.79238818046759],[139.65669868703756,35.79237206266037],[139.6567156966499,35.79242851870178],[139.65663519562798,35.79244463651683],[139.6566181882818,35.79238818046759]]]}},{"type":"Feature","properties":{"height":1.69,"gml_id":"bldg_c3b7f416-e08f-4d4e-a3bb-ff31004a07fd"},"geometry":{"type":"Polygon","coordinates":[[[139.6572109523453,35.7927017874707],[139.65723812301871,35.79269596305791],[139.65725307005258,35.79274227577073],[139.65722589936246,35.792748101088165],[139.6572109523453,35.7927017874707]]]}},{"type":"Feature","properties":{"height":19.36,"gml_id":"bldg_afb8c939-c45b-4418-a7df-dc3a18bec6f7"},"geometry":{"type":"Polygon","coordinates":[[[139.65356773263437,35.79507632162135],[139.653553725535,35.7950761564624],[139.65355707400047,35.7948887376613],[139.65374246169216,35.794890875996416],[139.65374141627817,35.794948362751626],[139.65372840921876,35.79494825048389],[139.65372675913162,35.79504139837986],[139.6537440121629,35.79504160171688],[139.6537423773627,35.79513238808877],[139.65369840550304,35.795131909583745],[139.65369767583192,35.795171984464695],[139.65358453684712,35.79517068328314],[139.6535846763772,35.79516276600425],[139.6535836638234,35.79516336569321],[139.65356561595556,35.79516336304794],[139.65355101723856,35.79515471797356],[139.65354544287385,35.79514073235275],[139.65355103935906,35.79512672647946],[139.6535656582483,35.79511806379767],[139.6535669925042,35.795118063989776],[139.65356773263437,35.79507632162135]]]}},{"type":"Feature","properties":{"height":9.51,"gml_id":"bldg_c6471ded-ee86-4b07-bb41-a6573e1ff872"},"geometry":{"type":"Polygon","coordinates":[[[139.65745214058316,35.79246158721327],[139.6573955171591,35.79247220614909],[139.6573789370625,35.792413399200115],[139.65742188412102,35.79240533993911],[139.65742653963036,35.79242183611599],[139.657440215959,35.79241927644823],[139.65745214058316,35.79246158721327]]]}},{"type":"Feature","properties":{"height":8.4,"gml_id":"bldg_dc1df0a5-9f20-4c5e-bc2b-9ef8d3fd34ec"},"geometry":{"type":"Polygon","coordinates":[[[139.6599284703495,35.797276983584425],[139.65984395225922,35.797269174021785],[139.659853648682,35.79719735648007],[139.65984736461556,35.79719677505387],[139.65985277332342,35.79715673934479],[139.65994811721353,35.7971655587054],[139.65994618535913,35.797179872110995],[139.65995238756898,35.797180446203164],[139.6599442689439,35.797240546635514],[139.65993352253767,35.79723960004019],[139.65992924840577,35.797271257508996],[139.6599284703495,35.797276983584425]]]}},{"type":"Feature","properties":{"height":4.42,"gml_id":"bldg_cd105d95-f45b-443e-995e-1976a700f444"},"geometry":{"type":"Polygon","coordinates":[[[139.6619600263133,35.79709804744506],[139.66194349750407,35.7970231403666],[139.6619376662514,35.79702241547858],[139.66194943163194,35.796954325102895],[139.66203836202018,35.79699142083085],[139.66202892894444,35.79703374304834],[139.6620129617558,35.797105369761915],[139.6619600263133,35.79709804744506]]]}},{"type":"Feature","properties":{"height":8.59,"gml_id":"bldg_bc4e68d6-b8cc-4388-8f9d-30d2a68cb9f0"},"geometry":{"type":"Polygon","coordinates":[[[139.6551365010388,35.79279935639008],[139.65516820569698,35.792793479675225],[139.6551710922643,35.79280380355068],[139.65519800621414,35.79290020083875],[139.65511922586705,35.79291482123448],[139.6551214131942,35.792922687885806],[139.65506795475133,35.792932614569644],[139.65503597154753,35.792818007800214],[139.65506750802663,35.792812146185575],[139.6551365010388,35.79279935639008]]]}},{"type":"Feature","properties":{"height":9.73,"gml_id":"bldg_d420fd33-c2fc-4ce3-8d95-68f914ae3896"},"geometry":{"type":"Polygon","coordinates":[[[139.66163096482418,35.79541539409024],[139.66169457269018,35.79541524334368],[139.66169404722984,35.795455342003415],[139.66168015500466,35.79545522392407],[139.66168003157532,35.79546374424147],[139.66166836749125,35.79546365097413],[139.66166839037612,35.79547204260686],[139.66159059665844,35.79547225870655],[139.66159038909512,35.795415505595095],[139.66161906264554,35.79541541044324],[139.66163096482418,35.79541539409024]]]}},{"type":"Feature","properties":{"height":9.35,"gml_id":"bldg_cde8897c-3e2c-4ec5-afe2-792e9ec1dd12"},"geometry":{"type":"Polygon","coordinates":[[[139.6588310156636,35.79219231665762],[139.65878738325566,35.79220124793821],[139.6587569084562,35.792102307153144],[139.6588006812731,35.79209390067514],[139.65880482597908,35.792107341370254],[139.65880851483615,35.79211928786024],[139.6588310156636,35.79219231665762]]]}},{"type":"Feature","properties":{"height":4.3,"gml_id":"bldg_ca7fc856-43c3-4157-a013-a4a11d1a6305"},"geometry":{"type":"Polygon","coordinates":[[[139.65616701259847,35.79539203256338],[139.6561056600147,35.795391450008424],[139.65610824213167,35.795214135080606],[139.65616960674896,35.79521471765183],[139.65616701259847,35.79539203256338]]]}},{"type":"Feature","properties":{"height":10.31,"gml_id":"bldg_a2ac8c3c-1dc9-4bc7-a564-ccc77876e2d8"},"geometry":{"type":"Polygon","coordinates":[[[139.6614777396837,35.79629072637335],[139.6614780725648,35.79627177950217],[139.66146790422158,35.7962716613125],[139.66146854251895,35.796235734283584],[139.6615482043189,35.796236641314984],[139.66154757384268,35.7962725494271],[139.6615472331909,35.79629151611718],[139.6614777396837,35.79629072637335]]]}},{"type":"Feature","properties":{"height":1.63,"gml_id":"bldg_e9419765-c415-434e-ac72-a65425cb2eb0"},"geometry":{"type":"Polygon","coordinates":[[[139.65709776273067,35.79274952406932],[139.6571275974579,35.79274369006586],[139.65714865097812,35.79281520908292],[139.6571188151213,35.79282104218848],[139.65709776273067,35.79274952406932]]]}},{"type":"Feature","properties":{"height":9.25,"gml_id":"bldg_cdc44b6c-4209-46f7-9aa1-6e547dc582b4"},"geometry":{"type":"Polygon","coordinates":[[[139.65714234517907,35.792428211723745],[139.65720034500447,35.79241702436628],[139.65722504028517,35.79250217176914],[139.65716704150958,35.79251335823843],[139.65714234517907,35.792428211723745]]]}},{"type":"Feature","properties":{"height":5.11,"gml_id":"bldg_c80f71c5-9251-468d-8340-35f3bf9a4925"},"geometry":{"type":"Polygon","coordinates":[[[139.6535650696784,35.79567897055419],[139.65365220659544,35.79568031402266],[139.6536524107953,35.79567168026517],[139.6537802292271,35.79567365047726],[139.65378005805294,35.79568138022701],[139.65377860070768,35.79574395359749],[139.65377819282148,35.79576100478869],[139.65365037425184,35.7957590336727],[139.65365079672785,35.7957409198083],[139.65356365532736,35.79573957272662],[139.6535650696784,35.79567897055419]]]}},{"type":"Feature","properties":{"height":7.67,"gml_id":"bldg_cd7de0cb-298d-4dd9-a887-4486742fc9ac"},"geometry":{"type":"Polygon","coordinates":[[[139.65752377247833,35.79267284760833],[139.65759913029729,35.7926572318486],[139.6576033631588,35.79267125498701],[139.6576137627975,35.79270580104725],[139.65751149969384,35.79272628084158],[139.6574970693083,35.79267839515244],[139.65752377247833,35.79267284760833]]]}},{"type":"Feature","properties":{"height":2.51,"gml_id":"bldg_cd79bcca-ff75-44cf-861d-1b0130139d8f"},"geometry":{"type":"Polygon","coordinates":[[[139.6620607454064,35.7940971060498],[139.66210999867914,35.79409229446589],[139.66211390678015,35.79411009815921],[139.66206465571125,35.79411490884649],[139.6620607454064,35.7940971060498]]]}},{"type":"Feature","properties":{"height":8.81,"gml_id":"bldg_cc996009-eaad-47df-9196-78ca73ffdd4d"},"geometry":{"type":"Polygon","coordinates":[[[139.65589294992586,35.79300610177329],[139.65598480379953,35.79298989574451],[139.65600753222353,35.79307545240536],[139.65596325537754,35.79308328115556],[139.6559689068503,35.79310550966238],[139.65592323069302,35.79311324619829],[139.65591765156017,35.79309132786178],[139.65590998506983,35.79309268119913],[139.65588726449985,35.79300712002503],[139.65589294992586,35.79300610177329]]]}},{"type":"Feature","properties":{"height":5.5,"gml_id":"bldg_cb2a633f-c24f-4e1f-8da3-cf7ad7d1f742"},"geometry":{"type":"Polygon","coordinates":[[[139.65801175877468,35.795398666467065],[139.65794605681126,35.79539620099016],[139.65795076936814,35.795313361773644],[139.65801646020202,35.79531582633032],[139.65801175877468,35.795398666467065]]]}},{"type":"Feature","properties":{"height":2.62,"gml_id":"bldg_c4dfcdf6-de0e-4f3b-8926-9ef1d93b38c6"},"geometry":{"type":"Polygon","coordinates":[[[139.65885986146733,35.793652957166756],[139.65881755799919,35.79365180153235],[139.65881843547132,35.79363048038463],[139.65886073782187,35.793631636017125],[139.65885986146733,35.793652957166756]]]}},{"type":"Feature","properties":{"height":1.33,"gml_id":"bldg_f77eed96-df9a-4fb7-b433-f4c7530ea792"},"geometry":{"type":"Polygon","coordinates":[[[139.65206031168725,35.79503042756486],[139.65203792073908,35.795030245082756],[139.65203880389222,35.79495949829157],[139.65206119374085,35.79495966905424],[139.65206031168725,35.79503042756486]]]}},{"type":"Feature","properties":{"height":7.54,"gml_id":"bldg_c1699327-a4a7-4d01-85f2-a9cd962310bf"},"geometry":{"type":"Polygon","coordinates":[[[139.65132645266036,35.794955262866694],[139.65134976995486,35.79494801071852],[139.65138265878733,35.79501816504758],[139.65132888751566,35.79503491824213],[139.651295986558,35.79496476207756],[139.65132645266036,35.794955262866694]]]}},{"type":"Feature","properties":{"height":8.44,"gml_id":"bldg_cae95545-6d85-4419-87b8-06b010ac511e"},"geometry":{"type":"Polygon","coordinates":[[[139.65117145771893,35.79508237224453],[139.65113351026025,35.79500858945718],[139.65117114434887,35.79499572828328],[139.6511889571694,35.79503035191194],[139.65120235422805,35.79505639968339],[139.6512090741328,35.795069511933534],[139.65117145771893,35.79508237224453]]]}},{"type":"Feature","properties":{"height":7.01,"gml_id":"bldg_b26b980b-e78f-4a2e-b894-1b6ec8539265"},"geometry":{"type":"Polygon","coordinates":[[[139.65555058512908,35.79281732220425],[139.65554140542952,35.79281907708728],[139.65553041741936,35.79278086958228],[139.65570406669673,35.7927477076434],[139.65571122784462,35.79277257935997],[139.65571825599758,35.79279706239611],[139.65555379514376,35.79282848120229],[139.65555058512908,35.79281732220425]]]}},{"type":"Feature","properties":{"height":2.87,"gml_id":"bldg_d86d47e5-ce5d-41eb-a6e2-e32d7a38b1fd"},"geometry":{"type":"Polygon","coordinates":[[[139.66035765563058,35.79525818383169],[139.66031106315862,35.79525698920154],[139.66031388367773,35.795128188055145],[139.6603604750366,35.79512935113517],[139.66035765563058,35.79525818383169]]]}},{"type":"Feature","properties":{"height":8.07,"gml_id":"bldg_c09f26b5-4635-4130-bcad-dc9052fd0438"},"geometry":{"type":"Polygon","coordinates":[[[139.6573096949982,35.7921285809211],[139.65736549710172,35.792118056366306],[139.65738741957463,35.79219188048108],[139.65733167494417,35.79220240783402],[139.6573096949982,35.7921285809211]]]}},{"type":"Feature","properties":{"height":1.8,"gml_id":"bldg_b3f1dff1-c336-424c-8c74-94e5cd38e9d3"},"geometry":{"type":"Polygon","coordinates":[[[139.65650971631155,35.79424452375894],[139.65654650029137,35.79424329702406],[139.6565474792484,35.79426334366375],[139.65651070636864,35.79426454968411],[139.65650971631155,35.79424452375894]]]}},{"type":"Feature","properties":{"height":7.43,"gml_id":"bldg_e5fdf817-6701-4051-977e-8127ae9acd73"},"geometry":{"type":"Polygon","coordinates":[[[139.655376575943,35.793120476667916],[139.65541867528404,35.7931118093572],[139.65543331729418,35.793159027700746],[139.65541396767375,35.79316302451637],[139.6554270872565,35.793205339947875],[139.65537860584806,35.79321533722771],[139.65537585867648,35.79320648367196],[139.65535793355693,35.79321017612654],[139.65533290374398,35.7931294877553],[139.655376575943,35.793120476667916]]]}},{"type":"Feature","properties":{"height":14.3,"gml_id":"bldg_c5851842-2eaf-42a9-a146-8453f4568eff"},"geometry":{"type":"Polygon","coordinates":[[[139.65574022258502,35.791797847737755],[139.6557635923412,35.79179327272775],[139.65597785517352,35.79175158586001],[139.65600299540947,35.7918374489511],[139.65595879160574,35.791846072804],[139.65596618131553,35.7918716415928],[139.6559325872853,35.791878119639165],[139.65592519745545,35.79185260943617],[139.65583915510254,35.79186935039357],[139.65584667980679,35.791895388994185],[139.655813085761,35.791901865204366],[139.6558055598285,35.79187588608925],[139.65578871349018,35.79187916377653],[139.65576536922933,35.791883705478874],[139.65574022258502,35.791797847737755]]]}},{"type":"Feature","properties":{"height":9.47,"gml_id":"bldg_ce5479fe-999c-48fd-9191-e0cd87bb7db1"},"geometry":{"type":"Polygon","coordinates":[[[139.655635422897,35.792118705566324],[139.65571184206652,35.79210532430824],[139.65571851515818,35.79213124448183],[139.6557254819577,35.79215841706919],[139.6556490660765,35.79217179022843],[139.655635422897,35.792118705566324]]]}},{"type":"Feature","properties":{"height":16.32,"gml_id":"bldg_c5c2336a-38aa-4a0c-b877-654e9f42758f"},"geometry":{"type":"Polygon","coordinates":[[[139.65324401663705,35.795643941249125],[139.65274975165315,35.79563732852222],[139.65274986866035,35.79563157896571],[139.65272150477801,35.79563119745437],[139.65272206785704,35.79560433436854],[139.65275041297895,35.79560469061367],[139.65275489062032,35.795384560736004],[139.65313386013756,35.79538962433731],[139.65324915403733,35.79539117433889],[139.65324401663705,35.795643941249125]]]}},{"type":"Feature","properties":{"height":3.6,"gml_id":"bldg_f02aeac6-bed4-4cc2-afde-ac2b8ca7476b"},"geometry":{"type":"Polygon","coordinates":[[[139.65098772524306,35.79614869383681],[139.65098765356032,35.79616021392233],[139.65095722000333,35.79616009385363],[139.65095746436998,35.796121908399236],[139.65096830995557,35.79612194558041],[139.65101581561208,35.79612213750314],[139.65101563519107,35.79614881007123],[139.65098772524306,35.79614869383681]]]}},{"type":"Feature","properties":{"height":9.0,"gml_id":"bldg_ce36bbad-e283-47f0-8848-ffd2ba138cc1"},"geometry":{"type":"Polygon","coordinates":[[[139.65410972235327,35.79209618955531],[139.65428605168114,35.7920608875305],[139.654320281576,35.79217448563648],[139.65421584122691,35.79219540195278],[139.6542201347084,35.792209743478686],[139.65414827533732,35.792224135592505],[139.65410972235327,35.79209618955531]]]}},{"type":"Feature","properties":{"height":7.57,"gml_id":"bldg_e42dd19b-07e4-4973-8a9a-40650d947c2e"},"geometry":{"type":"Polygon","coordinates":[[[139.6573498429967,35.79204724383062],[139.65733572569152,35.791998455418685],[139.65733074408067,35.79199942158924],[139.65731970476367,35.791961566595766],[139.6573801116104,35.79194984726945],[139.65738489126886,35.791966217441285],[139.65738881699664,35.79196546244298],[139.65740916724897,35.792035836576645],[139.6573498429967,35.79204724383062]]]}}]}