{"type":"FeatureCollection","crs":{"type":"name","properties":{"name":"urn:ogc:def:crs:OGC:1.3:CRS84"}},"features":[{"type":"Feature","properties":{"height":2.5,"gml_id":"bldg_f2c59698-65a0-49d7-be50-787d5a635b01"},"geometry":{"type":"Polygon","coordinates":[[[139.68396291970848,35.796781777368494],[139.68385541283396,35.7967644279124],[139.68385375479946,35.79676361463296],[139.6838519868034,35.79676244067541],[139.68385010968998,35.796760455363994],[139.68384878593008,35.796758380605176],[139.68384779458756,35.79675603585355],[139.6838474672354,35.7967536017921],[139.68384769306783,35.7967511684184],[139.68384836127908,35.796748825730035],[139.68384958250596,35.79674657386456],[139.68385124577387,35.79674459295467],[139.68385335125166,35.796742792865224],[139.68385578796475,35.79674135372895],[139.68385778128604,35.79674036471816],[139.68385955282696,35.796739645837675],[139.68386154513522,35.796739197637656],[139.68396905197713,35.796756547088286],[139.6839705990384,35.796757540498966],[139.68397159358977,35.79675817268188],[139.68397380261698,35.796760158403714],[139.68397556842177,35.79676250411634],[139.6839767807046,35.796765029412036],[139.6839774394655,35.79676773429087],[139.68397743440477,35.7967704383451],[139.6839767667032,35.79677251062875],[139.6839760983269,35.796774943452974],[139.68397476730962,35.7967767445066],[139.68397332599278,35.79677836515249],[139.6839711103859,35.79677989470117],[139.68396834243765,35.7967809728869],[139.68396524308457,35.796781780254804],[139.68396291970848,35.796781777368494]]]}},{"type":"Feature","properties":{"height":2.6,"gml_id":"bldg_1ce5a5a5-1d02-4fd6-9b14-26cc02e38253"},"geometry":{"type":"Polygon","coordinates":[[[139.68156992946234,35.79167125910177],[139.68157486941863,35.79169145567151],[139.68152263599717,35.79169986246669],[139.6815176960536,35.79167966589486],[139.68156992946234,35.79167125910177]]]}},{"type":"Feature","properties":{"height":2.1,"gml_id":"bldg_bebcb3ee-4f96-4aa1-94bf-750ca793eafe"},"geometry":{"type":"Polygon","coordinates":[[[139.6821951978873,35.79845500394765],[139.68221620620483,35.79846197077375],[139.68221820539276,35.79845791719689],[139.6822267193256,35.798460722092244],[139.68222449800604,35.79846522606669],[139.6822285890993,35.79846658323809],[139.68221404004865,35.798495768797224],[139.68218042669432,35.798484639900146],[139.6821951978873,35.79845500394765]]]}},{"type":"Feature","properties":{"height":2.1,"gml_id":"bldg_54beb4e8-6cd5-4429-bf63-94bf123bcce8"},"geometry":{"type":"Polygon","coordinates":[[[139.6809655670055,35.79815645608644],[139.68099852051952,35.798165331104244],[139.68099085013088,35.798184339939525],[139.6810159522545,35.79819113189176],[139.68100316942122,35.798222212384566],[139.68096734082008,35.79821252250676],[139.68096645157826,35.79821468462768],[139.68094422468633,35.79820861739193],[139.6809655670055,35.79815645608644]]]}},{"type":"Feature","properties":{"height":8.6,"gml_id":"bldg_c8090de6-9575-4f7d-961b-d733c47e1d1d"},"geometry":{"type":"Polygon","coordinates":[[[139.68157505727694,35.794108593647344],[139.68157227357986,35.79408540370682],[139.68162135136396,35.79408150328851],[139.68162418737384,35.79410511693026],[139.68162672340625,35.79410495247817],[139.68163599876178,35.79419176365682],[139.6815459541166,35.794198132558115],[139.68153667886003,35.7941113204715],[139.68157505727694,35.794108593647344]]]}},{"type":"Feature","properties":{"height":8.38,"gml_id":"bldg_cf88dd1c-45c5-435d-87c5-197efeca8436"},"geometry":{"type":"Polygon","coordinates":[[[139.68394539316037,35.79293898151659],[139.6839488672432,35.79293885243232],[139.68398997428517,35.7929373180134],[139.68403256719435,35.79293573945633],[139.68403428982654,35.79293568931673],[139.68403664845158,35.792977707063066],[139.6840377115762,35.792996659352525],[139.6839488148406,35.79299995245607],[139.68394724084845,35.79297201032697],[139.68394539316037,35.79293898151659]]]}},{"type":"Feature","properties":{"height":4.23,"gml_id":"bldg_bd95f279-f1b0-459b-95d1-375f0e733c6f"},"geometry":{"type":"Polygon","coordinates":[[[139.67749063000724,35.792124335715705],[139.67750268650335,35.79211189102175],[139.67752760020386,35.79212793405962],[139.67751554260286,35.79214037875461],[139.67749063000724,35.792124335715705]]]}},{"type":"Feature","properties":{"height":8.08,"gml_id":"bldg_cc35e31d-4b7e-4b68-8bcd-e4693daf0cdb"},"geometry":{"type":"Polygon","coordinates":[[[139.68404131752726,35.79401727327126],[139.6840462356379,35.79400756548632],[139.68405812959665,35.79400355029952],[139.68407002513635,35.794007562571565],[139.68407496114287,35.7940172708725],[139.68407004193048,35.794026977755884],[139.68405814796884,35.79403099294384],[139.68404625242624,35.794026980670644],[139.68404131752726,35.79401727327126]]]}},{"type":"Feature","properties":{"height":17.49,"gml_id":"bldg_c439cf14-1d48-4d85-9b12-18fea0d2ce5c"},"geometry":{"type":"Polygon","coordinates":[[[139.68466124311539,35.79358118215492],[139.68465712229673,35.793513935149896],[139.68470769435035,35.79351175149655],[139.68470696943197,35.79350061076634],[139.68480138867056,35.79349656228099],[139.68480806283853,35.79359897966293],[139.6846627058288,35.793604859828825],[139.68466124311539,35.79358118215492]]]}},{"type":"Feature","properties":{"height":12.31,"gml_id":"bldg_b3185184-59c0-4dc6-a427-31cb78761375"},"geometry":{"type":"Polygon","coordinates":[[[139.68359125457746,35.79431726647595],[139.68358940409232,35.794295226069245],[139.68358869202564,35.794286749751976],[139.68367229227985,35.79428210550473],[139.68368091640647,35.7943846488468],[139.68359731384277,35.79438928768883],[139.68359125457746,35.79431726647595]]]}},{"type":"Feature","properties":{"height":4.77,"gml_id":"bldg_c8ed7f23-83b8-4673-866d-cba3f817307f"},"geometry":{"type":"Polygon","coordinates":[[[139.68314419763817,35.79579945204751],[139.68314845431243,35.795765080637786],[139.68323744148597,35.795772417006205],[139.68323318374325,35.79580678841775],[139.68314419763817,35.79579945204751]]]}},{"type":"Feature","properties":{"height":23.02,"gml_id":"bldg_c56d8ac4-59c4-4062-b0b7-51ffa51a05d3"},"geometry":{"type":"Polygon","coordinates":[[[139.6808075665464,35.79502014139581],[139.6807979159232,35.794922289008134],[139.68083868247038,35.79488412692421],[139.68109813081338,35.794867148798645],[139.6811062233257,35.79494914618133],[139.68115489087398,35.79494600167105],[139.6811913596806,35.795315529835754],[139.68084895964802,35.79533793099255],[139.68084309766127,35.79527857031951],[139.6808621193257,35.79527732443448],[139.6808586083647,35.79524110809767],[139.68085372167243,35.795190698201885],[139.68085266168944,35.79517974811422],[139.68082843659752,35.795181144233716],[139.68081951823254,35.795079291669936],[139.68081344256086,35.795079664334544],[139.6808075665464,35.79502014139581]]]}},{"type":"Feature","properties":{"height":5.36,"gml_id":"bldg_f5268063-b73e-4a70-b4ad-2510da359f1d"},"geometry":{"type":"Polygon","coordinates":[[[139.68402367529913,35.79378992719786],[139.68404236697995,35.79378921580342],[139.68406312985152,35.79378842946089],[139.68407697654015,35.79378791575225],[139.6840789970677,35.79382321528117],[139.68401323651463,35.79382570429639],[139.68401121491146,35.79379040386373],[139.68402367529913,35.79378992719786]]]}},{"type":"Feature","properties":{"height":9.13,"gml_id":"bldg_c39378e3-2764-49c4-b641-50a86b44c383"},"geometry":{"type":"Polygon","coordinates":[[[139.68706947479063,35.79603847263087],[139.68712777709638,35.7960352599075],[139.6871289003156,35.79605383817217],[139.6871347004538,35.796053517132044],[139.68713855991268,35.79609735014609],[139.6870121451651,35.79610433689788],[139.6870092198468,35.796069390561],[139.68700693244648,35.79604193344637],[139.68706947479063,35.79603847263087]]]}},{"type":"Feature","properties":{"height":7.13,"gml_id":"bldg_c034274b-32be-49c7-a29b-fa01098502cb"},"geometry":{"type":"Polygon","coordinates":[[[139.6839057295147,35.79230131071557],[139.683902337534,35.79228064656114],[139.68389916326825,35.79226128693659],[139.68394713042449,35.79225607902525],[139.68395369669457,35.7922961028017],[139.6839057295147,35.79230131071557]]]}},{"type":"Feature","properties":{"height":3.65,"gml_id":"bldg_c7f8b847-4656-4bcd-a87f-0956199d85fa"},"geometry":{"type":"Polygon","coordinates":[[[139.6841769999293,35.79285904942758],[139.68413570390274,35.79286050255414],[139.68413450564685,35.79283807357466],[139.6841758016635,35.79283661954711],[139.6841769999293,35.79285904942758]]]}},{"type":"Feature","properties":{"height":14.31,"gml_id":"bldg_c778f235-fb73-4cf0-9cd6-5897f690358f"},"geometry":{"type":"Polygon","coordinates":[[[139.67488241295743,35.79532745815446],[139.67491264543767,35.79519019299266],[139.67535354872098,35.7952546664492],[139.67532332807298,35.795391913709764],[139.6753491638907,35.79539569007892],[139.67536134813201,35.795340366581705],[139.6754169394844,35.79534850942474],[139.67532870126564,35.795749180370876],[139.6749817176401,35.79569843378019],[139.6750028626208,35.795602371027506],[139.6750213548109,35.79551842798233],[139.67484600985708,35.79549277070348],[139.67486321956596,35.79541457933076],[139.67488241295743,35.79532745815446]]]}},{"type":"Feature","properties":{"height":7.9,"gml_id":"bldg_c8f88984-3f1e-4b91-a981-be213bf5a0a4"},"geometry":{"type":"Polygon","coordinates":[[[139.68476166199633,35.79227973924644],[139.68476086208585,35.79227203889056],[139.6848077641029,35.79225240855398],[139.68482961538197,35.79225091676113],[139.6848362159255,35.79231438114931],[139.68476577145597,35.79231922544019],[139.68476166199633,35.79227973924644]]]}},{"type":"Feature","properties":{"height":4.05,"gml_id":"bldg_a6230a1b-d78e-48dc-9866-853e86e9ff60"},"geometry":{"type":"Polygon","coordinates":[[[139.67969111521447,35.79486581702972],[139.679633192315,35.794868783267844],[139.67962653625943,35.794782761275826],[139.67968445909494,35.79477979594205],[139.67969111521447,35.79486581702972]]]}},{"type":"Feature","properties":{"height":8.55,"gml_id":"bldg_c94702a2-254d-43d1-a649-70ca93f74386"},"geometry":{"type":"Polygon","coordinates":[[[139.68526302277883,35.79374316342774],[139.6852921551456,35.793741709361065],[139.68529280462,35.79374167771194],[139.685325086539,35.7937611948112],[139.68536550083954,35.79378563158479],[139.6853269856711,35.793786487338714],[139.68532719187337,35.79378924122892],[139.6853171233395,35.79378973990269],[139.6853207082313,35.79383726009146],[139.68529184357845,35.79383870548108],[139.68529556018447,35.793887975360384],[139.685248573234,35.79389031870881],[139.68524485221317,35.79384105873758],[139.68523616673218,35.79384147888742],[139.68523190258014,35.7937850281458],[139.68523504153228,35.79378487066967],[139.6852320692337,35.79374470267558],[139.68526302277883,35.79374316342774]]]}},{"type":"Feature","properties":{"height":9.84,"gml_id":"bldg_df49d813-7a07-4818-a12d-f9c44d4d2955"},"geometry":{"type":"Polygon","coordinates":[[[139.68205816940645,35.79511081020905],[139.68211089066514,35.7951070890388],[139.68212926188474,35.795278615418894],[139.68202236513042,35.7952861956317],[139.6820039941389,35.79511466923603],[139.68205816940645,35.79511081020905]]]}},{"type":"Feature","properties":{"height":2.46,"gml_id":"bldg_cb354a92-1e51-47c1-9e87-447bba1ed999"},"geometry":{"type":"Polygon","coordinates":[[[139.68604043219815,35.79455716924025],[139.68604060731676,35.79455400029456],[139.6860512130947,35.794554388249296],[139.6860537716657,35.79450784006128],[139.6860804393068,35.79450881914458],[139.6860732386598,35.794639848249446],[139.6860139681465,35.79463768270133],[139.6860172947723,35.79457542666069],[139.68601831456525,35.79455638410566],[139.68604043219815,35.79455716924025]]]}},{"type":"Feature","properties":{"height":7.61,"gml_id":"bldg_c5302a95-32ae-4aec-ad35-15ec7dd44734"},"geometry":{"type":"Polygon","coordinates":[[[139.68688080409422,35.79306343175962],[139.6868924849286,35.79306567954157],[139.6868799390154,35.79310921949415],[139.6867821093439,35.79309048373124],[139.6868158145258,35.792973563295114],[139.68690195215478,35.7929900620535],[139.68688080409422,35.79306343175962]]]}},{"type":"Feature","properties":{"height":4.93,"gml_id":"bldg_c64dbb3d-fd2f-4055-9375-89dc92ea0478"},"geometry":{"type":"Polygon","coordinates":[[[139.68408796587167,35.79321394175784],[139.6840710178629,35.79321466794308],[139.68406181720286,35.79307413722734],[139.68409472957802,35.79307271878892],[139.6841061976635,35.79324788684528],[139.68409023546022,35.793248570991665],[139.68408796587167,35.79321394175784]]]}},{"type":"Feature","properties":{"height":4.91,"gml_id":"bldg_cce18c44-4e7a-4a75-a323-370a248b5e69"},"geometry":{"type":"Polygon","coordinates":[[[139.68425148925257,35.79437302891771],[139.68428903647623,35.79437168377509],[139.68429252703132,35.794435637355924],[139.6842181428046,35.79443832130147],[139.68421465341706,35.794374366818666],[139.68425148925257,35.79437302891771]]]}},{"type":"Feature","properties":{"height":5.12,"gml_id":"bldg_c15121c5-42d9-489c-a47d-9ff94bdebc5e"},"geometry":{"type":"Polygon","coordinates":[[[139.68479379302968,35.793414908251265],[139.68474408909205,35.79341731384544],[139.68474075414883,35.79337181387985],[139.6847904569519,35.79336940828557],[139.68479379302968,35.793414908251265]]]}},{"type":"Feature","properties":{"height":6.95,"gml_id":"bldg_f459307f-153e-4fb3-8128-7df7c0aaad0a"},"geometry":{"type":"Polygon","coordinates":[[[139.68421151012188,35.79399491546292],[139.68424996850527,35.793993128897455],[139.68425154106757,35.79401420360067],[139.68424871191095,35.794014343408136],[139.68425073552663,35.79404151813254],[139.68421975312634,35.79404303364855],[139.6842177261719,35.794015875143884],[139.68420923098265,35.794016281033834],[139.68420765190803,35.793995145029946],[139.68421151012188,35.79399491546292]]]}},{"type":"Feature","properties":{"height":21.17,"gml_id":"bldg_f763b442-f660-4a59-a36b-dc1c0030359b"},"geometry":{"type":"Polygon","coordinates":[[[139.6849952090569,35.79425507547741],[139.68506660486463,35.79425120388821],[139.6852227568866,35.7942427018762],[139.68523010153066,35.794242281878574],[139.6853644000219,35.794234986716475],[139.6853707500172,35.7943121729584],[139.68500155434666,35.794332221171416],[139.68500063994387,35.794321216315126],[139.68499281973746,35.79431023448669],[139.68498927313917,35.794299942959235],[139.68498983434333,35.79429085800437],[139.68499734787446,35.794281122736834],[139.6849952090569,35.79425507547741]]]}},{"type":"Feature","properties":{"height":9.65,"gml_id":"bldg_c2f41ea5-2d43-4336-98dd-5cdca0461dbe"},"geometry":{"type":"Polygon","coordinates":[[[139.68217524887416,35.794737498647045],[139.6820630657867,35.79474733194572],[139.6820432244394,35.794597431675555],[139.68215540952949,35.79458759929878],[139.68217524887416,35.794737498647045]]]}},{"type":"Feature","properties":{"height":12.51,"gml_id":"bldg_cc8faa6c-ebcd-4697-ac4a-f7ac807232b6"},"geometry":{"type":"Polygon","coordinates":[[[139.67538016039498,35.79320444065612],[139.67539066970474,35.79314779625426],[139.6753945575019,35.79314826285418],[139.67541476841535,35.79315074018109],[139.6754913968183,35.793160179724154],[139.67552695748267,35.79316457362962],[139.67554781869728,35.79316716445685],[139.6755373117126,35.79322380707277],[139.67538016039498,35.79320444065612]]]}},{"type":"Feature","properties":{"height":3.57,"gml_id":"bldg_baa925da-e297-4749-b321-93914e066b32"},"geometry":{"type":"Polygon","coordinates":[[[139.68606593919395,35.79415409248685],[139.6860225111808,35.79415704079804],[139.68601939316346,35.79412666856144],[139.68606282226656,35.79412372025268],[139.68606593919395,35.79415409248685]]]}},{"type":"Feature","properties":{"height":10.58,"gml_id":"bldg_c9642c6b-469f-464c-9756-e01b6ecbe057"},"geometry":{"type":"Polygon","coordinates":[[[139.68595102581023,35.79231564638529],[139.68601265514414,35.79231259060437],[139.6860218826605,35.792435590787896],[139.68577963340428,35.79244763329887],[139.68577543323778,35.79239170903242],[139.6857704095672,35.792324639411405],[139.68595102581023,35.79231564638529]]]}},{"type":"Feature","properties":{"height":7.62,"gml_id":"bldg_c207af86-8252-4ae1-ac05-d435697fe300"},"geometry":{"type":"Polygon","coordinates":[[[139.6838256329103,35.792999291893594],[139.68382413716117,35.79297271721433],[139.6838224607737,35.79294276403524],[139.68390541831602,35.79293969258829],[139.68390859051297,35.79299621954326],[139.6838256329103,35.792999291893594]]]}},{"type":"Feature","properties":{"height":9.22,"gml_id":"bldg_f4c774a6-d64f-45a1-9ba0-9567c2e43ebc"},"geometry":{"type":"Polygon","coordinates":[[[139.68217587372266,35.79472769270333],[139.6821708454892,35.7946879204554],[139.68215764438733,35.794583485625786],[139.6821892376804,35.794580831196875],[139.68221992357897,35.79457827837362],[139.6822392649003,35.794731251603594],[139.68217698558877,35.79473645976671],[139.68217587372266,35.79472769270333]]]}},{"type":"Feature","properties":{"height":31.16,"gml_id":"bldg_c6209cc6-a0ff-41e8-9ff6-6371a926611f"},"geometry":{"type":"Polygon","coordinates":[[[139.6860510461963,35.79506808221062],[139.68623158714175,35.79505647475598],[139.68628582889696,35.79505302762659],[139.68628695100745,35.79506308720587],[139.6862935898896,35.79506265726675],[139.6863063231403,35.795180808771335],[139.68625682745687,35.795184301374896],[139.68625606795842,35.79517739156918],[139.68624929628655,35.79517783125865],[139.6862484420898,35.79517007857126],[139.6862124590555,35.79517254031234],[139.68621422537194,35.795193830647],[139.6861760115539,35.795195893052],[139.68617427410513,35.795175152577926],[139.68608571621317,35.79518121122285],[139.6860845339417,35.79521456527265],[139.68610939612083,35.79521501755075],[139.68610851880226,35.79525219191126],[139.6861163810538,35.79525250889946],[139.68611446122108,35.79528506615074],[139.68608208066001,35.79528379525078],[139.68608205385195,35.79528453342668],[139.68607347452195,35.79528430298933],[139.68607324258141,35.79529008579098],[139.68610014441097,35.79529080106024],[139.68609950708574,35.7953070291542],[139.68600992133662,35.79530464530647],[139.68600952935594,35.79531441459953],[139.68598115402182,35.795313610974254],[139.6859814834593,35.795304760985466],[139.68593214711336,35.79530339986051],[139.68593227940903,35.795299459304076],[139.68591850055515,35.79529905032287],[139.68592018522108,35.795250700167344],[139.68592241709186,35.795187611745426],[139.68590454630456,35.79518876339742],[139.68590194814283,35.79515546961149],[139.6858959116599,35.795155599215455],[139.68589429318638,35.79513277946001],[139.68590034860205,35.79513258137645],[139.68589437744993,35.795087167456586],[139.68590131124955,35.795085800492835],[139.6858995159967,35.79507782491597],[139.6860510461963,35.79506808221062]]]}},{"type":"Feature","properties":{"height":8.69,"gml_id":"bldg_c962ac62-7abc-44b4-bff9-40c3d098fe65"},"geometry":{"type":"Polygon","coordinates":[[[139.68725925039803,35.79603168809912],[139.6872578794025,35.79601850684028],[139.6873444088923,35.796012544921275],[139.68734986595433,35.79606489856215],[139.68722150840608,35.79607375168146],[139.6872195968907,35.796055470807815],[139.68721742352443,35.79603457839433],[139.68725925039803,35.79603168809912]]]}},{"type":"Feature","properties":{"height":11.73,"gml_id":"bldg_ceb6bce4-b266-4818-8a1e-9c412240971d"},"geometry":{"type":"Polygon","coordinates":[[[139.68248938713543,35.79282760057571],[139.6823726866163,35.792834372912054],[139.68236516858107,35.79274871410405],[139.6824818667578,35.79274194447589],[139.68248478553727,35.79277514230471],[139.6825077515697,35.7927739678066],[139.68251067808612,35.79281127401625],[139.68248805831948,35.79281244894931],[139.68248938713543,35.79282760057571]]]}},{"type":"Feature","properties":{"height":11.21,"gml_id":"bldg_a8410623-18ab-45cb-9072-0e6402a68688"},"geometry":{"type":"Polygon","coordinates":[[[139.68567049810926,35.79214554566857],[139.68567045764726,35.79214349684074],[139.6856959944494,35.7921429540355],[139.68569525019495,35.79212724612293],[139.68573416350614,35.79212542628959],[139.6857422661591,35.79212898576831],[139.68574620708995,35.792197050961455],[139.6855998748847,35.79220403973337],[139.6855966705148,35.79214872329342],[139.68567049810926,35.79214554566857]]]}},{"type":"Feature","properties":{"height":4.27,"gml_id":"bldg_caf46c24-a5dd-43fe-9e4d-918edb4c9752"},"geometry":{"type":"Polygon","coordinates":[[[139.68414272785256,35.7941288930145],[139.68409219352094,35.79413080246478],[139.68409057792277,35.79410258988491],[139.6841411122349,35.79410068133663],[139.68414272785256,35.7941288930145]]]}},{"type":"Feature","properties":{"height":8.51,"gml_id":"bldg_cc5197b9-4701-44a5-bed3-2bc0d43aae70"},"geometry":{"type":"Polygon","coordinates":[[[139.68454062442947,35.79286974292972],[139.68453967650717,35.79286073813061],[139.68461430070056,35.79285553409444],[139.68462219087482,35.79293039500135],[139.68455748159897,35.792934920873186],[139.68455838846378,35.79294102596513],[139.68448880593053,35.7929478766719],[139.68448367497675,35.792913387216885],[139.68447810817838,35.7928759101344],[139.68454062442947,35.79286974292972]]]}},{"type":"Feature","properties":{"height":4.43,"gml_id":"bldg_1ab4b283-15eb-49a1-98e8-449ad7574b7a"},"geometry":{"type":"Polygon","coordinates":[[[139.67827831491118,35.793963441052256],[139.67828130694076,35.79394324917611],[139.67834334262585,35.79394936552279],[139.6783403506117,35.793969557400516],[139.67827831491118,35.793963441052256]]]}},{"type":"Feature","properties":{"height":7.88,"gml_id":"bldg_c01d535b-2a51-4ef5-8ecf-c03ca94195ce"},"geometry":{"type":"Polygon","coordinates":[[[139.68309237335293,35.792838103655114],[139.6830449825477,35.792841942788016],[139.6830387523054,35.7927911301776],[139.68308614418362,35.79278729285112],[139.68309237335293,35.792838103655114]]]}},{"type":"Feature","properties":{"height":3.32,"gml_id":"bldg_cd85e1df-ff4a-42bf-bb80-3937b66b9461"},"geometry":{"type":"Polygon","coordinates":[[[139.68162293528192,35.79298281700015],[139.68162170853827,35.79297108973756],[139.68162063176825,35.79296078229681],[139.68167728940352,35.792956857166125],[139.68167959514707,35.79297889096988],[139.68162293528192,35.79298281700015]]]}},{"type":"Feature","properties":{"height":3.11,"gml_id":"bldg_c9d11939-46a3-4193-988f-fa8718d4008f"},"geometry":{"type":"Polygon","coordinates":[[[139.68350251079016,35.79239780367544],[139.68343409706208,35.79240044770813],[139.68343093731175,35.792346320155765],[139.68349935209812,35.792343677027475],[139.68350251079016,35.79239780367544]]]}},{"type":"Feature","properties":{"height":8.62,"gml_id":"bldg_c62eaec4-013e-49e7-82d5-2bbd9843b458"},"geometry":{"type":"Polygon","coordinates":[[[139.6844174423479,35.792030218794444],[139.68451684172987,35.79202489136602],[139.68452335080977,35.792105228109826],[139.68441970280668,35.79211012394134],[139.68441883598584,35.792097983429294],[139.6844126502043,35.7920982074164],[139.684410612707,35.792061865896336],[139.68441624973028,35.792061656552704],[139.68441616995239,35.79206053697197],[139.68441988304372,35.792060362200964],[139.6844174423479,35.792030218794444]]]}},{"type":"Feature","properties":{"height":8.78,"gml_id":"bldg_c82e3064-2345-4a1e-a403-405f0d46281e"},"geometry":{"type":"Polygon","coordinates":[[[139.68708888166418,35.79561937217965],[139.68709489656098,35.79567632431908],[139.68696325354756,35.795685276823676],[139.68695657747702,35.795620300923495],[139.68705721530938,35.795613462241946],[139.68705804801846,35.79562151504776],[139.68708888166418,35.79561937217965]]]}},{"type":"Feature","properties":{"height":9.72,"gml_id":"bldg_cff5fca4-8fa9-4c85-892f-977021b7e69e"},"geometry":{"type":"Polygon","coordinates":[[[139.68405900469907,35.79461104226736],[139.68404982381114,35.794530848234416],[139.68404717646357,35.79450771350382],[139.68412514474232,35.79450177932297],[139.68412785981891,35.79452538824808],[139.684130786446,35.79452519808861],[139.68413988773628,35.79460540373437],[139.68405900469907,35.79461104226736]]]}},{"type":"Feature","properties":{"height":8.3,"gml_id":"bldg_c1063d6e-c559-43b6-a516-55e10c261dfd"},"geometry":{"type":"Polygon","coordinates":[[[139.68149159125267,35.7945463082834],[139.68148493929903,35.79448093190173],[139.6814890974608,35.79448065052239],[139.68148797343275,35.79446959489969],[139.68153035941577,35.79446674786289],[139.68153073956708,35.794470463723286],[139.68154540709898,35.79446947092113],[139.68156773034028,35.79446798212089],[139.68157512738335,35.79454068293834],[139.68149159125267,35.7945463082834]]]}},{"type":"Feature","properties":{"height":5.26,"gml_id":"bldg_c1fa9762-737e-4d9b-8905-98152bd1d819"},"geometry":{"type":"Polygon","coordinates":[[[139.6816714000314,35.793702326275934],[139.68163497313995,35.79370343225491],[139.68163312618876,35.79366352608446],[139.6816695541666,35.79366242100875],[139.6816714000314,35.793702326275934]]]}},{"type":"Feature","properties":{"height":8.21,"gml_id":"bldg_cf8514dd-8406-476b-bdf8-e5089cf65b67"},"geometry":{"type":"Polygon","coordinates":[[[139.68144419746238,35.793972133792735],[139.68143414189242,35.79397277186754],[139.68143093920528,35.79393956104266],[139.6814266299977,35.793894825009936],[139.68151001665396,35.79388948795308],[139.68151148684984,35.79390467221462],[139.68151690961906,35.79390433834979],[139.6815232242144,35.793969665636915],[139.68144444924062,35.79397470387074],[139.68144419746238,35.793972133792735]]]}},{"type":"Feature","properties":{"height":11.28,"gml_id":"bldg_cd0560e5-6bd2-49c7-aac1-693c7d162bbf"},"geometry":{"type":"Polygon","coordinates":[[[139.6841287175716,35.794241738658435],[139.68412461035962,35.79418755678468],[139.68412046243697,35.79413266639562],[139.68423076885315,35.79412714903724],[139.68423902413974,35.79423622039157],[139.6841287175716,35.794241738658435]]]}},{"type":"Feature","properties":{"height":25.48,"gml_id":"bldg_cbe494e1-0c78-40b9-92fa-0d0c100efd66"},"geometry":{"type":"Polygon","coordinates":[[[139.68504524888954,35.792556701386665],[139.68505631372244,35.79266774563813],[139.68497385373055,35.792673529766766],[139.68497712513687,35.79270446286882],[139.68495447036864,35.79270605284568],[139.68495649027386,35.79272819439832],[139.6848591810347,35.792734088115836],[139.68483789705863,35.79269520085084],[139.68483426945667,35.79265892497914],[139.68482023821844,35.79251792774914],[139.6849392909158,35.792510117579106],[139.68494007647047,35.79251781431037],[139.6849506529208,35.79251716666988],[139.68495519174863,35.79256259691483],[139.68504524888954,35.792556701386665]]]}},{"type":"Feature","properties":{"height":7.82,"gml_id":"bldg_fd71d86d-93bc-4079-bf57-83a1542113bd"},"geometry":{"type":"Polygon","coordinates":[[[139.6845398117749,35.792978675072895],[139.6845393589545,35.79296461248748],[139.68457822549718,35.79296378175653],[139.68457809481413,35.792959700263545],[139.6846589754714,35.792957984969284],[139.68466095548092,35.7930193218588],[139.68448915597494,35.793022978828695],[139.684488493614,35.79300263444724],[139.68448775958367,35.79297978781805],[139.6845398117749,35.792978675072895]]]}},{"type":"Feature","properties":{"height":8.46,"gml_id":"bldg_cb57e94c-33cb-4e66-8f6f-e9485472d1a7"},"geometry":{"type":"Polygon","coordinates":[[[139.679736620975,35.79560818859819],[139.67959977929152,35.795633384114275],[139.67955646121447,35.79547710791247],[139.6796933015404,35.79545191064026],[139.67970661477278,35.795499940055706],[139.67971708296767,35.795497708158365],[139.67973056461997,35.79554331765148],[139.67973615801554,35.795560737146324],[139.67972417899645,35.79556330241872],[139.679736620975,35.79560818859819]]]}},{"type":"Feature","properties":{"height":8.71,"gml_id":"bldg_b0e30dbe-18cc-4191-bc02-020ea7dcdd8c"},"geometry":{"type":"Polygon","coordinates":[[[139.68179277168136,35.79414480431045],[139.68178537455356,35.79405749616026],[139.68186338052155,35.794053127341776],[139.68187077773604,35.79414043458608],[139.68179277168136,35.79414480431045]]]}},{"type":"Feature","properties":{"height":10.54,"gml_id":"bldg_b48eba43-db16-435f-bfef-0dfbf9dbb00e"},"geometry":{"type":"Polygon","coordinates":[[[139.68586763935474,35.79346861041327],[139.68568645062223,35.793479458494375],[139.68568197946402,35.793430088548035],[139.68586316808336,35.79341924137468],[139.68586763935474,35.79346861041327]]]}},{"type":"Feature","properties":{"height":7.94,"gml_id":"bldg_c723d86e-3bca-4034-85c5-e1a4c1dd5fe3"},"geometry":{"type":"Polygon","coordinates":[[[139.68407477220583,35.79288897371954],[139.68412890675552,35.79288650539643],[139.68413643775457,35.79299524868976],[139.68403906111436,35.79299970850626],[139.6840315313539,35.792890965208585],[139.68407477220583,35.79288897371954]]]}},{"type":"Feature","properties":{"height":8.82,"gml_id":"bldg_c933fd61-5e3b-4ddb-b62d-51658d2d9335"},"geometry":{"type":"Polygon","coordinates":[[[139.68670214084273,35.795938340016356],[139.68677337460954,35.79593431849547],[139.68677879544674,35.79599775696567],[139.6866435298242,35.7960054058529],[139.68664142525952,35.795980872044154],[139.68664011808153,35.795965530311406],[139.68667939355583,35.795963305008115],[139.68667845021798,35.79595225686701],[139.68669789763814,35.79595115479486],[139.68669728897152,35.795944020739654],[139.68670260005837,35.79594371805235],[139.68670214084273,35.795938340016356]]]}},{"type":"Feature","properties":{"height":8.16,"gml_id":"bldg_c483b799-29e4-46fc-8340-17f576675ac0"},"geometry":{"type":"Polygon","coordinates":[[[139.68130352016368,35.794010096795276],[139.68131224169144,35.79409938782544],[139.68123020016847,35.79410469219483],[139.68122404184209,35.794041662642776],[139.68122065073905,35.794006932793124],[139.68126394911576,35.79400413567711],[139.68126477712357,35.79401259863458],[139.68130352016368,35.794010096795276]]]}},{"type":"Feature","properties":{"height":8.63,"gml_id":"bldg_c61368f5-93d7-41e3-925d-c1b221b4220a"},"geometry":{"type":"Polygon","coordinates":[[[139.68697319120002,35.79575928645434],[139.6869709119139,35.795735862003966],[139.68696880120802,35.795714022338494],[139.68696773388976,35.79570299117396],[139.68704331174592,35.79569976526789],[139.68705171978166,35.795705953375695],[139.6870874513007,35.79570441586689],[139.68709141724304,35.795751699396455],[139.68707338037748,35.79575285913211],[139.6870716628095,35.79576339476893],[139.68701492108806,35.79576637681528],[139.68701652347124,35.79575651615305],[139.68697319120002,35.79575928645434]]]}},{"type":"Feature","properties":{"height":6.01,"gml_id":"bldg_ced99d48-587a-4d77-9fb4-b625d2836834"},"geometry":{"type":"Polygon","coordinates":[[[139.68332165942334,35.79267587217647],[139.68311341739044,35.792690151039906],[139.68310329936202,35.792582998941874],[139.68331154776678,35.792568713793855],[139.6833118623845,35.792572019451974],[139.68332477360326,35.792571145022166],[139.6833339470166,35.79266835218517],[139.6833210335476,35.79266923833071],[139.68332165942334,35.79267587217647]]]}},{"type":"Feature","properties":{"height":2.65,"gml_id":"bldg_f4a0f347-41f7-4228-8a59-cfc789f06df2"},"geometry":{"type":"Polygon","coordinates":[[[139.68060447103605,35.792938804401196],[139.68060773780297,35.792912887411056],[139.68064285445868,35.79291583346805],[139.68063958770483,35.792941749557805],[139.68060447103605,35.792938804401196]]]}},{"type":"Feature","properties":{"height":10.57,"gml_id":"bldg_ca259413-23d8-42bf-b14f-3a59c1f08a04"},"geometry":{"type":"Polygon","coordinates":[[[139.68436704353428,35.792031364181895],[139.6843101188331,35.79203476476099],[139.68430512852933,35.79197478877538],[139.68436198188513,35.79196987744047],[139.68436704353428,35.792031364181895]]]}},{"type":"Feature","properties":{"height":8.16,"gml_id":"bldg_bf972e95-6b13-425c-9f43-acc2aeeab294"},"geometry":{"type":"Polygon","coordinates":[[[139.6832185584225,35.7940923916818],[139.68324127999745,35.79433376836458],[139.6830307158318,35.79434805409202],[139.68301193976353,35.794107433131195],[139.68300904468094,35.79407032347592],[139.68318837571232,35.79406105448203],[139.68319097066643,35.794094257290574],[139.6832185584225,35.7940923916818]]]}},{"type":"Feature","properties":{"height":18.97,"gml_id":"bldg_c59029c9-b852-4e75-b663-887c850c3a20"},"geometry":{"type":"Polygon","coordinates":[[[139.67570520918255,35.79597603146222],[139.6757095573769,35.795991056416085],[139.6757137066091,35.79600542943038],[139.6755378701033,35.796039155488444],[139.67551755243244,35.79595266107901],[139.67559559887823,35.79595858713708],[139.67563129796443,35.79596131098468],[139.67567957557088,35.7959650013417],[139.67568221406742,35.795971810020276],[139.67570295872557,35.79596824983107],[139.67570520918255,35.79597603146222]]]}},{"type":"Feature","properties":{"height":3.91,"gml_id":"bldg_dc8b474c-97ab-46d3-95ac-b5fddfb365bb"},"geometry":{"type":"Polygon","coordinates":[[[139.68696356531274,35.793949857391645],[139.6863490194139,35.79399195809739],[139.6863439270457,35.79394265321885],[139.68695847145938,35.793900553437915],[139.68696356531274,35.793949857391645]]]}},{"type":"Feature","properties":{"height":2.47,"gml_id":"bldg_c54b537f-2412-4893-99e8-4ff06953cc95"},"geometry":{"type":"Polygon","coordinates":[[[139.67510451948297,35.7935535710124],[139.67511274673976,35.79351810545151],[139.67514899441505,35.79352369466653],[139.6751407638584,35.79355915842287],[139.67510451948297,35.7935535710124]]]}},{"type":"Feature","properties":{"height":9.91,"gml_id":"bldg_dbf93d16-9750-4bb8-84f6-646175b5737e"},"geometry":{"type":"Polygon","coordinates":[[[139.6814814153231,35.7943235005968],[139.68154881459674,35.79431881753501],[139.68155417840376,35.79436986436839],[139.6814867813034,35.79437454563313],[139.68148581626605,35.79436540468653],[139.6814754894676,35.79436610912235],[139.68147108738944,35.794324223057885],[139.6814814153231,35.7943235005968]]]}},{"type":"Feature","properties":{"height":2.89,"gml_id":"bldg_d87db37c-0097-44c0-ad95-b2d77daf2591"},"geometry":{"type":"Polygon","coordinates":[[[139.6796985396098,35.79213767781103],[139.67970070728776,35.79211504307123],[139.67976125249152,35.79211890159422],[139.67975908372608,35.79214153543237],[139.6796985396098,35.79213767781103]]]}},{"type":"Feature","properties":{"height":16.39,"gml_id":"bldg_d2f56087-6d3a-4b29-a4e3-adf981c9df1c"},"geometry":{"type":"Polygon","coordinates":[[[139.68607583544085,35.79258601446812],[139.68588676212661,35.79259789786819],[139.68588542410387,35.792584388533996],[139.685880255583,35.79253159348798],[139.6860479401696,35.792521028721076],[139.6860712182917,35.7925371166595],[139.68607583544085,35.79258601446812]]]}},{"type":"Feature","properties":{"height":8.96,"gml_id":"bldg_a36b9020-1bc3-41f7-a1a5-115dcbde8bd2"},"geometry":{"type":"Polygon","coordinates":[[[139.6869996548181,35.795363116014244],[139.6870712527123,35.79535812760644],[139.68707544342377,35.795398054563314],[139.68703544144626,35.79540083885322],[139.6870376857341,35.79542223701788],[139.68700797414186,35.79542430552479],[139.68700828621928,35.79542727586519],[139.68693927417354,35.79543206457914],[139.68693831613615,35.795422982273685],[139.6869353520054,35.79539475006797],[139.68693252715653,35.79536778984178],[139.6869732018727,35.79536495683049],[139.6869996548181,35.795363116014244]]]}},{"type":"Feature","properties":{"height":7.32,"gml_id":"bldg_c1c418e2-4b49-4cec-a5ea-c7229b11f60a"},"geometry":{"type":"Polygon","coordinates":[[[139.6799360319237,35.794004393135],[139.67963135950976,35.794039603032864],[139.67962371283016,35.79400153268976],[139.67992852341754,35.79396631036821],[139.6799360319237,35.794004393135]]]}},{"type":"Feature","properties":{"height":7.82,"gml_id":"bldg_c8855494-9d6d-4c32-8a94-75936f9ddb90"},"geometry":{"type":"Polygon","coordinates":[[[139.6810424492958,35.794577384085024],[139.68108210399515,35.79457443189405],[139.68109040954283,35.79464796223401],[139.68100826737577,35.794654105483716],[139.68099996301123,35.79458057423839],[139.6810424492958,35.794577384085024]]]}},{"type":"Feature","properties":{"height":10.74,"gml_id":"bldg_cc734b6b-e531-46a9-b2cb-5fc1b82d997d"},"geometry":{"type":"Polygon","coordinates":[[[139.6849752404071,35.79419575797838],[139.68499604799274,35.79419477593628],[139.68499247982479,35.79415442513054],[139.68514620418426,35.79414542447791],[139.68515413945437,35.79423506398873],[139.6849787936142,35.794245344037954],[139.6849752404071,35.79419575797838]]]}},{"type":"Feature","properties":{"height":7.61,"gml_id":"bldg_c0cab2c5-52a7-41cc-96a5-3e98c380d075"},"geometry":{"type":"Polygon","coordinates":[[[139.68388839740362,35.79288602914909],[139.683892700902,35.79293806876769],[139.6838188443468,35.792942104254045],[139.68381241734903,35.79286435897913],[139.68384455254883,35.79286259442401],[139.6838726757909,35.792861069140486],[139.68387480270357,35.792886760375794],[139.68388839740362,35.79288602914909]]]}},{"type":"Feature","properties":{"height":19.64,"gml_id":"bldg_c61f0ba2-e5f3-448f-90f7-fa0b5b31ba65"},"geometry":{"type":"Polygon","coordinates":[[[139.68058974251355,35.795155236494764],[139.68061778735853,35.79515292859818],[139.6806240016856,35.7952020954204],[139.68059474066814,35.79520454779282],[139.68062076067082,35.79546196959682],[139.68066357205603,35.795457963364846],[139.680719002513,35.79545279686868],[139.6807318917904,35.79559152704813],[139.68036654643703,35.79561240596489],[139.6803539782837,35.79548828800013],[139.6803225394001,35.795177631605114],[139.68058974251355,35.795155236494764]]]}},{"type":"Feature","properties":{"height":9.15,"gml_id":"bldg_c4986c25-903a-4319-be87-63f097216ee9"},"geometry":{"type":"Polygon","coordinates":[[[139.6850164330784,35.79450092159344],[139.68502573271013,35.79450046976837],[139.6850224634419,35.79445583519927],[139.6851194771642,35.79445113257925],[139.68512484734453,35.79452440845167],[139.685018534998,35.794529566507755],[139.6850164330784,35.79450092159344]]]}},{"type":"Feature","properties":{"height":8.27,"gml_id":"bldg_58bb7f1f-0141-4d52-9414-8ee5ba7508a2"},"geometry":{"type":"Polygon","coordinates":[[[139.6838716351538,35.79492031547606],[139.68386466221236,35.794842145914394],[139.68416532820723,35.794824345297386],[139.68419485495636,35.79515497054802],[139.68414019523158,35.795158209805294],[139.6841444865343,35.795206270804954],[139.6838984501088,35.795220834009854],[139.68388833456518,35.79510749152694],[139.68388661061093,35.79508813461499],[139.6838716351538,35.79492031547606]]]}},{"type":"Feature","properties":{"height":6.25,"gml_id":"bldg_d8d0e01a-e7d9-49ac-ad4f-9a3f1b32b559"},"geometry":{"type":"Polygon","coordinates":[[[139.68269820299895,35.79568014619468],[139.68260915792425,35.79568187426833],[139.6826047785736,35.79563053127968],[139.68269382469575,35.79562880411185],[139.68269820299895,35.79568014619468]]]}},{"type":"Feature","properties":{"height":7.64,"gml_id":"bldg_e897e7b8-9203-46fc-9888-bd8f0a53d248"},"geometry":{"type":"Polygon","coordinates":[[[139.6754825020813,35.795951972404204],[139.67551493604995,35.795946985427214],[139.67553371458487,35.79602797685677],[139.67550911597326,35.79603177622487],[139.6755111817606,35.79604062121429],[139.67547369997294,35.79604644973662],[139.6754528580441,35.79595655472269],[139.6754825020813,35.795951972404204]]]}},{"type":"Feature","properties":{"height":10.86,"gml_id":"bldg_c170f579-3f77-4542-b830-d818c5e5df93"},"geometry":{"type":"Polygon","coordinates":[[[139.68256523999716,35.794541615742354],[139.68266668986664,35.79453836373156],[139.68266851317932,35.7945758379987],[139.6825603860844,35.79457930517409],[139.6825595309145,35.79454180778282],[139.68256523999716,35.794541615742354]]]}},{"type":"Feature","properties":{"height":3.54,"gml_id":"bldg_cd1db3a1-b131-4ba6-88df-8d13f88f8245"},"geometry":{"type":"Polygon","coordinates":[[[139.67856964053257,35.79464041400431],[139.67851218785913,35.79464513884911],[139.6785081933136,35.794612966192794],[139.67856564817677,35.79460824135268],[139.67856964053257,35.79464041400431]]]}},{"type":"Feature","properties":{"height":5.93,"gml_id":"bldg_f3cb6bdf-b3fa-4315-b28e-c903c6da6d5d"},"geometry":{"type":"Polygon","coordinates":[[[139.68378195590057,35.79395257897208],[139.68374386065844,35.7939536393484],[139.68374274487053,35.79392739954738],[139.68378084010016,35.793926339171385],[139.68378195590057,35.79395257897208]]]}},{"type":"Feature","properties":{"height":7.78,"gml_id":"bldg_f041b422-2b0e-433f-a4a2-82c6a4aa9bf4"},"geometry":{"type":"Polygon","coordinates":[[[139.68040355376755,35.793250502247886],[139.6805847083644,35.793184171126505],[139.6806117922931,35.79323328786001],[139.68060537330553,35.79323565387335],[139.68069406830665,35.79339648151938],[139.68070055591375,35.793394106574944],[139.6807271416517,35.793442320393204],[139.68051265725762,35.793520853361926],[139.68050470052393,35.793506425191254],[139.6804963164346,35.79350949446109],[139.68047741521934,35.79347521537889],[139.68048578826838,35.79347213257601],[139.6804666279696,35.79343738896527],[139.68044520776039,35.793445229649876],[139.68042605631382,35.793410497761414],[139.6804449933075,35.79340355527673],[139.68047476989312,35.79339266241477],[139.68048074381204,35.79339047521212],[139.68040355376755,35.793250502247886]]]}},{"type":"Feature","properties":{"height":14.89,"gml_id":"bldg_f076bbd8-853e-41dc-a2f9-4216d3ca510e"},"geometry":{"type":"Polygon","coordinates":[[[139.68635418118245,35.79443732608398],[139.6863683950405,35.7944363384483],[139.68655417763907,35.79442342724577],[139.68656300176397,35.794422846729056],[139.68661299697135,35.794900229595505],[139.6865850948181,35.794951430298795],[139.68638983839656,35.79496497263433],[139.6863347247979,35.79443868768019],[139.68635418118245,35.79443732608398]]]}},{"type":"Feature","properties":{"height":8.91,"gml_id":"bldg_ca6d0fa1-bf31-43b7-aea3-53a5aa6c6ab0"},"geometry":{"type":"Polygon","coordinates":[[[139.68749005348408,35.79586551709427],[139.68749299678583,35.79589376097668],[139.68738921980173,35.795899439775305],[139.68738331071373,35.795828064319124],[139.68746467605428,35.795823617529614],[139.68746832183393,35.795867626941046],[139.68749005348408,35.79586551709427]]]}},{"type":"Feature","properties":{"height":4.09,"gml_id":"bldg_a18fc931-1107-4cc2-a6ac-3b8eaa409fa7"},"geometry":{"type":"Polygon","coordinates":[[[139.6759744131589,35.793384295405765],[139.67597881196156,35.793361821395855],[139.67607298059374,35.79337392268536],[139.67606857849617,35.79339639759575],[139.6759744131589,35.793384295405765]]]}},{"type":"Feature","properties":{"height":13.36,"gml_id":"bldg_caa6b67d-5372-4563-a2d1-b55ea28cd9d4"},"geometry":{"type":"Polygon","coordinates":[[[139.6860685117136,35.79382415953021],[139.68607087125477,35.7938452883545],[139.68610201651046,35.79384299108684],[139.6860998552102,35.79382354443239],[139.68618651258979,35.79381717879056],[139.68619405563038,35.793884950010344],[139.68599731076594,35.7939001015132],[139.6859960667058,35.79388900882826],[139.68598950010892,35.79382996029391],[139.6860685117136,35.79382415953021]]]}},{"type":"Feature","properties":{"height":4.23,"gml_id":"bldg_e5c77b1d-4cd8-4e3e-ab7f-f862cfc0a8f6"},"geometry":{"type":"Polygon","coordinates":[[[139.68497781854575,35.793269442381835],[139.68485337384666,35.793274148877074],[139.68485045205108,35.793223003341765],[139.68497489556424,35.79321829684798],[139.68497781854575,35.793269442381835]]]}},{"type":"Feature","properties":{"height":3.27,"gml_id":"bldg_c01eab2f-3101-40c3-835b-be2838a48566"},"geometry":{"type":"Polygon","coordinates":[[[139.68491030000135,35.7948398114403],[139.684841759436,35.79484292752195],[139.68483870421173,35.79479687268124],[139.68490724362627,35.7947937593039],[139.68491030000135,35.7948398114403]]]}},{"type":"Feature","properties":{"height":3.1,"gml_id":"bldg_c7b7f78b-f073-4eb7-ac7a-32c12b869939"},"geometry":{"type":"Polygon","coordinates":[[[139.68105615182012,35.79401931198496],[139.6809944842348,35.79402481144877],[139.68098903103996,35.79398427876778],[139.6810506985943,35.79397877930666],[139.68105615182012,35.79401931198496]]]}},{"type":"Feature","properties":{"height":6.31,"gml_id":"bldg_c1ba7143-e430-4b30-95b8-4ea611a9227c"},"geometry":{"type":"Polygon","coordinates":[[[139.67725469329673,35.792160569689706],[139.6772655365602,35.79209136878156],[139.67727077607108,35.79209191369041],[139.67727842646332,35.79204310808291],[139.6773082408861,35.79204621047585],[139.67735174419542,35.7920875245993],[139.67733892039047,35.7921693455089],[139.67725469329673,35.792160569689706]]]}},{"type":"Feature","properties":{"height":8.21,"gml_id":"bldg_c3e742c2-e5e9-4539-a3d4-b512297399b4"},"geometry":{"type":"Polygon","coordinates":[[[139.68405144120825,35.79202232788786],[139.68404982016625,35.79200770230442],[139.68409405522914,35.79200446276495],[139.68410600712164,35.792127292518316],[139.68404579793602,35.79213116571229],[139.6840395869757,35.792067366459456],[139.68404972418577,35.792066710240555],[139.68404616360067,35.79202260976894],[139.68405144120825,35.79202232788786]]]}},{"type":"Feature","properties":{"height":7.88,"gml_id":"bldg_c4d3f4cb-d827-437f-b0d2-3420fda82438"},"geometry":{"type":"Polygon","coordinates":[[[139.68129946886617,35.79459256905983],[139.6813293746715,35.79459125934576],[139.68136008370203,35.79458993802053],[139.68136532112558,35.79466953778554],[139.68130470512136,35.794672169727264],[139.68130455667188,35.794669951307895],[139.6812904861663,35.79467055184527],[139.6812855068896,35.79459486247631],[139.6812995796203,35.79459424842201],[139.68129946886617,35.79459256905983]]]}},{"type":"Feature","properties":{"height":42.78,"gml_id":"bldg_c046b9a1-c418-4884-a897-5da3271befac"},"geometry":{"type":"Polygon","coordinates":[[[139.68645806127972,35.79369949381422],[139.68650719893242,35.79369647029416],[139.68699271934258,35.79366690107443],[139.68700391003472,35.79378809542993],[139.68696019511802,35.79379076611405],[139.686960675657,35.79379598193322],[139.68686194226984,35.79380201163998],[139.68686392521988,35.79383856486104],[139.68683726767023,35.79383943734501],[139.68683528334432,35.79380364035785],[139.68680562482047,35.7938054510934],[139.6868087606664,35.79383952609546],[139.68675452127636,35.79384274902818],[139.68675149098993,35.793810244312084],[139.6866638973599,35.79381559429455],[139.6866682838343,35.79385840945249],[139.68657835328622,35.79386451726479],[139.68657390049742,35.793821090904736],[139.686566249358,35.79382155838218],[139.6865683338301,35.79385998474533],[139.6865416463812,35.79386086704215],[139.68653956497295,35.79382318790475],[139.6863965246086,35.7938319248783],[139.68639730386803,35.79383891763338],[139.6863181993137,35.79384473292116],[139.68630306247604,35.79370901376737],[139.68638009715536,35.79370429110468],[139.68645806127972,35.79369949381422]]]}},{"type":"Feature","properties":{"height":3.01,"gml_id":"bldg_c4f3a61d-b15d-4303-b4b2-ea360be607bd"},"geometry":{"type":"Polygon","coordinates":[[[139.68329818708474,35.79270334680996],[139.68311375544423,35.79271509373308],[139.68311154149177,35.79269169541997],[139.68329597307684,35.792679949401425],[139.68329818708474,35.79270334680996]]]}},{"type":"Feature","properties":{"height":8.69,"gml_id":"bldg_ca07c824-1d2a-4856-97ae-68df413d87fa"},"geometry":{"type":"Polygon","coordinates":[[[139.6868135016688,35.79541942582949],[139.68680959459465,35.795376332753705],[139.68692566376436,35.79536937057149],[139.6869326562297,35.79543131831269],[139.686869943954,35.79543599748118],[139.68686887993255,35.79542800207871],[139.68684355698502,35.79543020838979],[139.68684278284246,35.79542341214073],[139.6868242821673,35.795424745235366],[139.68682362479265,35.79541882794838],[139.6868135016688,35.79541942582949]]]}},{"type":"Feature","properties":{"height":22.92,"gml_id":"bldg_fd619791-e3fe-4dee-9347-2e568a8b706e"},"geometry":{"type":"Polygon","coordinates":[[[139.68359581892025,35.79225706529159],[139.68358472033978,35.7921657109409],[139.68377440551131,35.7921504716716],[139.68380769849554,35.79243111544871],[139.68362369732196,35.79248210594626],[139.68360138331673,35.792256656696466],[139.68359581892025,35.79225706529159]]]}},{"type":"Feature","properties":{"height":8.1,"gml_id":"bldg_b4b9062a-a3e2-4298-8bef-1cb5d3b5abb4"},"geometry":{"type":"Polygon","coordinates":[[[139.68592768188185,35.792870781627066],[139.68592975689404,35.79284466202707],[139.68596531599073,35.79284654798116],[139.6859584316723,35.792933266033884],[139.68592819118155,35.7929316705245],[139.6859279977862,35.79293574981612],[139.6858333267234,35.79293277823129],[139.68583315172728,35.79293647717389],[139.68577508885357,35.79293465009668],[139.6857763234239,35.792908363619155],[139.6857769841027,35.79289448808337],[139.68580087476673,35.792895237580595],[139.68580151828158,35.79288166758262],[139.6858113938094,35.79288197804727],[139.68581247159554,35.792865690999335],[139.68592768188185,35.792870781627066]]]}},{"type":"Feature","properties":{"height":5.59,"gml_id":"bldg_dd92b55c-e992-45ab-88e9-87544ae509c1"},"geometry":{"type":"Polygon","coordinates":[[[139.68588052680997,35.796310665100414],[139.68588158525137,35.79627492682668],[139.68593060206263,35.79627590270316],[139.68592954364314,35.796311640977365],[139.68588052680997,35.796310665100414]]]}},{"type":"Feature","properties":{"height":11.85,"gml_id":"bldg_becea0a4-0f6b-42e3-8279-7276650f48aa"},"geometry":{"type":"Polygon","coordinates":[[[139.6827686572492,35.79255829068618],[139.68276341402893,35.79250337633122],[139.6827581048204,35.7924476723067],[139.6830774554585,35.79242748216015],[139.6830880072194,35.792538101413015],[139.6827686572492,35.79255829068618]]]}},{"type":"Feature","properties":{"height":5.51,"gml_id":"bldg_c1c93952-f5aa-4c1d-a03c-c33d16acec2d"},"geometry":{"type":"Polygon","coordinates":[[[139.6752621247503,35.79475506837679],[139.6752706380477,35.794702008764055],[139.67537573616735,35.79471321640123],[139.67536722183223,35.79476627602001],[139.6752621247503,35.79475506837679]]]}},{"type":"Feature","properties":{"height":5.5,"gml_id":"bldg_cb87b29b-e8b1-4c4e-b27d-123cb82cc9c9"},"geometry":{"type":"Polygon","coordinates":[[[139.67533591914855,35.795938623721696],[139.67536297448714,35.79581936693409],[139.67540679537674,35.79582595660767],[139.67545277850945,35.79583289792827],[139.67542572330032,35.795952154736135],[139.67533591914855,35.795938623721696]]]}},{"type":"Feature","properties":{"height":11.38,"gml_id":"bldg_c94a8500-0688-435d-bc61-b454217f4301"},"geometry":{"type":"Polygon","coordinates":[[[139.6801771366296,35.793382144345166],[139.68035129770794,35.793589888380716],[139.68036670365214,35.79358336685508],[139.68039543782234,35.79361075318877],[139.6804364249915,35.79363216019186],[139.68047996154064,35.79364355007016],[139.68047773881742,35.79365573805645],[139.68053468537232,35.793662413754795],[139.6805133212819,35.79376630009211],[139.68036648099664,35.79374687577938],[139.68029206206475,35.7937084996807],[139.68016836404365,35.79356113936169],[139.68015166255122,35.79357055706436],[139.6801152371851,35.79352766659778],[139.6801322089637,35.79351806807232],[139.68007002631828,35.793443975951575],[139.6800962535581,35.79342863949109],[139.68007848935972,35.79340843643708],[139.6801255895154,35.79338220486608],[139.68014903216027,35.79336914527136],[139.6801602706525,35.79336718382048],[139.68016844421985,35.793371774913204],[139.6801771366296,35.793382144345166]]]}},{"type":"Feature","properties":{"height":10.42,"gml_id":"bldg_a53d4e07-da2d-44f5-9b20-5e7d7227c3d1"},"geometry":{"type":"Polygon","coordinates":[[[139.68180108763335,35.794207349820894],[139.68179719078975,35.79415391445528],[139.68183609198647,35.79415204899966],[139.68183719177287,35.79416715617486],[139.68186737317134,35.794165697049195],[139.68187715293467,35.794165243368354],[139.68187995339872,35.794203549027074],[139.68180108763335,35.794207349820894]]]}},{"type":"Feature","properties":{"height":5.89,"gml_id":"bldg_cc2ac7ae-d1a3-43f5-8858-db41b1690007"},"geometry":{"type":"Polygon","coordinates":[[[139.68434383175403,35.79230834230084],[139.68449426822107,35.7922998134146],[139.68449985937664,35.79236514868361],[139.68430262750573,35.792376335366924],[139.6842987277587,35.792321233456775],[139.68434383175403,35.79230834230084]]]}},{"type":"Feature","properties":{"height":7.75,"gml_id":"bldg_cc0163d0-6489-471f-91f3-f00cf16d1ef0"},"geometry":{"type":"Polygon","coordinates":[[[139.68057783596362,35.794243111740954],[139.68049884125082,35.79428588876063],[139.6804420556864,35.7942145789691],[139.68047959518827,35.794194730211714],[139.68052068512924,35.79417303006724],[139.68053072038308,35.79418533187897],[139.68057783596362,35.794243111740954]]]}},{"type":"Feature","properties":{"height":4.41,"gml_id":"bldg_c9d8b124-63d1-4eef-862c-90e59ed99399"},"geometry":{"type":"Polygon","coordinates":[[[139.67605528585437,35.79359297090161],[139.6760677064943,35.79354192905544],[139.67611213349454,35.79354911686335],[139.6760997117773,35.793600157811326],[139.67605528585437,35.79359297090161]]]}},{"type":"Feature","properties":{"height":8.39,"gml_id":"bldg_ccc122af-1b3b-48f8-9ee2-b3f7cb282d52"},"geometry":{"type":"Polygon","coordinates":[[[139.68500294270535,35.793422078023944],[139.6850002039544,35.79339203882518],[139.68504182151426,35.79338975384891],[139.68506948689435,35.79338823222787],[139.6851023469717,35.79338644028881],[139.68510658862564,35.79343766946707],[139.6851432571122,35.79343565326766],[139.6851477149922,35.79348901621552],[139.68504611831548,35.79349464520864],[139.6850500061912,35.7935320291541],[139.68502622374416,35.79353367183454],[139.68502820798818,35.79355656957501],[139.685041653497,35.7935558064867],[139.68504487361184,35.79359294263741],[139.68491458517002,35.793600418158476],[139.68491428719085,35.79359705123349],[139.68489080088506,35.79359887272074],[139.68487884294785,35.79349696799975],[139.684895347305,35.79349568321492],[139.6848932164631,35.79346716084204],[139.68488826078513,35.79346739899101],[139.68488695996157,35.79345003279993],[139.6848844084227,35.793450221638246],[139.68488151476333,35.79342557144143],[139.6849345939775,35.793421447468624],[139.6849351244075,35.793425938669],[139.68494587350264,35.79342532459233],[139.68500294270535,35.793422078023944]]]}},{"type":"Feature","properties":{"height":7.73,"gml_id":"bldg_ccf8a51f-9417-4b92-aeed-a8d7431905f9"},"geometry":{"type":"Polygon","coordinates":[[[139.68206580214542,35.79231938794885],[139.68213173341564,35.79231492444306],[139.68215276372965,35.792313511423586],[139.68217512039882,35.792532389216056],[139.68202084845407,35.792542834764205],[139.68199849110235,35.792323955140375],[139.68206580214542,35.79231938794885]]]}},{"type":"Feature","properties":{"height":9.84,"gml_id":"bldg_cdb598b7-1a59-4a68-b760-838ecb59febd"},"geometry":{"type":"Polygon","coordinates":[[[139.68452970713895,35.79253335667905],[139.68460615021698,35.792529119347186],[139.68461117534451,35.792588951141475],[139.6845525302234,35.792592198279166],[139.68455183413442,35.792584005911415],[139.684534045008,35.792584977191076],[139.68452970713895,35.79253335667905]]]}},{"type":"Feature","properties":{"height":14.5,"gml_id":"bldg_c658e656-31ed-4763-b59a-539d9a4be199"},"geometry":{"type":"Polygon","coordinates":[[[139.68138127301432,35.794786001136444],[139.6813806303565,35.79477896075134],[139.6813712384598,35.79467502639656],[139.68144412932767,35.794670655893306],[139.68145540086536,35.79467001304432],[139.68146356448958,35.79476307912024],[139.681428285785,35.79476519600228],[139.68142990348704,35.794783096227874],[139.68138127301432,35.794786001136444]]]}},{"type":"Feature","properties":{"height":8.08,"gml_id":"bldg_c9b5d6b8-a297-43e2-84a5-f06657d87fde"},"geometry":{"type":"Polygon","coordinates":[[[139.6814925892824,35.794094991759984],[139.68153366733023,35.79409217011056],[139.68154464871083,35.79419751348281],[139.6814592371838,35.794203408647554],[139.68144825591344,35.79409806616921],[139.6814925892824,35.794094991759984]]]}},{"type":"Feature","properties":{"height":11.48,"gml_id":"bldg_c6e0d9a5-f91b-4bbe-b34c-19dd0b6efe56"},"geometry":{"type":"Polygon","coordinates":[[[139.6866078077996,35.79614853237854],[139.68663374829563,35.79614694790376],[139.6866596622065,35.796145380516684],[139.68668729556015,35.79614372869118],[139.6866935494795,35.79621195977489],[139.6866021724276,35.79621749167319],[139.6866009401371,35.79619872939499],[139.68658113024773,35.796199570517764],[139.6865766258708,35.79615043674036],[139.6866078077996,35.79614853237854]]]}},{"type":"Feature","properties":{"height":8.74,"gml_id":"bldg_c841bce9-ebc4-4842-afa4-9caec1156589"},"geometry":{"type":"Polygon","coordinates":[[[139.68262430537652,35.79499037649571],[139.68262293202716,35.7949724116953],[139.68261858147582,35.79497262076434],[139.6826143536935,35.79491836568595],[139.6826457283227,35.79491673750523],[139.68267966986863,35.794915006172815],[139.68268178059063,35.7949420656548],[139.6827095208052,35.79494106295001],[139.68271459229038,35.795007310692164],[139.68262595099796,35.79501179832898],[139.68262430537652,35.79499037649571]]]}},{"type":"Feature","properties":{"height":8.59,"gml_id":"bldg_c84bde5f-a821-4b37-aa2a-6b2b8d4c9806"},"geometry":{"type":"Polygon","coordinates":[[[139.6869898441918,35.795935412305695],[139.6869850109918,35.79587843365987],[139.68710329411806,35.79587179037744],[139.68712000183928,35.795870866978426],[139.68712495665312,35.795920698032226],[139.68710754597973,35.79592184140867],[139.687108132919,35.795928777137654],[139.6869898441918,35.795935412305695]]]}},{"type":"Feature","properties":{"height":4.83,"gml_id":"bldg_c569a6ba-89fa-469c-89b9-172c38fd985d"},"geometry":{"type":"Polygon","coordinates":[[[139.68154180522552,35.792659551234834],[139.6815786552086,35.79259451908062],[139.6816166885178,35.792608835510826],[139.68157983745274,35.79267386767518],[139.68154180522552,35.792659551234834]]]}},{"type":"Feature","properties":{"height":9.0,"gml_id":"bldg_ed1e1c20-bd52-49f9-9319-c58ef41dab15"},"geometry":{"type":"Polygon","coordinates":[[[139.68719785731813,35.79587940731204],[139.68719330173988,35.795815139764024],[139.68728075693357,35.79581104752173],[139.6872853136884,35.79587531506799],[139.68719785731813,35.79587940731204]]]}},{"type":"Feature","properties":{"height":8.0,"gml_id":"bldg_c216473e-d856-4bad-a0e0-685ec04cdfeb"},"geometry":{"type":"Polygon","coordinates":[[[139.6825089740812,35.79296246861615],[139.6823771117913,35.792970130502326],[139.68236687872536,35.792853529309276],[139.68249874413908,35.79284586924058],[139.6825089740812,35.79296246861615]]]}},{"type":"Feature","properties":{"height":2.87,"gml_id":"bldg_b195ed86-ddac-486c-9af6-8af3d50135c4"},"geometry":{"type":"Polygon","coordinates":[[[139.6830605321177,35.79225947203126],[139.68299783056653,35.79226788531174],[139.68299274792224,35.7922427663284],[139.6830554494542,35.792234353050475],[139.6830605321177,35.79225947203126]]]}},{"type":"Feature","properties":{"height":10.81,"gml_id":"bldg_c75c5e65-9808-46dc-b2a6-a3bc8fc1deb0"},"geometry":{"type":"Polygon","coordinates":[[[139.6817284968597,35.79446224951638],[139.68172419144264,35.794403767856814],[139.68173462740134,35.794403258229714],[139.6817338519718,35.79439271411626],[139.68181135594136,35.794388954915775],[139.68181723495127,35.79446883308977],[139.68177215741665,35.794471010734576],[139.68177135486403,35.79446018175947],[139.6817284968597,35.79446224951638]]]}},{"type":"Feature","properties":{"height":8.89,"gml_id":"bldg_cd3e3058-79b2-45ab-9773-4364820c0aa7"},"geometry":{"type":"Polygon","coordinates":[[[139.6837375715125,35.794839406384476],[139.68357678349744,35.79484859924055],[139.68356964949336,35.7947561898732],[139.68369945355673,35.794750270045746],[139.6837313372032,35.79477038016479],[139.6837375715125,35.794839406384476]]]}},{"type":"Feature","properties":{"height":10.63,"gml_id":"bldg_f5292bc5-4db0-4931-b25f-9599d7425c43"},"geometry":{"type":"Polygon","coordinates":[[[139.67983357344738,35.79523701599593],[139.67985548020724,35.79523591186038],[139.6798731525103,35.79523504297796],[139.6798803467778,35.79532957982387],[139.67973901100947,35.79533669401821],[139.67973181690883,35.79524215716436],[139.67974948262503,35.79524126305381],[139.67977138828775,35.79524015532679],[139.6798024808708,35.79523858431336],[139.67983357344738,35.79523701599593]]]}},{"type":"Feature","properties":{"height":8.34,"gml_id":"bldg_ff3d23cd-69ed-4629-97a8-aa3b9ebb33fe"},"geometry":{"type":"Polygon","coordinates":[[[139.685256943177,35.79446605711113],[139.6852899974169,35.79446420406866],[139.68530048146283,35.794586879519464],[139.68523143850234,35.79459077938296],[139.6852209523494,35.79446810392374],[139.685256943177,35.79446605711113]]]}},{"type":"Feature","properties":{"height":4.27,"gml_id":"bldg_5b8af807-214c-499f-8b0d-63837e5d9577"},"geometry":{"type":"Polygon","coordinates":[[[139.6776254713109,35.79354881919823],[139.67763217545965,35.79350808668295],[139.6776792473521,35.793513240277065],[139.6776725421224,35.79355397189219],[139.6776254713109,35.79354881919823]]]}},{"type":"Feature","properties":{"height":13.75,"gml_id":"bldg_ceec8902-5568-485b-97c5-fc6b2a840d8f"},"geometry":{"type":"Polygon","coordinates":[[[139.6817590381586,35.79404415357219],[139.68177103745336,35.79404357380423],[139.68177886943573,35.794146569666424],[139.68174011853222,35.794148524527046],[139.6817024010857,35.794150404964725],[139.68169457030282,35.79404741180334],[139.6817590381586,35.79404415357219]]]}},{"type":"Feature","properties":{"height":7.15,"gml_id":"bldg_c33ec36a-4f26-4cbb-8737-5e6a85b5bf5a"},"geometry":{"type":"Polygon","coordinates":[[[139.68219287951374,35.793302104814366],[139.68220119679987,35.79316833900989],[139.68224288087748,35.7931700516896],[139.682287812814,35.79317192527043],[139.68227949456633,35.79330569107979],[139.68219287951374,35.793302104814366]]]}},{"type":"Feature","properties":{"height":5.88,"gml_id":"bldg_faaba2f8-ace9-4208-b25f-defa18c1b7d1"},"geometry":{"type":"Polygon","coordinates":[[[139.6832722257419,35.79503319715617],[139.68324818681458,35.79503448042509],[139.68324514285052,35.794997042502445],[139.68326918287124,35.79499576013686],[139.6832722257419,35.79503319715617]]]}},{"type":"Feature","properties":{"height":2.55,"gml_id":"bldg_17fa13dd-2125-4c01-819e-778b0d9b9ddf"},"geometry":{"type":"Polygon","coordinates":[[[139.67812968348795,35.794006117683274],[139.67814413780118,35.79392984124302],[139.6781744416775,35.79393365882642],[139.67815998739425,35.79400993436898],[139.67812968348795,35.794006117683274]]]}},{"type":"Feature","properties":{"height":1.51,"gml_id":"bldg_cb9782a0-4767-46c9-8875-662b4b99e688"},"geometry":{"type":"Polygon","coordinates":[[[139.67611797794913,35.79368573550115],[139.67612567529318,35.79365172396348],[139.6761870915462,35.79366095479022],[139.67617939533375,35.79369496633328],[139.67611797794913,35.79368573550115]]]}},{"type":"Feature","properties":{"height":10.65,"gml_id":"bldg_e72142f0-4f91-492a-bed5-45a3d51a8595"},"geometry":{"type":"Polygon","coordinates":[[[139.68268018001072,35.79467112841917],[139.68268020572916,35.794671570114744],[139.68262983775347,35.79467423719677],[139.68262260374993,35.79458498689165],[139.68264959125293,35.7945835442977],[139.6826730347462,35.794582311779315],[139.68268018001072,35.79467112841917]]]}},{"type":"Feature","properties":{"height":23.9,"gml_id":"bldg_cb3121c5-44d4-43d5-b2d2-a65b18a07755"},"geometry":{"type":"Polygon","coordinates":[[[139.68697439299532,35.79258334749279],[139.68696456861082,35.79247130892682],[139.68704893817034,35.79246650102077],[139.68711716930642,35.792462644190586],[139.6871180187777,35.792472403284066],[139.68715953722085,35.79246957754216],[139.68721563202436,35.792465766292615],[139.6872657219704,35.79303674397029],[139.68722521416194,35.793039102272175],[139.6872275674423,35.793061993216526],[139.6871640602081,35.7930650166903],[139.68717173140845,35.7931447769247],[139.6872700506633,35.7931384913757],[139.68726512416114,35.793102853060944],[139.68727031629925,35.7930870406037],[139.68728718351704,35.79307239425788],[139.68730256663474,35.793066496452916],[139.68732462285766,35.793066765701894],[139.6873431435753,35.79307473633053],[139.6873541920939,35.79309244602957],[139.68735827243617,35.793110467249015],[139.68737174577294,35.79311560780314],[139.68737756900043,35.793121902718006],[139.68739436343913,35.79312224578757],[139.68742732457082,35.7931201585927],[139.68743539464086,35.793124693182556],[139.68743611788733,35.793127876741444],[139.6874364785902,35.793127853743904],[139.68744878220323,35.79313560679696],[139.68744940959456,35.79314220637148],[139.68746302767983,35.79314260867247],[139.68747055351403,35.79314892097134],[139.68747093615085,35.79319380075714],[139.68745939956307,35.7931991705498],[139.68745466774976,35.793199209876896],[139.6874551385683,35.79320431211225],[139.68743037629613,35.793205828791514],[139.6874320811312,35.79323911966922],[139.68742780811954,35.79324417558743],[139.68742374645944,35.79324799690689],[139.68740824370659,35.793249122813435],[139.68735762576847,35.793251723972865],[139.68735963159062,35.79327346887103],[139.6872145243114,35.793282353033845],[139.68722309417768,35.79337526691269],[139.68726119903468,35.793373009348414],[139.68726930310527,35.793381341395204],[139.6872746671175,35.79344996078431],[139.68726394046345,35.79345706033882],[139.68699963235213,35.793474048569365],[139.686990605479,35.79347424309204],[139.68698245777705,35.793467392799585],[139.6869758293924,35.7934060638132],[139.68696855279876,35.79333865440366],[139.6869764127985,35.79333225534367],[139.68698638549873,35.793329682398486],[139.68700346763188,35.79333183128503],[139.68700074141603,35.79329876990559],[139.6869711166229,35.793299786630435],[139.6869642666264,35.79329597007126],[139.68695979831207,35.793289867873014],[139.6869472608367,35.79316775248274],[139.68695627648083,35.79315978737601],[139.68696571449593,35.79315798714337],[139.68698901197993,35.79315647688917],[139.68712619429908,35.79314768701776],[139.68711607612696,35.79304247317045],[139.6870620995672,35.79304565329758],[139.68705000531912,35.79304019530718],[139.68703782811178,35.79291159962328],[139.6870297062583,35.79291240456547],[139.6870065917587,35.792905264754815],[139.68699019279316,35.792890184071105],[139.6869842678227,35.79287062017928],[139.6869848544109,35.79286867937643],[139.68693369135048,35.792871848448804],[139.68693293671754,35.79286407515332],[139.68692712685356,35.79286439617232],[139.6869214570802,35.79280463129216],[139.6869153806971,35.79280127986928],[139.68691209776335,35.792769585161295],[139.68691742558906,35.79276546975646],[139.68691357077762,35.79272468149129],[139.68691327344325,35.79272152188292],[139.6869216860844,35.792712961150116],[139.68701847440337,35.792706887562574],[139.6870157894366,35.792678489836675],[139.68698903368264,35.792680037349676],[139.68698051818208,35.79258300251869],[139.68697439299532,35.79258334749279]]]}},{"type":"Feature","properties":{"height":10.31,"gml_id":"bldg_c2d4dfb8-491c-4c3c-b738-2121725ae40f"},"geometry":{"type":"Polygon","coordinates":[[[139.68382730338874,35.79231715548001],[139.68385621212028,35.7923143413388],[139.6838716566301,35.79241868957807],[139.68381447969924,35.79242428891259],[139.68379903415678,35.79231994066487],[139.68382730338874,35.79231715548001]]]}},{"type":"Feature","properties":{"height":26.15,"gml_id":"bldg_a48aba89-0415-47f8-9f01-5148f7e4c688"},"geometry":{"type":"Polygon","coordinates":[[[139.6858214427224,35.79474946150983],[139.68582035859347,35.79472367515059],[139.68581714441095,35.79464599974383],[139.68582959005846,35.794646381863174],[139.6859081093461,35.79464880816059],[139.6859533582935,35.79465025802597],[139.68595270683988,35.79466034427842],[139.68596798942093,35.79466118053762],[139.68596714689252,35.79467468809514],[139.68596367754463,35.7946800027321],[139.68595140107806,35.794679665901704],[139.68595054460917,35.794692333380205],[139.68604005846407,35.79469493350848],[139.68603991649388,35.794698724428855],[139.6860684154324,35.794700175363545],[139.68606748299794,35.7947905962359],[139.68582860145926,35.794797574644704],[139.68582826217127,35.79477463297081],[139.6858278994096,35.7947494270672],[139.6858214427224,35.79474946150983]]]}},{"type":"Feature","properties":{"height":3.78,"gml_id":"bldg_c498e05a-8945-4b62-8e15-4fb9206beae0"},"geometry":{"type":"Polygon","coordinates":[[[139.6786659107227,35.79522006775425],[139.6786831707322,35.795217868118364],[139.6786953247325,35.79528086493612],[139.67866080576437,35.79528527863183],[139.67864865178893,35.79522228271204],[139.6786659107227,35.79522006775425]]]}},{"type":"Feature","properties":{"height":11.53,"gml_id":"bldg_cd4236e8-8b6e-433c-9ce0-d147f55c0ad7"},"geometry":{"type":"Polygon","coordinates":[[[139.6836830139251,35.792889539566715],[139.68368162881137,35.79287538027418],[139.68380415846556,35.79286742953721],[139.68381575779748,35.79298576381023],[139.68374814018537,35.79299014682137],[139.68374583978738,35.79296672678074],[139.6836709394933,35.79297159012347],[139.68366302692863,35.792890854101906],[139.6836830139251,35.792889539566715]]]}},{"type":"Feature","properties":{"height":2.51,"gml_id":"bldg_cbe6353e-d16f-4a26-956d-3dd6d07d8dda"},"geometry":{"type":"Polygon","coordinates":[[[139.68164898334152,35.79307666279071],[139.68162798521243,35.79307849399052],[139.68162430014462,35.7930505104106],[139.6816452971567,35.793048681012706],[139.68164898334152,35.79307666279071]]]}},{"type":"Feature","properties":{"height":5.89,"gml_id":"bldg_c6e581d4-9e19-4af4-87c3-6a3246a46d6f"},"geometry":{"type":"Polygon","coordinates":[[[139.68105260138586,35.79307252709916],[139.6810595286155,35.79300206981668],[139.68116316457082,35.79300884850209],[139.68115624075097,35.79307930579489],[139.68105260138586,35.79307252709916]]]}},{"type":"Feature","properties":{"height":21.92,"gml_id":"bldg_c41b82f2-5d4a-473e-a725-8b83458cab7f"},"geometry":{"type":"Polygon","coordinates":[[[139.6864408343923,35.79269934831523],[139.6863913852016,35.79270246336678],[139.6863879360483,35.792667426219865],[139.686196111935,35.79267950053547],[139.68619554298434,35.792673664472474],[139.6861881630875,35.79267408448623],[139.6861859424738,35.792650810607235],[139.68618051321218,35.792651122141045],[139.68617626945587,35.79260788169258],[139.68618184484072,35.79260751986197],[139.68617460456008,35.79253101757982],[139.68688539042853,35.792486659926986],[139.6869236266817,35.792484315197584],[139.68693062348282,35.792557637162034],[139.6869162673992,35.79255854447115],[139.6869191057273,35.79258835390717],[139.6869017622445,35.79258944956531],[139.68690483715395,35.79262176144879],[139.68689952512145,35.792622097494394],[139.6869007559562,35.7926350298202],[139.68666882887854,35.792649681690314],[139.6866703481784,35.79266696250271],[139.68681780710062,35.79265770960068],[139.68682855451198,35.79277065786457],[139.68678244121938,35.79277356442176],[139.68679940398636,35.79295214424934],[139.68676543115157,35.79295394521108],[139.68676936399353,35.793002812411366],[139.68673613684405,35.7930045872331],[139.68674718542647,35.79311555288582],[139.68676340932998,35.79311451086808],[139.68676520981745,35.7931329133052],[139.68673142205466,35.793135102065044],[139.68673312890618,35.793149668225425],[139.68675103241486,35.793148516489246],[139.68675283289852,35.7931669198278],[139.68673528454082,35.79316805757556],[139.68673551001277,35.79316998314277],[139.68659694219306,35.793180743941654],[139.6865961425429,35.7931740044427],[139.68659300788522,35.79317424758828],[139.686593903721,35.793183428972846],[139.68648433489935,35.79319051865995],[139.6864824074374,35.79317081090309],[139.68656933930603,35.793165180823955],[139.68656732022725,35.79313993413568],[139.68658286632564,35.7931386948198],[139.68658144923836,35.79312660052385],[139.68656633400263,35.793127567255176],[139.68656194514836,35.793072861422296],[139.686553959653,35.79297303662261],[139.68653046412254,35.79297457990089],[139.6865339950998,35.793004869709826],[139.68647576460063,35.79300932971117],[139.6864721418723,35.79297841064334],[139.68640003542004,35.792983147500856],[139.68641191225538,35.793086852887804],[139.68639806249757,35.79308790587154],[139.68639114702472,35.79308843102226],[139.68639349693194,35.79311182313123],[139.68623605611148,35.79312215664276],[139.6862229648909,35.793009977025044],[139.6863777589335,35.79299977459718],[139.68637603534012,35.79298472438385],[139.6862271244821,35.79299446350045],[139.68622648770284,35.792988210929344],[139.6862165142093,35.79298882336551],[139.68620249790496,35.79284737203747],[139.6866014520633,35.792821205601264],[139.68660858074324,35.79289305492834],[139.6866273523773,35.792892054795914],[139.68661591546478,35.79276194389247],[139.68665176727885,35.79275985322624],[139.68664222998066,35.79265136181655],[139.68653415258242,35.792658189273205],[139.68653752857674,35.79269273689142],[139.68651000696357,35.79269443388896],[139.6865066198401,35.79265992862005],[139.68643740404298,35.79266430127778],[139.6864408343923,35.79269934831523]]]}},{"type":"Feature","properties":{"height":7.91,"gml_id":"bldg_b6b55eaf-59a4-4d8f-915e-84f8413359e2"},"geometry":{"type":"Polygon","coordinates":[[[139.68421162151643,35.793958980422595],[139.68421653960277,35.793949272630556],[139.6842284335443,35.79394525742683],[139.68424032908231,35.7939492705834],[139.68424526510933,35.79395897707479],[139.68424034591956,35.79396868486665],[139.68422845197512,35.79397270007151],[139.68421655643425,35.79396868691378],[139.68421162151643,35.793958980422595]]]}},{"type":"Feature","properties":{"height":8.62,"gml_id":"bldg_cf1ac36c-a2ab-4d02-8c13-1fc9df4cdd19"},"geometry":{"type":"Polygon","coordinates":[[[139.68396290995085,35.79204727108432],[139.68399289044504,35.79204571743322],[139.68399656714521,35.79209219311875],[139.683936123681,35.79209534848893],[139.68393244701758,35.7920488719003],[139.68396290995085,35.79204727108432]]]}},{"type":"Feature","properties":{"height":9.79,"gml_id":"bldg_c6f64dda-8801-4bc8-93ce-129adbd41d30"},"geometry":{"type":"Polygon","coordinates":[[[139.68534158448523,35.794820645757696],[139.6853380141736,35.7947664267336],[139.68543152502141,35.79476321399558],[139.6854346072719,35.7948086000506],[139.68537154440722,35.794811043551164],[139.6853720451792,35.79481961514085],[139.68534158448523,35.794820645757696]]]}},{"type":"Feature","properties":{"height":5.17,"gml_id":"bldg_cd2b7e7e-3ea3-45ec-b667-4e6a263d27ce"},"geometry":{"type":"Polygon","coordinates":[[[139.67610732278808,35.79358750734706],[139.67611806932692,35.793542180594244],[139.67622559534283,35.79355910614848],[139.67620351883772,35.79365226016644],[139.6760959915948,35.793635334590995],[139.67610732278808,35.79358750734706]]]}},{"type":"Feature","properties":{"height":8.77,"gml_id":"bldg_fa68fdcf-4cfd-47d5-b31a-f9765017cfd6"},"geometry":{"type":"Polygon","coordinates":[[[139.68738726193268,35.796227732033394],[139.68743250003487,35.79622472593863],[139.68744241372877,35.796328455828316],[139.68743492276334,35.79632893076575],[139.6874359711677,35.79633824392212],[139.68738847283424,35.796341779073224],[139.68738675586403,35.79632659458882],[139.68736607662782,35.79632788726515],[139.6873623367044,35.796288792821045],[139.68739290580356,35.79628685506296],[139.6873884734108,35.796240431773874],[139.68738726193268,35.796227732033394]]]}},{"type":"Feature","properties":{"height":25.63,"gml_id":"bldg_ce167487-d651-4d46-aa56-73ffaa9540a4"},"geometry":{"type":"Polygon","coordinates":[[[139.68192015750807,35.79518858015615],[139.68192606969237,35.79524930909664],[139.6818820946014,35.79525214886234],[139.68188498990406,35.79528189177336],[139.68178116712056,35.795288597725005],[139.6815846993284,35.795301240190454],[139.68155755091456,35.79502239648865],[139.68185783934422,35.79500304633183],[139.68187618358067,35.795191407302276],[139.68192015750807,35.79518858015615]]]}},{"type":"Feature","properties":{"height":9.41,"gml_id":"bldg_c3894d6b-366e-4acd-86c8-2d276f991635"},"geometry":{"type":"Polygon","coordinates":[[[139.68104182105793,35.79467470335943],[139.68104146770548,35.79467028988378],[139.6810800519795,35.79466825211323],[139.6810873551194,35.794759216970334],[139.68096928185065,35.794765490456214],[139.68096268776915,35.79468334443479],[139.68096233330263,35.79467893726695],[139.68104182105793,35.79467470335943]]]}},{"type":"Feature","properties":{"height":2.36,"gml_id":"bldg_cc1fab1b-6812-44e1-9fc3-9b72cb83c9bf"},"geometry":{"type":"Polygon","coordinates":[[[139.67929351829724,35.79563885094538],[139.67922638525286,35.795641378846526],[139.67922527992374,35.795621939739156],[139.67929241295184,35.79561941183855],[139.67929351829724,35.79563885094538]]]}},{"type":"Feature","properties":{"height":10.74,"gml_id":"bldg_c575451c-9955-4c3c-a5c6-d7003ee3b175"},"geometry":{"type":"Polygon","coordinates":[[[139.6826984795595,35.794580520220165],[139.68272192635655,35.794579294907216],[139.68272910293757,35.79466854693739],[139.68268018001072,35.79467112841917],[139.6826730347462,35.794582311779315],[139.6826730101103,35.79458188270402],[139.6826984795595,35.794580520220165]]]}},{"type":"Feature","properties":{"height":9.18,"gml_id":"bldg_c047b2d5-aa3c-48ba-bb49-5c9b976b0c49"},"geometry":{"type":"Polygon","coordinates":[[[139.68078966537394,35.793937381844735],[139.6807939844882,35.79403347705622],[139.68070834053628,35.79403601384983],[139.68070402152503,35.79393991863556],[139.68070267286203,35.79390985857405],[139.68078486252492,35.79390741835351],[139.68078621455848,35.793937467602206],[139.68078966537394,35.793937381844735]]]}},{"type":"Feature","properties":{"height":8.67,"gml_id":"bldg_c3df9751-b1f8-409e-b615-9b3b1e19b7e5"},"geometry":{"type":"Polygon","coordinates":[[[139.6830981776007,35.79257687054546],[139.68309279238102,35.792526744921865],[139.68308743668203,35.792476808618886],[139.6834056613236,35.79245415910242],[139.683407507601,35.79247132318744],[139.68351182797085,35.792463907078194],[139.68352072314286,35.79254679046367],[139.6830981776007,35.79257687054546]]]}},{"type":"Feature","properties":{"height":26.1,"gml_id":"bldg_ac9efd32-7a30-480b-a24e-9f4a31f85549"},"geometry":{"type":"Polygon","coordinates":[[[139.67916854617275,35.794361237316615],[139.67916614721165,35.79434770852556],[139.67920069826653,35.79434364174591],[139.6791958149759,35.794316100028496],[139.67963585762868,35.79426435325121],[139.67967241898958,35.79447052247121],[139.67962239329114,35.79458557763319],[139.6792513427035,35.794629236606475],[139.6792346833209,35.79453530771422],[139.67922970807714,35.7945072467014],[139.6792102317547,35.79439740620038],[139.6791756763178,35.79440143872564],[139.67917326966568,35.794387881081654],[139.67916854617275,35.794361237316615]]]}},{"type":"Feature","properties":{"height":10.64,"gml_id":"bldg_f77c0d80-78f1-44b8-aef4-931e87fe0e86"},"geometry":{"type":"Polygon","coordinates":[[[139.68571792522545,35.792124772703886],[139.68560433462852,35.792129805172344],[139.68560037796158,35.79207090672717],[139.6856890269869,35.79206696312159],[139.68568659604955,35.79203068693804],[139.6856941073795,35.79203035364637],[139.68569355722846,35.79202215154862],[139.68576794362878,35.79201884295215],[139.6857666183434,35.79199905840274],[139.68585187724298,35.79199528628052],[139.68585453888304,35.79203487522081],[139.6858451289743,35.79203529362514],[139.685849379459,35.79209872893906],[139.68581779953425,35.79210013417012],[139.685819256205,35.79212186580495],[139.6857883323678,35.792123240285754],[139.685789308873,35.79213780105882],[139.68578294265424,35.79213808438441],[139.6857863544377,35.79216385648552],[139.68575558191537,35.7921665534302],[139.68575199225387,35.79213946152731],[139.68574916101693,35.792139567116195],[139.68574759968834,35.79211641031109],[139.68571745475248,35.79211775237959],[139.68571792522545,35.792124772703886]]]}},{"type":"Feature","properties":{"height":3.47,"gml_id":"bldg_a3494b54-bc54-4211-9021-389f6d681c7b"},"geometry":{"type":"Polygon","coordinates":[[[139.682587215707,35.79445409840346],[139.68252745717788,35.79445680504662],[139.6825257076508,35.79443125668189],[139.68258546726548,35.794428550942264],[139.682587215707,35.79445409840346]]]}},{"type":"Feature","properties":{"height":8.39,"gml_id":"bldg_cd93fd0f-a1d4-4877-ac56-850359a805c6"},"geometry":{"type":"Polygon","coordinates":[[[139.6871697959962,35.79639145654515],[139.68716779086117,35.79637113579462],[139.68717653662716,35.79637056505294],[139.6873101817086,35.79636186171945],[139.68731586766287,35.796419726512724],[139.6872814799135,35.79642195074989],[139.68728069017027,35.79641398092338],[139.6872501862359,35.79641595118074],[139.68724919231067,35.79640589897912],[139.68721532461456,35.796408092281844],[139.68721476403672,35.79640246264736],[139.68717990159735,35.7964047214314],[139.68717853620288,35.79639090202093],[139.6871697959962,35.79639145654515]]]}},{"type":"Feature","properties":{"height":2.49,"gml_id":"bldg_c0145b8d-ebc6-4df9-b6e6-58c84eae8775"},"geometry":{"type":"Polygon","coordinates":[[[139.67510106790206,35.793900589503274],[139.67512177982684,35.79385133343465],[139.6751418547478,35.79385664358348],[139.67512114394216,35.793905898755646],[139.67510106790206,35.793900589503274]]]}},{"type":"Feature","properties":{"height":5.42,"gml_id":"bldg_d316284c-509b-4a07-9376-69b677a17b92"},"geometry":{"type":"Polygon","coordinates":[[[139.68034346866494,35.7947006798679],[139.68034071479232,35.79463786823018],[139.6804418546141,35.79469781702375],[139.68045081425836,35.794697567924864],[139.68045580601583,35.79481138190194],[139.68034846026947,35.794814493848975],[139.68034346866494,35.7947006798679]]]}},{"type":"Feature","properties":{"height":2.58,"gml_id":"bldg_c221030a-d713-4465-81b2-d772f9498bf4"},"geometry":{"type":"Polygon","coordinates":[[[139.67644961632473,35.79590793162802],[139.67647197383096,35.795904459940395],[139.67649723191698,35.79601260663962],[139.67647487327693,35.79601607742902],[139.67644961632473,35.79590793162802]]]}},{"type":"Feature","properties":{"height":8.81,"gml_id":"bldg_a67ec094-6790-4897-a305-31767eb98612"},"geometry":{"type":"Polygon","coordinates":[[[139.6837387896459,35.79537118678521],[139.68366703851,35.795374591141865],[139.68365589057575,35.795219618335445],[139.68372764489177,35.79521621398918],[139.6837387896459,35.79537118678521]]]}},{"type":"Feature","properties":{"height":3.05,"gml_id":"bldg_cf3828ea-e744-4f01-a8a7-f19351be85b9"},"geometry":{"type":"Polygon","coordinates":[[[139.6793237546694,35.79561552298686],[139.6792950322779,35.79561911053668],[139.679286541674,35.79557405180772],[139.67931526294154,35.795570465159784],[139.6793237546694,35.79561552298686]]]}},{"type":"Feature","properties":{"height":23.7,"gml_id":"bldg_cc52793c-87f5-44f6-960a-afb7815b2e41"},"geometry":{"type":"Polygon","coordinates":[[[139.68122107164075,35.79233774377432],[139.6812710097285,35.792760313069216],[139.68112708523392,35.79277332949909],[139.68112519256175,35.79275870263347],[139.68108253569451,35.79276193226179],[139.68108086870495,35.79274731289205],[139.68107800824689,35.792722125437194],[139.68107628695776,35.792706974199646],[139.68110335250446,35.79270489749713],[139.68111811181248,35.79270376244867],[139.68111570468386,35.79268508695031],[139.6810216529737,35.79267608771083],[139.68102488146494,35.79265565810326],[139.68093376828298,35.7926477594651],[139.68092959522662,35.7926784867448],[139.68086263933793,35.79267242317989],[139.68086676546739,35.792641950926225],[139.680825929371,35.792638376647645],[139.6808723681709,35.79229601020988],[139.68113109283254,35.792319369380216],[139.68112976518634,35.792329270877595],[139.68122107164075,35.79233774377432]]]}},{"type":"Feature","properties":{"height":5.62,"gml_id":"bldg_ea431f6e-44d0-42a1-a761-5e1e4d9b9d1c"},"geometry":{"type":"Polygon","coordinates":[[[139.68396489847953,35.793902077270175],[139.68395984262241,35.793894940378436],[139.68396488647298,35.793887802512934],[139.68397498617975,35.7938878015385],[139.6839800420361,35.79389493933096],[139.68397499818812,35.793902076295765],[139.68396489847953,35.793902077270175]]]}},{"type":"Feature","properties":{"height":4.2,"gml_id":"bldg_c78e6b0d-27a0-4328-8d2e-8d2a4d7a3882"},"geometry":{"type":"Polygon","coordinates":[[[139.6802674015039,35.79323570994464],[139.6803490799862,35.79319196482343],[139.68037797264063,35.7932277880379],[139.68029629414082,35.79327153137571],[139.6802674015039,35.79323570994464]]]}},{"type":"Feature","properties":{"height":8.44,"gml_id":"bldg_c7f3b3d4-2ec5-4227-8e20-932f0c36378a"},"geometry":{"type":"Polygon","coordinates":[[[139.67997198020825,35.79414247682753],[139.67994719386948,35.79399856029182],[139.68007562424128,35.79398790690897],[139.68009506540506,35.79409818979854],[139.6800453205296,35.794135441539964],[139.67997198020825,35.79414247682753]]]}},{"type":"Feature","properties":{"height":10.92,"gml_id":"bldg_cf2ee86e-3372-455d-8d6c-86e07b4257b6"},"geometry":{"type":"Polygon","coordinates":[[[139.6812999610545,35.79433244978638],[139.68133522701942,35.7943299525542],[139.6813412590354,35.79438616680168],[139.6813102364308,35.79438836203901],[139.68130997114093,35.794385917232006],[139.68126402310688,35.79438917430901],[139.68125826304373,35.79433541929498],[139.6812999610545,35.79433244978638]]]}},{"type":"Feature","properties":{"height":5.46,"gml_id":"bldg_d41fc8a0-2a02-4165-9445-0312eceb07ca"},"geometry":{"type":"Polygon","coordinates":[[[139.6779412966055,35.79429953274077],[139.67796378118362,35.79421006187052],[139.6779888990085,35.79421426488821],[139.67796641224814,35.7943037339576],[139.6779412966055,35.79429953274077]]]}},{"type":"Feature","properties":{"height":41.64,"gml_id":"bldg_c44a9fda-efb4-43de-8b8a-c559ee50f6e0"},"geometry":{"type":"Polygon","coordinates":[[[139.68622836195993,35.79540110071935],[139.6862630509775,35.79539906913939],[139.68628763873477,35.79566738534443],[139.68608005630935,35.79567999542178],[139.6860808740144,35.79568893154241],[139.6860489223019,35.795690796066765],[139.68604806390314,35.79568173100251],[139.68599973405745,35.795684592177366],[139.68599851130585,35.79567153096533],[139.6859751701005,35.79541649046667],[139.68622836195993,35.79540110071935]]]}},{"type":"Feature","properties":{"height":9.39,"gml_id":"bldg_a85661a0-1a3a-4f8a-9bb8-f521bd190202"},"geometry":{"type":"Polygon","coordinates":[[[139.68677139080333,35.79517709962848],[139.6869605874731,35.79516576482525],[139.68695986531063,35.79515776803668],[139.68708615235875,35.79515022144105],[139.68709117187186,35.795205765361125],[139.6872997628266,35.795191438582854],[139.68730618833538,35.79525320804921],[139.68655107483946,35.79529842260089],[139.68654334007445,35.79522217214997],[139.6866443546091,35.79521538565004],[139.68664131287682,35.79518489184491],[139.68677139080333,35.79517709962848]]]}},{"type":"Feature","properties":{"height":4.09,"gml_id":"bldg_cff2f872-c436-4876-b6d3-a1b147669c06"},"geometry":{"type":"Polygon","coordinates":[[[139.68362831322938,35.79396651199417],[139.6834365978071,35.79397420506141],[139.6834355997837,35.79395777033255],[139.6836273151683,35.79395007636542],[139.68362831322938,35.79396651199417]]]}},{"type":"Feature","properties":{"height":9.82,"gml_id":"bldg_c09ed162-2e83-48a5-9128-a862ccbfd5cf"},"geometry":{"type":"Polygon","coordinates":[[[139.68523465375117,35.7948106614003],[139.68500506180965,35.79482194186126],[139.6849969722647,35.79471298434392],[139.68522656610813,35.79470170299883],[139.68523465375117,35.7948106614003]]]}},{"type":"Feature","properties":{"height":8.5,"gml_id":"bldg_dc924f18-322c-451b-be47-adaf5cde5ef7"},"geometry":{"type":"Polygon","coordinates":[[[139.6873830661203,35.795719218352005],[139.68741332813283,35.79571689804156],[139.68741488698717,35.79573021202629],[139.68747030413329,35.79572674776274],[139.6874737925208,35.795763650711194],[139.68732950798707,35.79577450996668],[139.6873242946077,35.79572988031822],[139.68735427340067,35.79572755877737],[139.68735356644072,35.79572150893433],[139.6873830661203,35.795719218352005]]]}},{"type":"Feature","properties":{"height":5.81,"gml_id":"bldg_cfd00217-f082-4be2-ab02-44a56e73ff01"},"geometry":{"type":"Polygon","coordinates":[[[139.6834395767605,35.795595527933465],[139.68343864379986,35.795573894282114],[139.68343771744904,35.79555227596194],[139.68357553680116,35.795548365465066],[139.68357739508255,35.79559161653194],[139.6834395767605,35.795595527933465]]]}},{"type":"Feature","properties":{"height":7.7,"gml_id":"bldg_ce3ca453-e3f8-4ba8-a221-2809fdabcb41"},"geometry":{"type":"Polygon","coordinates":[[[139.68514004792047,35.79289031207663],[139.68513771699497,35.792854514629525],[139.68524991100568,35.79284968008302],[139.68524945821406,35.79284269042559],[139.68531154415479,35.79284003126157],[139.68531432795533,35.79288281836275],[139.68514004792047,35.79289031207663]]]}},{"type":"Feature","properties":{"height":21.83,"gml_id":"bldg_fe574714-ccd2-4003-a883-7e769c45e399"},"geometry":{"type":"Polygon","coordinates":[[[139.68467478136952,35.795877964708744],[139.68463917768605,35.7958808933485],[139.68460745805083,35.795875119705826],[139.68460378174333,35.79583527712968],[139.68434967964907,35.79585078941597],[139.6843206680211,35.79556614202971],[139.68430681696177,35.79543019080991],[139.68435530239157,35.79542690687184],[139.68443849186048,35.795421276405506],[139.6844245873806,35.79528480685122],[139.68483714234065,35.79525694335428],[139.6848484350816,35.79539954244778],[139.68491748046958,35.79539531832121],[139.68495248385088,35.79539321720183],[139.68495664311067,35.795438185463645],[139.68492252039033,35.795440274150906],[139.68492692656878,35.795479771501114],[139.68497866221855,35.79547662382229],[139.68500145729624,35.79572378510202],[139.68495446715977,35.79572666102963],[139.68496412293834,35.79581322543109],[139.68468980432328,35.795830013240256],[139.68469662067074,35.79587036986173],[139.6846919856025,35.795870653466345],[139.68467478136952,35.795877964708744]]]}},{"type":"Feature","properties":{"height":9.66,"gml_id":"bldg_cde811ac-ed80-4a34-9ce1-f7895f6731db"},"geometry":{"type":"Polygon","coordinates":[[[139.67824775307292,35.79561935248263],[139.6782537332172,35.795525828534274],[139.67826496292093,35.79552629279292],[139.67826832090896,35.79547380319],[139.67828012141084,35.79547430513884],[139.6782811942043,35.79545798120535],[139.67835894120245,35.79546129386225],[139.67835820522862,35.795472816719794],[139.67847931545325,35.79547915243796],[139.67846371760237,35.795680081024415],[139.67834529631244,35.795673907394686],[139.67834428664543,35.795689633812124],[139.67826774415053,35.79568637137209],[139.67826856848768,35.79567379224307],[139.678255565467,35.79567322835143],[139.6782589783416,35.79561982845372],[139.67824775307292,35.79561935248263]]]}},{"type":"Feature","properties":{"height":11.51,"gml_id":"bldg_fdf698b0-db1b-4a05-8a93-993f51321b18"},"geometry":{"type":"Polygon","coordinates":[[[139.68143776245083,35.79233949412013],[139.6814383569838,35.79231135639758],[139.68149030567162,35.79231210433482],[139.6814887148187,35.79238827396138],[139.68144653109607,35.79239005854474],[139.6814466934045,35.79238208717383],[139.6814368586517,35.79238248306392],[139.68143776245083,35.79233949412013]]]}},{"type":"Feature","properties":{"height":9.79,"gml_id":"bldg_cfe941d5-745a-4c71-91d9-f6e880bb470a"},"geometry":{"type":"Polygon","coordinates":[[[139.68414455145418,35.792457256709156],[139.68414166259737,35.792414789428975],[139.68413931780353,35.792380147479044],[139.68422793189603,35.792376174261975],[139.68423316563374,35.792453282587125],[139.68414455145418,35.792457256709156]]]}},{"type":"Feature","properties":{"height":6.29,"gml_id":"bldg_e5603359-7235-4c85-b511-74834eea8b37"},"geometry":{"type":"Polygon","coordinates":[[[139.68194024576297,35.7954695582997],[139.68193827499766,35.795431250089635],[139.68193712577204,35.79540894284302],[139.68200735509402,35.795406481320875],[139.68201308536672,35.79548850721068],[139.68194139618728,35.795491817775826],[139.68194024576297,35.7954695582997]]]}},{"type":"Feature","properties":{"height":9.12,"gml_id":"bldg_b534a2c6-01c4-4671-9630-dd9850b3b0b1"},"geometry":{"type":"Polygon","coordinates":[[[139.6872899835968,35.79587352073691],[139.68728647829954,35.79583985632718],[139.68728291237215,35.79580546895783],[139.68734015923522,35.79580154097699],[139.68734250987532,35.79582412183982],[139.68737722155254,35.795821884457595],[139.6873816625425,35.795867220728205],[139.6872899835968,35.79587352073691]]]}},{"type":"Feature","properties":{"height":16.24,"gml_id":"bldg_f99175d9-28c2-439a-903b-9c10a44e7daa"},"geometry":{"type":"Polygon","coordinates":[[[139.68129150672573,35.79546938058058],[139.68128630225755,35.795398627651],[139.68128084021563,35.79532428700698],[139.6815703772066,35.79531017796452],[139.68159768715245,35.79568161521012],[139.6811162878747,35.79567939151484],[139.68111711145625,35.795645510674284],[139.6808993912862,35.79565609796728],[139.68088710777923,35.79548909761751],[139.681012520263,35.79548298584084],[139.68129150672573,35.79546938058058]]]}},{"type":"Feature","properties":{"height":5.45,"gml_id":"bldg_b78fe28c-709c-47fa-aa55-1bcda0203b08"},"geometry":{"type":"Polygon","coordinates":[[[139.68198203288415,35.79540064833669],[139.6817905691443,35.79541082231958],[139.68178197174905,35.79530358194173],[139.68197343633724,35.79529340887446],[139.68198203288415,35.79540064833669]]]}},{"type":"Feature","properties":{"height":8.0,"gml_id":"bldg_c62d5e5b-0d79-449d-8ed7-3fb7c3b28dda"},"geometry":{"type":"Polygon","coordinates":[[[139.68315593844028,35.795631234460764],[139.6831551409913,35.79562229113501],[139.68319728015462,35.79561979292874],[139.6832317624362,35.795617770978986],[139.68324342108966,35.79574843674586],[139.68319308947812,35.79575141777906],[139.68319392159833,35.7957607532365],[139.68312845002492,35.79576461398623],[139.68311675467947,35.795633556074094],[139.6831492730082,35.79563162904057],[139.68315593844028,35.795631234460764]]]}},{"type":"Feature","properties":{"height":11.95,"gml_id":"bldg_ea5e7846-899f-4b8f-a8f9-f32ca5a58e7c"},"geometry":{"type":"Polygon","coordinates":[[[139.682960026981,35.79447219930961],[139.68296203464087,35.79449293566272],[139.68302764281935,35.79448883360953],[139.6830446580939,35.7944877858726],[139.6830590797157,35.794636777855196],[139.68304172685032,35.794637891872334],[139.68304244818475,35.79464552994482],[139.68294120813596,35.79465185705276],[139.6829267664181,35.794498967577525],[139.68292214358473,35.79449925563614],[139.68291977236672,35.79447477550511],[139.682960026981,35.79447219930961]]]}},{"type":"Feature","properties":{"height":7.19,"gml_id":"bldg_fc0ecba6-1c82-4291-bec0-4630dde657da"},"geometry":{"type":"Polygon","coordinates":[[[139.68260786283884,35.7930055989218],[139.68252806633728,35.79301079973213],[139.68252758543184,35.79300593361981],[139.68246687186723,35.79301111776062],[139.68246407835755,35.7929894898705],[139.68252545140697,35.79298423444986],[139.68252534286324,35.79298312925366],[139.68252262599827,35.79295547500766],[139.6826023914543,35.79295028137274],[139.68260786283884,35.7930055989218]]]}},{"type":"Feature","properties":{"height":25.25,"gml_id":"bldg_cb402b8c-e188-4387-9fff-0b95755260d1"},"geometry":{"type":"Polygon","coordinates":[[[139.68515111878568,35.791923192517594],[139.68516788961665,35.79195816319494],[139.6851543824969,35.791962463136024],[139.68518036514905,35.792016720623394],[139.68514670580774,35.79202743500679],[139.68514868396716,35.792031561140256],[139.68511789274928,35.79204136327417],[139.685133502039,35.792073912387806],[139.68510433037426,35.792083152266514],[139.68508873982648,35.792050643733226],[139.6848894634358,35.792114079462955],[139.68490467701142,35.79214580608224],[139.68487550640205,35.792155045005224],[139.68486031156806,35.79212335896639],[139.68482817874175,35.792133533431304],[139.6848263207074,35.79212966342561],[139.6847891489785,35.79214144057393],[139.68478557621302,35.792133980158155],[139.68476298471833,35.79208680330887],[139.6847557880683,35.79202387087813],[139.6847625239274,35.79202172947121],[139.6847574149204,35.792011077263666],[139.68484876903034,35.79198205293157],[139.68485387143335,35.79199269250819],[139.68489665544266,35.791979092518694],[139.68489144723708,35.79196823378417],[139.68498280235752,35.79193920844982],[139.68498800395932,35.79195005455335],[139.68502926585452,35.79193693846861],[139.68502440478068,35.79192680034992],[139.68511689554762,35.791897412166975],[139.68512175333433,35.79190753856032],[139.685127266988,35.79190584179676],[139.68513761066507,35.791927438374316],[139.68515111878568,35.791923192517594]]]}},{"type":"Feature","properties":{"height":12.35,"gml_id":"bldg_cb2d6329-d16f-4802-8a1b-6329a7463f0c"},"geometry":{"type":"Polygon","coordinates":[[[139.68585259552725,35.79423077958362],[139.6859024467983,35.79422912634323],[139.68590451702437,35.79426970693332],[139.6857895205213,35.79427355797535],[139.68578744704794,35.79423297016856],[139.68585259552725,35.79423077958362]]]}},{"type":"Feature","properties":{"height":10.73,"gml_id":"bldg_c9527d30-939c-4faa-acda-fa7708ddf361"},"geometry":{"type":"Polygon","coordinates":[[[139.68274848396035,35.794578188858914],[139.68277257249719,35.79457693008834],[139.68277974913636,35.79466618121429],[139.68273158522652,35.79466872941591],[139.68272440753466,35.79457947828587],[139.68274848396035,35.794578188858914]]]}},{"type":"Feature","properties":{"height":8.56,"gml_id":"bldg_c9b6cc6f-0c90-47aa-a303-9d23a39d7723"},"geometry":{"type":"Polygon","coordinates":[[[139.6809718786387,35.79389956672418],[139.6809738426264,35.79389943671377],[139.6809723664627,35.793884534561975],[139.6810370230696,35.79388028907302],[139.68103850037227,35.79389518040925],[139.68105244851307,35.79389427959531],[139.68105869855452,35.79395729034522],[139.68097812861694,35.79396257747809],[139.6809718786387,35.79389956672418]]]}},{"type":"Feature","properties":{"height":11.21,"gml_id":"bldg_c68eefec-c1a2-4a5d-b697-73517f552fb8"},"geometry":{"type":"Polygon","coordinates":[[[139.68191057861614,35.79455071067954],[139.681918333632,35.7945503571999],[139.68191999523478,35.794573164445104],[139.68194381693948,35.79457201907514],[139.68195207649396,35.79457164189201],[139.68195502979947,35.79461221915048],[139.68186438115072,35.79461657120039],[139.6818597674644,35.79455315875339],[139.68188546017743,35.79455191299763],[139.68191057861614,35.79455071067954]]]}},{"type":"Feature","properties":{"height":8.21,"gml_id":"bldg_a0d4aa9f-2373-4b5d-a1fa-40a7aea13e2a"},"geometry":{"type":"Polygon","coordinates":[[[139.68576637936576,35.79411254235938],[139.68576519594177,35.79409619485345],[139.68576377976348,35.79407648681436],[139.68585122771782,35.7940723261954],[139.68585382736114,35.794108380837294],[139.68576637936576,35.79411254235938]]]}},{"type":"Feature","properties":{"height":9.12,"gml_id":"bldg_c7bb3177-cd9a-44a7-9516-f2c5e6ae45a6"},"geometry":{"type":"Polygon","coordinates":[[[139.68597550302954,35.792898645213626],[139.68597505061382,35.79285905898905],[139.68610404795325,35.79285808761102],[139.68610490916384,35.79293218898745],[139.68604415480954,35.79293265359218],[139.68604424063224,35.792940102487684],[139.68599155922058,35.792940491325766],[139.68599146673827,35.79293305684374],[139.68597591170465,35.79293316036612],[139.68597550302954,35.792898645213626]]]}},{"type":"Feature","properties":{"height":11.02,"gml_id":"bldg_c3479ba2-8299-4e03-941d-75de34b4c5f4"},"geometry":{"type":"Polygon","coordinates":[[[139.6871040864603,35.794565621550305],[139.68705554865292,35.794568855157124],[139.68705285413057,35.79454683811326],[139.68710139192135,35.79454360631019],[139.6871040864603,35.794565621550305]]]}},{"type":"Feature","properties":{"height":6.13,"gml_id":"bldg_c35f2dbb-1069-4d42-b393-2cc8c05dc3f4"},"geometry":{"type":"Polygon","coordinates":[[[139.6836049712922,35.79382584467581],[139.6834994524094,35.79382897072658],[139.68349796991708,35.79379597391671],[139.68360348765174,35.79379284696437],[139.6836049712922,35.79382584467581]]]}},{"type":"Feature","properties":{"height":5.57,"gml_id":"bldg_cfe08bf8-5468-4132-849c-71056caeaa89"},"geometry":{"type":"Polygon","coordinates":[[[139.68653821044356,35.79502640536514],[139.68639787895256,35.7950354836509],[139.68639203259622,35.7949756185016],[139.68653236397924,35.79496654202504],[139.68653821044356,35.79502640536514]]]}},{"type":"Feature","properties":{"height":3.95,"gml_id":"bldg_c993cf8d-bbd6-4e6a-ab55-1a94f586ec15"},"geometry":{"type":"Polygon","coordinates":[[[139.67976059667325,35.79441753727477],[139.6797930226489,35.79438576360012],[139.67983732908317,35.79441579288716],[139.6798049031111,35.79444756747496],[139.67976059667325,35.79441753727477]]]}},{"type":"Feature","properties":{"height":4.63,"gml_id":"bldg_abcd16b7-93c1-4a36-b33b-ff3aeea7bc90"},"geometry":{"type":"Polygon","coordinates":[[[139.68391565683612,35.79389788879021],[139.68392068708198,35.79388797383815],[139.68393284450258,35.79388386975702],[139.68394500205122,35.79388797160105],[139.68395004385815,35.79389788554744],[139.68394501361527,35.793907800500705],[139.68393285619166,35.79391190458306],[139.6839206975337,35.79390780273644],[139.68391565683612,35.79389788879021]]]}},{"type":"Feature","properties":{"height":8.65,"gml_id":"bldg_ca2c6a1f-d941-4e3f-947e-05f29b2f0ddc"},"geometry":{"type":"Polygon","coordinates":[[[139.68593497144224,35.79463318006988],[139.68593830852922,35.794555108889355],[139.68601018925352,35.794557168243195],[139.6860068511304,35.794635239424494],[139.68593497144224,35.79463318006988]]]}},{"type":"Feature","properties":{"height":6.47,"gml_id":"bldg_c8819b41-3a0c-471c-a167-0bd2fc7fa43d"},"geometry":{"type":"Polygon","coordinates":[[[139.68512602318944,35.79491116821071],[139.6851196023261,35.7948168417323],[139.68517896714854,35.794814152244555],[139.685237825172,35.794811510776356],[139.68524687089516,35.79494434180911],[139.68510834800625,35.79495058966514],[139.68510572445715,35.794912086004814],[139.68512602318944,35.79491116821071]]]}},{"type":"Feature","properties":{"height":8.75,"gml_id":"bldg_c692bff5-69e4-484b-9f10-48aecd62cfc7"},"geometry":{"type":"Polygon","coordinates":[[[139.68685327179875,35.79572621577447],[139.68685260240065,35.79571961344446],[139.68692311806117,35.79571492215518],[139.6869205120979,35.79569589230659],[139.68695561046147,35.795692718109],[139.6869661108048,35.795769380207744],[139.68682082149996,35.79577909921987],[139.68681559999052,35.79572880813721],[139.68685327179875,35.79572621577447]]]}},{"type":"Feature","properties":{"height":8.6,"gml_id":"bldg_c6b3d442-74ef-456a-ae7d-671e10cc6387"},"geometry":{"type":"Polygon","coordinates":[[[139.68695019005864,35.79551376936126],[139.68694602471064,35.79546607726927],[139.68694444055237,35.79544790585184],[139.68700104107177,35.79544337063398],[139.68700340189307,35.79546275441532],[139.6870172593421,35.795461951047095],[139.68701670292995,35.79545707765166],[139.68708230328298,35.79545213331616],[139.68708699423092,35.795505862408895],[139.68695019005864,35.79551376936126]]]}},{"type":"Feature","properties":{"height":12.06,"gml_id":"bldg_c542049d-e524-48e7-8e4c-ce845e81445b"},"geometry":{"type":"Polygon","coordinates":[[[139.6844470640444,35.79355365749373],[139.68440697486992,35.79355559443163],[139.6843941018443,35.793381186316026],[139.68458541501485,35.79337184534951],[139.68459828734916,35.79354625434589],[139.68453897062346,35.79354915813035],[139.6845405220634,35.793574478182606],[139.68444857374786,35.79357820593643],[139.6844470640444,35.79355365749373]]]}},{"type":"Feature","properties":{"height":3.52,"gml_id":"bldg_cc969fee-ff49-4c92-b0d3-4172442a8c2b"},"geometry":{"type":"Polygon","coordinates":[[[139.67521019990016,35.79452988070501],[139.67520772107818,35.79454638664],[139.67517179644696,35.79454279797188],[139.67517937888644,35.79449220504586],[139.67527824739685,35.79450205164224],[139.67527013138124,35.794556188897246],[139.67525582920905,35.79455476578614],[139.67525454347526,35.79456322780726],[139.6752201707127,35.79455979983206],[139.67522444896818,35.794531301047655],[139.67521019990016,35.79452988070501]]]}},{"type":"Feature","properties":{"height":9.73,"gml_id":"bldg_c76837d6-e62f-4650-a2a9-fb2284e40aea"},"geometry":{"type":"Polygon","coordinates":[[[139.68327377813435,35.79278118613431],[139.6831294189188,35.79279020601193],[139.68312248653805,35.792716830733696],[139.68326685116,35.792707807265465],[139.68327377813435,35.79278118613431]]]}},{"type":"Feature","properties":{"height":4.35,"gml_id":"bldg_bf25ab9e-7a67-4bf1-b608-2f46ae1916d5"},"geometry":{"type":"Polygon","coordinates":[[[139.68005968135776,35.79287636663261],[139.6800539527655,35.79293401534242],[139.6800183548524,35.79293165708401],[139.68002408347022,35.79287400837594],[139.68005968135776,35.79287636663261]]]}},{"type":"Feature","properties":{"height":16.5,"gml_id":"bldg_ec129cc8-bae9-4687-8f38-23162e383907"},"geometry":{"type":"Polygon","coordinates":[[[139.68610109037024,35.7945333486397],[139.68609324591068,35.7944496645509],[139.6861939074468,35.794442409291165],[139.68621626631435,35.7946472134331],[139.6861124808995,35.794654694731435],[139.68610109037024,35.7945333486397]]]}},{"type":"Feature","properties":{"height":14.51,"gml_id":"bldg_dff1e43a-b2f0-4ae2-abc6-ed41143c897a"},"geometry":{"type":"Polygon","coordinates":[[[139.68015388511148,35.79450268868801],[139.68024894493405,35.7944036211736],[139.6802858852785,35.79436513261904],[139.6804027128553,35.79443938607013],[139.68027048258003,35.79457697712561],[139.68022982995552,35.7945510799502],[139.68016870852188,35.79451214474561],[139.68015388511148,35.79450268868801]]]}},{"type":"Feature","properties":{"height":12.61,"gml_id":"bldg_c0fee9e0-2aa7-4f66-9068-192996593ae0"},"geometry":{"type":"Polygon","coordinates":[[[139.6816487038285,35.792443673917354],[139.6815985572679,35.79242428651654],[139.6816380733939,35.79235629675743],[139.68168651517732,35.79237505915624],[139.6816487038285,35.792443673917354]]]}},{"type":"Feature","properties":{"height":6.36,"gml_id":"bldg_d8dff693-80cb-4f5b-b722-90e615e8ecda"},"geometry":{"type":"Polygon","coordinates":[[[139.6839453690042,35.79215745967475],[139.68388189337787,35.79216223819473],[139.6838764622584,35.79211451645686],[139.68393993784704,35.7921097379396],[139.6839453690042,35.79215745967475]]]}},{"type":"Feature","properties":{"height":9.05,"gml_id":"bldg_e6e96ee3-c78a-44a3-963a-5625413b195c"},"geometry":{"type":"Polygon","coordinates":[[[139.6817632123767,35.794677382440504],[139.6817615847125,35.794662359327745],[139.6818006361992,35.794659550356066],[139.68179780597174,35.794633436372415],[139.68185524512697,35.794629316551536],[139.68185970529194,35.79467044102927],[139.6818622181104,35.79467027564163],[139.68187180486308,35.79475873305858],[139.68175991165668,35.79476677364679],[139.68175549397654,35.79472602238008],[139.68176357692352,35.79472543947865],[139.68175840687152,35.79467772881208],[139.6817632123767,35.794677382440504]]]}},{"type":"Feature","properties":{"height":7.71,"gml_id":"bldg_c0b81d6b-2423-44df-acf5-933c82b280f3"},"geometry":{"type":"Polygon","coordinates":[[[139.68388337719963,35.792065788829554],[139.68390078408297,35.79206447195225],[139.68393154482825,35.79206216845806],[139.68393657979615,35.79210640957311],[139.68387637491443,35.79211094247888],[139.68387289092004,35.792080344383855],[139.68388337719963,35.792065788829554]]]}},{"type":"Feature","properties":{"height":3.43,"gml_id":"bldg_c0aa0377-0a6a-412d-87cc-86eed4c2300e"},"geometry":{"type":"Polygon","coordinates":[[[139.67908186701612,35.794355955083624],[139.67911853438673,35.79434851366981],[139.67912675340835,35.79437540798947],[139.6791349746203,35.794402316732935],[139.67909830722644,35.794409758151616],[139.67908186701612,35.794355955083624]]]}},{"type":"Feature","properties":{"height":9.79,"gml_id":"bldg_cdb6d11d-08ef-440a-9f6d-2e8c818222de"},"geometry":{"type":"Polygon","coordinates":[[[139.68155249509223,35.79464300309559],[139.6815529177564,35.794648217059475],[139.68151099971573,35.79465045357699],[139.68150310368648,35.79455685604164],[139.68151189004712,35.79455638040506],[139.6815453204222,35.79455460277813],[139.68154571724128,35.794559444450364],[139.68157656739365,35.79455779064838],[139.6815833486369,35.79464132766374],[139.68155249509223,35.79464300309559]]]}},{"type":"Feature","properties":{"height":9.32,"gml_id":"bldg_c0fa106e-d4c8-4101-a94b-f441a2d03f2f"},"geometry":{"type":"Polygon","coordinates":[[[139.68146291367978,35.79399402788465],[139.68146186016025,35.79398487781199],[139.6815018444596,35.79398180872222],[139.68152151457247,35.79398032288954],[139.6815335753331,35.794085280045365],[139.68145604876824,35.794091177951515],[139.68145547735017,35.79408623420508],[139.68144524450403,35.79408700275316],[139.68143480759952,35.793996184474494],[139.6814450393552,35.79399540150423],[139.68146291367978,35.79399402788465]]]}},{"type":"Feature","properties":{"height":10.25,"gml_id":"bldg_c70feb66-5384-4f2f-8c68-2e652df3b065"},"geometry":{"type":"Polygon","coordinates":[[[139.681620267733,35.79454389644387],[139.6816601367778,35.79454165640215],[139.6816676782982,35.794629780460234],[139.68158881417335,35.79463423730168],[139.68158127273963,35.79454611323893],[139.681620267733,35.79454389644387]]]}},{"type":"Feature","properties":{"height":9.35,"gml_id":"bldg_ce4e4187-7c27-4a42-8672-79d81cf5ce05"},"geometry":{"type":"Polygon","coordinates":[[[139.68366499646862,35.79281812989727],[139.68366290049613,35.79276889622872],[139.6837235143507,35.792767189684916],[139.68372253850532,35.792744211151835],[139.68377602172177,35.792742723751644],[139.68377909252072,35.79281493504834],[139.68366499646862,35.79281812989727]]]}},{"type":"Feature","properties":{"height":14.0,"gml_id":"bldg_c7fff60d-f713-4746-88d0-a268f68e21cc"},"geometry":{"type":"Polygon","coordinates":[[[139.68569377598158,35.792457725830985],[139.68558801935296,35.7924630067607],[139.68558795283923,35.792313663106576],[139.68568300103405,35.79230912075718],[139.68569377598158,35.792457725830985]]]}},{"type":"Feature","properties":{"height":8.57,"gml_id":"bldg_cc84c34d-58f3-4c60-9a7b-0505ff6401ae"},"geometry":{"type":"Polygon","coordinates":[[[139.68462690478484,35.79268165503859],[139.68461998910556,35.79261461367999],[139.6846692020008,35.79261126110724],[139.68467145044508,35.79263301626657],[139.68472545430336,35.79262933519166],[139.68473012384936,35.79267460696735],[139.68462690478484,35.79268165503859]]]}},{"type":"Feature","properties":{"height":5.42,"gml_id":"bldg_c111765f-34e2-4f2f-b832-a7b97081bc32"},"geometry":{"type":"Polygon","coordinates":[[[139.68712194201998,35.7947490363268],[139.68709112008375,35.79475101066514],[139.68708618257415,35.79470023860797],[139.68710157252377,35.794699245105356],[139.68708883424694,35.79456814031156],[139.68710426619543,35.79456715587319],[139.68712194201998,35.7947490363268]]]}},{"type":"Feature","properties":{"height":10.32,"gml_id":"bldg_cb950cf1-1517-4a1f-acba-dc77266ac36f"},"geometry":{"type":"Polygon","coordinates":[[[139.6839912108523,35.79214398729256],[139.68400122290652,35.79214341294555],[139.68400637155756,35.7921901852009],[139.68394310914653,35.792193931066045],[139.68394430865214,35.79220738346491],[139.6839053423867,35.792209672258636],[139.68390503885777,35.79220634047635],[139.6838898619699,35.79220781335597],[139.68388342760767,35.792163537150344],[139.68390112718546,35.7921624865363],[139.6839458767835,35.792159832669846],[139.68394470979942,35.79214673724754],[139.6839912108523,35.79214398729256]]]}},{"type":"Feature","properties":{"height":13.04,"gml_id":"bldg_ceddfe5a-e941-4922-a2c5-99b1821b3029"},"geometry":{"type":"Polygon","coordinates":[[[139.6848602783744,35.79320696506399],[139.68485332474197,35.79311143097415],[139.6849641393727,35.79310609564145],[139.6849721256664,35.793215736288886],[139.68486131198688,35.79322107343257],[139.6848602783744,35.79320696506399]]]}},{"type":"Feature","properties":{"height":4.16,"gml_id":"bldg_c94fc2ad-293f-41ea-a4a8-de22a99591d8"},"geometry":{"type":"Polygon","coordinates":[[[139.68700504004838,35.79411611664038],[139.68695063127805,35.794118698592435],[139.6869400453098,35.79397122509877],[139.68699445397988,35.79396864315122],[139.68700504004838,35.79411611664038]]]}},{"type":"Feature","properties":{"height":28.19,"gml_id":"bldg_b910af52-0f30-4f6a-a620-9e2a90c3e0e1"},"geometry":{"type":"Polygon","coordinates":[[[139.68534029537872,35.7949597762434],[139.685436621361,35.794955174375055],[139.6854385941072,35.79498197044453],[139.6854179002683,35.7949829563082],[139.68542792042663,35.795120277264424],[139.6854238940488,35.79512047872155],[139.6854280082729,35.795162422872096],[139.6854187226647,35.795163027975526],[139.6854196673289,35.795172664609396],[139.68532139506578,35.79517902801717],[139.68531875629157,35.79515225366067],[139.68530755541644,35.795152953744015],[139.68530641132347,35.79512916290549],[139.6853051271384,35.79510216668037],[139.68531298378022,35.79510191946673],[139.6853088937745,35.7950558994199],[139.6852982324622,35.79505619095203],[139.6852957575233,35.79500432040269],[139.68530428574704,35.79500405238393],[139.6853039833929,35.79500064669709],[139.68530019902502,35.79495805667668],[139.68534001550947,35.79495617679322],[139.68534029537872,35.7949597762434]]]}},{"type":"Feature","properties":{"height":10.9,"gml_id":"bldg_cf0b89ea-0333-43de-9fec-cfa0b81e4e54"},"geometry":{"type":"Polygon","coordinates":[[[139.68530603314704,35.794751478973595],[139.68523620411207,35.794755609519754],[139.68522857543311,35.794670590739386],[139.6853272499336,35.794664744377094],[139.68533127902714,35.7947096007035],[139.6853024345762,35.79471131742746],[139.68530603314704,35.794751478973595]]]}},{"type":"Feature","properties":{"height":12.52,"gml_id":"bldg_be6a203b-784b-4b87-b489-bb43682c1fbf"},"geometry":{"type":"Polygon","coordinates":[[[139.6819481528281,35.79557340149378],[139.68194833987963,35.795563445376736],[139.68203762612953,35.795564578090925],[139.6820374445833,35.79557455404483],[139.68204198933506,35.79557463637846],[139.68204327881134,35.79569922851087],[139.6819916418206,35.79569922121403],[139.68199158704493,35.795694851382606],[139.68194591111495,35.79569425757701],[139.68194636413347,35.79566948804791],[139.6819481528281,35.79557340149378]]]}},{"type":"Feature","properties":{"height":12.16,"gml_id":"bldg_bafe353e-9d47-4ff3-b3f3-061cf6c2a77d"},"geometry":{"type":"Polygon","coordinates":[[[139.68384034794576,35.79308500462426],[139.68405792037063,35.79307610996045],[139.68406835852426,35.79324528994808],[139.68374313076063,35.79325991225158],[139.68374162769393,35.793237844333554],[139.6837255036628,35.79323869047391],[139.6837153041777,35.79309012291875],[139.68373157277207,35.79308945542766],[139.68384034794576,35.79308500462426]]]}},{"type":"Feature","properties":{"height":8.55,"gml_id":"bldg_ebe78754-1832-4462-81ec-cb24877e5eeb"},"geometry":{"type":"Polygon","coordinates":[[[139.68396800801705,35.79209504738777],[139.68399818873306,35.79209292252552],[139.68400318498058,35.7921395494741],[139.68394442782326,35.79214371105116],[139.6839394305052,35.79209708319755],[139.68396800801705,35.79209504738777]]]}},{"type":"Feature","properties":{"height":11.25,"gml_id":"bldg_c233eda2-8e3a-4c28-8198-a4a1c6cfe367"},"geometry":{"type":"Polygon","coordinates":[[[139.68262262834543,35.79269828903929],[139.682728273133,35.7926921569961],[139.68273368400327,35.79275378484612],[139.68255756124455,35.79276401983641],[139.68255492293076,35.79273401946393],[139.6825521505096,35.79270239197891],[139.68262262834543,35.79269828903929]]]}},{"type":"Feature","properties":{"height":9.38,"gml_id":"bldg_ea269327-7940-45cd-b886-f1c92a4c67c4"},"geometry":{"type":"Polygon","coordinates":[[[139.68154816151267,35.79423581103458],[139.68155062900806,35.79423561945696],[139.68154986803793,35.79422912063642],[139.68163716314248,35.79422234265421],[139.68163792525,35.79422882885671],[139.68164045025205,35.794228649067385],[139.68164952444226,35.79430606247425],[139.6815572378268,35.79431322445088],[139.6815529636144,35.794276799853385],[139.68154816151267,35.79423581103458]]]}},{"type":"Feature","properties":{"height":8.52,"gml_id":"bldg_d1af08d9-a328-435b-999c-b3f08ea5f704"},"geometry":{"type":"Polygon","coordinates":[[[139.68412196919184,35.79209223522654],[139.68411862436795,35.79205164670099],[139.6841151812666,35.79200977813013],[139.684236710284,35.79200315700808],[139.68424349612334,35.792085613193926],[139.68412196919184,35.79209223522654]]]}},{"type":"Feature","properties":{"height":20.1,"gml_id":"bldg_af79895e-2512-4846-b2a6-b5f52cbe0ca2"},"geometry":{"type":"Polygon","coordinates":[[[139.68577889050374,35.79321872100869],[139.68605091671114,35.79320120139766],[139.68608716522002,35.7931988833435],[139.6860886333841,35.79321503470224],[139.68611781629406,35.793213056810316],[139.68612083039275,35.79324159015947],[139.68610736693302,35.79324252280115],[139.6861104155202,35.79327155013468],[139.68609385175307,35.793272690797],[139.68609999496996,35.793340567575676],[139.68585717073287,35.79335515405632],[139.68586232264184,35.793412169215365],[139.68568252040467,35.79342294057348],[139.68568110251948,35.793409554626315],[139.68567530880048,35.7933544801881],[139.68566183537158,35.79322624873201],[139.68577889050374,35.79321872100869]]]}},{"type":"Feature","properties":{"height":3.74,"gml_id":"bldg_cb844584-e754-43e0-84c7-1d0cca9393d5"},"geometry":{"type":"Polygon","coordinates":[[[139.68381062435327,35.79395609655577],[139.68381565793996,35.79394617890833],[139.68382781869548,35.79394207394065],[139.68383998177748,35.79394617670351],[139.68384502356994,35.79395609335822],[139.683839991096,35.79396600920557],[139.68382782922944,35.79397011507444],[139.68381566725074,35.793966012311735],[139.68381062435327,35.79395609655577]]]}},{"type":"Feature","properties":{"height":1.35,"gml_id":"bldg_c7a56dcd-207d-4dee-b292-04741c2c1bad"},"geometry":{"type":"Polygon","coordinates":[[[139.675026700517,35.79488380275131],[139.67503023149297,35.79486284912455],[139.6750525968277,35.79486535458647],[139.67504906585748,35.79488630821389],[139.675026700517,35.79488380275131]]]}},{"type":"Feature","properties":{"height":1.69,"gml_id":"bldg_ce48ec77-0dcc-47ef-adad-73b6dff5c5da"},"geometry":{"type":"Polygon","coordinates":[[[139.68490555393907,35.79477607355757],[139.68483698133767,35.79477919320245],[139.68483392504902,35.79473311853004],[139.6849024987139,35.79473000069085],[139.68490555393907,35.79477607355757]]]}},{"type":"Feature","properties":{"height":4.85,"gml_id":"bldg_24f963a2-0ad9-4917-bcf4-f5ce50d92b6c"},"geometry":{"type":"Polygon","coordinates":[[[139.68562866370524,35.79622163753235],[139.68561580037226,35.79622024446149],[139.6856105161732,35.796252629914115],[139.68555006658224,35.79624607399724],[139.68555661319525,35.79620590600903],[139.68557336572152,35.79620772029106],[139.68557745366343,35.79618266227607],[139.68563401511727,35.796188797879076],[139.68562866370524,35.79622163753235]]]}},{"type":"Feature","properties":{"height":9.16,"gml_id":"bldg_d705011f-d90c-48d0-bc3c-8a982c82b5d6"},"geometry":{"type":"Polygon","coordinates":[[[139.68490431874994,35.79245744344318],[139.68479073202676,35.79246070759141],[139.68478873472498,35.79241634317591],[139.6848079878294,35.79241576845995],[139.68480670334017,35.79238607536549],[139.68486705692922,35.79238435169887],[139.6848674740038,35.792393870513955],[139.68492209660477,35.79239230829667],[139.68492468198164,35.79245184683212],[139.6849041012609,35.79245243975772],[139.68490431874994,35.79245744344318]]]}},{"type":"Feature","properties":{"height":13.69,"gml_id":"bldg_e82aa06d-cb54-4c5b-ad2d-aa3ed26515e0"},"geometry":{"type":"Polygon","coordinates":[[[139.67720147015922,35.79569848027684],[139.6772164339879,35.795802366284065],[139.6771537205036,35.795808358160905],[139.67715222073193,35.79579795188865],[139.67712532015943,35.795800506532395],[139.67712390442892,35.795790688952835],[139.67706337092284,35.79579645106549],[139.6770508063135,35.79570929097072],[139.6770578009065,35.795708622244014],[139.67705692440364,35.79570254417902],[139.6770542359699,35.79568389258063],[139.6770647162393,35.79568288947502],[139.67706309203385,35.795671626753816],[139.6771791594957,35.79566052865472],[139.67718425044689,35.795695843088716],[139.67718995034053,35.79569530697463],[139.67719055724322,35.7956995143799],[139.67720147015922,35.79569848027684]]]}},{"type":"Feature","properties":{"height":5.75,"gml_id":"bldg_eead46e3-2e49-4910-b991-4ee092ac7317"},"geometry":{"type":"Polygon","coordinates":[[[139.6819474022094,35.79528262835761],[139.68194269319562,35.79523500481365],[139.68193935634233,35.795201230493994],[139.6820081336276,35.79519777204832],[139.68201608113813,35.79527856587669],[139.6819474022094,35.79528262835761]]]}},{"type":"Feature","properties":{"height":3.2,"gml_id":"bldg_c0f01cbd-9336-4882-83a1-0e0d947d2eda"},"geometry":{"type":"Polygon","coordinates":[[[139.67563886606797,35.79536805991147],[139.6756446029694,35.795334788558776],[139.67571008086614,35.79534229165174],[139.67570434509958,35.79537556210769],[139.67563886606797,35.79536805991147]]]}},{"type":"Feature","properties":{"height":13.51,"gml_id":"bldg_f3c8d7ff-e887-4024-a4a0-78bedb97c358"},"geometry":{"type":"Polygon","coordinates":[[[139.68131613382653,35.794075547429486],[139.68130726590144,35.793991672449664],[139.68136317967327,35.79398777266733],[139.68137417019528,35.794091675704756],[139.68131824333443,35.794095439371084],[139.68131727381706,35.79408633897798],[139.68131613382653,35.794075547429486]]]}},{"type":"Feature","properties":{"height":7.65,"gml_id":"bldg_d6bf8310-bb29-426b-92ab-3235c1a9cbf8"},"geometry":{"type":"Polygon","coordinates":[[[139.6870916674185,35.7946044593051],[139.6870399693317,35.79464239208715],[139.6870376303769,35.794620744129574],[139.68708937423006,35.79458680890848],[139.6870916674185,35.7946044593051]]]}},{"type":"Feature","properties":{"height":18.67,"gml_id":"bldg_ceee5ade-a5da-47ab-bf40-692945c3fae6"},"geometry":{"type":"Polygon","coordinates":[[[139.68533136438214,35.7957899327712],[139.68533212685043,35.79583696183739],[139.68532702312956,35.795839991314246],[139.6853146114712,35.79584086927702],[139.68531627927533,35.79585908047686],[139.68527344616626,35.7958616849308],[139.6852745218751,35.795873435400374],[139.6852352272967,35.79587582336629],[139.68523696341236,35.79589477376123],[139.68511284574979,35.79590228953905],[139.68511040126424,35.795875772306545],[139.6851084656623,35.79585463948662],[139.68510417265102,35.795851842702],[139.68510041731963,35.7958037824018],[139.68510675657296,35.79579792330583],[139.6853217318871,35.79578485440512],[139.6853280793109,35.79578531830351],[139.68533136438214,35.7957899327712]]]}},{"type":"Feature","properties":{"height":10.9,"gml_id":"bldg_ebf5a290-0900-48bd-8120-910843f509bb"},"geometry":{"type":"Polygon","coordinates":[[[139.6852479785444,35.79478861267016],[139.68524662894356,35.79476110980149],[139.685323610306,35.79475588930341],[139.6853275608111,35.79483417584428],[139.68526289442414,35.794838626431655],[139.6852602857627,35.79478788601275],[139.6852479785444,35.79478861267016]]]}},{"type":"Feature","properties":{"height":10.42,"gml_id":"bldg_cd88d2bf-2cc9-494a-9cea-bf7f7bd6e649"},"geometry":{"type":"Polygon","coordinates":[[[139.68235520926322,35.79309041033323],[139.68234906851035,35.79302994249748],[139.6826635047619,35.79300875669608],[139.68266458555658,35.79301934805916],[139.68280200706084,35.793011151103805],[139.68281180298564,35.79312054989155],[139.68243378784362,35.79314604139458],[139.68243432104288,35.7931536738283],[139.68239025019597,35.79315570244342],[139.68238977828662,35.79314900839601],[139.6823613610356,35.793150906123884],[139.68235520926322,35.79309041033323]]]}},{"type":"Feature","properties":{"height":13.3,"gml_id":"bldg_b98c15c0-017e-4328-8d15-ceaed883aa3b"},"geometry":{"type":"Polygon","coordinates":[[[139.6818133754187,35.795676012183264],[139.68181532565447,35.79557242747388],[139.6818154485885,35.79556594960003],[139.6819212014407,35.79556728792737],[139.6819195717682,35.79565418177559],[139.68191494951938,35.79565412457762],[139.68191398651376,35.79570335710364],[139.68181282086434,35.79570587333055],[139.6818133754187,35.795676012183264]]]}},{"type":"Feature","properties":{"height":10.9,"gml_id":"bldg_abfce2c7-55f1-44ac-82de-df6ad1d36aa8"},"geometry":{"type":"Polygon","coordinates":[[[139.68256084358345,35.7944788543707],[139.68266229116065,35.794475602360606],[139.68266411557624,35.7945130766296],[139.6825544805303,35.7945165932874],[139.68255362315284,35.79447909499158],[139.68256084358345,35.7944788543707]]]}},{"type":"Feature","properties":{"height":10.72,"gml_id":"bldg_ceb24592-cd6d-4c0a-a41b-e03a10291307"},"geometry":{"type":"Polygon","coordinates":[[[139.6818087762128,35.79436318105729],[139.68172352213517,35.79436822663116],[139.68171660797165,35.79429111430242],[139.6818018630753,35.79428606783323],[139.6818087762128,35.79436318105729]]]}},{"type":"Feature","properties":{"height":9.91,"gml_id":"bldg_b094ae92-5222-41a7-8b73-de45cb5d1941"},"geometry":{"type":"Polygon","coordinates":[[[139.6820613059937,35.79354760158363],[139.6820151275335,35.793548958604696],[139.682015475044,35.79349812538223],[139.68198260968956,35.79346996898508],[139.68201585058108,35.7934441798193],[139.68201619533403,35.79339480047647],[139.68203834413967,35.793395874819446],[139.68206334917343,35.793397109587275],[139.6820627004256,35.79344520772381],[139.6820944458034,35.79347240364988],[139.68206198714321,35.79349758540745],[139.6820613059937,35.79354760158363]]]}},{"type":"Feature","properties":{"height":3.14,"gml_id":"bldg_c83806f1-754f-4c7f-9344-664cc3ac91dd"},"geometry":{"type":"Polygon","coordinates":[[[139.67997061800116,35.79424339337021],[139.67999724450215,35.79421675266313],[139.68003057464722,35.79423887652901],[139.68000394483093,35.794265517239154],[139.67997061800116,35.79424339337021]]]}},{"type":"Feature","properties":{"height":8.85,"gml_id":"bldg_cd50a604-6372-4aed-a617-ff1ce19e0f50"},"geometry":{"type":"Polygon","coordinates":[[[139.68503686363604,35.7922961672405],[139.6850360948573,35.79228896447234],[139.6850822976187,35.79228661302756],[139.68508766732526,35.79235588150654],[139.6849936529433,35.792360692362784],[139.6849904239715,35.79232716972119],[139.68498774757737,35.79229931637755],[139.68503686363604,35.7922961672405]]]}},{"type":"Feature","properties":{"height":9.07,"gml_id":"bldg_c3d7f6e4-946a-42bf-900c-5256aef16ace"},"geometry":{"type":"Polygon","coordinates":[[[139.67845167737104,35.79515661340468],[139.67850935036066,35.79514800944712],[139.67851360841303,35.795166977608524],[139.67851954797493,35.79519343457835],[139.67852611166055,35.795222672126044],[139.678468438617,35.79523127699275],[139.67845167737104,35.79515661340468]]]}},{"type":"Feature","properties":{"height":3.56,"gml_id":"bldg_acb920ae-0896-4464-b410-4066aa53cf39"},"geometry":{"type":"Polygon","coordinates":[[[139.6753922486796,35.79357312109624],[139.6754013291087,35.79352127993761],[139.67547610954296,35.79352998336095],[139.6754670291614,35.79358182452528],[139.6753922486796,35.79357312109624]]]}},{"type":"Feature","properties":{"height":11.15,"gml_id":"bldg_c6dc095f-4c5c-4f4b-a141-f9101da015e5"},"geometry":{"type":"Polygon","coordinates":[[[139.68272531396548,35.794513050545696],[139.68276628350114,35.794510954830834],[139.68276870966847,35.794542056378695],[139.68277071445905,35.79456780696242],[139.68267765436366,35.794572594663954],[139.68267591840132,35.79455038313067],[139.68267322347694,35.79451573982507],[139.68272531396548,35.794513050545696]]]}},{"type":"Feature","properties":{"height":3.49,"gml_id":"bldg_cc07bf28-078e-414b-bede-31435d80a798"},"geometry":{"type":"Polygon","coordinates":[[[139.67979970634636,35.79306744109119],[139.67980186984104,35.79304467925682],[139.679863581727,35.793048584285906],[139.67986141714348,35.79307134612001],[139.67979970634636,35.79306744109119]]]}},{"type":"Feature","properties":{"height":6.02,"gml_id":"bldg_c17fbf4d-8505-4526-94ee-f6223bac2e5f"},"geometry":{"type":"Polygon","coordinates":[[[139.68279591883737,35.79575629505021],[139.6827112511999,35.79576054706189],[139.68270365150005,35.795627552725044],[139.6827883212095,35.79562330072104],[139.68279591883737,35.79575629505021]]]}},{"type":"Feature","properties":{"height":8.98,"gml_id":"bldg_c01b4ae5-fee9-42e0-87fd-593d2ab0a666"},"geometry":{"type":"Polygon","coordinates":[[[139.68707164402954,35.796260204659795],[139.68707908390692,35.79636246326398],[139.68700611920548,35.79636599612784],[139.6870009022507,35.79626366000422],[139.6870004292098,35.79625434574152],[139.687062523339,35.79625225804738],[139.68706295389202,35.79626061231654],[139.68707164402954,35.796260204659795]]]}},{"type":"Feature","properties":{"height":7.26,"gml_id":"bldg_c8ad3588-518a-458d-a80a-e445284eb928"},"geometry":{"type":"Polygon","coordinates":[[[139.68358478294533,35.794398400093854],[139.68349907213147,35.79440220879904],[139.68349304485108,35.79431260851683],[139.6835787566736,35.79430880071838],[139.68358478294533,35.794398400093854]]]}},{"type":"Feature","properties":{"height":9.72,"gml_id":"bldg_c2c59744-a7a0-4c4c-856c-946c813c57f4"},"geometry":{"type":"Polygon","coordinates":[[[139.6871412203116,35.795973757964425],[139.68714365651968,35.79601482750082],[139.6869965551882,35.79602058848004],[139.68699409425398,35.795979167382775],[139.6869983142196,35.79597900126156],[139.68699725504422,35.79596111170762],[139.68702267883978,35.7959601096958],[139.68707016059963,35.79595825839721],[139.6870716997307,35.79598411650078],[139.68709263690977,35.795983293793896],[139.68709218622723,35.79597565968154],[139.68709157570365,35.795965293371815],[139.68711223956083,35.79596449556696],[139.68711285785807,35.79597484746441],[139.68713184990082,35.79597410711244],[139.6871412203116,35.795973757964425]]]}},{"type":"Feature","properties":{"height":4.78,"gml_id":"bldg_c9320beb-1311-4361-8937-249dba479fe5"},"geometry":{"type":"Polygon","coordinates":[[[139.68267340282492,35.79295200091849],[139.6826774087946,35.79300182648075],[139.68260786283884,35.7930055989218],[139.6826058532669,35.79298067035768],[139.68260381930443,35.792955769704804],[139.68267340282492,35.79295200091849]]]}},{"type":"Feature","properties":{"height":9.11,"gml_id":"bldg_c03e8c61-7e39-41c4-8360-e6fa8334d855"},"geometry":{"type":"Polygon","coordinates":[[[139.6828061055045,35.79269697574972],[139.6830986209001,35.792678141839886],[139.68310872128325,35.79278409150821],[139.6828150487897,35.79280266260071],[139.68281360396938,35.792785634213345],[139.68274898462,35.79278941560749],[139.6827452311804,35.79274704095503],[139.68274484771666,35.792742709468364],[139.68273771887652,35.792743157526694],[139.6827336872409,35.79270164421966],[139.6828061055045,35.79269697574972]]]}},{"type":"Feature","properties":{"height":3.38,"gml_id":"bldg_c197494a-2d8e-4451-8056-a656c8b55e84"},"geometry":{"type":"Polygon","coordinates":[[[139.67512355476643,35.79632295651723],[139.6751641520448,35.79631778207874],[139.67517106836343,35.79635385252578],[139.67513044450726,35.796359030537005],[139.67512355476643,35.79632295651723]]]}},{"type":"Feature","properties":{"height":12.23,"gml_id":"bldg_cc3c4616-b80b-4b8b-89de-2e91cc1c2672"},"geometry":{"type":"Polygon","coordinates":[[[139.68539255377956,35.79417725539007],[139.68539662727218,35.7942232339582],[139.68516522837282,35.7942367956343],[139.68516444148585,35.794228008266785],[139.68515855760378,35.79416147298538],[139.68536214329532,35.794149546404654],[139.68536474635738,35.794178865242806],[139.68539255377956,35.79417725539007]]]}},{"type":"Feature","properties":{"height":23.5,"gml_id":"bldg_e2dc14d4-fcda-4398-8cfb-b60c41827753"},"geometry":{"type":"Polygon","coordinates":[[[139.68491971939835,35.79385697327262],[139.68491482977436,35.79380561439803],[139.6849987111049,35.79379943096324],[139.68499777572973,35.79378959423481],[139.68515024921322,35.79378000795513],[139.68516758057993,35.793961991945814],[139.685015266378,35.793973194570874],[139.68500988487344,35.79391680103252],[139.68500766456003,35.79389353254545],[139.6849632733755,35.79389510742544],[139.68495555524032,35.79388816108144],[139.6849528805992,35.79388136247343],[139.68495744123695,35.793875229880875],[139.68496470978639,35.79386990103185],[139.6850052219096,35.79386786437973],[139.68500429521427,35.79385811869893],[139.68498097921722,35.79385874521837],[139.68498068550434,35.7938524858541],[139.68491971939835,35.79385697327262]]]}},{"type":"Feature","properties":{"height":9.76,"gml_id":"bldg_c0ca036a-5d04-4886-ade3-0dcb1062e49a"},"geometry":{"type":"Polygon","coordinates":[[[139.68233983043777,35.79251664309532],[139.6824043736227,35.792512664428514],[139.68246892670018,35.792508716385484],[139.682487224934,35.792706084515785],[139.68241991646136,35.79270913226279],[139.68241930932007,35.7927002360372],[139.6823617782563,35.79270281019284],[139.68235999696424,35.792676556018186],[139.68235468495573,35.79267686752644],[139.68235171636573,35.79264488375542],[139.68231229207694,35.792647040760954],[139.68230729146265,35.792586856474486],[139.68234614040585,35.79258471677516],[139.68233983043777,35.79251664309532]]]}},{"type":"Feature","properties":{"height":17.34,"gml_id":"bldg_be5abcf1-59c3-44a5-a131-a3875900082f"},"geometry":{"type":"Polygon","coordinates":[[[139.68587257226832,35.79456690813303],[139.68591852106812,35.794566186606964],[139.68592036234423,35.79462650836596],[139.68580685857964,35.79462633761024],[139.6858062600251,35.794603008035395],[139.68580538763473,35.7945680164082],[139.68587257226832,35.79456690813303]]]}},{"type":"Feature","properties":{"height":23.45,"gml_id":"bldg_e5b6cbee-8b7d-4218-bca8-890fc6ff412b"},"geometry":{"type":"Polygon","coordinates":[[[139.68324056641984,35.79497852478621],[139.68323854490785,35.79494628444387],[139.68323474060594,35.79488546805968],[139.6832318301989,35.7948387896235],[139.68323158224018,35.794834744939514],[139.6834451787678,35.79482590591859],[139.6834418698145,35.79477282287132],[139.68352219989816,35.79476953569699],[139.68352260408653,35.79477582043929],[139.68355734482202,35.794774418848874],[139.6835691003919,35.79496272990322],[139.68324056641984,35.79497852478621]]]}},{"type":"Feature","properties":{"height":8.9,"gml_id":"bldg_bf62c92a-6ec9-42eb-bf5c-b36226ad661c"},"geometry":{"type":"Polygon","coordinates":[[[139.68400389600498,35.792357926844005],[139.684011875319,35.79237357254401],[139.68395221011846,35.792394066435705],[139.6839284661349,35.7923481426854],[139.68398132644953,35.792329982972724],[139.68399698381984,35.79236026808989],[139.68400389600498,35.792357926844005]]]}},{"type":"Feature","properties":{"height":8.62,"gml_id":"bldg_d14e9569-3b3b-4465-9bdb-daaf2640752c"},"geometry":{"type":"Polygon","coordinates":[[[139.68670731131118,35.795727937021894],[139.686760862498,35.79572423465519],[139.68677151791186,35.79582600146225],[139.68673439704762,35.795828579148],[139.6867350950713,35.79583525272038],[139.6866928002272,35.795838178316856],[139.6866834507798,35.79574885628375],[139.68670931298072,35.79574706078019],[139.68670731131118,35.795727937021894]]]}},{"type":"Feature","properties":{"height":5.12,"gml_id":"bldg_ce5e24fd-245c-4849-8aa5-05d624e0cbeb"},"geometry":{"type":"Polygon","coordinates":[[[139.67549008539396,35.79525369653911],[139.67549848721964,35.795194857288735],[139.67552290974675,35.795197170671194],[139.67555088075812,35.79519983212094],[139.67554248229672,35.795258667773986],[139.67554532949472,35.79525894552185],[139.67550101710333,35.79556928650126],[139.6754064525509,35.79556031554746],[139.67543674946478,35.79534813253563],[139.67540117476113,35.79534475350963],[139.67541518841372,35.79524660459218],[139.67545076530303,35.7952499755047],[139.67549008539396,35.79525369653911]]]}},{"type":"Feature","properties":{"height":2.5,"gml_id":"bldg_e639d453-5032-4bf7-bc4b-1c68560ee476"},"geometry":{"type":"Polygon","coordinates":[[[139.67547166681987,35.79396557029506],[139.6755106122505,35.79380093145636],[139.67553721234123,35.79380511349652],[139.6754982680679,35.79396975324667],[139.67547166681987,35.79396557029506]]]}},{"type":"Feature","properties":{"height":7.54,"gml_id":"bldg_c233c673-50be-423f-9130-3a8474484640"},"geometry":{"type":"Polygon","coordinates":[[[139.6806151431956,35.79474300037667],[139.68060964302043,35.794691827142515],[139.68067805974678,35.79468695477485],[139.68068299583572,35.79473286698924],[139.6806890777697,35.79473267731395],[139.68069137535772,35.794789516895115],[139.6806763170324,35.7947900277739],[139.68067773282255,35.794813915446],[139.68066783029167,35.79481430487715],[139.68066820540608,35.79482063375814],[139.68056679797422,35.794824606120365],[139.68056457612278,35.79478719982058],[139.68056239414688,35.79475034790374],[139.68056904598618,35.794750086850314],[139.68056868442474,35.79474535157962],[139.6806151431956,35.79474300037667]]]}},{"type":"Feature","properties":{"height":22.66,"gml_id":"bldg_b6f8c9d8-14ad-431b-b81e-95d59655890a"},"geometry":{"type":"Polygon","coordinates":[[[139.6806549986855,35.794080522585205],[139.68071145028918,35.79407774867864],[139.68092053392016,35.79406749418687],[139.68097808854097,35.79406470983562],[139.68098736362614,35.794190123345395],[139.6808241250211,35.794198130446865],[139.68082612662857,35.79422521416204],[139.68080170426077,35.79422636485824],[139.68080093288367,35.794216081235],[139.68075765011824,35.79421816703567],[139.6807564064672,35.794201451653144],[139.68066427215484,35.79420593791961],[139.6806549986855,35.794080522585205]]]}},{"type":"Feature","properties":{"height":10.63,"gml_id":"bldg_a08deee3-51e0-4a4c-a9d0-af7f1828d4d4"},"geometry":{"type":"Polygon","coordinates":[[[139.68238375301547,35.794567076623615],[139.68238317665316,35.79455769551086],[139.68242710396817,35.79455592180271],[139.68243043682344,35.79461004507132],[139.6823492815271,35.79461333138164],[139.6823303284731,35.7946140791398],[139.68232899303098,35.79459249003889],[139.68232757089234,35.794569359514],[139.6823500313469,35.79456844850869],[139.68238375301547,35.794567076623615]]]}},{"type":"Feature","properties":{"height":8.57,"gml_id":"bldg_ca086878-20d5-4bce-84ca-e5ebebef7170"},"geometry":{"type":"Polygon","coordinates":[[[139.68407849867037,35.79229774050798],[139.68409140440937,35.79229385186058],[139.6840954558176,35.79230267303423],[139.68411314691406,35.79229729768117],[139.6841301354981,35.79233453567664],[139.68407385772753,35.79235156181586],[139.6840528487197,35.79230551259102],[139.68407849867037,35.79229774050798]]]}},{"type":"Feature","properties":{"height":11.55,"gml_id":"bldg_ce616f9e-da59-4038-a73d-f64bfd7e61f3"},"geometry":{"type":"Polygon","coordinates":[[[139.68148925217608,35.79238203997345],[139.68148977645325,35.792356512483686],[139.68149033282262,35.79232981687936],[139.68149085869263,35.792304614780235],[139.68154078483315,35.79230605418429],[139.68155120845182,35.792317126056425],[139.68154823026146,35.79238344844135],[139.68148925217608,35.79238203997345]]]}},{"type":"Feature","properties":{"height":15.85,"gml_id":"bldg_a42b5316-a941-4027-842d-6bd647d24586"},"geometry":{"type":"Polygon","coordinates":[[[139.68531189501013,35.79445715089303],[139.68530853580842,35.79441200695557],[139.6854216205841,35.79440647029317],[139.68543406894943,35.79457431949876],[139.68532544314263,35.79458189241147],[139.68531610828228,35.794456973104886],[139.68531189501013,35.79445715089303]]]}},{"type":"Feature","properties":{"height":3.3,"gml_id":"bldg_c3af9dda-a866-467f-96cd-2c624b19cc39"},"geometry":{"type":"Polygon","coordinates":[[[139.6800384623749,35.79303812722253],[139.68004935815864,35.79294384235644],[139.6800795075297,35.79294616301535],[139.68006861289106,35.79304044608294],[139.6800384623749,35.79303812722253]]]}},{"type":"Feature","properties":{"height":10.4,"gml_id":"bldg_c80d510d-89a8-4f83-bcc3-839e4c1c6138"},"geometry":{"type":"Polygon","coordinates":[[[139.6818069358208,35.79426732155909],[139.68180306592552,35.79421425668459],[139.68184196825783,35.794212391228555],[139.68184306694152,35.7942274975008],[139.681873248361,35.794226039275074],[139.68188302923807,35.794225585595164],[139.68188580275324,35.79426351986166],[139.6818069358208,35.79426732155909]]]}},{"type":"Feature","properties":{"height":13.6,"gml_id":"bldg_c263aeb7-1a1a-499c-8c40-5c427848cabb"},"geometry":{"type":"Polygon","coordinates":[[[139.67630710405797,35.795042469576906],[139.67662071239445,35.79507927448437],[139.6765608609682,35.795417862064404],[139.67630856006994,35.795388259577244],[139.67630382528046,35.79541504612983],[139.67628886641623,35.795413290585834],[139.67628387094777,35.795441546003424],[139.67572230435752,35.795375644238334],[139.67575896683422,35.795168231332866],[139.6757261877808,35.795164373842496],[139.67573783165335,35.79509849294241],[139.6757147331442,35.79509577392738],[139.6757195296694,35.79506862873895],[139.67574263261227,35.79507133964668],[139.6757445771504,35.79506034748342],[139.67584898560165,35.79507259847188],[139.67586352143877,35.794990412253036],[139.67624197513763,35.79503482034422],[139.67630710405797,35.795042469576906]]]}},{"type":"Feature","properties":{"height":6.88,"gml_id":"bldg_c38c191b-7539-4413-b082-8d1f6f629ff5"},"geometry":{"type":"Polygon","coordinates":[[[139.6821270822135,35.79311979625053],[139.6821227588883,35.79305897014753],[139.68220553564197,35.79305506949923],[139.68220510894082,35.79304904791792],[139.6822401678252,35.79304751010088],[139.6822458698801,35.793108833677024],[139.68223627485324,35.79310936693938],[139.68223664875003,35.79311464754114],[139.6821270822135,35.79311979625053]]]}},{"type":"Feature","properties":{"height":8.74,"gml_id":"bldg_a417ae1b-46e1-42f5-9d94-d5c19edd4782"},"geometry":{"type":"Polygon","coordinates":[[[139.68689911935033,35.796131357085166],[139.6869514469452,35.79612897903516],[139.6869519654817,35.796136406820445],[139.68700256479423,35.79613410776592],[139.68700670437786,35.7961940780586],[139.68688399832308,35.796199682005444],[139.6868810626069,35.796157166986916],[139.68690083608863,35.79615626267564],[139.68689911935033,35.796131357085166]]]}},{"type":"Feature","properties":{"height":8.12,"gml_id":"bldg_cb02385b-127b-4aaa-b7c4-db69493088a0"},"geometry":{"type":"Polygon","coordinates":[[[139.67853833183486,35.79467366069604],[139.67854092671033,35.79466712741924],[139.67854772968013,35.7946630990135],[139.6785561400971,35.794663099023765],[139.678562945146,35.79466712601833],[139.67856554787016,35.7946736596764],[139.67856295299478,35.79468019385511],[139.67855614891968,35.79468422135891],[139.6785477385005,35.79468422134862],[139.67854093455722,35.79468019435465],[139.67853833183486,35.79467366069604]]]}},{"type":"Feature","properties":{"height":9.17,"gml_id":"bldg_cef95b66-7d2e-4760-a540-6ef53299378d"},"geometry":{"type":"Polygon","coordinates":[[[139.6867121392699,35.796038772020395],[139.68671152077846,35.796032167047976],[139.68677438034712,35.79602827051763],[139.68677499675022,35.79603481058972],[139.6867816710629,35.796034408608975],[139.68678551664408,35.79607484802089],[139.68679687916304,35.796074148898455],[139.68679928771166,35.796099457337405],[139.68671575541524,35.79610471315337],[139.68671416853675,35.79608804428808],[139.6867055556429,35.79608857099187],[139.68670088626337,35.79603948298598],[139.6867121392699,35.796038772020395]]]}},{"type":"Feature","properties":{"height":8.61,"gml_id":"bldg_ce386c4d-227c-4164-a140-820afc48ea32"},"geometry":{"type":"Polygon","coordinates":[[[139.68413027001972,35.794453465004196],[139.68415081018804,35.794452354784426],[139.68431575217147,35.794443472767696],[139.6843212682017,35.7945046022115],[139.68415638031317,35.79451347889455],[139.68415498605506,35.794498233468445],[139.68413232947748,35.79449932664109],[139.68413027001972,35.794453465004196]]]}},{"type":"Feature","properties":{"height":7.02,"gml_id":"bldg_d49fefe2-fcc8-4786-91b8-132d2de72688"},"geometry":{"type":"Polygon","coordinates":[[[139.68497763996646,35.794383284912385],[139.68497589108796,35.794363513359905],[139.68525194929268,35.7943473246281],[139.68525757767551,35.79441089233137],[139.68496877392886,35.794427833303075],[139.6849659926437,35.79438376538429],[139.68497763996646,35.794383284912385]]]}},{"type":"Feature","properties":{"height":4.48,"gml_id":"bldg_a10fd373-66f5-4277-a10a-c359a06b3bdf"},"geometry":{"type":"Polygon","coordinates":[[[139.6790497996745,35.795156101544094],[139.67907255024252,35.79515344830557],[139.67908664789604,35.79523330559619],[139.67904115110605,35.79523862920545],[139.67902705349718,35.79515877190968],[139.6790497996745,35.795156101544094]]]}},{"type":"Feature","properties":{"height":7.67,"gml_id":"bldg_c0d61d3b-21a7-4999-b7bb-3b0b2aff4a0c"},"geometry":{"type":"Polygon","coordinates":[[[139.68294748347748,35.79500933550327],[139.6828248414245,35.7950146730966],[139.68282323339884,35.79499030028088],[139.68282151160503,35.79496406963249],[139.68281809265744,35.79491203741055],[139.6828845961571,35.79490914346956],[139.68288801959028,35.794961166681766],[139.6829142034426,35.79496002407527],[139.68291231160106,35.79493125500308],[139.6829422595273,35.79492995665834],[139.68294748347748,35.79500933550327]]]}},{"type":"Feature","properties":{"height":2.69,"gml_id":"bldg_cb2456ee-21f6-4634-8e2f-a160bc3af096"},"geometry":{"type":"Polygon","coordinates":[[[139.6835108143347,35.79245696989503],[139.68344238727877,35.79245961481711],[139.68343898422413,35.79240131459377],[139.68350741122848,35.792398670574855],[139.6835108143347,35.79245696989503]]]}},{"type":"Feature","properties":{"height":6.82,"gml_id":"bldg_a991d3b4-5440-4f1e-ae72-22765c11763c"},"geometry":{"type":"Polygon","coordinates":[[[139.6772447657265,35.79568974017969],[139.67739618498604,35.79567335174504],[139.67740131454434,35.79570481113071],[139.67740546755493,35.79570437485325],[139.67741757962781,35.79577816004045],[139.67726206113636,35.795795103822634],[139.6772447657265,35.79568974017969]]]}},{"type":"Feature","properties":{"height":16.73,"gml_id":"bldg_c2f5b698-217f-4281-900d-cafb02dc6b1f"},"geometry":{"type":"Polygon","coordinates":[[[139.68328120944076,35.795762774872195],[139.68329060603205,35.795704360854515],[139.68329508487082,35.79567653985326],[139.68330904956503,35.79558988671476],[139.68380709185956,35.79564317860613],[139.68378943243346,35.79575287391887],[139.68381807631303,35.79575627068853],[139.68381397715854,35.79577935376508],[139.68380103231218,35.79577782519568],[139.68379482457468,35.79581264127368],[139.6838136446406,35.795814520565635],[139.68380520117051,35.795871069105466],[139.68327747319756,35.795818712723445],[139.68328575008405,35.79576328349397],[139.68328120944076,35.795762774872195]]]}},{"type":"Feature","properties":{"height":4.28,"gml_id":"bldg_c98eac10-cabe-4f23-a408-86430e5053a1"},"geometry":{"type":"Polygon","coordinates":[[[139.6843793837286,35.793244017153434],[139.68440821713446,35.79324260980066],[139.68441243983793,35.793299602238335],[139.68435568576322,35.793302383818336],[139.68435146310182,35.79324539047744],[139.6843793837286,35.793244017153434]]]}},{"type":"Feature","properties":{"height":17.94,"gml_id":"bldg_c84fc3c2-6e58-44f1-888a-dc5503c448bf"},"geometry":{"type":"Polygon","coordinates":[[[139.68453782407727,35.79439974639237],[139.68453521147322,35.79436917734809],[139.68463815386906,35.794363350352434],[139.68464084349043,35.794394763157015],[139.68473523930936,35.794390196418],[139.68473207441147,35.79435317480423],[139.684839370612,35.794347133987934],[139.68485522691003,35.7945610835998],[139.68434819742743,35.794582946105145],[139.6843354685497,35.794409534187665],[139.68453782407727,35.79439974639237]]]}},{"type":"Feature","properties":{"height":8.42,"gml_id":"bldg_ecb4f51a-68db-4a1c-8ff1-b3eb3c7b0363"},"geometry":{"type":"Polygon","coordinates":[[[139.68681543406836,35.79547568798082],[139.68681434899707,35.79546289013955],[139.68693007910468,35.795453263138484],[139.68693074323787,35.79545851613538],[139.68693700265123,35.79545809651503],[139.68694305899334,35.79551591130942],[139.68684981020627,35.795522371315684],[139.68684901204728,35.79551479536655],[139.6868189017326,35.79551647666014],[139.68681543406836,35.79547568798082]]]}},{"type":"Feature","properties":{"height":8.88,"gml_id":"bldg_cbd26c6a-7eb1-4c79-acd7-04964d6862cf"},"geometry":{"type":"Polygon","coordinates":[[[139.68688285269383,35.79596303922321],[139.6869822149815,35.79595820095818],[139.68698693893927,35.79602226411015],[139.6868584235388,35.796028527060756],[139.68685537738338,35.79598832658209],[139.68688460681855,35.79598685963031],[139.68688285269383,35.79596303922321]]]}},{"type":"Feature","properties":{"height":4.95,"gml_id":"bldg_c380d2a4-b3cb-41cd-8ec8-72f0973acd85"},"geometry":{"type":"Polygon","coordinates":[[[139.68644474605102,35.79526691933191],[139.6864092959353,35.795269546730594],[139.6864028618522,35.79521221006467],[139.6864521576014,35.79520855220904],[139.68645555919701,35.7952388445551],[139.68644171353475,35.795239874112866],[139.68644474605102,35.79526691933191]]]}},{"type":"Feature","properties":{"height":11.13,"gml_id":"bldg_cd0a35cf-3c4e-4897-b07b-442ac1d9ae57"},"geometry":{"type":"Polygon","coordinates":[[[139.68257319369815,35.79251791388177],[139.68264096686346,35.792514169884306],[139.6827132829493,35.792510210707576],[139.68272704926648,35.79267588962701],[139.68266933014837,35.792679054081276],[139.68266791834137,35.79266213659975],[139.68262941934987,35.792664658114376],[139.68262688318495,35.792639137600894],[139.68258346580362,35.79264151322635],[139.68258216004213,35.79262586227924],[139.68255834258272,35.792627415194104],[139.68255442767003,35.792588000379126],[139.68257888135744,35.79258638967466],[139.68257319369815,35.79251791388177]]]}},{"type":"Feature","properties":{"height":11.78,"gml_id":"bldg_fd8b685e-77c9-4c47-b8e8-981dfe2a2307"},"geometry":{"type":"Polygon","coordinates":[[[139.68282046723732,35.79327097869767],[139.68261370012078,35.793280188422244],[139.68260536037036,35.79313915392042],[139.6828110979237,35.793131873621064],[139.68282046723732,35.79327097869767]]]}},{"type":"Feature","properties":{"height":10.31,"gml_id":"bldg_c645de29-0c76-4fbf-ad36-3385044a4df4"},"geometry":{"type":"Polygon","coordinates":[[[139.68455084895933,35.79246204336339],[139.68458959706913,35.79246051843917],[139.68459209200148,35.79250196849377],[139.68460273008165,35.79250149492144],[139.6846041720189,35.79252205388921],[139.6845545961013,35.792524328868055],[139.68455431902845,35.79251984609102],[139.68452634275195,35.79252094267153],[139.6845234336766,35.79247259494119],[139.6845514155013,35.79247148034112],[139.68455084895933,35.79246204336339]]]}},{"type":"Feature","properties":{"height":9.4,"gml_id":"bldg_f109d1a9-cb7a-415c-a3ef-8acb52b13f70"},"geometry":{"type":"Polygon","coordinates":[[[139.6874208671394,35.79616816179638],[139.68741466155933,35.79609735834463],[139.6874138693878,35.796088290666866],[139.68749982782657,35.79608427216298],[139.68750545911175,35.79614850675001],[139.68748932993873,35.796149444424536],[139.68749044355766,35.796164847205056],[139.6874208671394,35.79616816179638]]]}},{"type":"Feature","properties":{"height":8.88,"gml_id":"bldg_fb8dac34-4bbd-444d-b197-67c093a7f719"},"geometry":{"type":"Polygon","coordinates":[[[139.68687102749018,35.79503185430196],[139.68686691014003,35.794988189510775],[139.6868625987371,35.79494235672682],[139.68706385957023,35.79492980160075],[139.68707229187007,35.79501929736384],[139.68687102749018,35.79503185430196]]]}},{"type":"Feature","properties":{"height":10.9,"gml_id":"bldg_c2291753-17be-4351-863d-1986278c3e56"},"geometry":{"type":"Polygon","coordinates":[[[139.68255218180354,35.794630068146496],[139.68262547809113,35.794627721876005],[139.68262768583136,35.79467311051145],[139.68253105641864,35.79467620719255],[139.68252904123125,35.79463082150098],[139.68255218180354,35.794630068146496]]]}},{"type":"Feature","properties":{"height":20.53,"gml_id":"bldg_d79ef6c5-c543-4250-972e-a9d1036d5acb"},"geometry":{"type":"Polygon","coordinates":[[[139.68590948861808,35.79297013631718],[139.68590417883595,35.79294228697865],[139.68603082671314,35.79294598992511],[139.6860373673893,35.79302625630957],[139.6860206275451,35.793040104937596],[139.68602931318904,35.793129464104986],[139.68591798299497,35.79313662593068],[139.68591679610284,35.79312454272546],[139.68591665169933,35.793123060722316],[139.6858911048443,35.79312468428521],[139.68588773574686,35.793090138462794],[139.6859132903834,35.79308848877088],[139.685911794277,35.79307311073723],[139.68589232591933,35.793073943153026],[139.68589017094098,35.793035541924965],[139.68580645959673,35.79304001181652],[139.68579978909946,35.79295768296249],[139.6858861314433,35.79295307298643],[139.6858876751733,35.79297201232914],[139.68590948861808,35.79297013631718]]]}},{"type":"Feature","properties":{"height":14.79,"gml_id":"bldg_c3900fed-053d-417a-bce6-2cbbc9e0444e"},"geometry":{"type":"Polygon","coordinates":[[[139.6758188054061,35.793908356026925],[139.67584273084984,35.79381365237463],[139.67797230582335,35.794170682822354],[139.67792567594037,35.79435535953212],[139.67623315503212,35.79407162402053],[139.67622256877198,35.794114208169425],[139.67610924169517,35.794095496656894],[139.6761198916192,35.79405263588554],[139.67579609514777,35.793998328256144],[139.6758188054061,35.793908356026925]]]}},{"type":"Feature","properties":{"height":3.14,"gml_id":"bldg_c6e24643-8817-458e-ad3b-9b85fdc6a8ba"},"geometry":{"type":"Polygon","coordinates":[[[139.67840792057459,35.79457277907223],[139.6783831648026,35.79457463100195],[139.6783807349422,35.79455314951178],[139.67840549181045,35.794551299386676],[139.67840792057459,35.79457277907223]]]}},{"type":"Feature","properties":{"height":13.84,"gml_id":"bldg_c68c07d1-2a8f-4bf7-aa9a-85bad9925379"},"geometry":{"type":"Polygon","coordinates":[[[139.67641519712427,35.794979672771085],[139.67635451108308,35.79497271352486],[139.6763476411996,35.79501294008221],[139.6757821523579,35.794948106085414],[139.67580068309792,35.79484077643783],[139.67581668106698,35.79474817338965],[139.67585030410103,35.794752027454024],[139.67585770342612,35.794707682430584],[139.6759203165165,35.7947146192125],[139.67592402352756,35.79469291766548],[139.67604686502222,35.79470705300625],[139.67604864241085,35.79469664289317],[139.67639494683343,35.794735912190994],[139.6763885738911,35.79477324875961],[139.67656673178624,35.79479297474809],[139.67656861705288,35.794781681441414],[139.67667436721652,35.79479339265052],[139.67766785119986,35.79490346552495],[139.6776700326113,35.794890574484306],[139.67780312672008,35.794905539732966],[139.6778009833652,35.79491821540171],[139.6782252499018,35.79496522192604],[139.67822915500597,35.794944882509114],[139.6782493872708,35.79494746935217],[139.67824555031544,35.794967470850004],[139.67838973821608,35.79498346648497],[139.6783591875304,35.79516066749901],[139.6783613477374,35.79516092176093],[139.6783622993334,35.79515458466836],[139.67841707612124,35.79516012016276],[139.67840719041652,35.7952259044408],[139.67652920205853,35.7950178117538],[139.67653330403797,35.79499321645736],[139.67647000094823,35.794985957311205],[139.67646353572118,35.79502128284182],[139.6764088023052,35.7950146261316],[139.67641519712427,35.794979672771085]]]}},{"type":"Feature","properties":{"height":20.56,"gml_id":"bldg_c0674eb6-d8eb-4706-ba2e-c41d2f22a183"},"geometry":{"type":"Polygon","coordinates":[[[139.68591718459894,35.79261829676011],[139.68603786866367,35.79261135190119],[139.6860514301235,35.79261061227691],[139.68607124379005,35.79282550675322],[139.68591095637572,35.79283674401748],[139.68590802909213,35.79280318481709],[139.6859077841146,35.79280045070964],[139.68587479645524,35.792802575312535],[139.68587171439464,35.792771362146055],[139.68590507165163,35.79276918301457],[139.68590417683112,35.792758898368135],[139.685893560888,35.79263657700227],[139.68591864592327,35.792635132241855],[139.68591718459894,35.79261829676011]]]}},{"type":"Feature","properties":{"height":3.75,"gml_id":"bldg_c2baab26-a752-4437-bb7d-33096dc4156b"},"geometry":{"type":"Polygon","coordinates":[[[139.67879908030153,35.79416338638562],[139.67883674917414,35.79415577418599],[139.6788391149539,35.79416355140253],[139.67890134409217,35.794150990757174],[139.67890515990348,35.79416353889794],[139.67880525855708,35.794183710841125],[139.67879908030153,35.79416338638562]]]}},{"type":"Feature","properties":{"height":12.33,"gml_id":"bldg_cc4957ad-ab31-42b8-92f3-eb1bcd301a36"},"geometry":{"type":"Polygon","coordinates":[[[139.6835890343724,35.794226933630824],[139.68358140910127,35.79415403164519],[139.6835777900155,35.79411938360075],[139.68366006357095,35.79411416444822],[139.68367126022133,35.794221254720966],[139.6835890343724,35.794226933630824]]]}},{"type":"Feature","properties":{"height":10.88,"gml_id":"bldg_c80d0872-9bc3-486b-ba4c-546d37b08f42"},"geometry":{"type":"Polygon","coordinates":[[[139.68580938595917,35.79306148115454],[139.68581026031381,35.793071461118366],[139.68586781718597,35.7930681768804],[139.68587440650825,35.793144185334924],[139.68565787415415,35.793156604350564],[139.6856496332072,35.7930615130914],[139.68573349347244,35.79305669556921],[139.68573245617878,35.793042700773675],[139.68578239887938,35.79304026261472],[139.68578409061254,35.793062912113506],[139.68580938595917,35.79306148115454]]]}},{"type":"Feature","properties":{"height":5.09,"gml_id":"bldg_0abe1db1-8561-49ba-b109-1602f11d84c8"},"geometry":{"type":"Polygon","coordinates":[[[139.67768932348298,35.793542323786646],[139.6776954319809,35.793505207630005],[139.67786649558974,35.793523914797156],[139.67786038717165,35.79356103006122],[139.67768932348298,35.793542323786646]]]}},{"type":"Feature","properties":{"height":9.63,"gml_id":"bldg_f2fc6d80-763c-4afe-b401-654eb005cc07"},"geometry":{"type":"Polygon","coordinates":[[[139.68339371342344,35.794603512920155],[139.68340308032046,35.79460319019809],[139.68340663440432,35.794667700015886],[139.6833169580561,35.7946709754527],[139.6833173888241,35.7946766482097],[139.68307100505749,35.79468903522571],[139.68306717143517,35.79463857715519],[139.68306338221697,35.794588629305906],[139.68330976016503,35.79457623058009],[139.68336229419594,35.79457360467298],[139.68336256166003,35.79457845879694],[139.6833922744882,35.79457738087834],[139.68339371342344,35.794603512920155]]]}},{"type":"Feature","properties":{"height":10.38,"gml_id":"bldg_c5d17235-40f8-4a34-9334-6e6cfbffac7f"},"geometry":{"type":"Polygon","coordinates":[[[139.68129925164556,35.793906865646136],[139.68129592503607,35.79386846556624],[139.68138105355786,35.79386343726161],[139.6813849499856,35.79390705870111],[139.68137972418867,35.79390736847237],[139.68138560911294,35.79397575982679],[139.68130568954714,35.793981128221496],[139.68129925164556,35.793906865646136]]]}},{"type":"Feature","properties":{"height":5.41,"gml_id":"bldg_f468f936-8562-40b8-acd0-563a442caf2d"},"geometry":{"type":"Polygon","coordinates":[[[139.6842065986543,35.793776669949466],[139.68422702197105,35.793775833583005],[139.68422960569615,35.79381705029531],[139.68418944167277,35.79381870945058],[139.68418685686206,35.793777492736126],[139.6842065986543,35.793776669949466]]]}},{"type":"Feature","properties":{"height":8.68,"gml_id":"bldg_db6719d5-59d2-4259-80f5-d47a4e0aaa84"},"geometry":{"type":"Polygon","coordinates":[[[139.68666767553842,35.79631277075813],[139.68666490214764,35.796292157023416],[139.68666225222015,35.79627239071156],[139.6866723228945,35.79627149533271],[139.68669079889523,35.796269850363416],[139.68670817608503,35.79626830860835],[139.6867180265227,35.79626745081395],[139.68671912236775,35.79627558596525],[139.68675698723516,35.79627223312617],[139.6867581955166,35.796281197659496],[139.6867887604987,35.79627849570214],[139.6867944676001,35.79632101950778],[139.68675729983588,35.796324310113654],[139.68675595729061,35.79631435482909],[139.68672187347238,35.796317371566616],[139.68672125673936,35.796312818978855],[139.68669736089942,35.79631492694837],[139.68669672125054,35.796310202174],[139.68666767553842,35.79631277075813]]]}},{"type":"Feature","properties":{"height":7.65,"gml_id":"bldg_ec88298d-ce69-45da-b46d-0fe2e7ecf227"},"geometry":{"type":"Polygon","coordinates":[[[139.68524075949472,35.793380374372525],[139.68535598353353,35.79337663770393],[139.68536176124059,35.79349453380864],[139.685163445783,35.793500970429655],[139.68515767056772,35.79338308152977],[139.68524075949472,35.793380374372525]]]}},{"type":"Feature","properties":{"height":4.51,"gml_id":"bldg_d085b746-bd24-4cef-82d2-f74ec63aac35"},"geometry":{"type":"Polygon","coordinates":[[[139.67937385687034,35.795355847678024],[139.67915548067356,35.795384459850155],[139.67914027219348,35.79530744221175],[139.67935864818304,35.795278830967696],[139.67937385687034,35.795355847678024]]]}},{"type":"Feature","properties":{"height":8.46,"gml_id":"bldg_ca9d607e-ae81-4659-9d52-72da5a87d3bf"},"geometry":{"type":"Polygon","coordinates":[[[139.68156992493113,35.79442629547377],[139.68156654147268,35.79439618508396],[139.6815632027475,35.79436640554721],[139.6815617590939,35.79435354410979],[139.6816469082956,35.794347212286375],[139.68165507420468,35.79441996634889],[139.68156992493113,35.79442629547377]]]}},{"type":"Feature","properties":{"height":3.97,"gml_id":"bldg_c5427a7d-53cd-4085-808b-8b5c52d096ab"},"geometry":{"type":"Polygon","coordinates":[[[139.68654375450785,35.79269235961385],[139.68654296978545,35.79268472689026],[139.68661196273257,35.792680020398834],[139.68662003745243,35.79275841290966],[139.68660358999165,35.79275953755998],[139.68660587249423,35.792781710953086],[139.68640310560917,35.79279556053141],[139.68639844717043,35.79275034652074],[139.686390489556,35.79275088301696],[139.68638597245845,35.79270702120944],[139.68639935503063,35.79270610646461],[139.68639895830992,35.792702258098956],[139.6864408343923,35.79269934831523],[139.68653752857674,35.79269273689142],[139.68654375450785,35.79269235961385]]]}},{"type":"Feature","properties":{"height":3.11,"gml_id":"bldg_c25b4bee-563b-471c-b059-96424da2d6e9"},"geometry":{"type":"Polygon","coordinates":[[[139.68150583472863,35.79388366713724],[139.68148874820943,35.79388442162666],[139.6814869536393,35.793857724862995],[139.6815040412626,35.79385696857252],[139.68150583472863,35.79388366713724]]]}},{"type":"Feature","properties":{"height":4.81,"gml_id":"bldg_c2662df4-ae4b-4927-a4e8-3f47bf49831f"},"geometry":{"type":"Polygon","coordinates":[[[139.6864172534939,35.79521088012632],[139.68639939147673,35.79504261520777],[139.68646764619794,35.79503857850843],[139.68648013374866,35.7951773598806],[139.68645380084328,35.79520778175619],[139.6864172534939,35.79521088012632]]]}},{"type":"Feature","properties":{"height":17.26,"gml_id":"bldg_ebc2298e-2031-4e08-9905-405afb87974c"},"geometry":{"type":"Polygon","coordinates":[[[139.68391034840764,35.79398606976081],[139.68390658661815,35.793944251277274],[139.68391228708282,35.79394391043868],[139.68391080774038,35.7939274579897],[139.6839871144625,35.79392291712822],[139.68398974922061,35.793952169335824],[139.68398112881593,35.79395268501933],[139.68398172598995,35.79395931972603],[139.68400225398486,35.79395814461878],[139.684010588784,35.79406829951766],[139.68400001565897,35.79406882990318],[139.6840027426672,35.7941079123901],[139.68390688480522,35.79411235144951],[139.68390922068153,35.79414168260565],[139.68377828955678,35.79414857201763],[139.68377498656048,35.79411464094849],[139.68377164791093,35.79408025465099],[139.68376772634093,35.79403990336928],[139.6837634195424,35.793995541484385],[139.68391034840764,35.79398606976081]]]}},{"type":"Feature","properties":{"height":22.75,"gml_id":"bldg_f16e3a1b-54d3-4211-8f2d-22878576874d"},"geometry":{"type":"Polygon","coordinates":[[[139.68714529503228,35.79453867881423],[139.68713024282775,35.794405444914126],[139.68712581645988,35.79436613779753],[139.68778839659853,35.79432156027793],[139.68785245934822,35.79495385462629],[139.68778803456627,35.79495749023744],[139.68779876257005,35.79507835764434],[139.68770447051372,35.795083912993924],[139.68771188773124,35.795151683052026],[139.68759494544742,35.79516017903978],[139.6876036864981,35.79524451759076],[139.68732394603842,35.79526246308229],[139.68731733596178,35.79519876629845],[139.6873143462658,35.79516992565601],[139.6872047242326,35.79517682664529],[139.68718790996476,35.794999783928226],[139.6871464470754,35.79500236637928],[139.68712694129724,35.7947969051965],[139.68714116172265,35.794795985980485],[139.68713615960422,35.7947532872736],[139.6871263992721,35.79475398116584],[139.68710238528274,35.794544886539455],[139.68714564566162,35.79454174294237],[139.68714529503228,35.79453867881423]]]}},{"type":"Feature","properties":{"height":21.54,"gml_id":"bldg_f4d8abce-f2e0-4233-bf07-5a1ad7e6f8d8"},"geometry":{"type":"Polygon","coordinates":[[[139.67616046737652,35.795824575398534],[139.67563501613006,35.79576550491879],[139.67564751293654,35.79568966249204],[139.67567292156306,35.79569244493972],[139.67569432068538,35.79556419596276],[139.67579893552798,35.79550304463474],[139.6761644148757,35.7955431148806],[139.6761615485415,35.795560412615934],[139.67629720134317,35.79557539369172],[139.67628667969987,35.79563902903256],[139.6763169242513,35.79564235576851],[139.676285306937,35.79583344199149],[139.67616127333076,35.79581981460127],[139.67616046737652,35.795824575398534]]]}},{"type":"Feature","properties":{"height":5.89,"gml_id":"bldg_caa59d7e-089e-45fd-a1ee-cc617f4f775a"},"geometry":{"type":"Polygon","coordinates":[[[139.6840617966984,35.79434152470713],[139.6840590114761,35.794306337802226],[139.6840555683253,35.794262688169965],[139.68426036585308,35.79425195835243],[139.68426659332138,35.79433079487826],[139.6840617966984,35.79434152470713]]]}},{"type":"Feature","properties":{"height":9.71,"gml_id":"bldg_c364ef15-4be0-4b02-a8ce-1ee387c41925"},"geometry":{"type":"Polygon","coordinates":[[[139.68207507856397,35.795698203118775],[139.68205414287,35.79548813794241],[139.68204764388906,35.79542290601053],[139.68204388952842,35.79538523642017],[139.6823954294861,35.795361999667406],[139.68242662098965,35.79567497078752],[139.68207507856397,35.795698203118775]]]}},{"type":"Feature","properties":{"height":6.42,"gml_id":"bldg_f49591eb-8212-4980-a3ed-bbfac4d9cc37"},"geometry":{"type":"Polygon","coordinates":[[[139.68365991973502,35.7941135810932],[139.68361924159464,35.79411615879877],[139.68361750096327,35.794098070965404],[139.68365818019907,35.79409549416314],[139.68365991973502,35.7941135810932]]]}},{"type":"Feature","properties":{"height":8.25,"gml_id":"bldg_c04748db-112e-437c-b3b1-d8df48f09c62"},"geometry":{"type":"Polygon","coordinates":[[[139.68742241908706,35.796374057184615],[139.68742905770847,35.79643010509838],[139.6873673821791,35.79643493180205],[139.68736626965025,35.79642559783624],[139.68732667935498,35.79642864862109],[139.6873191964066,35.79636547627883],[139.68737958499761,35.796360749890546],[139.6873803074294,35.79636681327189],[139.68741685911453,35.79636463850291],[139.68741774516576,35.7963744012378],[139.68742241908706,35.796374057184615]]]}},{"type":"Feature","properties":{"height":5.84,"gml_id":"bldg_c95c961b-0fb0-438d-a9c1-d94db90cb377"},"geometry":{"type":"Polygon","coordinates":[[[139.68639673654195,35.79317055211135],[139.68622861387254,35.793182790640586],[139.68622259573365,35.79312803142561],[139.6863907205012,35.7931157929071],[139.68639673654195,35.79317055211135]]]}},{"type":"Feature","properties":{"height":8.24,"gml_id":"bldg_c0866717-2236-46fb-8c1e-d1e10ce7c402"},"geometry":{"type":"Polygon","coordinates":[[[139.67520637526158,35.79381010862805],[139.6752137575543,35.793780080719564],[139.675216262551,35.79376989510987],[139.67523131594461,35.79377235216498],[139.6752374144741,35.79374755672862],[139.67551157628122,35.79379232839794],[139.6754643443831,35.793984394469256],[139.6754078323406,35.79397516340551],[139.67541010090414,35.79396592390305],[139.67516506659217,35.79392591611982],[139.67517082946978,35.79390247227672],[139.67517871479504,35.793870398058026],[139.67517317057664,35.793869478595425],[139.67518528408326,35.79382020309303],[139.6751654440431,35.79381695826201],[139.67516864057018,35.79380394781876],[139.67520637526158,35.79381010862805]]]}},{"type":"Feature","properties":{"height":2.85,"gml_id":"bldg_b32bfa8a-d399-4ff9-ab9d-86b24c049559"},"geometry":{"type":"Polygon","coordinates":[[[139.68263283236757,35.7952544234375],[139.682598620164,35.795255866885284],[139.68259713612701,35.79523265877201],[139.68263135053334,35.7952312153274],[139.68263283236757,35.7952544234375]]]}},{"type":"Feature","properties":{"height":7.62,"gml_id":"bldg_ce2ac7fb-53f5-4877-b47c-05403ad0b360"},"geometry":{"type":"Polygon","coordinates":[[[139.68706198187874,35.79487136815331],[139.68684745191635,35.794886808569615],[139.68684058961682,35.79482754160287],[139.68705512163385,35.79481210120097],[139.68706198187874,35.79487136815331]]]}},{"type":"Feature","properties":{"height":8.47,"gml_id":"bldg_aa8b7c48-7b98-49dd-9370-b77efe1f31f7"},"geometry":{"type":"Polygon","coordinates":[[[139.68749577814583,35.79601910118417],[139.68749935005653,35.796055718502316],[139.68735793807897,35.796064840760906],[139.68735288280803,35.796012989662195],[139.68744359964788,35.796007145424795],[139.6874450875515,35.79602235937594],[139.68749577814583,35.79601910118417]]]}},{"type":"Feature","properties":{"height":16.29,"gml_id":"bldg_d9dc3140-7879-4524-8989-647219d75bf5"},"geometry":{"type":"Polygon","coordinates":[[[139.68591126446222,35.79349232445102],[139.68602522165125,35.79348751748356],[139.68602878303784,35.79354319938593],[139.68587535675815,35.79354962816909],[139.68587045109476,35.79349405277627],[139.68591126446222,35.79349232445102]]]}},{"type":"Feature","properties":{"height":2.88,"gml_id":"bldg_c3442ea2-1285-4879-b3f3-4842570428f4"},"geometry":{"type":"Polygon","coordinates":[[[139.67513044450726,35.796359030537005],[139.67513125995617,35.79636235039333],[139.67503104284228,35.79637921080617],[139.67502247144975,35.79634537713412],[139.67512268852292,35.79632851672824],[139.67513044450726,35.796359030537005]]]}},{"type":"Feature","properties":{"height":8.25,"gml_id":"bldg_c3f162ca-a411-495d-97d3-16171971a3c8"},"geometry":{"type":"Polygon","coordinates":[[[139.68092188900295,35.79388103733272],[139.68096283158698,35.79387842572185],[139.68097572835183,35.79401158915966],[139.68089534337136,35.794016740366835],[139.68088244673987,35.793883576920855],[139.68092188900295,35.79388103733272]]]}},{"type":"Feature","properties":{"height":3.45,"gml_id":"bldg_93f4f7d9-989b-4a13-8e82-0ebb7f033145"},"geometry":{"type":"Polygon","coordinates":[[[139.67755286164774,35.79214379637062],[139.67758178505656,35.792134107326476],[139.67758795539058,35.79214634669416],[139.67755903197983,35.79215603483841],[139.67755286164774,35.79214379637062]]]}},{"type":"Feature","properties":{"height":10.77,"gml_id":"bldg_d14be895-6f29-4152-8f2e-8f7c7959a38d"},"geometry":{"type":"Polygon","coordinates":[[[139.68197477284332,35.794750865007565],[139.68188363901382,35.79475603489019],[139.6818722313291,35.794623207842356],[139.6819633650059,35.79461803886925],[139.68197477284332,35.794750865007565]]]}},{"type":"Feature","properties":{"height":2.5,"gml_id":"bldg_c61a7c01-f8d8-4dbb-94b9-b09d61837173"},"geometry":{"type":"Polygon","coordinates":[[[139.6790742697169,35.79429703555619],[139.67909306252903,35.79429273767295],[139.67910617533514,35.79433084119824],[139.67908738030553,35.794335137277926],[139.6790742697169,35.79429703555619]]]}},{"type":"Feature","properties":{"height":13.44,"gml_id":"bldg_c7e899d5-57ac-4f1f-9fb0-28df7f5fd853"},"geometry":{"type":"Polygon","coordinates":[[[139.68178992715843,35.79232984150382],[139.68185588896733,35.792325038377285],[139.68187998752293,35.79254378231313],[139.68187568211883,35.792544171683225],[139.68187936095856,35.792574305880926],[139.68166918544142,35.7925913163191],[139.68165438539214,35.792470110590095],[139.6817320823148,35.79233407615887],[139.68178992715843,35.79232984150382]]]}},{"type":"Feature","properties":{"height":4.51,"gml_id":"bldg_cf250af8-a98f-4cdf-9ac8-dbff90110953"},"geometry":{"type":"Polygon","coordinates":[[[139.67982442748394,35.794504673336334],[139.67984553326576,35.79448389883713],[139.67995411261134,35.79455711555111],[139.67991190324264,35.794598677205094],[139.67980332498414,35.79452546135624],[139.67982442748394,35.794504673336334]]]}},{"type":"Feature","properties":{"height":4.28,"gml_id":"bldg_cb6f2c14-1cb1-4d5b-b5d8-c73db7628fb5"},"geometry":{"type":"Polygon","coordinates":[[[139.67592916695227,35.79409266786479],[139.67594028511758,35.79404130795601],[139.67596716582264,35.79404518110397],[139.67595604988847,35.79409654011681],[139.67592916695227,35.79409266786479]]]}},{"type":"Feature","properties":{"height":4.13,"gml_id":"bldg_c24617ee-fc5b-4bdb-8748-07d2d6cd397d"},"geometry":{"type":"Polygon","coordinates":[[[139.68116778469488,35.794914427343045],[139.68114013071073,35.79491603911642],[139.68113585740207,35.79486762109604],[139.68116351026316,35.79486600932219],[139.68116778469488,35.794914427343045]]]}},{"type":"Feature","properties":{"height":8.48,"gml_id":"bldg_c3899e00-b900-46ce-9a52-d81cb2c5b0aa"},"geometry":{"type":"Polygon","coordinates":[[[139.67605681854647,35.79346081730068],[139.67608345353258,35.793335500848556],[139.67626481710994,35.79336109298191],[139.67626948216213,35.79333876713102],[139.6763193792481,35.79334569430547],[139.67631469297123,35.79336813099712],[139.6763679266776,35.7933756601062],[139.67634129322883,35.79350097752439],[139.67605681854647,35.79346081730068]]]}},{"type":"Feature","properties":{"height":7.97,"gml_id":"bldg_d9ae2b06-e378-4110-a468-b6cef4431a7c"},"geometry":{"type":"Polygon","coordinates":[[[139.68483452777423,35.79280431552122],[139.6849022746437,35.79279693956266],[139.68491400367188,35.79289339802911],[139.68482129074087,35.792904177319954],[139.68481160580617,35.7928258187575],[139.68483452777423,35.79280431552122]]]}},{"type":"Feature","properties":{"height":1.49,"gml_id":"bldg_25bd0885-c727-46ce-8a70-023abae34177"},"geometry":{"type":"Polygon","coordinates":[[[139.67781238122035,35.792375611761166],[139.6778183006959,35.79236559365571],[139.67783160005138,35.792363120414244],[139.6778422679766,35.79237005300383],[139.6778422684453,35.792381170305724],[139.677831603381,35.79238810054567],[139.67781830259446,35.792385628055406],[139.67781238122035,35.792375611761166]]]}},{"type":"Feature","properties":{"height":8.95,"gml_id":"bldg_c6d40c91-804b-40ef-bfd4-3591f1a662a2"},"geometry":{"type":"Polygon","coordinates":[[[139.6847226323962,35.79190010461409],[139.68487341410707,35.79184946350653],[139.6848916343192,35.791885484287185],[139.6849085538863,35.791918935501144],[139.68489103343484,35.79192483216516],[139.68489396940828,35.791930866750874],[139.68474595236495,35.79197904970133],[139.68472197315265,35.79192975294589],[139.68473541405447,35.79192537635645],[139.6847226323962,35.79190010461409]]]}},{"type":"Feature","properties":{"height":29.89,"gml_id":"bldg_a4cb5312-1b82-4853-b99e-db8dd891d4fa"},"geometry":{"type":"Polygon","coordinates":[[[139.67956132079914,35.793068023399016],[139.67956970597294,35.793406645771555],[139.67964426404177,35.79340518715845],[139.67964535714316,35.7934413562843],[139.67956930433732,35.793442844533985],[139.6795691053291,35.79343645998947],[139.67950007506573,35.79343759032451],[139.67950308853383,35.79346694947512],[139.67938817206786,35.79346932709465],[139.6793879010778,35.79346126593939],[139.6789307745398,35.793467175867235],[139.6789229060398,35.7930676081688],[139.67917717368155,35.79306428844478],[139.67917666700674,35.793051103690225],[139.67924866758037,35.79304931214749],[139.67924921687714,35.793063347834554],[139.67933280702266,35.793062259726824],[139.6793776295106,35.793061731245075],[139.6793781151535,35.793073218722284],[139.67938869880436,35.79307291409495],[139.6794482918123,35.79307122372277],[139.67956132079914,35.793068023399016]]]}},{"type":"Feature","properties":{"height":6.14,"gml_id":"bldg_c4b00502-a908-498e-8666-ed3663ddc3f8"},"geometry":{"type":"Polygon","coordinates":[[[139.68421560598287,35.79444364245268],[139.68408276485417,35.794448161068615],[139.6840813049735,35.79442660247761],[139.6840767803802,35.79435957399049],[139.68415682069224,35.794356003006605],[139.68415822456876,35.794376755717145],[139.68418001924968,35.794376267180205],[139.6841798578791,35.79437144834223],[139.68421185231938,35.7943707326914],[139.68421560598287,35.79444364245268]]]}},{"type":"Feature","properties":{"height":9.89,"gml_id":"bldg_c99f5928-276e-4f93-9235-00d8ff4fa4cc"},"geometry":{"type":"Polygon","coordinates":[[[139.68695027659047,35.796350246405076],[139.68692073186847,35.79635222946427],[139.68691299339542,35.796276547799614],[139.68693647007575,35.796274950344355],[139.68695732871092,35.796273562416815],[139.6869603144102,35.79630272393974],[139.68699018663764,35.79630071873556],[139.6869958927079,35.796356534792025],[139.68695123314177,35.79635954232803],[139.68695027659047,35.796350246405076]]]}},{"type":"Feature","properties":{"height":8.69,"gml_id":"bldg_bbf9286f-6e79-4fad-9f73-8b95dbf80cac"},"geometry":{"type":"Polygon","coordinates":[[[139.67665159586485,35.79572633970677],[139.67666920739418,35.795599259181834],[139.6767735997188,35.79560888370334],[139.67675598946158,35.795735963343866],[139.67665159586485,35.79572633970677]]]}},{"type":"Feature","properties":{"height":5.82,"gml_id":"bldg_cba3f9d8-a110-48a2-b69c-2628c0c841a6"},"geometry":{"type":"Polygon","coordinates":[[[139.68362449040123,35.79503192460349],[139.68358648665156,35.795033477182244],[139.683584121831,35.79499544702301],[139.68362212445626,35.794993894443586],[139.68362449040123,35.79503192460349]]]}},{"type":"Feature","properties":{"height":3.34,"gml_id":"bldg_c956da5c-f5ed-407b-85ca-1c32875d58be"},"geometry":{"type":"Polygon","coordinates":[[[139.68172702308158,35.79369119349324],[139.68167543933976,35.79369237591646],[139.6816746484089,35.79366961933729],[139.68172622992336,35.79366843691156],[139.68172702308158,35.79369119349324]]]}},{"type":"Feature","properties":{"height":15.4,"gml_id":"bldg_c6bedc7f-a99b-4b2a-9a5b-4b542cdbcab6"},"geometry":{"type":"Polygon","coordinates":[[[139.68451511071686,35.79324344970899],[139.6845677533155,35.793240252850815],[139.68457908662197,35.7933630565297],[139.6844442025515,35.79337127938824],[139.6844364468597,35.79328725908214],[139.68443287495958,35.79324848832306],[139.68451511071686,35.79324344970899]]]}},{"type":"Feature","properties":{"height":7.73,"gml_id":"bldg_f319649c-4fe5-4e91-96c2-d7ad2e834508"},"geometry":{"type":"Polygon","coordinates":[[[139.67667892629933,35.79550140557561],[139.67668348831847,35.79547577612141],[139.67676175572296,35.795485052041734],[139.67675719372838,35.79551068149892],[139.67667892629933,35.79550140557561]]]}},{"type":"Feature","properties":{"height":10.82,"gml_id":"bldg_c6e7ef0d-2473-44fa-aebe-3480389bd8ff"},"geometry":{"type":"Polygon","coordinates":[[[139.68260795588208,35.793297872998394],[139.68271998826876,35.79329350120307],[139.6828296550826,35.79328925703874],[139.6828441190352,35.79353575940599],[139.68260232898382,35.793545157820674],[139.68258786908524,35.79329866083879],[139.68260795588208,35.793297872998394]]]}},{"type":"Feature","properties":{"height":3.57,"gml_id":"bldg_ffc719b2-7000-48bc-9a9d-6d74356ec031"},"geometry":{"type":"Polygon","coordinates":[[[139.67943791044357,35.79556630561873],[139.6793540675998,35.79557830976608],[139.6793406764836,35.79551627678269],[139.67942452037047,35.7955042726458],[139.67943791044357,35.79556630561873]]]}},{"type":"Feature","properties":{"height":8.94,"gml_id":"bldg_c71a4407-6dd5-48a8-81a5-a7be762af1f5"},"geometry":{"type":"Polygon","coordinates":[[[139.68325901644977,35.79455283120564],[139.6830570578137,35.79456659591974],[139.68303732925904,35.794357006493094],[139.6832392862599,35.794343242710355],[139.68325901644977,35.79455283120564]]]}},{"type":"Feature","properties":{"height":7.35,"gml_id":"bldg_c7e8c8e0-4ab0-487b-abd4-78c65c71a576"},"geometry":{"type":"Polygon","coordinates":[[[139.68258299835742,35.792355974468066],[139.68257445489186,35.79227835626238],[139.68262413727973,35.79227471758298],[139.68267623722966,35.79227093048463],[139.682698401546,35.792472313559614],[139.68257483745552,35.79248230344102],[139.68257301196581,35.792463599856674],[139.68259266909016,35.79246233917017],[139.68259089333677,35.79244775934355],[139.68256709591407,35.79244927532987],[139.68256374505822,35.79241463389147],[139.68254298871284,35.79241624652559],[139.6825461709672,35.79244057626181],[139.68253059155725,35.79244191957132],[139.68252747580468,35.79241811270351],[139.6825003015138,35.79241984707585],[139.6824980130158,35.792396186362936],[139.68252068076353,35.79239473206818],[139.68251674717328,35.79236111924373],[139.6825516907151,35.79235839861399],[139.68258299835742,35.792355974468066]]]}},{"type":"Feature","properties":{"height":12.77,"gml_id":"bldg_c47d5dc5-a0b4-420f-8118-899657192097"},"geometry":{"type":"Polygon","coordinates":[[[139.68164305268002,35.792451879927164],[139.6816034667965,35.79252104226046],[139.68155030069272,35.79250069018594],[139.68157333053944,35.79246068200581],[139.68158569454465,35.792465410790676],[139.68160244850088,35.792436331715265],[139.68164305268002,35.792451879927164]]]}},{"type":"Feature","properties":{"height":10.39,"gml_id":"bldg_cf68d726-fb66-42a5-b9ad-46d02981d70a"},"geometry":{"type":"Polygon","coordinates":[[[139.6870142647978,35.79476295925221],[139.68696079170314,35.794766666334915],[139.68694587432938,35.79462581433834],[139.68699145266058,35.794622607819996],[139.68703704642408,35.79461943014648],[139.68705196064028,35.7947602812269],[139.6870142647978,35.79476295925221]]]}},{"type":"Feature","properties":{"height":8.09,"gml_id":"bldg_cc2a3f6d-cef9-4d1a-ae60-5b5fbf1f4edc"},"geometry":{"type":"Polygon","coordinates":[[[139.68178784267545,35.79393403091309],[139.68178638653018,35.79392074131855],[139.68176695446715,35.793922138260626],[139.68175916825155,35.79385098728551],[139.68179492429195,35.793848385978755],[139.68182722030625,35.793846061524135],[139.68183255541837,35.793894817972834],[139.68185278083158,35.79389335892485],[139.68185668594833,35.79392904123491],[139.68178784267545,35.79393403091309]]]}},{"type":"Feature","properties":{"height":2.95,"gml_id":"bldg_f297ce61-1493-47b2-b836-19d70de0f47e"},"geometry":{"type":"Polygon","coordinates":[[[139.68088581898826,35.79377576574871],[139.6808293577538,35.79377848384139],[139.68082744642408,35.793752215062696],[139.6808839076383,35.79374949787222],[139.68088581898826,35.79377576574871]]]}},{"type":"Feature","properties":{"height":10.92,"gml_id":"bldg_c5400044-cf6e-48b2-b4f6-accfcb8138e6"},"geometry":{"type":"Polygon","coordinates":[[[139.6806415482993,35.794039239722586],[139.68062593890954,35.79392828486912],[139.68062513123522,35.793922529600124],[139.68069806700538,35.7939186382238],[139.68070608746336,35.79403573697833],[139.6806415482993,35.794039239722586]]]}},{"type":"Feature","properties":{"height":30.35,"gml_id":"bldg_cdfecf6c-6d16-40f4-b2d4-cfca0a76504f"},"geometry":{"type":"Polygon","coordinates":[[[139.68522981243603,35.792494983291675],[139.68525128071636,35.79249363877268],[139.68525358846182,35.7925169073684],[139.68526656239814,35.79251620136051],[139.68526749428818,35.79252554143851],[139.68526995818453,35.79255051558815],[139.6852712525724,35.7925636354904],[139.68526497358107,35.79256399190561],[139.68527858132498,35.79271841693599],[139.68507078605094,35.79273054279918],[139.6850510304032,35.792506723020345],[139.6850977711983,35.79250364664324],[139.6851819553036,35.7924981016097],[139.68522981243603,35.792494983291675]]]}},{"type":"Feature","properties":{"height":10.44,"gml_id":"bldg_db062c93-6651-4d72-aa08-cdbcd46c80f0"},"geometry":{"type":"Polygon","coordinates":[[[139.68177781469743,35.79425864267641],[139.6817148082211,35.79426244086834],[139.68170561964874,35.79416192922732],[139.68178584150886,35.794157085536106],[139.68179591999422,35.79426733561843],[139.681778707873,35.794268356791356],[139.68177781469743,35.79425864267641]]]}},{"type":"Feature","properties":{"height":11.87,"gml_id":"bldg_c9721f2a-b2ae-4bd5-9775-01e2b345819b"},"geometry":{"type":"Polygon","coordinates":[[[139.68335872093783,35.79523641342179],[139.68365544526077,35.79522227767597],[139.68366465984758,35.7953504057622],[139.68336793615438,35.795364542432054],[139.68336334410608,35.79530073257917],[139.68335872093783,35.79523641342179]]]}},{"type":"Feature","properties":{"height":22.23,"gml_id":"bldg_d07e9963-1e99-48d9-b6d0-ccc6df4ec44e"},"geometry":{"type":"Polygon","coordinates":[[[139.68272238549093,35.795346705371436],[139.6827178829335,35.795280890094396],[139.6827686677026,35.79527858403959],[139.6827681945156,35.79526902549225],[139.6828318235586,35.79526695993098],[139.6828322629002,35.79527569640112],[139.68292764849528,35.79527136577269],[139.68292721263214,35.79526253917185],[139.6829882393666,35.79526055950656],[139.68298864463978,35.795268596483076],[139.68304101707506,35.795266254441536],[139.68305000897405,35.795397551454066],[139.6830841851436,35.79539647107845],[139.68308696842757,35.79545245943727],[139.68305383883038,35.79545354743115],[139.68305427273953,35.79545989440482],[139.6826394762278,35.795478716507006],[139.68263765932096,35.79543784685373],[139.6826532100047,35.79543737780879],[139.6826518318716,35.79541725155787],[139.68265010382802,35.79539201239018],[139.6826337189344,35.79539249661355],[139.68263177173483,35.79534973575623],[139.682647170966,35.79534919531528],[139.68272238549093,35.795346705371436]]]}},{"type":"Feature","properties":{"height":8.68,"gml_id":"bldg_ca135d9c-2dae-4eaf-bc00-aa4e53f71624"},"geometry":{"type":"Polygon","coordinates":[[[139.68563773540586,35.792884778993006],[139.68563936156983,35.79284897379688],[139.68573622421746,35.79285190405818],[139.68573312249615,35.792920489693394],[139.68563626087,35.792917560332135],[139.68563773540586,35.792884778993006]]]}},{"type":"Feature","properties":{"height":9.26,"gml_id":"bldg_f95687f9-d890-441f-835f-4def30c32b70"},"geometry":{"type":"Polygon","coordinates":[[[139.68309692803794,35.7950673919393],[139.6830877789808,35.794934927473506],[139.68315944659264,35.79493161709833],[139.6832356771183,35.79492812219086],[139.68325589117066,35.79523700259521],[139.68310910893052,35.795243722765946],[139.6831038379217,35.79516750401833],[139.68309887308584,35.79509555626613],[139.68309692803794,35.7950673919393]]]}},{"type":"Feature","properties":{"height":7.98,"gml_id":"bldg_c94a8c62-9344-4a46-9680-2212ee9b2524"},"geometry":{"type":"Polygon","coordinates":[[[139.68252794267724,35.79485446132218],[139.68252585533912,35.794823837913626],[139.68253121935857,35.79482359496622],[139.68252985473165,35.794807467134206],[139.68255321436033,35.79480615521499],[139.6825526298365,35.794797569087216],[139.68260456274334,35.7947952338949],[139.68261026087092,35.79487876678848],[139.68252985255927,35.794882391262874],[139.68252794267724,35.79485446132218]]]}},{"type":"Feature","properties":{"height":7.43,"gml_id":"bldg_ca65ae6f-e4fd-47aa-9f60-f210bbd61a18"},"geometry":{"type":"Polygon","coordinates":[[[139.67687978459026,35.79582664021679],[139.67685161933807,35.79566109522038],[139.67697545800888,35.79564709786197],[139.6769864207953,35.79571152825227],[139.67699691547506,35.795773203495756],[139.67700365196595,35.79581280240697],[139.67687978459026,35.79582664021679]]]}},{"type":"Feature","properties":{"height":3.64,"gml_id":"bldg_cc1c7ace-df04-4a04-bf69-2a1a1aeccae3"},"geometry":{"type":"Polygon","coordinates":[[[139.67913906498595,35.79452875126901],[139.6791651662732,35.794523340561355],[139.67917838591995,35.79456573646107],[139.6791522846214,35.79457114627017],[139.67913906498595,35.79452875126901]]]}},{"type":"Feature","properties":{"height":4.38,"gml_id":"bldg_b829b3f1-8a93-4204-9341-cb6846253cc8"},"geometry":{"type":"Polygon","coordinates":[[[139.677262181002,35.79480372854648],[139.67726732709843,35.79477971685359],[139.67731051890604,35.79478587687444],[139.67730537282392,35.79480988766784],[139.677262181002,35.79480372854648]]]}},{"type":"Feature","properties":{"height":2.36,"gml_id":"bldg_c0655182-9335-429e-958c-e32054af7619"},"geometry":{"type":"Polygon","coordinates":[[[139.67868839531337,35.79537125278201],[139.6786669006356,35.795373203605955],[139.6786643958385,35.7953549434658],[139.67868589161776,35.7953529926437],[139.67868839531337,35.79537125278201]]]}},{"type":"Feature","properties":{"height":8.24,"gml_id":"bldg_ddc15806-20fc-4833-ab00-25d45a54112a"},"geometry":{"type":"Polygon","coordinates":[[[139.68233688430485,35.792294431263365],[139.6823907617772,35.79228965593267],[139.68240678526925,35.79240916856584],[139.6823356451515,35.79241494436238],[139.68233688386385,35.79242507443438],[139.68230101336525,35.79242829048343],[139.68228355781835,35.79229918022145],[139.68233688430485,35.792294431263365]]]}},{"type":"Feature","properties":{"height":4.87,"gml_id":"bldg_c88dd405-bc19-4093-9397-022195aaa040"},"geometry":{"type":"Polygon","coordinates":[[[139.67655954551577,35.79565778625407],[139.6765860276605,35.79548915769406],[139.67667632195594,35.795498580044345],[139.67664984331782,35.79566720862879],[139.67655954551577,35.79565778625407]]]}},{"type":"Feature","properties":{"height":3.52,"gml_id":"bldg_c3791ecd-be05-4123-86e6-a64078f0321d"},"geometry":{"type":"Polygon","coordinates":[[[139.67745901382014,35.7957759071983],[139.67743787428145,35.79577778795706],[139.67743357214434,35.79574582128273],[139.67745470946014,35.79574394142317],[139.67745901382014,35.7957759071983]]]}},{"type":"Feature","properties":{"height":8.56,"gml_id":"bldg_b970e796-ffc0-4e1b-b076-5561796f0ce1"},"geometry":{"type":"Polygon","coordinates":[[[139.68125629700117,35.794331396770275],[139.68125247231336,35.79429834289294],[139.6812487870788,35.79426642309481],[139.68124685629917,35.794249702341496],[139.68132337840945,35.794243841157595],[139.68133282028344,35.794325541891496],[139.68125629700117,35.794331396770275]]]}},{"type":"Feature","properties":{"height":6.57,"gml_id":"bldg_cb70d3b7-e9c8-494f-865b-ca46a5208b67"},"geometry":{"type":"Polygon","coordinates":[[[139.6754075709904,35.794779294995315],[139.67543136912965,35.79464307041373],[139.6756298655955,35.79466610632646],[139.67560606668513,35.7948023291435],[139.6754075709904,35.794779294995315]]]}},{"type":"Feature","properties":{"height":7.9,"gml_id":"bldg_b3e92d0a-5c5e-4b9f-ba1d-25686ffd480c"},"geometry":{"type":"Polygon","coordinates":[[[139.68438674161607,35.79302006862776],[139.68438305268106,35.79302031733864],[139.68438043977406,35.79299589371583],[139.68438462442714,35.792995597847344],[139.68437870493204,35.79292719937197],[139.68447249097383,35.792921814552564],[139.68447559922902,35.79295767426624],[139.68448044552096,35.79295734496205],[139.68448305514178,35.792981766776094],[139.68447771644492,35.79298214504527],[139.68448073580046,35.79301703208735],[139.68438694964726,35.79302241691283],[139.68438674161607,35.79302006862776]]]}},{"type":"Feature","properties":{"height":18.12,"gml_id":"bldg_cb3f3ac9-b846-4ddd-836c-245511ac5abd"},"geometry":{"type":"Polygon","coordinates":[[[139.68676790546306,35.79338559678305],[139.68674939049677,35.79319858921371],[139.68679704707517,35.79319402786168],[139.68688694596747,35.793185457346354],[139.68691089695642,35.79337530086541],[139.68690881994107,35.793376145608946],[139.68691434365783,35.79338889928438],[139.68691149580323,35.79340165808851],[139.68689409459637,35.79340577861911],[139.68688101698663,35.793405032594684],[139.6868508731868,35.79341876225657],[139.68684188874244,35.793418145601144],[139.68681125430317,35.793411671705705],[139.6867914432741,35.79341471667355],[139.68677760646577,35.79340808657476],[139.6867741503033,35.79339844778875],[139.6867752398536,35.79338830347559],[139.68677588873723,35.79338738668805],[139.68676790546306,35.79338559678305]]]}},{"type":"Feature","properties":{"height":11.64,"gml_id":"bldg_c095fffc-0ed0-4331-a074-8f2fe53c3ea7"},"geometry":{"type":"Polygon","coordinates":[[[139.68157575525382,35.794512452428016],[139.68156945606964,35.794449448859076],[139.6816136909203,35.794446503174825],[139.68165282482258,35.79444393591777],[139.68166186991945,35.79453434860896],[139.6815784999697,35.794539859752135],[139.68157575525382,35.794512452428016]]]}},{"type":"Feature","properties":{"height":3.35,"gml_id":"bldg_c1822179-21c1-455b-bbc1-109ba7ae9821"},"geometry":{"type":"Polygon","coordinates":[[[139.67860444373608,35.79471694136517],[139.6785680160905,35.79472045843584],[139.67856397745152,35.79469275373554],[139.67860040618916,35.794689237568804],[139.67860444373608,35.79471694136517]]]}},{"type":"Feature","properties":{"height":7.77,"gml_id":"bldg_ced20f5e-8144-4733-b207-cd4066a77f75"},"geometry":{"type":"Polygon","coordinates":[[[139.68270699722206,35.79487423972963],[139.6826147334162,35.79487839833305],[139.68261057357523,35.79481746250462],[139.6827028384155,35.79481330480692],[139.68270699722206,35.79487423972963]]]}},{"type":"Feature","properties":{"height":7.76,"gml_id":"bldg_cf8cbba0-7ea7-40ea-b4e1-3581ad3c8eb0"},"geometry":{"type":"Polygon","coordinates":[[[139.68491400849518,35.79230953867651],[139.6849729871034,35.792305909599406],[139.68497680408373,35.79234686553368],[139.68485333671276,35.79235447920297],[139.6848522747373,35.792343135250555],[139.6848296175603,35.792344289847065],[139.68482757883405,35.79231801736144],[139.68484982996688,35.7923168739815],[139.68484951758958,35.79231351965683],[139.68491400849518,35.79230953867651]]]}},{"type":"Feature","properties":{"height":8.93,"gml_id":"bldg_ce9d8b5f-20c8-46d7-82a0-f894908a393c"},"geometry":{"type":"Polygon","coordinates":[[[139.68111031210822,35.79468072640445],[139.68109771194946,35.79456241497765],[139.68122163554247,35.79455366102981],[139.68122985030138,35.79463077683107],[139.68121045016906,35.79463215840021],[139.681214834635,35.79467335401263],[139.68111031210822,35.79468072640445]]]}},{"type":"Feature","properties":{"height":10.21,"gml_id":"bldg_c1a55e6c-4467-419f-8887-def0d0f5facf"},"geometry":{"type":"Polygon","coordinates":[[[139.68127668405006,35.79411392496727],[139.68131280604183,35.79411152256478],[139.68132325463526,35.794214726370285],[139.6812499659852,35.79421963080079],[139.6812395163796,35.79411642698783],[139.68127668405006,35.79411392496727]]]}},{"type":"Feature","properties":{"height":3.39,"gml_id":"bldg_c361336f-3d24-4e61-ab69-cc656f3963ca"},"geometry":{"type":"Polygon","coordinates":[[[139.67965993700304,35.7947453058499],[139.67966158241802,35.79477791081938],[139.6796202268265,35.794779289307606],[139.6796177245482,35.79472974770648],[139.67964090945944,35.794728978744665],[139.6796417641492,35.79474590635932],[139.67965993700304,35.7947453058499]]]}},{"type":"Feature","properties":{"height":3.93,"gml_id":"bldg_c7660ee8-8a25-4b9e-8aa6-26634baae188"},"geometry":{"type":"Polygon","coordinates":[[[139.68260447004127,35.79530241291362],[139.68256730431438,35.79530361469257],[139.68256571471116,35.79527128564852],[139.6826028815294,35.7952700838714],[139.68260447004127,35.79530241291362]]]}},{"type":"Feature","properties":{"height":11.17,"gml_id":"bldg_cf73f2a5-e84e-42de-a948-fa6e3744a8aa"},"geometry":{"type":"Polygon","coordinates":[[[139.6851303883532,35.792883325493186],[139.6850532864692,35.79289066660884],[139.68503894447997,35.792791054700594],[139.6851067515592,35.79278460168764],[139.6851155899092,35.792845972264104],[139.68510508577216,35.792846976043045],[139.6851064587136,35.79285650685118],[139.68512625199304,35.79285463930718],[139.6851303883532,35.792883325493186]]]}},{"type":"Feature","properties":{"height":34.97,"gml_id":"bldg_c2f8f69b-25ac-4c3a-a21e-7b68eaab8014"},"geometry":{"type":"Polygon","coordinates":[[[139.67949716170773,35.79231793273047],[139.67951711947063,35.792140579881774],[139.67990772927953,35.79216982400442],[139.67985932721695,35.792600178653345],[139.67946871642715,35.79257093437182],[139.67948753228387,35.79240350578585],[139.67945990402757,35.79240081414288],[139.67945162811262,35.7923919991251],[139.67946773737424,35.7923844014951],[139.67946774489056,35.79237705907416],[139.67945670460333,35.79236808999318],[139.679471450489,35.79236012376676],[139.67947246519472,35.79235312334643],[139.67946207644678,35.79234476982311],[139.6794732626459,35.79233715687875],[139.67947317340608,35.79232950336677],[139.6794632453641,35.79232147582187],[139.67947079791315,35.79231585652989],[139.67949716170773,35.79231793273047]]]}},{"type":"Feature","properties":{"height":8.29,"gml_id":"bldg_cf8166be-caa1-4af4-b31d-bbba385f4052"},"geometry":{"type":"Polygon","coordinates":[[[139.6847834439584,35.79250333624508],[139.68478125022227,35.79246941016969],[139.68491995186747,35.792463490095166],[139.68492274996026,35.79250680091224],[139.68483610109266,35.79251049224028],[139.68483549013524,35.792501124613345],[139.6847834439584,35.79250333624508]]]}},{"type":"Feature","properties":{"height":13.85,"gml_id":"bldg_c434c738-3563-4a18-9b51-8fa332850112"},"geometry":{"type":"Polygon","coordinates":[[[139.68150287865964,35.79467688724007],[139.68158398164815,35.7946720700351],[139.68159289419432,35.79477107246219],[139.68152679368063,35.794775020781586],[139.68151050292497,35.79476155832399],[139.68150962193963,35.794751847828714],[139.68150573564625,35.7947086581605],[139.6815035677101,35.79468455322279],[139.68150287865964,35.79467688724007]]]}},{"type":"Feature","properties":{"height":10.32,"gml_id":"bldg_beb12f42-6e4a-4db0-98c0-93133222abb6"},"geometry":{"type":"Polygon","coordinates":[[[139.6826959966597,35.792759420675566],[139.68274387156637,35.79275522444881],[139.6827485828088,35.79279070404062],[139.68279317916316,35.792787387015366],[139.68279665993688,35.79281831593054],[139.68287131989126,35.79281295979076],[139.68287572497047,35.79285360104902],[139.68296621163503,35.792847228095916],[139.6829731794582,35.79290406808524],[139.68276587975413,35.79292106600773],[139.6827668756755,35.79292856561932],[139.68264544477358,35.792939248680085],[139.68264417456493,35.792925852966825],[139.68262890441838,35.792926828923974],[139.68262830963312,35.792920750348024],[139.68262728733805,35.792910233870174],[139.68261815579532,35.79291081461437],[139.68261345990925,35.79286254302043],[139.68266081718505,35.792859487292326],[139.6826597143904,35.7928511745245],[139.68261467622816,35.792854088942455],[139.68261349756412,35.792842016531225],[139.68258431379897,35.79284388811331],[139.68258325579387,35.79283295246054],[139.682577047528,35.79283333316056],[139.68257266180282,35.79278604082386],[139.682578669247,35.792785378649796],[139.6826000554784,35.7927830231822],[139.68264994628814,35.792777562216116],[139.6826481006719,35.79276364660149],[139.6826959966597,35.792759420675566]]]}},{"type":"Feature","properties":{"height":8.95,"gml_id":"bldg_f2a3f727-e3a9-4333-baf7-d0adb3c8b488"},"geometry":{"type":"Polygon","coordinates":[[[139.68412164673055,35.794070255416486],[139.6840839869205,35.79407212765935],[139.6840789491772,35.794005598782846],[139.68417517046908,35.794000790481746],[139.68418020829904,35.79406731574906],[139.68414025259847,35.79406932126603],[139.68414118413128,35.79408056681194],[139.68412259029725,35.79408157218443],[139.68412164673055,35.794070255416486]]]}},{"type":"Feature","properties":{"height":5.44,"gml_id":"bldg_cbcfc5e7-92f4-4bf6-a768-232cf59f30a3"},"geometry":{"type":"Polygon","coordinates":[[[139.68398115553333,35.794121092215825],[139.68398697340126,35.79411122781415],[139.68400005926446,35.79410879238429],[139.68401055777727,35.794115621460776],[139.68401056495463,35.79412656841286],[139.68400007188086,35.79413338764398],[139.68398698516617,35.79413095486033],[139.68398115553333,35.794121092215825]]]}},{"type":"Feature","properties":{"height":10.72,"gml_id":"bldg_c2d74096-262f-43b5-9d14-5f3cee7f9584"},"geometry":{"type":"Polygon","coordinates":[[[139.68621906531453,35.79411005860911],[139.68622668183968,35.79419321241959],[139.68608475511675,35.794201809772176],[139.6860763069416,35.79410957108956],[139.68620181807628,35.794101971289486],[139.68620265657043,35.79411103182392],[139.68621906531453,35.79411005860911]]]}},{"type":"Feature","properties":{"height":5.72,"gml_id":"bldg_c54041c8-4c23-4209-8100-31bcf310f2d7"},"geometry":{"type":"Polygon","coordinates":[[[139.68131573634804,35.79301623068978],[139.68131655667315,35.79300781398153],[139.6813961133895,35.793012963019365],[139.68139779805253,35.79299566546004],[139.6814638582124,35.792999943816],[139.68146135881102,35.79302564457226],[139.68148071368972,35.7930269074774],[139.68147380914817,35.79309784523465],[139.68129137164104,35.793086040399544],[139.68129827523904,35.79301510175029],[139.68131573634804,35.79301623068978]]]}},{"type":"Feature","properties":{"height":11.72,"gml_id":"bldg_f5355960-bf0c-4741-b57e-a61b1bab0df5"},"geometry":{"type":"Polygon","coordinates":[[[139.6802747107171,35.794584633198824],[139.6803157633395,35.79454040734596],[139.68032421551405,35.794531315329955],[139.6803683577498,35.79448380344889],[139.6804091585375,35.79443988640726],[139.68059288174823,35.79455317673832],[139.68043717754617,35.794684824371345],[139.6802747107171,35.794584633198824]]]}},{"type":"Feature","properties":{"height":2.58,"gml_id":"bldg_cb52673b-3651-4104-b880-31209541f226"},"geometry":{"type":"Polygon","coordinates":[[[139.67504540677479,35.79483128386736],[139.6750627790348,35.794741804117415],[139.6750972261923,35.79474624806109],[139.67507985396992,35.79483572781605],[139.67504540677479,35.79483128386736]]]}},{"type":"Feature","properties":{"height":10.79,"gml_id":"bldg_cefce594-2d83-4ed0-8d22-06ad9865b6d4"},"geometry":{"type":"Polygon","coordinates":[[[139.6827965122589,35.79454075628495],[139.68282046487067,35.79453940900189],[139.68283109284187,35.794662369670064],[139.68278078423657,35.79466523969426],[139.6827744546363,35.79459204454322],[139.6827701541401,35.79454227361101],[139.6827965122589,35.79454075628495]]]}},{"type":"Feature","properties":{"height":8.44,"gml_id":"bldg_c724de86-9b24-47dd-ada5-65c49bb54b0c"},"geometry":{"type":"Polygon","coordinates":[[[139.6871967504743,35.79578179206624],[139.68719475872973,35.795760204928435],[139.6871927791148,35.79573864033911],[139.68727972526597,35.7957333576918],[139.68728054978527,35.79574227127879],[139.6873235874216,35.79573967807559],[139.68732671888907,35.79577388825123],[139.6871967504743,35.79578179206624]]]}},{"type":"Feature","properties":{"height":19.27,"gml_id":"bldg_dbe88b3d-37d5-4987-ab98-356a7e4a034e"},"geometry":{"type":"Polygon","coordinates":[[[139.68500809263483,35.793291712529445],[139.6850048619383,35.79325730926834],[139.6849968767436,35.79325777172716],[139.6849877715278,35.793160842399374],[139.68533720155358,35.793139121315576],[139.68535070640286,35.79328293545678],[139.68519362747313,35.79328996909212],[139.6851919425172,35.79326494813193],[139.68516781342905,35.79324716352962],[139.6850831323002,35.79325243572995],[139.6850863596929,35.793286848899825],[139.68500809263483,35.793291712529445]]]}},{"type":"Feature","properties":{"height":10.93,"gml_id":"bldg_c6baef6b-c71f-4e17-a5fd-c05dbe23308a"},"geometry":{"type":"Polygon","coordinates":[[[139.68262260374993,35.79458498689165],[139.68262455979178,35.79462656879483],[139.6825299673326,35.79462960132809],[139.68252795104058,35.794584215634764],[139.6825471151649,35.79458359069424],[139.68262235426545,35.79458118106312],[139.68262260374993,35.79458498689165]]]}},{"type":"Feature","properties":{"height":6.2,"gml_id":"bldg_bd6fe487-3475-49c6-8181-1ae0e20a0f43"},"geometry":{"type":"Polygon","coordinates":[[[139.68561330887653,35.7927186717855],[139.68577658815187,35.792713105402576],[139.68577425796022,35.792762332703234],[139.68572323133623,35.792764122356246],[139.68572471188108,35.792824383302566],[139.68561811108793,35.79282464448182],[139.6856167403231,35.79276907161199],[139.6855992485963,35.79277073295044],[139.68559629744547,35.792724439381686],[139.68561348488427,35.79272280020366],[139.68561330887653,35.7927186717855]]]}},{"type":"Feature","properties":{"height":7.68,"gml_id":"bldg_b72659e1-8a76-4a0f-943b-7916fb6f1467"},"geometry":{"type":"Polygon","coordinates":[[[139.6756697262268,35.79337453301407],[139.67569234664137,35.79325665206006],[139.6759132902016,35.79328481589209],[139.67590647341615,35.79331995977024],[139.67598448946123,35.79332991458757],[139.67596869178544,35.793412639103884],[139.67578911618403,35.79338976013928],[139.6757828656033,35.79342442973808],[139.67573966275882,35.79341924982669],[139.67574596819588,35.79338426212409],[139.6756697262268,35.79337453301407]]]}},{"type":"Feature","properties":{"height":10.54,"gml_id":"bldg_a2d51bfd-0376-44cd-a965-66d21dd82e42"},"geometry":{"type":"Polygon","coordinates":[[[139.68460322037697,35.79246754692485],[139.68459922347446,35.79242112945229],[139.68459854129384,35.79241318948095],[139.68468118821576,35.79240848295852],[139.68468713557095,35.792477486268254],[139.6846044885762,35.792482193695896],[139.68460322037697,35.79246754692485]]]}},{"type":"Feature","properties":{"height":9.68,"gml_id":"bldg_c9f938e1-9b67-4657-a0ae-f93b3641e4a9"},"geometry":{"type":"Polygon","coordinates":[[[139.6856991098812,35.79261542879807],[139.685695794906,35.79257620140041],[139.68569285586926,35.79254127482472],[139.68576898606852,35.79253569966114],[139.6857753980498,35.79261121486929],[139.6856991098812,35.79261542879807]]]}},{"type":"Feature","properties":{"height":24.99,"gml_id":"bldg_d959f1fd-174f-40a7-9bb9-5d35a8d4d875"},"geometry":{"type":"Polygon","coordinates":[[[139.68431893869317,35.79425549395801],[139.68431358174672,35.79419212664702],[139.68430814915777,35.79412779929945],[139.68430029533454,35.79403475271544],[139.68429274037769,35.79394518662748],[139.6842913473431,35.7939286847156],[139.68428516043625,35.79385538254932],[139.68433516454908,35.793852937857736],[139.68465629102545,35.793837243485484],[139.68466124498414,35.793904459969696],[139.6847273861552,35.79390137978237],[139.68473717137303,35.79403998946511],[139.68467142615754,35.79404306834447],[139.68467552948792,35.79409893572829],[139.6846946862226,35.7940980490435],[139.68469739287718,35.79413636263483],[139.6846783445439,35.79413725486218],[139.68468561467682,35.794236238818314],[139.68431893869317,35.79425549395801]]]}},{"type":"Feature","properties":{"height":10.31,"gml_id":"bldg_dbaf4800-4a17-4781-8c6d-d64463772e36"},"geometry":{"type":"Polygon","coordinates":[[[139.68312230894946,35.795721535130276],[139.6831239093722,35.79573942269017],[139.68288044198044,35.795751805742086],[139.68287916541578,35.79573528233239],[139.68288861240418,35.7957348011126],[139.68287987214322,35.795620969039156],[139.68310219957917,35.79560763118204],[139.68311254650013,35.79572209709614],[139.68312230894946,35.795721535130276]]]}},{"type":"Feature","properties":{"height":4.38,"gml_id":"bldg_cf6f3233-4fa8-473c-a8d2-af904cf14662"},"geometry":{"type":"Polygon","coordinates":[[[139.6813124630952,35.79237943341171],[139.68127557895318,35.79238103444943],[139.68127282540013,35.79233919461517],[139.6813097084165,35.79233759357683],[139.6813124630952,35.79237943341171]]]}},{"type":"Feature","properties":{"height":16.81,"gml_id":"bldg_c7ee3a40-f4d1-445e-b208-08a89c29429a"},"geometry":{"type":"Polygon","coordinates":[[[139.6826267247086,35.79357146917776],[139.68284801713523,35.793563067197915],[139.6828545888926,35.79367740045542],[139.6826332928408,35.79368579703416],[139.68262961767098,35.79362190265673],[139.6826267247086,35.79357146917776]]]}},{"type":"Feature","properties":{"height":8.66,"gml_id":"bldg_c0a6242e-629d-41fc-95a8-bf631ebc2262"},"geometry":{"type":"Polygon","coordinates":[[[139.68730937895035,35.796086489999006],[139.68739784905654,35.7960817454232],[139.68740144129163,35.79612598100952],[139.68738228826197,35.79612701144447],[139.6873854594638,35.79616613494335],[139.68731614119986,35.79616984818573],[139.68730937895035,35.796086489999006]]]}},{"type":"Feature","properties":{"height":17.32,"gml_id":"bldg_d41c7706-17e6-45b9-ab2f-f576936d3c0f"},"geometry":{"type":"Polygon","coordinates":[[[139.68748571393905,35.79231738246303],[139.68708249208152,35.792346042497684],[139.68708062112194,35.792328635973526],[139.6870405032891,35.79233148863029],[139.68704207828685,35.79234618712692],[139.6868463408745,35.792360091976164],[139.68684474937254,35.79234536371225],[139.686803725574,35.791962468923046],[139.68676533244275,35.7916039463179],[139.686756626854,35.79152267681103],[139.68685084834672,35.791479166079704],[139.68724042544818,35.79129928623912],[139.68728956996173,35.79136968853416],[139.68707620200198,35.791468566457745],[139.6873004966554,35.791455060963536],[139.68737343336505,35.79147889299707],[139.68740744497603,35.79149002364022],[139.6874604298389,35.79205008673949],[139.6874764512131,35.79204896235616],[139.68749394786983,35.792212213425024],[139.6874758872439,35.79221349758073],[139.68748571393905,35.79231738246303]]]}},{"type":"Feature","properties":{"height":8.08,"gml_id":"bldg_c470cfef-627b-4eb8-9903-7fa0e49141e4"},"geometry":{"type":"Polygon","coordinates":[[[139.68658058751828,35.79163069491541],[139.6866873226744,35.791623872988154],[139.68668132929216,35.7915663682866],[139.6867045324602,35.79156476062533],[139.6867322952317,35.79156285746638],[139.68673844205603,35.79162176846525],[139.6867376808252,35.79162182071711],[139.6868108265653,35.79238031925999],[139.6864982845402,35.792400312214376],[139.6864529803776,35.79193056750227],[139.68641274716202,35.79193309351881],[139.68638518178477,35.7916432212516],[139.68643499000896,35.791640029123435],[139.68658058751828,35.79163069491541]]]}},{"type":"Feature","properties":{"height":11.27,"gml_id":"bldg_c264c57b-24b6-489f-875a-79076f8ed676"},"geometry":{"type":"Polygon","coordinates":[[[139.68406176259657,35.79213318924251],[139.6841047797734,35.792130493506626],[139.68411105565247,35.792197471010944],[139.6840598318641,35.792201338236666],[139.68405950738355,35.792198558057514],[139.68405616365305,35.792198807186985],[139.68404879290492,35.79213401951264],[139.68406176259657,35.79213318924251]]]}},{"type":"Feature","properties":{"height":3.73,"gml_id":"bldg_e50e2d31-231a-443d-afba-606dbabbecb3"},"geometry":{"type":"Polygon","coordinates":[[[139.68047716654715,35.79469625570727],[139.6805099401542,35.79469604498764],[139.68051039811476,35.7947411457069],[139.6804562739821,35.794741505046666],[139.68045581384112,35.7946964034231],[139.68047716654715,35.79469625570727]]]}},{"type":"Feature","properties":{"height":11.06,"gml_id":"bldg_cab6fff6-95e1-4045-a117-2b64837b9b68"},"geometry":{"type":"Polygon","coordinates":[[[139.68403077431813,35.79531117522744],[139.68420439722212,35.79529943784085],[139.68425826986405,35.79582719044712],[139.68408464471287,35.795838927906345],[139.68407761090256,35.79577008099399],[139.68404490342797,35.795771967482736],[139.6840388047867,35.795702391632034],[139.68407051421676,35.79570054897362],[139.68405797770598,35.795577720366154],[139.68402373009795,35.79557969507259],[139.68401763259558,35.79551011922003],[139.68405088105717,35.795508186539756],[139.6840472849363,35.795472949961486],[139.68399704771227,35.795475853932366],[139.68399361254836,35.79545276058937],[139.68392402354658,35.79545714304937],[139.6839108693033,35.795319298002624],[139.68403077431813,35.79531117522744]]]}},{"type":"Feature","properties":{"height":8.03,"gml_id":"bldg_c5b16739-45af-4c84-8441-c8ffccb1ad08"},"geometry":{"type":"Polygon","coordinates":[[[139.6782796300315,35.79475800865072],[139.67828659791107,35.7947442764982],[139.67830343201214,35.79473859443785],[139.6783202661686,35.79474427484041],[139.67832724376262,35.79475800604502],[139.67832027478246,35.79477173819845],[139.67830344178196,35.79477742026254],[139.6782866076197,35.79477173985763],[139.6782796300315,35.79475800865072]]]}},{"type":"Feature","properties":{"height":3.02,"gml_id":"bldg_c9d357e4-4291-4a42-bdcc-8bec3d4462ba"},"geometry":{"type":"Polygon","coordinates":[[[139.67867289820487,35.79418283850934],[139.67879275477594,35.794159127471154],[139.67879694819098,35.79417320389536],[139.67867709160345,35.79419691313491],[139.67867289820487,35.79418283850934]]]}},{"type":"Feature","properties":{"height":16.99,"gml_id":"bldg_c98573f8-28b4-4f32-b4ae-c76276251c15"},"geometry":{"type":"Polygon","coordinates":[[[139.68512880812403,35.792245429802726],[139.6851298714429,35.79225487910803],[139.68514806498862,35.79225353237377],[139.6851476482077,35.79224979664833],[139.6852163140337,35.792244744433866],[139.6852259123198,35.79232883818168],[139.6850924774231,35.79233868328941],[139.6850824507671,35.79224883115247],[139.68512880812403,35.792245429802726]]]}},{"type":"Feature","properties":{"height":10.39,"gml_id":"bldg_c819bf69-baff-4456-87d4-ecfddc058480"},"geometry":{"type":"Polygon","coordinates":[[[139.6788765126998,35.795663446627444],[139.6788756118621,35.79565729463321],[139.67883118832862,35.795661867812136],[139.67883188386787,35.79566662514885],[139.6787032314044,35.795679077815706],[139.67869017146617,35.795589696316085],[139.67872253291327,35.79558655795747],[139.67871197160596,35.79551177078423],[139.678710911866,35.795504271060636],[139.6786880299879,35.79534225215983],[139.678686773822,35.79533335238094],[139.67892970347154,35.79530980124458],[139.6789668475939,35.795564036973396],[139.67899210484495,35.7955616096029],[139.6790051651152,35.79565099197233],[139.6788765126998,35.795663446627444]]]}},{"type":"Feature","properties":{"height":9.93,"gml_id":"bldg_ce2d7f40-72a1-4623-b04f-b64298644fa5"},"geometry":{"type":"Polygon","coordinates":[[[139.68127556613246,35.79453171277559],[139.68127806234403,35.79453155188594],[139.68127379929743,35.794487585666744],[139.68127615166486,35.79448743451009],[139.6812749516252,35.794475061911385],[139.68134168978958,35.794470780133715],[139.6813428898618,35.794483141014226],[139.68134402728154,35.7944830874694],[139.6813482904061,35.79452703295515],[139.68135238432762,35.79452679115892],[139.68135375254553,35.79455368748324],[139.68127694981845,35.79455860641621],[139.68127556613246,35.79453171277559]]]}},{"type":"Feature","properties":{"height":6.13,"gml_id":"bldg_c1d1e706-f1b4-470f-a211-101263e657ea"},"geometry":{"type":"Polygon","coordinates":[[[139.6756136339467,35.79502297242211],[139.6756213448587,35.79498730876124],[139.67562791463965,35.79495692733816],[139.67568061487896,35.794964504724156],[139.6756740473141,35.79499489426518],[139.67566633977776,35.79503054080813],[139.6756768736344,35.79503205897974],[139.67563258574114,35.795214427668114],[139.67556548484285,35.79520361623826],[139.67560952723585,35.79502238656345],[139.6756136339467,35.79502297242211]]]}},{"type":"Feature","properties":{"height":6.75,"gml_id":"bldg_a8fa023c-5da8-4c0d-85f8-507d262f69d9"},"geometry":{"type":"Polygon","coordinates":[[[139.67921155255303,35.79238824576998],[139.67921466407103,35.79236044839216],[139.67925234292395,35.79236325121846],[139.67925382096755,35.792350063597794],[139.67937864022358,35.79235936501015],[139.67937404963746,35.79240034730902],[139.67921155255303,35.79238824576998]]]}},{"type":"Feature","properties":{"height":21.7,"gml_id":"bldg_cf4159de-bff8-4d69-9477-4768026ff078"},"geometry":{"type":"Polygon","coordinates":[[[139.68591361114352,35.7942768802416],[139.68591229217986,35.79426321770464],[139.6859997074895,35.794257669754366],[139.6860083042122,35.794344313017035],[139.68600278955202,35.794344675815125],[139.68600444132474,35.79435965383402],[139.68579997693485,35.794374477374625],[139.68579018087846,35.7942849969667],[139.68580486155116,35.79428403070157],[139.68591361114352,35.7942768802416]]]}},{"type":"Feature","properties":{"height":13.0,"gml_id":"bldg_cec65ed7-a965-4079-9702-13d51b45fbd8"},"geometry":{"type":"Polygon","coordinates":[[[139.68605419404716,35.79335446354393],[139.68605474800123,35.793360629484134],[139.68610644327856,35.7933576083588],[139.686160331482,35.79335448173285],[139.68617596728555,35.79353202975781],[139.68607427605036,35.79353794973994],[139.68606942509197,35.79347303729555],[139.68606466081596,35.793473273023366],[139.68606520155396,35.79347940739982],[139.68587017946587,35.7934907733172],[139.68585917115493,35.79336583034441],[139.68605419404716,35.79335446354393]]]}},{"type":"Feature","properties":{"height":6.63,"gml_id":"bldg_cc120b14-d8d2-4d8f-9c02-49bb8aed07e0"},"geometry":{"type":"Polygon","coordinates":[[[139.68611460300332,35.79622299153653],[139.6861203844898,35.79619260587254],[139.68617971267025,35.796200125480055],[139.68617393010106,35.7962305102442],[139.68611460300332,35.79622299153653]]]}},{"type":"Feature","properties":{"height":8.05,"gml_id":"bldg_c63cd867-d107-417e-989b-890d264d0f93"},"geometry":{"type":"Polygon","coordinates":[[[139.6840430717205,35.794046496441986],[139.68404798983275,35.79403678865704],[139.6840598826894,35.794032773468714],[139.68407177823192,35.79403678664191],[139.68407671424214,35.794046494041396],[139.68407179502813,35.7940562009248],[139.68405990106223,35.7940602161129],[139.68404800662316,35.79405620293989],[139.6840430717205,35.794046496441986]]]}},{"type":"Feature","properties":{"height":7.62,"gml_id":"bldg_cc133c5c-a50f-4ffc-9f40-e8d031a07125"},"geometry":{"type":"Polygon","coordinates":[[[139.6815919870118,35.79470181670091],[139.68159005073343,35.79468212598655],[139.68162484183011,35.79467983538182],[139.6816565314419,35.79467775717958],[139.68165890805665,35.794697450251086],[139.6816604139643,35.79469735840988],[139.68168192280885,35.794695969512894],[139.68168922519914,35.79477022323388],[139.68159929151793,35.79477607764069],[139.6815919870118,35.79470181670091]]]}},{"type":"Feature","properties":{"height":10.47,"gml_id":"bldg_f135cb0f-5f46-49ae-8ba0-d165e02bba0e"},"geometry":{"type":"Polygon","coordinates":[[[139.68381895944557,35.79226349199771],[139.68384534711024,35.79226173561811],[139.68385005084318,35.79230796921757],[139.68379645333536,35.79231156657911],[139.683791748527,35.79226533297629],[139.68381895944557,35.79226349199771]]]}},{"type":"Feature","properties":{"height":3.8,"gml_id":"bldg_a59844df-f4a4-447c-87b0-4d71ea02d08f"},"geometry":{"type":"Polygon","coordinates":[[[139.68200685174614,35.795403541373005],[139.6819868056358,35.795404177735875],[139.6819827060036,35.79534615243847],[139.68200274988664,35.79534551607346],[139.68200685174614,35.795403541373005]]]}},{"type":"Feature","properties":{"height":4.43,"gml_id":"bldg_c105a83f-6848-4ff3-b23b-15fb9b71a9a5"},"geometry":{"type":"Polygon","coordinates":[[[139.68368038339182,35.792525917424484],[139.68375448352643,35.792519217021265],[139.68376751073984,35.79261465868707],[139.6836742580546,35.79262310101427],[139.68366123095137,35.79252765933876],[139.68368038339182,35.792525917424484]]]}},{"type":"Feature","properties":{"height":3.02,"gml_id":"bldg_61826a81-c038-461f-b353-8bd3de7c6f08"},"geometry":{"type":"Polygon","coordinates":[[[139.68230966194076,35.79360029776515],[139.6822765810696,35.79360176147191],[139.68227395044076,35.79356248166809],[139.68230703240027,35.79356101886476],[139.68230966194076,35.79360029776515]]]}},{"type":"Feature","properties":{"height":8.44,"gml_id":"bldg_cf4f6158-80a9-49b1-9cbe-9ccae1794434"},"geometry":{"type":"Polygon","coordinates":[[[139.683788093375,35.79225937769017],[139.68378538946192,35.79223403726118],[139.68378177573948,35.79220006703682],[139.68384410454112,35.79219567562764],[139.68385042222266,35.792254986277875],[139.683788093375,35.79225937769017]]]}},{"type":"Feature","properties":{"height":10.71,"gml_id":"bldg_ad0fc503-b76d-49a6-bbd2-f2c6c482cfd1"},"geometry":{"type":"Polygon","coordinates":[[[139.68597482157477,35.792203514636995],[139.68579366745834,35.79220916752197],[139.68578960988688,35.79212338426731],[139.68602000950727,35.792116190023805],[139.6860243984202,35.79220899973315],[139.68597516265964,35.79221052037997],[139.68597482157477,35.792203514636995]]]}},{"type":"Feature","properties":{"height":3.95,"gml_id":"bldg_e49c3e8c-9037-4dd2-af4e-9707d3d582ff"},"geometry":{"type":"Polygon","coordinates":[[[139.67806034520723,35.79420795936256],[139.6780620860599,35.79417979340253],[139.67810916794178,35.7941817353175],[139.67810742599582,35.79420990307953],[139.67806034520723,35.79420795936256]]]}},{"type":"Feature","properties":{"height":7.89,"gml_id":"bldg_ec68f638-a843-49d3-8197-6162e7dfea09"},"geometry":{"type":"Polygon","coordinates":[[[139.6856656834186,35.79229685639695],[139.68566405768684,35.79227084943032],[139.68566140634567,35.792228132800986],[139.68575480030788,35.79222429412341],[139.68575907524843,35.792293017713575],[139.6856656834186,35.79229685639695]]]}},{"type":"Feature","properties":{"height":10.37,"gml_id":"bldg_f4faba5e-ad88-4956-819f-07fd9fa4b27f"},"geometry":{"type":"Polygon","coordinates":[[[139.67978849649083,35.794024112127104],[139.67986694233164,35.79401598742133],[139.67994525973052,35.79400791027224],[139.67997128184695,35.79417485617239],[139.6798191148898,35.79419059792869],[139.67984124730276,35.794332605636214],[139.67967856110408,35.79434941901506],[139.67963040750303,35.79404046801698],[139.67971174480726,35.79403204154967],[139.67978849649083,35.794024112127104]]]}},{"type":"Feature","properties":{"height":9.23,"gml_id":"bldg_cdb0914c-1e5e-4e0d-b942-2774ef5fa6a4"},"geometry":{"type":"Polygon","coordinates":[[[139.6839521757077,35.79222447570325],[139.68394964917871,35.79219713449183],[139.68400742955245,35.79219294736269],[139.6840155428735,35.792280655595185],[139.6839589162843,35.79229727473691],[139.68395757372278,35.792282820756164],[139.6839521757077,35.79222447570325]]]}},{"type":"Feature","properties":{"height":7.82,"gml_id":"bldg_cec80a50-ab24-477c-bb9c-0b8ed81d04c7"},"geometry":{"type":"Polygon","coordinates":[[[139.680554744627,35.79464587488747],[139.68057014548177,35.794645000312116],[139.68067975601855,35.79463881652437],[139.68068325096178,35.794683930112726],[139.68056420999716,35.7946900604599],[139.68056401447697,35.794687590502136],[139.68054235922676,35.7946885851215],[139.68054233010446,35.79468819389695],[139.680512754199,35.794689946399174],[139.68050903334276,35.79464846407328],[139.680554744627,35.79464587488747]]]}},{"type":"Feature","properties":{"height":21.06,"gml_id":"bldg_cce31e6e-ee61-47de-b7dc-87c7e25e21b9"},"geometry":{"type":"Polygon","coordinates":[[[139.6837580711766,35.79328024014674],[139.6838102696198,35.79327734952813],[139.6840101386319,35.79326638505941],[139.684042929821,35.793629671441835],[139.68381225072784,35.793641890196206],[139.68380747358955,35.793589338924136],[139.68378605713193,35.793590606634105],[139.6837580711766,35.79328024014674]]]}},{"type":"Feature","properties":{"height":9.91,"gml_id":"bldg_c09a8ce9-9577-4683-9ddf-6fd73cd29779"},"geometry":{"type":"Polygon","coordinates":[[[139.68148661684558,35.7943795758812],[139.68155401616625,35.794374892816634],[139.68155937997852,35.79442594055069],[139.68149198283453,35.794430620015476],[139.68149101890054,35.79442147997175],[139.6814806920949,35.794422184407985],[139.68147629001098,35.79438029834409],[139.68148661684558,35.7943795758812]]]}},{"type":"Feature","properties":{"height":12.02,"gml_id":"bldg_c8fb0695-273d-4601-afc4-3c11c04b9c87"},"geometry":{"type":"Polygon","coordinates":[[[139.6853701542075,35.79532100617744],[139.68536536667347,35.795272859883646],[139.6853649192152,35.79526835166289],[139.68541765073618,35.795265634064805],[139.6854087012669,35.79531886331682],[139.6853701542075,35.79532100617744]]]}},{"type":"Feature","properties":{"height":8.11,"gml_id":"bldg_c32489df-dae4-4e19-920f-e4ea9a42811d"},"geometry":{"type":"Polygon","coordinates":[[[139.68182041280662,35.794421975708666],[139.68182946141573,35.79442146702922],[139.68182830865365,35.79440745673544],[139.68189107332935,35.794404042156465],[139.6818922196713,35.79441794337776],[139.68189646069254,35.79441772067668],[139.68190114398422,35.79447303094189],[139.68182509604583,35.79447728597666],[139.68182041280662,35.794421975708666]]]}},{"type":"Feature","properties":{"height":7.2,"gml_id":"bldg_c346ffc3-912b-406f-9566-2465c416b7f2"},"geometry":{"type":"Polygon","coordinates":[[[139.6802233010269,35.79393307189842],[139.68022192734426,35.7939259521576],[139.68027088572458,35.793919108316516],[139.68027689375708,35.793947615872874],[139.68024682612648,35.79397861571631],[139.68023599886678,35.79398012521895],[139.68023654303312,35.79398366372579],[139.6802191093365,35.79398544423475],[139.68022042093264,35.79399782329634],[139.68010423806882,35.79408894818943],[139.68009692775811,35.794051887821446],[139.680076309518,35.79394733874581],[139.6800823368367,35.79394675333714],[139.6802233010269,35.79393307189842]]]}},{"type":"Feature","properties":{"height":2.79,"gml_id":"bldg_eb52db7c-e33f-4c28-b387-c0aed7643809"},"geometry":{"type":"Polygon","coordinates":[[[139.6798184748081,35.794445723507636],[139.67983135974248,35.794432807333266],[139.6798667584345,35.79445626518411],[139.6798538735038,35.79446918046088],[139.6798184748081,35.794445723507636]]]}},{"type":"Feature","properties":{"height":28.74,"gml_id":"bldg_cb48bdff-1692-42d4-a5e2-727ea5654463"},"geometry":{"type":"Polygon","coordinates":[[[139.68603170901375,35.79594466648137],[139.68600735614814,35.79571554138374],[139.686090640293,35.79570966742667],[139.68608750076348,35.79568011540512],[139.68613044948876,35.795677143050185],[139.6861336046311,35.795706636501784],[139.68616803231737,35.79570420352714],[139.68622468616957,35.795700267239326],[139.6862474672196,35.79592955351648],[139.68612907788935,35.795937908398685],[139.68613048822112,35.79595725317483],[139.68603356351892,35.795961917056864],[139.68603170901375,35.79594466648137]]]}},{"type":"Feature","properties":{"height":9.04,"gml_id":"bldg_f6381495-5914-4c4e-9a48-e3e972ae52ec"},"geometry":{"type":"Polygon","coordinates":[[[139.68716461334182,35.795554464946086],[139.68716389590375,35.79554810412199],[139.68725258681926,35.795541476992476],[139.68726146549085,35.79561996324007],[139.68717277335938,35.79562660299343],[139.68717222345754,35.79562179360289],[139.68716291016958,35.79562238799103],[139.68715974614483,35.795590289642554],[139.68716859694203,35.79558971181814],[139.68716461334182,35.795554464946086]]]}},{"type":"Feature","properties":{"height":8.34,"gml_id":"bldg_c99b78cf-2801-4acb-8762-aef2e8a7204f"},"geometry":{"type":"Polygon","coordinates":[[[139.6852941824132,35.7953303958069],[139.68532921775702,35.79532833968481],[139.68536361239572,35.79532635126692],[139.68536684686904,35.79536302141608],[139.68535603773967,35.79536365348311],[139.68535880292117,35.7953950591489],[139.6853001809086,35.79539847072222],[139.6852941824132,35.7953303958069]]]}},{"type":"Feature","properties":{"height":23.16,"gml_id":"bldg_e1e367e7-5942-46df-9526-aa7a0ef2e743"},"geometry":{"type":"Polygon","coordinates":[[[139.67892775091238,35.79289417675323],[139.67893217633372,35.79285235149698],[139.67890720909534,35.79285056539936],[139.67890870914883,35.792836328636284],[139.67891033291752,35.79282104736267],[139.67891215393175,35.79280388431509],[139.6788512539861,35.79279957963979],[139.67886326772228,35.792686269632675],[139.6789491547908,35.792692305438884],[139.67902103783408,35.792697350651565],[139.67917566975174,35.79270823545175],[139.67920949516872,35.79271062143232],[139.67931445699116,35.79271800821887],[139.67957627868128,35.7927364352809],[139.67964567617094,35.792741346245506],[139.6796872867516,35.79274431259917],[139.67966587920574,35.7929461777312],[139.67892775091238,35.79289417675323]]]}},{"type":"Feature","properties":{"height":8.95,"gml_id":"bldg_a285488d-2f6a-422a-a6e3-b309fb18f499"},"geometry":{"type":"Polygon","coordinates":[[[139.68669506678913,35.796137635103506],[139.6867372928998,35.79613547377063],[139.6868043403614,35.79613205554133],[139.68680890197248,35.796191068216054],[139.6867761239625,35.79619274714886],[139.68677763255246,35.79621229303841],[139.6867103338468,35.79621572807204],[139.6867088197199,35.79619619389252],[139.68669962610534,35.796196648680784],[139.6866957248872,35.796146167218275],[139.68669506678913,35.796137635103506]]]}},{"type":"Feature","properties":{"height":10.76,"gml_id":"bldg_b8fb3d94-bd20-4834-9e28-e2220ce5c470"},"geometry":{"type":"Polygon","coordinates":[[[139.682235543774,35.794580743376464],[139.68223407751805,35.7945680739074],[139.68231623861658,35.794561769402755],[139.68231785299736,35.79457568112244],[139.68233448840928,35.794719287675626],[139.68225232274506,35.79472558137041],[139.68223816386504,35.79460338957804],[139.682235543774,35.794580743376464]]]}},{"type":"Feature","properties":{"height":3.77,"gml_id":"bldg_c71b65a3-72e3-433e-a588-1967a11a8534"},"geometry":{"type":"Polygon","coordinates":[[[139.68607385252955,35.79615210695767],[139.68605192030438,35.79615612807359],[139.68604038919685,35.79611448493098],[139.68606232362384,35.796110463819815],[139.68607385252955,35.79615210695767]]]}},{"type":"Feature","properties":{"height":3.79,"gml_id":"bldg_ab52f894-a33f-4578-9e14-2cc02046fda5"},"geometry":{"type":"Polygon","coordinates":[[[139.67856356717914,35.794596814916524],[139.67850611785752,35.794601538861436],[139.6785021244194,35.79456936800883],[139.67855957482445,35.79456464406718],[139.67856356717914,35.794596814916524]]]}},{"type":"Feature","properties":{"height":13.77,"gml_id":"bldg_c17aa98e-ca6a-42db-869d-05b20de03d0c"},"geometry":{"type":"Polygon","coordinates":[[[139.68533482933844,35.794710167518296],[139.68533163817278,35.7946626937905],[139.6854380992249,35.79465797189605],[139.68544275830243,35.794727084425425],[139.6853438507381,35.79473149834428],[139.6853454774231,35.794750397229414],[139.68531716534702,35.79475198571851],[139.68531365942596,35.79471137721528],[139.68533482933844,35.794710167518296]]]}},{"type":"Feature","properties":{"height":5.38,"gml_id":"bldg_cf2a61c5-debc-4503-8aad-d4dccb301c09"},"geometry":{"type":"Polygon","coordinates":[[[139.67979291699706,35.794381448684504],[139.67994366984587,35.79423533514383],[139.68002853922295,35.79429347073814],[139.67994479720153,35.79437464351956],[139.67991655084006,35.794355297779965],[139.67984953894097,35.79442024043008],[139.67979291699706,35.794381448684504]]]}},{"type":"Feature","properties":{"height":8.28,"gml_id":"bldg_c5aa2f20-0e6b-4210-8480-598a2f7c9281"},"geometry":{"type":"Polygon","coordinates":[[[139.6818796687841,35.79435411532309],[139.6818808167265,35.79436950378044],[139.68181357270427,35.79437281716607],[139.6818117708348,35.794348737030305],[139.68181000148223,35.7943250120688],[139.68180894851068,35.794310888329804],[139.68187388887048,35.79430768831954],[139.68187494409693,35.79432179583647],[139.6818772465741,35.79432169688374],[139.68187768360053,35.794327514771936],[139.68189123417844,35.79432685312019],[139.68189322049165,35.79435344375763],[139.6818796687841,35.79435411532309]]]}},{"type":"Feature","properties":{"height":10.62,"gml_id":"bldg_cbb4f76d-3352-4e0a-af29-a6a308285411"},"geometry":{"type":"Polygon","coordinates":[[[139.68559399914878,35.79254419637401],[139.68569014861532,35.792537145101214],[139.68569889479414,35.79261627670824],[139.68558374552913,35.79262265386537],[139.68557567940795,35.79254555203409],[139.68559399914878,35.79254419637401]]]}},{"type":"Feature","properties":{"height":8.87,"gml_id":"bldg_c3c88ca2-965b-47a4-9768-6d01d9a78d1b"},"geometry":{"type":"Polygon","coordinates":[[[139.6871363298115,35.796135824419004],[139.68714090186475,35.796182627357716],[139.68701647429174,35.79619066840958],[139.68701036239224,35.796128100719905],[139.68705991118446,35.79612490802269],[139.68706051292884,35.796131008214864],[139.68710377683766,35.79612821977228],[139.68710472061332,35.79613785458781],[139.6871363298115,35.796135824419004]]]}},{"type":"Feature","properties":{"height":7.93,"gml_id":"bldg_ea89634c-43d2-4cde-bd36-9c8e2704544f"},"geometry":{"type":"Polygon","coordinates":[[[139.6812476559983,35.794703231242984],[139.68125477885494,35.794779756174194],[139.6811700782219,35.79478498773361],[139.68117055523922,35.79479011433616],[139.6811225751997,35.79479306322819],[139.68111682816195,35.79473135378048],[139.68112214698257,35.79473102521008],[139.68111741081347,35.794687473010704],[139.6811388535934,35.79468592188356],[139.68116706587872,35.794683898898185],[139.681169692781,35.79470803777277],[139.6812476559983,35.794703231242984]]]}},{"type":"Feature","properties":{"height":8.83,"gml_id":"bldg_a43ff4e7-3a6e-456d-8cf9-cbe9534e86c9"},"geometry":{"type":"Polygon","coordinates":[[[139.6850532387016,35.79372149144035],[139.6850853168939,35.79371961742012],[139.68509045594163,35.79377731581862],[139.68503033801534,35.793780848903836],[139.68502519901418,35.79372314870021],[139.6850532387016,35.79372149144035]]]}},{"type":"Feature","properties":{"height":8.82,"gml_id":"bldg_d53437ee-1f1c-48ed-9739-a28af6e7f382"},"geometry":{"type":"Polygon","coordinates":[[[139.68416562841531,35.79463412666449],[139.68416045455723,35.7945468448578],[139.68429057643866,35.79454174501784],[139.68429575154676,35.79462902591939],[139.68416562841531,35.79463412666449]]]}},{"type":"Feature","properties":{"height":15.12,"gml_id":"bldg_f1e2deba-dc61-4761-b78f-9cbdb009a043"},"geometry":{"type":"Polygon","coordinates":[[[139.68537357890767,35.79388787399352],[139.68530754136023,35.79389117369293],[139.68530447412084,35.793851470683066],[139.6853705138482,35.79384817098797],[139.68537083063683,35.79385214454606],[139.68538200402838,35.79385184822921],[139.6853831962074,35.79388073628789],[139.6853730517366,35.79388101313983],[139.68537357890767,35.79388787399352]]]}},{"type":"Feature","properties":{"height":7.37,"gml_id":"bldg_c7d86290-5da6-4ad1-a6ba-61a114ba69d9"},"geometry":{"type":"Polygon","coordinates":[[[139.68314074178286,35.79235059098974],[139.6831394238539,35.792338998830374],[139.68334632773062,35.79232338604937],[139.6833607481744,35.79245014164145],[139.6830878640851,35.79247073673009],[139.6830743932507,35.79235575307683],[139.68314074178286,35.79235059098974]]]}},{"type":"Feature","properties":{"height":16.74,"gml_id":"bldg_c1ada1ab-e39e-40cd-afa6-2097ca7ad637"},"geometry":{"type":"Polygon","coordinates":[[[139.68589321396502,35.794497068606326],[139.68580237412468,35.7945002966988],[139.68580236780954,35.794479772863355],[139.68580237990042,35.7944498902931],[139.6858932262684,35.79444549315255],[139.68589321396502,35.794497068606326]]]}},{"type":"Feature","properties":{"height":7.87,"gml_id":"bldg_c7642266-5c68-403e-b581-c05120c3ca31"},"geometry":{"type":"Polygon","coordinates":[[[139.68721359313963,35.79536392962375],[139.68726231145328,35.7953602590168],[139.68728270877304,35.79535871904447],[139.6873035143467,35.79535717325502],[139.68730549710065,35.795374615055636],[139.68733727810897,35.79537223892219],[139.68734196542877,35.79541352751699],[139.68722407499862,35.79542239785648],[139.68722466620434,35.795427611103634],[139.68719886139755,35.79542954379383],[139.68719160909004,35.7953655884372],[139.68721359313963,35.79536392962375]]]}},{"type":"Feature","properties":{"height":19.39,"gml_id":"bldg_cddf8aa6-d6d8-46fa-afb7-dd6a36bfb02d"},"geometry":{"type":"Polygon","coordinates":[[[139.6824247381414,35.79365743485738],[139.68242053111112,35.793584117952975],[139.68255072864457,35.79357919224691],[139.68255674091222,35.79368376495769],[139.68242654321534,35.793688687064346],[139.6824247381414,35.79365743485738]]]}},{"type":"Feature","properties":{"height":11.78,"gml_id":"bldg_f4c4744a-0835-4276-8619-d7c5d395f270"},"geometry":{"type":"Polygon","coordinates":[[[139.68415530947024,35.79262582868962],[139.68401312716105,35.79263699665108],[139.6839873865348,35.79242000603634],[139.68412957067346,35.79240883810676],[139.68415530947024,35.79262582868962]]]}},{"type":"Feature","properties":{"height":5.65,"gml_id":"bldg_cdd6c6d4-f381-4e88-b9c0-d594967a176d"},"geometry":{"type":"Polygon","coordinates":[[[139.68420076556293,35.79294327979946],[139.6841343676787,35.79294561576285],[139.6841300345278,35.79286437584876],[139.68419643234458,35.79286203988759],[139.68420076556293,35.79294327979946]]]}},{"type":"Feature","properties":{"height":5.47,"gml_id":"bldg_c817778d-6464-40e2-a36a-33af643606b5"},"geometry":{"type":"Polygon","coordinates":[[[139.6829553059212,35.79284409847638],[139.6828760767074,35.79284894419261],[139.68287054062532,35.792803792044566],[139.682949770906,35.792798943629165],[139.6829553059212,35.79284409847638]]]}},{"type":"Feature","properties":{"height":9.67,"gml_id":"bldg_c580abc6-ea54-4a63-a11f-bc1ae8f94ae3"},"geometry":{"type":"Polygon","coordinates":[[[139.68662369712806,35.7961089544005],[139.68661691682587,35.796037617506435],[139.6866162037875,35.79603008853067],[139.68669097988297,35.79602564323814],[139.68669163699093,35.7960329071473],[139.68669671906568,35.796032605082324],[139.68670350054848,35.79610394017077],[139.68662369712806,35.7961089544005]]]}},{"type":"Feature","properties":{"height":3.53,"gml_id":"bldg_d068c8da-ca47-4aa6-889c-e5b77970a8eb"},"geometry":{"type":"Polygon","coordinates":[[[139.67667165010403,35.795589177119254],[139.67667966888925,35.795537926686805],[139.67675178408095,35.79554542614222],[139.67674376534478,35.79559667477683],[139.67667165010403,35.795589177119254]]]}},{"type":"Feature","properties":{"height":8.02,"gml_id":"bldg_c58362a1-3181-4cd4-a522-635f1ebb4338"},"geometry":{"type":"Polygon","coordinates":[[[139.68456435189398,35.79191041777783],[139.68457546689982,35.79190984384619],[139.68457485410792,35.79189851126249],[139.68463749723026,35.79189627586973],[139.6846380609613,35.79190663132445],[139.68464793565042,35.79190613697418],[139.684654405576,35.79198974197466],[139.6845825707018,35.79199342800208],[139.6845831553131,35.79200266760616],[139.68449420350981,35.79200643335628],[139.68449238541046,35.791972852055245],[139.68449137277128,35.79195406567814],[139.6844902541938,35.79193335658125],[139.68448981684017,35.7919252456544],[139.68454830555032,35.79192315028356],[139.6845476926657,35.79191127598574],[139.68456435189398,35.79191041777783]]]}},{"type":"Feature","properties":{"height":8.99,"gml_id":"bldg_ceb45de7-a797-47e8-bf73-7973395a3ea3"},"geometry":{"type":"Polygon","coordinates":[[[139.68451942321084,35.79426696230574],[139.6845416959369,35.79426580549025],[139.6845503081076,35.794366458617645],[139.68452740890012,35.794367757974626],[139.68452871891148,35.79438431566383],[139.6843513454503,35.794393625135264],[139.68434778901005,35.79435664448876],[139.68436934305564,35.7943552668844],[139.68436698570187,35.79432549404803],[139.68436300718906,35.794275177347906],[139.68451942321084,35.79426696230574]]]}},{"type":"Feature","properties":{"height":7.49,"gml_id":"bldg_c5cfffa0-8e02-44d4-90b7-5636dddb4c80"},"geometry":{"type":"Polygon","coordinates":[[[139.681195795631,35.7930099263505],[139.6812136306279,35.7930110792131],[139.6812141256876,35.79300093059295],[139.68126251531768,35.79300250787888],[139.6812619487272,35.79301420223094],[139.68127896954528,35.79301531799995],[139.68127207043264,35.79308621609283],[139.68118889755303,35.793080823538546],[139.681195795631,35.7930099263505]]]}},{"type":"Feature","properties":{"height":12.75,"gml_id":"bldg_cd3903c5-3f33-4468-bd6e-8a638f4a9950"},"geometry":{"type":"Polygon","coordinates":[[[139.6866379423548,35.794574270991724],[139.68662184650174,35.79441461256706],[139.6866208567256,35.79440476677212],[139.68712185185942,35.79437129052372],[139.68713893965068,35.794540795578264],[139.6866379423548,35.794574270991724]]]}},{"type":"Feature","properties":{"height":16.08,"gml_id":"bldg_cfda8318-f50b-4a83-bf33-28f016367d45"},"geometry":{"type":"Polygon","coordinates":[[[139.68081195131938,35.79423901303501],[139.68092688455695,35.79423362625978],[139.68092942843944,35.794269330307266],[139.68094017520858,35.79426885088771],[139.68094855102706,35.79438661436789],[139.68092583916393,35.79438768523379],[139.68092716865397,35.79440639722161],[139.68085179808045,35.79440993051502],[139.6808504652477,35.794391240154646],[139.68078783644634,35.79439416582902],[139.680784917759,35.79435315593519],[139.6807794954383,35.79427683593345],[139.68073722960568,35.79427879502469],[139.6807346534547,35.79424265377571],[139.68081195131938,35.79423901303501]]]}},{"type":"Feature","properties":{"height":3.63,"gml_id":"bldg_cc238ebc-291a-41ef-9345-a1b040c8a350"},"geometry":{"type":"Polygon","coordinates":[[[139.67733986866693,35.795180062500805],[139.67734336292926,35.79515494720894],[139.67742191503103,35.79516221575451],[139.67741842079485,35.79518733014732],[139.67733986866693,35.795180062500805]]]}},{"type":"Feature","properties":{"height":6.38,"gml_id":"bldg_ca032b9b-69cd-4a54-93fe-4793360e6cb2"},"geometry":{"type":"Polygon","coordinates":[[[139.68394790667372,35.79412236328366],[139.68395372122518,35.79411249978084],[139.68396680376722,35.79411006615319],[139.6839773011727,35.79411689432984],[139.68397730834715,35.79412784038056],[139.68396681748814,35.79413465690745],[139.6839537351962,35.7941322259284],[139.68394790667372,35.79412236328366]]]}},{"type":"Feature","properties":{"height":13.38,"gml_id":"bldg_cbcd5f2d-cfad-4b5e-9671-705ce5c5afa9"},"geometry":{"type":"Polygon","coordinates":[[[139.68466714087538,35.79322366376883],[139.68465389339866,35.793024310233754],[139.68475003691523,35.793019621254366],[139.68476499123904,35.79301892135333],[139.68477823781066,35.79321831543647],[139.6847633000041,35.793219036991985],[139.68466714087538,35.79322366376883]]]}},{"type":"Feature","properties":{"height":4.3,"gml_id":"bldg_c25fba03-8b02-491c-934d-f65f0308051b"},"geometry":{"type":"Polygon","coordinates":[[[139.68377752142533,35.79396336266304],[139.68378361898198,35.79395302901346],[139.68379733122785,35.79395047720863],[139.6838083324766,35.79395763051419],[139.6838083375439,35.793969098446496],[139.68379734158654,35.79397624422621],[139.6837836289369,35.79397369526866],[139.68377752142533,35.79396336266304]]]}},{"type":"Feature","properties":{"height":12.79,"gml_id":"bldg_c9718916-9bd5-422a-a001-e47f54715cb6"},"geometry":{"type":"Polygon","coordinates":[[[139.67890488148734,35.79414676074011],[139.67895827219363,35.79413643398584],[139.6789635255561,35.794154488538275],[139.67901620016477,35.794144314970445],[139.67902405715628,35.794171314291745],[139.6790864720801,35.794158782632316],[139.67911934264933,35.79426745235268],[139.67905575554764,35.79428023580528],[139.67909401530045,35.79441170137308],[139.67913290779697,35.79440355614789],[139.67915972391592,35.794488543129866],[139.6791188734404,35.79449711489676],[139.67912065938035,35.79450325450523],[139.67874900562725,35.79457506764454],[139.67866190587495,35.79427577558096],[139.67860356139937,35.794288105847635],[139.67858441819786,35.79422774909442],[139.6786445458068,35.79421611337061],[139.67883037142508,35.794180206200146],[139.67891013154733,35.79416480086895],[139.67890488148734,35.79414676074011]]]}},{"type":"Feature","properties":{"height":4.18,"gml_id":"bldg_a1d94b59-a375-4590-a598-2130f299f7da"},"geometry":{"type":"Polygon","coordinates":[[[139.67830714901828,35.794007996098166],[139.6782102910053,35.79402088943364],[139.6782059738637,35.79399937665991],[139.67830283295405,35.793986485131946],[139.67830714901828,35.794007996098166]]]}},{"type":"Feature","properties":{"height":9.41,"gml_id":"bldg_ab80985b-2682-4f0a-9317-be42b08e1581"},"geometry":{"type":"Polygon","coordinates":[[[139.6873487424699,35.79632042013813],[139.68735012035972,35.79633952059285],[139.68728081154833,35.79634282190746],[139.6872747636035,35.79625909413253],[139.68729494215864,35.796258122647],[139.6873229964609,35.7962568001808],[139.68732359869892,35.796265060916774],[139.68735450766914,35.79626360490399],[139.68735857892364,35.796319948954974],[139.6873487424699,35.79632042013813]]]}},{"type":"Feature","properties":{"height":9.16,"gml_id":"bldg_c2c7be0f-4c75-4609-8a08-448279aa916d"},"geometry":{"type":"Polygon","coordinates":[[[139.68512897833304,35.79296764182586],[139.68512677633888,35.792929736270686],[139.6851246197559,35.79289239952563],[139.68532278870694,35.79288480724997],[139.68532714857855,35.79296004864357],[139.68512897833304,35.79296764182586]]]}},{"type":"Feature","properties":{"height":12.84,"gml_id":"bldg_c8f7be29-d167-4266-9af1-98ff17bee161"},"geometry":{"type":"Polygon","coordinates":[[[139.68524510846947,35.7930196244839],[139.6852402394203,35.79297020805862],[139.6852860344269,35.79296721246722],[139.68528567671493,35.792963833751635],[139.68534052628982,35.79295999480387],[139.6853473023368,35.793023925373106],[139.68532330091264,35.793025612910824],[139.68532362775488,35.79302893480296],[139.6852465289525,35.79303395235518],[139.68524510846947,35.7930196244839]]]}},{"type":"Feature","properties":{"height":7.78,"gml_id":"bldg_c1969d27-f6f3-4fdf-93e0-dbd8bcfae5f1"},"geometry":{"type":"Polygon","coordinates":[[[139.67547363166082,35.794992529353586],[139.67548833117075,35.7949312620103],[139.6755535243598,35.794941578841005],[139.6756110905438,35.79495070936543],[139.67555366789512,35.79519803126834],[139.67542894617864,35.795178795800055],[139.6754442258901,35.79511508655774],[139.6754009680724,35.79510760439565],[139.67541248193277,35.79506338919368],[139.6754168955047,35.79504643872548],[139.675421185302,35.79502997752955],[139.67543277938154,35.7949854667864],[139.67547363166082,35.794992529353586]]]}},{"type":"Feature","properties":{"height":9.36,"gml_id":"bldg_c7c8c696-a98a-4b82-acd9-6dda99dae8dc"},"geometry":{"type":"Polygon","coordinates":[[[139.68050899065582,35.79429115925779],[139.68056545443577,35.79426418678908],[139.68058138328882,35.79428740787376],[139.6806047591358,35.794321496123864],[139.6804950408902,35.79437143953402],[139.68043837375296,35.79432490720764],[139.68050899065582,35.79429115925779]]]}},{"type":"Feature","properties":{"height":8.71,"gml_id":"bldg_c85fe622-6544-45b0-848b-68be6284751d"},"geometry":{"type":"Polygon","coordinates":[[[139.6867070316878,35.79586628275454],[139.68670633435843,35.79585923241705],[139.68677384258277,35.79585480434872],[139.68678015864552,35.795915129733956],[139.6866593176603,35.79592350468397],[139.68665714626263,35.79590282678464],[139.6866552001182,35.795884197035534],[139.6867043342911,35.79588078494986],[139.6867028502215,35.795866573299314],[139.6867070316878,35.79586628275454]]]}},{"type":"Feature","properties":{"height":8.27,"gml_id":"bldg_cbe21b0c-dfd8-40e7-8086-a722c04f9871"},"geometry":{"type":"Polygon","coordinates":[[[139.68469966756922,35.79292678442882],[139.68473136595594,35.792921359599134],[139.68474900435288,35.792989509343926],[139.68468647400135,35.79300023568826],[139.6846688356572,35.79293208503319],[139.68469966756922,35.79292678442882]]]}},{"type":"Feature","properties":{"height":11.62,"gml_id":"bldg_c8e5efc9-0913-41a3-a402-db124f26b2b4"},"geometry":{"type":"Polygon","coordinates":[[[139.68144147006345,35.792483476605355],[139.68143995432555,35.792456200616364],[139.6814464990588,35.79244061365461],[139.68150563509928,35.79246136720515],[139.68149391524634,35.79248382767116],[139.68152057652634,35.79249300016481],[139.6815042711579,35.79252352286284],[139.68148373919973,35.79251590753396],[139.68145225721116,35.79249478870517],[139.68145264926508,35.79249398699522],[139.68145356092955,35.792492209775084],[139.68144147006345,35.792483476605355]]]}},{"type":"Feature","properties":{"height":5.18,"gml_id":"bldg_c24856bc-285f-41df-a009-8c5e4217bab6"},"geometry":{"type":"Polygon","coordinates":[[[139.6838668070704,35.7942840690428],[139.6838564118245,35.794294163902755],[139.68384048512476,35.79429645337101],[139.68382647795355,35.79428986598686],[139.6838209407141,35.79427747449943],[139.68382646574537,35.79426508144405],[139.68384047104146,35.7942584919335],[139.68385639912,35.7942607786406],[139.68386680078848,35.794270882227714],[139.6838668070704,35.7942840690428]]]}},{"type":"Feature","properties":{"height":8.32,"gml_id":"bldg_cd3069d2-aada-4a98-a286-5c9c6f385b05"},"geometry":{"type":"Polygon","coordinates":[[[139.6850050663489,35.79227339767039],[139.68497667411117,35.792278109174376],[139.68496969959082,35.792250320832615],[139.68495943500224,35.79220939119307],[139.68502384870675,35.79219868325197],[139.6850388651568,35.79225854267807],[139.68507958880005,35.79225177955884],[139.68508445925195,35.792271178199364],[139.68500771407133,35.792283939569764],[139.6850050663489,35.79227339767039]]]}},{"type":"Feature","properties":{"height":7.41,"gml_id":"bldg_c8673df0-4b46-431f-8437-937f828e9a46"},"geometry":{"type":"Polygon","coordinates":[[[139.68569223144922,35.792298101318465],[139.6857271642028,35.79229635591908],[139.68576251071892,35.792294608313284],[139.68576588831846,35.792339468350185],[139.68575410944948,35.79234005599865],[139.68575474218864,35.79234847091666],[139.68575284247748,35.79234856593131],[139.68575410794915,35.79236539937269],[139.6856975094048,35.79236821512829],[139.68569623842683,35.792351374468744],[139.68569526120106,35.7923384072888],[139.68569223144922,35.792298101318465]]]}},{"type":"Feature","properties":{"height":8.54,"gml_id":"bldg_cf60368f-fcf0-4518-a529-33a2ed8c8f2b"},"geometry":{"type":"Polygon","coordinates":[[[139.68458993663128,35.793365873163104],[139.6845882872896,35.79334024562776],[139.68458658659088,35.793313681521916],[139.6847761248321,35.79330563780847],[139.6847794749995,35.793357827642026],[139.68458993663128,35.793365873163104]]]}},{"type":"Feature","properties":{"height":14.59,"gml_id":"bldg_c0d1bb9c-2e37-46a1-826b-d84b575a48c1"},"geometry":{"type":"Polygon","coordinates":[[[139.6852855895645,35.794112421847984],[139.68528044419958,35.79408965091782],[139.68527012178177,35.79397293360383],[139.68537193758772,35.79396698741562],[139.6853822755855,35.794083735386366],[139.68538754497862,35.7941064577917],[139.6852855895645,35.794112421847984]]]}},{"type":"Feature","properties":{"height":8.37,"gml_id":"bldg_eddc8017-fd57-4b5e-a3cf-1d26a4378292"},"geometry":{"type":"Polygon","coordinates":[[[139.67527586563716,35.794572344187095],[139.67528259414914,35.79452778018867],[139.6753357653592,35.79453312929727],[139.67532903687646,35.794577693298706],[139.67527586563716,35.794572344187095]]]}},{"type":"Feature","properties":{"height":4.1,"gml_id":"bldg_c2f06433-3b81-4952-b593-b6bc3905267a"},"geometry":{"type":"Polygon","coordinates":[[[139.6851231731009,35.79444953092241],[139.68508878744262,35.794451054184705],[139.68508719730252,35.79442740700809],[139.68512158294894,35.79442588464755],[139.6851231731009,35.79444953092241]]]}},{"type":"Feature","properties":{"height":3.39,"gml_id":"bldg_c4e3d925-76a2-442c-965f-34186f3fd344"},"geometry":{"type":"Polygon","coordinates":[[[139.68269926033116,35.79528467047829],[139.68260674205487,35.79528858268636],[139.68260550949884,35.79526929397451],[139.6826980266465,35.79526538176593],[139.68269926033116,35.79528467047829]]]}},{"type":"Feature","properties":{"height":2.73,"gml_id":"bldg_c2251988-ca55-4ec2-9559-4c2f11a192d9"},"geometry":{"type":"Polygon","coordinates":[[[139.67513354049564,35.79390640540283],[139.67515909495543,35.7938353068822],[139.6751791687668,35.793840617924715],[139.67515361211403,35.79391171464397],[139.67513354049564,35.79390640540283]]]}},{"type":"Feature","properties":{"height":8.79,"gml_id":"bldg_c9836e40-f4e1-4b71-bf8f-cf34e32ad68b"},"geometry":{"type":"Polygon","coordinates":[[[139.6853275165419,35.794903983839696],[139.68538218430382,35.79490106403277],[139.685383833889,35.79492134291774],[139.68542135271434,35.79491933218787],[139.6854236923147,35.79494816036048],[139.68535648169828,35.79495176870787],[139.6853563248063,35.794949865756905],[139.68527180367852,35.79495439646928],[139.68526797036515,35.7949071896531],[139.6853275165419,35.794903983839696]]]}},{"type":"Feature","properties":{"height":12.35,"gml_id":"bldg_c2f3a1cf-506c-485b-a606-97fced057473"},"geometry":{"type":"Polygon","coordinates":[[[139.67908889193578,35.79407791086183],[139.67914282931332,35.794069765101646],[139.67913822837355,35.79404727402839],[139.67921183550482,35.794037271432984],[139.67928545139887,35.79402730485786],[139.6793084190911,35.79413956275013],[139.67933050792695,35.79413682929519],[139.67933515542245,35.794161598141585],[139.67931347931167,35.79416429607189],[139.67933295630516,35.794259499476695],[139.67918573175837,35.79427946780081],[139.6791833994745,35.79426807620532],[139.6791338521197,35.79427554258436],[139.67908889193578,35.79407791086183]]]}},{"type":"Feature","properties":{"height":9.51,"gml_id":"bldg_c097a73a-618e-4a1b-bc28-ca3f967c7dde"},"geometry":{"type":"Polygon","coordinates":[[[139.68195349173885,35.79449510791853],[139.68195672290443,35.794540261700604],[139.6818573778399,35.794544959732775],[139.68185569644294,35.79452151610589],[139.68185279741022,35.794480934406046],[139.6819227918634,35.79447763167296],[139.6819241434418,35.794496487894165],[139.68195349173885,35.79449510791853]]]}},{"type":"Feature","properties":{"height":30.57,"gml_id":"bldg_f25c9ded-7e97-4e94-b490-d635e829ddda"},"geometry":{"type":"Polygon","coordinates":[[[139.68460481719265,35.794739410732895],[139.68472625363898,35.79473361825483],[139.6847286299669,35.794764568273834],[139.68474332344076,35.79476391131869],[139.68476819898555,35.795105382084614],[139.6847048391144,35.79510736607906],[139.6847060482456,35.795132969625996],[139.68461360066226,35.79513590099046],[139.68461427489282,35.79514515151669],[139.68441612799145,35.7951556711409],[139.68441315997737,35.79511873810012],[139.68432097651984,35.79512360657597],[139.68430941678434,35.794979357619184],[139.68428432740893,35.794980346853386],[139.6842816510648,35.794937150662456],[139.68430595714355,35.79493615595117],[139.6842944409456,35.794792318961164],[139.68438859910134,35.79478731414261],[139.68438588406377,35.79475000374503],[139.68447878767407,35.79474553631127],[139.68458477722598,35.79474041258508],[139.68460481719265,35.794739410732895]]]}},{"type":"Feature","properties":{"height":22.44,"gml_id":"bldg_aa50720d-8798-4751-a548-d149306ca2cb"},"geometry":{"type":"Polygon","coordinates":[[[139.68483517023793,35.79293410950296],[139.68483245082484,35.792905611637416],[139.6848450134109,35.79290483396013],[139.6850644636095,35.792891258159706],[139.68507374021394,35.792996013253656],[139.6849756284844,35.79300195564978],[139.68497922845552,35.79310016081565],[139.6849075822542,35.79310299548862],[139.68485047574927,35.79309430082738],[139.68484937620528,35.79308292708528],[139.68484643100277,35.79305209894163],[139.68483517023793,35.79293410950296]]]}},{"type":"Feature","properties":{"height":3.51,"gml_id":"bldg_41399de4-11e0-4d0d-a33b-cfdc332e780e"},"geometry":{"type":"Polygon","coordinates":[[[139.6777097313407,35.793926734366096],[139.67771444766674,35.79390005048128],[139.67774649739513,35.79390382085756],[139.67774177997504,35.79393050384089],[139.6777097313407,35.793926734366096]]]}},{"type":"Feature","properties":{"height":6.91,"gml_id":"bldg_a0e82ff6-539a-4cdd-a281-5db1d0b39e07"},"geometry":{"type":"Polygon","coordinates":[[[139.68327354679735,35.792785955811496],[139.68329723248172,35.79278448641653],[139.68330599581336,35.792877375580424],[139.68328231892497,35.79287885940972],[139.68328267796116,35.792882665374684],[139.68313818578304,35.79289169681414],[139.68312905476287,35.79279500346486],[139.68327354679735,35.792785955811496]]]}},{"type":"Feature","properties":{"height":8.02,"gml_id":"bldg_e3de5f52-6d7b-4edb-a06b-5edd36ca44e2"},"geometry":{"type":"Polygon","coordinates":[[[139.68026011502712,35.795021150156145],[139.68025617367084,35.79497644340185],[139.6802522389051,35.794931763696106],[139.6804126704438,35.794922398167856],[139.6804205478562,35.795011781915306],[139.68026011502712,35.795021150156145]]]}},{"type":"Feature","properties":{"height":4.69,"gml_id":"bldg_de9a5177-1887-4cd0-8351-be4711c8b576"},"geometry":{"type":"Polygon","coordinates":[[[139.68056079279026,35.794825154625784],[139.6804683614622,35.79482837306004],[139.68046444128166,35.79476100269898],[139.68055691457795,35.79475778161686],[139.68056079279026,35.794825154625784]]]}},{"type":"Feature","properties":{"height":3.22,"gml_id":"bldg_cfc9f1ed-a7e6-4f92-98f5-ecdfa066fb37"},"geometry":{"type":"Polygon","coordinates":[[[139.68199573889868,35.79514424758476],[139.68193511880023,35.795148275134096],[139.68193010811592,35.79509755235463],[139.68199072819655,35.795093513991475],[139.68199573889868,35.79514424758476]]]}},{"type":"Feature","properties":{"height":13.5,"gml_id":"bldg_c83c9689-1cc4-4b90-b482-d944dbad9dc5"},"geometry":{"type":"Polygon","coordinates":[[[139.6845057744705,35.7922620987731],[139.68467824486473,35.79225256036905],[139.68468927570922,35.79238452955449],[139.6845168061373,35.79239406797483],[139.68450686528365,35.79227515623866],[139.6845057744705,35.7922620987731]]]}},{"type":"Feature","properties":{"height":25.81,"gml_id":"bldg_c6e401ce-f74d-43a7-8829-d92e0e64b90d"},"geometry":{"type":"Polygon","coordinates":[[[139.67499873297132,35.794147243658145],[139.67501078678222,35.79407850065803],[139.67533715884062,35.79411647404409],[139.67567099391255,35.7941553306435],[139.67566496162814,35.79418976706722],[139.67598850620013,35.79422741229321],[139.67599330971984,35.794200012015786],[139.67611620875994,35.794214322223894],[139.6761114108345,35.79424171169728],[139.67642215401244,35.79427786620516],[139.6764291526429,35.79423794085866],[139.676979056981,35.79430193041718],[139.67737108816897,35.794347561326504],[139.6773675034333,35.79436804444818],[139.6776425243225,35.79440005821644],[139.67758291250104,35.79474137505738],[139.67494832407246,35.794434823588965],[139.6749504055052,35.79442291043429],[139.674973523071,35.79429101604439],[139.67499873297132,35.794147243658145]]]}},{"type":"Feature","properties":{"height":11.81,"gml_id":"bldg_b353ee5f-22d4-4c99-8699-e6ebb196271d"},"geometry":{"type":"Polygon","coordinates":[[[139.68089532256076,35.79455242844779],[139.6808932235799,35.794532866409234],[139.6809863600854,35.794527491601585],[139.6809919974654,35.79459210688319],[139.68099803979717,35.79459179275525],[139.68100471417728,35.7946689805306],[139.68095744906395,35.794671844633974],[139.68096172793025,35.79472134609644],[139.68089811371897,35.79472453828109],[139.68089883483003,35.7947321862807],[139.680780125476,35.79473959808563],[139.680768322045,35.79461450855506],[139.6807613604178,35.794540704985174],[139.68088007168166,35.79453329770737],[139.68088195426563,35.79455320378893],[139.68089532256076,35.79455242844779]]]}},{"type":"Feature","properties":{"height":9.03,"gml_id":"bldg_ceaf4d20-88a1-4b8f-80a4-fc3668a1c0c6"},"geometry":{"type":"Polygon","coordinates":[[[139.68558736032688,35.79223272437649],[139.68565352652038,35.792230300795204],[139.6856577178411,35.7923059043227],[139.6855915515967,35.792308321596664],[139.68559133511485,35.792304543755215],[139.68554834766132,35.792306099846265],[139.6855464137362,35.79227089868646],[139.6855444082637,35.7922343075503],[139.68558736032688,35.79223272437649]]]}},{"type":"Feature","properties":{"height":9.26,"gml_id":"bldg_cc7fba03-a682-48f4-b7f2-57071940224d"},"geometry":{"type":"Polygon","coordinates":[[[139.6874386184189,35.796447332553434],[139.6874352515197,35.79641659050746],[139.68743183370495,35.79638525711149],[139.68743056603017,35.796373638026544],[139.68747774452464,35.796370166466964],[139.68747905083836,35.79638183517274],[139.68751886204163,35.7963789684817],[139.68751980886893,35.79638756764203],[139.68754022308312,35.79638600511321],[139.68754364021,35.796415315867826],[139.68752301240397,35.79641690878421],[139.68752564792752,35.796441044821655],[139.6874386184189,35.796447332553434]]]}},{"type":"Feature","properties":{"height":14.02,"gml_id":"bldg_c33821ee-c650-4d42-8078-5f17f7995516"},"geometry":{"type":"Polygon","coordinates":[[[139.6826136362943,35.795713009031786],[139.68261078339802,35.795684678614435],[139.6827017878934,35.79568057432202],[139.6827070896808,35.79575788465815],[139.68268119090644,35.795761423374266],[139.68268120174616,35.79576271412625],[139.68263718597672,35.79576293838836],[139.68263706867782,35.79575064738307],[139.68262178346836,35.79575169723033],[139.68261665657874,35.79574292423843],[139.6826136362943,35.795713009031786]]]}},{"type":"Feature","properties":{"height":4.25,"gml_id":"bldg_c9fe4890-958b-41cc-9c0a-fefb9c8f7ec4"},"geometry":{"type":"Polygon","coordinates":[[[139.6825489028031,35.79436996126137],[139.68257845324777,35.79436813070966],[139.68258401359046,35.79442735031913],[139.68252524014716,35.79443100371645],[139.68251967984787,35.794371784104385],[139.6825489028031,35.79436996126137]]]}},{"type":"Feature","properties":{"height":4.12,"gml_id":"bldg_c017aa98-1864-40aa-98c2-00b01775a80b"},"geometry":{"type":"Polygon","coordinates":[[[139.68202193888163,35.79532370222552],[139.68198221431194,35.79532539905205],[139.68198037624694,35.79529703203877],[139.6820201019089,35.7952953352142],[139.68202193888163,35.79532370222552]]]}},{"type":"Feature","properties":{"height":19.34,"gml_id":"bldg_b7efbc5e-23cf-4c11-9573-7934d70c5c8b"},"geometry":{"type":"Polygon","coordinates":[[[139.68534673376368,35.79329119778688],[139.68535492311372,35.79334591104247],[139.68514984031023,35.7933662291787],[139.68514619038663,35.79334188361481],[139.68514438292516,35.79332981946752],[139.68514252304024,35.793317389305834],[139.68513559564786,35.79331836053985],[139.6851274803068,35.793288219173114],[139.6851832080098,35.79327154970372],[139.68518952451598,35.79330704018951],[139.68529697534478,35.79329618592204],[139.68534673376368,35.79329119778688]]]}},{"type":"Feature","properties":{"height":3.66,"gml_id":"bldg_a5c4209f-ba50-4b8e-9843-9802b5eb141e"},"geometry":{"type":"Polygon","coordinates":[[[139.68120045669292,35.794919975055834],[139.68117825656262,35.79492123319684],[139.68117459816654,35.79487871892171],[139.6811968004995,35.79487745988277],[139.68120045669292,35.794919975055834]]]}},{"type":"Feature","properties":{"height":5.77,"gml_id":"bldg_e7b22f6d-80dc-4be2-ac0c-b0c9968c8ee4"},"geometry":{"type":"Polygon","coordinates":[[[139.68619407619272,35.79380058330338],[139.68610866665415,35.79380581387122],[139.68610314544787,35.79374617353125],[139.68618855713564,35.793740942969826],[139.68619407619272,35.79380058330338]]]}},{"type":"Feature","properties":{"height":9.38,"gml_id":"bldg_dd9cfcfa-d9da-419f-8859-da23495d48fc"},"geometry":{"type":"Polygon","coordinates":[[[139.68434909489267,35.79285576552853],[139.68435527328162,35.792855384699976],[139.6843529671925,35.792826622337415],[139.6843977011236,35.792824255816065],[139.68439998140212,35.79285262966222],[139.6844084479193,35.792852107448375],[139.68446359970923,35.79284874068303],[139.68447120886736,35.79291997240025],[139.6843567017383,35.79292699634858],[139.68434909489267,35.79285576552853]]]}},{"type":"Feature","properties":{"height":12.42,"gml_id":"bldg_c779e136-2b84-4d98-8c3a-6d8a8d81ef3e"},"geometry":{"type":"Polygon","coordinates":[[[139.68364284208602,35.79490355501471],[139.6837505544382,35.794899044385616],[139.68375355055872,35.7949461961265],[139.68374163315835,35.79494669777617],[139.6837464213578,35.7950169768787],[139.6836729381513,35.79502030066681],[139.68367325814188,35.795025473934345],[139.6836352577169,35.795027025631306],[139.68363289176693,35.79498899547157],[139.68363702761303,35.79498882485673],[139.6836363202175,35.79497844218329],[139.68362173858173,35.794979021625934],[139.68361884243953,35.794904564395154],[139.68364284208602,35.79490355501471]]]}},{"type":"Feature","properties":{"height":7.85,"gml_id":"bldg_c6bba449-6352-4057-8b03-a8da9fd631b2"},"geometry":{"type":"Polygon","coordinates":[[[139.6838040283878,35.79215440506723],[139.68383412215613,35.79215205389818],[139.68383911145983,35.79219406951633],[139.6837827212491,35.79219850075784],[139.6837777308685,35.79215648513608],[139.6838040283878,35.79215440506723]]]}},{"type":"Feature","properties":{"height":10.31,"gml_id":"bldg_c6289c9d-807b-431e-a7db-534227d268b5"},"geometry":{"type":"Polygon","coordinates":[[[139.68221892009154,35.79481669510626],[139.68224614389214,35.7948149563546],[139.682251892378,35.79487402748782],[139.68224323527173,35.794874586265394],[139.6822751321117,35.79520729077126],[139.68213722332817,35.795216055258436],[139.6821261181396,35.795100246183196],[139.682067112785,35.79510398829793],[139.6820516301679,35.7949448456318],[139.68204595560618,35.79488653983223],[139.682040285507,35.79482821871442],[139.68221892009154,35.79481669510626]]]}},{"type":"Feature","properties":{"height":7.72,"gml_id":"bldg_c4472887-d4ab-477d-96a5-5723d8072c3b"},"geometry":{"type":"Polygon","coordinates":[[[139.68431183180095,35.792120467642825],[139.68430580878956,35.79204240019902],[139.68438847103198,35.79203817972598],[139.6843944941273,35.79211624536319],[139.68431183180095,35.792120467642825]]]}},{"type":"Feature","properties":{"height":4.42,"gml_id":"bldg_c04d1e8d-29f6-41e0-9e58-78a7f4e16a52"},"geometry":{"type":"Polygon","coordinates":[[[139.67891707037353,35.79517068091206],[139.67893996359032,35.795168068442756],[139.6789534866198,35.79524636386623],[139.67890770564094,35.79525160503689],[139.67889418154917,35.79517330960702],[139.67891707037353,35.79517068091206]]]}},{"type":"Feature","properties":{"height":4.48,"gml_id":"bldg_ad9fcca6-f395-4f1e-89f4-8670d9cdad15"},"geometry":{"type":"Polygon","coordinates":[[[139.68575607310055,35.79239154105607],[139.68570067057428,35.79239429518625],[139.68569846677366,35.792369189766276],[139.68575418018526,35.792366419794284],[139.68575607310055,35.79239154105607]]]}},{"type":"Feature","properties":{"height":10.3,"gml_id":"bldg_c1a7d04e-dc1c-4a4e-bf36-62b2af8dbeab"},"geometry":{"type":"Polygon","coordinates":[[[139.6816925348536,35.794021100519075],[139.68168471093458,35.79394187426321],[139.6816826845058,35.79392129920596],[139.68168181620888,35.79391247385611],[139.68176141686752,35.793906040310276],[139.68177227607995,35.79401527285338],[139.6816925348536,35.794021100519075]]]}},{"type":"Feature","properties":{"height":8.85,"gml_id":"bldg_df59d79e-caa2-4166-9d8d-7c1e194fb0e0"},"geometry":{"type":"Polygon","coordinates":[[[139.6815653462071,35.79385824026123],[139.68160299914993,35.79385588387004],[139.6816130593237,35.793961647010065],[139.68152469257,35.79396720679465],[139.68151463361733,35.793861444550345],[139.6815653462071,35.79385824026123]]]}},{"type":"Feature","properties":{"height":2.74,"gml_id":"bldg_adc3e66b-d344-469f-9841-7e8bac5d563d"},"geometry":{"type":"Polygon","coordinates":[[[139.6803071649111,35.79391893366157],[139.6802783776839,35.793943403031015],[139.68027188870897,35.79391530948531],[139.68030517717608,35.79390952189861],[139.6803071649111,35.79391893366157]]]}},{"type":"Feature","properties":{"height":52.24,"gml_id":"bldg_d2e6ca0c-afd7-4dd2-a70f-732f1e0f9891"},"geometry":{"type":"Polygon","coordinates":[[[139.67911593765973,35.79214705241261],[139.67912749949718,35.792017733736856],[139.67928185238998,35.792026919891086],[139.67926980297625,35.792156209113735],[139.67911593765973,35.79214705241261]]]}},{"type":"Feature","properties":{"height":11.3,"gml_id":"bldg_b974aaf2-dd65-475d-87c7-51e85216fcb0"},"geometry":{"type":"Polygon","coordinates":[[[139.68284921790516,35.794480554136754],[139.6828463685604,35.79445149182427],[139.68291426856163,35.79444706010162],[139.68292226319755,35.79452853987041],[139.68285435876325,35.794532939143146],[139.68284921790516,35.794480554136754]]]}},{"type":"Feature","properties":{"height":3.83,"gml_id":"bldg_c3e58f64-d6f8-423e-a949-b370829712f9"},"geometry":{"type":"Polygon","coordinates":[[[139.67860188960177,35.79522859781889],[139.6786188407114,35.79522651767477],[139.67863015676522,35.795287432195174],[139.67859625781432,35.7952916051073],[139.67858494178753,35.79523068968246],[139.67860188960177,35.79522859781889]]]}},{"type":"Feature","properties":{"height":9.82,"gml_id":"bldg_cfe14bc0-aed0-401f-a4dc-3047c1474cf4"},"geometry":{"type":"Polygon","coordinates":[[[139.6825424426749,35.79319072712672],[139.68255045254438,35.79324748101244],[139.68252643333665,35.793249731315626],[139.6825287533607,35.79327370393271],[139.682555281034,35.7932712296334],[139.68256536954587,35.7933427088402],[139.68253570152362,35.79334548836776],[139.68253620828676,35.793350723166],[139.6823764201514,35.793360971162],[139.6823582118469,35.79317286185799],[139.68243686873953,35.79316780394723],[139.6825179973918,35.79316261568489],[139.682520917592,35.793192735388324],[139.6825424426749,35.79319072712672]]]}},{"type":"Feature","properties":{"height":9.79,"gml_id":"bldg_a54cb4d5-3867-4449-8bed-8fcde01e8e2a"},"geometry":{"type":"Polygon","coordinates":[[[139.67928619599186,35.794827460111094],[139.6792733730428,35.79482939240882],[139.679232286035,35.79465039760354],[139.67931093798842,35.79463843556199],[139.67935202406028,35.794817430339734],[139.6793285504793,35.794821006592954],[139.67933935164174,35.79486806658499],[139.67929699714233,35.79487451379735],[139.67928619599186,35.794827460111094]]]}},{"type":"Feature","properties":{"height":4.04,"gml_id":"bldg_c3e20531-cc7f-47b4-a913-c63598332067"},"geometry":{"type":"Polygon","coordinates":[[[139.68627890462338,35.79464273281166],[139.6862240534572,35.794645631169764],[139.68622211121263,35.794621355334094],[139.68627696236217,35.79461845697683],[139.68627890462338,35.79464273281166]]]}},{"type":"Feature","properties":{"height":10.85,"gml_id":"bldg_c9b43286-0027-4847-8232-eb7b0ce803ab"},"geometry":{"type":"Polygon","coordinates":[[[139.6825396538179,35.79467795939049],[139.6825475735196,35.79467769531085],[139.6826339686358,35.79467493010714],[139.68263588670033,35.79471436403584],[139.68254139150912,35.79471738948899],[139.68254098502518,35.79470826187066],[139.68252915647548,35.79470859676119],[139.68252780637462,35.794678342028945],[139.6825396538179,35.79467795939049]]]}},{"type":"Feature","properties":{"height":8.8,"gml_id":"bldg_c9fe6a6a-64a0-49f9-9c2b-dda7002c169b"},"geometry":{"type":"Polygon","coordinates":[[[139.68719375383853,35.795658271418915],[139.68719294428558,35.79564964898667],[139.68726246456816,35.795645330350204],[139.68726896508923,35.79571447748511],[139.6871670424803,35.7957208136292],[139.68716412643423,35.79568983596547],[139.68717437025677,35.79568919764069],[139.6871715943056,35.79565965239833],[139.68719375383853,35.795658271418915]]]}},{"type":"Feature","properties":{"height":6.01,"gml_id":"bldg_36c585e5-d7d7-4b4f-a993-929df3242f8d"},"geometry":{"type":"Polygon","coordinates":[[[139.67750069813468,35.79352527012702],[139.67750739787576,35.793484560146766],[139.6775669630307,35.79349108290696],[139.6775602633212,35.79353179198922],[139.67750069813468,35.79352527012702]]]}},{"type":"Feature","properties":{"height":3.84,"gml_id":"bldg_c5c3aa4a-c199-49c6-965e-35981258f879"},"geometry":{"type":"Polygon","coordinates":[[[139.6782473180862,35.79489468341014],[139.67824829621165,35.794887222364345],[139.67825324304695,35.794879064282746],[139.67826083116648,35.79487238872886],[139.67826902805947,35.79486898316952],[139.67827563696363,35.79486976054711],[139.6782788892213,35.79487452118465],[139.67827791109886,35.794881982230706],[139.6782729642659,35.79489014031333],[139.67826537614567,35.79489681586798],[139.67825717924967,35.79490022142703],[139.67825057034315,35.79489944404845],[139.6782473180862,35.79489468341014]]]}},{"type":"Feature","properties":{"height":10.59,"gml_id":"bldg_c01932f3-a760-4907-9023-074eb66e78f9"},"geometry":{"type":"Polygon","coordinates":[[[139.68469400831694,35.79250998137086],[139.68469799503146,35.792550019943725],[139.68468708544088,35.79255073925849],[139.68468829954622,35.79256295681217],[139.68464393537826,35.7925658638103],[139.68464271681583,35.79255366698182],[139.68461515076802,35.79255546624513],[139.68461054623134,35.79250918683063],[139.68465666962402,35.792506163041246],[139.6846572941659,35.7925123840585],[139.68469400831694,35.79250998137086]]]}},{"type":"Feature","properties":{"height":3.22,"gml_id":"bldg_4a63a3d6-5789-4d12-9749-6ac12240ebb7"},"geometry":{"type":"Polygon","coordinates":[[[139.67769824940135,35.7939604238293],[139.6777018649527,35.79393997048082],[139.6777286287444,35.79394311929666],[139.67772501320155,35.79396357174459],[139.67769824940135,35.7939604238293]]]}},{"type":"Feature","properties":{"height":7.12,"gml_id":"bldg_cdc69082-8a4f-4a3c-b989-447190b8c1ed"},"geometry":{"type":"Polygon","coordinates":[[[139.68196537792858,35.793052675370824],[139.6821025792414,35.793044563665134],[139.6821086114168,35.79313829945247],[139.68197219947623,35.79312911066787],[139.68189934647307,35.79312419398985],[139.68189624484216,35.79309069757053],[139.6818931259796,35.79305695505961],[139.68196537792858,35.793052675370824]]]}},{"type":"Feature","properties":{"height":13.8,"gml_id":"bldg_f6e279dd-6377-44ed-9021-9f849292b1c8"},"geometry":{"type":"Polygon","coordinates":[[[139.68144475409207,35.79281808051857],[139.68151915874566,35.79268700042368],[139.68214690716678,35.79264337803823],[139.68215591440784,35.792733525674095],[139.6822176030445,35.79272919379352],[139.6822208572233,35.79275989800346],[139.68144475409207,35.79281808051857]]]}},{"type":"Feature","properties":{"height":7.03,"gml_id":"bldg_c38196a6-fd61-470f-b812-d494ea5d8085"},"geometry":{"type":"Polygon","coordinates":[[[139.68198283052826,35.7949082857705],[139.68197982467055,35.79488373902526],[139.68200907652107,35.794881369228456],[139.68201207474414,35.79490586278351],[139.68202114707762,35.79490512337302],[139.6820416826,35.79506937045874],[139.68193953399694,35.79507783358998],[139.68191900089545,35.79491358649032],[139.68196964191588,35.79490937873516],[139.68198283052826,35.7949082857705]]]}},{"type":"Feature","properties":{"height":20.82,"gml_id":"bldg_58dea333-4637-4446-86e2-e8118ec091b4"},"geometry":{"type":"Polygon","coordinates":[[[139.6857809919333,35.79261521022593],[139.68577728325968,35.79255074623353],[139.6858743535524,35.79254708142966],[139.68587961501478,35.792638194957654],[139.6858672068207,35.79263866827475],[139.6858676345599,35.79264367762434],[139.6858340698807,35.79264557887404],[139.6858369201038,35.792678911742655],[139.68582293259843,35.792679705802676],[139.6858282672962,35.79270542257262],[139.6857073421138,35.792712248847444],[139.68570690548546,35.792707265625694],[139.68561689240553,35.792712601060984],[139.68561494306635,35.79269347824087],[139.685611347717,35.79265811550359],[139.68560799380145,35.79262500644797],[139.6857809919333,35.79261521022593]]]}},{"type":"Feature","properties":{"height":6.35,"gml_id":"bldg_df3b5324-ca8c-4284-8ece-e96f419a8412"},"geometry":{"type":"Polygon","coordinates":[[[139.68655618993628,35.79316196947324],[139.68648633738204,35.79316704623988],[139.68646959823033,35.79301460141069],[139.68653945064716,35.79300952735738],[139.68655618993628,35.79316196947324]]]}},{"type":"Feature","properties":{"height":7.16,"gml_id":"bldg_cc791e64-c465-49d3-8578-1cf9321cf289"},"geometry":{"type":"Polygon","coordinates":[[[139.6815413370731,35.79303020636363],[139.6815386944761,35.79300789000838],[139.68161511717977,35.793001887899464],[139.6816241759899,35.79308265253875],[139.68151465355717,35.79309079053704],[139.68150813391776,35.79303267832016],[139.6815413370731,35.79303020636363]]]}},{"type":"Feature","properties":{"height":6.18,"gml_id":"bldg_c60c86fe-9dac-488c-bb15-120f64ae31c4"},"geometry":{"type":"Polygon","coordinates":[[[139.68235533606912,35.79491242980327],[139.6824081407865,35.79490896188759],[139.68243272442095,35.79515614303896],[139.68232783161383,35.795163056332854],[139.68230324830398,35.79491587425974],[139.68235533606912,35.79491242980327]]]}},{"type":"Feature","properties":{"height":10.87,"gml_id":"bldg_cd469493-dab5-423c-99fe-41dbfad2f9c1"},"geometry":{"type":"Polygon","coordinates":[[[139.6813102609229,35.794398736652546],[139.68134114187072,35.79439656737542],[139.6813459205518,35.79444108947867],[139.6812734289074,35.7944462346906],[139.68126864804861,35.79440171528586],[139.6813102609229,35.794398736652546]]]}},{"type":"Feature","properties":{"height":5.4,"gml_id":"bldg_c2b5f2ee-0b49-450b-9ea3-16dcb66bdaee"},"geometry":{"type":"Polygon","coordinates":[[[139.68632039272816,35.79346777944307],[139.68631491489785,35.79339713002406],[139.68634888783143,35.793395383271324],[139.68634829562612,35.793387748078636],[139.68641967803234,35.79338408928902],[139.68642024332797,35.79339132154324],[139.68645690375683,35.79338944644589],[139.6864622639013,35.79345858594692],[139.68642843699118,35.79346032569921],[139.6864290151725,35.79346777068858],[139.68635617441268,35.793471506118784],[139.68635574096663,35.79346597217655],[139.68632039272816,35.79346777944307]]]}},{"type":"Feature","properties":{"height":11.11,"gml_id":"bldg_c5677839-3e68-4231-a00e-0fbf73c3d7f6"},"geometry":{"type":"Polygon","coordinates":[[[139.68277178922267,35.794484261821864],[139.6827690245968,35.79445604959035],[139.68283692350138,35.79445161700866],[139.68284483447175,35.79453224760243],[139.68277693003017,35.7945366468314],[139.68277178922267,35.794484261821864]]]}},{"type":"Feature","properties":{"height":15.48,"gml_id":"bldg_c898ca9b-fe7b-4608-9765-e2079e2caab2"},"geometry":{"type":"Polygon","coordinates":[[[139.6809283815315,35.793681432625306],[139.68089259710072,35.793682704141474],[139.6808913504784,35.79366463762551],[139.68088926744662,35.79363442069936],[139.6808880273587,35.793616409174085],[139.680924787637,35.793615087519],[139.68092336420855,35.79358879862836],[139.68227029380714,35.79354038669115],[139.6822769731155,35.79366350921719],[139.68213189585532,35.7936687277849],[139.68213368638257,35.79370175834911],[139.6820173889009,35.7937059142144],[139.6820166981122,35.79369330791021],[139.6820161571956,35.793683346367054],[139.68182223187435,35.79368928184813],[139.6818206866451,35.79365589825773],[139.68180413262323,35.79365649392338],[139.6818055214129,35.793694188492765],[139.68174515509278,35.79369565281778],[139.6817437893303,35.793658664036926],[139.68163166077292,35.79366269679272],[139.68163363628233,35.7936989923015],[139.68142028272084,35.79370663141824],[139.68141840775849,35.79367219823037],[139.68118790048283,35.79368048767132],[139.6811888735631,35.79370279831379],[139.6810113499109,35.793707923092356],[139.6810104297985,35.79368686900302],[139.68092884021118,35.79368977794139],[139.6809283815315,35.793681432625306]]]}},{"type":"Feature","properties":{"height":8.17,"gml_id":"bldg_e30d4457-e2bd-4c38-a808-c8525d2e56df"},"geometry":{"type":"Polygon","coordinates":[[[139.68110289550108,35.794119092459816],[139.6811231569911,35.79411789677568],[139.6811223381615,35.794108689310725],[139.68119148080538,35.794104614365594],[139.68119509850897,35.79414524746864],[139.6811850961103,35.794145837818085],[139.68119066323302,35.794208495265174],[139.6810069931207,35.794218066748876],[139.68100437403984,35.79418870453313],[139.68100195221734,35.79416148869066],[139.68099990726287,35.794138536729236],[139.68105287904245,35.79413540762712],[139.68107748561138,35.79413395245548],[139.68107630395312,35.79412066229914],[139.68110289550108,35.794119092459816]]]}},{"type":"Feature","properties":{"height":8.97,"gml_id":"bldg_cc0897a2-3e6c-4471-b339-3368b6b60db4"},"geometry":{"type":"Polygon","coordinates":[[[139.68272884749766,35.792935378200426],[139.6827891194048,35.79293027990421],[139.6827970259999,35.79299201092396],[139.68267987010853,35.793001957556875],[139.68267340282492,35.79295200091849],[139.68267196139558,35.79294022382293],[139.68272884749766,35.792935378200426]]]}},{"type":"Feature","properties":{"height":6.23,"gml_id":"bldg_c5a06ce2-66a3-499e-a56a-2af173896026"},"geometry":{"type":"Polygon","coordinates":[[[139.6839143612923,35.79412364659278],[139.683920176956,35.79411378219162],[139.68393325950095,35.794111347666274],[139.68394375800838,35.794118176748576],[139.68394376517827,35.794129122799276],[139.6839332732082,35.794135940223214],[139.68392018981075,35.79413350923914],[139.6839143612923,35.79412364659278]]]}},{"type":"Feature","properties":{"height":7.64,"gml_id":"bldg_ce5880f4-800e-4a4d-94ad-4b8febab5d6f"},"geometry":{"type":"Polygon","coordinates":[[[139.68389381984946,35.79225889350997],[139.68389128805865,35.79223850894256],[139.6838886495573,35.79221721297333],[139.68394572172917,35.79221253195294],[139.68395089094454,35.79225421248586],[139.68389381984946,35.79225889350997]]]}},{"type":"Feature","properties":{"height":11.12,"gml_id":"bldg_c8fad96b-98ec-495e-b852-615e33089e74"},"geometry":{"type":"Polygon","coordinates":[[[139.68586215671326,35.79281578628162],[139.68578819982017,35.79281975345063],[139.6857815675953,35.792738285432776],[139.6858555244149,35.79273431736626],[139.68586215671326,35.79281578628162]]]}},{"type":"Feature","properties":{"height":13.63,"gml_id":"bldg_c23f7a2f-21d5-4d1b-948a-59d286c52632"},"geometry":{"type":"Polygon","coordinates":[[[139.6834948072117,35.79448411041008],[139.68349517214583,35.79448949825677],[139.6835612972174,35.79448702530287],[139.68356003090668,35.79446556249046],[139.68364498744535,35.79446224584349],[139.68364840702128,35.79452011972144],[139.6836874337901,35.79451862067444],[139.68369307113903,35.79460153061073],[139.6836557090273,35.79460321470653],[139.6836601349501,35.7946684016177],[139.68342174772317,35.79467912008412],[139.6834131070443,35.794549622623244],[139.68340899671102,35.79448792974292],[139.6834948072117,35.79448411041008]]]}},{"type":"Feature","properties":{"height":7.53,"gml_id":"bldg_cd468c32-559d-4201-bcbd-c9911be444c5"},"geometry":{"type":"Polygon","coordinates":[[[139.68272490710473,35.79502237531902],[139.68272062689755,35.79492726902376],[139.68276792960663,35.79492446286258],[139.68276926437346,35.79495585868568],[139.6828184373005,35.79495279976343],[139.68282135850006,35.79501650839987],[139.68272490710473,35.79502237531902]]]}},{"type":"Feature","properties":{"height":8.87,"gml_id":"bldg_c79a6fc9-c26b-4f94-8f85-2c6bf5aa9f04"},"geometry":{"type":"Polygon","coordinates":[[[139.68271451452,35.7948181317615],[139.68271379505677,35.79480717310229],[139.68278474302792,35.79480408378184],[139.68278404217372,35.794793811977925],[139.68281301092415,35.79479251965009],[139.6828157552062,35.794832706338596],[139.6828114334704,35.79483289291685],[139.6828144040611,35.794875100723594],[139.68271367146727,35.79487969497127],[139.6827094846474,35.79481835891133],[139.68271451452,35.7948181317615]]]}},{"type":"Feature","properties":{"height":11.15,"gml_id":"bldg_c64cbff1-27e5-44ac-9286-233fe0c1f70f"},"geometry":{"type":"Polygon","coordinates":[[[139.68537057986802,35.793845381378674],[139.68532246290314,35.79384798205409],[139.68531805067943,35.793794385721256],[139.68536616982146,35.79379178685295],[139.68537057986802,35.793845381378674]]]}},{"type":"Feature","properties":{"height":9.18,"gml_id":"bldg_fac4cd52-fb99-4670-b787-7f261b9a832b"},"geometry":{"type":"Polygon","coordinates":[[[139.68745053854434,35.79633529704541],[139.68744374332934,35.79625596787908],[139.6874628097395,35.796254525410724],[139.68746174874187,35.796242416240204],[139.6874815813303,35.79624126313155],[139.6874975013536,35.79624036125854],[139.68749814387877,35.79624595944392],[139.6875223583378,35.79624383637855],[139.68752646068677,35.796274747867976],[139.68751644868487,35.79627562896786],[139.68752121387303,35.796331297839714],[139.68745053854434,35.79633529704541]]]}},{"type":"Feature","properties":{"height":3.03,"gml_id":"bldg_cdf44054-247b-41a8-9078-36d6d974e2a2"},"geometry":{"type":"Polygon","coordinates":[[[139.6752796385218,35.79481634469236],[139.67528328301694,35.794793340627436],[139.67534769312917,35.79480012503672],[139.6753440475477,35.794823128200825],[139.6752796385218,35.79481634469236]]]}},{"type":"Feature","properties":{"height":4.53,"gml_id":"bldg_c420fe52-c37f-4c9b-8af1-cb38347ee446"},"geometry":{"type":"Polygon","coordinates":[[[139.67834732085439,35.794941314993885],[139.6783490269877,35.79493611187539],[139.6783536920879,35.7949323105704],[139.67836006623898,35.79493091898374],[139.67836643941249,35.794932309874376],[139.67837110524002,35.79493611058681],[139.67837281550644,35.79494131360185],[139.67837111048263,35.79494651582077],[139.67836644427607,35.79495031712501],[139.6783600712299,35.79495170871341],[139.67835369694862,35.79495031782102],[139.6783490311211,35.794946517107924],[139.67834732085439,35.794941314993885]]]}},{"type":"Feature","properties":{"height":8.5,"gml_id":"bldg_ce1332e4-dcbe-474b-b409-8a2e3383d757"},"geometry":{"type":"Polygon","coordinates":[[[139.68686488001833,35.795557251332106],[139.6868641472098,35.795550236104745],[139.68693994106007,35.79554498518469],[139.68694496777974,35.79559293881619],[139.6869287011711,35.79559406913811],[139.68692925883082,35.795599466221866],[139.68682875685033,35.79560643385545],[139.68682614560583,35.79558125496298],[139.68682395853173,35.79556005786659],[139.68686488001833,35.795557251332106]]]}},{"type":"Feature","properties":{"height":11.66,"gml_id":"bldg_cbc2f15e-12e5-437f-89fd-f4cfea6af6c1"},"geometry":{"type":"Polygon","coordinates":[[[139.68259298937218,35.79444255389104],[139.68253544256476,35.79385788704046],[139.6826520610121,35.79385025004778],[139.68274968684713,35.79384389161447],[139.68277092991892,35.7940594959335],[139.68278117030817,35.79405882552959],[139.68299381174586,35.79404497007666],[139.68303013913578,35.79441400633396],[139.68259298937218,35.79444255389104]]]}},{"type":"Feature","properties":{"height":11.17,"gml_id":"bldg_c06cffb9-5cbe-43f2-aa52-97b64fe6f445"},"geometry":{"type":"Polygon","coordinates":[[[139.68267086277632,35.79451034316579],[139.68266912570914,35.79448813253216],[139.6826664307914,35.79445348832471],[139.68271658495726,35.7944508984757],[139.68275480051255,35.79444894533424],[139.68275637998372,35.79447319012505],[139.68276137776593,35.794472954820876],[139.6827639216966,35.79450555366521],[139.68267086277632,35.79451034316579]]]}},{"type":"Feature","properties":{"height":9.65,"gml_id":"bldg_c9f14fbc-2858-48fc-8901-9fbcf36bf665"},"geometry":{"type":"Polygon","coordinates":[[[139.68721024210447,35.796007401065],[139.68720533564218,35.79595530046558],[139.6872032650734,35.795933254443725],[139.68729354443326,35.79592641289051],[139.68729620922124,35.79594962508288],[139.68730497256436,35.795949096716754],[139.68730987798497,35.79600119731095],[139.68721024210447,35.796007401065]]]}},{"type":"Feature","properties":{"height":27.17,"gml_id":"bldg_cf14ee8f-3de2-4774-8482-3947112da46e"},"geometry":{"type":"Polygon","coordinates":[[[139.67901147235983,35.79389335486386],[139.67901070884096,35.79386596804913],[139.6789878192392,35.793866333462354],[139.67897726740716,35.79348630550524],[139.67936338238076,35.79347919943091],[139.67943154659557,35.79347798243729],[139.67965148974062,35.793473985023304],[139.6796600942564,35.79378394549496],[139.67969844431036,35.79378325989852],[139.67969857186617,35.79378768751185],[139.67972889523227,35.79378713766884],[139.67973048965678,35.79384451809191],[139.67970016403888,35.79384507694593],[139.67970049918966,35.79385718165553],[139.67946886169375,35.79386142738903],[139.67946721459654,35.79380219912001],[139.67944056988725,35.79380268960913],[139.6794421049874,35.79385802478772],[139.6791653651206,35.79386312076807],[139.6791661253422,35.79389052380205],[139.67901147235983,35.79389335486386]]]}},{"type":"Feature","properties":{"height":9.02,"gml_id":"bldg_c4c9b304-ffb7-47dc-a031-ed24e325a1d1"},"geometry":{"type":"Polygon","coordinates":[[[139.6874004537858,35.795928478801734],[139.6873996666045,35.79591849895976],[139.6874911004104,35.79591378044585],[139.6874951466961,35.79598625328792],[139.68742150455984,35.7959889608442],[139.68742093759673,35.79597895062366],[139.6873971359425,35.79597983390716],[139.68739575602274,35.79595579042582],[139.6873942157048,35.79592870918778],[139.6874004537858,35.795928478801734]]]}},{"type":"Feature","properties":{"height":11.42,"gml_id":"bldg_c46d7bbd-16a9-4051-8681-166e39706b0c"},"geometry":{"type":"Polygon","coordinates":[[[139.68467715603805,35.7933836502683],[139.68472376619738,35.7933814995667],[139.68472788945894,35.7933832884423],[139.68473272917126,35.79338769483391],[139.6847355690919,35.79342811055118],[139.68478683399795,35.79342573933769],[139.68479136495432,35.79349023681497],[139.6845993022078,35.79349916255864],[139.68459307608634,35.79341055536291],[139.68459210940156,35.79339677066142],[139.68460076223244,35.793387131468684],[139.68464543935815,35.79338513524199],[139.68464847981778,35.793389736808585],[139.68467576158474,35.79338866187539],[139.68467715603805,35.7933836502683]]]}},{"type":"Feature","properties":{"height":9.37,"gml_id":"bldg_cee0eef4-5f57-4cc2-ad5d-a5ce14e1858c"},"geometry":{"type":"Polygon","coordinates":[[[139.6789554428267,35.79513016566438],[139.67895168723055,35.7950664432486],[139.67894793821728,35.79500275238789],[139.67922905239672,35.79499178389114],[139.67923655634422,35.79511919895274],[139.6789554428267,35.79513016566438]]]}},{"type":"Feature","properties":{"height":5.35,"gml_id":"bldg_cdd9626c-b16d-42a4-9688-6bf5cfeb2e56"},"geometry":{"type":"Polygon","coordinates":[[[139.68483753632353,35.79225163681057],[139.6848371981356,35.792247290062974],[139.68486536414952,35.79224583941207],[139.68486462946532,35.792236374285835],[139.68489481466207,35.79223483057762],[139.68490026765173,35.79230503297114],[139.68483924660808,35.79230816644955],[139.68483486433098,35.79225177412198],[139.68483753632353,35.79225163681057]]]}},{"type":"Feature","properties":{"height":5.92,"gml_id":"bldg_d15371ce-965f-4600-8f26-3d9b5c6373d5"},"geometry":{"type":"Polygon","coordinates":[[[139.68383789243583,35.79214024994437],[139.68376970617422,35.79214561023139],[139.68376264758027,35.792086168859306],[139.68383083489618,35.79208080947884],[139.68383789243583,35.79214024994437]]]}},{"type":"Feature","properties":{"height":19.55,"gml_id":"bldg_c8bfd131-d232-4128-b427-3c5bbbd88f9e"},"geometry":{"type":"Polygon","coordinates":[[[139.68136043969912,35.792799356515765],[139.68132054143572,35.79278428050978],[139.68131614765403,35.79272534622828],[139.68129506542863,35.79244206363888],[139.68139707955598,35.79243450944258],[139.68140141750996,35.792477462645024],[139.68141721893275,35.792476319862956],[139.6814221436453,35.79252022563563],[139.68144277932316,35.79251868064418],[139.68144286436493,35.79251933783875],[139.68146803289665,35.792528106454405],[139.68149385924113,35.792537111148896],[139.6815083146714,35.79254216616877],[139.68149661377703,35.79256395965663],[139.6815610976607,35.79258713646284],[139.6814245744099,35.7928235523846],[139.6813992579268,35.79281400119787],[139.68138491253475,35.792839454435196],[139.68134607643148,35.79282489625589],[139.68136043969912,35.792799356515765]]]}},{"type":"Feature","properties":{"height":12.71,"gml_id":"bldg_bf2f6326-fa74-4ad0-be38-fb78f4370a2c"},"geometry":{"type":"Polygon","coordinates":[[[139.68150324939134,35.79253258288554],[139.68152398595134,35.79249544804036],[139.68155547483823,35.79250713148421],[139.68159926717817,35.79252339850881],[139.6815737594782,35.79256907037946],[139.68152996601387,35.79255280244288],[139.68153300772812,35.79254732604996],[139.68152797427655,35.79254543676663],[139.6815296505897,35.79254239771419],[139.68150324939134,35.79253258288554]]]}},{"type":"Feature","properties":{"height":8.9,"gml_id":"bldg_b73e1be9-c4ac-4bcd-8ac6-8c25aa8f2b38"},"geometry":{"type":"Polygon","coordinates":[[[139.68686342665507,35.794941551925035],[139.68686077419048,35.794915328311234],[139.6868578709331,35.79488650488731],[139.68706251798844,35.794872830801395],[139.68706807384902,35.794927878731464],[139.68686342665507,35.794941551925035]]]}},{"type":"Feature","properties":{"height":4.32,"gml_id":"bldg_cc07b656-2050-4049-bfa2-ed37ab3d733a"},"geometry":{"type":"Polygon","coordinates":[[[139.67571598237006,35.794773019743424],[139.67572439186145,35.79472083247269],[139.6757630835894,35.79472496811823],[139.67580305174678,35.794729253245634],[139.67579010041698,35.79480963882948],[139.67571144045385,35.79480121804796],[139.67571353053708,35.79478823318247],[139.67568915004682,35.79478542234661],[139.67569177995543,35.79477023437944],[139.67571598237006,35.794773019743424]]]}},{"type":"Feature","properties":{"height":5.89,"gml_id":"bldg_c1fb4f50-ff03-4ee4-bd14-ffcffa64fe1f"},"geometry":{"type":"Polygon","coordinates":[[[139.6829414992182,35.79243419673469],[139.68293688927014,35.79239483063588],[139.68293228593382,35.792355480769245],[139.68302297683235,35.792348448236446],[139.68303218799107,35.792427165093834],[139.6829414992182,35.79243419673469]]]}},{"type":"Feature","properties":{"height":12.88,"gml_id":"bldg_cc1004b6-faec-4e9b-aa20-2979e11e4a96"},"geometry":{"type":"Polygon","coordinates":[[[139.68138741671308,35.79488586357434],[139.681386481122,35.7948746243134],[139.6814604979002,35.79487053284037],[139.6814600252239,35.794864859122775],[139.6814950380877,35.79486293208144],[139.68149644859233,35.79487984145644],[139.6815371331523,35.79487761871004],[139.68157242411297,35.79530136891435],[139.68134882687696,35.79531370814603],[139.68131353488752,35.7948899569757],[139.68138741671308,35.79488586357434]]]}},{"type":"Feature","properties":{"height":6.92,"gml_id":"bldg_e9a3d536-3a15-4fee-9c1a-5f07817ffe8c"},"geometry":{"type":"Polygon","coordinates":[[[139.67738509769524,35.79476260332559],[139.67702611507394,35.79472220452252],[139.67701782688184,35.79477051081392],[139.67536697921267,35.7945825437618],[139.67538319166397,35.79448800674454],[139.67758930729408,35.79474301118543],[139.6775772893996,35.79478423164976],[139.67749378870766,35.79477483500537],[139.67748902328714,35.79480053363427],[139.67738054354592,35.79478717282801],[139.67738509769524,35.79476260332559]]]}},{"type":"Feature","properties":{"height":4.01,"gml_id":"bldg_ca0364a8-e926-429d-b0c9-6703fd1922ca"},"geometry":{"type":"Polygon","coordinates":[[[139.68003611519117,35.795625844350695],[139.67995372776738,35.79563008651157],[139.6799474635113,35.795549531757345],[139.68002984974416,35.795545290500435],[139.68003611519117,35.795625844350695]]]}},{"type":"Feature","properties":{"height":8.71,"gml_id":"bldg_c4583f1b-f28c-43d4-b9e6-5b9160349e95"},"geometry":{"type":"Polygon","coordinates":[[[139.6868922226858,35.79581037484285],[139.6868915557563,35.795803027998005],[139.68697094462772,35.79579825825345],[139.68697529129602,35.795846034388575],[139.68687676135076,35.79585195799047],[139.68687607691086,35.79584450746859],[139.6868547351237,35.79584577761769],[139.68685173321927,35.79581281686444],[139.6868922226858,35.79581037484285]]]}},{"type":"Feature","properties":{"height":21.63,"gml_id":"bldg_e4dd34ab-7d1e-40d0-97eb-699be7029194"},"geometry":{"type":"Polygon","coordinates":[[[139.67656720257523,35.795439832714784],[139.67657513185475,35.79539362254081],[139.67662098061504,35.795126919487025],[139.67662899468726,35.795080315525986],[139.67677731645162,35.79509709815248],[139.67677802140247,35.795093044781574],[139.67692151328146,35.795109634361246],[139.67688669714258,35.795309655324104],[139.6771353628832,35.79533908061906],[139.67710839022294,35.79549044684551],[139.67707699916085,35.79548673484199],[139.67707151593262,35.795516752706064],[139.67673101180065,35.79547575059555],[139.67673407742484,35.79545887764337],[139.67656720257523,35.795439832714784]]]}},{"type":"Feature","properties":{"height":7.57,"gml_id":"bldg_ceafdf47-f171-476d-82b6-1703cdbbcfeb"},"geometry":{"type":"Polygon","coordinates":[[[139.68589716343538,35.794219272573486],[139.6857845448828,35.79422592072376],[139.68578038273165,35.79417930480254],[139.6858930023201,35.79417265936135],[139.68589716343538,35.794219272573486]]]}},{"type":"Feature","properties":{"height":6.93,"gml_id":"bldg_d2be9595-30c0-4a3c-b54d-26f42f47f376"},"geometry":{"type":"Polygon","coordinates":[[[139.6851008418412,35.79289825785997],[139.6851218010691,35.79289705154527],[139.68512827238087,35.79297068572987],[139.68508388759773,35.79297326116616],[139.68507741632672,35.79289962697931],[139.6851008418412,35.79289825785997]]]}},{"type":"Feature","properties":{"height":12.3,"gml_id":"bldg_ce63e929-bce7-42b1-8fe9-4898a7b88fdc"},"geometry":{"type":"Polygon","coordinates":[[[139.68135048772365,35.79467976292282],[139.68136566205493,35.794678741939954],[139.6813757192819,35.79477548072741],[139.6812992620009,35.794780729104914],[139.6812892037613,35.794683989408625],[139.68135048772365,35.79467976292282]]]}},{"type":"Feature","properties":{"height":9.81,"gml_id":"bldg_cad0bd25-634f-44f8-b249-3fc752a7aad4"},"geometry":{"type":"Polygon","coordinates":[[[139.6845333002566,35.792600514713506],[139.68460729072234,35.79259685932474],[139.68461165807517,35.79265524723678],[139.68460847159318,35.792655405539286],[139.6846104522721,35.792681922222236],[139.68453965363162,35.79268547880822],[139.6845333002566,35.792600514713506]]]}},{"type":"Feature","properties":{"height":8.89,"gml_id":"bldg_f8877465-a836-40bd-afbf-bc1be442d3a1"},"geometry":{"type":"Polygon","coordinates":[[[139.68527533981415,35.795217258118846],[139.68532030925434,35.79521448413481],[139.685348870737,35.79521272649773],[139.68542860119996,35.795207834705444],[139.68542399087085,35.7952616515711],[139.68536379433746,35.79526521627159],[139.68536900755018,35.79532305354342],[139.6852853304277,35.795328044092265],[139.68527533981415,35.795217258118846]]]}},{"type":"Feature","properties":{"height":8.38,"gml_id":"bldg_c8fb711f-d17a-4a24-8544-555936c170b5"},"geometry":{"type":"Polygon","coordinates":[[[139.68734840306965,35.79564469651275],[139.68744486742708,35.79563802009132],[139.68745184781068,35.79570257359896],[139.68735548629326,35.795710445345684],[139.68735210827225,35.79567916427067],[139.68734955291177,35.79565539878014],[139.68734840306965,35.79564469651275]]]}},{"type":"Feature","properties":{"height":13.2,"gml_id":"bldg_c28adf0f-5f7e-4747-8c8a-3535cd74cc72"},"geometry":{"type":"Polygon","coordinates":[[[139.68570012855292,35.79348042892157],[139.6857931288815,35.79347427145085],[139.68585842224627,35.79346997277246],[139.6858661206407,35.79352115568754],[139.6857528828102,35.79352938853229],[139.68569157485808,35.793486780175684],[139.68570012855292,35.79348042892157]]]}},{"type":"Feature","properties":{"height":3.01,"gml_id":"bldg_c15bf79a-d8b4-436b-84ac-d37595523a96"},"geometry":{"type":"Polygon","coordinates":[[[139.68292200500264,35.792998900440665],[139.68284468294775,35.79300373590261],[139.682838797614,35.792941389087005],[139.6829161218249,35.79293655182871],[139.68292200500264,35.792998900440665]]]}},{"type":"Feature","properties":{"height":3.39,"gml_id":"bldg_f6cff1e2-be4f-470e-9308-a785b3197a39"},"geometry":{"type":"Polygon","coordinates":[[[139.6756325557509,35.79358907229383],[139.67563896553952,35.793555054591536],[139.6756598445076,35.79355767246322],[139.67565343472765,35.79359169016662],[139.6756325557509,35.79358907229383]]]}},{"type":"Feature","properties":{"height":9.96,"gml_id":"bldg_cd65d261-e2ec-4605-891a-d39d6fc62975"},"geometry":{"type":"Polygon","coordinates":[[[139.68728633308206,35.795710634479],[139.68728095674933,35.79565712629619],[139.68727637169562,35.79561135268881],[139.6873401453626,35.79560712437284],[139.68735010793424,35.795706406159354],[139.68728633308206,35.795710634479]]]}},{"type":"Feature","properties":{"height":2.62,"gml_id":"bldg_a7d4f58e-90e1-48ea-bff6-764980ee28fe"},"geometry":{"type":"Polygon","coordinates":[[[139.67862365748036,35.79469817015895],[139.67864528378408,35.79469442852173],[139.67865134126916,35.79471770025471],[139.67862971385307,35.794721441891575],[139.67862365748036,35.79469817015895]]]}},{"type":"Feature","properties":{"height":10.72,"gml_id":"bldg_a39c1ed6-9368-4931-8177-aeea5d2a2e4c"},"geometry":{"type":"Polygon","coordinates":[[[139.68537076374017,35.79390255178259],[139.68537893904536,35.79390221932794],[139.68538476278727,35.79396309041943],[139.68524586048648,35.79396903691782],[139.68524525845385,35.79395542392907],[139.68524441274587,35.79393600051262],[139.68524278088566,35.79389844719581],[139.68530092725888,35.79389678368947],[139.68530131485963,35.793905523694605],[139.68537076374017,35.79390255178259]]]}},{"type":"Feature","properties":{"height":10.16,"gml_id":"bldg_adef4296-ecd7-48f3-8349-d70e01e7eb92"},"geometry":{"type":"Polygon","coordinates":[[[139.68588533028938,35.793150195439516],[139.6860111602111,35.793142296976924],[139.68601607190269,35.79319404883078],[139.68578390196782,35.79320864371046],[139.6857768427817,35.79315703973824],[139.68581565376206,35.79315459060868],[139.68588533028938,35.793150195439516]]]}},{"type":"Feature","properties":{"height":3.95,"gml_id":"bldg_f9b580e6-bf35-48e0-8c45-72c988325a22"},"geometry":{"type":"Polygon","coordinates":[[[139.6770034184144,35.79558976216128],[139.67701062524918,35.79553834480177],[139.6770640944646,35.79554333028808],[139.6770568887719,35.795594746750915],[139.6770034184144,35.79558976216128]]]}},{"type":"Feature","properties":{"height":10.72,"gml_id":"bldg_c51d8c5c-c6c1-4be6-be53-66e16db25fc4"},"geometry":{"type":"Polygon","coordinates":[[[139.68290070860846,35.79453545062572],[139.68292466121693,35.79453410332191],[139.6829354279582,35.79465865684691],[139.68288511936055,35.79466152601345],[139.68287865216226,35.79458673800337],[139.6828743493869,35.79453696797326],[139.68290070860846,35.79453545062572]]]}},{"type":"Feature","properties":{"height":2.45,"gml_id":"bldg_ae432de4-1e35-45c9-87dc-50f4fe4e2dbe"},"geometry":{"type":"Polygon","coordinates":[[[139.6757557726658,35.7949402432602],[139.67576148793106,35.79490892420316],[139.67578358521658,35.79491160674454],[139.67577786885346,35.794942925801166],[139.6757557726658,35.7949402432602]]]}},{"type":"Feature","properties":{"height":3.63,"gml_id":"bldg_c57ec14c-c50a-49d7-a568-7372e58f9e8c"},"geometry":{"type":"Polygon","coordinates":[[[139.68253400508186,35.792338568276485],[139.6824727900346,35.79234243671684],[139.68246883045094,35.79230093160092],[139.68253004657115,35.79229706406523],[139.68253400508186,35.792338568276485]]]}},{"type":"Feature","properties":{"height":9.49,"gml_id":"bldg_caf6a42b-d14b-4a6a-b2eb-686d26a1ae0e"},"geometry":{"type":"Polygon","coordinates":[[[139.68716077186656,35.79545853550723],[139.68721955833942,35.79545471220933],[139.68721799440416,35.79543875544612],[139.68725766629444,35.79543619332886],[139.68725869165814,35.795446592591404],[139.68728800574078,35.795444704711834],[139.68729262382834,35.79549177180277],[139.68716484795453,35.79550006312525],[139.6871625486158,35.79547668732617],[139.68716077186656,35.79545853550723]]]}},{"type":"Feature","properties":{"height":4.16,"gml_id":"bldg_ef144550-bf85-44bf-9a92-a8d037492a12"},"geometry":{"type":"Polygon","coordinates":[[[139.68452469333778,35.79217315942996],[139.6845679000595,35.792158399136945],[139.68458162717158,35.79218508989442],[139.68453842154256,35.792199851095],[139.68452469333778,35.79217315942996]]]}},{"type":"Feature","properties":{"height":3.88,"gml_id":"bldg_ea8999e4-e87b-43fa-b268-7313bf71ef59"},"geometry":{"type":"Polygon","coordinates":[[[139.68340125795183,35.79449141464224],[139.68337135976435,35.79449341802233],[139.68336421358575,35.794422938561695],[139.68339411064065,35.7944209351819],[139.68340125795183,35.79449141464224]]]}},{"type":"Feature","properties":{"height":4.16,"gml_id":"bldg_b9fb4fe0-5220-4884-921f-9bcf4d427ca9"},"geometry":{"type":"Polygon","coordinates":[[[139.67855486810208,35.794551131222335],[139.6784974188146,35.794555854261866],[139.6784934253857,35.79452368160603],[139.67855087354218,35.79451895946827],[139.67855486810208,35.794551131222335]]]}},{"type":"Feature","properties":{"height":17.5,"gml_id":"bldg_e39b90c0-303f-4a1d-85c3-4661d5a6a733"},"geometry":{"type":"Polygon","coordinates":[[[139.68631523285237,35.794017315143016],[139.6866036224067,35.793999643937326],[139.68662562543247,35.7939982971222],[139.68692481720373,35.79397996050726],[139.68694059492591,35.7941420467637],[139.68692075930122,35.79414332596998],[139.68692400476874,35.794175574056226],[139.6866446903563,35.79419421433873],[139.68664147942022,35.794161297482674],[139.68664140113924,35.7941605492634],[139.6866186390315,35.79416194563094],[139.6866334883227,35.79432262467716],[139.68648740649755,35.79433155634416],[139.68647250581637,35.79417070596044],[139.6863302205259,35.794179401412514],[139.68632393221785,35.794111472198864],[139.6862955050794,35.79411319598118],[139.68629384848762,35.79409540213002],[139.6862923505001,35.794079193954296],[139.68629070494484,35.7940614154395],[139.6863191453857,35.794059667337976],[139.68631523285237,35.794017315143016]]]}},{"type":"Feature","properties":{"height":5.06,"gml_id":"bldg_f8928a80-9bce-4b8e-b6e7-ec6122adaacc"},"geometry":{"type":"Polygon","coordinates":[[[139.68597440878256,35.79447703009302],[139.68599081998173,35.79447656707881],[139.68599212254398,35.794506314254235],[139.685959307846,35.79450725741591],[139.68595800530093,35.794477507536115],[139.68597440878256,35.79447703009302]]]}},{"type":"Feature","properties":{"height":7.7,"gml_id":"bldg_a814c4a0-ef74-40ff-a569-b42d473f46fc"},"geometry":{"type":"Polygon","coordinates":[[[139.6834022469659,35.79393667402238],[139.68339794146502,35.7938775984239],[139.68342603820784,35.79387623996294],[139.6834259411404,35.79387490764083],[139.68363040644633,35.79386504287877],[139.68363501951748,35.79392833358315],[139.68343055515626,35.793938198353935],[139.6834303403817,35.79393533087935],[139.6834022469659,35.79393667402238]]]}},{"type":"Feature","properties":{"height":7.96,"gml_id":"bldg_c952e744-e777-4728-a6ec-75e5c3f122d3"},"geometry":{"type":"Polygon","coordinates":[[[139.68133378222336,35.794284017736],[139.6813300024205,35.79424364582564],[139.68141470362153,35.794238389816584],[139.68142250955455,35.794321708209516],[139.68133780606152,35.79432695971424],[139.68133598327327,35.794307549459134],[139.68133378222336,35.794284017736]]]}},{"type":"Feature","properties":{"height":30.4,"gml_id":"bldg_ceafdebc-e95b-4953-ade0-cefa62893922"},"geometry":{"type":"Polygon","coordinates":[[[139.68427323499702,35.792134064502285],[139.68427376692975,35.792137134272764],[139.6842948334154,35.792135263936764],[139.68430075569765,35.79213692526213],[139.68430788141455,35.792141671611425],[139.68435223710793,35.79213903603396],[139.68435384973267,35.79215346060064],[139.6844061034647,35.79215077079244],[139.68440504597012,35.79213706078654],[139.68449397804574,35.79213208906628],[139.68450158396232,35.79213680805654],[139.68450638908547,35.79214251146398],[139.68450749844152,35.79215036994168],[139.68451172810447,35.792188211322156],[139.68448729776335,35.79219577949882],[139.6844946080651,35.79221249064116],[139.68449244665698,35.79221825212581],[139.68445769160306,35.792229714886126],[139.6844504703051,35.792228160122605],[139.68444804491648,35.79222360798489],[139.68439158444815,35.79224316775373],[139.68439260862667,35.792249237840124],[139.68438470833888,35.792253459010624],[139.68423809721867,35.79226098929604],[139.68424084696835,35.79228615130361],[139.68424079904153,35.79229167203856],[139.68423859109078,35.79229746410687],[139.68423031773204,35.79230121700178],[139.6842206717497,35.792301844100336],[139.68421082526348,35.79229787404316],[139.68420750598912,35.792289176365514],[139.6842062955154,35.79226262187136],[139.68418976787723,35.7922634711792],[139.68415300731175,35.79226530760508],[139.68415223559776,35.79225557472648],[139.684147270112,35.792255772271936],[139.68414326743908,35.79220311920743],[139.6841411319547,35.79217487442676],[139.68413874271707,35.79214329792596],[139.68427323499702,35.792134064502285]]]}},{"type":"Feature","properties":{"height":14.07,"gml_id":"bldg_c4d06f39-6bb1-453d-bc7a-3dbf732bc8c1"},"geometry":{"type":"Polygon","coordinates":[[[139.68606029090975,35.79422208100466],[139.6861136473708,35.79421905199705],[139.68612349219862,35.794332667091794],[139.68601680447722,35.794338773795786],[139.68600695758792,35.794225158690054],[139.68606029090975,35.79422208100466]]]}},{"type":"Feature","properties":{"height":9.36,"gml_id":"bldg_a719850e-b115-428a-8e39-754cf49112bf"},"geometry":{"type":"Polygon","coordinates":[[[139.6857479686191,35.79394215034771],[139.68574390487655,35.79391293337933],[139.68590876766382,35.79389771436219],[139.68592416597454,35.79389631090419],[139.68592635362722,35.79391764052223],[139.68592942972222,35.793917374788435],[139.68593460950055,35.79395455387685],[139.68575204448754,35.793971392568594],[139.6857479686191,35.79394215034771]]]}},{"type":"Feature","properties":{"height":9.52,"gml_id":"bldg_c640d052-6c57-42b3-a6ef-6c0882a61db0"},"geometry":{"type":"Polygon","coordinates":[[[139.6834105670031,35.7922508034955],[139.68323191097366,35.792282169467136],[139.68321173694446,35.792205952813276],[139.68338097059194,35.79217624262622],[139.68338496699607,35.792191330870956],[139.6834098660091,35.792186976830415],[139.68342242202854,35.7922344091233],[139.68340694740294,35.79223712724223],[139.6834105670031,35.7922508034955]]]}},{"type":"Feature","properties":{"height":5.11,"gml_id":"bldg_c3a3b61d-f017-424f-adbe-c2bbcfe314c7"},"geometry":{"type":"Polygon","coordinates":[[[139.67958990545972,35.792728246777735],[139.67960534686472,35.792584358132714],[139.6796518410526,35.79258768046751],[139.679636400837,35.79273156912006],[139.67958990545972,35.792728246777735]]]}},{"type":"Feature","properties":{"height":10.4,"gml_id":"bldg_e231d69c-5af8-40ff-96db-ce5ee22065a7"},"geometry":{"type":"Polygon","coordinates":[[[139.68139383125097,35.79415307734115],[139.6814012676888,35.79415268022725],[139.6814056096733,35.79420402592823],[139.68132713663354,35.79420840828061],[139.68132503210785,35.79418357422263],[139.68132279360327,35.794157057167446],[139.68139383125097,35.79415307734115]]]}},{"type":"Feature","properties":{"height":8.2,"gml_id":"bldg_ce9ad3cb-2f7c-407a-a05a-483ef1500c33"},"geometry":{"type":"Polygon","coordinates":[[[139.68409880097036,35.79307264812833],[139.6841035784077,35.79307246387191],[139.68410310129494,35.79306137572341],[139.68417218473414,35.793059408157355],[139.68417263437752,35.79306980853835],[139.68420076681318,35.79306872755716],[139.68430533483928,35.79306473891773],[139.68431513131674,35.793234203818805],[139.68410859701012,35.79324211304497],[139.68409880097036,35.79307264812833]]]}},{"type":"Feature","properties":{"height":7.26,"gml_id":"bldg_c8f1e85b-0535-4d15-b12c-e35dc4682066"},"geometry":{"type":"Polygon","coordinates":[[[139.68177286923654,35.79458671301291],[139.68176140715056,35.79458749896675],[139.68175553136757,35.79452109242987],[139.6818427524629,35.79451499562928],[139.6818485962257,35.79458140662847],[139.68184403970596,35.79458172537519],[139.68184707177846,35.79461050221143],[139.68177590244292,35.79461546191035],[139.68177286923654,35.79458671301291]]]}},{"type":"Feature","properties":{"height":8.0,"gml_id":"bldg_c606b545-370c-4137-880f-eb5f420b556f"},"geometry":{"type":"Polygon","coordinates":[[[139.68351548321894,35.79412008475327],[139.68356627023493,35.79411676524125],[139.68357773489208,35.79423248722112],[139.68347838246072,35.79423900551636],[139.68346691794844,35.794123282626146],[139.68351548321894,35.79412008475327]]]}},{"type":"Feature","properties":{"height":8.54,"gml_id":"bldg_0df92f35-e40f-472a-9b5b-ba5084cd0409"},"geometry":{"type":"Polygon","coordinates":[[[139.6872135805816,35.79610195081127],[139.68730744970023,35.79609784381066],[139.68731200394774,35.7961665252786],[139.68722654599986,35.796170263935245],[139.68722526787994,35.79615107346447],[139.68721686440324,35.796151426498106],[139.6872135805816,35.79610195081127]]]}},{"type":"Feature","properties":{"height":2.68,"gml_id":"bldg_c531d3a6-0973-4a04-ad51-dbe7d51431bf"},"geometry":{"type":"Polygon","coordinates":[[[139.67567380526916,35.79533527752981],[139.67568156008062,35.7952902740983],[139.67571772737003,35.79529441906738],[139.67570997258386,35.79533941979719],[139.67567380526916,35.79533527752981]]]}},{"type":"Feature","properties":{"height":14.59,"gml_id":"bldg_ce518939-c722-4dcc-a903-227b7208e6b7"},"geometry":{"type":"Polygon","coordinates":[[[139.68578529315513,35.79382714823604],[139.68578739990204,35.7938353684654],[139.68597759987668,35.79382305846497],[139.68598397292587,35.7938580991999],[139.68597956992198,35.7938585922529],[139.68598229995703,35.79387438461597],[139.6857493577506,35.79390109628131],[139.6857443319346,35.79385967920732],[139.68574064112616,35.793829214320944],[139.68578529315513,35.79382714823604]]]}},{"type":"Feature","properties":{"height":11.13,"gml_id":"bldg_caa9d320-e05c-402f-be01-a6a110dc3575"},"geometry":{"type":"Polygon","coordinates":[[[139.686008070424,35.79400707206155],[139.68600252486593,35.79393788274533],[139.68604535520436,35.79393560792178],[139.6860446782575,35.79392714518158],[139.68617174082988,35.793920396388216],[139.68617059019806,35.79390602108829],[139.6862045844663,35.79390422302566],[139.68621175113188,35.79399373353886],[139.68608193119277,35.79400062862231],[139.68608213340374,35.79400316167453],[139.686008070424,35.79400707206155]]]}},{"type":"Feature","properties":{"height":6.98,"gml_id":"bldg_c0f43e87-e9e2-4c36-b658-96e4f6666cef"},"geometry":{"type":"Polygon","coordinates":[[[139.6805524549985,35.79459244333125],[139.68063439961034,35.794543822041675],[139.6806778289798,35.79459243401737],[139.68059588323968,35.79464105443332],[139.6805524549985,35.79459244333125]]]}},{"type":"Feature","properties":{"height":8.89,"gml_id":"bldg_c6960a76-2f83-45d2-b488-8e73f94d9e71"},"geometry":{"type":"Polygon","coordinates":[[[139.68718630169775,35.79627616553952],[139.68719348498024,35.79627575063429],[139.68719086124156,35.79625309102059],[139.68723398437996,35.796249875118555],[139.68724280728634,35.7963516035949],[139.687163627407,35.7963561421241],[139.68715820233552,35.796293627556985],[139.68718766796005,35.79629192736826],[139.68718630169775,35.79627616553952]]]}},{"type":"Feature","properties":{"height":8.14,"gml_id":"bldg_cae32c33-c8f7-443e-add3-a85567545f8e"},"geometry":{"type":"Polygon","coordinates":[[[139.68497883128447,35.79228651245699],[139.68498018407797,35.79230389403759],[139.6849019427858,35.79230791035886],[139.6848984517353,35.792263043848465],[139.68489571933114,35.79222784890342],[139.68493313383104,35.79222593734373],[139.68493568272925,35.79225868488484],[139.684956476672,35.792257628920815],[139.68495745674176,35.79227019140228],[139.68496905748052,35.79226960902017],[139.6849704092792,35.792286929307586],[139.68497883128447,35.79228651245699]]]}},{"type":"Feature","properties":{"height":11.23,"gml_id":"bldg_c287feec-2d01-4fe3-b617-10a296a65cee"},"geometry":{"type":"Polygon","coordinates":[[[139.68420765190803,35.793995145029946],[139.6840933050374,35.794001417193954],[139.6840911665666,35.79397593777097],[139.68403861252546,35.793978837984035],[139.68403349160525,35.793917763094036],[139.68402960140148,35.793871223162405],[139.68424082423468,35.7938595089638],[139.68424697219604,35.79393290933156],[139.68420650941212,35.79393515670615],[139.68421151012188,35.79399491546292],[139.68420765190803,35.793995145029946]]]}},{"type":"Feature","properties":{"height":6.46,"gml_id":"bldg_a600b6e8-8dd0-4320-aee5-4c3e085cfd2a"},"geometry":{"type":"Polygon","coordinates":[[[139.67971910197923,35.794470592035694],[139.67975670403996,35.794431037286984],[139.67979738008302,35.7944567264398],[139.67975977581756,35.79449628119826],[139.67971910197923,35.794470592035694]]]}},{"type":"Feature","properties":{"height":2.84,"gml_id":"bldg_c20807fe-1199-4265-a330-5f905034b1bd"},"geometry":{"type":"Polygon","coordinates":[[[139.67554081122134,35.79535963611412],[139.67554311730797,35.795337585721725],[139.6755967923357,35.79534132105169],[139.67559448515925,35.79536337054235],[139.67554081122134,35.79535963611412]]]}},{"type":"Feature","properties":{"height":4.08,"gml_id":"bldg_c3afb635-74c7-44da-af55-1ba94d8cb211"},"geometry":{"type":"Polygon","coordinates":[[[139.6805832451848,35.793001824449235],[139.68058643073118,35.79297152767753],[139.68061822541654,35.79297374843846],[139.68062002719947,35.792956616887984],[139.680655018698,35.79295906974182],[139.68065003029494,35.79300649806493],[139.6805832451848,35.793001824449235]]]}},{"type":"Feature","properties":{"height":3.66,"gml_id":"bldg_cbc4e711-9e8f-4326-944c-57aa156298a7"},"geometry":{"type":"Polygon","coordinates":[[[139.68627539387742,35.79185502877527],[139.68618180496443,35.79186104619267],[139.68617956190434,35.7918379588633],[139.68627315300301,35.79183194145027],[139.68627539387742,35.79185502877527]]]}},{"type":"Feature","properties":{"height":10.53,"gml_id":"bldg_c9efc9af-90dc-4c79-b7ed-5ace9b3507e3"},"geometry":{"type":"Polygon","coordinates":[[[139.6804997008709,35.793940977785105],[139.68050903994782,35.79394012705965],[139.68050371917963,35.7939004778515],[139.68060745328793,35.79389759642992],[139.68061149496603,35.79393100123193],[139.680618261308,35.793930416735044],[139.68063341963804,35.79404177482318],[139.68058998187658,35.79404569912871],[139.6804997008709,35.793940977785105]]]}},{"type":"Feature","properties":{"height":7.83,"gml_id":"bldg_cd05b30b-9e81-41d3-9cf8-57220d0afb5a"},"geometry":{"type":"Polygon","coordinates":[[[139.6813779469552,35.79434749191291],[139.6814192465516,35.79434459306641],[139.68142888207277,35.79443505068859],[139.68135120881928,35.79444052740884],[139.6813415722775,35.794350070680686],[139.6813779469552,35.79434749191291]]]}},{"type":"Feature","properties":{"height":6.36,"gml_id":"bldg_bc9084be-0b5c-4e7a-aa1b-2d62216fa08d"},"geometry":{"type":"Polygon","coordinates":[[[139.68378678069956,35.79425189035346],[139.68378519759906,35.79420757151797],[139.683783551971,35.79416119751748],[139.68400552812193,35.79415596702604],[139.68400875821223,35.79424665805541],[139.68378678069956,35.79425189035346]]]}},{"type":"Feature","properties":{"height":4.35,"gml_id":"bldg_d0d4a385-29b3-4757-b877-ac1f7a5c5823"},"geometry":{"type":"Polygon","coordinates":[[[139.67997149375535,35.794192393183025],[139.67984772410702,35.79431806695469],[139.67982692298858,35.79419369323145],[139.6799708237585,35.79418064768791],[139.67997149375535,35.794192393183025]]]}},{"type":"Feature","properties":{"height":4.53,"gml_id":"bldg_de4c200e-eeb5-4a72-a7c7-6cbf32c04c9f"},"geometry":{"type":"Polygon","coordinates":[[[139.68313342809992,35.792896673556534],[139.68303930805894,35.79290431931268],[139.6830320950392,35.79284547621185],[139.68312620195454,35.79283771417012],[139.68313342809992,35.792896673556534]]]}},{"type":"Feature","properties":{"height":20.77,"gml_id":"bldg_f857f919-1a96-46ad-ba03-55a74835c16e"},"geometry":{"type":"Polygon","coordinates":[[[139.6861594259918,35.79232159549632],[139.68614081420958,35.792115400555986],[139.68613061354344,35.79200230146133],[139.68612457196065,35.79193514317297],[139.68612243541853,35.791911294328884],[139.68633571126438,35.791899760125794],[139.68633740992803,35.79192052129252],[139.68636402762468,35.79191871686934],[139.6863858957856,35.79221325568741],[139.68639306427457,35.79221286785185],[139.68640122674296,35.792307154970544],[139.6861594259918,35.79232159549632]]]}},{"type":"Feature","properties":{"height":2.78,"gml_id":"bldg_afc5f5ae-7622-47a0-b2c3-b65624cb83d0"},"geometry":{"type":"Polygon","coordinates":[[[139.67681717127786,35.79380760214314],[139.67682593633555,35.79376831362258],[139.67690115932334,35.79377946210882],[139.67689239430314,35.793818749733546],[139.67681717127786,35.79380760214314]]]}},{"type":"Feature","properties":{"height":7.09,"gml_id":"bldg_d4a78f54-7d53-4d5b-9328-296f814ec006"},"geometry":{"type":"Polygon","coordinates":[[[139.68233999837364,35.79466470590495],[139.68234818433461,35.79466405188661],[139.68234718987242,35.79465579063161],[139.68241141388535,35.79465067495651],[139.68241240948942,35.79465892088941],[139.68242618993452,35.794657834928344],[139.682433531395,35.79471881081169],[139.68234734087346,35.79472568269609],[139.68233999837364,35.79466470590495]]]}},{"type":"Feature","properties":{"height":5.13,"gml_id":"bldg_cc4666f0-3cdb-4be2-a3c3-b800cf79aea8"},"geometry":{"type":"Polygon","coordinates":[[[139.68254939425282,35.7926668940994],[139.68250659653384,35.79266802300005],[139.6825052175973,35.79263372925337],[139.6825689378635,35.79263204431373],[139.68257088513187,35.792680575660356],[139.68254996810393,35.792681121792185],[139.68254939425282,35.7926668940994]]]}},{"type":"Feature","properties":{"height":11.9,"gml_id":"bldg_c04b3b9d-cb1f-4a4d-b3a1-5d360b152c5b"},"geometry":{"type":"Polygon","coordinates":[[[139.6829783120893,35.79524411090808],[139.68295232042018,35.79489954224243],[139.6829492885386,35.7948592912016],[139.68307932752595,35.794853283103755],[139.68310832051338,35.79523762682701],[139.6829783120893,35.79524411090808]]]}},{"type":"Feature","properties":{"height":3.96,"gml_id":"bldg_ccd65d6a-bd12-4008-a7d7-018d6f198a7a"},"geometry":{"type":"Polygon","coordinates":[[[139.68340794859418,35.79456883485775],[139.68337805037615,35.79457083914077],[139.68337090308034,35.79450035877868],[139.6834008012687,35.79449835630006],[139.68340794859418,35.79456883485775]]]}},{"type":"Feature","properties":{"height":8.28,"gml_id":"bldg_e5551818-9b12-43d0-b0e3-6806eece09ac"},"geometry":{"type":"Polygon","coordinates":[[[139.68315232316075,35.794059520420966],[139.6830174492297,35.79406870703917],[139.68300414098778,35.79388258695743],[139.683139014604,35.793873401254466],[139.68315232316075,35.794059520420966]]]}},{"type":"Feature","properties":{"height":18.44,"gml_id":"bldg_ce3c1d0f-1b3a-44a6-8209-b878e240b5c9"},"geometry":{"type":"Polygon","coordinates":[[[139.68201674439,35.793366622137604],[139.68170542865712,35.79334992987698],[139.68170965508565,35.793297375452404],[139.6816974370153,35.79329670385917],[139.68170808068484,35.793164650891995],[139.68172030540552,35.79316530536679],[139.6817236693018,35.79312359674685],[139.68211022188274,35.79314431711467],[139.68210969253445,35.793151018016125],[139.68218629308976,35.793155137973834],[139.68216641113676,35.7934017676029],[139.68201457569873,35.79339362036856],[139.68201674439,35.793366622137604]]]}},{"type":"Feature","properties":{"height":8.6,"gml_id":"bldg_d27f6d81-4162-402a-ad51-482165c501de"},"geometry":{"type":"Polygon","coordinates":[[[139.6786933975661,35.793695174749075],[139.67872379952615,35.793539815022335],[139.67875245946624,35.793543536605526],[139.6787811226878,35.79354727891724],[139.67875071973006,35.7937026386571],[139.6786933975661,35.793695174749075]]]}},{"type":"Feature","properties":{"height":3.45,"gml_id":"bldg_b0a6eb63-38ea-437b-ab05-ecbce734002a"},"geometry":{"type":"Polygon","coordinates":[[[139.68416965160867,35.79276856148571],[139.68405022139396,35.79277626676841],[139.68403955580166,35.792666629036106],[139.68415898363895,35.79265892466206],[139.68416965160867,35.79276856148571]]]}},{"type":"Feature","properties":{"height":8.84,"gml_id":"bldg_bb8bfb3c-d12b-4df0-aa3c-b2932e1fd261"},"geometry":{"type":"Polygon","coordinates":[[[139.68137378097745,35.79466972243873],[139.68137053924661,35.79463261231024],[139.6813671081846,35.794593256669856],[139.68144857818436,35.79458855359047],[139.6814552510515,35.794665021157776],[139.68137378097745,35.79466972243873]]]}},{"type":"Feature","properties":{"height":10.43,"gml_id":"bldg_ccb1092b-bb5e-40d8-9a1f-e889ba9bf99d"},"geometry":{"type":"Polygon","coordinates":[[[139.6813208770126,35.79415495278723],[139.68131677899365,35.79410914530946],[139.6813726131702,35.79410583761177],[139.68138878514938,35.794104899008424],[139.68139288100363,35.794150702875655],[139.6813208770126,35.79415495278723]]]}},{"type":"Feature","properties":{"height":10.49,"gml_id":"bldg_c989e62d-37bb-4c8c-9749-61a742a5726f"},"geometry":{"type":"Polygon","coordinates":[[[139.67821792628794,35.794753828807266],[139.6781828591009,35.794758074908735],[139.67816646545398,35.79466865298357],[139.67818694074072,35.794666272790266],[139.67822818672082,35.79466150376076],[139.67823567089042,35.79470432411229],[139.67827415303012,35.79469966417116],[139.67828262727485,35.794745968627154],[139.67827457119103,35.794746947023484],[139.67828464662261,35.79480391655843],[139.67822795790622,35.79481055131941],[139.67822513127828,35.79479456937561],[139.6781849187767,35.79479922436415],[139.67818066024563,35.79477486158736],[139.67822082184873,35.79477020383052],[139.67821792628794,35.794753828807266]]]}},{"type":"Feature","properties":{"height":8.68,"gml_id":"bldg_c4b5d078-796c-4c3f-af5f-28f1c34d15ee"},"geometry":{"type":"Polygon","coordinates":[[[139.6870661398699,35.79559195598274],[139.68695792142913,35.79559993917636],[139.68695292537726,35.795553356541795],[139.6869836738879,35.79555117123334],[139.6869827019249,35.79554243953808],[139.68708331306348,35.795535019428826],[139.68708503791473,35.795551296369794],[139.68709687063406,35.79555055542714],[139.68709925378536,35.79557527705021],[139.68709138114568,35.79557577944417],[139.68709312582382,35.79559391680311],[139.68706649607162,35.79559560239185],[139.6870661398699,35.79559195598274]]]}},{"type":"Feature","properties":{"height":11.39,"gml_id":"bldg_c5a18d84-148f-45d0-8959-186e436bb854"},"geometry":{"type":"Polygon","coordinates":[[[139.68388613613942,35.7924115445137],[139.68386577631202,35.792368618354416],[139.6839245450417,35.79235009104775],[139.68394490600068,35.79239301810002],[139.68388613613942,35.7924115445137]]]}},{"type":"Feature","properties":{"height":8.77,"gml_id":"bldg_f6f98fc3-b777-4d09-8522-990f0c3e99c5"},"geometry":{"type":"Polygon","coordinates":[[[139.68682800918606,35.79633795174845],[139.68682382442884,35.79626830626644],[139.68686372841452,35.79626670991253],[139.68690172040243,35.796265221182004],[139.6869061779186,35.79633940440766],[139.68686681075332,35.796340854508884],[139.68686655555288,35.79633643305857],[139.68682800918606,35.79633795174845]]]}},{"type":"Feature","properties":{"height":11.32,"gml_id":"bldg_c65bc009-1dfd-424a-9dee-0ef56ff40c4a"},"geometry":{"type":"Polygon","coordinates":[[[139.68621164582493,35.79402265335154],[139.68621557633185,35.79408043314582],[139.68610002891376,35.794085617815036],[139.6860976278313,35.79405041700354],[139.6860953509909,35.79401683607696],[139.68617264474832,35.79401337485921],[139.68617279685543,35.79401548241091],[139.68620833373834,35.79401350055637],[139.68620912542417,35.79402274671252],[139.68621164582493,35.79402265335154]]]}},{"type":"Feature","properties":{"height":6.11,"gml_id":"bldg_db6eaa25-6a56-4e7a-b199-051ed08bb364"},"geometry":{"type":"Polygon","coordinates":[[[139.68339746895924,35.79440296006436],[139.68338695279485,35.79429718298962],[139.6833841557419,35.79426904103629],[139.68341973773127,35.79426670132363],[139.68342253481526,35.7942948333613],[139.6834292765663,35.79429438838547],[139.68347581707687,35.794291333122494],[139.68348633336174,35.794397108387145],[139.68339746895924,35.79440296006436]]]}},{"type":"Feature","properties":{"height":11.98,"gml_id":"bldg_c952791c-1bcc-40c5-afa0-aa880940f30f"},"geometry":{"type":"Polygon","coordinates":[[[139.68169915638097,35.79230317137429],[139.6816985684431,35.79234244443568],[139.68168713825992,35.792342329970545],[139.68168774781427,35.792356899326265],[139.68165543821476,35.79235620869799],[139.68165513063983,35.79235330865373],[139.68160809899143,35.79235281486459],[139.68160859221103,35.792319743902134],[139.68163254787578,35.79230247984545],[139.68169915638097,35.79230317137429]]]}},{"type":"Feature","properties":{"height":21.34,"gml_id":"bldg_d8e891b1-823f-4b98-a9ce-6669af3d7d58"},"geometry":{"type":"Polygon","coordinates":[[[139.68654017017377,35.793333525368276],[139.68653320377362,35.79326187904525],[139.68674366351354,35.7932483414837],[139.68675197572722,35.79333366027259],[139.6867108366036,35.793336315078086],[139.68672632787488,35.79349564108405],[139.68656219930367,35.79350619040258],[139.68655693937353,35.7934522929256],[139.68655452999903,35.79342751717005],[139.68657391291225,35.79342626631462],[139.68656607568542,35.793345655866936],[139.6865415179713,35.79334720055473],[139.68654017017377,35.793333525368276]]]}},{"type":"Feature","properties":{"height":23.33,"gml_id":"bldg_ca5f7c3d-4227-4d60-8417-61fa9751361a"},"geometry":{"type":"Polygon","coordinates":[[[139.67976942535628,35.7950419244109],[139.67976092169246,35.794943174757016],[139.68004408673508,35.79492701427481],[139.68006508439439,35.79517053904402],[139.68000836999093,35.7951737846199],[139.68001124117467,35.79520707887836],[139.67985246469001,35.79521614673304],[139.67985131964497,35.795202900780346],[139.67972191448737,35.79521027084498],[139.6797077009375,35.795045456386404],[139.67971233704642,35.79504519100226],[139.67971064343365,35.795025542031595],[139.6797395952451,35.79502392233006],[139.67974129114882,35.79504353434775],[139.67976942535628,35.7950419244109]]]}},{"type":"Feature","properties":{"height":2.93,"gml_id":"bldg_f74af2c2-52ba-4006-8bb9-70a9737f4e62"},"geometry":{"type":"Polygon","coordinates":[[[139.68316583263191,35.792224900546586],[139.68316535398364,35.792222344609705],[139.6832081955526,35.79220541659288],[139.6832221619026,35.792279959795344],[139.68317719649977,35.79228554522793],[139.6831694570122,35.792244246330846],[139.68314940787116,35.79224691994547],[139.68314552122465,35.79222761439397],[139.68316583263191,35.792224900546586]]]}},{"type":"Feature","properties":{"height":9.94,"gml_id":"bldg_cc467353-ba75-4705-9d79-d73836da0846"},"geometry":{"type":"Polygon","coordinates":[[[139.6873481734477,35.79537890414178],[139.68740876677413,35.79537555074759],[139.68743308128404,35.79537423272992],[139.68743779010848,35.7954285981874],[139.68743744931612,35.795428617603676],[139.68744192234627,35.795482458186505],[139.6873081716802,35.79548981852408],[139.68730475718846,35.79544885686306],[139.6873034354183,35.79543295988438],[139.687352438546,35.79543025673951],[139.6873523400608,35.79542905781945],[139.6873481734477,35.79537890414178]]]}},{"type":"Feature","properties":{"height":8.43,"gml_id":"bldg_c26f5c33-18ac-47e7-ae0a-4bb8a315a82a"},"geometry":{"type":"Polygon","coordinates":[[[139.68710279800243,35.79579113484331],[139.68710530620123,35.79582550650996],[139.6870975919837,35.79582587930201],[139.6870978719106,35.79582888836107],[139.68708387156138,35.79582975556078],[139.68708453159812,35.795837251119515],[139.687083361905,35.79584343658849],[139.6870241930307,35.795846882588066],[139.68702535384955,35.79584071243188],[139.6869920887281,35.79584264321014],[139.68699145021557,35.79583548117797],[139.68698015635448,35.79583616507942],[139.6869761394365,35.795793183646055],[139.68709389070102,35.79578630988004],[139.6870943845316,35.795791528417205],[139.68710279800243,35.79579113484331]]]}},{"type":"Feature","properties":{"height":10.59,"gml_id":"bldg_dae1eabe-1633-4ec5-8422-3898d01df114"},"geometry":{"type":"Polygon","coordinates":[[[139.68511960270277,35.792178606477094],[139.68513015775187,35.79223235912618],[139.68504258772052,35.792243746131696],[139.68503052360595,35.79218231658278],[139.68507339015298,35.79217673237573],[139.6850723643665,35.792171500552435],[139.6851141563808,35.79216607724967],[139.685116691341,35.79217896433149],[139.68511960270277,35.792178606477094]]]}},{"type":"Feature","properties":{"height":8.52,"gml_id":"bldg_ab38fbe9-48e1-49c7-87f8-319f1983d743"},"geometry":{"type":"Polygon","coordinates":[[[139.68600541369142,35.79421527164996],[139.68600219463795,35.7941838978852],[139.686000080974,35.794163226348495],[139.6860741450333,35.794158210006714],[139.68607947890504,35.79421025530642],[139.68600541369142,35.79421527164996]]]}},{"type":"Feature","properties":{"height":10.77,"gml_id":"bldg_d25a882e-6078-40de-b97b-bfa7dcd03990"},"geometry":{"type":"Polygon","coordinates":[[[139.6845510963356,35.79245159517203],[139.68452040854228,35.79245326886815],[139.68451651739971,35.792406523430756],[139.6845566507609,35.7924043106956],[139.68455635967922,35.79240081488397],[139.68457869836826,35.79239960135697],[139.68457899391143,35.79240307824563],[139.68458453153502,35.79240279125474],[139.68458619694607,35.79242275380303],[139.68459518551043,35.792422277289454],[139.68459803144046,35.79245644483673],[139.68455171648378,35.79245898163538],[139.6845510963356,35.79245159517203]]]}},{"type":"Feature","properties":{"height":4.47,"gml_id":"bldg_b41a3bba-2ff5-4271-81ab-e491eb829c19"},"geometry":{"type":"Polygon","coordinates":[[[139.67803972246625,35.792600846607996],[139.67806246639856,35.79258873564195],[139.67811030693974,35.79264835978676],[139.67806482012867,35.792672595254025],[139.67801698071338,35.79261297109284],[139.67803972246625,35.792600846607996]]]}},{"type":"Feature","properties":{"height":3.88,"gml_id":"bldg_c12cc864-fee0-403d-922d-2a5a4e7448a1"},"geometry":{"type":"Polygon","coordinates":[[[139.67834848085093,35.79452742026071],[139.67829058145486,35.7945331963038],[139.6782875176937,35.79451285060136],[139.67834541928968,35.79450707366118],[139.67834848085093,35.79452742026071]]]}},{"type":"Feature","properties":{"height":9.74,"gml_id":"bldg_c870fbc1-1862-4838-b7b1-ea53a9a508d6"},"geometry":{"type":"Polygon","coordinates":[[[139.68596219787807,35.79221768287589],[139.68596228367926,35.792212556078255],[139.68604114748277,35.79221344139359],[139.68603949826158,35.79231220435966],[139.6859606332542,35.792311319041666],[139.68596073201758,35.79230516381486],[139.68576614301216,35.79230642591921],[139.68576527244662,35.792219605512216],[139.68596219787807,35.79221768287589]]]}},{"type":"Feature","properties":{"height":8.83,"gml_id":"bldg_cf3ccd10-e3d1-4586-a1c8-b5e28d1d4a76"},"geometry":{"type":"Polygon","coordinates":[[[139.68405918734663,35.79224072571336],[139.6840579171274,35.792225439873455],[139.68405622733792,35.79220497973956],[139.6841163580353,35.79220169592873],[139.68412231196734,35.79226987093188],[139.6840736302064,35.79227267591716],[139.68407083783632,35.79224075369647],[139.684070781522,35.79224010465153],[139.68405918734663,35.79224072571336]]]}},{"type":"Feature","properties":{"height":11.17,"gml_id":"bldg_bca55442-e91f-495c-994c-8d9e250b5a04"},"geometry":{"type":"Polygon","coordinates":[[[139.68531037567578,35.79485043043526],[139.68543708036447,35.79484479605377],[139.68544057011812,35.79489655427933],[139.68525201215994,35.79490494906497],[139.68524852473257,35.7948531953438],[139.68531037567578,35.79485043043526]]]}},{"type":"Feature","properties":{"height":3.53,"gml_id":"bldg_c0eeaa71-46fe-4219-b4b6-e99d6edc658c"},"geometry":{"type":"Polygon","coordinates":[[[139.67513758756039,35.793843839646414],[139.67508891056264,35.79383132609519],[139.67508764559395,35.79383433405084],[139.67506457299052,35.79382823126262],[139.6751048452293,35.7937324604371],[139.67512791891448,35.79373856321906],[139.67512748761214,35.79373959560307],[139.67517338685957,35.79375140242911],[139.67517272296897,35.79375312404305],[139.67520739685997,35.79376241393188],[139.6751950615313,35.79379299686945],[139.67516082991654,35.793783830143035],[139.67513758756039,35.793843839646414]]]}},{"type":"Feature","properties":{"height":13.45,"gml_id":"bldg_cfb76a22-841c-4dc1-8ced-6f4496758a69"},"geometry":{"type":"Polygon","coordinates":[[[139.6825365345414,35.79493644391377],[139.68257898040335,35.794934808002346],[139.6826141680555,35.79493347664916],[139.68261945386035,35.79502445330418],[139.682541821366,35.79502741967199],[139.6825365345414,35.79493644391377]]]}},{"type":"Feature","properties":{"height":3.68,"gml_id":"bldg_b2e13bd9-30e4-43eb-8e11-8da540bccbf0"},"geometry":{"type":"Polygon","coordinates":[[[139.6863045506963,35.79544268141765],[139.68628442026608,35.79544345900512],[139.68628178656135,35.79539874232916],[139.6863019169803,35.795397964742094],[139.6863045506963,35.79544268141765]]]}},{"type":"Feature","properties":{"height":8.54,"gml_id":"bldg_cdb8f0bd-eb56-497d-b701-26663a422e41"},"geometry":{"type":"Polygon","coordinates":[[[139.68686183164917,35.796112639225626],[139.68685833452108,35.79607461677],[139.6868568051375,35.79605795158194],[139.68699171339873,35.79604974047663],[139.68699246088448,35.79605781030432],[139.6869966832042,35.79605756937366],[139.6870009700955,35.79610417277199],[139.68686183164917,35.796112639225626]]]}},{"type":"Feature","properties":{"height":10.01,"gml_id":"bldg_c98f6204-7dc5-4962-95bc-c45f89dc523d"},"geometry":{"type":"Polygon","coordinates":[[[139.68143761900978,35.792424169850214],[139.68143550739524,35.79241236755584],[139.68144501101247,35.792397041217775],[139.6814544895987,35.79239196053973],[139.68150298502812,35.792409262886416],[139.68153432545193,35.79242045941725],[139.6815127969023,35.792460446951885],[139.6814585183405,35.79244103264302],[139.68144053534064,35.79243458507572],[139.6814446979827,35.79242666112172],[139.68143761900978,35.792424169850214]]]}},{"type":"Feature","properties":{"height":8.85,"gml_id":"bldg_cc1ebea0-6b15-4e34-8d3c-7140721e2d2e"},"geometry":{"type":"Polygon","coordinates":[[[139.68704420194013,35.7948121392932],[139.68702407226982,35.79481319642539],[139.6870142647978,35.79476295925221],[139.68703439772167,35.7947619309689],[139.68704420194013,35.7948121392932]]]}},{"type":"Feature","properties":{"height":4.11,"gml_id":"bldg_c65ae1a5-17ed-4770-b5ad-d69cfe81386c"},"geometry":{"type":"Polygon","coordinates":[[[139.68122891722007,35.79374223994493],[139.68115371924503,35.7937455230707],[139.68115212785042,35.793721411641776],[139.68122732690915,35.793718128518336],[139.68122891722007,35.79374223994493]]]}},{"type":"Feature","properties":{"height":17.59,"gml_id":"bldg_cb529d6d-5e0f-4126-8e7e-121074831302"},"geometry":{"type":"Polygon","coordinates":[[[139.68265872378956,35.79551312096175],[139.6828522003761,35.795505747720426],[139.68288270032164,35.7955045915943],[139.68309836969615,35.79549638222707],[139.68310382918028,35.7955912069488],[139.6828881595534,35.79559941452237],[139.68288759692436,35.795589755813836],[139.68285711352803,35.7955909191727],[139.6828574531103,35.79559682346421],[139.68274698217792,35.795601039600875],[139.6827476666795,35.7956129428333],[139.68266465198096,35.795616079204024],[139.68266361693168,35.7955982338085],[139.6826432917414,35.79559899431785],[139.68264223541934,35.795580699119974],[139.6826625639529,35.795579923291974],[139.68265872378956,35.79551312096175]]]}},{"type":"Feature","properties":{"height":27.52,"gml_id":"bldg_bcfad7f7-5d4e-4405-8e03-f02370715c72"},"geometry":{"type":"Polygon","coordinates":[[[139.68337124367736,35.79307375115829],[139.68342002708107,35.79307070412082],[139.6834929752712,35.79306619363549],[139.68353472056978,35.79350861127624],[139.6828695284675,35.79355020926298],[139.68282778794236,35.793107791404594],[139.68309155714746,35.79309127766968],[139.6830884882407,35.79305717561132],[139.68329191804173,35.7930450351096],[139.68329493728632,35.79307852958834],[139.68337124367736,35.79307375115829]]]}},{"type":"Feature","properties":{"height":7.71,"gml_id":"bldg_c55f627a-640e-47fd-83c3-b32ea2e72219"},"geometry":{"type":"Polygon","coordinates":[[[139.68466660318225,35.79322129885235],[139.68450449398065,35.79323064365066],[139.68448730501635,35.79303310955994],[139.68464941492317,35.79302376568629],[139.68466660318225,35.79322129885235]]]}},{"type":"Feature","properties":{"height":8.8,"gml_id":"bldg_c773a550-b406-447e-aa44-63ef1429efc4"},"geometry":{"type":"Polygon","coordinates":[[[139.6828646612152,35.79255344349899],[139.6828649265673,35.79255646426873],[139.6830829449302,35.79254093345163],[139.68309727283693,35.7926743310331],[139.68280743886092,35.792694498695106],[139.68280486853052,35.79267005165542],[139.68278136898866,35.79267138508203],[139.68277662247115,35.792616479462765],[139.68277164340802,35.79255876132677],[139.6828646612152,35.79255344349899]]]}},{"type":"Feature","properties":{"height":3.01,"gml_id":"bldg_c8880523-df9b-4e9d-94e1-5ec74ca335ee"},"geometry":{"type":"Polygon","coordinates":[[[139.6849160815112,35.79490181819831],[139.68484753646914,35.794904933376266],[139.6848444801363,35.7948588767321],[139.68491302514062,35.7948557606544],[139.6849160815112,35.79490181819831]]]}},{"type":"Feature","properties":{"height":9.64,"gml_id":"bldg_bf9df68a-e232-4f4b-9256-c704fbf88c6d"},"geometry":{"type":"Polygon","coordinates":[[[139.67821274343922,35.794524241912626],[139.67820696407145,35.79452985349596],[139.67819810976587,35.79453112560009],[139.67819032271385,35.79452746326739],[139.6781872428038,35.79452056033167],[139.67819031415007,35.79451365631932],[139.67819809995086,35.79450999334832],[139.6782069548418,35.794511264865285],[139.67821273890746,35.79451689677492],[139.67821274343922,35.794524241912626]]]}},{"type":"Feature","properties":{"height":1.14,"gml_id":"bldg_bf0dc3e1-aaef-4e67-88df-53cb30a7c5dd"},"geometry":{"type":"Polygon","coordinates":[[[139.68017314282616,35.792968760288055],[139.68017794168713,35.79292281987887],[139.68052078853643,35.79294660115253],[139.6805159898747,35.79299253977301],[139.68017314282616,35.792968760288055]]]}},{"type":"Feature","properties":{"height":8.14,"gml_id":"bldg_cf1db37f-b1f0-4537-9c55-64c383cabbe6"},"geometry":{"type":"Polygon","coordinates":[[[139.68590980584602,35.79421970810561],[139.68590111695318,35.79422015804392],[139.68589893202477,35.7941931607164],[139.68589691823198,35.79416814837988],[139.68599790013653,35.794162762183014],[139.6860020978186,35.794214770941025],[139.68599520687445,35.79421513926324],[139.68599672839946,35.794232349776635],[139.6859113697072,35.794237347716404],[139.68590980584602,35.79421970810561]]]}},{"type":"Feature","properties":{"height":9.02,"gml_id":"bldg_cb51510d-6b44-458a-a929-29916646dc47"},"geometry":{"type":"Polygon","coordinates":[[[139.68738772070753,35.795918786413814],[139.68739466525838,35.79599747761053],[139.68731616607857,35.79600205582527],[139.68730922271277,35.79592336372424],[139.68730803155256,35.79590984828193],[139.68737684244022,35.79590516457136],[139.68737830682002,35.79591931940443],[139.68738772070753,35.795918786413814]]]}},{"type":"Feature","properties":{"height":15.8,"gml_id":"bldg_c0b1f0f7-87cd-4907-9e75-f2c1f23842dc"},"geometry":{"type":"Polygon","coordinates":[[[139.67931474510016,35.794644071195655],[139.679419593944,35.79461957596228],[139.67942558159555,35.794873659926],[139.67937335689123,35.794882659783596],[139.67931474510016,35.794644071195655]]]}},{"type":"Feature","properties":{"height":9.04,"gml_id":"bldg_c11c78cf-5f3c-4fa3-8a9c-d216816c62af"},"geometry":{"type":"Polygon","coordinates":[[[139.68726760988747,35.79558506938685],[139.6872652760089,35.79555939058929],[139.68726307903782,35.79553507480474],[139.68727156128747,35.7955345650279],[139.6872694618908,35.79551133999991],[139.6873228792098,35.79550814828754],[139.68732498528976,35.79553135709836],[139.68734906882528,35.795529927049444],[139.68735359862546,35.79557991982445],[139.68726760988747,35.79558506938685]]]}},{"type":"Feature","properties":{"height":9.36,"gml_id":"bldg_f3e5ad0c-205d-4a9e-8066-cfa209e7e37a"},"geometry":{"type":"Polygon","coordinates":[[[139.68459987804906,35.79270867124835],[139.68459911063454,35.79270075550851],[139.6846717079764,35.7926961068675],[139.68467870148558,35.792768313077595],[139.68455028482762,35.792776548559324],[139.684544056632,35.79271225717821],[139.68459987804906,35.79270867124835]]]}},{"type":"Feature","properties":{"height":11.33,"gml_id":"bldg_b2b94983-2df2-40a1-8e1a-22b2da8f5cd3"},"geometry":{"type":"Polygon","coordinates":[[[139.68622347864311,35.794279835822884],[139.68613622773577,35.79428441878704],[139.68613043732898,35.794211749052565],[139.68621769036653,35.79420716789776],[139.68622347864311,35.794279835822884]]]}},{"type":"Feature","properties":{"height":6.44,"gml_id":"bldg_cdfa0be5-8b56-4001-9fa9-8462e3849573"},"geometry":{"type":"Polygon","coordinates":[[[139.68402993721503,35.794362362309464],[139.6840762084927,35.794360117698325],[139.684080192142,35.794449005147776],[139.6839837204677,35.79445370850383],[139.6839797369273,35.79436482015016],[139.68402993721503,35.794362362309464]]]}},{"type":"Feature","properties":{"height":5.55,"gml_id":"bldg_c6701683-91fd-401c-bb8a-a2ceecca00e5"},"geometry":{"type":"Polygon","coordinates":[[[139.6844130940966,35.793287517693734],[139.6844142646937,35.793287460555504],[139.68443392030656,35.79328651053365],[139.68443745096394,35.79333434345479],[139.68439532715496,35.7933363950455],[139.68439276113432,35.79330165999216],[139.6844140642517,35.79330061106262],[139.6844130940966,35.793287517693734]]]}},{"type":"Feature","properties":{"height":10.49,"gml_id":"bldg_c7c442e3-3e7b-4976-ba65-78a447892cc8"},"geometry":{"type":"Polygon","coordinates":[[[139.68136172448706,35.79455329195006],[139.68135289915253,35.794447579934996],[139.6813669157408,35.79444680445944],[139.6813866881119,35.79444571176858],[139.68139850392922,35.79444507321807],[139.68139994476778,35.794462306219714],[139.681422235437,35.79446107429116],[139.681431972217,35.79446055479346],[139.68143935796286,35.794549008565426],[139.68136172448706,35.79455329195006]]]}},{"type":"Feature","properties":{"height":8.38,"gml_id":"bldg_c0c4c031-43d5-4d9c-b8d0-0140b3d4357a"},"geometry":{"type":"Polygon","coordinates":[[[139.68406698889152,35.79413676968863],[139.68410087343685,35.794134561968775],[139.6841109381401,35.79423614081967],[139.68404317555775,35.79424057879727],[139.6840331120465,35.79413899994235],[139.68406698889152,35.79413676968863]]]}},{"type":"Feature","properties":{"height":3.57,"gml_id":"bldg_b2164dbc-22af-4990-95a2-109972b0818a"},"geometry":{"type":"Polygon","coordinates":[[[139.679798599146,35.79436764990385],[139.67970076799386,35.7944480311611],[139.6796851815625,35.794366591955814],[139.67979547884582,35.794354068827],[139.679798599146,35.79436764990385]]]}},{"type":"Feature","properties":{"height":6.17,"gml_id":"bldg_b7d66bf6-7d89-4230-8db7-eaa4a2ba6883"},"geometry":{"type":"Polygon","coordinates":[[[139.68253109924927,35.79283721986857],[139.68255950560035,35.79283576014474],[139.68256243094496,35.79287311502441],[139.68250493329361,35.79287609309689],[139.6825020057632,35.792838738213106],[139.68253109924927,35.79283721986857]]]}},{"type":"Feature","properties":{"height":10.77,"gml_id":"bldg_c7bb25e1-a382-4392-a34b-f6de9868a09b"},"geometry":{"type":"Polygon","coordinates":[[[139.68591411644377,35.79408357559778],[139.68591356104145,35.794077598038875],[139.68596024479592,35.79407473758334],[139.6859676615827,35.79415447233013],[139.6858732250998,35.794160278447706],[139.68586977641817,35.79412327994906],[139.6858663638073,35.79408652035312],[139.68591411644377,35.79408357559778]]]}},{"type":"Feature","properties":{"height":9.27,"gml_id":"bldg_bca5b6c5-9892-4395-b543-6f1ade59f889"},"geometry":{"type":"Polygon","coordinates":[[[139.67899928143405,35.79455600733703],[139.67913421684977,35.79452997449826],[139.679164661187,35.79463475895761],[139.67919310981844,35.79462952791907],[139.67924115560047,35.79479478871593],[139.6786069773865,35.79491147478744],[139.67856129021396,35.79474577421322],[139.67902938929265,35.79465963856662],[139.67899928143405,35.79455600733703]]]}},{"type":"Feature","properties":{"height":10.89,"gml_id":"bldg_b924637b-f438-4549-b102-b39477a1d61f"},"geometry":{"type":"Polygon","coordinates":[[[139.68280183383817,35.795748451665375],[139.68279165337356,35.795626328934596],[139.6828648298173,35.79562230675311],[139.68287464258648,35.795739997963274],[139.6828615784587,35.79574072072491],[139.68286194737303,35.79574515133975],[139.68280183383817,35.795748451665375]]]}},{"type":"Feature","properties":{"height":2.69,"gml_id":"bldg_e910e104-7cbc-4f4a-ba02-0b21330bae3e"},"geometry":{"type":"Polygon","coordinates":[[[139.67820455830767,35.79397177177338],[139.67820909202237,35.79392796191026],[139.67825769555856,35.79393130733534],[139.67825316186858,35.79397511810167],[139.67820455830767,35.79397177177338]]]}},{"type":"Feature","properties":{"height":7.58,"gml_id":"bldg_cb6246f0-b7ae-455d-9b2e-f0ef297ee1ee"},"geometry":{"type":"Polygon","coordinates":[[[139.6849921752256,35.7927920894523],[139.6850309169316,35.79278932952307],[139.68503427769977,35.792820411456674],[139.68503960872786,35.79281998538152],[139.6850477157687,35.79288492081746],[139.68491989424365,35.7928954910333],[139.68491107548027,35.792824855448416],[139.68499496383689,35.79281790857577],[139.6849921752256,35.7927920894523]]]}},{"type":"Feature","properties":{"height":10.8,"gml_id":"bldg_aadbe20b-0eb1-4cf9-9eef-dc41a75c5230"},"geometry":{"type":"Polygon","coordinates":[[[139.68465623795962,35.79359728676747],[139.6846097122756,35.79359915722606],[139.68460594768862,35.79353787311689],[139.68465247333864,35.7935360017583],[139.68465623795962,35.79359728676747]]]}},{"type":"Feature","properties":{"height":9.81,"gml_id":"bldg_c61c00a5-8c64-4f47-b82e-07d7f584bc4f"},"geometry":{"type":"Polygon","coordinates":[[[139.68336350186433,35.7941693606909],[139.6833596986472,35.79412913032574],[139.68341089150965,35.79412591233723],[139.68346470884637,35.79412256059232],[139.6834731876124,35.794212219818064],[139.68336817838698,35.794218797672066],[139.68336350186433,35.7941693606909]]]}},{"type":"Feature","properties":{"height":3.8,"gml_id":"bldg_c5dfd642-d6cc-4d79-8a4f-7ab52ee0e840"},"geometry":{"type":"Polygon","coordinates":[[[139.68081573453978,35.79452756012134],[139.68077299555904,35.794530416373114],[139.6807693494729,35.79449431703382],[139.68081208843444,35.794491460783284],[139.68081573453978,35.79452756012134]]]}},{"type":"Feature","properties":{"height":3.94,"gml_id":"bldg_c531d66c-93cc-400f-a028-220d39750819"},"geometry":{"type":"Polygon","coordinates":[[[139.67980619791533,35.794462319783165],[139.67981049798837,35.79445785906552],[139.6798435965458,35.79447904618009],[139.67983111646828,35.79449199261719],[139.67980588757158,35.794475843299274],[139.67977936124294,35.794503818094206],[139.67976442825585,35.79449441232449],[139.67979909054276,35.794457846302606],[139.67980619791533,35.794462319783165]]]}},{"type":"Feature","properties":{"height":7.81,"gml_id":"bldg_c16a7ded-d4a4-47d9-ae07-e9fffeeaa7e4"},"geometry":{"type":"Polygon","coordinates":[[[139.68241698010368,35.79246758730715],[139.682306760849,35.79247613166501],[139.68230101336525,35.79242829048343],[139.68241138949008,35.79241983105489],[139.68241698010368,35.79246758730715]]]}},{"type":"Feature","properties":{"height":9.02,"gml_id":"bldg_ca8b050e-4894-487c-ad6c-66cadee97678"},"geometry":{"type":"Polygon","coordinates":[[[139.68473000379984,35.791795469199215],[139.6848485850156,35.791754481486194],[139.68488447688222,35.7918234316321],[139.68476589336962,35.79186441937712],[139.68473000379984,35.791795469199215]]]}},{"type":"Feature","properties":{"height":19.11,"gml_id":"bldg_a697e86f-07cf-4d8a-a077-72f0cc3a7e5f"},"geometry":{"type":"Polygon","coordinates":[[[139.68428615863263,35.792416796572425],[139.6843400860146,35.792413121885005],[139.68445647369603,35.79240520523475],[139.6844906778077,35.79273727940541],[139.68432037417105,35.79274889153539],[139.68431878752878,35.79273358367484],[139.6843140172913,35.792687258977466],[139.68428908413398,35.79268910469389],[139.68428421139055,35.792646141017535],[139.68430958717386,35.79264423455858],[139.6842963446421,35.79251563547065],[139.68427313873607,35.79251735082569],[139.68426849891353,35.79247644793182],[139.68429212642118,35.792474674512206],[139.6842889610778,35.792443965057934],[139.68428615863263,35.792416796572425]]]}},{"type":"Feature","properties":{"height":7.09,"gml_id":"bldg_b663e6a9-8d29-4330-973d-fefe5db581ec"},"geometry":{"type":"Polygon","coordinates":[[[139.67851175356097,35.794676821775596],[139.6785131866553,35.79467320378421],[139.67851694811526,35.7946709768755],[139.67852159807285,35.794670977454416],[139.67852535974635,35.794673203233245],[139.6785267998248,35.794676821318575],[139.67852536673277,35.79468043840878],[139.6785216052726,35.794682665317744],[139.67851695531257,35.79468266564019],[139.67851319364064,35.79468043895973],[139.67851175356097,35.794676821775596]]]}},{"type":"Feature","properties":{"height":10.36,"gml_id":"bldg_ca636f55-fb67-4b34-ad1a-a926e6988312"},"geometry":{"type":"Polygon","coordinates":[[[139.68267888977508,35.795035803724936],[139.68295180321485,35.795024306082425],[139.68296841076116,35.79524442661912],[139.68265302121443,35.79526020117879],[139.68263970946342,35.7950809773475],[139.68265416193216,35.79508026536314],[139.68265139926007,35.79503696627515],[139.68267888977508,35.795035803724936]]]}},{"type":"Feature","properties":{"height":8.56,"gml_id":"bldg_d79aeeaf-ca39-4f4f-b118-5d93867a51c9"},"geometry":{"type":"Polygon","coordinates":[[[139.68458301665686,35.79330290322084],[139.68458136731195,35.793277279290564],[139.68458000095094,35.79325593714195],[139.6847695379493,35.79324789343708],[139.68477255376988,35.79329485770886],[139.68458301665686,35.79330290322084]]]}},{"type":"Feature","properties":{"height":7.92,"gml_id":"bldg_b68ef586-c149-47a1-8d2b-5f243763903f"},"geometry":{"type":"Polygon","coordinates":[[[139.68493110058168,35.79372885985353],[139.6850181633016,35.79372345098909],[139.68502001471717,35.793782703776245],[139.68490786003233,35.79378650069611],[139.6849051901925,35.79375927741189],[139.68493110058168,35.79372885985353]]]}},{"type":"Feature","properties":{"height":10.76,"gml_id":"bldg_c9e3d708-e290-4164-9dcb-274269b4da78"},"geometry":{"type":"Polygon","coordinates":[[[139.68011307877228,35.79432523404172],[139.68030172542316,35.79414031907911],[139.6803107469391,35.79414642821939],[139.68038300197423,35.79419536271469],[139.68038945678705,35.79419974789957],[139.68020080798357,35.79438466389671],[139.68018392285845,35.794373227646616],[139.68016561752145,35.79439102409469],[139.6801114569008,35.794354037440385],[139.68012956829693,35.79433641561599],[139.68011307877228,35.79432523404172]]]}},{"type":"Feature","properties":{"height":3.82,"gml_id":"bldg_fa4cd58c-80e6-4ce9-ae75-b4889f74a88f"},"geometry":{"type":"Polygon","coordinates":[[[139.67498452190262,35.79471722392165],[139.6749887507933,35.79469302093323],[139.6750172767972,35.79469633942346],[139.675013047915,35.794720542412904],[139.67498452190262,35.79471722392165]]]}},{"type":"Feature","properties":{"height":3.42,"gml_id":"bldg_f45527f0-d63f-44ec-83eb-0be5be998903"},"geometry":{"type":"Polygon","coordinates":[[[139.67821542513576,35.79348997518471],[139.67822731252357,35.79342853801141],[139.67826049399534,35.79343280725806],[139.6782486055261,35.79349424443321],[139.67821542513576,35.79348997518471]]]}},{"type":"Feature","properties":{"height":8.44,"gml_id":"bldg_eec59261-317c-43b7-82fa-5974fb195c57"},"geometry":{"type":"Polygon","coordinates":[[[139.68584383892556,35.794024206464464],[139.6860569650897,35.79401233367364],[139.68606002675685,35.79404866739583],[139.68604931965484,35.794049266300355],[139.68604993347364,35.79405656711781],[139.6858306253603,35.79406883972449],[139.6858278924072,35.79404146946358],[139.6858452993723,35.79404032446437],[139.68584383892556,35.794024206464464]]]}},{"type":"Feature","properties":{"height":18.5,"gml_id":"bldg_c423a31f-84df-4134-9a9c-bf82157740ff"},"geometry":{"type":"Polygon","coordinates":[[[139.6838663797224,35.7947845966093],[139.68386391277255,35.79475731677378],[139.68415250089114,35.79473752720879],[139.68416032736135,35.794823842447336],[139.68387151454291,35.7948411629431],[139.6838663797224,35.7947845966093]]]}},{"type":"Feature","properties":{"height":8.35,"gml_id":"bldg_d0deb3ea-d4e9-4eb4-a63c-7662e388594d"},"geometry":{"type":"Polygon","coordinates":[[[139.68293980710524,35.79486225471156],[139.68286520053255,35.79486468876768],[139.68286152233503,35.79479053880241],[139.68293612994316,35.794788105651115],[139.68293980710524,35.79486225471156]]]}},{"type":"Feature","properties":{"height":47.05,"gml_id":"bldg_a6b4eeee-b506-4c43-904f-b4101bf309d0"},"geometry":{"type":"Polygon","coordinates":[[[139.6801069797818,35.79239343362882],[139.6801227914086,35.792249804969885],[139.68075972271927,35.79229652171238],[139.68074391333505,35.79244015045814],[139.68071681359356,35.792438166436234],[139.68071453154738,35.79245885141937],[139.68069856527248,35.792457682827866],[139.6806605954562,35.79245483141211],[139.68066283866614,35.792434213982254],[139.6804976120364,35.79242211612341],[139.6804965694874,35.79243157090426],[139.6804109608593,35.792425224688884],[139.68041196234333,35.792415843767586],[139.68029059266686,35.7924069570331],[139.6802699847421,35.79263056216144],[139.68036181467576,35.79263617998579],[139.6803632648075,35.79262303197595],[139.6804440276307,35.792628986284384],[139.68044270555683,35.79264112944825],[139.68062398829463,35.79265221933016],[139.6806269087183,35.79262574936833],[139.680644424753,35.79262703260655],[139.68067341165062,35.79262916235602],[139.68069015884495,35.79263042117626],[139.68067832544992,35.79275896808816],[139.68064166199156,35.792756725837535],[139.68063489468565,35.79283015055905],[139.6803116832747,35.792810377684276],[139.68031065741002,35.79282150269317],[139.6801600534068,35.79281224782212],[139.68016131035657,35.79279832170051],[139.68005550059215,35.79279052445608],[139.68006462311016,35.792707651170716],[139.68009695063785,35.79271001876799],[139.6801259900251,35.79239490362422],[139.6801069797818,35.79239343362882]]]}},{"type":"Feature","properties":{"height":9.42,"gml_id":"bldg_c89e32dc-4ebb-4829-bfd2-fed1ad825692"},"geometry":{"type":"Polygon","coordinates":[[[139.68156938148624,35.793977256518545],[139.68161288792805,35.79397440545821],[139.68162264209104,35.79407238321578],[139.68153558810567,35.79407811592171],[139.6815258351535,35.79398013906016],[139.68156938148624,35.793977256518545]]]}},{"type":"Feature","properties":{"height":8.33,"gml_id":"bldg_cb0c1ca2-cecc-4f88-bdd6-6b572d8a917f"},"geometry":{"type":"Polygon","coordinates":[[[139.6869327568952,35.79588365648648],[139.6869702460161,35.79588178044099],[139.68697091055162,35.79589043694927],[139.68697675264247,35.79589015833144],[139.68698045074584,35.79593867188488],[139.6868381883955,35.79594583926406],[139.68683517421633,35.795906307627725],[139.68688314379423,35.795903885539076],[139.68688179989,35.79588622548231],[139.6869327568952,35.79588365648648]]]}},{"type":"Feature","properties":{"height":8.67,"gml_id":"bldg_a578882f-3390-4d0e-8f50-2604e936cabe"},"geometry":{"type":"Polygon","coordinates":[[[139.68311318282116,35.79562502660864],[139.68311066782064,35.79560106278189],[139.68310824749128,35.79557794003625],[139.68325899259983,35.79556747968941],[139.6832639269134,35.79561456535319],[139.68311318282116,35.79562502660864]]]}},{"type":"Feature","properties":{"height":5.53,"gml_id":"bldg_cf5150b4-b1b1-42fc-bceb-b1281a1e90ca"},"geometry":{"type":"Polygon","coordinates":[[[139.6833283651022,35.79456055491245],[139.68326235355704,35.79456498381764],[139.6832582856918,35.79452489463421],[139.6833242972057,35.7945204648298],[139.6833283651022,35.79456055491245]]]}},{"type":"Feature","properties":{"height":20.31,"gml_id":"bldg_c0364c1f-d0dd-43bb-aff8-835f413932eb"},"geometry":{"type":"Polygon","coordinates":[[[139.6801511106501,35.795568933420945],[139.6801309231473,35.795570001943915],[139.68013697631554,35.79564592526467],[139.680058567568,35.79565004547568],[139.68005454532184,35.795599687129176],[139.6800217271268,35.79518809171321],[139.68014751742498,35.79518148106841],[139.6801491143427,35.79520141834254],[139.68023694635673,35.79519681432583],[139.68023750508172,35.795203725716],[139.68031494824706,35.79519865863864],[139.68034043320748,35.79545595994155],[139.6802580470426,35.795461375875334],[139.68026206165396,35.795511740516105],[139.68029024328885,35.7955102873536],[139.68029533522358,35.79557407271708],[139.68015212849605,35.79558161496061],[139.6801511106501,35.795568933420945]]]}},{"type":"Feature","properties":{"height":15.79,"gml_id":"bldg_d6dc6f11-3cc6-40ba-968f-75a6c7b48d84"},"geometry":{"type":"Polygon","coordinates":[[[139.68079526976504,35.79394679548383],[139.68079444796464,35.79392990126668],[139.68079394979262,35.79391965043822],[139.6808204281721,35.793918796192656],[139.68082023550318,35.7939148308925],[139.68086330761497,35.793913473095834],[139.6808639839219,35.79392719526374],[139.68087424572855,35.79392689550584],[139.68087589603408,35.79396066682184],[139.68086320118752,35.79396107616394],[139.68086466383284,35.79399115259238],[139.68088133835028,35.79399064644299],[139.68088295463474,35.79402369663232],[139.6808230208329,35.7940256315491],[139.68082319330176,35.794029167779115],[139.6808004424154,35.79402986991829],[139.6807987314431,35.79399486186719],[139.68080252529418,35.79399473958902],[139.6808006815565,35.79395683982605],[139.68079577140105,35.79395697060291],[139.68079526976504,35.79394679548383]]]}},{"type":"Feature","properties":{"height":11.29,"gml_id":"bldg_c5e915fa-cf6e-4848-8e43-8c5ffc20c86a"},"geometry":{"type":"Polygon","coordinates":[[[139.68335778504687,35.79399470272146],[139.6835077421093,35.793989294063635],[139.68358590650035,35.793986493582004],[139.68359235371463,35.794087003473805],[139.68351325221923,35.79409036163126],[139.6835135612965,35.79409603694054],[139.68336359853103,35.79410143027516],[139.68335778504687,35.79399470272146]]]}},{"type":"Feature","properties":{"height":14.45,"gml_id":"bldg_ed4b988f-6799-444b-871e-891360fd0404"},"geometry":{"type":"Polygon","coordinates":[[[139.685150737778,35.79597481859716],[139.6851480718154,35.795902524044955],[139.68527093577833,35.79589511124399],[139.68527326882977,35.79596740989049],[139.685150737778,35.79597481859716]]]}},{"type":"Feature","properties":{"height":13.56,"gml_id":"bldg_c09ffcc5-9f63-40c4-82d1-1fb46dc1d0b7"},"geometry":{"type":"Polygon","coordinates":[[[139.68581794207327,35.79450713814667],[139.68593471981734,35.79450405000424],[139.6859368444039,35.79455654295126],[139.6858054521935,35.79456002418273],[139.68580332990095,35.794507533940376],[139.68581794207327,35.79450713814667]]]}},{"type":"Feature","properties":{"height":9.95,"gml_id":"bldg_cd9110a1-7523-47f2-a9bf-0a599ba0331f"},"geometry":{"type":"Polygon","coordinates":[[[139.68708591764286,35.796358998660764],[139.68708389144294,35.796341732570525],[139.6870783381187,35.79629429839112],[139.68715019330034,35.79628943013103],[139.68715973539116,35.79638262096433],[139.68708933281678,35.79638807597526],[139.68708591764286,35.796358998660764]]]}},{"type":"Feature","properties":{"height":9.15,"gml_id":"bldg_c43f7db7-8b1b-4b28-aaea-46002cd2a632"},"geometry":{"type":"Polygon","coordinates":[[[139.68736062362134,35.79558858585576],[139.68735645676068,35.79554763319834],[139.68735315848724,35.79551509663355],[139.68745110060595,35.79550851393901],[139.68745856582802,35.795582004056776],[139.68736062362134,35.79558858585576]]]}},{"type":"Feature","properties":{"height":6.84,"gml_id":"bldg_fd37a5d4-bab1-4375-aa15-174ff819e896"},"geometry":{"type":"Polygon","coordinates":[[[139.68619415405428,35.7961725148621],[139.68606118805062,35.79618025063494],[139.68605988441183,35.79616544791032],[139.6861928470702,35.796157713036145],[139.68619415405428,35.7961725148621]]]}},{"type":"Feature","properties":{"height":7.88,"gml_id":"bldg_b24f4acb-1d7f-44bb-8450-3c528eb3af68"},"geometry":{"type":"Polygon","coordinates":[[[139.68146693804297,35.794298944756804],[139.68146402237517,35.79427128303141],[139.68146101772058,35.79424271172737],[139.68150094961987,35.7942399219917],[139.6814998498937,35.79422946850371],[139.68154285445002,35.79422648523758],[139.68155141778422,35.79431126837724],[139.68147762561296,35.79431620566081],[139.68147581977064,35.794298337645586],[139.68146693804297,35.794298944756804]]]}},{"type":"Feature","properties":{"height":7.14,"gml_id":"bldg_f2a3e531-ae98-4f58-a339-207f9b4400dd"},"geometry":{"type":"Polygon","coordinates":[[[139.67749462986345,35.79568573688545],[139.6774926544664,35.79567298738277],[139.67753618172492,35.795668520798245],[139.67753818443575,35.795681450606345],[139.67761031501476,35.795674368369895],[139.67762372895152,35.79576485640338],[139.6774643119949,35.79578052809555],[139.67745750461768,35.79573462324816],[139.6774808118831,35.795731979145195],[139.67747327082841,35.79568785442202],[139.67749462986345,35.79568573688545]]]}},{"type":"Feature","properties":{"height":7.71,"gml_id":"bldg_c1646acb-0397-4744-816a-82632ef54ed8"},"geometry":{"type":"Polygon","coordinates":[[[139.6839985035147,35.792328538705],[139.6840443107547,35.79231409820569],[139.6840646871967,35.792357057705985],[139.684018878831,35.79237149731016],[139.6839985035147,35.792328538705]]]}},{"type":"Feature","properties":{"height":8.14,"gml_id":"bldg_c0022972-615a-4251-847a-72e17b53ec35"},"geometry":{"type":"Polygon","coordinates":[[[139.67994775977277,35.794476065826366],[139.679941315918,35.794471736515895],[139.67996430070392,35.79444898592116],[139.67998280472528,35.79446139863009],[139.68000131205582,35.79447381945255],[139.6800688622157,35.79451914812721],[139.680052829508,35.79453565491307],[139.68005642837164,35.794537992204425],[139.680020839033,35.794574568835685],[139.67991713550973,35.79450754529575],[139.67993492634565,35.79448924347144],[139.67994775977277,35.794476065826366]]]}},{"type":"Feature","properties":{"height":2.95,"gml_id":"bldg_aabac626-c983-442a-81ee-23436c69adf2"},"geometry":{"type":"Polygon","coordinates":[[[139.67534391298673,35.79468264033318],[139.67534885970505,35.794653446578145],[139.67538797014802,35.79465785330065],[139.67538302344195,35.79468704795867],[139.67534391298673,35.79468264033318]]]}},{"type":"Feature","properties":{"height":3.34,"gml_id":"bldg_c0b1f009-27d0-4eb2-b2ef-7eb5f2fa6490"},"geometry":{"type":"Polygon","coordinates":[[[139.676060469128,35.794079674504346],[139.67606520230748,35.79405875847063],[139.67609516622832,35.79406326927436],[139.67609043416633,35.794084183508],[139.676060469128,35.794079674504346]]]}},{"type":"Feature","properties":{"height":9.96,"gml_id":"bldg_c6f9ecd8-6130-47b3-824a-62a08cbdef3e"},"geometry":{"type":"Polygon","coordinates":[[[139.68683934559547,35.79567162995341],[139.68683675668285,35.79565176096335],[139.6868580054222,35.79564992194981],[139.68685529210515,35.795629113597954],[139.68687765291375,35.79562717227997],[139.6869027113886,35.79562502873455],[139.68690346754877,35.79563077578538],[139.68694217178538,35.79562744554196],[139.6869499594919,35.795687124639116],[139.68684258379983,35.795696397690435],[139.68683934559547,35.79567162995341]]]}},{"type":"Feature","properties":{"height":10.79,"gml_id":"bldg_c5b00977-836c-4421-b06f-c61db7587e24"},"geometry":{"type":"Polygon","coordinates":[[[139.68593810829367,35.793971618993496],[139.68593735179303,35.79396370598113],[139.6859914201785,35.79396028671253],[139.6859921822494,35.793968181704294],[139.68599963866032,35.79396773115052],[139.68600112910508,35.79398319750658],[139.68599428673633,35.793983632588485],[139.6859966040712,35.794007839485666],[139.68576543950132,35.79402250676391],[139.6857616329436,35.79398283350499],[139.68593810829367,35.793971618993496]]]}},{"type":"Feature","properties":{"height":8.13,"gml_id":"bldg_c308fe2b-c39b-4d45-a90b-4b29255e43ce"},"geometry":{"type":"Polygon","coordinates":[[[139.6838982448279,35.79300416293863],[139.68392090922714,35.7930033943065],[139.6839215867782,35.79301495591574],[139.68404926089292,35.793010025449796],[139.68405308235143,35.79307556043765],[139.68370174647782,35.79308762191621],[139.6836996819531,35.79301097630979],[139.68371420776919,35.79301047340273],[139.68376956935313,35.79300857822686],[139.6838982448279,35.79300416293863]]]}},{"type":"Feature","properties":{"height":10.67,"gml_id":"bldg_c6feb318-688d-41e2-b166-6b07a83c3933"},"geometry":{"type":"Polygon","coordinates":[[[139.67867082791585,35.79393523484684],[139.67848638728813,35.79391102595809],[139.67853262350167,35.793676965131276],[139.6786248402446,35.79368905650148],[139.67871706581394,35.793701174852956],[139.67871457418096,35.793713831164446],[139.67873633996172,35.79371676241216],[139.6786926719967,35.79393318622305],[139.67867178543398,35.79393038859741],[139.67867082791585,35.79393523484684]]]}},{"type":"Feature","properties":{"height":9.33,"gml_id":"bldg_cdc2e2c4-cfc1-4a94-acb0-adc98d5cfdfe"},"geometry":{"type":"Polygon","coordinates":[[[139.68605325272168,35.793095376276675],[139.68605087480864,35.79306263438084],[139.68612335739437,35.79305915558233],[139.68612821707444,35.7931259482643],[139.68605573443824,35.793129421657454],[139.68605325272168,35.793095376276675]]]}},{"type":"Feature","properties":{"height":14.32,"gml_id":"bldg_cf885360-45d2-4c82-9dbe-1f2bab928443"},"geometry":{"type":"Polygon","coordinates":[[[139.68497981905307,35.79303954548271],[139.68497636337446,35.793004178394334],[139.68508915793245,35.792997774580336],[139.6850879170231,35.79298327386855],[139.68523860693494,35.79297473985907],[139.68524055840163,35.79299744106266],[139.68518069680587,35.79300087899636],[139.68518876657697,35.79311278754137],[139.6851495340105,35.793114683419],[139.68514889154486,35.793106175647495],[139.68504756876595,35.79311112896477],[139.6850482057177,35.79311962140696],[139.68501811661304,35.79312107153079],[139.68501749179714,35.793112598933206],[139.68500654710212,35.7931131181329],[139.68500522887751,35.793099746721836],[139.6850039617709,35.79308684858467],[139.6849845745297,35.79308807845068],[139.68497981905307,35.79303954548271]]]}}]}